ISO-10303-21;
HEADER;
/* Generated by software containing ST-Developer
 * from STEP Tools, Inc. (www.steptools.com) 
 */

FILE_DESCRIPTION(
/* description */ (''),
/* implementation_level */ '2;1');

FILE_NAME(
/* name */ 'upper_joints.step',
/* time_stamp */ '2026-09-02T00:29:11+09:00',
/* author */ (''),
/* organization */ (''),
/* preprocessor_version */ 'ST-DEVELOPER v20.1',
/* originating_system */ 'Autodesk Translation Framework v15.8.0.0',
/* authorisation */ '');

FILE_SCHEMA (('AUTOMOTIVE_DESIGN { 1 0 10303 214 3 1 1 }'));
ENDSEC;

DATA;
#10=MECHANICAL_DESIGN_GEOMETRIC_PRESENTATION_REPRESENTATION('',(#59,#60,
#61,#62,#63,#64),#2992);
#11=ITEM_DEFINED_TRANSFORMATION($,$,#1798,#1960);
#12=ITEM_DEFINED_TRANSFORMATION($,$,#1827,#1961);
#13=ITEM_DEFINED_TRANSFORMATION($,$,#1852,#1962);
#14=ITEM_DEFINED_TRANSFORMATION($,$,#1881,#1963);
#15=ITEM_DEFINED_TRANSFORMATION($,$,#1906,#1964);
#16=ITEM_DEFINED_TRANSFORMATION($,$,#1935,#1965);
#17=(
REPRESENTATION_RELATIONSHIP($,$,#3018,#3017)
REPRESENTATION_RELATIONSHIP_WITH_TRANSFORMATION(#11)
SHAPE_REPRESENTATION_RELATIONSHIP()
);
#18=(
REPRESENTATION_RELATIONSHIP($,$,#3019,#3017)
REPRESENTATION_RELATIONSHIP_WITH_TRANSFORMATION(#12)
SHAPE_REPRESENTATION_RELATIONSHIP()
);
#19=(
REPRESENTATION_RELATIONSHIP($,$,#3020,#3017)
REPRESENTATION_RELATIONSHIP_WITH_TRANSFORMATION(#13)
SHAPE_REPRESENTATION_RELATIONSHIP()
);
#20=(
REPRESENTATION_RELATIONSHIP($,$,#3021,#3017)
REPRESENTATION_RELATIONSHIP_WITH_TRANSFORMATION(#14)
SHAPE_REPRESENTATION_RELATIONSHIP()
);
#21=(
REPRESENTATION_RELATIONSHIP($,$,#3022,#3017)
REPRESENTATION_RELATIONSHIP_WITH_TRANSFORMATION(#15)
SHAPE_REPRESENTATION_RELATIONSHIP()
);
#22=(
REPRESENTATION_RELATIONSHIP($,$,#3023,#3017)
REPRESENTATION_RELATIONSHIP_WITH_TRANSFORMATION(#16)
SHAPE_REPRESENTATION_RELATIONSHIP()
);
#23=CONTEXT_DEPENDENT_SHAPE_REPRESENTATION(#17,#3011);
#24=CONTEXT_DEPENDENT_SHAPE_REPRESENTATION(#18,#3012);
#25=CONTEXT_DEPENDENT_SHAPE_REPRESENTATION(#19,#3013);
#26=CONTEXT_DEPENDENT_SHAPE_REPRESENTATION(#20,#3014);
#27=CONTEXT_DEPENDENT_SHAPE_REPRESENTATION(#21,#3015);
#28=CONTEXT_DEPENDENT_SHAPE_REPRESENTATION(#22,#3016);
#29=NEXT_ASSEMBLY_USAGE_OCCURRENCE('A1_UPPER_ONE_PIECE_CLEVIS_A6061:1',
'A1_UPPER_ONE_PIECE_CLEVIS_A6061:1','A1_UPPER_ONE_PIECE_CLEVIS_A6061:1',
#3025,#3026,'A1_UPPER_ONE_PIECE_CLEVIS_A6061:1');
#30=NEXT_ASSEMBLY_USAGE_OCCURRENCE('A1_THK_PHS10_RH:1',
'A1_THK_PHS10_RH:1','A1_THK_PHS10_RH:1',#3025,#3027,'A1_THK_PHS10_RH:1');
#31=NEXT_ASSEMBLY_USAGE_OCCURRENCE('A2_UPPER_ONE_PIECE_CLEVIS_A6061:1',
'A2_UPPER_ONE_PIECE_CLEVIS_A6061:1','A2_UPPER_ONE_PIECE_CLEVIS_A6061:1',
#3025,#3028,'A2_UPPER_ONE_PIECE_CLEVIS_A6061:1');
#32=NEXT_ASSEMBLY_USAGE_OCCURRENCE('A2_THK_PHS10_RH:1',
'A2_THK_PHS10_RH:1','A2_THK_PHS10_RH:1',#3025,#3029,'A2_THK_PHS10_RH:1');
#33=NEXT_ASSEMBLY_USAGE_OCCURRENCE('A3_UPPER_ONE_PIECE_CLEVIS_A6061:1',
'A3_UPPER_ONE_PIECE_CLEVIS_A6061:1','A3_UPPER_ONE_PIECE_CLEVIS_A6061:1',
#3025,#3030,'A3_UPPER_ONE_PIECE_CLEVIS_A6061:1');
#34=NEXT_ASSEMBLY_USAGE_OCCURRENCE('A3_THK_PHS10_RH:1',
'A3_THK_PHS10_RH:1','A3_THK_PHS10_RH:1',#3025,#3031,'A3_THK_PHS10_RH:1');
#35=B_SPLINE_CURVE_WITH_KNOTS('',3,(#2581,#2582,#2583,#2584),
 .UNSPECIFIED.,.F.,.F.,(4,4),(3.4693805954399,3.49137635683317),
 .UNSPECIFIED.);
#36=B_SPLINE_CURVE_WITH_KNOTS('',3,(#2587,#2588,#2589,#2590),
 .UNSPECIFIED.,.F.,.F.,(4,4),(1.83388096022904,1.85587672162231),
 .UNSPECIFIED.);
#37=B_SPLINE_CURVE_WITH_KNOTS('',3,(#2592,#2593,#2594,#2595),
 .UNSPECIFIED.,.F.,.F.,(4,4),(0.80675193690879,0.828747698302065),
 .UNSPECIFIED.);
#38=B_SPLINE_CURVE_WITH_KNOTS('',3,(#2599,#2600,#2601,#2602),
 .UNSPECIFIED.,.F.,.F.,(4,4),(4.49650961876014,4.51850538015335),
 .UNSPECIFIED.);
#39=B_SPLINE_CURVE_WITH_KNOTS('',3,(#2755,#2756,#2757,#2758),
 .UNSPECIFIED.,.F.,.F.,(4,4),(1.83388096022904,1.85587672162234),
 .UNSPECIFIED.);
#40=B_SPLINE_CURVE_WITH_KNOTS('',3,(#2760,#2761,#2762,#2763),
 .UNSPECIFIED.,.F.,.F.,(4,4),(0.806751936908766,0.828747698302061),
 .UNSPECIFIED.);
#41=B_SPLINE_CURVE_WITH_KNOTS('',3,(#2767,#2768,#2769,#2770),
 .UNSPECIFIED.,.F.,.F.,(4,4),(-0.828747698302073,-0.806751936908771),
 .UNSPECIFIED.);
#42=B_SPLINE_CURVE_WITH_KNOTS('',3,(#2774,#2775,#2776,#2777),
 .UNSPECIFIED.,.F.,.F.,(4,4),(-1.85587672162234,-1.83388096022903),
 .UNSPECIFIED.);
#43=B_SPLINE_CURVE_WITH_KNOTS('',3,(#2926,#2927,#2928,#2929),
 .UNSPECIFIED.,.F.,.F.,(4,4),(4.49650961876014,4.51850538015343),
 .UNSPECIFIED.);
#44=B_SPLINE_CURVE_WITH_KNOTS('',3,(#2931,#2932,#2933,#2934),
 .UNSPECIFIED.,.F.,.F.,(4,4),(3.46938059543987,3.49137635683316),
 .UNSPECIFIED.);
#45=B_SPLINE_CURVE_WITH_KNOTS('',3,(#2938,#2939,#2940,#2941),
 .UNSPECIFIED.,.F.,.F.,(4,4),(1.83388096022903,1.85587672162233),
 .UNSPECIFIED.);
#46=B_SPLINE_CURVE_WITH_KNOTS('',3,(#2945,#2946,#2947,#2948),
 .UNSPECIFIED.,.F.,.F.,(4,4),(0.806751936908778,0.828747698302068),
 .UNSPECIFIED.);
#47=SHAPE_REPRESENTATION_RELATIONSHIP('SRR','None',#3018,#53);
#48=SHAPE_REPRESENTATION_RELATIONSHIP('SRR','None',#3019,#54);
#49=SHAPE_REPRESENTATION_RELATIONSHIP('SRR','None',#3020,#55);
#50=SHAPE_REPRESENTATION_RELATIONSHIP('SRR','None',#3021,#56);
#51=SHAPE_REPRESENTATION_RELATIONSHIP('SRR','None',#3022,#57);
#52=SHAPE_REPRESENTATION_RELATIONSHIP('SRR','None',#3023,#58);
#53=ADVANCED_BREP_SHAPE_REPRESENTATION('',(#65),#2986);
#54=ADVANCED_BREP_SHAPE_REPRESENTATION('',(#66),#2987);
#55=ADVANCED_BREP_SHAPE_REPRESENTATION('',(#67),#2988);
#56=ADVANCED_BREP_SHAPE_REPRESENTATION('',(#68),#2989);
#57=ADVANCED_BREP_SHAPE_REPRESENTATION('',(#69),#2990);
#58=ADVANCED_BREP_SHAPE_REPRESENTATION('',(#70),#2991);
#59=STYLED_ITEM('',(#3057),#65);
#60=STYLED_ITEM('',(#3058),#66);
#61=STYLED_ITEM('',(#3057),#67);
#62=STYLED_ITEM('',(#3058),#68);
#63=STYLED_ITEM('',(#3057),#69);
#64=STYLED_ITEM('',(#3058),#70);
#65=MANIFOLD_SOLID_BREP('A1_UPPER_ONE_PIECE_CLEVIS_A6061_BODY',#1724);
#66=MANIFOLD_SOLID_BREP('A1_THK_PHS10_RH_BODY',#1725);
#67=MANIFOLD_SOLID_BREP('A2_UPPER_ONE_PIECE_CLEVIS_A6061_BODY',#1726);
#68=MANIFOLD_SOLID_BREP('A2_THK_PHS10_RH_BODY',#1727);
#69=MANIFOLD_SOLID_BREP('A3_UPPER_ONE_PIECE_CLEVIS_A6061_BODY',#1728);
#70=MANIFOLD_SOLID_BREP('A3_THK_PHS10_RH_BODY',#1729);
#71=FACE_BOUND('',#282,.T.);
#72=FACE_BOUND('',#286,.T.);
#73=FACE_BOUND('',#289,.T.);
#74=FACE_BOUND('',#293,.T.);
#75=FACE_BOUND('',#297,.T.);
#76=FACE_BOUND('',#298,.T.);
#77=FACE_BOUND('',#300,.T.);
#78=FACE_BOUND('',#301,.T.);
#79=FACE_BOUND('',#302,.T.);
#80=FACE_BOUND('',#303,.T.);
#81=FACE_BOUND('',#311,.T.);
#82=FACE_BOUND('',#315,.T.);
#83=FACE_BOUND('',#321,.T.);
#84=FACE_BOUND('',#327,.T.);
#85=FACE_BOUND('',#331,.T.);
#86=FACE_BOUND('',#334,.T.);
#87=FACE_BOUND('',#338,.T.);
#88=FACE_BOUND('',#342,.T.);
#89=FACE_BOUND('',#343,.T.);
#90=FACE_BOUND('',#345,.T.);
#91=FACE_BOUND('',#346,.T.);
#92=FACE_BOUND('',#347,.T.);
#93=FACE_BOUND('',#348,.T.);
#94=FACE_BOUND('',#356,.T.);
#95=FACE_BOUND('',#360,.T.);
#96=FACE_BOUND('',#367,.T.);
#97=FACE_BOUND('',#372,.T.);
#98=FACE_BOUND('',#376,.T.);
#99=FACE_BOUND('',#379,.T.);
#100=FACE_BOUND('',#383,.T.);
#101=FACE_BOUND('',#387,.T.);
#102=FACE_BOUND('',#388,.T.);
#103=FACE_BOUND('',#390,.T.);
#104=FACE_BOUND('',#391,.T.);
#105=FACE_BOUND('',#392,.T.);
#106=FACE_BOUND('',#393,.T.);
#107=FACE_BOUND('',#401,.T.);
#108=FACE_BOUND('',#405,.T.);
#109=FACE_BOUND('',#412,.T.);
#110=PLANE('',#1805);
#111=PLANE('',#1806);
#112=PLANE('',#1807);
#113=PLANE('',#1808);
#114=PLANE('',#1809);
#115=PLANE('',#1810);
#116=PLANE('',#1811);
#117=PLANE('',#1812);
#118=PLANE('',#1813);
#119=PLANE('',#1814);
#120=PLANE('',#1821);
#121=PLANE('',#1822);
#122=PLANE('',#1823);
#123=PLANE('',#1824);
#124=PLANE('',#1825);
#125=PLANE('',#1826);
#126=PLANE('',#1831);
#127=PLANE('',#1832);
#128=PLANE('',#1839);
#129=PLANE('',#1847);
#130=PLANE('',#1848);
#131=PLANE('',#1849);
#132=PLANE('',#1850);
#133=PLANE('',#1851);
#134=PLANE('',#1859);
#135=PLANE('',#1860);
#136=PLANE('',#1861);
#137=PLANE('',#1862);
#138=PLANE('',#1863);
#139=PLANE('',#1864);
#140=PLANE('',#1865);
#141=PLANE('',#1866);
#142=PLANE('',#1867);
#143=PLANE('',#1868);
#144=PLANE('',#1875);
#145=PLANE('',#1876);
#146=PLANE('',#1877);
#147=PLANE('',#1878);
#148=PLANE('',#1879);
#149=PLANE('',#1880);
#150=PLANE('',#1885);
#151=PLANE('',#1886);
#152=PLANE('',#1893);
#153=PLANE('',#1894);
#154=PLANE('',#1896);
#155=PLANE('',#1899);
#156=PLANE('',#1901);
#157=PLANE('',#1905);
#158=PLANE('',#1913);
#159=PLANE('',#1914);
#160=PLANE('',#1915);
#161=PLANE('',#1916);
#162=PLANE('',#1917);
#163=PLANE('',#1918);
#164=PLANE('',#1919);
#165=PLANE('',#1920);
#166=PLANE('',#1921);
#167=PLANE('',#1922);
#168=PLANE('',#1929);
#169=PLANE('',#1930);
#170=PLANE('',#1931);
#171=PLANE('',#1932);
#172=PLANE('',#1933);
#173=PLANE('',#1934);
#174=PLANE('',#1939);
#175=PLANE('',#1940);
#176=PLANE('',#1947);
#177=PLANE('',#1948);
#178=PLANE('',#1950);
#179=PLANE('',#1953);
#180=PLANE('',#1955);
#181=PLANE('',#1959);
#182=FACE_OUTER_BOUND('',#278,.T.);
#183=FACE_OUTER_BOUND('',#279,.T.);
#184=FACE_OUTER_BOUND('',#280,.T.);
#185=FACE_OUTER_BOUND('',#281,.T.);
#186=FACE_OUTER_BOUND('',#283,.T.);
#187=FACE_OUTER_BOUND('',#284,.T.);
#188=FACE_OUTER_BOUND('',#285,.T.);
#189=FACE_OUTER_BOUND('',#287,.T.);
#190=FACE_OUTER_BOUND('',#288,.T.);
#191=FACE_OUTER_BOUND('',#290,.T.);
#192=FACE_OUTER_BOUND('',#291,.T.);
#193=FACE_OUTER_BOUND('',#292,.T.);
#194=FACE_OUTER_BOUND('',#294,.T.);
#195=FACE_OUTER_BOUND('',#295,.T.);
#196=FACE_OUTER_BOUND('',#296,.T.);
#197=FACE_OUTER_BOUND('',#299,.T.);
#198=FACE_OUTER_BOUND('',#304,.T.);
#199=FACE_OUTER_BOUND('',#305,.T.);
#200=FACE_OUTER_BOUND('',#306,.T.);
#201=FACE_OUTER_BOUND('',#307,.T.);
#202=FACE_OUTER_BOUND('',#308,.T.);
#203=FACE_OUTER_BOUND('',#309,.T.);
#204=FACE_OUTER_BOUND('',#310,.T.);
#205=FACE_OUTER_BOUND('',#312,.T.);
#206=FACE_OUTER_BOUND('',#313,.T.);
#207=FACE_OUTER_BOUND('',#314,.T.);
#208=FACE_OUTER_BOUND('',#316,.T.);
#209=FACE_OUTER_BOUND('',#317,.T.);
#210=FACE_OUTER_BOUND('',#318,.T.);
#211=FACE_OUTER_BOUND('',#319,.T.);
#212=FACE_OUTER_BOUND('',#320,.T.);
#213=FACE_OUTER_BOUND('',#322,.T.);
#214=FACE_OUTER_BOUND('',#323,.T.);
#215=FACE_OUTER_BOUND('',#324,.T.);
#216=FACE_OUTER_BOUND('',#325,.T.);
#217=FACE_OUTER_BOUND('',#326,.T.);
#218=FACE_OUTER_BOUND('',#328,.T.);
#219=FACE_OUTER_BOUND('',#329,.T.);
#220=FACE_OUTER_BOUND('',#330,.T.);
#221=FACE_OUTER_BOUND('',#332,.T.);
#222=FACE_OUTER_BOUND('',#333,.T.);
#223=FACE_OUTER_BOUND('',#335,.T.);
#224=FACE_OUTER_BOUND('',#336,.T.);
#225=FACE_OUTER_BOUND('',#337,.T.);
#226=FACE_OUTER_BOUND('',#339,.T.);
#227=FACE_OUTER_BOUND('',#340,.T.);
#228=FACE_OUTER_BOUND('',#341,.T.);
#229=FACE_OUTER_BOUND('',#344,.T.);
#230=FACE_OUTER_BOUND('',#349,.T.);
#231=FACE_OUTER_BOUND('',#350,.T.);
#232=FACE_OUTER_BOUND('',#351,.T.);
#233=FACE_OUTER_BOUND('',#352,.T.);
#234=FACE_OUTER_BOUND('',#353,.T.);
#235=FACE_OUTER_BOUND('',#354,.T.);
#236=FACE_OUTER_BOUND('',#355,.T.);
#237=FACE_OUTER_BOUND('',#357,.T.);
#238=FACE_OUTER_BOUND('',#358,.T.);
#239=FACE_OUTER_BOUND('',#359,.T.);
#240=FACE_OUTER_BOUND('',#361,.T.);
#241=FACE_OUTER_BOUND('',#362,.T.);
#242=FACE_OUTER_BOUND('',#363,.T.);
#243=FACE_OUTER_BOUND('',#364,.T.);
#244=FACE_OUTER_BOUND('',#365,.T.);
#245=FACE_OUTER_BOUND('',#366,.T.);
#246=FACE_OUTER_BOUND('',#368,.T.);
#247=FACE_OUTER_BOUND('',#369,.T.);
#248=FACE_OUTER_BOUND('',#370,.T.);
#249=FACE_OUTER_BOUND('',#371,.T.);
#250=FACE_OUTER_BOUND('',#373,.T.);
#251=FACE_OUTER_BOUND('',#374,.T.);
#252=FACE_OUTER_BOUND('',#375,.T.);
#253=FACE_OUTER_BOUND('',#377,.T.);
#254=FACE_OUTER_BOUND('',#378,.T.);
#255=FACE_OUTER_BOUND('',#380,.T.);
#256=FACE_OUTER_BOUND('',#381,.T.);
#257=FACE_OUTER_BOUND('',#382,.T.);
#258=FACE_OUTER_BOUND('',#384,.T.);
#259=FACE_OUTER_BOUND('',#385,.T.);
#260=FACE_OUTER_BOUND('',#386,.T.);
#261=FACE_OUTER_BOUND('',#389,.T.);
#262=FACE_OUTER_BOUND('',#394,.T.);
#263=FACE_OUTER_BOUND('',#395,.T.);
#264=FACE_OUTER_BOUND('',#396,.T.);
#265=FACE_OUTER_BOUND('',#397,.T.);
#266=FACE_OUTER_BOUND('',#398,.T.);
#267=FACE_OUTER_BOUND('',#399,.T.);
#268=FACE_OUTER_BOUND('',#400,.T.);
#269=FACE_OUTER_BOUND('',#402,.T.);
#270=FACE_OUTER_BOUND('',#403,.T.);
#271=FACE_OUTER_BOUND('',#404,.T.);
#272=FACE_OUTER_BOUND('',#406,.T.);
#273=FACE_OUTER_BOUND('',#407,.T.);
#274=FACE_OUTER_BOUND('',#408,.T.);
#275=FACE_OUTER_BOUND('',#409,.T.);
#276=FACE_OUTER_BOUND('',#410,.T.);
#277=FACE_OUTER_BOUND('',#411,.T.);
#278=EDGE_LOOP('',(#1154,#1155,#1156,#1157));
#279=EDGE_LOOP('',(#1158,#1159,#1160,#1161));
#280=EDGE_LOOP('',(#1162,#1163,#1164,#1165));
#281=EDGE_LOOP('',(#1166,#1167,#1168,#1169));
#282=EDGE_LOOP('',(#1170));
#283=EDGE_LOOP('',(#1171,#1172,#1173,#1174));
#284=EDGE_LOOP('',(#1175,#1176,#1177,#1178));
#285=EDGE_LOOP('',(#1179,#1180,#1181,#1182));
#286=EDGE_LOOP('',(#1183));
#287=EDGE_LOOP('',(#1184,#1185,#1186,#1187));
#288=EDGE_LOOP('',(#1188,#1189,#1190,#1191));
#289=EDGE_LOOP('',(#1192));
#290=EDGE_LOOP('',(#1193,#1194,#1195,#1196));
#291=EDGE_LOOP('',(#1197,#1198,#1199,#1200));
#292=EDGE_LOOP('',(#1201,#1202,#1203,#1204));
#293=EDGE_LOOP('',(#1205));
#294=EDGE_LOOP('',(#1206,#1207,#1208,#1209));
#295=EDGE_LOOP('',(#1210,#1211,#1212,#1213));
#296=EDGE_LOOP('',(#1214,#1215,#1216,#1217));
#297=EDGE_LOOP('',(#1218));
#298=EDGE_LOOP('',(#1219));
#299=EDGE_LOOP('',(#1220,#1221,#1222,#1223));
#300=EDGE_LOOP('',(#1224,#1225,#1226,#1227));
#301=EDGE_LOOP('',(#1228,#1229,#1230,#1231));
#302=EDGE_LOOP('',(#1232));
#303=EDGE_LOOP('',(#1233));
#304=EDGE_LOOP('',(#1234,#1235,#1236,#1237));
#305=EDGE_LOOP('',(#1238,#1239,#1240,#1241));
#306=EDGE_LOOP('',(#1242,#1243,#1244,#1245));
#307=EDGE_LOOP('',(#1246,#1247,#1248,#1249));
#308=EDGE_LOOP('',(#1250,#1251,#1252,#1253));
#309=EDGE_LOOP('',(#1254));
#310=EDGE_LOOP('',(#1255,#1256,#1257,#1258));
#311=EDGE_LOOP('',(#1259));
#312=EDGE_LOOP('',(#1260,#1261,#1262,#1263,#1264,#1265,#1266,#1267));
#313=EDGE_LOOP('',(#1268,#1269,#1270,#1271));
#314=EDGE_LOOP('',(#1272,#1273,#1274,#1275));
#315=EDGE_LOOP('',(#1276));
#316=EDGE_LOOP('',(#1277,#1278,#1279,#1280,#1281,#1282,#1283,#1284,#1285,
#1286,#1287,#1288,#1289,#1290,#1291,#1292));
#317=EDGE_LOOP('',(#1293,#1294));
#318=EDGE_LOOP('',(#1295,#1296,#1297));
#319=EDGE_LOOP('',(#1298,#1299));
#320=EDGE_LOOP('',(#1300));
#321=EDGE_LOOP('',(#1301));
#322=EDGE_LOOP('',(#1302,#1303));
#323=EDGE_LOOP('',(#1304,#1305,#1306,#1307));
#324=EDGE_LOOP('',(#1308,#1309,#1310,#1311));
#325=EDGE_LOOP('',(#1312,#1313,#1314,#1315));
#326=EDGE_LOOP('',(#1316,#1317,#1318,#1319));
#327=EDGE_LOOP('',(#1320));
#328=EDGE_LOOP('',(#1321,#1322,#1323,#1324));
#329=EDGE_LOOP('',(#1325,#1326,#1327,#1328));
#330=EDGE_LOOP('',(#1329,#1330,#1331,#1332));
#331=EDGE_LOOP('',(#1333));
#332=EDGE_LOOP('',(#1334,#1335,#1336,#1337));
#333=EDGE_LOOP('',(#1338,#1339,#1340,#1341));
#334=EDGE_LOOP('',(#1342));
#335=EDGE_LOOP('',(#1343,#1344,#1345,#1346));
#336=EDGE_LOOP('',(#1347,#1348,#1349,#1350));
#337=EDGE_LOOP('',(#1351,#1352,#1353,#1354));
#338=EDGE_LOOP('',(#1355));
#339=EDGE_LOOP('',(#1356,#1357,#1358,#1359));
#340=EDGE_LOOP('',(#1360,#1361,#1362,#1363));
#341=EDGE_LOOP('',(#1364,#1365,#1366,#1367));
#342=EDGE_LOOP('',(#1368));
#343=EDGE_LOOP('',(#1369));
#344=EDGE_LOOP('',(#1370,#1371,#1372,#1373));
#345=EDGE_LOOP('',(#1374,#1375,#1376,#1377));
#346=EDGE_LOOP('',(#1378,#1379,#1380,#1381));
#347=EDGE_LOOP('',(#1382));
#348=EDGE_LOOP('',(#1383));
#349=EDGE_LOOP('',(#1384,#1385,#1386,#1387));
#350=EDGE_LOOP('',(#1388,#1389,#1390,#1391));
#351=EDGE_LOOP('',(#1392,#1393,#1394,#1395));
#352=EDGE_LOOP('',(#1396,#1397,#1398,#1399));
#353=EDGE_LOOP('',(#1400,#1401,#1402,#1403));
#354=EDGE_LOOP('',(#1404));
#355=EDGE_LOOP('',(#1405,#1406,#1407,#1408));
#356=EDGE_LOOP('',(#1409));
#357=EDGE_LOOP('',(#1410,#1411,#1412,#1413));
#358=EDGE_LOOP('',(#1414,#1415,#1416,#1417,#1418,#1419,#1420,#1421));
#359=EDGE_LOOP('',(#1422,#1423,#1424,#1425));
#360=EDGE_LOOP('',(#1426));
#361=EDGE_LOOP('',(#1427,#1428));
#362=EDGE_LOOP('',(#1429,#1430,#1431));
#363=EDGE_LOOP('',(#1432,#1433));
#364=EDGE_LOOP('',(#1434,#1435));
#365=EDGE_LOOP('',(#1436,#1437,#1438,#1439,#1440,#1441,#1442,#1443,#1444,
#1445,#1446,#1447,#1448,#1449,#1450,#1451));
#366=EDGE_LOOP('',(#1452));
#367=EDGE_LOOP('',(#1453));
#368=EDGE_LOOP('',(#1454,#1455,#1456,#1457));
#369=EDGE_LOOP('',(#1458,#1459,#1460,#1461));
#370=EDGE_LOOP('',(#1462,#1463,#1464,#1465));
#371=EDGE_LOOP('',(#1466,#1467,#1468,#1469));
#372=EDGE_LOOP('',(#1470));
#373=EDGE_LOOP('',(#1471,#1472,#1473,#1474));
#374=EDGE_LOOP('',(#1475,#1476,#1477,#1478));
#375=EDGE_LOOP('',(#1479,#1480,#1481,#1482));
#376=EDGE_LOOP('',(#1483));
#377=EDGE_LOOP('',(#1484,#1485,#1486,#1487));
#378=EDGE_LOOP('',(#1488,#1489,#1490,#1491));
#379=EDGE_LOOP('',(#1492));
#380=EDGE_LOOP('',(#1493,#1494,#1495,#1496));
#381=EDGE_LOOP('',(#1497,#1498,#1499,#1500));
#382=EDGE_LOOP('',(#1501,#1502,#1503,#1504));
#383=EDGE_LOOP('',(#1505));
#384=EDGE_LOOP('',(#1506,#1507,#1508,#1509));
#385=EDGE_LOOP('',(#1510,#1511,#1512,#1513));
#386=EDGE_LOOP('',(#1514,#1515,#1516,#1517));
#387=EDGE_LOOP('',(#1518));
#388=EDGE_LOOP('',(#1519));
#389=EDGE_LOOP('',(#1520,#1521,#1522,#1523));
#390=EDGE_LOOP('',(#1524,#1525,#1526,#1527));
#391=EDGE_LOOP('',(#1528,#1529,#1530,#1531));
#392=EDGE_LOOP('',(#1532));
#393=EDGE_LOOP('',(#1533));
#394=EDGE_LOOP('',(#1534,#1535,#1536,#1537));
#395=EDGE_LOOP('',(#1538,#1539,#1540,#1541));
#396=EDGE_LOOP('',(#1542,#1543,#1544,#1545));
#397=EDGE_LOOP('',(#1546,#1547,#1548,#1549));
#398=EDGE_LOOP('',(#1550,#1551,#1552,#1553));
#399=EDGE_LOOP('',(#1554));
#400=EDGE_LOOP('',(#1555,#1556,#1557,#1558));
#401=EDGE_LOOP('',(#1559));
#402=EDGE_LOOP('',(#1560,#1561,#1562,#1563));
#403=EDGE_LOOP('',(#1564,#1565,#1566,#1567,#1568,#1569,#1570,#1571));
#404=EDGE_LOOP('',(#1572,#1573,#1574,#1575));
#405=EDGE_LOOP('',(#1576));
#406=EDGE_LOOP('',(#1577,#1578));
#407=EDGE_LOOP('',(#1579,#1580,#1581));
#408=EDGE_LOOP('',(#1582,#1583));
#409=EDGE_LOOP('',(#1584,#1585));
#410=EDGE_LOOP('',(#1586,#1587,#1588,#1589,#1590,#1591,#1592,#1593,#1594,
#1595,#1596,#1597,#1598,#1599,#1600,#1601));
#411=EDGE_LOOP('',(#1602));
#412=EDGE_LOOP('',(#1603));
#413=LINE('',#2463,#566);
#414=LINE('',#2469,#567);
#415=LINE('',#2474,#568);
#416=LINE('',#2476,#569);
#417=LINE('',#2478,#570);
#418=LINE('',#2479,#571);
#419=LINE('',#2482,#572);
#420=LINE('',#2484,#573);
#421=LINE('',#2485,#574);
#422=LINE('',#2488,#575);
#423=LINE('',#2489,#576);
#424=LINE('',#2492,#577);
#425=LINE('',#2493,#578);
#426=LINE('',#2495,#579);
#427=LINE('',#2499,#580);
#428=LINE('',#2501,#581);
#429=LINE('',#2503,#582);
#430=LINE('',#2504,#583);
#431=LINE('',#2507,#584);
#432=LINE('',#2509,#585);
#433=LINE('',#2510,#586);
#434=LINE('',#2513,#587);
#435=LINE('',#2514,#588);
#436=LINE('',#2517,#589);
#437=LINE('',#2518,#590);
#438=LINE('',#2520,#591);
#439=LINE('',#2525,#592);
#440=LINE('',#2531,#593);
#441=LINE('',#2536,#594);
#442=LINE('',#2538,#595);
#443=LINE('',#2540,#596);
#444=LINE('',#2541,#597);
#445=LINE('',#2545,#598);
#446=LINE('',#2547,#599);
#447=LINE('',#2549,#600);
#448=LINE('',#2550,#601);
#449=LINE('',#2552,#602);
#450=LINE('',#2553,#603);
#451=LINE('',#2555,#604);
#452=LINE('',#2557,#605);
#453=LINE('',#2564,#606);
#454=LINE('',#2570,#607);
#455=LINE('',#2572,#608);
#456=LINE('',#2574,#609);
#457=LINE('',#2586,#610);
#458=LINE('',#2597,#611);
#459=LINE('',#2606,#612);
#460=LINE('',#2610,#613);
#461=LINE('',#2612,#614);
#462=LINE('',#2613,#615);
#463=LINE('',#2618,#616);
#464=LINE('',#2634,#617);
#465=LINE('',#2640,#618);
#466=LINE('',#2645,#619);
#467=LINE('',#2647,#620);
#468=LINE('',#2649,#621);
#469=LINE('',#2650,#622);
#470=LINE('',#2653,#623);
#471=LINE('',#2655,#624);
#472=LINE('',#2656,#625);
#473=LINE('',#2659,#626);
#474=LINE('',#2660,#627);
#475=LINE('',#2663,#628);
#476=LINE('',#2664,#629);
#477=LINE('',#2666,#630);
#478=LINE('',#2670,#631);
#479=LINE('',#2672,#632);
#480=LINE('',#2674,#633);
#481=LINE('',#2675,#634);
#482=LINE('',#2678,#635);
#483=LINE('',#2680,#636);
#484=LINE('',#2681,#637);
#485=LINE('',#2684,#638);
#486=LINE('',#2685,#639);
#487=LINE('',#2688,#640);
#488=LINE('',#2689,#641);
#489=LINE('',#2691,#642);
#490=LINE('',#2696,#643);
#491=LINE('',#2702,#644);
#492=LINE('',#2707,#645);
#493=LINE('',#2709,#646);
#494=LINE('',#2711,#647);
#495=LINE('',#2712,#648);
#496=LINE('',#2716,#649);
#497=LINE('',#2718,#650);
#498=LINE('',#2720,#651);
#499=LINE('',#2721,#652);
#500=LINE('',#2723,#653);
#501=LINE('',#2724,#654);
#502=LINE('',#2726,#655);
#503=LINE('',#2728,#656);
#504=LINE('',#2735,#657);
#505=LINE('',#2741,#658);
#506=LINE('',#2743,#659);
#507=LINE('',#2745,#660);
#508=LINE('',#2751,#661);
#509=LINE('',#2765,#662);
#510=LINE('',#2778,#663);
#511=LINE('',#2781,#664);
#512=LINE('',#2783,#665);
#513=LINE('',#2784,#666);
#514=LINE('',#2797,#667);
#515=LINE('',#2805,#668);
#516=LINE('',#2811,#669);
#517=LINE('',#2816,#670);
#518=LINE('',#2818,#671);
#519=LINE('',#2820,#672);
#520=LINE('',#2821,#673);
#521=LINE('',#2824,#674);
#522=LINE('',#2826,#675);
#523=LINE('',#2827,#676);
#524=LINE('',#2830,#677);
#525=LINE('',#2831,#678);
#526=LINE('',#2834,#679);
#527=LINE('',#2835,#680);
#528=LINE('',#2837,#681);
#529=LINE('',#2841,#682);
#530=LINE('',#2843,#683);
#531=LINE('',#2845,#684);
#532=LINE('',#2846,#685);
#533=LINE('',#2849,#686);
#534=LINE('',#2851,#687);
#535=LINE('',#2852,#688);
#536=LINE('',#2855,#689);
#537=LINE('',#2856,#690);
#538=LINE('',#2859,#691);
#539=LINE('',#2860,#692);
#540=LINE('',#2862,#693);
#541=LINE('',#2867,#694);
#542=LINE('',#2873,#695);
#543=LINE('',#2878,#696);
#544=LINE('',#2880,#697);
#545=LINE('',#2882,#698);
#546=LINE('',#2883,#699);
#547=LINE('',#2887,#700);
#548=LINE('',#2889,#701);
#549=LINE('',#2891,#702);
#550=LINE('',#2892,#703);
#551=LINE('',#2894,#704);
#552=LINE('',#2895,#705);
#553=LINE('',#2897,#706);
#554=LINE('',#2899,#707);
#555=LINE('',#2906,#708);
#556=LINE('',#2912,#709);
#557=LINE('',#2914,#710);
#558=LINE('',#2916,#711);
#559=LINE('',#2923,#712);
#560=LINE('',#2936,#713);
#561=LINE('',#2949,#714);
#562=LINE('',#2952,#715);
#563=LINE('',#2954,#716);
#564=LINE('',#2955,#717);
#565=LINE('',#2968,#718);
#566=VECTOR('',#1974,5.1);
#567=VECTOR('',#1981,5.1);
#568=VECTOR('',#1986,10.);
#569=VECTOR('',#1987,10.);
#570=VECTOR('',#1988,10.);
#571=VECTOR('',#1989,10.);
#572=VECTOR('',#1992,10.);
#573=VECTOR('',#1993,10.);
#574=VECTOR('',#1994,10.);
#575=VECTOR('',#1997,10.);
#576=VECTOR('',#1998,10.);
#577=VECTOR('',#2001,10.);
#578=VECTOR('',#2002,10.);
#579=VECTOR('',#2005,10.);
#580=VECTOR('',#2008,10.);
#581=VECTOR('',#2009,10.);
#582=VECTOR('',#2010,10.);
#583=VECTOR('',#2011,10.);
#584=VECTOR('',#2014,10.);
#585=VECTOR('',#2015,10.);
#586=VECTOR('',#2016,10.);
#587=VECTOR('',#2019,10.);
#588=VECTOR('',#2020,10.);
#589=VECTOR('',#2023,10.);
#590=VECTOR('',#2024,10.);
#591=VECTOR('',#2027,10.);
#592=VECTOR('',#2032,3.3);
#593=VECTOR('',#2039,3.3);
#594=VECTOR('',#2044,10.);
#595=VECTOR('',#2045,10.);
#596=VECTOR('',#2046,10.);
#597=VECTOR('',#2047,10.);
#598=VECTOR('',#2050,10.);
#599=VECTOR('',#2051,10.);
#600=VECTOR('',#2052,10.);
#601=VECTOR('',#2053,10.);
#602=VECTOR('',#2056,10.);
#603=VECTOR('',#2057,10.);
#604=VECTOR('',#2060,10.);
#605=VECTOR('',#2063,10.);
#606=VECTOR('',#2072,5.1);
#607=VECTOR('',#2079,10.);
#608=VECTOR('',#2080,10.);
#609=VECTOR('',#2081,10.);
#610=VECTOR('',#2088,10.);
#611=VECTOR('',#2089,10.);
#612=VECTOR('',#2094,5.);
#613=VECTOR('',#2099,10.);
#614=VECTOR('',#2100,10.);
#615=VECTOR('',#2101,10.);
#616=VECTOR('',#2106,8.5);
#617=VECTOR('',#2133,5.1);
#618=VECTOR('',#2140,5.1);
#619=VECTOR('',#2145,10.);
#620=VECTOR('',#2146,10.);
#621=VECTOR('',#2147,10.);
#622=VECTOR('',#2148,10.);
#623=VECTOR('',#2151,10.);
#624=VECTOR('',#2152,10.);
#625=VECTOR('',#2153,10.);
#626=VECTOR('',#2156,10.);
#627=VECTOR('',#2157,10.);
#628=VECTOR('',#2160,10.);
#629=VECTOR('',#2161,10.);
#630=VECTOR('',#2164,10.);
#631=VECTOR('',#2167,10.);
#632=VECTOR('',#2168,10.);
#633=VECTOR('',#2169,10.);
#634=VECTOR('',#2170,10.);
#635=VECTOR('',#2173,10.);
#636=VECTOR('',#2174,10.);
#637=VECTOR('',#2175,10.);
#638=VECTOR('',#2178,10.);
#639=VECTOR('',#2179,10.);
#640=VECTOR('',#2182,10.);
#641=VECTOR('',#2183,10.);
#642=VECTOR('',#2186,10.);
#643=VECTOR('',#2191,3.3);
#644=VECTOR('',#2198,3.3);
#645=VECTOR('',#2203,10.);
#646=VECTOR('',#2204,10.);
#647=VECTOR('',#2205,10.);
#648=VECTOR('',#2206,10.);
#649=VECTOR('',#2209,10.);
#650=VECTOR('',#2210,10.);
#651=VECTOR('',#2211,10.);
#652=VECTOR('',#2212,10.);
#653=VECTOR('',#2215,10.);
#654=VECTOR('',#2216,10.);
#655=VECTOR('',#2219,10.);
#656=VECTOR('',#2222,10.);
#657=VECTOR('',#2231,5.1);
#658=VECTOR('',#2238,10.);
#659=VECTOR('',#2239,10.);
#660=VECTOR('',#2240,10.);
#661=VECTOR('',#2247,5.);
#662=VECTOR('',#2252,10.);
#663=VECTOR('',#2255,10.);
#664=VECTOR('',#2258,10.);
#665=VECTOR('',#2259,10.);
#666=VECTOR('',#2260,10.);
#667=VECTOR('',#2281,8.5);
#668=VECTOR('',#2292,5.1);
#669=VECTOR('',#2299,5.1);
#670=VECTOR('',#2304,10.);
#671=VECTOR('',#2305,10.);
#672=VECTOR('',#2306,10.);
#673=VECTOR('',#2307,10.);
#674=VECTOR('',#2310,10.);
#675=VECTOR('',#2311,10.);
#676=VECTOR('',#2312,10.);
#677=VECTOR('',#2315,10.);
#678=VECTOR('',#2316,10.);
#679=VECTOR('',#2319,10.);
#680=VECTOR('',#2320,10.);
#681=VECTOR('',#2323,10.);
#682=VECTOR('',#2326,10.);
#683=VECTOR('',#2327,10.);
#684=VECTOR('',#2328,10.);
#685=VECTOR('',#2329,10.);
#686=VECTOR('',#2332,10.);
#687=VECTOR('',#2333,10.);
#688=VECTOR('',#2334,10.);
#689=VECTOR('',#2337,10.);
#690=VECTOR('',#2338,10.);
#691=VECTOR('',#2341,10.);
#692=VECTOR('',#2342,10.);
#693=VECTOR('',#2345,10.);
#694=VECTOR('',#2350,3.3);
#695=VECTOR('',#2357,3.3);
#696=VECTOR('',#2362,10.);
#697=VECTOR('',#2363,10.);
#698=VECTOR('',#2364,10.);
#699=VECTOR('',#2365,10.);
#700=VECTOR('',#2368,10.);
#701=VECTOR('',#2369,10.);
#702=VECTOR('',#2370,10.);
#703=VECTOR('',#2371,10.);
#704=VECTOR('',#2374,10.);
#705=VECTOR('',#2375,10.);
#706=VECTOR('',#2378,10.);
#707=VECTOR('',#2381,10.);
#708=VECTOR('',#2390,5.1);
#709=VECTOR('',#2397,10.);
#710=VECTOR('',#2398,10.);
#711=VECTOR('',#2399,10.);
#712=VECTOR('',#2408,5.);
#713=VECTOR('',#2411,10.);
#714=VECTOR('',#2414,10.);
#715=VECTOR('',#2417,10.);
#716=VECTOR('',#2418,10.);
#717=VECTOR('',#2419,10.);
#718=VECTOR('',#2440,8.5);
#719=CIRCLE('',#1800,5.1);
#720=CIRCLE('',#1801,5.1);
#721=CIRCLE('',#1803,5.1);
#722=CIRCLE('',#1804,5.1);
#723=CIRCLE('',#1816,3.3);
#724=CIRCLE('',#1817,3.3);
#725=CIRCLE('',#1819,3.3);
#726=CIRCLE('',#1820,3.3);
#727=CIRCLE('',#1829,5.1);
#728=CIRCLE('',#1830,5.1);
#729=CIRCLE('',#1833,13.);
#730=CIRCLE('',#1834,5.);
#731=CIRCLE('',#1836,13.);
#732=CIRCLE('',#1838,5.);
#733=CIRCLE('',#1841,8.5);
#734=CIRCLE('',#1842,8.5);
#735=CIRCLE('',#1843,8.5);
#736=CIRCLE('',#1844,8.5);
#737=CIRCLE('',#1845,8.5);
#738=CIRCLE('',#1846,8.5);
#739=CIRCLE('',#1854,5.1);
#740=CIRCLE('',#1855,5.1);
#741=CIRCLE('',#1857,5.1);
#742=CIRCLE('',#1858,5.1);
#743=CIRCLE('',#1870,3.3);
#744=CIRCLE('',#1871,3.3);
#745=CIRCLE('',#1873,3.3);
#746=CIRCLE('',#1874,3.3);
#747=CIRCLE('',#1883,5.1);
#748=CIRCLE('',#1884,5.1);
#749=CIRCLE('',#1887,13.);
#750=CIRCLE('',#1888,5.);
#751=CIRCLE('',#1890,5.);
#752=CIRCLE('',#1892,13.);
#753=CIRCLE('',#1895,8.5);
#754=CIRCLE('',#1897,8.5);
#755=CIRCLE('',#1898,8.5);
#756=CIRCLE('',#1900,8.5);
#757=CIRCLE('',#1902,8.5);
#758=CIRCLE('',#1904,8.5);
#759=CIRCLE('',#1908,5.1);
#760=CIRCLE('',#1909,5.1);
#761=CIRCLE('',#1911,5.1);
#762=CIRCLE('',#1912,5.1);
#763=CIRCLE('',#1924,3.3);
#764=CIRCLE('',#1925,3.3);
#765=CIRCLE('',#1927,3.3);
#766=CIRCLE('',#1928,3.3);
#767=CIRCLE('',#1937,5.1);
#768=CIRCLE('',#1938,5.1);
#769=CIRCLE('',#1941,13.);
#770=CIRCLE('',#1942,5.);
#771=CIRCLE('',#1944,5.);
#772=CIRCLE('',#1946,13.);
#773=CIRCLE('',#1949,8.5);
#774=CIRCLE('',#1951,8.5);
#775=CIRCLE('',#1952,8.5);
#776=CIRCLE('',#1954,8.5);
#777=CIRCLE('',#1956,8.5);
#778=CIRCLE('',#1958,8.5);
#779=VERTEX_POINT('',#2460);
#780=VERTEX_POINT('',#2462);
#781=VERTEX_POINT('',#2466);
#782=VERTEX_POINT('',#2468);
#783=VERTEX_POINT('',#2472);
#784=VERTEX_POINT('',#2473);
#785=VERTEX_POINT('',#2475);
#786=VERTEX_POINT('',#2477);
#787=VERTEX_POINT('',#2481);
#788=VERTEX_POINT('',#2483);
#789=VERTEX_POINT('',#2487);
#790=VERTEX_POINT('',#2491);
#791=VERTEX_POINT('',#2497);
#792=VERTEX_POINT('',#2498);
#793=VERTEX_POINT('',#2500);
#794=VERTEX_POINT('',#2502);
#795=VERTEX_POINT('',#2506);
#796=VERTEX_POINT('',#2508);
#797=VERTEX_POINT('',#2512);
#798=VERTEX_POINT('',#2516);
#799=VERTEX_POINT('',#2522);
#800=VERTEX_POINT('',#2524);
#801=VERTEX_POINT('',#2528);
#802=VERTEX_POINT('',#2530);
#803=VERTEX_POINT('',#2534);
#804=VERTEX_POINT('',#2535);
#805=VERTEX_POINT('',#2537);
#806=VERTEX_POINT('',#2539);
#807=VERTEX_POINT('',#2543);
#808=VERTEX_POINT('',#2544);
#809=VERTEX_POINT('',#2546);
#810=VERTEX_POINT('',#2548);
#811=VERTEX_POINT('',#2561);
#812=VERTEX_POINT('',#2563);
#813=VERTEX_POINT('',#2568);
#814=VERTEX_POINT('',#2569);
#815=VERTEX_POINT('',#2571);
#816=VERTEX_POINT('',#2573);
#817=VERTEX_POINT('',#2576);
#818=VERTEX_POINT('',#2579);
#819=VERTEX_POINT('',#2580);
#820=VERTEX_POINT('',#2585);
#821=VERTEX_POINT('',#2591);
#822=VERTEX_POINT('',#2596);
#823=VERTEX_POINT('',#2598);
#824=VERTEX_POINT('',#2605);
#825=VERTEX_POINT('',#2609);
#826=VERTEX_POINT('',#2611);
#827=VERTEX_POINT('',#2615);
#828=VERTEX_POINT('',#2617);
#829=VERTEX_POINT('',#2631);
#830=VERTEX_POINT('',#2633);
#831=VERTEX_POINT('',#2637);
#832=VERTEX_POINT('',#2639);
#833=VERTEX_POINT('',#2643);
#834=VERTEX_POINT('',#2644);
#835=VERTEX_POINT('',#2646);
#836=VERTEX_POINT('',#2648);
#837=VERTEX_POINT('',#2652);
#838=VERTEX_POINT('',#2654);
#839=VERTEX_POINT('',#2658);
#840=VERTEX_POINT('',#2662);
#841=VERTEX_POINT('',#2668);
#842=VERTEX_POINT('',#2669);
#843=VERTEX_POINT('',#2671);
#844=VERTEX_POINT('',#2673);
#845=VERTEX_POINT('',#2677);
#846=VERTEX_POINT('',#2679);
#847=VERTEX_POINT('',#2683);
#848=VERTEX_POINT('',#2687);
#849=VERTEX_POINT('',#2693);
#850=VERTEX_POINT('',#2695);
#851=VERTEX_POINT('',#2699);
#852=VERTEX_POINT('',#2701);
#853=VERTEX_POINT('',#2705);
#854=VERTEX_POINT('',#2706);
#855=VERTEX_POINT('',#2708);
#856=VERTEX_POINT('',#2710);
#857=VERTEX_POINT('',#2714);
#858=VERTEX_POINT('',#2715);
#859=VERTEX_POINT('',#2717);
#860=VERTEX_POINT('',#2719);
#861=VERTEX_POINT('',#2732);
#862=VERTEX_POINT('',#2734);
#863=VERTEX_POINT('',#2739);
#864=VERTEX_POINT('',#2740);
#865=VERTEX_POINT('',#2742);
#866=VERTEX_POINT('',#2744);
#867=VERTEX_POINT('',#2747);
#868=VERTEX_POINT('',#2750);
#869=VERTEX_POINT('',#2754);
#870=VERTEX_POINT('',#2759);
#871=VERTEX_POINT('',#2764);
#872=VERTEX_POINT('',#2766);
#873=VERTEX_POINT('',#2771);
#874=VERTEX_POINT('',#2773);
#875=VERTEX_POINT('',#2780);
#876=VERTEX_POINT('',#2782);
#877=VERTEX_POINT('',#2788);
#878=VERTEX_POINT('',#2796);
#879=VERTEX_POINT('',#2802);
#880=VERTEX_POINT('',#2804);
#881=VERTEX_POINT('',#2808);
#882=VERTEX_POINT('',#2810);
#883=VERTEX_POINT('',#2814);
#884=VERTEX_POINT('',#2815);
#885=VERTEX_POINT('',#2817);
#886=VERTEX_POINT('',#2819);
#887=VERTEX_POINT('',#2823);
#888=VERTEX_POINT('',#2825);
#889=VERTEX_POINT('',#2829);
#890=VERTEX_POINT('',#2833);
#891=VERTEX_POINT('',#2839);
#892=VERTEX_POINT('',#2840);
#893=VERTEX_POINT('',#2842);
#894=VERTEX_POINT('',#2844);
#895=VERTEX_POINT('',#2848);
#896=VERTEX_POINT('',#2850);
#897=VERTEX_POINT('',#2854);
#898=VERTEX_POINT('',#2858);
#899=VERTEX_POINT('',#2864);
#900=VERTEX_POINT('',#2866);
#901=VERTEX_POINT('',#2870);
#902=VERTEX_POINT('',#2872);
#903=VERTEX_POINT('',#2876);
#904=VERTEX_POINT('',#2877);
#905=VERTEX_POINT('',#2879);
#906=VERTEX_POINT('',#2881);
#907=VERTEX_POINT('',#2885);
#908=VERTEX_POINT('',#2886);
#909=VERTEX_POINT('',#2888);
#910=VERTEX_POINT('',#2890);
#911=VERTEX_POINT('',#2903);
#912=VERTEX_POINT('',#2905);
#913=VERTEX_POINT('',#2910);
#914=VERTEX_POINT('',#2911);
#915=VERTEX_POINT('',#2913);
#916=VERTEX_POINT('',#2915);
#917=VERTEX_POINT('',#2918);
#918=VERTEX_POINT('',#2921);
#919=VERTEX_POINT('',#2925);
#920=VERTEX_POINT('',#2930);
#921=VERTEX_POINT('',#2935);
#922=VERTEX_POINT('',#2937);
#923=VERTEX_POINT('',#2942);
#924=VERTEX_POINT('',#2944);
#925=VERTEX_POINT('',#2951);
#926=VERTEX_POINT('',#2953);
#927=VERTEX_POINT('',#2959);
#928=VERTEX_POINT('',#2967);
#929=EDGE_CURVE('',#779,#779,#719,.T.);
#930=EDGE_CURVE('',#779,#780,#413,.T.);
#931=EDGE_CURVE('',#780,#780,#720,.T.);
#932=EDGE_CURVE('',#781,#781,#721,.T.);
#933=EDGE_CURVE('',#781,#782,#414,.T.);
#934=EDGE_CURVE('',#782,#782,#722,.T.);
#935=EDGE_CURVE('',#783,#784,#415,.T.);
#936=EDGE_CURVE('',#783,#785,#416,.T.);
#937=EDGE_CURVE('',#786,#785,#417,.T.);
#938=EDGE_CURVE('',#784,#786,#418,.T.);
#939=EDGE_CURVE('',#787,#783,#419,.T.);
#940=EDGE_CURVE('',#787,#788,#420,.T.);
#941=EDGE_CURVE('',#785,#788,#421,.T.);
#942=EDGE_CURVE('',#788,#789,#422,.T.);
#943=EDGE_CURVE('',#789,#786,#423,.T.);
#944=EDGE_CURVE('',#790,#787,#424,.T.);
#945=EDGE_CURVE('',#790,#789,#425,.T.);
#946=EDGE_CURVE('',#784,#790,#426,.T.);
#947=EDGE_CURVE('',#791,#792,#427,.T.);
#948=EDGE_CURVE('',#791,#793,#428,.T.);
#949=EDGE_CURVE('',#794,#793,#429,.T.);
#950=EDGE_CURVE('',#792,#794,#430,.T.);
#951=EDGE_CURVE('',#795,#791,#431,.T.);
#952=EDGE_CURVE('',#795,#796,#432,.T.);
#953=EDGE_CURVE('',#793,#796,#433,.T.);
#954=EDGE_CURVE('',#796,#797,#434,.T.);
#955=EDGE_CURVE('',#797,#794,#435,.T.);
#956=EDGE_CURVE('',#798,#795,#436,.T.);
#957=EDGE_CURVE('',#798,#797,#437,.T.);
#958=EDGE_CURVE('',#792,#798,#438,.T.);
#959=EDGE_CURVE('',#799,#799,#723,.T.);
#960=EDGE_CURVE('',#799,#800,#439,.T.);
#961=EDGE_CURVE('',#800,#800,#724,.T.);
#962=EDGE_CURVE('',#801,#801,#725,.T.);
#963=EDGE_CURVE('',#801,#802,#440,.T.);
#964=EDGE_CURVE('',#802,#802,#726,.T.);
#965=EDGE_CURVE('',#803,#804,#441,.T.);
#966=EDGE_CURVE('',#804,#805,#442,.T.);
#967=EDGE_CURVE('',#805,#806,#443,.T.);
#968=EDGE_CURVE('',#806,#803,#444,.T.);
#969=EDGE_CURVE('',#807,#808,#445,.T.);
#970=EDGE_CURVE('',#808,#809,#446,.T.);
#971=EDGE_CURVE('',#809,#810,#447,.T.);
#972=EDGE_CURVE('',#810,#807,#448,.T.);
#973=EDGE_CURVE('',#806,#809,#449,.T.);
#974=EDGE_CURVE('',#803,#808,#450,.T.);
#975=EDGE_CURVE('',#805,#810,#451,.T.);
#976=EDGE_CURVE('',#804,#807,#452,.T.);
#977=EDGE_CURVE('',#811,#811,#727,.T.);
#978=EDGE_CURVE('',#811,#812,#453,.T.);
#979=EDGE_CURVE('',#812,#812,#728,.T.);
#980=EDGE_CURVE('',#813,#814,#454,.T.);
#981=EDGE_CURVE('',#815,#813,#455,.T.);
#982=EDGE_CURVE('',#816,#815,#456,.T.);
#983=EDGE_CURVE('',#816,#814,#729,.T.);
#984=EDGE_CURVE('',#817,#817,#730,.T.);
#985=EDGE_CURVE('',#818,#819,#35,.T.);
#986=EDGE_CURVE('',#820,#818,#457,.T.);
#987=EDGE_CURVE('',#814,#820,#36,.T.);
#988=EDGE_CURVE('',#821,#816,#37,.T.);
#989=EDGE_CURVE('',#822,#821,#458,.T.);
#990=EDGE_CURVE('',#823,#822,#38,.T.);
#991=EDGE_CURVE('',#819,#823,#731,.T.);
#992=EDGE_CURVE('',#817,#824,#459,.T.);
#993=EDGE_CURVE('',#824,#824,#732,.T.);
#994=EDGE_CURVE('',#819,#825,#460,.T.);
#995=EDGE_CURVE('',#826,#823,#461,.T.);
#996=EDGE_CURVE('',#825,#826,#462,.T.);
#997=EDGE_CURVE('',#827,#825,#733,.T.);
#998=EDGE_CURVE('',#827,#828,#463,.T.);
#999=EDGE_CURVE('',#828,#828,#734,.T.);
#1000=EDGE_CURVE('',#826,#827,#735,.T.);
#1001=EDGE_CURVE('',#821,#822,#736,.T.);
#1002=EDGE_CURVE('',#813,#815,#737,.T.);
#1003=EDGE_CURVE('',#818,#820,#738,.T.);
#1004=EDGE_CURVE('',#829,#829,#739,.T.);
#1005=EDGE_CURVE('',#829,#830,#464,.T.);
#1006=EDGE_CURVE('',#830,#830,#740,.T.);
#1007=EDGE_CURVE('',#831,#831,#741,.T.);
#1008=EDGE_CURVE('',#831,#832,#465,.T.);
#1009=EDGE_CURVE('',#832,#832,#742,.T.);
#1010=EDGE_CURVE('',#833,#834,#466,.T.);
#1011=EDGE_CURVE('',#833,#835,#467,.T.);
#1012=EDGE_CURVE('',#836,#835,#468,.T.);
#1013=EDGE_CURVE('',#834,#836,#469,.T.);
#1014=EDGE_CURVE('',#837,#833,#470,.T.);
#1015=EDGE_CURVE('',#837,#838,#471,.T.);
#1016=EDGE_CURVE('',#835,#838,#472,.T.);
#1017=EDGE_CURVE('',#838,#839,#473,.T.);
#1018=EDGE_CURVE('',#839,#836,#474,.T.);
#1019=EDGE_CURVE('',#840,#837,#475,.T.);
#1020=EDGE_CURVE('',#840,#839,#476,.T.);
#1021=EDGE_CURVE('',#834,#840,#477,.T.);
#1022=EDGE_CURVE('',#841,#842,#478,.T.);
#1023=EDGE_CURVE('',#841,#843,#479,.T.);
#1024=EDGE_CURVE('',#844,#843,#480,.T.);
#1025=EDGE_CURVE('',#842,#844,#481,.T.);
#1026=EDGE_CURVE('',#845,#841,#482,.T.);
#1027=EDGE_CURVE('',#845,#846,#483,.T.);
#1028=EDGE_CURVE('',#843,#846,#484,.T.);
#1029=EDGE_CURVE('',#846,#847,#485,.T.);
#1030=EDGE_CURVE('',#847,#844,#486,.T.);
#1031=EDGE_CURVE('',#848,#845,#487,.T.);
#1032=EDGE_CURVE('',#848,#847,#488,.T.);
#1033=EDGE_CURVE('',#842,#848,#489,.T.);
#1034=EDGE_CURVE('',#849,#849,#743,.T.);
#1035=EDGE_CURVE('',#849,#850,#490,.T.);
#1036=EDGE_CURVE('',#850,#850,#744,.T.);
#1037=EDGE_CURVE('',#851,#851,#745,.T.);
#1038=EDGE_CURVE('',#851,#852,#491,.T.);
#1039=EDGE_CURVE('',#852,#852,#746,.T.);
#1040=EDGE_CURVE('',#853,#854,#492,.T.);
#1041=EDGE_CURVE('',#854,#855,#493,.T.);
#1042=EDGE_CURVE('',#855,#856,#494,.T.);
#1043=EDGE_CURVE('',#856,#853,#495,.T.);
#1044=EDGE_CURVE('',#857,#858,#496,.T.);
#1045=EDGE_CURVE('',#858,#859,#497,.T.);
#1046=EDGE_CURVE('',#859,#860,#498,.T.);
#1047=EDGE_CURVE('',#860,#857,#499,.T.);
#1048=EDGE_CURVE('',#856,#859,#500,.T.);
#1049=EDGE_CURVE('',#853,#858,#501,.T.);
#1050=EDGE_CURVE('',#855,#860,#502,.T.);
#1051=EDGE_CURVE('',#854,#857,#503,.T.);
#1052=EDGE_CURVE('',#861,#861,#747,.T.);
#1053=EDGE_CURVE('',#861,#862,#504,.T.);
#1054=EDGE_CURVE('',#862,#862,#748,.T.);
#1055=EDGE_CURVE('',#863,#864,#505,.T.);
#1056=EDGE_CURVE('',#865,#863,#506,.T.);
#1057=EDGE_CURVE('',#866,#865,#507,.T.);
#1058=EDGE_CURVE('',#866,#864,#749,.T.);
#1059=EDGE_CURVE('',#867,#867,#750,.T.);
#1060=EDGE_CURVE('',#867,#868,#508,.T.);
#1061=EDGE_CURVE('',#868,#868,#751,.T.);
#1062=EDGE_CURVE('',#864,#869,#39,.T.);
#1063=EDGE_CURVE('',#870,#866,#40,.T.);
#1064=EDGE_CURVE('',#871,#870,#509,.T.);
#1065=EDGE_CURVE('',#872,#871,#41,.T.);
#1066=EDGE_CURVE('',#873,#872,#752,.T.);
#1067=EDGE_CURVE('',#874,#873,#42,.T.);
#1068=EDGE_CURVE('',#869,#874,#510,.T.);
#1069=EDGE_CURVE('',#873,#875,#511,.T.);
#1070=EDGE_CURVE('',#876,#872,#512,.T.);
#1071=EDGE_CURVE('',#875,#876,#513,.T.);
#1072=EDGE_CURVE('',#876,#875,#753,.T.);
#1073=EDGE_CURVE('',#870,#877,#754,.T.);
#1074=EDGE_CURVE('',#877,#871,#755,.T.);
#1075=EDGE_CURVE('',#863,#865,#756,.T.);
#1076=EDGE_CURVE('',#874,#869,#757,.T.);
#1077=EDGE_CURVE('',#877,#878,#514,.T.);
#1078=EDGE_CURVE('',#878,#878,#758,.T.);
#1079=EDGE_CURVE('',#879,#879,#759,.T.);
#1080=EDGE_CURVE('',#879,#880,#515,.T.);
#1081=EDGE_CURVE('',#880,#880,#760,.T.);
#1082=EDGE_CURVE('',#881,#881,#761,.T.);
#1083=EDGE_CURVE('',#881,#882,#516,.T.);
#1084=EDGE_CURVE('',#882,#882,#762,.T.);
#1085=EDGE_CURVE('',#883,#884,#517,.T.);
#1086=EDGE_CURVE('',#883,#885,#518,.T.);
#1087=EDGE_CURVE('',#886,#885,#519,.T.);
#1088=EDGE_CURVE('',#884,#886,#520,.T.);
#1089=EDGE_CURVE('',#887,#883,#521,.T.);
#1090=EDGE_CURVE('',#887,#888,#522,.T.);
#1091=EDGE_CURVE('',#885,#888,#523,.T.);
#1092=EDGE_CURVE('',#888,#889,#524,.T.);
#1093=EDGE_CURVE('',#889,#886,#525,.T.);
#1094=EDGE_CURVE('',#890,#887,#526,.T.);
#1095=EDGE_CURVE('',#890,#889,#527,.T.);
#1096=EDGE_CURVE('',#884,#890,#528,.T.);
#1097=EDGE_CURVE('',#891,#892,#529,.T.);
#1098=EDGE_CURVE('',#891,#893,#530,.T.);
#1099=EDGE_CURVE('',#894,#893,#531,.T.);
#1100=EDGE_CURVE('',#892,#894,#532,.T.);
#1101=EDGE_CURVE('',#895,#891,#533,.T.);
#1102=EDGE_CURVE('',#895,#896,#534,.T.);
#1103=EDGE_CURVE('',#893,#896,#535,.T.);
#1104=EDGE_CURVE('',#896,#897,#536,.T.);
#1105=EDGE_CURVE('',#897,#894,#537,.T.);
#1106=EDGE_CURVE('',#898,#895,#538,.T.);
#1107=EDGE_CURVE('',#898,#897,#539,.T.);
#1108=EDGE_CURVE('',#892,#898,#540,.T.);
#1109=EDGE_CURVE('',#899,#899,#763,.T.);
#1110=EDGE_CURVE('',#899,#900,#541,.T.);
#1111=EDGE_CURVE('',#900,#900,#764,.T.);
#1112=EDGE_CURVE('',#901,#901,#765,.T.);
#1113=EDGE_CURVE('',#901,#902,#542,.T.);
#1114=EDGE_CURVE('',#902,#902,#766,.T.);
#1115=EDGE_CURVE('',#903,#904,#543,.T.);
#1116=EDGE_CURVE('',#904,#905,#544,.T.);
#1117=EDGE_CURVE('',#905,#906,#545,.T.);
#1118=EDGE_CURVE('',#906,#903,#546,.T.);
#1119=EDGE_CURVE('',#907,#908,#547,.T.);
#1120=EDGE_CURVE('',#908,#909,#548,.T.);
#1121=EDGE_CURVE('',#909,#910,#549,.T.);
#1122=EDGE_CURVE('',#910,#907,#550,.T.);
#1123=EDGE_CURVE('',#906,#909,#551,.T.);
#1124=EDGE_CURVE('',#903,#908,#552,.T.);
#1125=EDGE_CURVE('',#905,#910,#553,.T.);
#1126=EDGE_CURVE('',#904,#907,#554,.T.);
#1127=EDGE_CURVE('',#911,#911,#767,.T.);
#1128=EDGE_CURVE('',#911,#912,#555,.T.);
#1129=EDGE_CURVE('',#912,#912,#768,.T.);
#1130=EDGE_CURVE('',#913,#914,#556,.T.);
#1131=EDGE_CURVE('',#915,#913,#557,.T.);
#1132=EDGE_CURVE('',#916,#915,#558,.T.);
#1133=EDGE_CURVE('',#916,#914,#769,.T.);
#1134=EDGE_CURVE('',#917,#917,#770,.T.);
#1135=EDGE_CURVE('',#918,#918,#771,.T.);
#1136=EDGE_CURVE('',#918,#917,#559,.T.);
#1137=EDGE_CURVE('',#914,#919,#43,.T.);
#1138=EDGE_CURVE('',#920,#916,#44,.T.);
#1139=EDGE_CURVE('',#921,#920,#560,.T.);
#1140=EDGE_CURVE('',#922,#921,#45,.T.);
#1141=EDGE_CURVE('',#923,#922,#772,.T.);
#1142=EDGE_CURVE('',#924,#923,#46,.T.);
#1143=EDGE_CURVE('',#919,#924,#561,.T.);
#1144=EDGE_CURVE('',#923,#925,#562,.T.);
#1145=EDGE_CURVE('',#926,#922,#563,.T.);
#1146=EDGE_CURVE('',#925,#926,#564,.T.);
#1147=EDGE_CURVE('',#926,#925,#773,.T.);
#1148=EDGE_CURVE('',#920,#927,#774,.T.);
#1149=EDGE_CURVE('',#927,#921,#775,.T.);
#1150=EDGE_CURVE('',#913,#915,#776,.T.);
#1151=EDGE_CURVE('',#924,#919,#777,.T.);
#1152=EDGE_CURVE('',#927,#928,#565,.T.);
#1153=EDGE_CURVE('',#928,#928,#778,.T.);
#1154=ORIENTED_EDGE('',*,*,#929,.F.);
#1155=ORIENTED_EDGE('',*,*,#930,.T.);
#1156=ORIENTED_EDGE('',*,*,#931,.F.);
#1157=ORIENTED_EDGE('',*,*,#930,.F.);
#1158=ORIENTED_EDGE('',*,*,#932,.F.);
#1159=ORIENTED_EDGE('',*,*,#933,.T.);
#1160=ORIENTED_EDGE('',*,*,#934,.F.);
#1161=ORIENTED_EDGE('',*,*,#933,.F.);
#1162=ORIENTED_EDGE('',*,*,#935,.F.);
#1163=ORIENTED_EDGE('',*,*,#936,.T.);
#1164=ORIENTED_EDGE('',*,*,#937,.F.);
#1165=ORIENTED_EDGE('',*,*,#938,.F.);
#1166=ORIENTED_EDGE('',*,*,#939,.F.);
#1167=ORIENTED_EDGE('',*,*,#940,.T.);
#1168=ORIENTED_EDGE('',*,*,#941,.F.);
#1169=ORIENTED_EDGE('',*,*,#936,.F.);
#1170=ORIENTED_EDGE('',*,*,#932,.T.);
#1171=ORIENTED_EDGE('',*,*,#937,.T.);
#1172=ORIENTED_EDGE('',*,*,#941,.T.);
#1173=ORIENTED_EDGE('',*,*,#942,.T.);
#1174=ORIENTED_EDGE('',*,*,#943,.T.);
#1175=ORIENTED_EDGE('',*,*,#944,.F.);
#1176=ORIENTED_EDGE('',*,*,#945,.T.);
#1177=ORIENTED_EDGE('',*,*,#942,.F.);
#1178=ORIENTED_EDGE('',*,*,#940,.F.);
#1179=ORIENTED_EDGE('',*,*,#946,.F.);
#1180=ORIENTED_EDGE('',*,*,#938,.T.);
#1181=ORIENTED_EDGE('',*,*,#943,.F.);
#1182=ORIENTED_EDGE('',*,*,#945,.F.);
#1183=ORIENTED_EDGE('',*,*,#934,.T.);
#1184=ORIENTED_EDGE('',*,*,#947,.F.);
#1185=ORIENTED_EDGE('',*,*,#948,.T.);
#1186=ORIENTED_EDGE('',*,*,#949,.F.);
#1187=ORIENTED_EDGE('',*,*,#950,.F.);
#1188=ORIENTED_EDGE('',*,*,#951,.F.);
#1189=ORIENTED_EDGE('',*,*,#952,.T.);
#1190=ORIENTED_EDGE('',*,*,#953,.F.);
#1191=ORIENTED_EDGE('',*,*,#948,.F.);
#1192=ORIENTED_EDGE('',*,*,#929,.T.);
#1193=ORIENTED_EDGE('',*,*,#949,.T.);
#1194=ORIENTED_EDGE('',*,*,#953,.T.);
#1195=ORIENTED_EDGE('',*,*,#954,.T.);
#1196=ORIENTED_EDGE('',*,*,#955,.T.);
#1197=ORIENTED_EDGE('',*,*,#956,.F.);
#1198=ORIENTED_EDGE('',*,*,#957,.T.);
#1199=ORIENTED_EDGE('',*,*,#954,.F.);
#1200=ORIENTED_EDGE('',*,*,#952,.F.);
#1201=ORIENTED_EDGE('',*,*,#958,.F.);
#1202=ORIENTED_EDGE('',*,*,#950,.T.);
#1203=ORIENTED_EDGE('',*,*,#955,.F.);
#1204=ORIENTED_EDGE('',*,*,#957,.F.);
#1205=ORIENTED_EDGE('',*,*,#931,.T.);
#1206=ORIENTED_EDGE('',*,*,#959,.F.);
#1207=ORIENTED_EDGE('',*,*,#960,.T.);
#1208=ORIENTED_EDGE('',*,*,#961,.F.);
#1209=ORIENTED_EDGE('',*,*,#960,.F.);
#1210=ORIENTED_EDGE('',*,*,#962,.F.);
#1211=ORIENTED_EDGE('',*,*,#963,.T.);
#1212=ORIENTED_EDGE('',*,*,#964,.F.);
#1213=ORIENTED_EDGE('',*,*,#963,.F.);
#1214=ORIENTED_EDGE('',*,*,#965,.T.);
#1215=ORIENTED_EDGE('',*,*,#966,.T.);
#1216=ORIENTED_EDGE('',*,*,#967,.T.);
#1217=ORIENTED_EDGE('',*,*,#968,.T.);
#1218=ORIENTED_EDGE('',*,*,#961,.T.);
#1219=ORIENTED_EDGE('',*,*,#964,.T.);
#1220=ORIENTED_EDGE('',*,*,#969,.T.);
#1221=ORIENTED_EDGE('',*,*,#970,.T.);
#1222=ORIENTED_EDGE('',*,*,#971,.T.);
#1223=ORIENTED_EDGE('',*,*,#972,.T.);
#1224=ORIENTED_EDGE('',*,*,#939,.T.);
#1225=ORIENTED_EDGE('',*,*,#935,.T.);
#1226=ORIENTED_EDGE('',*,*,#946,.T.);
#1227=ORIENTED_EDGE('',*,*,#944,.T.);
#1228=ORIENTED_EDGE('',*,*,#951,.T.);
#1229=ORIENTED_EDGE('',*,*,#947,.T.);
#1230=ORIENTED_EDGE('',*,*,#958,.T.);
#1231=ORIENTED_EDGE('',*,*,#956,.T.);
#1232=ORIENTED_EDGE('',*,*,#959,.T.);
#1233=ORIENTED_EDGE('',*,*,#962,.T.);
#1234=ORIENTED_EDGE('',*,*,#973,.T.);
#1235=ORIENTED_EDGE('',*,*,#970,.F.);
#1236=ORIENTED_EDGE('',*,*,#974,.F.);
#1237=ORIENTED_EDGE('',*,*,#968,.F.);
#1238=ORIENTED_EDGE('',*,*,#975,.T.);
#1239=ORIENTED_EDGE('',*,*,#971,.F.);
#1240=ORIENTED_EDGE('',*,*,#973,.F.);
#1241=ORIENTED_EDGE('',*,*,#967,.F.);
#1242=ORIENTED_EDGE('',*,*,#976,.T.);
#1243=ORIENTED_EDGE('',*,*,#972,.F.);
#1244=ORIENTED_EDGE('',*,*,#975,.F.);
#1245=ORIENTED_EDGE('',*,*,#966,.F.);
#1246=ORIENTED_EDGE('',*,*,#974,.T.);
#1247=ORIENTED_EDGE('',*,*,#969,.F.);
#1248=ORIENTED_EDGE('',*,*,#976,.F.);
#1249=ORIENTED_EDGE('',*,*,#965,.F.);
#1250=ORIENTED_EDGE('',*,*,#977,.F.);
#1251=ORIENTED_EDGE('',*,*,#978,.T.);
#1252=ORIENTED_EDGE('',*,*,#979,.T.);
#1253=ORIENTED_EDGE('',*,*,#978,.F.);
#1254=ORIENTED_EDGE('',*,*,#979,.F.);
#1255=ORIENTED_EDGE('',*,*,#980,.F.);
#1256=ORIENTED_EDGE('',*,*,#981,.F.);
#1257=ORIENTED_EDGE('',*,*,#982,.F.);
#1258=ORIENTED_EDGE('',*,*,#983,.T.);
#1259=ORIENTED_EDGE('',*,*,#984,.T.);
#1260=ORIENTED_EDGE('',*,*,#985,.F.);
#1261=ORIENTED_EDGE('',*,*,#986,.F.);
#1262=ORIENTED_EDGE('',*,*,#987,.F.);
#1263=ORIENTED_EDGE('',*,*,#983,.F.);
#1264=ORIENTED_EDGE('',*,*,#988,.F.);
#1265=ORIENTED_EDGE('',*,*,#989,.F.);
#1266=ORIENTED_EDGE('',*,*,#990,.F.);
#1267=ORIENTED_EDGE('',*,*,#991,.F.);
#1268=ORIENTED_EDGE('',*,*,#984,.F.);
#1269=ORIENTED_EDGE('',*,*,#992,.T.);
#1270=ORIENTED_EDGE('',*,*,#993,.F.);
#1271=ORIENTED_EDGE('',*,*,#992,.F.);
#1272=ORIENTED_EDGE('',*,*,#994,.F.);
#1273=ORIENTED_EDGE('',*,*,#991,.T.);
#1274=ORIENTED_EDGE('',*,*,#995,.F.);
#1275=ORIENTED_EDGE('',*,*,#996,.F.);
#1276=ORIENTED_EDGE('',*,*,#993,.T.);
#1277=ORIENTED_EDGE('',*,*,#985,.T.);
#1278=ORIENTED_EDGE('',*,*,#994,.T.);
#1279=ORIENTED_EDGE('',*,*,#997,.F.);
#1280=ORIENTED_EDGE('',*,*,#998,.T.);
#1281=ORIENTED_EDGE('',*,*,#999,.F.);
#1282=ORIENTED_EDGE('',*,*,#998,.F.);
#1283=ORIENTED_EDGE('',*,*,#1000,.F.);
#1284=ORIENTED_EDGE('',*,*,#995,.T.);
#1285=ORIENTED_EDGE('',*,*,#990,.T.);
#1286=ORIENTED_EDGE('',*,*,#1001,.F.);
#1287=ORIENTED_EDGE('',*,*,#988,.T.);
#1288=ORIENTED_EDGE('',*,*,#982,.T.);
#1289=ORIENTED_EDGE('',*,*,#1002,.F.);
#1290=ORIENTED_EDGE('',*,*,#980,.T.);
#1291=ORIENTED_EDGE('',*,*,#987,.T.);
#1292=ORIENTED_EDGE('',*,*,#1003,.F.);
#1293=ORIENTED_EDGE('',*,*,#989,.T.);
#1294=ORIENTED_EDGE('',*,*,#1001,.T.);
#1295=ORIENTED_EDGE('',*,*,#996,.T.);
#1296=ORIENTED_EDGE('',*,*,#1000,.T.);
#1297=ORIENTED_EDGE('',*,*,#997,.T.);
#1298=ORIENTED_EDGE('',*,*,#981,.T.);
#1299=ORIENTED_EDGE('',*,*,#1002,.T.);
#1300=ORIENTED_EDGE('',*,*,#999,.T.);
#1301=ORIENTED_EDGE('',*,*,#977,.T.);
#1302=ORIENTED_EDGE('',*,*,#986,.T.);
#1303=ORIENTED_EDGE('',*,*,#1003,.T.);
#1304=ORIENTED_EDGE('',*,*,#1004,.F.);
#1305=ORIENTED_EDGE('',*,*,#1005,.T.);
#1306=ORIENTED_EDGE('',*,*,#1006,.F.);
#1307=ORIENTED_EDGE('',*,*,#1005,.F.);
#1308=ORIENTED_EDGE('',*,*,#1007,.F.);
#1309=ORIENTED_EDGE('',*,*,#1008,.T.);
#1310=ORIENTED_EDGE('',*,*,#1009,.F.);
#1311=ORIENTED_EDGE('',*,*,#1008,.F.);
#1312=ORIENTED_EDGE('',*,*,#1010,.F.);
#1313=ORIENTED_EDGE('',*,*,#1011,.T.);
#1314=ORIENTED_EDGE('',*,*,#1012,.F.);
#1315=ORIENTED_EDGE('',*,*,#1013,.F.);
#1316=ORIENTED_EDGE('',*,*,#1014,.F.);
#1317=ORIENTED_EDGE('',*,*,#1015,.T.);
#1318=ORIENTED_EDGE('',*,*,#1016,.F.);
#1319=ORIENTED_EDGE('',*,*,#1011,.F.);
#1320=ORIENTED_EDGE('',*,*,#1007,.T.);
#1321=ORIENTED_EDGE('',*,*,#1012,.T.);
#1322=ORIENTED_EDGE('',*,*,#1016,.T.);
#1323=ORIENTED_EDGE('',*,*,#1017,.T.);
#1324=ORIENTED_EDGE('',*,*,#1018,.T.);
#1325=ORIENTED_EDGE('',*,*,#1019,.F.);
#1326=ORIENTED_EDGE('',*,*,#1020,.T.);
#1327=ORIENTED_EDGE('',*,*,#1017,.F.);
#1328=ORIENTED_EDGE('',*,*,#1015,.F.);
#1329=ORIENTED_EDGE('',*,*,#1021,.F.);
#1330=ORIENTED_EDGE('',*,*,#1013,.T.);
#1331=ORIENTED_EDGE('',*,*,#1018,.F.);
#1332=ORIENTED_EDGE('',*,*,#1020,.F.);
#1333=ORIENTED_EDGE('',*,*,#1009,.T.);
#1334=ORIENTED_EDGE('',*,*,#1022,.F.);
#1335=ORIENTED_EDGE('',*,*,#1023,.T.);
#1336=ORIENTED_EDGE('',*,*,#1024,.F.);
#1337=ORIENTED_EDGE('',*,*,#1025,.F.);
#1338=ORIENTED_EDGE('',*,*,#1026,.F.);
#1339=ORIENTED_EDGE('',*,*,#1027,.T.);
#1340=ORIENTED_EDGE('',*,*,#1028,.F.);
#1341=ORIENTED_EDGE('',*,*,#1023,.F.);
#1342=ORIENTED_EDGE('',*,*,#1004,.T.);
#1343=ORIENTED_EDGE('',*,*,#1024,.T.);
#1344=ORIENTED_EDGE('',*,*,#1028,.T.);
#1345=ORIENTED_EDGE('',*,*,#1029,.T.);
#1346=ORIENTED_EDGE('',*,*,#1030,.T.);
#1347=ORIENTED_EDGE('',*,*,#1031,.F.);
#1348=ORIENTED_EDGE('',*,*,#1032,.T.);
#1349=ORIENTED_EDGE('',*,*,#1029,.F.);
#1350=ORIENTED_EDGE('',*,*,#1027,.F.);
#1351=ORIENTED_EDGE('',*,*,#1033,.F.);
#1352=ORIENTED_EDGE('',*,*,#1025,.T.);
#1353=ORIENTED_EDGE('',*,*,#1030,.F.);
#1354=ORIENTED_EDGE('',*,*,#1032,.F.);
#1355=ORIENTED_EDGE('',*,*,#1006,.T.);
#1356=ORIENTED_EDGE('',*,*,#1034,.F.);
#1357=ORIENTED_EDGE('',*,*,#1035,.T.);
#1358=ORIENTED_EDGE('',*,*,#1036,.F.);
#1359=ORIENTED_EDGE('',*,*,#1035,.F.);
#1360=ORIENTED_EDGE('',*,*,#1037,.F.);
#1361=ORIENTED_EDGE('',*,*,#1038,.T.);
#1362=ORIENTED_EDGE('',*,*,#1039,.F.);
#1363=ORIENTED_EDGE('',*,*,#1038,.F.);
#1364=ORIENTED_EDGE('',*,*,#1040,.T.);
#1365=ORIENTED_EDGE('',*,*,#1041,.T.);
#1366=ORIENTED_EDGE('',*,*,#1042,.T.);
#1367=ORIENTED_EDGE('',*,*,#1043,.T.);
#1368=ORIENTED_EDGE('',*,*,#1036,.T.);
#1369=ORIENTED_EDGE('',*,*,#1039,.T.);
#1370=ORIENTED_EDGE('',*,*,#1044,.T.);
#1371=ORIENTED_EDGE('',*,*,#1045,.T.);
#1372=ORIENTED_EDGE('',*,*,#1046,.T.);
#1373=ORIENTED_EDGE('',*,*,#1047,.T.);
#1374=ORIENTED_EDGE('',*,*,#1014,.T.);
#1375=ORIENTED_EDGE('',*,*,#1010,.T.);
#1376=ORIENTED_EDGE('',*,*,#1021,.T.);
#1377=ORIENTED_EDGE('',*,*,#1019,.T.);
#1378=ORIENTED_EDGE('',*,*,#1026,.T.);
#1379=ORIENTED_EDGE('',*,*,#1022,.T.);
#1380=ORIENTED_EDGE('',*,*,#1033,.T.);
#1381=ORIENTED_EDGE('',*,*,#1031,.T.);
#1382=ORIENTED_EDGE('',*,*,#1034,.T.);
#1383=ORIENTED_EDGE('',*,*,#1037,.T.);
#1384=ORIENTED_EDGE('',*,*,#1048,.T.);
#1385=ORIENTED_EDGE('',*,*,#1045,.F.);
#1386=ORIENTED_EDGE('',*,*,#1049,.F.);
#1387=ORIENTED_EDGE('',*,*,#1043,.F.);
#1388=ORIENTED_EDGE('',*,*,#1050,.T.);
#1389=ORIENTED_EDGE('',*,*,#1046,.F.);
#1390=ORIENTED_EDGE('',*,*,#1048,.F.);
#1391=ORIENTED_EDGE('',*,*,#1042,.F.);
#1392=ORIENTED_EDGE('',*,*,#1051,.T.);
#1393=ORIENTED_EDGE('',*,*,#1047,.F.);
#1394=ORIENTED_EDGE('',*,*,#1050,.F.);
#1395=ORIENTED_EDGE('',*,*,#1041,.F.);
#1396=ORIENTED_EDGE('',*,*,#1049,.T.);
#1397=ORIENTED_EDGE('',*,*,#1044,.F.);
#1398=ORIENTED_EDGE('',*,*,#1051,.F.);
#1399=ORIENTED_EDGE('',*,*,#1040,.F.);
#1400=ORIENTED_EDGE('',*,*,#1052,.F.);
#1401=ORIENTED_EDGE('',*,*,#1053,.T.);
#1402=ORIENTED_EDGE('',*,*,#1054,.T.);
#1403=ORIENTED_EDGE('',*,*,#1053,.F.);
#1404=ORIENTED_EDGE('',*,*,#1054,.F.);
#1405=ORIENTED_EDGE('',*,*,#1055,.F.);
#1406=ORIENTED_EDGE('',*,*,#1056,.F.);
#1407=ORIENTED_EDGE('',*,*,#1057,.F.);
#1408=ORIENTED_EDGE('',*,*,#1058,.T.);
#1409=ORIENTED_EDGE('',*,*,#1059,.T.);
#1410=ORIENTED_EDGE('',*,*,#1059,.F.);
#1411=ORIENTED_EDGE('',*,*,#1060,.T.);
#1412=ORIENTED_EDGE('',*,*,#1061,.F.);
#1413=ORIENTED_EDGE('',*,*,#1060,.F.);
#1414=ORIENTED_EDGE('',*,*,#1062,.F.);
#1415=ORIENTED_EDGE('',*,*,#1058,.F.);
#1416=ORIENTED_EDGE('',*,*,#1063,.F.);
#1417=ORIENTED_EDGE('',*,*,#1064,.F.);
#1418=ORIENTED_EDGE('',*,*,#1065,.F.);
#1419=ORIENTED_EDGE('',*,*,#1066,.F.);
#1420=ORIENTED_EDGE('',*,*,#1067,.F.);
#1421=ORIENTED_EDGE('',*,*,#1068,.F.);
#1422=ORIENTED_EDGE('',*,*,#1069,.F.);
#1423=ORIENTED_EDGE('',*,*,#1066,.T.);
#1424=ORIENTED_EDGE('',*,*,#1070,.F.);
#1425=ORIENTED_EDGE('',*,*,#1071,.F.);
#1426=ORIENTED_EDGE('',*,*,#1061,.T.);
#1427=ORIENTED_EDGE('',*,*,#1071,.T.);
#1428=ORIENTED_EDGE('',*,*,#1072,.T.);
#1429=ORIENTED_EDGE('',*,*,#1064,.T.);
#1430=ORIENTED_EDGE('',*,*,#1073,.T.);
#1431=ORIENTED_EDGE('',*,*,#1074,.T.);
#1432=ORIENTED_EDGE('',*,*,#1056,.T.);
#1433=ORIENTED_EDGE('',*,*,#1075,.T.);
#1434=ORIENTED_EDGE('',*,*,#1068,.T.);
#1435=ORIENTED_EDGE('',*,*,#1076,.T.);
#1436=ORIENTED_EDGE('',*,*,#1062,.T.);
#1437=ORIENTED_EDGE('',*,*,#1076,.F.);
#1438=ORIENTED_EDGE('',*,*,#1067,.T.);
#1439=ORIENTED_EDGE('',*,*,#1069,.T.);
#1440=ORIENTED_EDGE('',*,*,#1072,.F.);
#1441=ORIENTED_EDGE('',*,*,#1070,.T.);
#1442=ORIENTED_EDGE('',*,*,#1065,.T.);
#1443=ORIENTED_EDGE('',*,*,#1074,.F.);
#1444=ORIENTED_EDGE('',*,*,#1077,.T.);
#1445=ORIENTED_EDGE('',*,*,#1078,.F.);
#1446=ORIENTED_EDGE('',*,*,#1077,.F.);
#1447=ORIENTED_EDGE('',*,*,#1073,.F.);
#1448=ORIENTED_EDGE('',*,*,#1063,.T.);
#1449=ORIENTED_EDGE('',*,*,#1057,.T.);
#1450=ORIENTED_EDGE('',*,*,#1075,.F.);
#1451=ORIENTED_EDGE('',*,*,#1055,.T.);
#1452=ORIENTED_EDGE('',*,*,#1078,.T.);
#1453=ORIENTED_EDGE('',*,*,#1052,.T.);
#1454=ORIENTED_EDGE('',*,*,#1079,.F.);
#1455=ORIENTED_EDGE('',*,*,#1080,.T.);
#1456=ORIENTED_EDGE('',*,*,#1081,.F.);
#1457=ORIENTED_EDGE('',*,*,#1080,.F.);
#1458=ORIENTED_EDGE('',*,*,#1082,.F.);
#1459=ORIENTED_EDGE('',*,*,#1083,.T.);
#1460=ORIENTED_EDGE('',*,*,#1084,.F.);
#1461=ORIENTED_EDGE('',*,*,#1083,.F.);
#1462=ORIENTED_EDGE('',*,*,#1085,.F.);
#1463=ORIENTED_EDGE('',*,*,#1086,.T.);
#1464=ORIENTED_EDGE('',*,*,#1087,.F.);
#1465=ORIENTED_EDGE('',*,*,#1088,.F.);
#1466=ORIENTED_EDGE('',*,*,#1089,.F.);
#1467=ORIENTED_EDGE('',*,*,#1090,.T.);
#1468=ORIENTED_EDGE('',*,*,#1091,.F.);
#1469=ORIENTED_EDGE('',*,*,#1086,.F.);
#1470=ORIENTED_EDGE('',*,*,#1082,.T.);
#1471=ORIENTED_EDGE('',*,*,#1087,.T.);
#1472=ORIENTED_EDGE('',*,*,#1091,.T.);
#1473=ORIENTED_EDGE('',*,*,#1092,.T.);
#1474=ORIENTED_EDGE('',*,*,#1093,.T.);
#1475=ORIENTED_EDGE('',*,*,#1094,.F.);
#1476=ORIENTED_EDGE('',*,*,#1095,.T.);
#1477=ORIENTED_EDGE('',*,*,#1092,.F.);
#1478=ORIENTED_EDGE('',*,*,#1090,.F.);
#1479=ORIENTED_EDGE('',*,*,#1096,.F.);
#1480=ORIENTED_EDGE('',*,*,#1088,.T.);
#1481=ORIENTED_EDGE('',*,*,#1093,.F.);
#1482=ORIENTED_EDGE('',*,*,#1095,.F.);
#1483=ORIENTED_EDGE('',*,*,#1084,.T.);
#1484=ORIENTED_EDGE('',*,*,#1097,.F.);
#1485=ORIENTED_EDGE('',*,*,#1098,.T.);
#1486=ORIENTED_EDGE('',*,*,#1099,.F.);
#1487=ORIENTED_EDGE('',*,*,#1100,.F.);
#1488=ORIENTED_EDGE('',*,*,#1101,.F.);
#1489=ORIENTED_EDGE('',*,*,#1102,.T.);
#1490=ORIENTED_EDGE('',*,*,#1103,.F.);
#1491=ORIENTED_EDGE('',*,*,#1098,.F.);
#1492=ORIENTED_EDGE('',*,*,#1079,.T.);
#1493=ORIENTED_EDGE('',*,*,#1099,.T.);
#1494=ORIENTED_EDGE('',*,*,#1103,.T.);
#1495=ORIENTED_EDGE('',*,*,#1104,.T.);
#1496=ORIENTED_EDGE('',*,*,#1105,.T.);
#1497=ORIENTED_EDGE('',*,*,#1106,.F.);
#1498=ORIENTED_EDGE('',*,*,#1107,.T.);
#1499=ORIENTED_EDGE('',*,*,#1104,.F.);
#1500=ORIENTED_EDGE('',*,*,#1102,.F.);
#1501=ORIENTED_EDGE('',*,*,#1108,.F.);
#1502=ORIENTED_EDGE('',*,*,#1100,.T.);
#1503=ORIENTED_EDGE('',*,*,#1105,.F.);
#1504=ORIENTED_EDGE('',*,*,#1107,.F.);
#1505=ORIENTED_EDGE('',*,*,#1081,.T.);
#1506=ORIENTED_EDGE('',*,*,#1109,.F.);
#1507=ORIENTED_EDGE('',*,*,#1110,.T.);
#1508=ORIENTED_EDGE('',*,*,#1111,.F.);
#1509=ORIENTED_EDGE('',*,*,#1110,.F.);
#1510=ORIENTED_EDGE('',*,*,#1112,.F.);
#1511=ORIENTED_EDGE('',*,*,#1113,.T.);
#1512=ORIENTED_EDGE('',*,*,#1114,.F.);
#1513=ORIENTED_EDGE('',*,*,#1113,.F.);
#1514=ORIENTED_EDGE('',*,*,#1115,.T.);
#1515=ORIENTED_EDGE('',*,*,#1116,.T.);
#1516=ORIENTED_EDGE('',*,*,#1117,.T.);
#1517=ORIENTED_EDGE('',*,*,#1118,.T.);
#1518=ORIENTED_EDGE('',*,*,#1111,.T.);
#1519=ORIENTED_EDGE('',*,*,#1114,.T.);
#1520=ORIENTED_EDGE('',*,*,#1119,.T.);
#1521=ORIENTED_EDGE('',*,*,#1120,.T.);
#1522=ORIENTED_EDGE('',*,*,#1121,.T.);
#1523=ORIENTED_EDGE('',*,*,#1122,.T.);
#1524=ORIENTED_EDGE('',*,*,#1089,.T.);
#1525=ORIENTED_EDGE('',*,*,#1085,.T.);
#1526=ORIENTED_EDGE('',*,*,#1096,.T.);
#1527=ORIENTED_EDGE('',*,*,#1094,.T.);
#1528=ORIENTED_EDGE('',*,*,#1101,.T.);
#1529=ORIENTED_EDGE('',*,*,#1097,.T.);
#1530=ORIENTED_EDGE('',*,*,#1108,.T.);
#1531=ORIENTED_EDGE('',*,*,#1106,.T.);
#1532=ORIENTED_EDGE('',*,*,#1109,.T.);
#1533=ORIENTED_EDGE('',*,*,#1112,.T.);
#1534=ORIENTED_EDGE('',*,*,#1123,.T.);
#1535=ORIENTED_EDGE('',*,*,#1120,.F.);
#1536=ORIENTED_EDGE('',*,*,#1124,.F.);
#1537=ORIENTED_EDGE('',*,*,#1118,.F.);
#1538=ORIENTED_EDGE('',*,*,#1125,.T.);
#1539=ORIENTED_EDGE('',*,*,#1121,.F.);
#1540=ORIENTED_EDGE('',*,*,#1123,.F.);
#1541=ORIENTED_EDGE('',*,*,#1117,.F.);
#1542=ORIENTED_EDGE('',*,*,#1126,.T.);
#1543=ORIENTED_EDGE('',*,*,#1122,.F.);
#1544=ORIENTED_EDGE('',*,*,#1125,.F.);
#1545=ORIENTED_EDGE('',*,*,#1116,.F.);
#1546=ORIENTED_EDGE('',*,*,#1124,.T.);
#1547=ORIENTED_EDGE('',*,*,#1119,.F.);
#1548=ORIENTED_EDGE('',*,*,#1126,.F.);
#1549=ORIENTED_EDGE('',*,*,#1115,.F.);
#1550=ORIENTED_EDGE('',*,*,#1127,.F.);
#1551=ORIENTED_EDGE('',*,*,#1128,.T.);
#1552=ORIENTED_EDGE('',*,*,#1129,.T.);
#1553=ORIENTED_EDGE('',*,*,#1128,.F.);
#1554=ORIENTED_EDGE('',*,*,#1129,.F.);
#1555=ORIENTED_EDGE('',*,*,#1130,.F.);
#1556=ORIENTED_EDGE('',*,*,#1131,.F.);
#1557=ORIENTED_EDGE('',*,*,#1132,.F.);
#1558=ORIENTED_EDGE('',*,*,#1133,.T.);
#1559=ORIENTED_EDGE('',*,*,#1134,.T.);
#1560=ORIENTED_EDGE('',*,*,#1135,.F.);
#1561=ORIENTED_EDGE('',*,*,#1136,.T.);
#1562=ORIENTED_EDGE('',*,*,#1134,.F.);
#1563=ORIENTED_EDGE('',*,*,#1136,.F.);
#1564=ORIENTED_EDGE('',*,*,#1137,.F.);
#1565=ORIENTED_EDGE('',*,*,#1133,.F.);
#1566=ORIENTED_EDGE('',*,*,#1138,.F.);
#1567=ORIENTED_EDGE('',*,*,#1139,.F.);
#1568=ORIENTED_EDGE('',*,*,#1140,.F.);
#1569=ORIENTED_EDGE('',*,*,#1141,.F.);
#1570=ORIENTED_EDGE('',*,*,#1142,.F.);
#1571=ORIENTED_EDGE('',*,*,#1143,.F.);
#1572=ORIENTED_EDGE('',*,*,#1144,.F.);
#1573=ORIENTED_EDGE('',*,*,#1141,.T.);
#1574=ORIENTED_EDGE('',*,*,#1145,.F.);
#1575=ORIENTED_EDGE('',*,*,#1146,.F.);
#1576=ORIENTED_EDGE('',*,*,#1135,.T.);
#1577=ORIENTED_EDGE('',*,*,#1146,.T.);
#1578=ORIENTED_EDGE('',*,*,#1147,.T.);
#1579=ORIENTED_EDGE('',*,*,#1139,.T.);
#1580=ORIENTED_EDGE('',*,*,#1148,.T.);
#1581=ORIENTED_EDGE('',*,*,#1149,.T.);
#1582=ORIENTED_EDGE('',*,*,#1131,.T.);
#1583=ORIENTED_EDGE('',*,*,#1150,.T.);
#1584=ORIENTED_EDGE('',*,*,#1143,.T.);
#1585=ORIENTED_EDGE('',*,*,#1151,.T.);
#1586=ORIENTED_EDGE('',*,*,#1137,.T.);
#1587=ORIENTED_EDGE('',*,*,#1151,.F.);
#1588=ORIENTED_EDGE('',*,*,#1142,.T.);
#1589=ORIENTED_EDGE('',*,*,#1144,.T.);
#1590=ORIENTED_EDGE('',*,*,#1147,.F.);
#1591=ORIENTED_EDGE('',*,*,#1145,.T.);
#1592=ORIENTED_EDGE('',*,*,#1140,.T.);
#1593=ORIENTED_EDGE('',*,*,#1149,.F.);
#1594=ORIENTED_EDGE('',*,*,#1152,.T.);
#1595=ORIENTED_EDGE('',*,*,#1153,.F.);
#1596=ORIENTED_EDGE('',*,*,#1152,.F.);
#1597=ORIENTED_EDGE('',*,*,#1148,.F.);
#1598=ORIENTED_EDGE('',*,*,#1138,.T.);
#1599=ORIENTED_EDGE('',*,*,#1132,.T.);
#1600=ORIENTED_EDGE('',*,*,#1150,.F.);
#1601=ORIENTED_EDGE('',*,*,#1130,.T.);
#1602=ORIENTED_EDGE('',*,*,#1153,.T.);
#1603=ORIENTED_EDGE('',*,*,#1127,.T.);
#1604=CYLINDRICAL_SURFACE('',#1799,5.1);
#1605=CYLINDRICAL_SURFACE('',#1802,5.1);
#1606=CYLINDRICAL_SURFACE('',#1815,3.3);
#1607=CYLINDRICAL_SURFACE('',#1818,3.3);
#1608=CYLINDRICAL_SURFACE('',#1828,5.1);
#1609=CYLINDRICAL_SURFACE('',#1835,13.);
#1610=CYLINDRICAL_SURFACE('',#1837,5.);
#1611=CYLINDRICAL_SURFACE('',#1840,8.5);
#1612=CYLINDRICAL_SURFACE('',#1853,5.1);
#1613=CYLINDRICAL_SURFACE('',#1856,5.1);
#1614=CYLINDRICAL_SURFACE('',#1869,3.3);
#1615=CYLINDRICAL_SURFACE('',#1872,3.3);
#1616=CYLINDRICAL_SURFACE('',#1882,5.1);
#1617=CYLINDRICAL_SURFACE('',#1889,5.);
#1618=CYLINDRICAL_SURFACE('',#1891,13.);
#1619=CYLINDRICAL_SURFACE('',#1903,8.5);
#1620=CYLINDRICAL_SURFACE('',#1907,5.1);
#1621=CYLINDRICAL_SURFACE('',#1910,5.1);
#1622=CYLINDRICAL_SURFACE('',#1923,3.3);
#1623=CYLINDRICAL_SURFACE('',#1926,3.3);
#1624=CYLINDRICAL_SURFACE('',#1936,5.1);
#1625=CYLINDRICAL_SURFACE('',#1943,5.);
#1626=CYLINDRICAL_SURFACE('',#1945,13.);
#1627=CYLINDRICAL_SURFACE('',#1957,8.5);
#1628=ADVANCED_FACE('',(#182),#1604,.F.);
#1629=ADVANCED_FACE('',(#183),#1605,.F.);
#1630=ADVANCED_FACE('',(#184),#110,.F.);
#1631=ADVANCED_FACE('',(#185,#71),#111,.F.);
#1632=ADVANCED_FACE('',(#186),#112,.F.);
#1633=ADVANCED_FACE('',(#187),#113,.F.);
#1634=ADVANCED_FACE('',(#188,#72),#114,.F.);
#1635=ADVANCED_FACE('',(#189),#115,.F.);
#1636=ADVANCED_FACE('',(#190,#73),#116,.F.);
#1637=ADVANCED_FACE('',(#191),#117,.F.);
#1638=ADVANCED_FACE('',(#192),#118,.F.);
#1639=ADVANCED_FACE('',(#193,#74),#119,.F.);
#1640=ADVANCED_FACE('',(#194),#1606,.F.);
#1641=ADVANCED_FACE('',(#195),#1607,.F.);
#1642=ADVANCED_FACE('',(#196,#75,#76),#120,.T.);
#1643=ADVANCED_FACE('',(#197,#77,#78,#79,#80),#121,.F.);
#1644=ADVANCED_FACE('',(#198),#122,.F.);
#1645=ADVANCED_FACE('',(#199),#123,.F.);
#1646=ADVANCED_FACE('',(#200),#124,.F.);
#1647=ADVANCED_FACE('',(#201),#125,.F.);
#1648=ADVANCED_FACE('',(#202),#1608,.F.);
#1649=ADVANCED_FACE('',(#203),#126,.F.);
#1650=ADVANCED_FACE('',(#204,#81),#127,.T.);
#1651=ADVANCED_FACE('',(#205),#1609,.T.);
#1652=ADVANCED_FACE('',(#206),#1610,.F.);
#1653=ADVANCED_FACE('',(#207,#82),#128,.T.);
#1654=ADVANCED_FACE('',(#208),#1611,.T.);
#1655=ADVANCED_FACE('',(#209),#129,.T.);
#1656=ADVANCED_FACE('',(#210),#130,.T.);
#1657=ADVANCED_FACE('',(#211),#131,.T.);
#1658=ADVANCED_FACE('',(#212,#83),#132,.T.);
#1659=ADVANCED_FACE('',(#213),#133,.T.);
#1660=ADVANCED_FACE('',(#214),#1612,.F.);
#1661=ADVANCED_FACE('',(#215),#1613,.F.);
#1662=ADVANCED_FACE('',(#216),#134,.F.);
#1663=ADVANCED_FACE('',(#217,#84),#135,.F.);
#1664=ADVANCED_FACE('',(#218),#136,.F.);
#1665=ADVANCED_FACE('',(#219),#137,.F.);
#1666=ADVANCED_FACE('',(#220,#85),#138,.F.);
#1667=ADVANCED_FACE('',(#221),#139,.F.);
#1668=ADVANCED_FACE('',(#222,#86),#140,.F.);
#1669=ADVANCED_FACE('',(#223),#141,.F.);
#1670=ADVANCED_FACE('',(#224),#142,.F.);
#1671=ADVANCED_FACE('',(#225,#87),#143,.F.);
#1672=ADVANCED_FACE('',(#226),#1614,.F.);
#1673=ADVANCED_FACE('',(#227),#1615,.F.);
#1674=ADVANCED_FACE('',(#228,#88,#89),#144,.T.);
#1675=ADVANCED_FACE('',(#229,#90,#91,#92,#93),#145,.F.);
#1676=ADVANCED_FACE('',(#230),#146,.F.);
#1677=ADVANCED_FACE('',(#231),#147,.F.);
#1678=ADVANCED_FACE('',(#232),#148,.F.);
#1679=ADVANCED_FACE('',(#233),#149,.F.);
#1680=ADVANCED_FACE('',(#234),#1616,.F.);
#1681=ADVANCED_FACE('',(#235),#150,.F.);
#1682=ADVANCED_FACE('',(#236,#94),#151,.T.);
#1683=ADVANCED_FACE('',(#237),#1617,.F.);
#1684=ADVANCED_FACE('',(#238),#1618,.T.);
#1685=ADVANCED_FACE('',(#239,#95),#152,.T.);
#1686=ADVANCED_FACE('',(#240),#153,.T.);
#1687=ADVANCED_FACE('',(#241),#154,.T.);
#1688=ADVANCED_FACE('',(#242),#155,.T.);
#1689=ADVANCED_FACE('',(#243),#156,.T.);
#1690=ADVANCED_FACE('',(#244),#1619,.T.);
#1691=ADVANCED_FACE('',(#245,#96),#157,.T.);
#1692=ADVANCED_FACE('',(#246),#1620,.F.);
#1693=ADVANCED_FACE('',(#247),#1621,.F.);
#1694=ADVANCED_FACE('',(#248),#158,.F.);
#1695=ADVANCED_FACE('',(#249,#97),#159,.F.);
#1696=ADVANCED_FACE('',(#250),#160,.F.);
#1697=ADVANCED_FACE('',(#251),#161,.F.);
#1698=ADVANCED_FACE('',(#252,#98),#162,.F.);
#1699=ADVANCED_FACE('',(#253),#163,.F.);
#1700=ADVANCED_FACE('',(#254,#99),#164,.F.);
#1701=ADVANCED_FACE('',(#255),#165,.F.);
#1702=ADVANCED_FACE('',(#256),#166,.F.);
#1703=ADVANCED_FACE('',(#257,#100),#167,.F.);
#1704=ADVANCED_FACE('',(#258),#1622,.F.);
#1705=ADVANCED_FACE('',(#259),#1623,.F.);
#1706=ADVANCED_FACE('',(#260,#101,#102),#168,.T.);
#1707=ADVANCED_FACE('',(#261,#103,#104,#105,#106),#169,.F.);
#1708=ADVANCED_FACE('',(#262),#170,.F.);
#1709=ADVANCED_FACE('',(#263),#171,.F.);
#1710=ADVANCED_FACE('',(#264),#172,.F.);
#1711=ADVANCED_FACE('',(#265),#173,.F.);
#1712=ADVANCED_FACE('',(#266),#1624,.F.);
#1713=ADVANCED_FACE('',(#267),#174,.F.);
#1714=ADVANCED_FACE('',(#268,#107),#175,.T.);
#1715=ADVANCED_FACE('',(#269),#1625,.F.);
#1716=ADVANCED_FACE('',(#270),#1626,.T.);
#1717=ADVANCED_FACE('',(#271,#108),#176,.T.);
#1718=ADVANCED_FACE('',(#272),#177,.T.);
#1719=ADVANCED_FACE('',(#273),#178,.T.);
#1720=ADVANCED_FACE('',(#274),#179,.T.);
#1721=ADVANCED_FACE('',(#275),#180,.T.);
#1722=ADVANCED_FACE('',(#276),#1627,.T.);
#1723=ADVANCED_FACE('',(#277,#109),#181,.T.);
#1724=CLOSED_SHELL('',(#1628,#1629,#1630,#1631,#1632,#1633,#1634,#1635,
#1636,#1637,#1638,#1639,#1640,#1641,#1642,#1643,#1644,#1645,#1646,#1647));
#1725=CLOSED_SHELL('',(#1648,#1649,#1650,#1651,#1652,#1653,#1654,#1655,
#1656,#1657,#1658,#1659));
#1726=CLOSED_SHELL('',(#1660,#1661,#1662,#1663,#1664,#1665,#1666,#1667,
#1668,#1669,#1670,#1671,#1672,#1673,#1674,#1675,#1676,#1677,#1678,#1679));
#1727=CLOSED_SHELL('',(#1680,#1681,#1682,#1683,#1684,#1685,#1686,#1687,
#1688,#1689,#1690,#1691));
#1728=CLOSED_SHELL('',(#1692,#1693,#1694,#1695,#1696,#1697,#1698,#1699,
#1700,#1701,#1702,#1703,#1704,#1705,#1706,#1707,#1708,#1709,#1710,#1711));
#1729=CLOSED_SHELL('',(#1712,#1713,#1714,#1715,#1716,#1717,#1718,#1719,
#1720,#1721,#1722,#1723));
#1730=DERIVED_UNIT_ELEMENT(#1742,1.);
#1731=DERIVED_UNIT_ELEMENT(#2994,-3.);
#1732=DERIVED_UNIT_ELEMENT(#1742,1.);
#1733=DERIVED_UNIT_ELEMENT(#2994,-3.);
#1734=DERIVED_UNIT_ELEMENT(#1742,1.);
#1735=DERIVED_UNIT_ELEMENT(#2994,-3.);
#1736=DERIVED_UNIT_ELEMENT(#1742,1.);
#1737=DERIVED_UNIT_ELEMENT(#2994,-3.);
#1738=DERIVED_UNIT_ELEMENT(#1742,1.);
#1739=DERIVED_UNIT_ELEMENT(#2994,-3.);
#1740=DERIVED_UNIT_ELEMENT(#1742,1.);
#1741=DERIVED_UNIT_ELEMENT(#2994,-3.);
#1742=(
MASS_UNIT()
NAMED_UNIT(*)
SI_UNIT(.KILO.,.GRAM.)
);
#1743=DERIVED_UNIT((#1730,#1731));
#1744=DERIVED_UNIT((#1732,#1733));
#1745=DERIVED_UNIT((#1734,#1735));
#1746=DERIVED_UNIT((#1736,#1737));
#1747=DERIVED_UNIT((#1738,#1739));
#1748=DERIVED_UNIT((#1740,#1741));
#1749=MEASURE_REPRESENTATION_ITEM('density measure',
POSITIVE_RATIO_MEASURE(7850.),#1743);
#1750=MEASURE_REPRESENTATION_ITEM('density measure',
POSITIVE_RATIO_MEASURE(7850.),#1744);
#1751=MEASURE_REPRESENTATION_ITEM('density measure',
POSITIVE_RATIO_MEASURE(7850.),#1745);
#1752=MEASURE_REPRESENTATION_ITEM('density measure',
POSITIVE_RATIO_MEASURE(7850.),#1746);
#1753=MEASURE_REPRESENTATION_ITEM('density measure',
POSITIVE_RATIO_MEASURE(7850.),#1747);
#1754=MEASURE_REPRESENTATION_ITEM('density measure',
POSITIVE_RATIO_MEASURE(7850.),#1748);
#1755=PROPERTY_DEFINITION_REPRESENTATION(#1785,#1767);
#1756=PROPERTY_DEFINITION_REPRESENTATION(#1786,#1768);
#1757=PROPERTY_DEFINITION_REPRESENTATION(#1787,#1769);
#1758=PROPERTY_DEFINITION_REPRESENTATION(#1788,#1770);
#1759=PROPERTY_DEFINITION_REPRESENTATION(#1789,#1771);
#1760=PROPERTY_DEFINITION_REPRESENTATION(#1790,#1772);
#1761=PROPERTY_DEFINITION_REPRESENTATION(#1791,#1773);
#1762=PROPERTY_DEFINITION_REPRESENTATION(#1792,#1774);
#1763=PROPERTY_DEFINITION_REPRESENTATION(#1793,#1775);
#1764=PROPERTY_DEFINITION_REPRESENTATION(#1794,#1776);
#1765=PROPERTY_DEFINITION_REPRESENTATION(#1795,#1777);
#1766=PROPERTY_DEFINITION_REPRESENTATION(#1796,#1778);
#1767=REPRESENTATION('material name',(#1779),#2986);
#1768=REPRESENTATION('density',(#1749),#2986);
#1769=REPRESENTATION('material name',(#1780),#2987);
#1770=REPRESENTATION('density',(#1750),#2987);
#1771=REPRESENTATION('material name',(#1781),#2988);
#1772=REPRESENTATION('density',(#1751),#2988);
#1773=REPRESENTATION('material name',(#1782),#2989);
#1774=REPRESENTATION('density',(#1752),#2989);
#1775=REPRESENTATION('material name',(#1783),#2990);
#1776=REPRESENTATION('density',(#1753),#2990);
#1777=REPRESENTATION('material name',(#1784),#2991);
#1778=REPRESENTATION('density',(#1754),#2991);
#1779=DESCRIPTIVE_REPRESENTATION_ITEM('\X2\AC15CCA0\X0\','\X2\AC15CCA0\X0\');
#1780=DESCRIPTIVE_REPRESENTATION_ITEM('\X2\AC15CCA0\X0\','\X2\AC15CCA0\X0\');
#1781=DESCRIPTIVE_REPRESENTATION_ITEM('\X2\AC15CCA0\X0\','\X2\AC15CCA0\X0\');
#1782=DESCRIPTIVE_REPRESENTATION_ITEM('\X2\AC15CCA0\X0\','\X2\AC15CCA0\X0\');
#1783=DESCRIPTIVE_REPRESENTATION_ITEM('\X2\AC15CCA0\X0\','\X2\AC15CCA0\X0\');
#1784=DESCRIPTIVE_REPRESENTATION_ITEM('\X2\AC15CCA0\X0\','\X2\AC15CCA0\X0\');
#1785=PROPERTY_DEFINITION('material property','material name',#3026);
#1786=PROPERTY_DEFINITION('material property','density of part',#3026);
#1787=PROPERTY_DEFINITION('material property','material name',#3027);
#1788=PROPERTY_DEFINITION('material property','density of part',#3027);
#1789=PROPERTY_DEFINITION('material property','material name',#3028);
#1790=PROPERTY_DEFINITION('material property','density of part',#3028);
#1791=PROPERTY_DEFINITION('material property','material name',#3029);
#1792=PROPERTY_DEFINITION('material property','density of part',#3029);
#1793=PROPERTY_DEFINITION('material property','material name',#3030);
#1794=PROPERTY_DEFINITION('material property','density of part',#3030);
#1795=PROPERTY_DEFINITION('material property','material name',#3031);
#1796=PROPERTY_DEFINITION('material property','density of part',#3031);
#1797=AXIS2_PLACEMENT_3D('',#2457,#1966,#1967);
#1798=AXIS2_PLACEMENT_3D('',#2458,#1968,#1969);
#1799=AXIS2_PLACEMENT_3D('',#2459,#1970,#1971);
#1800=AXIS2_PLACEMENT_3D('',#2461,#1972,#1973);
#1801=AXIS2_PLACEMENT_3D('',#2464,#1975,#1976);
#1802=AXIS2_PLACEMENT_3D('',#2465,#1977,#1978);
#1803=AXIS2_PLACEMENT_3D('',#2467,#1979,#1980);
#1804=AXIS2_PLACEMENT_3D('',#2470,#1982,#1983);
#1805=AXIS2_PLACEMENT_3D('',#2471,#1984,#1985);
#1806=AXIS2_PLACEMENT_3D('',#2480,#1990,#1991);
#1807=AXIS2_PLACEMENT_3D('',#2486,#1995,#1996);
#1808=AXIS2_PLACEMENT_3D('',#2490,#1999,#2000);
#1809=AXIS2_PLACEMENT_3D('',#2494,#2003,#2004);
#1810=AXIS2_PLACEMENT_3D('',#2496,#2006,#2007);
#1811=AXIS2_PLACEMENT_3D('',#2505,#2012,#2013);
#1812=AXIS2_PLACEMENT_3D('',#2511,#2017,#2018);
#1813=AXIS2_PLACEMENT_3D('',#2515,#2021,#2022);
#1814=AXIS2_PLACEMENT_3D('',#2519,#2025,#2026);
#1815=AXIS2_PLACEMENT_3D('',#2521,#2028,#2029);
#1816=AXIS2_PLACEMENT_3D('',#2523,#2030,#2031);
#1817=AXIS2_PLACEMENT_3D('',#2526,#2033,#2034);
#1818=AXIS2_PLACEMENT_3D('',#2527,#2035,#2036);
#1819=AXIS2_PLACEMENT_3D('',#2529,#2037,#2038);
#1820=AXIS2_PLACEMENT_3D('',#2532,#2040,#2041);
#1821=AXIS2_PLACEMENT_3D('',#2533,#2042,#2043);
#1822=AXIS2_PLACEMENT_3D('',#2542,#2048,#2049);
#1823=AXIS2_PLACEMENT_3D('',#2551,#2054,#2055);
#1824=AXIS2_PLACEMENT_3D('',#2554,#2058,#2059);
#1825=AXIS2_PLACEMENT_3D('',#2556,#2061,#2062);
#1826=AXIS2_PLACEMENT_3D('',#2558,#2064,#2065);
#1827=AXIS2_PLACEMENT_3D('',#2559,#2066,#2067);
#1828=AXIS2_PLACEMENT_3D('',#2560,#2068,#2069);
#1829=AXIS2_PLACEMENT_3D('',#2562,#2070,#2071);
#1830=AXIS2_PLACEMENT_3D('',#2565,#2073,#2074);
#1831=AXIS2_PLACEMENT_3D('',#2566,#2075,#2076);
#1832=AXIS2_PLACEMENT_3D('',#2567,#2077,#2078);
#1833=AXIS2_PLACEMENT_3D('',#2575,#2082,#2083);
#1834=AXIS2_PLACEMENT_3D('',#2577,#2084,#2085);
#1835=AXIS2_PLACEMENT_3D('',#2578,#2086,#2087);
#1836=AXIS2_PLACEMENT_3D('',#2603,#2090,#2091);
#1837=AXIS2_PLACEMENT_3D('',#2604,#2092,#2093);
#1838=AXIS2_PLACEMENT_3D('',#2607,#2095,#2096);
#1839=AXIS2_PLACEMENT_3D('',#2608,#2097,#2098);
#1840=AXIS2_PLACEMENT_3D('',#2614,#2102,#2103);
#1841=AXIS2_PLACEMENT_3D('',#2616,#2104,#2105);
#1842=AXIS2_PLACEMENT_3D('',#2619,#2107,#2108);
#1843=AXIS2_PLACEMENT_3D('',#2620,#2109,#2110);
#1844=AXIS2_PLACEMENT_3D('',#2621,#2111,#2112);
#1845=AXIS2_PLACEMENT_3D('',#2622,#2113,#2114);
#1846=AXIS2_PLACEMENT_3D('',#2623,#2115,#2116);
#1847=AXIS2_PLACEMENT_3D('',#2624,#2117,#2118);
#1848=AXIS2_PLACEMENT_3D('',#2625,#2119,#2120);
#1849=AXIS2_PLACEMENT_3D('',#2626,#2121,#2122);
#1850=AXIS2_PLACEMENT_3D('',#2627,#2123,#2124);
#1851=AXIS2_PLACEMENT_3D('',#2628,#2125,#2126);
#1852=AXIS2_PLACEMENT_3D('',#2629,#2127,#2128);
#1853=AXIS2_PLACEMENT_3D('',#2630,#2129,#2130);
#1854=AXIS2_PLACEMENT_3D('',#2632,#2131,#2132);
#1855=AXIS2_PLACEMENT_3D('',#2635,#2134,#2135);
#1856=AXIS2_PLACEMENT_3D('',#2636,#2136,#2137);
#1857=AXIS2_PLACEMENT_3D('',#2638,#2138,#2139);
#1858=AXIS2_PLACEMENT_3D('',#2641,#2141,#2142);
#1859=AXIS2_PLACEMENT_3D('',#2642,#2143,#2144);
#1860=AXIS2_PLACEMENT_3D('',#2651,#2149,#2150);
#1861=AXIS2_PLACEMENT_3D('',#2657,#2154,#2155);
#1862=AXIS2_PLACEMENT_3D('',#2661,#2158,#2159);
#1863=AXIS2_PLACEMENT_3D('',#2665,#2162,#2163);
#1864=AXIS2_PLACEMENT_3D('',#2667,#2165,#2166);
#1865=AXIS2_PLACEMENT_3D('',#2676,#2171,#2172);
#1866=AXIS2_PLACEMENT_3D('',#2682,#2176,#2177);
#1867=AXIS2_PLACEMENT_3D('',#2686,#2180,#2181);
#1868=AXIS2_PLACEMENT_3D('',#2690,#2184,#2185);
#1869=AXIS2_PLACEMENT_3D('',#2692,#2187,#2188);
#1870=AXIS2_PLACEMENT_3D('',#2694,#2189,#2190);
#1871=AXIS2_PLACEMENT_3D('',#2697,#2192,#2193);
#1872=AXIS2_PLACEMENT_3D('',#2698,#2194,#2195);
#1873=AXIS2_PLACEMENT_3D('',#2700,#2196,#2197);
#1874=AXIS2_PLACEMENT_3D('',#2703,#2199,#2200);
#1875=AXIS2_PLACEMENT_3D('',#2704,#2201,#2202);
#1876=AXIS2_PLACEMENT_3D('',#2713,#2207,#2208);
#1877=AXIS2_PLACEMENT_3D('',#2722,#2213,#2214);
#1878=AXIS2_PLACEMENT_3D('',#2725,#2217,#2218);
#1879=AXIS2_PLACEMENT_3D('',#2727,#2220,#2221);
#1880=AXIS2_PLACEMENT_3D('',#2729,#2223,#2224);
#1881=AXIS2_PLACEMENT_3D('',#2730,#2225,#2226);
#1882=AXIS2_PLACEMENT_3D('',#2731,#2227,#2228);
#1883=AXIS2_PLACEMENT_3D('',#2733,#2229,#2230);
#1884=AXIS2_PLACEMENT_3D('',#2736,#2232,#2233);
#1885=AXIS2_PLACEMENT_3D('',#2737,#2234,#2235);
#1886=AXIS2_PLACEMENT_3D('',#2738,#2236,#2237);
#1887=AXIS2_PLACEMENT_3D('',#2746,#2241,#2242);
#1888=AXIS2_PLACEMENT_3D('',#2748,#2243,#2244);
#1889=AXIS2_PLACEMENT_3D('',#2749,#2245,#2246);
#1890=AXIS2_PLACEMENT_3D('',#2752,#2248,#2249);
#1891=AXIS2_PLACEMENT_3D('',#2753,#2250,#2251);
#1892=AXIS2_PLACEMENT_3D('',#2772,#2253,#2254);
#1893=AXIS2_PLACEMENT_3D('',#2779,#2256,#2257);
#1894=AXIS2_PLACEMENT_3D('',#2785,#2261,#2262);
#1895=AXIS2_PLACEMENT_3D('',#2786,#2263,#2264);
#1896=AXIS2_PLACEMENT_3D('',#2787,#2265,#2266);
#1897=AXIS2_PLACEMENT_3D('',#2789,#2267,#2268);
#1898=AXIS2_PLACEMENT_3D('',#2790,#2269,#2270);
#1899=AXIS2_PLACEMENT_3D('',#2791,#2271,#2272);
#1900=AXIS2_PLACEMENT_3D('',#2792,#2273,#2274);
#1901=AXIS2_PLACEMENT_3D('',#2793,#2275,#2276);
#1902=AXIS2_PLACEMENT_3D('',#2794,#2277,#2278);
#1903=AXIS2_PLACEMENT_3D('',#2795,#2279,#2280);
#1904=AXIS2_PLACEMENT_3D('',#2798,#2282,#2283);
#1905=AXIS2_PLACEMENT_3D('',#2799,#2284,#2285);
#1906=AXIS2_PLACEMENT_3D('',#2800,#2286,#2287);
#1907=AXIS2_PLACEMENT_3D('',#2801,#2288,#2289);
#1908=AXIS2_PLACEMENT_3D('',#2803,#2290,#2291);
#1909=AXIS2_PLACEMENT_3D('',#2806,#2293,#2294);
#1910=AXIS2_PLACEMENT_3D('',#2807,#2295,#2296);
#1911=AXIS2_PLACEMENT_3D('',#2809,#2297,#2298);
#1912=AXIS2_PLACEMENT_3D('',#2812,#2300,#2301);
#1913=AXIS2_PLACEMENT_3D('',#2813,#2302,#2303);
#1914=AXIS2_PLACEMENT_3D('',#2822,#2308,#2309);
#1915=AXIS2_PLACEMENT_3D('',#2828,#2313,#2314);
#1916=AXIS2_PLACEMENT_3D('',#2832,#2317,#2318);
#1917=AXIS2_PLACEMENT_3D('',#2836,#2321,#2322);
#1918=AXIS2_PLACEMENT_3D('',#2838,#2324,#2325);
#1919=AXIS2_PLACEMENT_3D('',#2847,#2330,#2331);
#1920=AXIS2_PLACEMENT_3D('',#2853,#2335,#2336);
#1921=AXIS2_PLACEMENT_3D('',#2857,#2339,#2340);
#1922=AXIS2_PLACEMENT_3D('',#2861,#2343,#2344);
#1923=AXIS2_PLACEMENT_3D('',#2863,#2346,#2347);
#1924=AXIS2_PLACEMENT_3D('',#2865,#2348,#2349);
#1925=AXIS2_PLACEMENT_3D('',#2868,#2351,#2352);
#1926=AXIS2_PLACEMENT_3D('',#2869,#2353,#2354);
#1927=AXIS2_PLACEMENT_3D('',#2871,#2355,#2356);
#1928=AXIS2_PLACEMENT_3D('',#2874,#2358,#2359);
#1929=AXIS2_PLACEMENT_3D('',#2875,#2360,#2361);
#1930=AXIS2_PLACEMENT_3D('',#2884,#2366,#2367);
#1931=AXIS2_PLACEMENT_3D('',#2893,#2372,#2373);
#1932=AXIS2_PLACEMENT_3D('',#2896,#2376,#2377);
#1933=AXIS2_PLACEMENT_3D('',#2898,#2379,#2380);
#1934=AXIS2_PLACEMENT_3D('',#2900,#2382,#2383);
#1935=AXIS2_PLACEMENT_3D('',#2901,#2384,#2385);
#1936=AXIS2_PLACEMENT_3D('',#2902,#2386,#2387);
#1937=AXIS2_PLACEMENT_3D('',#2904,#2388,#2389);
#1938=AXIS2_PLACEMENT_3D('',#2907,#2391,#2392);
#1939=AXIS2_PLACEMENT_3D('',#2908,#2393,#2394);
#1940=AXIS2_PLACEMENT_3D('',#2909,#2395,#2396);
#1941=AXIS2_PLACEMENT_3D('',#2917,#2400,#2401);
#1942=AXIS2_PLACEMENT_3D('',#2919,#2402,#2403);
#1943=AXIS2_PLACEMENT_3D('',#2920,#2404,#2405);
#1944=AXIS2_PLACEMENT_3D('',#2922,#2406,#2407);
#1945=AXIS2_PLACEMENT_3D('',#2924,#2409,#2410);
#1946=AXIS2_PLACEMENT_3D('',#2943,#2412,#2413);
#1947=AXIS2_PLACEMENT_3D('',#2950,#2415,#2416);
#1948=AXIS2_PLACEMENT_3D('',#2956,#2420,#2421);
#1949=AXIS2_PLACEMENT_3D('',#2957,#2422,#2423);
#1950=AXIS2_PLACEMENT_3D('',#2958,#2424,#2425);
#1951=AXIS2_PLACEMENT_3D('',#2960,#2426,#2427);
#1952=AXIS2_PLACEMENT_3D('',#2961,#2428,#2429);
#1953=AXIS2_PLACEMENT_3D('',#2962,#2430,#2431);
#1954=AXIS2_PLACEMENT_3D('',#2963,#2432,#2433);
#1955=AXIS2_PLACEMENT_3D('',#2964,#2434,#2435);
#1956=AXIS2_PLACEMENT_3D('',#2965,#2436,#2437);
#1957=AXIS2_PLACEMENT_3D('',#2966,#2438,#2439);
#1958=AXIS2_PLACEMENT_3D('',#2969,#2441,#2442);
#1959=AXIS2_PLACEMENT_3D('',#2970,#2443,#2444);
#1960=AXIS2_PLACEMENT_3D('',#2971,#2445,#2446);
#1961=AXIS2_PLACEMENT_3D('',#2972,#2447,#2448);
#1962=AXIS2_PLACEMENT_3D('',#2973,#2449,#2450);
#1963=AXIS2_PLACEMENT_3D('',#2974,#2451,#2452);
#1964=AXIS2_PLACEMENT_3D('',#2975,#2453,#2454);
#1965=AXIS2_PLACEMENT_3D('',#2976,#2455,#2456);
#1966=DIRECTION('axis',(0.,0.,1.));
#1967=DIRECTION('refdir',(1.,0.,0.));
#1968=DIRECTION('axis',(0.,0.,1.));
#1969=DIRECTION('refdir',(1.,0.,0.));
#1970=DIRECTION('center_axis',(-1.,0.,0.));
#1971=DIRECTION('ref_axis',(0.,0.,1.));
#1972=DIRECTION('center_axis',(-1.,6.12323399573677E-17,0.));
#1973=DIRECTION('ref_axis',(0.,0.,1.));
#1974=DIRECTION('',(-1.,0.,0.));
#1975=DIRECTION('center_axis',(1.,-6.12323399573677E-17,0.));
#1976=DIRECTION('ref_axis',(0.,0.,1.));
#1977=DIRECTION('center_axis',(-1.,0.,0.));
#1978=DIRECTION('ref_axis',(0.,0.,1.));
#1979=DIRECTION('center_axis',(-1.,6.12323399573677E-17,0.));
#1980=DIRECTION('ref_axis',(0.,0.,1.));
#1981=DIRECTION('',(-1.,0.,0.));
#1982=DIRECTION('center_axis',(1.,-6.12323399573677E-17,0.));
#1983=DIRECTION('ref_axis',(0.,0.,1.));
#1984=DIRECTION('center_axis',(-6.12323399573677E-17,-1.,0.));
#1985=DIRECTION('ref_axis',(0.,0.,1.));
#1986=DIRECTION('',(-1.,6.12323399573677E-17,0.));
#1987=DIRECTION('',(0.,0.,-1.));
#1988=DIRECTION('',(1.,-6.12323399573677E-17,0.));
#1989=DIRECTION('',(0.,0.,-1.));
#1990=DIRECTION('center_axis',(-1.,6.12323399573677E-17,0.));
#1991=DIRECTION('ref_axis',(0.,0.,1.));
#1992=DIRECTION('',(6.12323399573677E-17,1.,0.));
#1993=DIRECTION('',(0.,0.,-1.));
#1994=DIRECTION('',(-6.12323399573677E-17,-1.,0.));
#1995=DIRECTION('center_axis',(0.,0.,1.));
#1996=DIRECTION('ref_axis',(6.12323399573677E-17,1.,0.));
#1997=DIRECTION('',(-1.,6.12323399573677E-17,0.));
#1998=DIRECTION('',(6.12323399573677E-17,1.,0.));
#1999=DIRECTION('center_axis',(6.12323399573677E-17,1.,0.));
#2000=DIRECTION('ref_axis',(0.,0.,-1.));
#2001=DIRECTION('',(1.,-6.12323399573677E-17,0.));
#2002=DIRECTION('',(0.,0.,-1.));
#2003=DIRECTION('center_axis',(1.,-6.12323399573677E-17,0.));
#2004=DIRECTION('ref_axis',(0.,0.,-1.));
#2005=DIRECTION('',(-6.12323399573677E-17,-1.,0.));
#2006=DIRECTION('center_axis',(-6.12323399573677E-17,-1.,0.));
#2007=DIRECTION('ref_axis',(0.,0.,1.));
#2008=DIRECTION('',(-1.,6.12323399573677E-17,0.));
#2009=DIRECTION('',(0.,0.,-1.));
#2010=DIRECTION('',(1.,-6.12323399573677E-17,0.));
#2011=DIRECTION('',(0.,0.,-1.));
#2012=DIRECTION('center_axis',(-1.,6.12323399573677E-17,0.));
#2013=DIRECTION('ref_axis',(0.,0.,1.));
#2014=DIRECTION('',(6.12323399573677E-17,1.,0.));
#2015=DIRECTION('',(0.,0.,-1.));
#2016=DIRECTION('',(-6.12323399573677E-17,-1.,0.));
#2017=DIRECTION('center_axis',(0.,0.,1.));
#2018=DIRECTION('ref_axis',(6.12323399573677E-17,1.,0.));
#2019=DIRECTION('',(-1.,6.12323399573677E-17,0.));
#2020=DIRECTION('',(6.12323399573677E-17,1.,0.));
#2021=DIRECTION('center_axis',(6.12323399573677E-17,1.,0.));
#2022=DIRECTION('ref_axis',(0.,0.,-1.));
#2023=DIRECTION('',(1.,-6.12323399573677E-17,0.));
#2024=DIRECTION('',(0.,0.,-1.));
#2025=DIRECTION('center_axis',(1.,-6.12323399573677E-17,0.));
#2026=DIRECTION('ref_axis',(0.,0.,-1.));
#2027=DIRECTION('',(-6.12323399573677E-17,-1.,0.));
#2028=DIRECTION('center_axis',(0.,0.,1.));
#2029=DIRECTION('ref_axis',(1.,0.,0.));
#2030=DIRECTION('center_axis',(0.,0.,1.));
#2031=DIRECTION('ref_axis',(1.,0.,0.));
#2032=DIRECTION('',(0.,0.,1.));
#2033=DIRECTION('center_axis',(0.,0.,-1.));
#2034=DIRECTION('ref_axis',(1.,0.,0.));
#2035=DIRECTION('center_axis',(0.,0.,1.));
#2036=DIRECTION('ref_axis',(1.,0.,0.));
#2037=DIRECTION('center_axis',(0.,0.,1.));
#2038=DIRECTION('ref_axis',(1.,0.,0.));
#2039=DIRECTION('',(0.,0.,1.));
#2040=DIRECTION('center_axis',(0.,0.,-1.));
#2041=DIRECTION('ref_axis',(1.,0.,0.));
#2042=DIRECTION('center_axis',(0.,0.,1.));
#2043=DIRECTION('ref_axis',(1.,0.,0.));
#2044=DIRECTION('',(0.,1.,0.));
#2045=DIRECTION('',(-1.,0.,0.));
#2046=DIRECTION('',(0.,-1.,0.));
#2047=DIRECTION('',(1.,0.,0.));
#2048=DIRECTION('center_axis',(0.,0.,1.));
#2049=DIRECTION('ref_axis',(1.,0.,0.));
#2050=DIRECTION('',(0.,-1.,0.));
#2051=DIRECTION('',(-1.,0.,0.));
#2052=DIRECTION('',(0.,1.,0.));
#2053=DIRECTION('',(1.,0.,0.));
#2054=DIRECTION('center_axis',(0.,1.,0.));
#2055=DIRECTION('ref_axis',(0.,0.,1.));
#2056=DIRECTION('',(0.,0.,-1.));
#2057=DIRECTION('',(0.,0.,-1.));
#2058=DIRECTION('center_axis',(1.,0.,0.));
#2059=DIRECTION('ref_axis',(0.,0.,-1.));
#2060=DIRECTION('',(0.,0.,-1.));
#2061=DIRECTION('center_axis',(0.,-1.,0.));
#2062=DIRECTION('ref_axis',(0.,0.,-1.));
#2063=DIRECTION('',(0.,0.,-1.));
#2064=DIRECTION('center_axis',(-1.,0.,0.));
#2065=DIRECTION('ref_axis',(0.,0.,1.));
#2066=DIRECTION('axis',(0.,0.,1.));
#2067=DIRECTION('refdir',(1.,0.,0.));
#2068=DIRECTION('center_axis',(4.63599090026142E-17,0.757114770314049,0.653281887528122));
#2069=DIRECTION('ref_axis',(1.,-3.50997718562945E-17,-3.02860888588598E-17));
#2070=DIRECTION('center_axis',(4.63599090026142E-17,0.757114770314049,0.653281887528122));
#2071=DIRECTION('ref_axis',(1.,-3.50997718562945E-17,-3.02860888588598E-17));
#2072=DIRECTION('',(4.63599090026142E-17,0.757114770314049,0.653281887528122));
#2073=DIRECTION('center_axis',(4.63599090026142E-17,0.757114770314049,0.653281887528122));
#2074=DIRECTION('ref_axis',(1.,-3.50997718562945E-17,-3.02860888588598E-17));
#2075=DIRECTION('center_axis',(4.63599090026142E-17,0.757114770314049,0.653281887528122));
#2076=DIRECTION('ref_axis',(1.,-3.50997718562945E-17,-3.02860888588598E-17));
#2077=DIRECTION('center_axis',(1.,0.,0.));
#2078=DIRECTION('ref_axis',(0.,0.,-1.));
#2079=DIRECTION('',(-4.63599090026142E-17,-0.757114770314049,-0.653281887528122));
#2080=DIRECTION('',(0.,-0.653281887528122,0.757114770314049));
#2081=DIRECTION('',(4.63599090026142E-17,0.757114770314049,0.653281887528122));
#2082=DIRECTION('center_axis',(1.,0.,0.));
#2083=DIRECTION('ref_axis',(0.,0.,1.));
#2084=DIRECTION('center_axis',(-1.,0.,0.));
#2085=DIRECTION('ref_axis',(0.,0.,1.));
#2086=DIRECTION('center_axis',(-1.,0.,0.));
#2087=DIRECTION('ref_axis',(0.,0.75711477031405,0.65328188752812));
#2088=DIRECTION('',(-1.,0.,0.));
#2089=DIRECTION('',(1.,0.,0.));
#2090=DIRECTION('center_axis',(-1.,0.,0.));
#2091=DIRECTION('ref_axis',(0.,0.,1.));
#2092=DIRECTION('center_axis',(-1.,0.,0.));
#2093=DIRECTION('ref_axis',(0.,0.,1.));
#2094=DIRECTION('',(-1.,0.,0.));
#2095=DIRECTION('center_axis',(1.,0.,0.));
#2096=DIRECTION('ref_axis',(0.,0.,1.));
#2097=DIRECTION('center_axis',(-1.,0.,0.));
#2098=DIRECTION('ref_axis',(0.,0.,1.));
#2099=DIRECTION('',(4.63599090026142E-17,0.757114770314049,0.653281887528122));
#2100=DIRECTION('',(-4.63599090026142E-17,-0.757114770314049,-0.653281887528122));
#2101=DIRECTION('',(0.,0.653281887528122,-0.757114770314049));
#2102=DIRECTION('center_axis',(4.63599090026142E-17,0.757114770314049,0.653281887528122));
#2103=DIRECTION('ref_axis',(1.,-3.50997718562944E-17,-3.02860888588598E-17));
#2104=DIRECTION('center_axis',(4.63599090026142E-17,0.757114770314049,0.653281887528122));
#2105=DIRECTION('ref_axis',(1.,-3.50997718562944E-17,-3.02860888588598E-17));
#2106=DIRECTION('',(-4.63599090026142E-17,-0.757114770314049,-0.653281887528122));
#2107=DIRECTION('center_axis',(-4.63599090026142E-17,-0.757114770314049,
-0.653281887528122));
#2108=DIRECTION('ref_axis',(1.,-3.50997718562944E-17,-3.02860888588598E-17));
#2109=DIRECTION('center_axis',(4.63599090026142E-17,0.757114770314049,0.653281887528122));
#2110=DIRECTION('ref_axis',(1.,-3.50997718562944E-17,-3.02860888588598E-17));
#2111=DIRECTION('center_axis',(4.63599090026142E-17,0.757114770314049,0.653281887528122));
#2112=DIRECTION('ref_axis',(1.,-3.50997718562944E-17,-3.02860888588598E-17));
#2113=DIRECTION('center_axis',(4.63599090026142E-17,0.757114770314049,0.653281887528122));
#2114=DIRECTION('ref_axis',(1.,-3.50997718562944E-17,-3.02860888588598E-17));
#2115=DIRECTION('center_axis',(4.63599090026142E-17,0.757114770314049,0.653281887528122));
#2116=DIRECTION('ref_axis',(1.,-3.50997718562944E-17,-3.02860888588598E-17));
#2117=DIRECTION('center_axis',(4.63599090026142E-17,0.757114770314049,0.653281887528122));
#2118=DIRECTION('ref_axis',(1.,-3.50997718562944E-17,-3.02860888588598E-17));
#2119=DIRECTION('center_axis',(4.63599090026142E-17,0.757114770314049,0.653281887528122));
#2120=DIRECTION('ref_axis',(1.,-3.50997718562944E-17,-3.02860888588598E-17));
#2121=DIRECTION('center_axis',(4.63599090026142E-17,0.757114770314049,0.653281887528122));
#2122=DIRECTION('ref_axis',(1.,-3.50997718562944E-17,-3.02860888588598E-17));
#2123=DIRECTION('center_axis',(-4.63599090026142E-17,-0.757114770314049,
-0.653281887528122));
#2124=DIRECTION('ref_axis',(-1.,3.50997718562944E-17,3.02860888588598E-17));
#2125=DIRECTION('center_axis',(4.63599090026142E-17,0.757114770314049,0.653281887528122));
#2126=DIRECTION('ref_axis',(1.,-3.50997718562944E-17,-3.02860888588598E-17));
#2127=DIRECTION('axis',(0.,0.,1.));
#2128=DIRECTION('refdir',(1.,0.,0.));
#2129=DIRECTION('center_axis',(0.5,-0.866025403784438,0.));
#2130=DIRECTION('ref_axis',(0.866025403784438,0.5,0.));
#2131=DIRECTION('center_axis',(0.5,-0.866025403784439,0.));
#2132=DIRECTION('ref_axis',(0.866025403784438,0.5,0.));
#2133=DIRECTION('',(0.5,-0.866025403784438,0.));
#2134=DIRECTION('center_axis',(-0.5,0.866025403784439,0.));
#2135=DIRECTION('ref_axis',(0.866025403784438,0.5,0.));
#2136=DIRECTION('center_axis',(0.5,-0.866025403784438,0.));
#2137=DIRECTION('ref_axis',(0.866025403784438,0.5,0.));
#2138=DIRECTION('center_axis',(0.5,-0.866025403784439,0.));
#2139=DIRECTION('ref_axis',(0.866025403784438,0.5,0.));
#2140=DIRECTION('',(0.5,-0.866025403784438,0.));
#2141=DIRECTION('center_axis',(-0.5,0.866025403784439,0.));
#2142=DIRECTION('ref_axis',(0.866025403784438,0.5,0.));
#2143=DIRECTION('center_axis',(0.866025403784439,0.5,0.));
#2144=DIRECTION('ref_axis',(0.,0.,1.));
#2145=DIRECTION('',(0.5,-0.866025403784439,0.));
#2146=DIRECTION('',(0.,0.,-1.));
#2147=DIRECTION('',(-0.5,0.866025403784439,0.));
#2148=DIRECTION('',(0.,0.,-1.));
#2149=DIRECTION('center_axis',(0.5,-0.866025403784439,0.));
#2150=DIRECTION('ref_axis',(0.,0.,1.));
#2151=DIRECTION('',(-0.866025403784439,-0.5,0.));
#2152=DIRECTION('',(0.,0.,-1.));
#2153=DIRECTION('',(0.866025403784439,0.5,0.));
#2154=DIRECTION('center_axis',(0.,0.,1.));
#2155=DIRECTION('ref_axis',(-0.866025403784439,-0.5,0.));
#2156=DIRECTION('',(0.5,-0.866025403784439,0.));
#2157=DIRECTION('',(-0.866025403784439,-0.5,0.));
#2158=DIRECTION('center_axis',(-0.866025403784439,-0.5,0.));
#2159=DIRECTION('ref_axis',(0.,0.,-1.));
#2160=DIRECTION('',(-0.5,0.866025403784439,0.));
#2161=DIRECTION('',(0.,0.,-1.));
#2162=DIRECTION('center_axis',(-0.5,0.866025403784439,0.));
#2163=DIRECTION('ref_axis',(0.,0.,-1.));
#2164=DIRECTION('',(0.866025403784439,0.5,0.));
#2165=DIRECTION('center_axis',(0.866025403784439,0.5,0.));
#2166=DIRECTION('ref_axis',(0.,0.,1.));
#2167=DIRECTION('',(0.5,-0.866025403784439,0.));
#2168=DIRECTION('',(0.,0.,-1.));
#2169=DIRECTION('',(-0.5,0.866025403784439,0.));
#2170=DIRECTION('',(0.,0.,-1.));
#2171=DIRECTION('center_axis',(0.5,-0.866025403784439,0.));
#2172=DIRECTION('ref_axis',(0.,0.,1.));
#2173=DIRECTION('',(-0.866025403784439,-0.5,0.));
#2174=DIRECTION('',(0.,0.,-1.));
#2175=DIRECTION('',(0.866025403784439,0.5,0.));
#2176=DIRECTION('center_axis',(0.,0.,1.));
#2177=DIRECTION('ref_axis',(-0.866025403784439,-0.5,0.));
#2178=DIRECTION('',(0.5,-0.866025403784439,0.));
#2179=DIRECTION('',(-0.866025403784439,-0.5,0.));
#2180=DIRECTION('center_axis',(-0.866025403784439,-0.5,0.));
#2181=DIRECTION('ref_axis',(0.,0.,-1.));
#2182=DIRECTION('',(-0.5,0.866025403784439,0.));
#2183=DIRECTION('',(0.,0.,-1.));
#2184=DIRECTION('center_axis',(-0.5,0.866025403784439,0.));
#2185=DIRECTION('ref_axis',(0.,0.,-1.));
#2186=DIRECTION('',(0.866025403784439,0.5,0.));
#2187=DIRECTION('center_axis',(0.,0.,1.));
#2188=DIRECTION('ref_axis',(1.,0.,0.));
#2189=DIRECTION('center_axis',(0.,0.,1.));
#2190=DIRECTION('ref_axis',(1.,0.,0.));
#2191=DIRECTION('',(0.,0.,1.));
#2192=DIRECTION('center_axis',(0.,0.,-1.));
#2193=DIRECTION('ref_axis',(1.,0.,0.));
#2194=DIRECTION('center_axis',(0.,0.,1.));
#2195=DIRECTION('ref_axis',(1.,0.,0.));
#2196=DIRECTION('center_axis',(0.,0.,1.));
#2197=DIRECTION('ref_axis',(1.,0.,0.));
#2198=DIRECTION('',(0.,0.,1.));
#2199=DIRECTION('center_axis',(0.,0.,-1.));
#2200=DIRECTION('ref_axis',(1.,0.,0.));
#2201=DIRECTION('center_axis',(0.,0.,1.));
#2202=DIRECTION('ref_axis',(1.,0.,0.));
#2203=DIRECTION('',(0.,1.,0.));
#2204=DIRECTION('',(-1.,0.,0.));
#2205=DIRECTION('',(0.,-1.,0.));
#2206=DIRECTION('',(1.,0.,0.));
#2207=DIRECTION('center_axis',(0.,0.,1.));
#2208=DIRECTION('ref_axis',(1.,0.,0.));
#2209=DIRECTION('',(0.,-1.,0.));
#2210=DIRECTION('',(-1.,0.,0.));
#2211=DIRECTION('',(0.,1.,0.));
#2212=DIRECTION('',(1.,0.,0.));
#2213=DIRECTION('center_axis',(0.,1.,0.));
#2214=DIRECTION('ref_axis',(0.,0.,1.));
#2215=DIRECTION('',(0.,0.,-1.));
#2216=DIRECTION('',(0.,0.,-1.));
#2217=DIRECTION('center_axis',(1.,0.,0.));
#2218=DIRECTION('ref_axis',(0.,0.,-1.));
#2219=DIRECTION('',(0.,0.,-1.));
#2220=DIRECTION('center_axis',(0.,-1.,0.));
#2221=DIRECTION('ref_axis',(0.,0.,-1.));
#2222=DIRECTION('',(0.,0.,-1.));
#2223=DIRECTION('center_axis',(-1.,0.,0.));
#2224=DIRECTION('ref_axis',(0.,0.,1.));
#2225=DIRECTION('axis',(0.,0.,1.));
#2226=DIRECTION('refdir',(1.,0.,0.));
#2227=DIRECTION('center_axis',(-0.655680624672387,-0.378557385157024,0.653281887528122));
#2228=DIRECTION('ref_axis',(0.755038355601375,-0.328741898915063,0.567314591270566));
#2229=DIRECTION('center_axis',(-0.655680624672387,-0.378557385157025,0.653281887528121));
#2230=DIRECTION('ref_axis',(0.755038355601375,-0.328741898915063,0.567314591270566));
#2231=DIRECTION('',(-0.655680624672387,-0.378557385157024,0.653281887528122));
#2232=DIRECTION('center_axis',(-0.655680624672387,-0.378557385157024,0.653281887528122));
#2233=DIRECTION('ref_axis',(0.755038355601375,-0.328741898915063,0.567314591270566));
#2234=DIRECTION('center_axis',(-0.655680624672387,-0.378557385157024,0.653281887528122));
#2235=DIRECTION('ref_axis',(0.755038355601375,-0.328741898915063,0.567314591270566));
#2236=DIRECTION('center_axis',(-0.5,0.866025403784439,0.));
#2237=DIRECTION('ref_axis',(-0.866025403784439,-0.499999999999999,0.));
#2238=DIRECTION('',(0.655680624672387,0.378557385157025,-0.653281887528121));
#2239=DIRECTION('',(0.565758710431602,0.32664094376406,0.757114770314049));
#2240=DIRECTION('',(-0.655680624672387,-0.378557385157025,0.653281887528121));
#2241=DIRECTION('center_axis',(-0.5,0.866025403784439,0.));
#2242=DIRECTION('ref_axis',(0.866025403784439,0.499999999999999,0.));
#2243=DIRECTION('center_axis',(0.5,-0.866025403784439,0.));
#2244=DIRECTION('ref_axis',(0.866025403784439,0.5,0.));
#2245=DIRECTION('center_axis',(0.5,-0.866025403784439,0.));
#2246=DIRECTION('ref_axis',(0.866025403784439,0.5,0.));
#2247=DIRECTION('',(0.5,-0.866025403784439,0.));
#2248=DIRECTION('center_axis',(-0.5,0.866025403784439,0.));
#2249=DIRECTION('ref_axis',(0.866025403784439,0.5,0.));
#2250=DIRECTION('center_axis',(0.5,-0.866025403784439,0.));
#2251=DIRECTION('ref_axis',(-0.655680624672386,-0.378557385157023,0.653281887528123));
#2252=DIRECTION('',(-0.499999999999999,0.866025403784439,0.));
#2253=DIRECTION('center_axis',(0.5,-0.866025403784439,0.));
#2254=DIRECTION('ref_axis',(0.866025403784439,0.499999999999999,0.));
#2255=DIRECTION('',(0.499999999999999,-0.866025403784439,0.));
#2256=DIRECTION('center_axis',(0.5,-0.866025403784439,0.));
#2257=DIRECTION('ref_axis',(0.866025403784439,0.499999999999999,0.));
#2258=DIRECTION('',(-0.655680624672387,-0.378557385157025,0.653281887528121));
#2259=DIRECTION('',(0.655680624672387,0.378557385157025,-0.653281887528121));
#2260=DIRECTION('',(-0.565758710431602,-0.32664094376406,-0.757114770314049));
#2261=DIRECTION('center_axis',(-0.655680624672387,-0.378557385157025,0.653281887528121));
#2262=DIRECTION('ref_axis',(0.755038355601375,-0.328741898915064,0.567314591270566));
#2263=DIRECTION('center_axis',(-0.655680624672387,-0.378557385157025,0.653281887528121));
#2264=DIRECTION('ref_axis',(0.755038355601375,-0.328741898915064,0.567314591270566));
#2265=DIRECTION('center_axis',(-0.655680624672387,-0.378557385157025,0.653281887528121));
#2266=DIRECTION('ref_axis',(0.755038355601375,-0.328741898915064,0.567314591270566));
#2267=DIRECTION('center_axis',(-0.655680624672387,-0.378557385157025,0.653281887528121));
#2268=DIRECTION('ref_axis',(0.755038355601375,-0.328741898915064,0.567314591270566));
#2269=DIRECTION('center_axis',(-0.655680624672387,-0.378557385157025,0.653281887528121));
#2270=DIRECTION('ref_axis',(0.755038355601375,-0.328741898915064,0.567314591270566));
#2271=DIRECTION('center_axis',(-0.655680624672387,-0.378557385157025,0.653281887528121));
#2272=DIRECTION('ref_axis',(0.755038355601375,-0.328741898915064,0.567314591270566));
#2273=DIRECTION('center_axis',(-0.655680624672387,-0.378557385157025,0.653281887528121));
#2274=DIRECTION('ref_axis',(0.755038355601375,-0.328741898915064,0.567314591270566));
#2275=DIRECTION('center_axis',(-0.655680624672387,-0.378557385157025,0.653281887528121));
#2276=DIRECTION('ref_axis',(0.755038355601375,-0.328741898915064,0.567314591270566));
#2277=DIRECTION('center_axis',(-0.655680624672387,-0.378557385157025,0.653281887528121));
#2278=DIRECTION('ref_axis',(0.755038355601375,-0.328741898915064,0.567314591270566));
#2279=DIRECTION('center_axis',(-0.655680624672387,-0.378557385157025,0.653281887528121));
#2280=DIRECTION('ref_axis',(0.755038355601375,-0.328741898915064,0.567314591270566));
#2281=DIRECTION('',(0.655680624672387,0.378557385157025,-0.653281887528121));
#2282=DIRECTION('center_axis',(0.655680624672387,0.378557385157025,-0.653281887528121));
#2283=DIRECTION('ref_axis',(0.755038355601375,-0.328741898915064,0.567314591270566));
#2284=DIRECTION('center_axis',(0.655680624672387,0.378557385157025,-0.653281887528121));
#2285=DIRECTION('ref_axis',(-0.755038355601375,0.328741898915064,-0.567314591270566));
#2286=DIRECTION('axis',(0.,0.,1.));
#2287=DIRECTION('refdir',(1.,0.,0.));
#2288=DIRECTION('center_axis',(0.5,0.866025403784438,0.));
#2289=DIRECTION('ref_axis',(0.866025403784438,-0.5,0.));
#2290=DIRECTION('center_axis',(0.5,0.866025403784438,0.));
#2291=DIRECTION('ref_axis',(0.866025403784438,-0.5,0.));
#2292=DIRECTION('',(0.5,0.866025403784438,0.));
#2293=DIRECTION('center_axis',(-0.5,-0.866025403784438,0.));
#2294=DIRECTION('ref_axis',(0.866025403784438,-0.5,0.));
#2295=DIRECTION('center_axis',(0.5,0.866025403784438,0.));
#2296=DIRECTION('ref_axis',(0.866025403784438,-0.5,0.));
#2297=DIRECTION('center_axis',(0.5,0.866025403784438,0.));
#2298=DIRECTION('ref_axis',(0.866025403784438,-0.5,0.));
#2299=DIRECTION('',(0.5,0.866025403784438,0.));
#2300=DIRECTION('center_axis',(-0.5,-0.866025403784438,0.));
#2301=DIRECTION('ref_axis',(0.866025403784438,-0.5,0.));
#2302=DIRECTION('center_axis',(-0.866025403784438,0.5,0.));
#2303=DIRECTION('ref_axis',(0.,0.,1.));
#2304=DIRECTION('',(0.5,0.866025403784438,0.));
#2305=DIRECTION('',(0.,0.,-1.));
#2306=DIRECTION('',(-0.5,-0.866025403784438,0.));
#2307=DIRECTION('',(0.,0.,-1.));
#2308=DIRECTION('center_axis',(0.5,0.866025403784438,0.));
#2309=DIRECTION('ref_axis',(0.,0.,1.));
#2310=DIRECTION('',(0.866025403784438,-0.5,0.));
#2311=DIRECTION('',(0.,0.,-1.));
#2312=DIRECTION('',(-0.866025403784438,0.5,0.));
#2313=DIRECTION('center_axis',(0.,0.,1.));
#2314=DIRECTION('ref_axis',(0.866025403784438,-0.5,0.));
#2315=DIRECTION('',(0.5,0.866025403784438,0.));
#2316=DIRECTION('',(0.866025403784438,-0.5,0.));
#2317=DIRECTION('center_axis',(0.866025403784438,-0.5,0.));
#2318=DIRECTION('ref_axis',(0.,0.,-1.));
#2319=DIRECTION('',(-0.5,-0.866025403784438,0.));
#2320=DIRECTION('',(0.,0.,-1.));
#2321=DIRECTION('center_axis',(-0.5,-0.866025403784438,0.));
#2322=DIRECTION('ref_axis',(0.,0.,-1.));
#2323=DIRECTION('',(-0.866025403784438,0.5,0.));
#2324=DIRECTION('center_axis',(-0.866025403784438,0.5,0.));
#2325=DIRECTION('ref_axis',(0.,0.,1.));
#2326=DIRECTION('',(0.5,0.866025403784438,0.));
#2327=DIRECTION('',(0.,0.,-1.));
#2328=DIRECTION('',(-0.5,-0.866025403784438,0.));
#2329=DIRECTION('',(0.,0.,-1.));
#2330=DIRECTION('center_axis',(0.5,0.866025403784438,0.));
#2331=DIRECTION('ref_axis',(0.,0.,1.));
#2332=DIRECTION('',(0.866025403784438,-0.5,0.));
#2333=DIRECTION('',(0.,0.,-1.));
#2334=DIRECTION('',(-0.866025403784438,0.5,0.));
#2335=DIRECTION('center_axis',(0.,0.,1.));
#2336=DIRECTION('ref_axis',(0.866025403784438,-0.5,0.));
#2337=DIRECTION('',(0.5,0.866025403784438,0.));
#2338=DIRECTION('',(0.866025403784438,-0.5,0.));
#2339=DIRECTION('center_axis',(0.866025403784438,-0.5,0.));
#2340=DIRECTION('ref_axis',(0.,0.,-1.));
#2341=DIRECTION('',(-0.5,-0.866025403784438,0.));
#2342=DIRECTION('',(0.,0.,-1.));
#2343=DIRECTION('center_axis',(-0.5,-0.866025403784438,0.));
#2344=DIRECTION('ref_axis',(0.,0.,-1.));
#2345=DIRECTION('',(-0.866025403784438,0.5,0.));
#2346=DIRECTION('center_axis',(0.,0.,1.));
#2347=DIRECTION('ref_axis',(1.,0.,0.));
#2348=DIRECTION('center_axis',(0.,0.,1.));
#2349=DIRECTION('ref_axis',(1.,0.,0.));
#2350=DIRECTION('',(0.,0.,1.));
#2351=DIRECTION('center_axis',(0.,0.,-1.));
#2352=DIRECTION('ref_axis',(1.,0.,0.));
#2353=DIRECTION('center_axis',(0.,0.,1.));
#2354=DIRECTION('ref_axis',(1.,0.,0.));
#2355=DIRECTION('center_axis',(0.,0.,1.));
#2356=DIRECTION('ref_axis',(1.,0.,0.));
#2357=DIRECTION('',(0.,0.,1.));
#2358=DIRECTION('center_axis',(0.,0.,-1.));
#2359=DIRECTION('ref_axis',(1.,0.,0.));
#2360=DIRECTION('center_axis',(0.,0.,1.));
#2361=DIRECTION('ref_axis',(1.,0.,0.));
#2362=DIRECTION('',(0.,1.,0.));
#2363=DIRECTION('',(-1.,0.,0.));
#2364=DIRECTION('',(0.,-1.,0.));
#2365=DIRECTION('',(1.,0.,0.));
#2366=DIRECTION('center_axis',(0.,0.,1.));
#2367=DIRECTION('ref_axis',(1.,0.,0.));
#2368=DIRECTION('',(0.,-1.,0.));
#2369=DIRECTION('',(-1.,0.,0.));
#2370=DIRECTION('',(0.,1.,0.));
#2371=DIRECTION('',(1.,0.,0.));
#2372=DIRECTION('center_axis',(0.,1.,0.));
#2373=DIRECTION('ref_axis',(0.,0.,1.));
#2374=DIRECTION('',(0.,0.,-1.));
#2375=DIRECTION('',(0.,0.,-1.));
#2376=DIRECTION('center_axis',(1.,0.,0.));
#2377=DIRECTION('ref_axis',(0.,0.,-1.));
#2378=DIRECTION('',(0.,0.,-1.));
#2379=DIRECTION('center_axis',(0.,-1.,0.));
#2380=DIRECTION('ref_axis',(0.,0.,-1.));
#2381=DIRECTION('',(0.,0.,-1.));
#2382=DIRECTION('center_axis',(-1.,0.,0.));
#2383=DIRECTION('ref_axis',(0.,0.,1.));
#2384=DIRECTION('axis',(0.,0.,1.));
#2385=DIRECTION('refdir',(1.,0.,0.));
#2386=DIRECTION('center_axis',(0.655680624672386,-0.378557385157025,0.653281887528121));
#2387=DIRECTION('ref_axis',(0.755038355601375,0.328741898915064,-0.567314591270565));
#2388=DIRECTION('center_axis',(0.655680624672387,-0.378557385157025,0.653281887528121));
#2389=DIRECTION('ref_axis',(0.755038355601375,0.328741898915064,-0.567314591270565));
#2390=DIRECTION('',(0.655680624672386,-0.378557385157025,0.653281887528121));
#2391=DIRECTION('center_axis',(0.655680624672386,-0.378557385157025,0.653281887528121));
#2392=DIRECTION('ref_axis',(0.755038355601375,0.328741898915064,-0.567314591270565));
#2393=DIRECTION('center_axis',(0.655680624672386,-0.378557385157025,0.653281887528121));
#2394=DIRECTION('ref_axis',(0.755038355601376,0.328741898915064,-0.567314591270565));
#2395=DIRECTION('center_axis',(0.5,0.866025403784439,0.));
#2396=DIRECTION('ref_axis',(0.866025403784439,-0.499999999999999,0.));
#2397=DIRECTION('',(-0.655680624672387,0.378557385157025,-0.653281887528121));
#2398=DIRECTION('',(0.565758710431602,-0.32664094376406,-0.757114770314049));
#2399=DIRECTION('',(0.655680624672387,-0.378557385157025,0.653281887528121));
#2400=DIRECTION('center_axis',(0.5,0.866025403784439,0.));
#2401=DIRECTION('ref_axis',(0.866025403784439,-0.499999999999999,0.));
#2402=DIRECTION('center_axis',(-0.5,-0.866025403784439,0.));
#2403=DIRECTION('ref_axis',(0.866025403784439,-0.5,0.));
#2404=DIRECTION('center_axis',(0.5,0.866025403784439,0.));
#2405=DIRECTION('ref_axis',(0.866025403784439,-0.5,0.));
#2406=DIRECTION('center_axis',(0.5,0.866025403784439,0.));
#2407=DIRECTION('ref_axis',(0.866025403784439,-0.5,0.));
#2408=DIRECTION('',(0.5,0.866025403784439,0.));
#2409=DIRECTION('center_axis',(0.5,0.866025403784439,0.));
#2410=DIRECTION('ref_axis',(0.655680624672387,-0.378557385157024,0.653281887528121));
#2411=DIRECTION('',(0.499999999999999,0.866025403784439,0.));
#2412=DIRECTION('center_axis',(-0.5,-0.866025403784439,0.));
#2413=DIRECTION('ref_axis',(0.866025403784439,-0.499999999999999,0.));
#2414=DIRECTION('',(-0.499999999999999,-0.866025403784439,0.));
#2415=DIRECTION('center_axis',(-0.5,-0.866025403784439,0.));
#2416=DIRECTION('ref_axis',(-0.866025403784439,0.499999999999999,0.));
#2417=DIRECTION('',(0.655680624672387,-0.378557385157025,0.653281887528121));
#2418=DIRECTION('',(-0.655680624672387,0.378557385157025,-0.653281887528121));
#2419=DIRECTION('',(-0.565758710431602,0.32664094376406,0.757114770314049));
#2420=DIRECTION('center_axis',(0.655680624672387,-0.378557385157025,0.653281887528121));
#2421=DIRECTION('ref_axis',(0.755038355601375,0.328741898915064,-0.567314591270566));
#2422=DIRECTION('center_axis',(0.655680624672387,-0.378557385157025,0.653281887528121));
#2423=DIRECTION('ref_axis',(0.755038355601375,0.328741898915064,-0.567314591270565));
#2424=DIRECTION('center_axis',(0.655680624672387,-0.378557385157025,0.653281887528121));
#2425=DIRECTION('ref_axis',(0.755038355601375,0.328741898915064,-0.567314591270566));
#2426=DIRECTION('center_axis',(0.655680624672387,-0.378557385157025,0.653281887528121));
#2427=DIRECTION('ref_axis',(0.755038355601375,0.328741898915064,-0.567314591270565));
#2428=DIRECTION('center_axis',(0.655680624672387,-0.378557385157025,0.653281887528121));
#2429=DIRECTION('ref_axis',(0.755038355601375,0.328741898915064,-0.567314591270565));
#2430=DIRECTION('center_axis',(0.655680624672387,-0.378557385157025,0.653281887528121));
#2431=DIRECTION('ref_axis',(0.755038355601375,0.328741898915064,-0.567314591270566));
#2432=DIRECTION('center_axis',(0.655680624672387,-0.378557385157025,0.653281887528121));
#2433=DIRECTION('ref_axis',(0.755038355601375,0.328741898915064,-0.567314591270565));
#2434=DIRECTION('center_axis',(0.655680624672387,-0.378557385157025,0.653281887528121));
#2435=DIRECTION('ref_axis',(0.755038355601375,0.328741898915064,-0.567314591270566));
#2436=DIRECTION('center_axis',(0.655680624672387,-0.378557385157025,0.653281887528121));
#2437=DIRECTION('ref_axis',(0.755038355601375,0.328741898915064,-0.567314591270565));
#2438=DIRECTION('center_axis',(0.655680624672387,-0.378557385157025,0.653281887528121));
#2439=DIRECTION('ref_axis',(0.755038355601375,0.328741898915064,-0.567314591270565));
#2440=DIRECTION('',(-0.655680624672387,0.378557385157025,-0.653281887528121));
#2441=DIRECTION('center_axis',(-0.655680624672387,0.378557385157025,-0.653281887528121));
#2442=DIRECTION('ref_axis',(0.755038355601375,0.328741898915064,-0.567314591270565));
#2443=DIRECTION('center_axis',(-0.655680624672387,0.378557385157025,-0.653281887528121));
#2444=DIRECTION('ref_axis',(-0.755038355601375,-0.328741898915064,0.567314591270566));
#2445=DIRECTION('',(0.,0.,1.));
#2446=DIRECTION('',(1.,0.,0.));
#2447=DIRECTION('',(0.,0.,1.));
#2448=DIRECTION('',(1.,0.,0.));
#2449=DIRECTION('',(0.,0.,1.));
#2450=DIRECTION('',(1.,0.,0.));
#2451=DIRECTION('',(0.,0.,1.));
#2452=DIRECTION('',(1.,0.,0.));
#2453=DIRECTION('',(0.,0.,1.));
#2454=DIRECTION('',(1.,0.,0.));
#2455=DIRECTION('',(0.,0.,1.));
#2456=DIRECTION('',(1.,0.,0.));
#2457=CARTESIAN_POINT('',(0.,0.,0.));
#2458=CARTESIAN_POINT('',(0.,0.,0.));
#2459=CARTESIAN_POINT('Origin',(1.33226762955019E-14,250.,235.));
#2460=CARTESIAN_POINT('',(16.,250.,229.9));
#2461=CARTESIAN_POINT('Origin',(16.,250.,235.));
#2462=CARTESIAN_POINT('',(10.,250.,229.9));
#2463=CARTESIAN_POINT('',(1.33226762955019E-14,250.,229.9));
#2464=CARTESIAN_POINT('Origin',(10.,250.,235.));
#2465=CARTESIAN_POINT('Origin',(1.33226762955019E-14,250.,235.));
#2466=CARTESIAN_POINT('',(-9.99999999999998,250.,229.9));
#2467=CARTESIAN_POINT('Origin',(-9.99999999999998,250.,235.));
#2468=CARTESIAN_POINT('',(-16.,250.,229.9));
#2469=CARTESIAN_POINT('',(1.33226762955019E-14,250.,229.9));
#2470=CARTESIAN_POINT('Origin',(-16.,250.,235.));
#2471=CARTESIAN_POINT('Origin',(-13.,275.,244.5));
#2472=CARTESIAN_POINT('',(-9.99999999999998,275.,262.));
#2473=CARTESIAN_POINT('',(-16.,275.,262.));
#2474=CARTESIAN_POINT('',(-6.49999999999998,275.,262.));
#2475=CARTESIAN_POINT('',(-9.99999999999998,275.,226.));
#2476=CARTESIAN_POINT('',(-9.99999999999998,275.,244.5));
#2477=CARTESIAN_POINT('',(-16.,275.,226.));
#2478=CARTESIAN_POINT('',(-13.,275.,226.));
#2479=CARTESIAN_POINT('',(-16.,275.,244.5));
#2480=CARTESIAN_POINT('Origin',(-9.99999999999998,250.,244.5));
#2481=CARTESIAN_POINT('',(-9.99999999999999,225.,262.));
#2482=CARTESIAN_POINT('',(-9.99999999999998,250.,262.));
#2483=CARTESIAN_POINT('',(-9.99999999999999,225.,226.));
#2484=CARTESIAN_POINT('',(-9.99999999999999,225.,244.5));
#2485=CARTESIAN_POINT('',(-9.99999999999998,250.,226.));
#2486=CARTESIAN_POINT('Origin',(-13.,250.,226.));
#2487=CARTESIAN_POINT('',(-16.,225.,226.));
#2488=CARTESIAN_POINT('',(-13.,225.,226.));
#2489=CARTESIAN_POINT('',(-16.,250.,226.));
#2490=CARTESIAN_POINT('Origin',(-13.,225.,244.5));
#2491=CARTESIAN_POINT('',(-16.,225.,262.));
#2492=CARTESIAN_POINT('',(-6.49999999999999,225.,262.));
#2493=CARTESIAN_POINT('',(-16.,225.,244.5));
#2494=CARTESIAN_POINT('Origin',(-16.,250.,244.5));
#2495=CARTESIAN_POINT('',(-16.,250.,262.));
#2496=CARTESIAN_POINT('Origin',(13.,275.,244.5));
#2497=CARTESIAN_POINT('',(16.,275.,262.));
#2498=CARTESIAN_POINT('',(10.,275.,262.));
#2499=CARTESIAN_POINT('',(6.50000000000002,275.,262.));
#2500=CARTESIAN_POINT('',(16.,275.,226.));
#2501=CARTESIAN_POINT('',(16.,275.,244.5));
#2502=CARTESIAN_POINT('',(10.,275.,226.));
#2503=CARTESIAN_POINT('',(13.,275.,226.));
#2504=CARTESIAN_POINT('',(10.,275.,244.5));
#2505=CARTESIAN_POINT('Origin',(16.,250.,244.5));
#2506=CARTESIAN_POINT('',(16.,225.,262.));
#2507=CARTESIAN_POINT('',(16.,250.,262.));
#2508=CARTESIAN_POINT('',(16.,225.,226.));
#2509=CARTESIAN_POINT('',(16.,225.,244.5));
#2510=CARTESIAN_POINT('',(16.,250.,226.));
#2511=CARTESIAN_POINT('Origin',(13.,250.,226.));
#2512=CARTESIAN_POINT('',(10.,225.,226.));
#2513=CARTESIAN_POINT('',(13.,225.,226.));
#2514=CARTESIAN_POINT('',(10.,250.,226.));
#2515=CARTESIAN_POINT('Origin',(13.,225.,244.5));
#2516=CARTESIAN_POINT('',(10.,225.,262.));
#2517=CARTESIAN_POINT('',(6.50000000000001,225.,262.));
#2518=CARTESIAN_POINT('',(10.,225.,244.5));
#2519=CARTESIAN_POINT('Origin',(10.,250.,244.5));
#2520=CARTESIAN_POINT('',(10.,250.,262.));
#2521=CARTESIAN_POINT('Origin',(42.,250.,266.));
#2522=CARTESIAN_POINT('',(38.7,250.,262.));
#2523=CARTESIAN_POINT('Origin',(42.,250.,262.));
#2524=CARTESIAN_POINT('',(38.7,250.,270.));
#2525=CARTESIAN_POINT('',(38.7,250.,266.));
#2526=CARTESIAN_POINT('Origin',(42.,250.,270.));
#2527=CARTESIAN_POINT('Origin',(-42.,250.,266.));
#2528=CARTESIAN_POINT('',(-45.3,250.,262.));
#2529=CARTESIAN_POINT('Origin',(-42.,250.,262.));
#2530=CARTESIAN_POINT('',(-45.3,250.,270.));
#2531=CARTESIAN_POINT('',(-45.3,250.,266.));
#2532=CARTESIAN_POINT('Origin',(-42.,250.,270.));
#2533=CARTESIAN_POINT('Origin',(1.53080849893419E-14,250.,270.));
#2534=CARTESIAN_POINT('',(50.,220.,270.));
#2535=CARTESIAN_POINT('',(50.,280.,270.));
#2536=CARTESIAN_POINT('',(50.,250.,270.));
#2537=CARTESIAN_POINT('',(-50.,280.,270.));
#2538=CARTESIAN_POINT('',(1.53080849893419E-14,280.,270.));
#2539=CARTESIAN_POINT('',(-50.,220.,270.));
#2540=CARTESIAN_POINT('',(-50.,250.,270.));
#2541=CARTESIAN_POINT('',(1.53080849893419E-14,220.,270.));
#2542=CARTESIAN_POINT('Origin',(1.53080849893419E-14,250.,262.));
#2543=CARTESIAN_POINT('',(50.,280.,262.));
#2544=CARTESIAN_POINT('',(50.,220.,262.));
#2545=CARTESIAN_POINT('',(50.,250.,262.));
#2546=CARTESIAN_POINT('',(-50.,220.,262.));
#2547=CARTESIAN_POINT('',(1.53080849893419E-14,220.,262.));
#2548=CARTESIAN_POINT('',(-50.,280.,262.));
#2549=CARTESIAN_POINT('',(-50.,250.,262.));
#2550=CARTESIAN_POINT('',(1.53080849893419E-14,280.,262.));
#2551=CARTESIAN_POINT('Origin',(1.53080849893419E-14,220.,266.));
#2552=CARTESIAN_POINT('',(-50.,220.,266.));
#2553=CARTESIAN_POINT('',(50.,220.,266.));
#2554=CARTESIAN_POINT('Origin',(-50.,250.,266.));
#2555=CARTESIAN_POINT('',(-50.,280.,266.));
#2556=CARTESIAN_POINT('Origin',(1.53080849893419E-14,280.,266.));
#2557=CARTESIAN_POINT('',(50.,280.,266.));
#2558=CARTESIAN_POINT('Origin',(50.,250.,266.));
#2559=CARTESIAN_POINT('',(0.,0.,0.));
#2560=CARTESIAN_POINT('Origin',(1.3801387946757E-14,225.393769964793,213.768338655336));
#2561=CARTESIAN_POINT('',(-5.09999999999999,217.444064876496,206.908878836291));
#2562=CARTESIAN_POINT('Origin',(1.33146089022295E-14,217.444064876496,206.908878836291));
#2563=CARTESIAN_POINT('',(-5.09999999999999,234.100589823405,221.281080361909));
#2564=CARTESIAN_POINT('',(-5.09999999999999,225.393769964793,213.768338655336));
#2565=CARTESIAN_POINT('Origin',(1.4334526900287E-14,234.100589823405,221.281080361909));
#2566=CARTESIAN_POINT('Origin',(1.4334526900287E-14,234.100589823405,221.281080361909));
#2567=CARTESIAN_POINT('Origin',(7.00000000000002,250.,235.));
#2568=CARTESIAN_POINT('',(7.00000000000002,237.76461157033,230.811292565112));
#2569=CARTESIAN_POINT('',(7.00000000000002,237.709572000922,230.763801279509));
#2570=CARTESIAN_POINT('',(7.00000000000002,226.029332630462,220.685423308426));
#2571=CARTESIAN_POINT('',(7.00000000000002,244.064633942133,223.509942134213));
#2572=CARTESIAN_POINT('',(7.00000000000002,240.914622756231,227.160617349663));
#2573=CARTESIAN_POINT('',(7.00000000000002,244.009594372726,223.462450848611));
#2574=CARTESIAN_POINT('',(7.00000000000002,232.329355002265,213.384072877528));
#2575=CARTESIAN_POINT('Origin',(7.00000000000002,250.,235.));
#2576=CARTESIAN_POINT('',(7.00000000000002,250.,230.));
#2577=CARTESIAN_POINT('Origin',(7.00000000000002,250.,235.));
#2578=CARTESIAN_POINT('Origin',(1.49880108324396E-14,250.,235.));
#2579=CARTESIAN_POINT('',(-6.87386354243385,237.648213318591,230.946191201233));
#2580=CARTESIAN_POINT('',(-6.99999999999998,237.709572000922,230.763801279509));
#2581=CARTESIAN_POINT('Ctrl Pts',(-6.87386354243386,237.648213318591,230.946191201233));
#2582=CARTESIAN_POINT('Ctrl Pts',(-6.91652663389349,237.668027002904,230.885819729821));
#2583=CARTESIAN_POINT('Ctrl Pts',(-6.95860433311267,237.688485064536,230.824980532533));
#2584=CARTESIAN_POINT('Ctrl Pts',(-6.99999999999998,237.709572000922,230.763801279509));
#2585=CARTESIAN_POINT('',(6.87386354243388,237.648213318591,230.946191201233));
#2586=CARTESIAN_POINT('',(1.49880108324396E-14,237.648213318591,230.946191201233));
#2587=CARTESIAN_POINT('Ctrl Pts',(7.00000000000001,237.709572000922,230.763801279509));
#2588=CARTESIAN_POINT('Ctrl Pts',(6.95860444517667,237.688485121621,230.824980366912));
#2589=CARTESIAN_POINT('Ctrl Pts',(6.91652774241018,237.668027517723,230.885818161186));
#2590=CARTESIAN_POINT('Ctrl Pts',(6.87386354243389,237.648213318591,230.946191201233));
#2591=CARTESIAN_POINT('',(6.87386354243381,244.181032193872,223.375043498092));
#2592=CARTESIAN_POINT('Ctrl Pts',(6.87386354243381,244.181032193872,223.375043498092));
#2593=CARTESIAN_POINT('Ctrl Pts',(6.91652663389345,244.124213229359,223.40348469916));
#2594=CARTESIAN_POINT('Ctrl Pts',(6.95860433311268,244.06702594784,223.432631826717));
#2595=CARTESIAN_POINT('Ctrl Pts',(7.00000000000002,244.009594372726,223.462450848611));
#2596=CARTESIAN_POINT('',(-6.87386354243422,244.181032193872,223.375043498093));
#2597=CARTESIAN_POINT('',(1.49880108324396E-14,244.181032193872,223.375043498092));
#2598=CARTESIAN_POINT('',(-6.99999999999998,244.009594372726,223.462450848611));
#2599=CARTESIAN_POINT('Ctrl Pts',(-6.99999999999998,244.009594372726,223.462450848611));
#2600=CARTESIAN_POINT('Ctrl Pts',(-6.95860444517676,244.067025792365,223.432631907441));
#2601=CARTESIAN_POINT('Ctrl Pts',(-6.91652774241037,244.124211753029,223.403485438149));
#2602=CARTESIAN_POINT('Ctrl Pts',(-6.87386354243418,244.181032193871,223.375043498093));
#2603=CARTESIAN_POINT('Origin',(-6.99999999999998,250.,235.));
#2604=CARTESIAN_POINT('Origin',(1.4432899320127E-14,250.,235.));
#2605=CARTESIAN_POINT('',(-6.99999999999998,250.,230.));
#2606=CARTESIAN_POINT('',(1.4432899320127E-14,250.,230.));
#2607=CARTESIAN_POINT('Origin',(-6.99999999999998,250.,235.));
#2608=CARTESIAN_POINT('Origin',(-6.99999999999998,250.,235.));
#2609=CARTESIAN_POINT('',(-6.99999999999998,237.76461157033,230.811292565112));
#2610=CARTESIAN_POINT('',(-6.99999999999998,226.029332630462,220.685423308426));
#2611=CARTESIAN_POINT('',(-6.99999999999998,244.064633942133,223.509942134213));
#2612=CARTESIAN_POINT('',(-6.99999999999998,232.329355002265,213.384072877528));
#2613=CARTESIAN_POINT('',(-6.99999999999998,240.914622756231,227.160617349663));
#2614=CARTESIAN_POINT('Origin',(1.403318749177E-14,229.179343816364,217.034748092977));
#2615=CARTESIAN_POINT('',(-8.49999999999998,240.914622756231,227.160617349663));
#2616=CARTESIAN_POINT('Origin',(1.47517660813105E-14,240.914622756231,227.160617349663));
#2617=CARTESIAN_POINT('',(-8.49999999999999,217.444064876496,206.908878836291));
#2618=CARTESIAN_POINT('',(-8.49999999999999,229.179343816364,217.034748092977));
#2619=CARTESIAN_POINT('Origin',(1.33146089022295E-14,217.444064876496,206.908878836291));
#2620=CARTESIAN_POINT('Origin',(1.47517660813105E-14,240.914622756231,227.160617349663));
#2621=CARTESIAN_POINT('Origin',(1.47517660813105E-14,240.914622756231,227.160617349663));
#2622=CARTESIAN_POINT('Origin',(1.47517660813105E-14,240.914622756231,227.160617349663));
#2623=CARTESIAN_POINT('Origin',(1.47517660813105E-14,240.914622756231,227.160617349663));
#2624=CARTESIAN_POINT('Origin',(1.47517660813105E-14,240.914622756231,227.160617349663));
#2625=CARTESIAN_POINT('Origin',(1.47517660813105E-14,240.914622756231,227.160617349663));
#2626=CARTESIAN_POINT('Origin',(1.47517660813105E-14,240.914622756231,227.160617349663));
#2627=CARTESIAN_POINT('Origin',(1.33146089022295E-14,217.444064876496,206.908878836291));
#2628=CARTESIAN_POINT('Origin',(1.47517660813105E-14,240.914622756231,227.160617349663));
#2629=CARTESIAN_POINT('',(0.,0.,0.));
#2630=CARTESIAN_POINT('Origin',(-216.50635094611,-125.,235.));
#2631=CARTESIAN_POINT('',(-228.92308050541,-113.693593539449,235.));
#2632=CARTESIAN_POINT('Origin',(-224.50635094611,-111.143593539449,235.));
#2633=CARTESIAN_POINT('',(-225.92308050541,-118.889745962156,235.));
#2634=CARTESIAN_POINT('',(-220.92308050541,-127.55,235.));
#2635=CARTESIAN_POINT('Origin',(-221.50635094611,-116.339745962156,235.));
#2636=CARTESIAN_POINT('Origin',(-216.50635094611,-125.,235.));
#2637=CARTESIAN_POINT('',(-215.92308050541,-136.210254037844,235.));
#2638=CARTESIAN_POINT('Origin',(-211.50635094611,-133.660254037844,235.));
#2639=CARTESIAN_POINT('',(-212.92308050541,-141.406406460551,235.));
#2640=CARTESIAN_POINT('',(-220.92308050541,-127.55,235.));
#2641=CARTESIAN_POINT('Origin',(-208.50635094611,-138.856406460551,235.));
#2642=CARTESIAN_POINT('Origin',(-231.656986040721,-148.758330249198,244.5));
#2643=CARTESIAN_POINT('',(-233.156986040721,-146.160254037844,262.));
#2644=CARTESIAN_POINT('',(-230.156986040721,-151.356406460551,262.));
#2645=CARTESIAN_POINT('',(-234.906986040721,-143.129165124599,262.));
#2646=CARTESIAN_POINT('',(-233.156986040721,-146.160254037844,226.));
#2647=CARTESIAN_POINT('',(-233.156986040721,-146.160254037844,244.5));
#2648=CARTESIAN_POINT('',(-230.156986040721,-151.356406460551,226.));
#2649=CARTESIAN_POINT('',(-231.656986040721,-148.758330249198,226.));
#2650=CARTESIAN_POINT('',(-230.156986040721,-151.356406460551,244.5));
#2651=CARTESIAN_POINT('Origin',(-211.50635094611,-133.660254037844,244.5));
#2652=CARTESIAN_POINT('',(-189.855715851499,-121.160254037844,262.));
#2653=CARTESIAN_POINT('',(-211.50635094611,-133.660254037844,262.));
#2654=CARTESIAN_POINT('',(-189.855715851499,-121.160254037844,226.));
#2655=CARTESIAN_POINT('',(-189.855715851499,-121.160254037844,244.5));
#2656=CARTESIAN_POINT('',(-211.50635094611,-133.660254037844,226.));
#2657=CARTESIAN_POINT('Origin',(-210.00635094611,-136.258330249198,226.));
#2658=CARTESIAN_POINT('',(-186.855715851499,-126.356406460551,226.));
#2659=CARTESIAN_POINT('',(-188.355715851499,-123.758330249198,226.));
#2660=CARTESIAN_POINT('',(-208.50635094611,-138.856406460551,226.));
#2661=CARTESIAN_POINT('Origin',(-188.355715851499,-123.758330249198,244.5));
#2662=CARTESIAN_POINT('',(-186.855715851499,-126.356406460551,262.));
#2663=CARTESIAN_POINT('',(-191.605715851499,-118.129165124599,262.));
#2664=CARTESIAN_POINT('',(-186.855715851499,-126.356406460551,244.5));
#2665=CARTESIAN_POINT('Origin',(-208.50635094611,-138.856406460551,244.5));
#2666=CARTESIAN_POINT('',(-208.50635094611,-138.856406460551,262.));
#2667=CARTESIAN_POINT('Origin',(-244.656986040721,-126.241669750802,244.5));
#2668=CARTESIAN_POINT('',(-246.156986040721,-123.643593539449,262.));
#2669=CARTESIAN_POINT('',(-243.156986040721,-128.839745962156,262.));
#2670=CARTESIAN_POINT('',(-241.406986040721,-131.870834875401,262.));
#2671=CARTESIAN_POINT('',(-246.156986040721,-123.643593539449,226.));
#2672=CARTESIAN_POINT('',(-246.156986040721,-123.643593539449,244.5));
#2673=CARTESIAN_POINT('',(-243.156986040721,-128.839745962156,226.));
#2674=CARTESIAN_POINT('',(-244.656986040721,-126.241669750802,226.));
#2675=CARTESIAN_POINT('',(-243.156986040721,-128.839745962156,244.5));
#2676=CARTESIAN_POINT('Origin',(-224.50635094611,-111.143593539449,244.5));
#2677=CARTESIAN_POINT('',(-202.855715851499,-98.643593539449,262.));
#2678=CARTESIAN_POINT('',(-224.50635094611,-111.143593539449,262.));
#2679=CARTESIAN_POINT('',(-202.855715851499,-98.643593539449,226.));
#2680=CARTESIAN_POINT('',(-202.855715851499,-98.643593539449,244.5));
#2681=CARTESIAN_POINT('',(-224.50635094611,-111.143593539449,226.));
#2682=CARTESIAN_POINT('Origin',(-223.00635094611,-113.741669750802,226.));
#2683=CARTESIAN_POINT('',(-199.855715851499,-103.839745962156,226.));
#2684=CARTESIAN_POINT('',(-201.355715851499,-101.241669750802,226.));
#2685=CARTESIAN_POINT('',(-221.50635094611,-116.339745962156,226.));
#2686=CARTESIAN_POINT('Origin',(-201.355715851499,-101.241669750802,244.5));
#2687=CARTESIAN_POINT('',(-199.855715851499,-103.839745962156,262.));
#2688=CARTESIAN_POINT('',(-198.105715851499,-106.870834875401,262.));
#2689=CARTESIAN_POINT('',(-199.855715851499,-103.839745962156,244.5));
#2690=CARTESIAN_POINT('Origin',(-221.50635094611,-116.339745962156,244.5));
#2691=CARTESIAN_POINT('',(-221.50635094611,-116.339745962156,262.));
#2692=CARTESIAN_POINT('Origin',(-174.50635094611,-125.,266.));
#2693=CARTESIAN_POINT('',(-177.80635094611,-125.,262.));
#2694=CARTESIAN_POINT('Origin',(-174.50635094611,-125.,262.));
#2695=CARTESIAN_POINT('',(-177.80635094611,-125.,270.));
#2696=CARTESIAN_POINT('',(-177.80635094611,-125.,266.));
#2697=CARTESIAN_POINT('Origin',(-174.50635094611,-125.,270.));
#2698=CARTESIAN_POINT('Origin',(-258.50635094611,-125.,266.));
#2699=CARTESIAN_POINT('',(-261.80635094611,-125.,262.));
#2700=CARTESIAN_POINT('Origin',(-258.50635094611,-125.,262.));
#2701=CARTESIAN_POINT('',(-261.80635094611,-125.,270.));
#2702=CARTESIAN_POINT('',(-261.80635094611,-125.,266.));
#2703=CARTESIAN_POINT('Origin',(-258.50635094611,-125.,270.));
#2704=CARTESIAN_POINT('Origin',(-216.50635094611,-125.,270.));
#2705=CARTESIAN_POINT('',(-166.50635094611,-155.,270.));
#2706=CARTESIAN_POINT('',(-166.50635094611,-95.,270.));
#2707=CARTESIAN_POINT('',(-166.50635094611,-125.,270.));
#2708=CARTESIAN_POINT('',(-266.50635094611,-95.,270.));
#2709=CARTESIAN_POINT('',(-216.50635094611,-95.,270.));
#2710=CARTESIAN_POINT('',(-266.50635094611,-155.,270.));
#2711=CARTESIAN_POINT('',(-266.50635094611,-125.,270.));
#2712=CARTESIAN_POINT('',(-216.50635094611,-155.,270.));
#2713=CARTESIAN_POINT('Origin',(-216.50635094611,-125.,262.));
#2714=CARTESIAN_POINT('',(-166.50635094611,-95.,262.));
#2715=CARTESIAN_POINT('',(-166.50635094611,-155.,262.));
#2716=CARTESIAN_POINT('',(-166.50635094611,-125.,262.));
#2717=CARTESIAN_POINT('',(-266.50635094611,-155.,262.));
#2718=CARTESIAN_POINT('',(-216.50635094611,-155.,262.));
#2719=CARTESIAN_POINT('',(-266.50635094611,-95.,262.));
#2720=CARTESIAN_POINT('',(-266.50635094611,-125.,262.));
#2721=CARTESIAN_POINT('',(-216.50635094611,-95.,262.));
#2722=CARTESIAN_POINT('Origin',(-216.50635094611,-155.,266.));
#2723=CARTESIAN_POINT('',(-266.50635094611,-155.,266.));
#2724=CARTESIAN_POINT('',(-166.50635094611,-155.,266.));
#2725=CARTESIAN_POINT('Origin',(-266.50635094611,-125.,266.));
#2726=CARTESIAN_POINT('',(-266.50635094611,-95.,266.));
#2727=CARTESIAN_POINT('Origin',(-216.50635094611,-95.,266.));
#2728=CARTESIAN_POINT('',(-166.50635094611,-95.,266.));
#2729=CARTESIAN_POINT('Origin',(-166.50635094611,-125.,266.));
#2730=CARTESIAN_POINT('',(0.,0.,0.));
#2731=CARTESIAN_POINT('Origin',(-195.196730644257,-112.696884982397,213.768338655336));
#2732=CARTESIAN_POINT('',(-192.162779698764,-107.045448753781,204.015574420811));
#2733=CARTESIAN_POINT('Origin',(-188.312084085197,-108.722032438248,206.908878836291));
#2734=CARTESIAN_POINT('',(-206.587753441557,-115.373711227236,218.38777594643));
#2735=CARTESIAN_POINT('',(-199.047426257824,-111.02030129793,210.875034239856));
#2736=CARTESIAN_POINT('Origin',(-202.73705782799,-117.050294911703,221.281080361909));
#2737=CARTESIAN_POINT('Origin',(-202.73705782799,-117.050294911703,221.281080361909));
#2738=CARTESIAN_POINT('Origin',(-220.00635094611,-118.937822173509,235.));
#2739=CARTESIAN_POINT('',(-209.410193740845,-112.820127958674,230.811292565112));
#2740=CARTESIAN_POINT('',(-209.362528075525,-112.79260817397,230.763801279509));
#2741=CARTESIAN_POINT('',(-199.247144058423,-106.95248848874,220.685423308426));
#2742=CARTESIAN_POINT('',(-214.866173159237,-115.970139144576,223.509942134214));
#2743=CARTESIAN_POINT('',(-212.138183450041,-114.395133551625,227.160617349663));
#2744=CARTESIAN_POINT('',(-214.818507493917,-115.942619359872,223.462450848611));
#2745=CARTESIAN_POINT('',(-204.703123476815,-110.102499674642,213.384072877528));
#2746=CARTESIAN_POINT('Origin',(-220.00635094611,-118.937822173509,235.));
#2747=CARTESIAN_POINT('',(-224.336477965032,-121.437822173509,235.));
#2748=CARTESIAN_POINT('Origin',(-220.00635094611,-118.937822173509,235.));
#2749=CARTESIAN_POINT('Origin',(-216.50635094611,-125.,235.));
#2750=CARTESIAN_POINT('',(-217.336477965032,-133.562177826491,235.));
#2751=CARTESIAN_POINT('',(-220.836477965032,-127.5,235.));
#2752=CARTESIAN_POINT('Origin',(-213.00635094611,-131.062177826491,235.));
#2753=CARTESIAN_POINT('Origin',(-216.50635094611,-125.,235.));
#2754=CARTESIAN_POINT('',(-209.2463216691,-112.8711662094,230.946191201233));
#2755=CARTESIAN_POINT('Ctrl Pts',(-209.362528075525,-112.79260817397,230.763801279509));
#2756=CARTESIAN_POINT('Ctrl Pts',(-209.323568524952,-112.8179143364,230.824980366912));
#2757=CARTESIAN_POINT('Ctrl Pts',(-209.284813368892,-112.844125027955,230.885818161187));
#2758=CARTESIAN_POINT('Ctrl Pts',(-209.2463216691,-112.8711662094,230.946191201233));
#2759=CARTESIAN_POINT('',(-214.903908773416,-116.137575647041,223.375043498092));
#2760=CARTESIAN_POINT('Ctrl Pts',(-214.903908773416,-116.137575647041,223.375043498092));
#2761=CARTESIAN_POINT('Ctrl Pts',(-214.876033652461,-116.072218843776,223.40348469916));
#2762=CARTESIAN_POINT('Ctrl Pts',(-214.847546863502,-116.00718484656,223.432631826717));
#2763=CARTESIAN_POINT('Ctrl Pts',(-214.818507493917,-115.942619359872,223.462450848611));
#2764=CARTESIAN_POINT('',(-208.030045230982,-128.043456546831,223.375043498092));
#2765=CARTESIAN_POINT('',(-211.466977002199,-122.090516096936,223.375043498092));
#2766=CARTESIAN_POINT('',(-207.818507493917,-128.066975012854,223.462450848611));
#2767=CARTESIAN_POINT('Ctrl Pts',(-207.818507493917,-128.066975012854,223.462450848611));
#2768=CARTESIAN_POINT('Ctrl Pts',(-207.888942339711,-128.059841120593,223.432631907441));
#2769=CARTESIAN_POINT('Ctrl Pts',(-207.959505185771,-128.051994607422,223.403485438149));
#2770=CARTESIAN_POINT('Ctrl Pts',(-208.030045230982,-128.043456546831,223.375043498092));
#2771=CARTESIAN_POINT('',(-202.362528075525,-124.916963826952,230.763801279509));
#2772=CARTESIAN_POINT('Origin',(-213.00635094611,-131.062177826491,235.));
#2773=CARTESIAN_POINT('',(-202.372458126666,-124.777047109191,230.946191201233));
#2774=CARTESIAN_POINT('Ctrl Pts',(-202.372458126666,-124.777047109191,230.946191201233));
#2775=CARTESIAN_POINT('Ctrl Pts',(-202.368285734894,-124.823901272355,230.885819729821));
#2776=CARTESIAN_POINT('Ctrl Pts',(-202.36496408637,-124.870570659628,230.824980532533));
#2777=CARTESIAN_POINT('Ctrl Pts',(-202.362528075525,-124.916963826952,230.763801279509));
#2778=CARTESIAN_POINT('',(-205.809389897883,-118.824106659295,230.946191201233));
#2779=CARTESIAN_POINT('Origin',(-213.00635094611,-131.062177826491,235.));
#2780=CARTESIAN_POINT('',(-202.410193740845,-124.944483611656,230.811292565112));
#2781=CARTESIAN_POINT('',(-192.247144058423,-119.076844141722,220.685423308426));
#2782=CARTESIAN_POINT('',(-207.866173159237,-128.094494797558,223.509942134214));
#2783=CARTESIAN_POINT('',(-197.703123476815,-122.226855327624,213.384072877528));
#2784=CARTESIAN_POINT('',(-205.138183450041,-126.519489204607,227.160617349663));
#2785=CARTESIAN_POINT('Origin',(-208.638183450041,-120.457311378116,227.160617349663));
#2786=CARTESIAN_POINT('Origin',(-208.638183450041,-120.457311378116,227.160617349663));
#2787=CARTESIAN_POINT('Origin',(-208.638183450041,-120.457311378116,227.160617349663));
#2788=CARTESIAN_POINT('',(-215.056009472653,-117.663005237338,222.338443323863));
#2789=CARTESIAN_POINT('Origin',(-208.638183450041,-120.457311378116,227.160617349663));
#2790=CARTESIAN_POINT('Origin',(-208.638183450041,-120.457311378116,227.160617349663));
#2791=CARTESIAN_POINT('Origin',(-208.638183450041,-120.457311378116,227.160617349663));
#2792=CARTESIAN_POINT('Origin',(-208.638183450041,-120.457311378116,227.160617349663));
#2793=CARTESIAN_POINT('Origin',(-208.638183450041,-120.457311378116,227.160617349663));
#2794=CARTESIAN_POINT('Origin',(-208.638183450041,-120.457311378116,227.160617349663));
#2795=CARTESIAN_POINT('Origin',(-198.475133767619,-114.589671908182,217.034748092977));
#2796=CARTESIAN_POINT('',(-194.729910107809,-105.92772629747,202.086704810491));
#2797=CARTESIAN_POINT('',(-204.892959790231,-111.795365767404,212.212574067177));
#2798=CARTESIAN_POINT('Origin',(-188.312084085197,-108.722032438248,206.908878836291));
#2799=CARTESIAN_POINT('Origin',(-188.312084085197,-108.722032438248,206.908878836291));
#2800=CARTESIAN_POINT('',(0.,0.,0.));
#2801=CARTESIAN_POINT('Origin',(216.50635094611,-125.,235.));
#2802=CARTESIAN_POINT('',(204.089621386809,-136.306406460551,235.));
#2803=CARTESIAN_POINT('Origin',(208.50635094611,-138.856406460551,235.));
#2804=CARTESIAN_POINT('',(207.089621386809,-131.110254037844,235.));
#2805=CARTESIAN_POINT('',(212.089621386809,-122.45,235.));
#2806=CARTESIAN_POINT('Origin',(211.50635094611,-133.660254037844,235.));
#2807=CARTESIAN_POINT('Origin',(216.50635094611,-125.,235.));
#2808=CARTESIAN_POINT('',(217.089621386809,-113.789745962156,235.));
#2809=CARTESIAN_POINT('Origin',(221.50635094611,-116.339745962156,235.));
#2810=CARTESIAN_POINT('',(220.089621386809,-108.593593539449,235.));
#2811=CARTESIAN_POINT('',(212.089621386809,-122.45,235.));
#2812=CARTESIAN_POINT('Origin',(224.50635094611,-111.143593539449,235.));
#2813=CARTESIAN_POINT('Origin',(244.656986040721,-126.241669750802,244.5));
#2814=CARTESIAN_POINT('',(243.156986040721,-128.839745962156,262.));
#2815=CARTESIAN_POINT('',(246.156986040721,-123.643593539449,262.));
#2816=CARTESIAN_POINT('',(241.406986040721,-131.870834875401,262.));
#2817=CARTESIAN_POINT('',(243.156986040721,-128.839745962156,226.));
#2818=CARTESIAN_POINT('',(243.156986040721,-128.839745962156,244.5));
#2819=CARTESIAN_POINT('',(246.156986040721,-123.643593539449,226.));
#2820=CARTESIAN_POINT('',(244.656986040721,-126.241669750802,226.));
#2821=CARTESIAN_POINT('',(246.156986040721,-123.643593539449,244.5));
#2822=CARTESIAN_POINT('Origin',(221.50635094611,-116.339745962156,244.5));
#2823=CARTESIAN_POINT('',(199.855715851499,-103.839745962156,262.));
#2824=CARTESIAN_POINT('',(221.50635094611,-116.339745962156,262.));
#2825=CARTESIAN_POINT('',(199.855715851499,-103.839745962156,226.));
#2826=CARTESIAN_POINT('',(199.855715851499,-103.839745962156,244.5));
#2827=CARTESIAN_POINT('',(221.50635094611,-116.339745962156,226.));
#2828=CARTESIAN_POINT('Origin',(223.00635094611,-113.741669750802,226.));
#2829=CARTESIAN_POINT('',(202.855715851499,-98.6435935394491,226.));
#2830=CARTESIAN_POINT('',(201.355715851499,-101.241669750802,226.));
#2831=CARTESIAN_POINT('',(224.50635094611,-111.143593539449,226.));
#2832=CARTESIAN_POINT('Origin',(201.355715851499,-101.241669750802,244.5));
#2833=CARTESIAN_POINT('',(202.855715851499,-98.6435935394491,262.));
#2834=CARTESIAN_POINT('',(198.105715851499,-106.870834875401,262.));
#2835=CARTESIAN_POINT('',(202.855715851499,-98.6435935394491,244.5));
#2836=CARTESIAN_POINT('Origin',(224.50635094611,-111.143593539449,244.5));
#2837=CARTESIAN_POINT('',(224.50635094611,-111.143593539449,262.));
#2838=CARTESIAN_POINT('Origin',(231.656986040721,-148.758330249198,244.5));
#2839=CARTESIAN_POINT('',(230.156986040721,-151.356406460551,262.));
#2840=CARTESIAN_POINT('',(233.156986040721,-146.160254037845,262.));
#2841=CARTESIAN_POINT('',(234.906986040721,-143.129165124599,262.));
#2842=CARTESIAN_POINT('',(230.156986040721,-151.356406460551,226.));
#2843=CARTESIAN_POINT('',(230.156986040721,-151.356406460551,244.5));
#2844=CARTESIAN_POINT('',(233.156986040721,-146.160254037845,226.));
#2845=CARTESIAN_POINT('',(231.656986040721,-148.758330249198,226.));
#2846=CARTESIAN_POINT('',(233.156986040721,-146.160254037845,244.5));
#2847=CARTESIAN_POINT('Origin',(208.50635094611,-138.856406460551,244.5));
#2848=CARTESIAN_POINT('',(186.855715851499,-126.356406460551,262.));
#2849=CARTESIAN_POINT('',(208.50635094611,-138.856406460551,262.));
#2850=CARTESIAN_POINT('',(186.855715851499,-126.356406460551,226.));
#2851=CARTESIAN_POINT('',(186.855715851499,-126.356406460551,244.5));
#2852=CARTESIAN_POINT('',(208.50635094611,-138.856406460551,226.));
#2853=CARTESIAN_POINT('Origin',(210.00635094611,-136.258330249198,226.));
#2854=CARTESIAN_POINT('',(189.855715851499,-121.160254037844,226.));
#2855=CARTESIAN_POINT('',(188.355715851499,-123.758330249198,226.));
#2856=CARTESIAN_POINT('',(211.50635094611,-133.660254037844,226.));
#2857=CARTESIAN_POINT('Origin',(188.355715851499,-123.758330249198,244.5));
#2858=CARTESIAN_POINT('',(189.855715851499,-121.160254037844,262.));
#2859=CARTESIAN_POINT('',(191.605715851499,-118.129165124599,262.));
#2860=CARTESIAN_POINT('',(189.855715851499,-121.160254037844,244.5));
#2861=CARTESIAN_POINT('Origin',(211.50635094611,-133.660254037844,244.5));
#2862=CARTESIAN_POINT('',(211.50635094611,-133.660254037844,262.));
#2863=CARTESIAN_POINT('Origin',(258.50635094611,-125.,266.));
#2864=CARTESIAN_POINT('',(255.20635094611,-125.,262.));
#2865=CARTESIAN_POINT('Origin',(258.50635094611,-125.,262.));
#2866=CARTESIAN_POINT('',(255.20635094611,-125.,270.));
#2867=CARTESIAN_POINT('',(255.20635094611,-125.,266.));
#2868=CARTESIAN_POINT('Origin',(258.50635094611,-125.,270.));
#2869=CARTESIAN_POINT('Origin',(174.50635094611,-125.,266.));
#2870=CARTESIAN_POINT('',(171.20635094611,-125.,262.));
#2871=CARTESIAN_POINT('Origin',(174.50635094611,-125.,262.));
#2872=CARTESIAN_POINT('',(171.20635094611,-125.,270.));
#2873=CARTESIAN_POINT('',(171.20635094611,-125.,266.));
#2874=CARTESIAN_POINT('Origin',(174.50635094611,-125.,270.));
#2875=CARTESIAN_POINT('Origin',(216.50635094611,-125.,270.));
#2876=CARTESIAN_POINT('',(266.50635094611,-155.,270.));
#2877=CARTESIAN_POINT('',(266.50635094611,-95.0000000000001,270.));
#2878=CARTESIAN_POINT('',(266.50635094611,-125.,270.));
#2879=CARTESIAN_POINT('',(166.50635094611,-95.0000000000001,270.));
#2880=CARTESIAN_POINT('',(216.50635094611,-95.0000000000001,270.));
#2881=CARTESIAN_POINT('',(166.50635094611,-155.,270.));
#2882=CARTESIAN_POINT('',(166.50635094611,-125.,270.));
#2883=CARTESIAN_POINT('',(216.50635094611,-155.,270.));
#2884=CARTESIAN_POINT('Origin',(216.50635094611,-125.,262.));
#2885=CARTESIAN_POINT('',(266.50635094611,-95.0000000000001,262.));
#2886=CARTESIAN_POINT('',(266.50635094611,-155.,262.));
#2887=CARTESIAN_POINT('',(266.50635094611,-125.,262.));
#2888=CARTESIAN_POINT('',(166.50635094611,-155.,262.));
#2889=CARTESIAN_POINT('',(216.50635094611,-155.,262.));
#2890=CARTESIAN_POINT('',(166.50635094611,-95.0000000000001,262.));
#2891=CARTESIAN_POINT('',(166.50635094611,-125.,262.));
#2892=CARTESIAN_POINT('',(216.50635094611,-95.0000000000001,262.));
#2893=CARTESIAN_POINT('Origin',(216.50635094611,-155.,266.));
#2894=CARTESIAN_POINT('',(166.50635094611,-155.,266.));
#2895=CARTESIAN_POINT('',(266.50635094611,-155.,266.));
#2896=CARTESIAN_POINT('Origin',(166.50635094611,-125.,266.));
#2897=CARTESIAN_POINT('',(166.50635094611,-95.0000000000001,266.));
#2898=CARTESIAN_POINT('Origin',(216.50635094611,-95.0000000000001,266.));
#2899=CARTESIAN_POINT('',(266.50635094611,-95.0000000000001,266.));
#2900=CARTESIAN_POINT('Origin',(266.50635094611,-125.,266.));
#2901=CARTESIAN_POINT('',(0.,0.,0.));
#2902=CARTESIAN_POINT('Origin',(195.196730644257,-112.696884982397,213.768338655336));
#2903=CARTESIAN_POINT('',(184.46138847163,-110.398616122715,209.802183251771));
#2904=CARTESIAN_POINT('Origin',(188.312084085197,-108.722032438248,206.908878836291));
#2905=CARTESIAN_POINT('',(198.886362214422,-118.726878596169,224.174384777389));
#2906=CARTESIAN_POINT('',(191.34603503069,-114.373468666864,216.661643070816));
#2907=CARTESIAN_POINT('Origin',(202.737057827989,-117.050294911703,221.281080361909));
#2908=CARTESIAN_POINT('Origin',(202.737057827989,-117.050294911703,221.281080361909));
#2909=CARTESIAN_POINT('Origin',(220.00635094611,-118.937822173509,235.));
#2910=CARTESIAN_POINT('',(214.866173159237,-115.970139144576,223.509942134214));
#2911=CARTESIAN_POINT('',(214.818507493917,-115.942619359872,223.462450848611));
#2912=CARTESIAN_POINT('',(204.703123476815,-110.102499674642,213.384072877528));
#2913=CARTESIAN_POINT('',(209.410193740845,-112.820127958674,230.811292565112));
#2914=CARTESIAN_POINT('',(212.138183450041,-114.395133551625,227.160617349663));
#2915=CARTESIAN_POINT('',(209.362528075525,-112.79260817397,230.763801279509));
#2916=CARTESIAN_POINT('',(199.247144058423,-106.95248848874,220.685423308426));
#2917=CARTESIAN_POINT('Origin',(220.00635094611,-118.937822173509,235.));
#2918=CARTESIAN_POINT('',(215.676223927187,-116.437822173509,235.));
#2919=CARTESIAN_POINT('Origin',(220.00635094611,-118.937822173509,235.));
#2920=CARTESIAN_POINT('Origin',(216.50635094611,-125.,235.));
#2921=CARTESIAN_POINT('',(208.676223927187,-128.562177826491,235.));
#2922=CARTESIAN_POINT('Origin',(213.00635094611,-131.062177826491,235.));
#2923=CARTESIAN_POINT('',(212.176223927187,-122.5,235.));
#2924=CARTESIAN_POINT('Origin',(216.50635094611,-125.,235.));
#2925=CARTESIAN_POINT('',(214.903908773416,-116.137575647041,223.375043498092));
#2926=CARTESIAN_POINT('Ctrl Pts',(214.818507493917,-115.942619359872,223.462450848611));
#2927=CARTESIAN_POINT('Ctrl Pts',(214.847546784888,-116.007184671772,223.432631907441));
#2928=CARTESIAN_POINT('Ctrl Pts',(214.876032928181,-116.072217145608,223.403485438149));
#2929=CARTESIAN_POINT('Ctrl Pts',(214.903908773416,-116.137575647041,223.375043498092));
#2930=CARTESIAN_POINT('',(209.2463216691,-112.8711662094,230.946191201233));
#2931=CARTESIAN_POINT('Ctrl Pts',(209.2463216691,-112.8711662094,230.946191201233));
#2932=CARTESIAN_POINT('Ctrl Pts',(209.284812368787,-112.844125730549,230.885819729821));
#2933=CARTESIAN_POINT('Ctrl Pts',(209.323568419482,-112.817914404908,230.824980532533));
#2934=CARTESIAN_POINT('Ctrl Pts',(209.362528075525,-112.79260817397,230.763801279509));
#2935=CARTESIAN_POINT('',(202.372458126666,-124.777047109191,230.946191201233));
#2936=CARTESIAN_POINT('',(205.809389897883,-118.824106659296,230.946191201233));
#2937=CARTESIAN_POINT('',(202.362528075525,-124.916963826952,230.763801279509));
#2938=CARTESIAN_POINT('Ctrl Pts',(202.362528075525,-124.916963826952,230.763801279509));
#2939=CARTESIAN_POINT('Ctrl Pts',(202.364964079775,-124.870570785221,230.824980366912));
#2940=CARTESIAN_POINT('Ctrl Pts',(202.368285626482,-124.823902489769,230.885818161187));
#2941=CARTESIAN_POINT('Ctrl Pts',(202.372458126666,-124.777047109191,230.946191201233));
#2942=CARTESIAN_POINT('',(207.818507493917,-128.066975012854,223.462450848611));
#2943=CARTESIAN_POINT('Origin',(213.00635094611,-131.062177826491,235.));
#2944=CARTESIAN_POINT('',(208.030045230982,-128.043456546831,223.375043498092));
#2945=CARTESIAN_POINT('Ctrl Pts',(208.030045230982,-128.043456546831,223.375043498092));
#2946=CARTESIAN_POINT('Ctrl Pts',(207.959507018567,-128.051994385583,223.40348469916));
#2947=CARTESIAN_POINT('Ctrl Pts',(207.888942530389,-128.05984110128,223.432631826717));
#2948=CARTESIAN_POINT('Ctrl Pts',(207.818507493917,-128.066975012854,223.462450848611));
#2949=CARTESIAN_POINT('',(211.466977002199,-122.090516096936,223.375043498092));
#2950=CARTESIAN_POINT('Origin',(213.00635094611,-131.062177826491,235.));
#2951=CARTESIAN_POINT('',(207.866173159237,-128.094494797558,223.509942134214));
#2952=CARTESIAN_POINT('',(197.703123476815,-122.226855327624,213.384072877528));
#2953=CARTESIAN_POINT('',(202.410193740845,-124.944483611656,230.811292565112));
#2954=CARTESIAN_POINT('',(192.247144058423,-119.076844141722,220.685423308426));
#2955=CARTESIAN_POINT('',(205.138183450041,-126.519489204607,227.160617349663));
#2956=CARTESIAN_POINT('Origin',(208.638183450041,-120.457311378116,227.160617349663));
#2957=CARTESIAN_POINT('Origin',(208.638183450041,-120.457311378116,227.160617349663));
#2958=CARTESIAN_POINT('Origin',(208.638183450041,-120.457311378116,227.160617349663));
#2959=CARTESIAN_POINT('',(202.220357427429,-123.251617518894,231.982791375462));
#2960=CARTESIAN_POINT('Origin',(208.638183450041,-120.457311378116,227.160617349663));
#2961=CARTESIAN_POINT('Origin',(208.638183450041,-120.457311378116,227.160617349663));
#2962=CARTESIAN_POINT('Origin',(208.638183450041,-120.457311378116,227.160617349663));
#2963=CARTESIAN_POINT('Origin',(208.638183450041,-120.457311378116,227.160617349663));
#2964=CARTESIAN_POINT('Origin',(208.638183450041,-120.457311378116,227.160617349663));
#2965=CARTESIAN_POINT('Origin',(208.638183450041,-120.457311378116,227.160617349663));
#2966=CARTESIAN_POINT('Origin',(198.475133767619,-114.589671908182,217.034748092977));
#2967=CARTESIAN_POINT('',(181.894258062585,-111.516338579026,211.731052862091));
#2968=CARTESIAN_POINT('',(192.057307745007,-117.38397804896,221.856922118776));
#2969=CARTESIAN_POINT('Origin',(188.312084085197,-108.722032438248,206.908878836291));
#2970=CARTESIAN_POINT('Origin',(188.312084085197,-108.722032438248,206.908878836291));
#2971=CARTESIAN_POINT('',(0.,0.,0.));
#2972=CARTESIAN_POINT('',(0.,0.,0.));
#2973=CARTESIAN_POINT('',(0.,0.,0.));
#2974=CARTESIAN_POINT('',(0.,0.,0.));
#2975=CARTESIAN_POINT('',(0.,0.,0.));
#2976=CARTESIAN_POINT('',(0.,0.,0.));
#2977=UNCERTAINTY_MEASURE_WITH_UNIT(LENGTH_MEASURE(0.01),#2993,
'DISTANCE_ACCURACY_VALUE',
'Maximum model space distance between geometric entities at asserted c
onnectivities');
#2978=UNCERTAINTY_MEASURE_WITH_UNIT(LENGTH_MEASURE(0.01),#2993,
'DISTANCE_ACCURACY_VALUE',
'Maximum model space distance between geometric entities at asserted c
onnectivities');
#2979=UNCERTAINTY_MEASURE_WITH_UNIT(LENGTH_MEASURE(0.01),#2993,
'DISTANCE_ACCURACY_VALUE',
'Maximum model space distance between geometric entities at asserted c
onnectivities');
#2980=UNCERTAINTY_MEASURE_WITH_UNIT(LENGTH_MEASURE(0.01),#2993,
'DISTANCE_ACCURACY_VALUE',
'Maximum model space distance between geometric entities at asserted c
onnectivities');
#2981=UNCERTAINTY_MEASURE_WITH_UNIT(LENGTH_MEASURE(0.01),#2993,
'DISTANCE_ACCURACY_VALUE',
'Maximum model space distance between geometric entities at asserted c
onnectivities');
#2982=UNCERTAINTY_MEASURE_WITH_UNIT(LENGTH_MEASURE(0.01),#2993,
'DISTANCE_ACCURACY_VALUE',
'Maximum model space distance between geometric entities at asserted c
onnectivities');
#2983=UNCERTAINTY_MEASURE_WITH_UNIT(LENGTH_MEASURE(0.01),#2993,
'DISTANCE_ACCURACY_VALUE',
'Maximum model space distance between geometric entities at asserted c
onnectivities');
#2984=UNCERTAINTY_MEASURE_WITH_UNIT(LENGTH_MEASURE(0.01),#2993,
'DISTANCE_ACCURACY_VALUE',
'Maximum model space distance between geometric entities at asserted c
onnectivities');
#2985=(
GEOMETRIC_REPRESENTATION_CONTEXT(3)
GLOBAL_UNCERTAINTY_ASSIGNED_CONTEXT((#2977))
GLOBAL_UNIT_ASSIGNED_CONTEXT((#2993,#2995,#2996))
REPRESENTATION_CONTEXT('','3D')
);
#2986=(
GEOMETRIC_REPRESENTATION_CONTEXT(3)
GLOBAL_UNCERTAINTY_ASSIGNED_CONTEXT((#2978))
GLOBAL_UNIT_ASSIGNED_CONTEXT((#2993,#2995,#2996))
REPRESENTATION_CONTEXT('','3D')
);
#2987=(
GEOMETRIC_REPRESENTATION_CONTEXT(3)
GLOBAL_UNCERTAINTY_ASSIGNED_CONTEXT((#2979))
GLOBAL_UNIT_ASSIGNED_CONTEXT((#2993,#2995,#2996))
REPRESENTATION_CONTEXT('','3D')
);
#2988=(
GEOMETRIC_REPRESENTATION_CONTEXT(3)
GLOBAL_UNCERTAINTY_ASSIGNED_CONTEXT((#2980))
GLOBAL_UNIT_ASSIGNED_CONTEXT((#2993,#2995,#2996))
REPRESENTATION_CONTEXT('','3D')
);
#2989=(
GEOMETRIC_REPRESENTATION_CONTEXT(3)
GLOBAL_UNCERTAINTY_ASSIGNED_CONTEXT((#2981))
GLOBAL_UNIT_ASSIGNED_CONTEXT((#2993,#2995,#2996))
REPRESENTATION_CONTEXT('','3D')
);
#2990=(
GEOMETRIC_REPRESENTATION_CONTEXT(3)
GLOBAL_UNCERTAINTY_ASSIGNED_CONTEXT((#2982))
GLOBAL_UNIT_ASSIGNED_CONTEXT((#2993,#2995,#2996))
REPRESENTATION_CONTEXT('','3D')
);
#2991=(
GEOMETRIC_REPRESENTATION_CONTEXT(3)
GLOBAL_UNCERTAINTY_ASSIGNED_CONTEXT((#2983))
GLOBAL_UNIT_ASSIGNED_CONTEXT((#2993,#2995,#2996))
REPRESENTATION_CONTEXT('','3D')
);
#2992=(
GEOMETRIC_REPRESENTATION_CONTEXT(3)
GLOBAL_UNCERTAINTY_ASSIGNED_CONTEXT((#2984))
GLOBAL_UNIT_ASSIGNED_CONTEXT((#2993,#2995,#2996))
REPRESENTATION_CONTEXT('','3D')
);
#2993=(
LENGTH_UNIT()
NAMED_UNIT(*)
SI_UNIT(.MILLI.,.METRE.)
);
#2994=(
LENGTH_UNIT()
NAMED_UNIT(*)
SI_UNIT($,.METRE.)
);
#2995=(
NAMED_UNIT(*)
PLANE_ANGLE_UNIT()
SI_UNIT($,.RADIAN.)
);
#2996=(
NAMED_UNIT(*)
SI_UNIT($,.STERADIAN.)
SOLID_ANGLE_UNIT()
);
#2997=SHAPE_DEFINITION_REPRESENTATION(#3004,#3017);
#2998=SHAPE_DEFINITION_REPRESENTATION(#3005,#3018);
#2999=SHAPE_DEFINITION_REPRESENTATION(#3006,#3019);
#3000=SHAPE_DEFINITION_REPRESENTATION(#3007,#3020);
#3001=SHAPE_DEFINITION_REPRESENTATION(#3008,#3021);
#3002=SHAPE_DEFINITION_REPRESENTATION(#3009,#3022);
#3003=SHAPE_DEFINITION_REPRESENTATION(#3010,#3023);
#3004=PRODUCT_DEFINITION_SHAPE('',$,#3025);
#3005=PRODUCT_DEFINITION_SHAPE('',$,#3026);
#3006=PRODUCT_DEFINITION_SHAPE('',$,#3027);
#3007=PRODUCT_DEFINITION_SHAPE('',$,#3028);
#3008=PRODUCT_DEFINITION_SHAPE('',$,#3029);
#3009=PRODUCT_DEFINITION_SHAPE('',$,#3030);
#3010=PRODUCT_DEFINITION_SHAPE('',$,#3031);
#3011=PRODUCT_DEFINITION_SHAPE($,$,#29);
#3012=PRODUCT_DEFINITION_SHAPE($,$,#30);
#3013=PRODUCT_DEFINITION_SHAPE($,$,#31);
#3014=PRODUCT_DEFINITION_SHAPE($,$,#32);
#3015=PRODUCT_DEFINITION_SHAPE($,$,#33);
#3016=PRODUCT_DEFINITION_SHAPE($,$,#34);
#3017=SHAPE_REPRESENTATION('',(#1797,#1960,#1961,#1962,#1963,#1964,#1965),
#2985);
#3018=SHAPE_REPRESENTATION('',(#1798),#2986);
#3019=SHAPE_REPRESENTATION('',(#1827),#2987);
#3020=SHAPE_REPRESENTATION('',(#1852),#2988);
#3021=SHAPE_REPRESENTATION('',(#1881),#2989);
#3022=SHAPE_REPRESENTATION('',(#1906),#2990);
#3023=SHAPE_REPRESENTATION('',(#1935),#2991);
#3024=PRODUCT_DEFINITION_CONTEXT('part definition',#3047,'design');
#3025=PRODUCT_DEFINITION('08_UPPER_CLEVISES_AND_PHS10',
'08_UPPER_CLEVISES_AND_PHS10',#3032,#3024);
#3026=PRODUCT_DEFINITION('A1_UPPER_ONE_PIECE_CLEVIS_A6061',
'A1_UPPER_ONE_PIECE_CLEVIS_A6061',#3033,#3024);
#3027=PRODUCT_DEFINITION('A1_THK_PHS10_RH','A1_THK_PHS10_RH',#3034,#3024);
#3028=PRODUCT_DEFINITION('A2_UPPER_ONE_PIECE_CLEVIS_A6061',
'A2_UPPER_ONE_PIECE_CLEVIS_A6061',#3035,#3024);
#3029=PRODUCT_DEFINITION('A2_THK_PHS10_RH','A2_THK_PHS10_RH',#3036,#3024);
#3030=PRODUCT_DEFINITION('A3_UPPER_ONE_PIECE_CLEVIS_A6061',
'A3_UPPER_ONE_PIECE_CLEVIS_A6061',#3037,#3024);
#3031=PRODUCT_DEFINITION('A3_THK_PHS10_RH','A3_THK_PHS10_RH',#3038,#3024);
#3032=PRODUCT_DEFINITION_FORMATION('',$,#3049);
#3033=PRODUCT_DEFINITION_FORMATION('',$,#3050);
#3034=PRODUCT_DEFINITION_FORMATION('',$,#3051);
#3035=PRODUCT_DEFINITION_FORMATION('',$,#3052);
#3036=PRODUCT_DEFINITION_FORMATION('',$,#3053);
#3037=PRODUCT_DEFINITION_FORMATION('',$,#3054);
#3038=PRODUCT_DEFINITION_FORMATION('',$,#3055);
#3039=PRODUCT_RELATED_PRODUCT_CATEGORY('08_UPPER_CLEVISES_AND_PHS10',
'08_UPPER_CLEVISES_AND_PHS10',(#3049));
#3040=PRODUCT_RELATED_PRODUCT_CATEGORY(
'A1_UPPER_ONE_PIECE_CLEVIS_A6061','A1_UPPER_ONE_PIECE_CLEVIS_A6061',(#3050));
#3041=PRODUCT_RELATED_PRODUCT_CATEGORY('A1_THK_PHS10_RH',
'A1_THK_PHS10_RH',(#3051));
#3042=PRODUCT_RELATED_PRODUCT_CATEGORY(
'A2_UPPER_ONE_PIECE_CLEVIS_A6061','A2_UPPER_ONE_PIECE_CLEVIS_A6061',(#3052));
#3043=PRODUCT_RELATED_PRODUCT_CATEGORY('A2_THK_PHS10_RH',
'A2_THK_PHS10_RH',(#3053));
#3044=PRODUCT_RELATED_PRODUCT_CATEGORY(
'A3_UPPER_ONE_PIECE_CLEVIS_A6061','A3_UPPER_ONE_PIECE_CLEVIS_A6061',(#3054));
#3045=PRODUCT_RELATED_PRODUCT_CATEGORY('A3_THK_PHS10_RH',
'A3_THK_PHS10_RH',(#3055));
#3046=APPLICATION_PROTOCOL_DEFINITION('international standard',
'automotive_design',2009,#3047);
#3047=APPLICATION_CONTEXT(
'Core Data for Automotive Mechanical Design Process');
#3048=PRODUCT_CONTEXT('part definition',#3047,'mechanical');
#3049=PRODUCT('08_UPPER_CLEVISES_AND_PHS10',
'08_UPPER_CLEVISES_AND_PHS10',$,(#3048));
#3050=PRODUCT('A1_UPPER_ONE_PIECE_CLEVIS_A6061',
'A1_UPPER_ONE_PIECE_CLEVIS_A6061',$,(#3048));
#3051=PRODUCT('A1_THK_PHS10_RH','A1_THK_PHS10_RH',$,(#3048));
#3052=PRODUCT('A2_UPPER_ONE_PIECE_CLEVIS_A6061',
'A2_UPPER_ONE_PIECE_CLEVIS_A6061',$,(#3048));
#3053=PRODUCT('A2_THK_PHS10_RH','A2_THK_PHS10_RH',$,(#3048));
#3054=PRODUCT('A3_UPPER_ONE_PIECE_CLEVIS_A6061',
'A3_UPPER_ONE_PIECE_CLEVIS_A6061',$,(#3048));
#3055=PRODUCT('A3_THK_PHS10_RH','A3_THK_PHS10_RH',$,(#3048));
#3056=PRESENTATION_STYLE_ASSIGNMENT((#3059));
#3057=PRESENTATION_STYLE_ASSIGNMENT((#3060));
#3058=PRESENTATION_STYLE_ASSIGNMENT((#3061));
#3059=SURFACE_STYLE_USAGE(.BOTH.,#3062);
#3060=SURFACE_STYLE_USAGE(.BOTH.,#3063);
#3061=SURFACE_STYLE_USAGE(.BOTH.,#3064);
#3062=SURFACE_SIDE_STYLE('',(#3065));
#3063=SURFACE_SIDE_STYLE('',(#3066));
#3064=SURFACE_SIDE_STYLE('',(#3067));
#3065=SURFACE_STYLE_FILL_AREA(#3068);
#3066=SURFACE_STYLE_FILL_AREA(#3069);
#3067=SURFACE_STYLE_FILL_AREA(#3070);
#3068=FILL_AREA_STYLE('\X2\AC15CCA0\X0\ - \X2\C0C8D2F4\X0\',(#3071));
#3069=FILL_AREA_STYLE('RevM1_BRACKET',(#3072));
#3070=FILL_AREA_STYLE('RevM1_JOINT',(#3073));
#3071=FILL_AREA_STYLE_COLOUR('\X2\AC15CCA0\X0\ - \X2\C0C8D2F4\X0\',#3074);
#3072=FILL_AREA_STYLE_COLOUR('RevM1_BRACKET',#3075);
#3073=FILL_AREA_STYLE_COLOUR('RevM1_JOINT',#3076);
#3074=COLOUR_RGB('\X2\AC15CCA0\X0\ - \X2\C0C8D2F4\X0\',0.627450980392157,
0.627450980392157,0.627450980392157);
#3075=COLOUR_RGB('RevM1_BRACKET',0.607843137254902,0.647058823529412,0.67843137254902);
#3076=COLOUR_RGB('RevM1_JOINT',0.682352941176471,0.709803921568627,0.733333333333333);
ENDSEC;
END-ISO-10303-21;
