ISO-10303-21;
HEADER;
FILE_DESCRIPTION(('Open CASCADE Model'),'2;1');
FILE_NAME('Open CASCADE Shape Model','2026-08-31T18:37:12',('Author'),(
    'Open CASCADE'),'Open CASCADE STEP processor 7.9','Open CASCADE 7.9'
  ,'Unknown');
FILE_SCHEMA(('AUTOMOTIVE_DESIGN { 1 0 10303 214 1 1 1 1 }'));
ENDSEC;
DATA;
#1 = APPLICATION_PROTOCOL_DEFINITION('international standard',
  'automotive_design',2000,#2);
#2 = APPLICATION_CONTEXT(
  'core data for automotive mechanical design processes');
#3 = SHAPE_DEFINITION_REPRESENTATION(#4,#10);
#4 = PRODUCT_DEFINITION_SHAPE('','',#5);
#5 = PRODUCT_DEFINITION('design','',#6,#9);
#6 = PRODUCT_DEFINITION_FORMATION('','',#7);
#7 = PRODUCT('MINIMAL_RADIAL_COLLAPSED_REVC',
  'MINIMAL_RADIAL_COLLAPSED_REVC','',(#8));
#8 = PRODUCT_CONTEXT('',#2,'mechanical');
#9 = PRODUCT_DEFINITION_CONTEXT('part definition',#2,'design');
#10 = SHAPE_REPRESENTATION('',(#11,#15,#19,#23),#27);
#11 = AXIS2_PLACEMENT_3D('',#12,#13,#14);
#12 = CARTESIAN_POINT('',(0.,0.,0.));
#13 = DIRECTION('',(0.,0.,1.));
#14 = DIRECTION('',(1.,0.,-0.));
#15 = AXIS2_PLACEMENT_3D('',#16,#17,#18);
#16 = CARTESIAN_POINT('',(0.,0.,0.));
#17 = DIRECTION('',(0.,0.,1.));
#18 = DIRECTION('',(1.,0.,-0.));
#19 = AXIS2_PLACEMENT_3D('',#20,#21,#22);
#20 = CARTESIAN_POINT('',(0.,0.,0.));
#21 = DIRECTION('',(0.,0.,1.));
#22 = DIRECTION('',(1.,0.,-0.));
#23 = AXIS2_PLACEMENT_3D('',#24,#25,#26);
#24 = CARTESIAN_POINT('',(0.,0.,0.));
#25 = DIRECTION('',(0.,0.,1.));
#26 = DIRECTION('',(1.,0.,-0.));
#27 = ( GEOMETRIC_REPRESENTATION_CONTEXT(3) 
GLOBAL_UNCERTAINTY_ASSIGNED_CONTEXT((#31)) GLOBAL_UNIT_ASSIGNED_CONTEXT(
(#28,#29,#30)) REPRESENTATION_CONTEXT('Context #1',
  '3D Context with UNIT and UNCERTAINTY') );
#28 = ( LENGTH_UNIT() NAMED_UNIT(*) SI_UNIT(.MILLI.,.METRE.) );
#29 = ( NAMED_UNIT(*) PLANE_ANGLE_UNIT() SI_UNIT($,.RADIAN.) );
#30 = ( NAMED_UNIT(*) SI_UNIT($,.STERADIAN.) SOLID_ANGLE_UNIT() );
#31 = UNCERTAINTY_MEASURE_WITH_UNIT(LENGTH_MEASURE(1.E-07),#28,
  'distance_accuracy_value','confusion accuracy');
#32 = PRODUCT_RELATED_PRODUCT_CATEGORY('part',$,(#7));
#33 = SHAPE_DEFINITION_REPRESENTATION(#34,#40);
#34 = PRODUCT_DEFINITION_SHAPE('','',#35);
#35 = PRODUCT_DEFINITION('design','',#36,#39);
#36 = PRODUCT_DEFINITION_FORMATION('','',#37);
#37 = PRODUCT('LOWER_FASTENERS','LOWER_FASTENERS','',(#38));
#38 = PRODUCT_CONTEXT('',#2,'mechanical');
#39 = PRODUCT_DEFINITION_CONTEXT('part definition',#2,'design');
#40 = SHAPE_REPRESENTATION('',(#11,#41,#45,#49),#53);
#41 = AXIS2_PLACEMENT_3D('',#42,#43,#44);
#42 = CARTESIAN_POINT('',(0.,0.,0.));
#43 = DIRECTION('',(0.,0.,1.));
#44 = DIRECTION('',(1.,0.,-0.));
#45 = AXIS2_PLACEMENT_3D('',#46,#47,#48);
#46 = CARTESIAN_POINT('',(0.,0.,0.));
#47 = DIRECTION('',(0.,0.,1.));
#48 = DIRECTION('',(1.,0.,-0.));
#49 = AXIS2_PLACEMENT_3D('',#50,#51,#52);
#50 = CARTESIAN_POINT('',(0.,0.,0.));
#51 = DIRECTION('',(0.,0.,1.));
#52 = DIRECTION('',(1.,0.,-0.));
#53 = ( GEOMETRIC_REPRESENTATION_CONTEXT(3) 
GLOBAL_UNCERTAINTY_ASSIGNED_CONTEXT((#57)) GLOBAL_UNIT_ASSIGNED_CONTEXT(
(#54,#55,#56)) REPRESENTATION_CONTEXT('Context #1',
  '3D Context with UNIT and UNCERTAINTY') );
#54 = ( LENGTH_UNIT() NAMED_UNIT(*) SI_UNIT(.MILLI.,.METRE.) );
#55 = ( NAMED_UNIT(*) PLANE_ANGLE_UNIT() SI_UNIT($,.RADIAN.) );
#56 = ( NAMED_UNIT(*) SI_UNIT($,.STERADIAN.) SOLID_ANGLE_UNIT() );
#57 = UNCERTAINTY_MEASURE_WITH_UNIT(LENGTH_MEASURE(1.E-07),#54,
  'distance_accuracy_value','confusion accuracy');
#58 = CONTEXT_DEPENDENT_SHAPE_REPRESENTATION(#59,#61);
#59 = ( REPRESENTATION_RELATIONSHIP('','',#40,#10) 
REPRESENTATION_RELATIONSHIP_WITH_TRANSFORMATION(#60) 
SHAPE_REPRESENTATION_RELATIONSHIP() );
#60 = ITEM_DEFINED_TRANSFORMATION('','',#11,#15);
#61 = PRODUCT_DEFINITION_SHAPE('Placement','Placement of an item',#62);
#62 = NEXT_ASSEMBLY_USAGE_OCCURRENCE('808','','',#5,#35,$);
#63 = PRODUCT_RELATED_PRODUCT_CATEGORY('part',$,(#37));
#64 = SHAPE_DEFINITION_REPRESENTATION(#65,#71);
#65 = PRODUCT_DEFINITION_SHAPE('','',#66);
#66 = PRODUCT_DEFINITION('design','',#67,#70);
#67 = PRODUCT_DEFINITION_FORMATION('','',#68);
#68 = PRODUCT('LMB10_A1_2x_M8x16_tapped_hub',
  'LMB10_A1_2x_M8x16_tapped_hub','',(#69));
#69 = PRODUCT_CONTEXT('',#2,'mechanical');
#70 = PRODUCT_DEFINITION_CONTEXT('part definition',#2,'design');
#71 = SHAPE_REPRESENTATION('',(#11,#72,#170,#268,#366),#464);
#72 = MANIFOLD_SOLID_BREP('',#73);
#73 = CLOSED_SHELL('',(#74,#162,#166));
#74 = ADVANCED_FACE('',(#75),#89,.T.);
#75 = FACE_BOUND('',#76,.F.);
#76 = EDGE_LOOP('',(#77,#107,#134,#135));
#77 = ORIENTED_EDGE('',*,*,#78,.T.);
#78 = EDGE_CURVE('',#79,#81,#83,.T.);
#79 = VERTEX_POINT('',#80);
#80 = CARTESIAN_POINT('',(18.5,75.,42.));
#81 = VERTEX_POINT('',#82);
#82 = CARTESIAN_POINT('',(18.5,75.,56.));
#83 = SEAM_CURVE('',#84,(#88,#100),.PCURVE_S1.);
#84 = LINE('',#85,#86);
#85 = CARTESIAN_POINT('',(18.5,75.,42.));
#86 = VECTOR('',#87,1.);
#87 = DIRECTION('',(0.,0.,1.));
#88 = PCURVE('',#89,#94);
#89 = CYLINDRICAL_SURFACE('',#90,4.);
#90 = AXIS2_PLACEMENT_3D('',#91,#92,#93);
#91 = CARTESIAN_POINT('',(14.5,75.,42.));
#92 = DIRECTION('',(-0.,-0.,-1.));
#93 = DIRECTION('',(1.,0.,0.));
#94 = DEFINITIONAL_REPRESENTATION('',(#95),#99);
#95 = LINE('',#96,#97);
#96 = CARTESIAN_POINT('',(-0.,0.));
#97 = VECTOR('',#98,1.);
#98 = DIRECTION('',(-0.,-1.));
#99 = ( GEOMETRIC_REPRESENTATION_CONTEXT(2) 
PARAMETRIC_REPRESENTATION_CONTEXT() REPRESENTATION_CONTEXT('2D SPACE',''
  ) );
#100 = PCURVE('',#89,#101);
#101 = DEFINITIONAL_REPRESENTATION('',(#102),#106);
#102 = LINE('',#103,#104);
#103 = CARTESIAN_POINT('',(-6.28318530718,0.));
#104 = VECTOR('',#105,1.);
#105 = DIRECTION('',(-0.,-1.));
#106 = ( GEOMETRIC_REPRESENTATION_CONTEXT(2) 
PARAMETRIC_REPRESENTATION_CONTEXT() REPRESENTATION_CONTEXT('2D SPACE',''
  ) );
#107 = ORIENTED_EDGE('',*,*,#108,.T.);
#108 = EDGE_CURVE('',#81,#81,#109,.T.);
#109 = SURFACE_CURVE('',#110,(#115,#122),.PCURVE_S1.);
#110 = CIRCLE('',#111,4.);
#111 = AXIS2_PLACEMENT_3D('',#112,#113,#114);
#112 = CARTESIAN_POINT('',(14.5,75.,56.));
#113 = DIRECTION('',(0.,0.,1.));
#114 = DIRECTION('',(1.,0.,0.));
#115 = PCURVE('',#89,#116);
#116 = DEFINITIONAL_REPRESENTATION('',(#117),#121);
#117 = LINE('',#118,#119);
#118 = CARTESIAN_POINT('',(-0.,-14.));
#119 = VECTOR('',#120,1.);
#120 = DIRECTION('',(-1.,0.));
#121 = ( GEOMETRIC_REPRESENTATION_CONTEXT(2) 
PARAMETRIC_REPRESENTATION_CONTEXT() REPRESENTATION_CONTEXT('2D SPACE',''
  ) );
#122 = PCURVE('',#123,#128);
#123 = PLANE('',#124);
#124 = AXIS2_PLACEMENT_3D('',#125,#126,#127);
#125 = CARTESIAN_POINT('',(14.5,75.,56.));
#126 = DIRECTION('',(0.,0.,1.));
#127 = DIRECTION('',(1.,0.,-0.));
#128 = DEFINITIONAL_REPRESENTATION('',(#129),#133);
#129 = CIRCLE('',#130,4.);
#130 = AXIS2_PLACEMENT_2D('',#131,#132);
#131 = CARTESIAN_POINT('',(0.,0.));
#132 = DIRECTION('',(1.,0.));
#133 = ( GEOMETRIC_REPRESENTATION_CONTEXT(2) 
PARAMETRIC_REPRESENTATION_CONTEXT() REPRESENTATION_CONTEXT('2D SPACE',''
  ) );
#134 = ORIENTED_EDGE('',*,*,#78,.F.);
#135 = ORIENTED_EDGE('',*,*,#136,.F.);
#136 = EDGE_CURVE('',#79,#79,#137,.T.);
#137 = SURFACE_CURVE('',#138,(#143,#150),.PCURVE_S1.);
#138 = CIRCLE('',#139,4.);
#139 = AXIS2_PLACEMENT_3D('',#140,#141,#142);
#140 = CARTESIAN_POINT('',(14.5,75.,42.));
#141 = DIRECTION('',(0.,0.,1.));
#142 = DIRECTION('',(1.,0.,0.));
#143 = PCURVE('',#89,#144);
#144 = DEFINITIONAL_REPRESENTATION('',(#145),#149);
#145 = LINE('',#146,#147);
#146 = CARTESIAN_POINT('',(-0.,0.));
#147 = VECTOR('',#148,1.);
#148 = DIRECTION('',(-1.,0.));
#149 = ( GEOMETRIC_REPRESENTATION_CONTEXT(2) 
PARAMETRIC_REPRESENTATION_CONTEXT() REPRESENTATION_CONTEXT('2D SPACE',''
  ) );
#150 = PCURVE('',#151,#156);
#151 = PLANE('',#152);
#152 = AXIS2_PLACEMENT_3D('',#153,#154,#155);
#153 = CARTESIAN_POINT('',(14.5,75.,42.));
#154 = DIRECTION('',(0.,0.,1.));
#155 = DIRECTION('',(1.,0.,-0.));
#156 = DEFINITIONAL_REPRESENTATION('',(#157),#161);
#157 = CIRCLE('',#158,4.);
#158 = AXIS2_PLACEMENT_2D('',#159,#160);
#159 = CARTESIAN_POINT('',(0.,0.));
#160 = DIRECTION('',(1.,0.));
#161 = ( GEOMETRIC_REPRESENTATION_CONTEXT(2) 
PARAMETRIC_REPRESENTATION_CONTEXT() REPRESENTATION_CONTEXT('2D SPACE',''
  ) );
#162 = ADVANCED_FACE('',(#163),#151,.F.);
#163 = FACE_BOUND('',#164,.F.);
#164 = EDGE_LOOP('',(#165));
#165 = ORIENTED_EDGE('',*,*,#136,.T.);
#166 = ADVANCED_FACE('',(#167),#123,.T.);
#167 = FACE_BOUND('',#168,.T.);
#168 = EDGE_LOOP('',(#169));
#169 = ORIENTED_EDGE('',*,*,#108,.T.);
#170 = MANIFOLD_SOLID_BREP('',#171);
#171 = CLOSED_SHELL('',(#172,#260,#264));
#172 = ADVANCED_FACE('',(#173),#187,.T.);
#173 = FACE_BOUND('',#174,.F.);
#174 = EDGE_LOOP('',(#175,#205,#232,#233));
#175 = ORIENTED_EDGE('',*,*,#176,.T.);
#176 = EDGE_CURVE('',#177,#179,#181,.T.);
#177 = VERTEX_POINT('',#178);
#178 = CARTESIAN_POINT('',(21.,75.,56.));
#179 = VERTEX_POINT('',#180);
#180 = CARTESIAN_POINT('',(21.,75.,60.));
#181 = SEAM_CURVE('',#182,(#186,#198),.PCURVE_S1.);
#182 = LINE('',#183,#184);
#183 = CARTESIAN_POINT('',(21.,75.,56.));
#184 = VECTOR('',#185,1.);
#185 = DIRECTION('',(0.,0.,1.));
#186 = PCURVE('',#187,#192);
#187 = CYLINDRICAL_SURFACE('',#188,6.5);
#188 = AXIS2_PLACEMENT_3D('',#189,#190,#191);
#189 = CARTESIAN_POINT('',(14.5,75.,56.));
#190 = DIRECTION('',(-0.,-0.,-1.));
#191 = DIRECTION('',(1.,0.,0.));
#192 = DEFINITIONAL_REPRESENTATION('',(#193),#197);
#193 = LINE('',#194,#195);
#194 = CARTESIAN_POINT('',(-0.,0.));
#195 = VECTOR('',#196,1.);
#196 = DIRECTION('',(-0.,-1.));
#197 = ( GEOMETRIC_REPRESENTATION_CONTEXT(2) 
PARAMETRIC_REPRESENTATION_CONTEXT() REPRESENTATION_CONTEXT('2D SPACE',''
  ) );
#198 = PCURVE('',#187,#199);
#199 = DEFINITIONAL_REPRESENTATION('',(#200),#204);
#200 = LINE('',#201,#202);
#201 = CARTESIAN_POINT('',(-6.28318530718,0.));
#202 = VECTOR('',#203,1.);
#203 = DIRECTION('',(-0.,-1.));
#204 = ( GEOMETRIC_REPRESENTATION_CONTEXT(2) 
PARAMETRIC_REPRESENTATION_CONTEXT() REPRESENTATION_CONTEXT('2D SPACE',''
  ) );
#205 = ORIENTED_EDGE('',*,*,#206,.T.);
#206 = EDGE_CURVE('',#179,#179,#207,.T.);
#207 = SURFACE_CURVE('',#208,(#213,#220),.PCURVE_S1.);
#208 = CIRCLE('',#209,6.5);
#209 = AXIS2_PLACEMENT_3D('',#210,#211,#212);
#210 = CARTESIAN_POINT('',(14.5,75.,60.));
#211 = DIRECTION('',(0.,0.,1.));
#212 = DIRECTION('',(1.,0.,0.));
#213 = PCURVE('',#187,#214);
#214 = DEFINITIONAL_REPRESENTATION('',(#215),#219);
#215 = LINE('',#216,#217);
#216 = CARTESIAN_POINT('',(-0.,-4.));
#217 = VECTOR('',#218,1.);
#218 = DIRECTION('',(-1.,0.));
#219 = ( GEOMETRIC_REPRESENTATION_CONTEXT(2) 
PARAMETRIC_REPRESENTATION_CONTEXT() REPRESENTATION_CONTEXT('2D SPACE',''
  ) );
#220 = PCURVE('',#221,#226);
#221 = PLANE('',#222);
#222 = AXIS2_PLACEMENT_3D('',#223,#224,#225);
#223 = CARTESIAN_POINT('',(14.5,75.,60.));
#224 = DIRECTION('',(0.,0.,1.));
#225 = DIRECTION('',(1.,0.,-0.));
#226 = DEFINITIONAL_REPRESENTATION('',(#227),#231);
#227 = CIRCLE('',#228,6.5);
#228 = AXIS2_PLACEMENT_2D('',#229,#230);
#229 = CARTESIAN_POINT('',(0.,0.));
#230 = DIRECTION('',(1.,0.));
#231 = ( GEOMETRIC_REPRESENTATION_CONTEXT(2) 
PARAMETRIC_REPRESENTATION_CONTEXT() REPRESENTATION_CONTEXT('2D SPACE',''
  ) );
#232 = ORIENTED_EDGE('',*,*,#176,.F.);
#233 = ORIENTED_EDGE('',*,*,#234,.F.);
#234 = EDGE_CURVE('',#177,#177,#235,.T.);
#235 = SURFACE_CURVE('',#236,(#241,#248),.PCURVE_S1.);
#236 = CIRCLE('',#237,6.5);
#237 = AXIS2_PLACEMENT_3D('',#238,#239,#240);
#238 = CARTESIAN_POINT('',(14.5,75.,56.));
#239 = DIRECTION('',(0.,0.,1.));
#240 = DIRECTION('',(1.,0.,0.));
#241 = PCURVE('',#187,#242);
#242 = DEFINITIONAL_REPRESENTATION('',(#243),#247);
#243 = LINE('',#244,#245);
#244 = CARTESIAN_POINT('',(-0.,0.));
#245 = VECTOR('',#246,1.);
#246 = DIRECTION('',(-1.,0.));
#247 = ( GEOMETRIC_REPRESENTATION_CONTEXT(2) 
PARAMETRIC_REPRESENTATION_CONTEXT() REPRESENTATION_CONTEXT('2D SPACE',''
  ) );
#248 = PCURVE('',#249,#254);
#249 = PLANE('',#250);
#250 = AXIS2_PLACEMENT_3D('',#251,#252,#253);
#251 = CARTESIAN_POINT('',(14.5,75.,56.));
#252 = DIRECTION('',(0.,0.,1.));
#253 = DIRECTION('',(1.,0.,-0.));
#254 = DEFINITIONAL_REPRESENTATION('',(#255),#259);
#255 = CIRCLE('',#256,6.5);
#256 = AXIS2_PLACEMENT_2D('',#257,#258);
#257 = CARTESIAN_POINT('',(0.,0.));
#258 = DIRECTION('',(1.,0.));
#259 = ( GEOMETRIC_REPRESENTATION_CONTEXT(2) 
PARAMETRIC_REPRESENTATION_CONTEXT() REPRESENTATION_CONTEXT('2D SPACE',''
  ) );
#260 = ADVANCED_FACE('',(#261),#249,.F.);
#261 = FACE_BOUND('',#262,.F.);
#262 = EDGE_LOOP('',(#263));
#263 = ORIENTED_EDGE('',*,*,#234,.T.);
#264 = ADVANCED_FACE('',(#265),#221,.T.);
#265 = FACE_BOUND('',#266,.T.);
#266 = EDGE_LOOP('',(#267));
#267 = ORIENTED_EDGE('',*,*,#206,.T.);
#268 = MANIFOLD_SOLID_BREP('',#269);
#269 = CLOSED_SHELL('',(#270,#358,#362));
#270 = ADVANCED_FACE('',(#271),#285,.T.);
#271 = FACE_BOUND('',#272,.F.);
#272 = EDGE_LOOP('',(#273,#303,#330,#331));
#273 = ORIENTED_EDGE('',*,*,#274,.T.);
#274 = EDGE_CURVE('',#275,#277,#279,.T.);
#275 = VERTEX_POINT('',#276);
#276 = CARTESIAN_POINT('',(18.5,39.,42.));
#277 = VERTEX_POINT('',#278);
#278 = CARTESIAN_POINT('',(18.5,39.,56.));
#279 = SEAM_CURVE('',#280,(#284,#296),.PCURVE_S1.);
#280 = LINE('',#281,#282);
#281 = CARTESIAN_POINT('',(18.5,39.,42.));
#282 = VECTOR('',#283,1.);
#283 = DIRECTION('',(0.,0.,1.));
#284 = PCURVE('',#285,#290);
#285 = CYLINDRICAL_SURFACE('',#286,4.);
#286 = AXIS2_PLACEMENT_3D('',#287,#288,#289);
#287 = CARTESIAN_POINT('',(14.5,39.,42.));
#288 = DIRECTION('',(-0.,-0.,-1.));
#289 = DIRECTION('',(1.,0.,0.));
#290 = DEFINITIONAL_REPRESENTATION('',(#291),#295);
#291 = LINE('',#292,#293);
#292 = CARTESIAN_POINT('',(-0.,0.));
#293 = VECTOR('',#294,1.);
#294 = DIRECTION('',(-0.,-1.));
#295 = ( GEOMETRIC_REPRESENTATION_CONTEXT(2) 
PARAMETRIC_REPRESENTATION_CONTEXT() REPRESENTATION_CONTEXT('2D SPACE',''
  ) );
#296 = PCURVE('',#285,#297);
#297 = DEFINITIONAL_REPRESENTATION('',(#298),#302);
#298 = LINE('',#299,#300);
#299 = CARTESIAN_POINT('',(-6.28318530718,0.));
#300 = VECTOR('',#301,1.);
#301 = DIRECTION('',(-0.,-1.));
#302 = ( GEOMETRIC_REPRESENTATION_CONTEXT(2) 
PARAMETRIC_REPRESENTATION_CONTEXT() REPRESENTATION_CONTEXT('2D SPACE',''
  ) );
#303 = ORIENTED_EDGE('',*,*,#304,.T.);
#304 = EDGE_CURVE('',#277,#277,#305,.T.);
#305 = SURFACE_CURVE('',#306,(#311,#318),.PCURVE_S1.);
#306 = CIRCLE('',#307,4.);
#307 = AXIS2_PLACEMENT_3D('',#308,#309,#310);
#308 = CARTESIAN_POINT('',(14.5,39.,56.));
#309 = DIRECTION('',(0.,0.,1.));
#310 = DIRECTION('',(1.,0.,0.));
#311 = PCURVE('',#285,#312);
#312 = DEFINITIONAL_REPRESENTATION('',(#313),#317);
#313 = LINE('',#314,#315);
#314 = CARTESIAN_POINT('',(-0.,-14.));
#315 = VECTOR('',#316,1.);
#316 = DIRECTION('',(-1.,0.));
#317 = ( GEOMETRIC_REPRESENTATION_CONTEXT(2) 
PARAMETRIC_REPRESENTATION_CONTEXT() REPRESENTATION_CONTEXT('2D SPACE',''
  ) );
#318 = PCURVE('',#319,#324);
#319 = PLANE('',#320);
#320 = AXIS2_PLACEMENT_3D('',#321,#322,#323);
#321 = CARTESIAN_POINT('',(14.5,39.,56.));
#322 = DIRECTION('',(0.,0.,1.));
#323 = DIRECTION('',(1.,0.,-0.));
#324 = DEFINITIONAL_REPRESENTATION('',(#325),#329);
#325 = CIRCLE('',#326,4.);
#326 = AXIS2_PLACEMENT_2D('',#327,#328);
#327 = CARTESIAN_POINT('',(0.,0.));
#328 = DIRECTION('',(1.,0.));
#329 = ( GEOMETRIC_REPRESENTATION_CONTEXT(2) 
PARAMETRIC_REPRESENTATION_CONTEXT() REPRESENTATION_CONTEXT('2D SPACE',''
  ) );
#330 = ORIENTED_EDGE('',*,*,#274,.F.);
#331 = ORIENTED_EDGE('',*,*,#332,.F.);
#332 = EDGE_CURVE('',#275,#275,#333,.T.);
#333 = SURFACE_CURVE('',#334,(#339,#346),.PCURVE_S1.);
#334 = CIRCLE('',#335,4.);
#335 = AXIS2_PLACEMENT_3D('',#336,#337,#338);
#336 = CARTESIAN_POINT('',(14.5,39.,42.));
#337 = DIRECTION('',(0.,0.,1.));
#338 = DIRECTION('',(1.,0.,0.));
#339 = PCURVE('',#285,#340);
#340 = DEFINITIONAL_REPRESENTATION('',(#341),#345);
#341 = LINE('',#342,#343);
#342 = CARTESIAN_POINT('',(-0.,0.));
#343 = VECTOR('',#344,1.);
#344 = DIRECTION('',(-1.,0.));
#345 = ( GEOMETRIC_REPRESENTATION_CONTEXT(2) 
PARAMETRIC_REPRESENTATION_CONTEXT() REPRESENTATION_CONTEXT('2D SPACE',''
  ) );
#346 = PCURVE('',#347,#352);
#347 = PLANE('',#348);
#348 = AXIS2_PLACEMENT_3D('',#349,#350,#351);
#349 = CARTESIAN_POINT('',(14.5,39.,42.));
#350 = DIRECTION('',(0.,0.,1.));
#351 = DIRECTION('',(1.,0.,-0.));
#352 = DEFINITIONAL_REPRESENTATION('',(#353),#357);
#353 = CIRCLE('',#354,4.);
#354 = AXIS2_PLACEMENT_2D('',#355,#356);
#355 = CARTESIAN_POINT('',(0.,0.));
#356 = DIRECTION('',(1.,0.));
#357 = ( GEOMETRIC_REPRESENTATION_CONTEXT(2) 
PARAMETRIC_REPRESENTATION_CONTEXT() REPRESENTATION_CONTEXT('2D SPACE',''
  ) );
#358 = ADVANCED_FACE('',(#359),#347,.F.);
#359 = FACE_BOUND('',#360,.F.);
#360 = EDGE_LOOP('',(#361));
#361 = ORIENTED_EDGE('',*,*,#332,.T.);
#362 = ADVANCED_FACE('',(#363),#319,.T.);
#363 = FACE_BOUND('',#364,.T.);
#364 = EDGE_LOOP('',(#365));
#365 = ORIENTED_EDGE('',*,*,#304,.T.);
#366 = MANIFOLD_SOLID_BREP('',#367);
#367 = CLOSED_SHELL('',(#368,#456,#460));
#368 = ADVANCED_FACE('',(#369),#383,.T.);
#369 = FACE_BOUND('',#370,.F.);
#370 = EDGE_LOOP('',(#371,#401,#428,#429));
#371 = ORIENTED_EDGE('',*,*,#372,.T.);
#372 = EDGE_CURVE('',#373,#375,#377,.T.);
#373 = VERTEX_POINT('',#374);
#374 = CARTESIAN_POINT('',(21.,39.,56.));
#375 = VERTEX_POINT('',#376);
#376 = CARTESIAN_POINT('',(21.,39.,60.));
#377 = SEAM_CURVE('',#378,(#382,#394),.PCURVE_S1.);
#378 = LINE('',#379,#380);
#379 = CARTESIAN_POINT('',(21.,39.,56.));
#380 = VECTOR('',#381,1.);
#381 = DIRECTION('',(0.,0.,1.));
#382 = PCURVE('',#383,#388);
#383 = CYLINDRICAL_SURFACE('',#384,6.5);
#384 = AXIS2_PLACEMENT_3D('',#385,#386,#387);
#385 = CARTESIAN_POINT('',(14.5,39.,56.));
#386 = DIRECTION('',(-0.,-0.,-1.));
#387 = DIRECTION('',(1.,0.,0.));
#388 = DEFINITIONAL_REPRESENTATION('',(#389),#393);
#389 = LINE('',#390,#391);
#390 = CARTESIAN_POINT('',(-0.,0.));
#391 = VECTOR('',#392,1.);
#392 = DIRECTION('',(-0.,-1.));
#393 = ( GEOMETRIC_REPRESENTATION_CONTEXT(2) 
PARAMETRIC_REPRESENTATION_CONTEXT() REPRESENTATION_CONTEXT('2D SPACE',''
  ) );
#394 = PCURVE('',#383,#395);
#395 = DEFINITIONAL_REPRESENTATION('',(#396),#400);
#396 = LINE('',#397,#398);
#397 = CARTESIAN_POINT('',(-6.28318530718,0.));
#398 = VECTOR('',#399,1.);
#399 = DIRECTION('',(-0.,-1.));
#400 = ( GEOMETRIC_REPRESENTATION_CONTEXT(2) 
PARAMETRIC_REPRESENTATION_CONTEXT() REPRESENTATION_CONTEXT('2D SPACE',''
  ) );
#401 = ORIENTED_EDGE('',*,*,#402,.T.);
#402 = EDGE_CURVE('',#375,#375,#403,.T.);
#403 = SURFACE_CURVE('',#404,(#409,#416),.PCURVE_S1.);
#404 = CIRCLE('',#405,6.5);
#405 = AXIS2_PLACEMENT_3D('',#406,#407,#408);
#406 = CARTESIAN_POINT('',(14.5,39.,60.));
#407 = DIRECTION('',(0.,0.,1.));
#408 = DIRECTION('',(1.,0.,0.));
#409 = PCURVE('',#383,#410);
#410 = DEFINITIONAL_REPRESENTATION('',(#411),#415);
#411 = LINE('',#412,#413);
#412 = CARTESIAN_POINT('',(-0.,-4.));
#413 = VECTOR('',#414,1.);
#414 = DIRECTION('',(-1.,0.));
#415 = ( GEOMETRIC_REPRESENTATION_CONTEXT(2) 
PARAMETRIC_REPRESENTATION_CONTEXT() REPRESENTATION_CONTEXT('2D SPACE',''
  ) );
#416 = PCURVE('',#417,#422);
#417 = PLANE('',#418);
#418 = AXIS2_PLACEMENT_3D('',#419,#420,#421);
#419 = CARTESIAN_POINT('',(14.5,39.,60.));
#420 = DIRECTION('',(0.,0.,1.));
#421 = DIRECTION('',(1.,0.,-0.));
#422 = DEFINITIONAL_REPRESENTATION('',(#423),#427);
#423 = CIRCLE('',#424,6.5);
#424 = AXIS2_PLACEMENT_2D('',#425,#426);
#425 = CARTESIAN_POINT('',(0.,0.));
#426 = DIRECTION('',(1.,0.));
#427 = ( GEOMETRIC_REPRESENTATION_CONTEXT(2) 
PARAMETRIC_REPRESENTATION_CONTEXT() REPRESENTATION_CONTEXT('2D SPACE',''
  ) );
#428 = ORIENTED_EDGE('',*,*,#372,.F.);
#429 = ORIENTED_EDGE('',*,*,#430,.F.);
#430 = EDGE_CURVE('',#373,#373,#431,.T.);
#431 = SURFACE_CURVE('',#432,(#437,#444),.PCURVE_S1.);
#432 = CIRCLE('',#433,6.5);
#433 = AXIS2_PLACEMENT_3D('',#434,#435,#436);
#434 = CARTESIAN_POINT('',(14.5,39.,56.));
#435 = DIRECTION('',(0.,0.,1.));
#436 = DIRECTION('',(1.,0.,0.));
#437 = PCURVE('',#383,#438);
#438 = DEFINITIONAL_REPRESENTATION('',(#439),#443);
#439 = LINE('',#440,#441);
#440 = CARTESIAN_POINT('',(-0.,0.));
#441 = VECTOR('',#442,1.);
#442 = DIRECTION('',(-1.,0.));
#443 = ( GEOMETRIC_REPRESENTATION_CONTEXT(2) 
PARAMETRIC_REPRESENTATION_CONTEXT() REPRESENTATION_CONTEXT('2D SPACE',''
  ) );
#444 = PCURVE('',#445,#450);
#445 = PLANE('',#446);
#446 = AXIS2_PLACEMENT_3D('',#447,#448,#449);
#447 = CARTESIAN_POINT('',(14.5,39.,56.));
#448 = DIRECTION('',(0.,0.,1.));
#449 = DIRECTION('',(1.,0.,-0.));
#450 = DEFINITIONAL_REPRESENTATION('',(#451),#455);
#451 = CIRCLE('',#452,6.5);
#452 = AXIS2_PLACEMENT_2D('',#453,#454);
#453 = CARTESIAN_POINT('',(0.,0.));
#454 = DIRECTION('',(1.,0.));
#455 = ( GEOMETRIC_REPRESENTATION_CONTEXT(2) 
PARAMETRIC_REPRESENTATION_CONTEXT() REPRESENTATION_CONTEXT('2D SPACE',''
  ) );
#456 = ADVANCED_FACE('',(#457),#445,.F.);
#457 = FACE_BOUND('',#458,.F.);
#458 = EDGE_LOOP('',(#459));
#459 = ORIENTED_EDGE('',*,*,#430,.T.);
#460 = ADVANCED_FACE('',(#461),#417,.T.);
#461 = FACE_BOUND('',#462,.T.);
#462 = EDGE_LOOP('',(#463));
#463 = ORIENTED_EDGE('',*,*,#402,.T.);
#464 = ( GEOMETRIC_REPRESENTATION_CONTEXT(3) 
GLOBAL_UNCERTAINTY_ASSIGNED_CONTEXT((#468)) GLOBAL_UNIT_ASSIGNED_CONTEXT
((#465,#466,#467)) REPRESENTATION_CONTEXT('Context #1',
  '3D Context with UNIT and UNCERTAINTY') );
#465 = ( LENGTH_UNIT() NAMED_UNIT(*) SI_UNIT(.MILLI.,.METRE.) );
#466 = ( NAMED_UNIT(*) PLANE_ANGLE_UNIT() SI_UNIT($,.RADIAN.) );
#467 = ( NAMED_UNIT(*) SI_UNIT($,.STERADIAN.) SOLID_ANGLE_UNIT() );
#468 = UNCERTAINTY_MEASURE_WITH_UNIT(LENGTH_MEASURE(1.E-07),#465,
  'distance_accuracy_value','confusion accuracy');
#469 = CONTEXT_DEPENDENT_SHAPE_REPRESENTATION(#470,#472);
#470 = ( REPRESENTATION_RELATIONSHIP('','',#71,#40) 
REPRESENTATION_RELATIONSHIP_WITH_TRANSFORMATION(#471) 
SHAPE_REPRESENTATION_RELATIONSHIP() );
#471 = ITEM_DEFINED_TRANSFORMATION('','',#11,#41);
#472 = PRODUCT_DEFINITION_SHAPE('Placement','Placement of an item',#473
  );
#473 = NEXT_ASSEMBLY_USAGE_OCCURRENCE('805',
  'LMB10_A1_2x_M8x16_tapped_hub','',#35,#66,$);
#474 = PRODUCT_RELATED_PRODUCT_CATEGORY('part',$,(#68));
#475 = SHAPE_DEFINITION_REPRESENTATION(#476,#482);
#476 = PRODUCT_DEFINITION_SHAPE('','',#477);
#477 = PRODUCT_DEFINITION('design','',#478,#481);
#478 = PRODUCT_DEFINITION_FORMATION('','',#479);
#479 = PRODUCT('LMB10_A2_2x_M8x16_tapped_hub',
  'LMB10_A2_2x_M8x16_tapped_hub','',(#480));
#480 = PRODUCT_CONTEXT('',#2,'mechanical');
#481 = PRODUCT_DEFINITION_CONTEXT('part definition',#2,'design');
#482 = SHAPE_REPRESENTATION('',(#11,#483,#581,#679,#777),#875);
#483 = MANIFOLD_SOLID_BREP('',#484);
#484 = CLOSED_SHELL('',(#485,#573,#577));
#485 = ADVANCED_FACE('',(#486),#500,.T.);
#486 = FACE_BOUND('',#487,.F.);
#487 = EDGE_LOOP('',(#488,#518,#545,#546));
#488 = ORIENTED_EDGE('',*,*,#489,.T.);
#489 = EDGE_CURVE('',#490,#492,#494,.T.);
#490 = VERTEX_POINT('',#491);
#491 = CARTESIAN_POINT('',(-68.20190528383,-24.94263164512,42.));
#492 = VERTEX_POINT('',#493);
#493 = CARTESIAN_POINT('',(-68.20190528383,-24.94263164512,56.));
#494 = SEAM_CURVE('',#495,(#499,#511),.PCURVE_S1.);
#495 = LINE('',#496,#497);
#496 = CARTESIAN_POINT('',(-68.20190528383,-24.94263164512,42.));
#497 = VECTOR('',#498,1.);
#498 = DIRECTION('',(0.,0.,1.));
#499 = PCURVE('',#500,#505);
#500 = CYLINDRICAL_SURFACE('',#501,4.);
#501 = AXIS2_PLACEMENT_3D('',#502,#503,#504);
#502 = CARTESIAN_POINT('',(-72.20190528383,-24.94263164512,42.));
#503 = DIRECTION('',(-0.,-0.,-1.));
#504 = DIRECTION('',(1.,0.,0.));
#505 = DEFINITIONAL_REPRESENTATION('',(#506),#510);
#506 = LINE('',#507,#508);
#507 = CARTESIAN_POINT('',(-0.,0.));
#508 = VECTOR('',#509,1.);
#509 = DIRECTION('',(-0.,-1.));
#510 = ( GEOMETRIC_REPRESENTATION_CONTEXT(2) 
PARAMETRIC_REPRESENTATION_CONTEXT() REPRESENTATION_CONTEXT('2D SPACE',''
  ) );
#511 = PCURVE('',#500,#512);
#512 = DEFINITIONAL_REPRESENTATION('',(#513),#517);
#513 = LINE('',#514,#515);
#514 = CARTESIAN_POINT('',(-6.28318530718,0.));
#515 = VECTOR('',#516,1.);
#516 = DIRECTION('',(-0.,-1.));
#517 = ( GEOMETRIC_REPRESENTATION_CONTEXT(2) 
PARAMETRIC_REPRESENTATION_CONTEXT() REPRESENTATION_CONTEXT('2D SPACE',''
  ) );
#518 = ORIENTED_EDGE('',*,*,#519,.T.);
#519 = EDGE_CURVE('',#492,#492,#520,.T.);
#520 = SURFACE_CURVE('',#521,(#526,#533),.PCURVE_S1.);
#521 = CIRCLE('',#522,4.);
#522 = AXIS2_PLACEMENT_3D('',#523,#524,#525);
#523 = CARTESIAN_POINT('',(-72.20190528383,-24.94263164512,56.));
#524 = DIRECTION('',(0.,0.,1.));
#525 = DIRECTION('',(1.,0.,0.));
#526 = PCURVE('',#500,#527);
#527 = DEFINITIONAL_REPRESENTATION('',(#528),#532);
#528 = LINE('',#529,#530);
#529 = CARTESIAN_POINT('',(-0.,-14.));
#530 = VECTOR('',#531,1.);
#531 = DIRECTION('',(-1.,0.));
#532 = ( GEOMETRIC_REPRESENTATION_CONTEXT(2) 
PARAMETRIC_REPRESENTATION_CONTEXT() REPRESENTATION_CONTEXT('2D SPACE',''
  ) );
#533 = PCURVE('',#534,#539);
#534 = PLANE('',#535);
#535 = AXIS2_PLACEMENT_3D('',#536,#537,#538);
#536 = CARTESIAN_POINT('',(-72.20190528383,-24.94263164512,56.));
#537 = DIRECTION('',(0.,0.,1.));
#538 = DIRECTION('',(1.,0.,-0.));
#539 = DEFINITIONAL_REPRESENTATION('',(#540),#544);
#540 = CIRCLE('',#541,4.);
#541 = AXIS2_PLACEMENT_2D('',#542,#543);
#542 = CARTESIAN_POINT('',(0.,0.));
#543 = DIRECTION('',(1.,0.));
#544 = ( GEOMETRIC_REPRESENTATION_CONTEXT(2) 
PARAMETRIC_REPRESENTATION_CONTEXT() REPRESENTATION_CONTEXT('2D SPACE',''
  ) );
#545 = ORIENTED_EDGE('',*,*,#489,.F.);
#546 = ORIENTED_EDGE('',*,*,#547,.F.);
#547 = EDGE_CURVE('',#490,#490,#548,.T.);
#548 = SURFACE_CURVE('',#549,(#554,#561),.PCURVE_S1.);
#549 = CIRCLE('',#550,4.);
#550 = AXIS2_PLACEMENT_3D('',#551,#552,#553);
#551 = CARTESIAN_POINT('',(-72.20190528383,-24.94263164512,42.));
#552 = DIRECTION('',(0.,0.,1.));
#553 = DIRECTION('',(1.,0.,0.));
#554 = PCURVE('',#500,#555);
#555 = DEFINITIONAL_REPRESENTATION('',(#556),#560);
#556 = LINE('',#557,#558);
#557 = CARTESIAN_POINT('',(-0.,0.));
#558 = VECTOR('',#559,1.);
#559 = DIRECTION('',(-1.,0.));
#560 = ( GEOMETRIC_REPRESENTATION_CONTEXT(2) 
PARAMETRIC_REPRESENTATION_CONTEXT() REPRESENTATION_CONTEXT('2D SPACE',''
  ) );
#561 = PCURVE('',#562,#567);
#562 = PLANE('',#563);
#563 = AXIS2_PLACEMENT_3D('',#564,#565,#566);
#564 = CARTESIAN_POINT('',(-72.20190528383,-24.94263164512,42.));
#565 = DIRECTION('',(0.,0.,1.));
#566 = DIRECTION('',(1.,0.,-0.));
#567 = DEFINITIONAL_REPRESENTATION('',(#568),#572);
#568 = CIRCLE('',#569,4.);
#569 = AXIS2_PLACEMENT_2D('',#570,#571);
#570 = CARTESIAN_POINT('',(0.,0.));
#571 = DIRECTION('',(1.,0.));
#572 = ( GEOMETRIC_REPRESENTATION_CONTEXT(2) 
PARAMETRIC_REPRESENTATION_CONTEXT() REPRESENTATION_CONTEXT('2D SPACE',''
  ) );
#573 = ADVANCED_FACE('',(#574),#562,.F.);
#574 = FACE_BOUND('',#575,.F.);
#575 = EDGE_LOOP('',(#576));
#576 = ORIENTED_EDGE('',*,*,#547,.T.);
#577 = ADVANCED_FACE('',(#578),#534,.T.);
#578 = FACE_BOUND('',#579,.T.);
#579 = EDGE_LOOP('',(#580));
#580 = ORIENTED_EDGE('',*,*,#519,.T.);
#581 = MANIFOLD_SOLID_BREP('',#582);
#582 = CLOSED_SHELL('',(#583,#671,#675));
#583 = ADVANCED_FACE('',(#584),#598,.T.);
#584 = FACE_BOUND('',#585,.F.);
#585 = EDGE_LOOP('',(#586,#616,#643,#644));
#586 = ORIENTED_EDGE('',*,*,#587,.T.);
#587 = EDGE_CURVE('',#588,#590,#592,.T.);
#588 = VERTEX_POINT('',#589);
#589 = CARTESIAN_POINT('',(-65.70190528383,-24.94263164512,56.));
#590 = VERTEX_POINT('',#591);
#591 = CARTESIAN_POINT('',(-65.70190528383,-24.94263164512,60.));
#592 = SEAM_CURVE('',#593,(#597,#609),.PCURVE_S1.);
#593 = LINE('',#594,#595);
#594 = CARTESIAN_POINT('',(-65.70190528383,-24.94263164512,56.));
#595 = VECTOR('',#596,1.);
#596 = DIRECTION('',(0.,0.,1.));
#597 = PCURVE('',#598,#603);
#598 = CYLINDRICAL_SURFACE('',#599,6.5);
#599 = AXIS2_PLACEMENT_3D('',#600,#601,#602);
#600 = CARTESIAN_POINT('',(-72.20190528383,-24.94263164512,56.));
#601 = DIRECTION('',(-0.,-0.,-1.));
#602 = DIRECTION('',(1.,0.,0.));
#603 = DEFINITIONAL_REPRESENTATION('',(#604),#608);
#604 = LINE('',#605,#606);
#605 = CARTESIAN_POINT('',(-0.,0.));
#606 = VECTOR('',#607,1.);
#607 = DIRECTION('',(-0.,-1.));
#608 = ( GEOMETRIC_REPRESENTATION_CONTEXT(2) 
PARAMETRIC_REPRESENTATION_CONTEXT() REPRESENTATION_CONTEXT('2D SPACE',''
  ) );
#609 = PCURVE('',#598,#610);
#610 = DEFINITIONAL_REPRESENTATION('',(#611),#615);
#611 = LINE('',#612,#613);
#612 = CARTESIAN_POINT('',(-6.28318530718,0.));
#613 = VECTOR('',#614,1.);
#614 = DIRECTION('',(-0.,-1.));
#615 = ( GEOMETRIC_REPRESENTATION_CONTEXT(2) 
PARAMETRIC_REPRESENTATION_CONTEXT() REPRESENTATION_CONTEXT('2D SPACE',''
  ) );
#616 = ORIENTED_EDGE('',*,*,#617,.T.);
#617 = EDGE_CURVE('',#590,#590,#618,.T.);
#618 = SURFACE_CURVE('',#619,(#624,#631),.PCURVE_S1.);
#619 = CIRCLE('',#620,6.5);
#620 = AXIS2_PLACEMENT_3D('',#621,#622,#623);
#621 = CARTESIAN_POINT('',(-72.20190528383,-24.94263164512,60.));
#622 = DIRECTION('',(0.,0.,1.));
#623 = DIRECTION('',(1.,0.,0.));
#624 = PCURVE('',#598,#625);
#625 = DEFINITIONAL_REPRESENTATION('',(#626),#630);
#626 = LINE('',#627,#628);
#627 = CARTESIAN_POINT('',(-0.,-4.));
#628 = VECTOR('',#629,1.);
#629 = DIRECTION('',(-1.,0.));
#630 = ( GEOMETRIC_REPRESENTATION_CONTEXT(2) 
PARAMETRIC_REPRESENTATION_CONTEXT() REPRESENTATION_CONTEXT('2D SPACE',''
  ) );
#631 = PCURVE('',#632,#637);
#632 = PLANE('',#633);
#633 = AXIS2_PLACEMENT_3D('',#634,#635,#636);
#634 = CARTESIAN_POINT('',(-72.20190528383,-24.94263164512,60.));
#635 = DIRECTION('',(0.,0.,1.));
#636 = DIRECTION('',(1.,0.,-0.));
#637 = DEFINITIONAL_REPRESENTATION('',(#638),#642);
#638 = CIRCLE('',#639,6.5);
#639 = AXIS2_PLACEMENT_2D('',#640,#641);
#640 = CARTESIAN_POINT('',(0.,0.));
#641 = DIRECTION('',(1.,0.));
#642 = ( GEOMETRIC_REPRESENTATION_CONTEXT(2) 
PARAMETRIC_REPRESENTATION_CONTEXT() REPRESENTATION_CONTEXT('2D SPACE',''
  ) );
#643 = ORIENTED_EDGE('',*,*,#587,.F.);
#644 = ORIENTED_EDGE('',*,*,#645,.F.);
#645 = EDGE_CURVE('',#588,#588,#646,.T.);
#646 = SURFACE_CURVE('',#647,(#652,#659),.PCURVE_S1.);
#647 = CIRCLE('',#648,6.5);
#648 = AXIS2_PLACEMENT_3D('',#649,#650,#651);
#649 = CARTESIAN_POINT('',(-72.20190528383,-24.94263164512,56.));
#650 = DIRECTION('',(0.,0.,1.));
#651 = DIRECTION('',(1.,0.,0.));
#652 = PCURVE('',#598,#653);
#653 = DEFINITIONAL_REPRESENTATION('',(#654),#658);
#654 = LINE('',#655,#656);
#655 = CARTESIAN_POINT('',(-0.,0.));
#656 = VECTOR('',#657,1.);
#657 = DIRECTION('',(-1.,0.));
#658 = ( GEOMETRIC_REPRESENTATION_CONTEXT(2) 
PARAMETRIC_REPRESENTATION_CONTEXT() REPRESENTATION_CONTEXT('2D SPACE',''
  ) );
#659 = PCURVE('',#660,#665);
#660 = PLANE('',#661);
#661 = AXIS2_PLACEMENT_3D('',#662,#663,#664);
#662 = CARTESIAN_POINT('',(-72.20190528383,-24.94263164512,56.));
#663 = DIRECTION('',(0.,0.,1.));
#664 = DIRECTION('',(1.,0.,-0.));
#665 = DEFINITIONAL_REPRESENTATION('',(#666),#670);
#666 = CIRCLE('',#667,6.5);
#667 = AXIS2_PLACEMENT_2D('',#668,#669);
#668 = CARTESIAN_POINT('',(0.,0.));
#669 = DIRECTION('',(1.,0.));
#670 = ( GEOMETRIC_REPRESENTATION_CONTEXT(2) 
PARAMETRIC_REPRESENTATION_CONTEXT() REPRESENTATION_CONTEXT('2D SPACE',''
  ) );
#671 = ADVANCED_FACE('',(#672),#660,.F.);
#672 = FACE_BOUND('',#673,.F.);
#673 = EDGE_LOOP('',(#674));
#674 = ORIENTED_EDGE('',*,*,#645,.T.);
#675 = ADVANCED_FACE('',(#676),#632,.T.);
#676 = FACE_BOUND('',#677,.T.);
#677 = EDGE_LOOP('',(#678));
#678 = ORIENTED_EDGE('',*,*,#617,.T.);
#679 = MANIFOLD_SOLID_BREP('',#680);
#680 = CLOSED_SHELL('',(#681,#769,#773));
#681 = ADVANCED_FACE('',(#682),#696,.T.);
#682 = FACE_BOUND('',#683,.F.);
#683 = EDGE_LOOP('',(#684,#714,#741,#742));
#684 = ORIENTED_EDGE('',*,*,#685,.T.);
#685 = EDGE_CURVE('',#686,#688,#690,.T.);
#686 = VERTEX_POINT('',#687);
#687 = CARTESIAN_POINT('',(-37.02499074759,-6.942631645126,42.));
#688 = VERTEX_POINT('',#689);
#689 = CARTESIAN_POINT('',(-37.02499074759,-6.942631645126,56.));
#690 = SEAM_CURVE('',#691,(#695,#707),.PCURVE_S1.);
#691 = LINE('',#692,#693);
#692 = CARTESIAN_POINT('',(-37.02499074759,-6.942631645126,42.));
#693 = VECTOR('',#694,1.);
#694 = DIRECTION('',(0.,0.,1.));
#695 = PCURVE('',#696,#701);
#696 = CYLINDRICAL_SURFACE('',#697,4.);
#697 = AXIS2_PLACEMENT_3D('',#698,#699,#700);
#698 = CARTESIAN_POINT('',(-41.02499074759,-6.942631645126,42.));
#699 = DIRECTION('',(-0.,-0.,-1.));
#700 = DIRECTION('',(1.,0.,0.));
#701 = DEFINITIONAL_REPRESENTATION('',(#702),#706);
#702 = LINE('',#703,#704);
#703 = CARTESIAN_POINT('',(-0.,0.));
#704 = VECTOR('',#705,1.);
#705 = DIRECTION('',(-0.,-1.));
#706 = ( GEOMETRIC_REPRESENTATION_CONTEXT(2) 
PARAMETRIC_REPRESENTATION_CONTEXT() REPRESENTATION_CONTEXT('2D SPACE',''
  ) );
#707 = PCURVE('',#696,#708);
#708 = DEFINITIONAL_REPRESENTATION('',(#709),#713);
#709 = LINE('',#710,#711);
#710 = CARTESIAN_POINT('',(-6.28318530718,0.));
#711 = VECTOR('',#712,1.);
#712 = DIRECTION('',(-0.,-1.));
#713 = ( GEOMETRIC_REPRESENTATION_CONTEXT(2) 
PARAMETRIC_REPRESENTATION_CONTEXT() REPRESENTATION_CONTEXT('2D SPACE',''
  ) );
#714 = ORIENTED_EDGE('',*,*,#715,.T.);
#715 = EDGE_CURVE('',#688,#688,#716,.T.);
#716 = SURFACE_CURVE('',#717,(#722,#729),.PCURVE_S1.);
#717 = CIRCLE('',#718,4.);
#718 = AXIS2_PLACEMENT_3D('',#719,#720,#721);
#719 = CARTESIAN_POINT('',(-41.02499074759,-6.942631645126,56.));
#720 = DIRECTION('',(0.,0.,1.));
#721 = DIRECTION('',(1.,0.,0.));
#722 = PCURVE('',#696,#723);
#723 = DEFINITIONAL_REPRESENTATION('',(#724),#728);
#724 = LINE('',#725,#726);
#725 = CARTESIAN_POINT('',(-0.,-14.));
#726 = VECTOR('',#727,1.);
#727 = DIRECTION('',(-1.,0.));
#728 = ( GEOMETRIC_REPRESENTATION_CONTEXT(2) 
PARAMETRIC_REPRESENTATION_CONTEXT() REPRESENTATION_CONTEXT('2D SPACE',''
  ) );
#729 = PCURVE('',#730,#735);
#730 = PLANE('',#731);
#731 = AXIS2_PLACEMENT_3D('',#732,#733,#734);
#732 = CARTESIAN_POINT('',(-41.02499074759,-6.942631645126,56.));
#733 = DIRECTION('',(0.,0.,1.));
#734 = DIRECTION('',(1.,0.,-0.));
#735 = DEFINITIONAL_REPRESENTATION('',(#736),#740);
#736 = CIRCLE('',#737,4.);
#737 = AXIS2_PLACEMENT_2D('',#738,#739);
#738 = CARTESIAN_POINT('',(0.,0.));
#739 = DIRECTION('',(1.,0.));
#740 = ( GEOMETRIC_REPRESENTATION_CONTEXT(2) 
PARAMETRIC_REPRESENTATION_CONTEXT() REPRESENTATION_CONTEXT('2D SPACE',''
  ) );
#741 = ORIENTED_EDGE('',*,*,#685,.F.);
#742 = ORIENTED_EDGE('',*,*,#743,.F.);
#743 = EDGE_CURVE('',#686,#686,#744,.T.);
#744 = SURFACE_CURVE('',#745,(#750,#757),.PCURVE_S1.);
#745 = CIRCLE('',#746,4.);
#746 = AXIS2_PLACEMENT_3D('',#747,#748,#749);
#747 = CARTESIAN_POINT('',(-41.02499074759,-6.942631645126,42.));
#748 = DIRECTION('',(0.,0.,1.));
#749 = DIRECTION('',(1.,0.,0.));
#750 = PCURVE('',#696,#751);
#751 = DEFINITIONAL_REPRESENTATION('',(#752),#756);
#752 = LINE('',#753,#754);
#753 = CARTESIAN_POINT('',(-0.,0.));
#754 = VECTOR('',#755,1.);
#755 = DIRECTION('',(-1.,0.));
#756 = ( GEOMETRIC_REPRESENTATION_CONTEXT(2) 
PARAMETRIC_REPRESENTATION_CONTEXT() REPRESENTATION_CONTEXT('2D SPACE',''
  ) );
#757 = PCURVE('',#758,#763);
#758 = PLANE('',#759);
#759 = AXIS2_PLACEMENT_3D('',#760,#761,#762);
#760 = CARTESIAN_POINT('',(-41.02499074759,-6.942631645126,42.));
#761 = DIRECTION('',(0.,0.,1.));
#762 = DIRECTION('',(1.,0.,-0.));
#763 = DEFINITIONAL_REPRESENTATION('',(#764),#768);
#764 = CIRCLE('',#765,4.);
#765 = AXIS2_PLACEMENT_2D('',#766,#767);
#766 = CARTESIAN_POINT('',(0.,0.));
#767 = DIRECTION('',(1.,0.));
#768 = ( GEOMETRIC_REPRESENTATION_CONTEXT(2) 
PARAMETRIC_REPRESENTATION_CONTEXT() REPRESENTATION_CONTEXT('2D SPACE',''
  ) );
#769 = ADVANCED_FACE('',(#770),#758,.F.);
#770 = FACE_BOUND('',#771,.F.);
#771 = EDGE_LOOP('',(#772));
#772 = ORIENTED_EDGE('',*,*,#743,.T.);
#773 = ADVANCED_FACE('',(#774),#730,.T.);
#774 = FACE_BOUND('',#775,.T.);
#775 = EDGE_LOOP('',(#776));
#776 = ORIENTED_EDGE('',*,*,#715,.T.);
#777 = MANIFOLD_SOLID_BREP('',#778);
#778 = CLOSED_SHELL('',(#779,#867,#871));
#779 = ADVANCED_FACE('',(#780),#794,.T.);
#780 = FACE_BOUND('',#781,.F.);
#781 = EDGE_LOOP('',(#782,#812,#839,#840));
#782 = ORIENTED_EDGE('',*,*,#783,.T.);
#783 = EDGE_CURVE('',#784,#786,#788,.T.);
#784 = VERTEX_POINT('',#785);
#785 = CARTESIAN_POINT('',(-34.52499074759,-6.942631645126,56.));
#786 = VERTEX_POINT('',#787);
#787 = CARTESIAN_POINT('',(-34.52499074759,-6.942631645126,60.));
#788 = SEAM_CURVE('',#789,(#793,#805),.PCURVE_S1.);
#789 = LINE('',#790,#791);
#790 = CARTESIAN_POINT('',(-34.52499074759,-6.942631645126,56.));
#791 = VECTOR('',#792,1.);
#792 = DIRECTION('',(0.,0.,1.));
#793 = PCURVE('',#794,#799);
#794 = CYLINDRICAL_SURFACE('',#795,6.5);
#795 = AXIS2_PLACEMENT_3D('',#796,#797,#798);
#796 = CARTESIAN_POINT('',(-41.02499074759,-6.942631645126,56.));
#797 = DIRECTION('',(-0.,-0.,-1.));
#798 = DIRECTION('',(1.,0.,0.));
#799 = DEFINITIONAL_REPRESENTATION('',(#800),#804);
#800 = LINE('',#801,#802);
#801 = CARTESIAN_POINT('',(-0.,0.));
#802 = VECTOR('',#803,1.);
#803 = DIRECTION('',(-0.,-1.));
#804 = ( GEOMETRIC_REPRESENTATION_CONTEXT(2) 
PARAMETRIC_REPRESENTATION_CONTEXT() REPRESENTATION_CONTEXT('2D SPACE',''
  ) );
#805 = PCURVE('',#794,#806);
#806 = DEFINITIONAL_REPRESENTATION('',(#807),#811);
#807 = LINE('',#808,#809);
#808 = CARTESIAN_POINT('',(-6.28318530718,0.));
#809 = VECTOR('',#810,1.);
#810 = DIRECTION('',(-0.,-1.));
#811 = ( GEOMETRIC_REPRESENTATION_CONTEXT(2) 
PARAMETRIC_REPRESENTATION_CONTEXT() REPRESENTATION_CONTEXT('2D SPACE',''
  ) );
#812 = ORIENTED_EDGE('',*,*,#813,.T.);
#813 = EDGE_CURVE('',#786,#786,#814,.T.);
#814 = SURFACE_CURVE('',#815,(#820,#827),.PCURVE_S1.);
#815 = CIRCLE('',#816,6.5);
#816 = AXIS2_PLACEMENT_3D('',#817,#818,#819);
#817 = CARTESIAN_POINT('',(-41.02499074759,-6.942631645126,60.));
#818 = DIRECTION('',(0.,0.,1.));
#819 = DIRECTION('',(1.,0.,0.));
#820 = PCURVE('',#794,#821);
#821 = DEFINITIONAL_REPRESENTATION('',(#822),#826);
#822 = LINE('',#823,#824);
#823 = CARTESIAN_POINT('',(-0.,-4.));
#824 = VECTOR('',#825,1.);
#825 = DIRECTION('',(-1.,0.));
#826 = ( GEOMETRIC_REPRESENTATION_CONTEXT(2) 
PARAMETRIC_REPRESENTATION_CONTEXT() REPRESENTATION_CONTEXT('2D SPACE',''
  ) );
#827 = PCURVE('',#828,#833);
#828 = PLANE('',#829);
#829 = AXIS2_PLACEMENT_3D('',#830,#831,#832);
#830 = CARTESIAN_POINT('',(-41.02499074759,-6.942631645126,60.));
#831 = DIRECTION('',(0.,0.,1.));
#832 = DIRECTION('',(1.,0.,-0.));
#833 = DEFINITIONAL_REPRESENTATION('',(#834),#838);
#834 = CIRCLE('',#835,6.5);
#835 = AXIS2_PLACEMENT_2D('',#836,#837);
#836 = CARTESIAN_POINT('',(0.,0.));
#837 = DIRECTION('',(1.,0.));
#838 = ( GEOMETRIC_REPRESENTATION_CONTEXT(2) 
PARAMETRIC_REPRESENTATION_CONTEXT() REPRESENTATION_CONTEXT('2D SPACE',''
  ) );
#839 = ORIENTED_EDGE('',*,*,#783,.F.);
#840 = ORIENTED_EDGE('',*,*,#841,.F.);
#841 = EDGE_CURVE('',#784,#784,#842,.T.);
#842 = SURFACE_CURVE('',#843,(#848,#855),.PCURVE_S1.);
#843 = CIRCLE('',#844,6.5);
#844 = AXIS2_PLACEMENT_3D('',#845,#846,#847);
#845 = CARTESIAN_POINT('',(-41.02499074759,-6.942631645126,56.));
#846 = DIRECTION('',(0.,0.,1.));
#847 = DIRECTION('',(1.,0.,0.));
#848 = PCURVE('',#794,#849);
#849 = DEFINITIONAL_REPRESENTATION('',(#850),#854);
#850 = LINE('',#851,#852);
#851 = CARTESIAN_POINT('',(-0.,0.));
#852 = VECTOR('',#853,1.);
#853 = DIRECTION('',(-1.,0.));
#854 = ( GEOMETRIC_REPRESENTATION_CONTEXT(2) 
PARAMETRIC_REPRESENTATION_CONTEXT() REPRESENTATION_CONTEXT('2D SPACE',''
  ) );
#855 = PCURVE('',#856,#861);
#856 = PLANE('',#857);
#857 = AXIS2_PLACEMENT_3D('',#858,#859,#860);
#858 = CARTESIAN_POINT('',(-41.02499074759,-6.942631645126,56.));
#859 = DIRECTION('',(0.,0.,1.));
#860 = DIRECTION('',(1.,0.,-0.));
#861 = DEFINITIONAL_REPRESENTATION('',(#862),#866);
#862 = CIRCLE('',#863,6.5);
#863 = AXIS2_PLACEMENT_2D('',#864,#865);
#864 = CARTESIAN_POINT('',(0.,0.));
#865 = DIRECTION('',(1.,0.));
#866 = ( GEOMETRIC_REPRESENTATION_CONTEXT(2) 
PARAMETRIC_REPRESENTATION_CONTEXT() REPRESENTATION_CONTEXT('2D SPACE',''
  ) );
#867 = ADVANCED_FACE('',(#868),#856,.F.);
#868 = FACE_BOUND('',#869,.F.);
#869 = EDGE_LOOP('',(#870));
#870 = ORIENTED_EDGE('',*,*,#841,.T.);
#871 = ADVANCED_FACE('',(#872),#828,.T.);
#872 = FACE_BOUND('',#873,.T.);
#873 = EDGE_LOOP('',(#874));
#874 = ORIENTED_EDGE('',*,*,#813,.T.);
#875 = ( GEOMETRIC_REPRESENTATION_CONTEXT(3) 
GLOBAL_UNCERTAINTY_ASSIGNED_CONTEXT((#879)) GLOBAL_UNIT_ASSIGNED_CONTEXT
((#876,#877,#878)) REPRESENTATION_CONTEXT('Context #1',
  '3D Context with UNIT and UNCERTAINTY') );
#876 = ( LENGTH_UNIT() NAMED_UNIT(*) SI_UNIT(.MILLI.,.METRE.) );
#877 = ( NAMED_UNIT(*) PLANE_ANGLE_UNIT() SI_UNIT($,.RADIAN.) );
#878 = ( NAMED_UNIT(*) SI_UNIT($,.STERADIAN.) SOLID_ANGLE_UNIT() );
#879 = UNCERTAINTY_MEASURE_WITH_UNIT(LENGTH_MEASURE(1.E-07),#876,
  'distance_accuracy_value','confusion accuracy');
#880 = CONTEXT_DEPENDENT_SHAPE_REPRESENTATION(#881,#883);
#881 = ( REPRESENTATION_RELATIONSHIP('','',#482,#40) 
REPRESENTATION_RELATIONSHIP_WITH_TRANSFORMATION(#882) 
SHAPE_REPRESENTATION_RELATIONSHIP() );
#882 = ITEM_DEFINED_TRANSFORMATION('','',#11,#45);
#883 = PRODUCT_DEFINITION_SHAPE('Placement','Placement of an item',#884
  );
#884 = NEXT_ASSEMBLY_USAGE_OCCURRENCE('806',
  'LMB10_A2_2x_M8x16_tapped_hub','',#35,#477,$);
#885 = PRODUCT_RELATED_PRODUCT_CATEGORY('part',$,(#479));
#886 = SHAPE_DEFINITION_REPRESENTATION(#887,#893);
#887 = PRODUCT_DEFINITION_SHAPE('','',#888);
#888 = PRODUCT_DEFINITION('design','',#889,#892);
#889 = PRODUCT_DEFINITION_FORMATION('','',#890);
#890 = PRODUCT('LMB10_A3_2x_M8x16_tapped_hub',
  'LMB10_A3_2x_M8x16_tapped_hub','',(#891));
#891 = PRODUCT_CONTEXT('',#2,'mechanical');
#892 = PRODUCT_DEFINITION_CONTEXT('part definition',#2,'design');
#893 = SHAPE_REPRESENTATION('',(#11,#894,#992,#1090,#1188),#1286);
#894 = MANIFOLD_SOLID_BREP('',#895);
#895 = CLOSED_SHELL('',(#896,#984,#988));
#896 = ADVANCED_FACE('',(#897),#911,.T.);
#897 = FACE_BOUND('',#898,.F.);
#898 = EDGE_LOOP('',(#899,#929,#956,#957));
#899 = ORIENTED_EDGE('',*,*,#900,.T.);
#900 = EDGE_CURVE('',#901,#903,#905,.T.);
#901 = VERTEX_POINT('',#902);
#902 = CARTESIAN_POINT('',(61.701905283833,-50.05736835487,42.));
#903 = VERTEX_POINT('',#904);
#904 = CARTESIAN_POINT('',(61.701905283833,-50.05736835487,56.));
#905 = SEAM_CURVE('',#906,(#910,#922),.PCURVE_S1.);
#906 = LINE('',#907,#908);
#907 = CARTESIAN_POINT('',(61.701905283833,-50.05736835487,42.));
#908 = VECTOR('',#909,1.);
#909 = DIRECTION('',(0.,0.,1.));
#910 = PCURVE('',#911,#916);
#911 = CYLINDRICAL_SURFACE('',#912,4.);
#912 = AXIS2_PLACEMENT_3D('',#913,#914,#915);
#913 = CARTESIAN_POINT('',(57.701905283833,-50.05736835487,42.));
#914 = DIRECTION('',(-0.,-0.,-1.));
#915 = DIRECTION('',(1.,0.,0.));
#916 = DEFINITIONAL_REPRESENTATION('',(#917),#921);
#917 = LINE('',#918,#919);
#918 = CARTESIAN_POINT('',(-0.,0.));
#919 = VECTOR('',#920,1.);
#920 = DIRECTION('',(-0.,-1.));
#921 = ( GEOMETRIC_REPRESENTATION_CONTEXT(2) 
PARAMETRIC_REPRESENTATION_CONTEXT() REPRESENTATION_CONTEXT('2D SPACE',''
  ) );
#922 = PCURVE('',#911,#923);
#923 = DEFINITIONAL_REPRESENTATION('',(#924),#928);
#924 = LINE('',#925,#926);
#925 = CARTESIAN_POINT('',(-6.28318530718,0.));
#926 = VECTOR('',#927,1.);
#927 = DIRECTION('',(-0.,-1.));
#928 = ( GEOMETRIC_REPRESENTATION_CONTEXT(2) 
PARAMETRIC_REPRESENTATION_CONTEXT() REPRESENTATION_CONTEXT('2D SPACE',''
  ) );
#929 = ORIENTED_EDGE('',*,*,#930,.T.);
#930 = EDGE_CURVE('',#903,#903,#931,.T.);
#931 = SURFACE_CURVE('',#932,(#937,#944),.PCURVE_S1.);
#932 = CIRCLE('',#933,4.);
#933 = AXIS2_PLACEMENT_3D('',#934,#935,#936);
#934 = CARTESIAN_POINT('',(57.701905283833,-50.05736835487,56.));
#935 = DIRECTION('',(0.,0.,1.));
#936 = DIRECTION('',(1.,0.,0.));
#937 = PCURVE('',#911,#938);
#938 = DEFINITIONAL_REPRESENTATION('',(#939),#943);
#939 = LINE('',#940,#941);
#940 = CARTESIAN_POINT('',(-0.,-14.));
#941 = VECTOR('',#942,1.);
#942 = DIRECTION('',(-1.,0.));
#943 = ( GEOMETRIC_REPRESENTATION_CONTEXT(2) 
PARAMETRIC_REPRESENTATION_CONTEXT() REPRESENTATION_CONTEXT('2D SPACE',''
  ) );
#944 = PCURVE('',#945,#950);
#945 = PLANE('',#946);
#946 = AXIS2_PLACEMENT_3D('',#947,#948,#949);
#947 = CARTESIAN_POINT('',(57.701905283833,-50.05736835487,56.));
#948 = DIRECTION('',(0.,0.,1.));
#949 = DIRECTION('',(1.,0.,-0.));
#950 = DEFINITIONAL_REPRESENTATION('',(#951),#955);
#951 = CIRCLE('',#952,4.);
#952 = AXIS2_PLACEMENT_2D('',#953,#954);
#953 = CARTESIAN_POINT('',(0.,0.));
#954 = DIRECTION('',(1.,0.));
#955 = ( GEOMETRIC_REPRESENTATION_CONTEXT(2) 
PARAMETRIC_REPRESENTATION_CONTEXT() REPRESENTATION_CONTEXT('2D SPACE',''
  ) );
#956 = ORIENTED_EDGE('',*,*,#900,.F.);
#957 = ORIENTED_EDGE('',*,*,#958,.F.);
#958 = EDGE_CURVE('',#901,#901,#959,.T.);
#959 = SURFACE_CURVE('',#960,(#965,#972),.PCURVE_S1.);
#960 = CIRCLE('',#961,4.);
#961 = AXIS2_PLACEMENT_3D('',#962,#963,#964);
#962 = CARTESIAN_POINT('',(57.701905283833,-50.05736835487,42.));
#963 = DIRECTION('',(0.,0.,1.));
#964 = DIRECTION('',(1.,0.,0.));
#965 = PCURVE('',#911,#966);
#966 = DEFINITIONAL_REPRESENTATION('',(#967),#971);
#967 = LINE('',#968,#969);
#968 = CARTESIAN_POINT('',(-0.,0.));
#969 = VECTOR('',#970,1.);
#970 = DIRECTION('',(-1.,0.));
#971 = ( GEOMETRIC_REPRESENTATION_CONTEXT(2) 
PARAMETRIC_REPRESENTATION_CONTEXT() REPRESENTATION_CONTEXT('2D SPACE',''
  ) );
#972 = PCURVE('',#973,#978);
#973 = PLANE('',#974);
#974 = AXIS2_PLACEMENT_3D('',#975,#976,#977);
#975 = CARTESIAN_POINT('',(57.701905283833,-50.05736835487,42.));
#976 = DIRECTION('',(0.,0.,1.));
#977 = DIRECTION('',(1.,0.,-0.));
#978 = DEFINITIONAL_REPRESENTATION('',(#979),#983);
#979 = CIRCLE('',#980,4.);
#980 = AXIS2_PLACEMENT_2D('',#981,#982);
#981 = CARTESIAN_POINT('',(0.,0.));
#982 = DIRECTION('',(1.,0.));
#983 = ( GEOMETRIC_REPRESENTATION_CONTEXT(2) 
PARAMETRIC_REPRESENTATION_CONTEXT() REPRESENTATION_CONTEXT('2D SPACE',''
  ) );
#984 = ADVANCED_FACE('',(#985),#973,.F.);
#985 = FACE_BOUND('',#986,.F.);
#986 = EDGE_LOOP('',(#987));
#987 = ORIENTED_EDGE('',*,*,#958,.T.);
#988 = ADVANCED_FACE('',(#989),#945,.T.);
#989 = FACE_BOUND('',#990,.T.);
#990 = EDGE_LOOP('',(#991));
#991 = ORIENTED_EDGE('',*,*,#930,.T.);
#992 = MANIFOLD_SOLID_BREP('',#993);
#993 = CLOSED_SHELL('',(#994,#1082,#1086));
#994 = ADVANCED_FACE('',(#995),#1009,.T.);
#995 = FACE_BOUND('',#996,.F.);
#996 = EDGE_LOOP('',(#997,#1027,#1054,#1055));
#997 = ORIENTED_EDGE('',*,*,#998,.T.);
#998 = EDGE_CURVE('',#999,#1001,#1003,.T.);
#999 = VERTEX_POINT('',#1000);
#1000 = CARTESIAN_POINT('',(64.201905283833,-50.05736835487,56.));
#1001 = VERTEX_POINT('',#1002);
#1002 = CARTESIAN_POINT('',(64.201905283833,-50.05736835487,60.));
#1003 = SEAM_CURVE('',#1004,(#1008,#1020),.PCURVE_S1.);
#1004 = LINE('',#1005,#1006);
#1005 = CARTESIAN_POINT('',(64.201905283833,-50.05736835487,56.));
#1006 = VECTOR('',#1007,1.);
#1007 = DIRECTION('',(0.,0.,1.));
#1008 = PCURVE('',#1009,#1014);
#1009 = CYLINDRICAL_SURFACE('',#1010,6.5);
#1010 = AXIS2_PLACEMENT_3D('',#1011,#1012,#1013);
#1011 = CARTESIAN_POINT('',(57.701905283833,-50.05736835487,56.));
#1012 = DIRECTION('',(-0.,-0.,-1.));
#1013 = DIRECTION('',(1.,0.,0.));
#1014 = DEFINITIONAL_REPRESENTATION('',(#1015),#1019);
#1015 = LINE('',#1016,#1017);
#1016 = CARTESIAN_POINT('',(-0.,0.));
#1017 = VECTOR('',#1018,1.);
#1018 = DIRECTION('',(-0.,-1.));
#1019 = ( GEOMETRIC_REPRESENTATION_CONTEXT(2) 
PARAMETRIC_REPRESENTATION_CONTEXT() REPRESENTATION_CONTEXT('2D SPACE',''
  ) );
#1020 = PCURVE('',#1009,#1021);
#1021 = DEFINITIONAL_REPRESENTATION('',(#1022),#1026);
#1022 = LINE('',#1023,#1024);
#1023 = CARTESIAN_POINT('',(-6.28318530718,0.));
#1024 = VECTOR('',#1025,1.);
#1025 = DIRECTION('',(-0.,-1.));
#1026 = ( GEOMETRIC_REPRESENTATION_CONTEXT(2) 
PARAMETRIC_REPRESENTATION_CONTEXT() REPRESENTATION_CONTEXT('2D SPACE',''
  ) );
#1027 = ORIENTED_EDGE('',*,*,#1028,.T.);
#1028 = EDGE_CURVE('',#1001,#1001,#1029,.T.);
#1029 = SURFACE_CURVE('',#1030,(#1035,#1042),.PCURVE_S1.);
#1030 = CIRCLE('',#1031,6.5);
#1031 = AXIS2_PLACEMENT_3D('',#1032,#1033,#1034);
#1032 = CARTESIAN_POINT('',(57.701905283833,-50.05736835487,60.));
#1033 = DIRECTION('',(0.,0.,1.));
#1034 = DIRECTION('',(1.,0.,0.));
#1035 = PCURVE('',#1009,#1036);
#1036 = DEFINITIONAL_REPRESENTATION('',(#1037),#1041);
#1037 = LINE('',#1038,#1039);
#1038 = CARTESIAN_POINT('',(-0.,-4.));
#1039 = VECTOR('',#1040,1.);
#1040 = DIRECTION('',(-1.,0.));
#1041 = ( GEOMETRIC_REPRESENTATION_CONTEXT(2) 
PARAMETRIC_REPRESENTATION_CONTEXT() REPRESENTATION_CONTEXT('2D SPACE',''
  ) );
#1042 = PCURVE('',#1043,#1048);
#1043 = PLANE('',#1044);
#1044 = AXIS2_PLACEMENT_3D('',#1045,#1046,#1047);
#1045 = CARTESIAN_POINT('',(57.701905283833,-50.05736835487,60.));
#1046 = DIRECTION('',(0.,0.,1.));
#1047 = DIRECTION('',(1.,0.,-0.));
#1048 = DEFINITIONAL_REPRESENTATION('',(#1049),#1053);
#1049 = CIRCLE('',#1050,6.5);
#1050 = AXIS2_PLACEMENT_2D('',#1051,#1052);
#1051 = CARTESIAN_POINT('',(0.,0.));
#1052 = DIRECTION('',(1.,0.));
#1053 = ( GEOMETRIC_REPRESENTATION_CONTEXT(2) 
PARAMETRIC_REPRESENTATION_CONTEXT() REPRESENTATION_CONTEXT('2D SPACE',''
  ) );
#1054 = ORIENTED_EDGE('',*,*,#998,.F.);
#1055 = ORIENTED_EDGE('',*,*,#1056,.F.);
#1056 = EDGE_CURVE('',#999,#999,#1057,.T.);
#1057 = SURFACE_CURVE('',#1058,(#1063,#1070),.PCURVE_S1.);
#1058 = CIRCLE('',#1059,6.5);
#1059 = AXIS2_PLACEMENT_3D('',#1060,#1061,#1062);
#1060 = CARTESIAN_POINT('',(57.701905283833,-50.05736835487,56.));
#1061 = DIRECTION('',(0.,0.,1.));
#1062 = DIRECTION('',(1.,0.,0.));
#1063 = PCURVE('',#1009,#1064);
#1064 = DEFINITIONAL_REPRESENTATION('',(#1065),#1069);
#1065 = LINE('',#1066,#1067);
#1066 = CARTESIAN_POINT('',(-0.,0.));
#1067 = VECTOR('',#1068,1.);
#1068 = DIRECTION('',(-1.,0.));
#1069 = ( GEOMETRIC_REPRESENTATION_CONTEXT(2) 
PARAMETRIC_REPRESENTATION_CONTEXT() REPRESENTATION_CONTEXT('2D SPACE',''
  ) );
#1070 = PCURVE('',#1071,#1076);
#1071 = PLANE('',#1072);
#1072 = AXIS2_PLACEMENT_3D('',#1073,#1074,#1075);
#1073 = CARTESIAN_POINT('',(57.701905283833,-50.05736835487,56.));
#1074 = DIRECTION('',(0.,0.,1.));
#1075 = DIRECTION('',(1.,0.,-0.));
#1076 = DEFINITIONAL_REPRESENTATION('',(#1077),#1081);
#1077 = CIRCLE('',#1078,6.5);
#1078 = AXIS2_PLACEMENT_2D('',#1079,#1080);
#1079 = CARTESIAN_POINT('',(0.,0.));
#1080 = DIRECTION('',(1.,0.));
#1081 = ( GEOMETRIC_REPRESENTATION_CONTEXT(2) 
PARAMETRIC_REPRESENTATION_CONTEXT() REPRESENTATION_CONTEXT('2D SPACE',''
  ) );
#1082 = ADVANCED_FACE('',(#1083),#1071,.F.);
#1083 = FACE_BOUND('',#1084,.F.);
#1084 = EDGE_LOOP('',(#1085));
#1085 = ORIENTED_EDGE('',*,*,#1056,.T.);
#1086 = ADVANCED_FACE('',(#1087),#1043,.T.);
#1087 = FACE_BOUND('',#1088,.T.);
#1088 = EDGE_LOOP('',(#1089));
#1089 = ORIENTED_EDGE('',*,*,#1028,.T.);
#1090 = MANIFOLD_SOLID_BREP('',#1091);
#1091 = CLOSED_SHELL('',(#1092,#1180,#1184));
#1092 = ADVANCED_FACE('',(#1093),#1107,.T.);
#1093 = FACE_BOUND('',#1094,.F.);
#1094 = EDGE_LOOP('',(#1095,#1125,#1152,#1153));
#1095 = ORIENTED_EDGE('',*,*,#1096,.T.);
#1096 = EDGE_CURVE('',#1097,#1099,#1101,.T.);
#1097 = VERTEX_POINT('',#1098);
#1098 = CARTESIAN_POINT('',(30.524990747593,-32.05736835487,42.));
#1099 = VERTEX_POINT('',#1100);
#1100 = CARTESIAN_POINT('',(30.524990747593,-32.05736835487,56.));
#1101 = SEAM_CURVE('',#1102,(#1106,#1118),.PCURVE_S1.);
#1102 = LINE('',#1103,#1104);
#1103 = CARTESIAN_POINT('',(30.524990747593,-32.05736835487,42.));
#1104 = VECTOR('',#1105,1.);
#1105 = DIRECTION('',(0.,0.,1.));
#1106 = PCURVE('',#1107,#1112);
#1107 = CYLINDRICAL_SURFACE('',#1108,4.);
#1108 = AXIS2_PLACEMENT_3D('',#1109,#1110,#1111);
#1109 = CARTESIAN_POINT('',(26.524990747593,-32.05736835487,42.));
#1110 = DIRECTION('',(-0.,-0.,-1.));
#1111 = DIRECTION('',(1.,0.,0.));
#1112 = DEFINITIONAL_REPRESENTATION('',(#1113),#1117);
#1113 = LINE('',#1114,#1115);
#1114 = CARTESIAN_POINT('',(-0.,0.));
#1115 = VECTOR('',#1116,1.);
#1116 = DIRECTION('',(-0.,-1.));
#1117 = ( GEOMETRIC_REPRESENTATION_CONTEXT(2) 
PARAMETRIC_REPRESENTATION_CONTEXT() REPRESENTATION_CONTEXT('2D SPACE',''
  ) );
#1118 = PCURVE('',#1107,#1119);
#1119 = DEFINITIONAL_REPRESENTATION('',(#1120),#1124);
#1120 = LINE('',#1121,#1122);
#1121 = CARTESIAN_POINT('',(-6.28318530718,0.));
#1122 = VECTOR('',#1123,1.);
#1123 = DIRECTION('',(-0.,-1.));
#1124 = ( GEOMETRIC_REPRESENTATION_CONTEXT(2) 
PARAMETRIC_REPRESENTATION_CONTEXT() REPRESENTATION_CONTEXT('2D SPACE',''
  ) );
#1125 = ORIENTED_EDGE('',*,*,#1126,.T.);
#1126 = EDGE_CURVE('',#1099,#1099,#1127,.T.);
#1127 = SURFACE_CURVE('',#1128,(#1133,#1140),.PCURVE_S1.);
#1128 = CIRCLE('',#1129,4.);
#1129 = AXIS2_PLACEMENT_3D('',#1130,#1131,#1132);
#1130 = CARTESIAN_POINT('',(26.524990747593,-32.05736835487,56.));
#1131 = DIRECTION('',(0.,0.,1.));
#1132 = DIRECTION('',(1.,0.,0.));
#1133 = PCURVE('',#1107,#1134);
#1134 = DEFINITIONAL_REPRESENTATION('',(#1135),#1139);
#1135 = LINE('',#1136,#1137);
#1136 = CARTESIAN_POINT('',(-0.,-14.));
#1137 = VECTOR('',#1138,1.);
#1138 = DIRECTION('',(-1.,0.));
#1139 = ( GEOMETRIC_REPRESENTATION_CONTEXT(2) 
PARAMETRIC_REPRESENTATION_CONTEXT() REPRESENTATION_CONTEXT('2D SPACE',''
  ) );
#1140 = PCURVE('',#1141,#1146);
#1141 = PLANE('',#1142);
#1142 = AXIS2_PLACEMENT_3D('',#1143,#1144,#1145);
#1143 = CARTESIAN_POINT('',(26.524990747593,-32.05736835487,56.));
#1144 = DIRECTION('',(0.,0.,1.));
#1145 = DIRECTION('',(1.,0.,-0.));
#1146 = DEFINITIONAL_REPRESENTATION('',(#1147),#1151);
#1147 = CIRCLE('',#1148,4.);
#1148 = AXIS2_PLACEMENT_2D('',#1149,#1150);
#1149 = CARTESIAN_POINT('',(0.,0.));
#1150 = DIRECTION('',(1.,0.));
#1151 = ( GEOMETRIC_REPRESENTATION_CONTEXT(2) 
PARAMETRIC_REPRESENTATION_CONTEXT() REPRESENTATION_CONTEXT('2D SPACE',''
  ) );
#1152 = ORIENTED_EDGE('',*,*,#1096,.F.);
#1153 = ORIENTED_EDGE('',*,*,#1154,.F.);
#1154 = EDGE_CURVE('',#1097,#1097,#1155,.T.);
#1155 = SURFACE_CURVE('',#1156,(#1161,#1168),.PCURVE_S1.);
#1156 = CIRCLE('',#1157,4.);
#1157 = AXIS2_PLACEMENT_3D('',#1158,#1159,#1160);
#1158 = CARTESIAN_POINT('',(26.524990747593,-32.05736835487,42.));
#1159 = DIRECTION('',(0.,0.,1.));
#1160 = DIRECTION('',(1.,0.,0.));
#1161 = PCURVE('',#1107,#1162);
#1162 = DEFINITIONAL_REPRESENTATION('',(#1163),#1167);
#1163 = LINE('',#1164,#1165);
#1164 = CARTESIAN_POINT('',(-0.,0.));
#1165 = VECTOR('',#1166,1.);
#1166 = DIRECTION('',(-1.,0.));
#1167 = ( GEOMETRIC_REPRESENTATION_CONTEXT(2) 
PARAMETRIC_REPRESENTATION_CONTEXT() REPRESENTATION_CONTEXT('2D SPACE',''
  ) );
#1168 = PCURVE('',#1169,#1174);
#1169 = PLANE('',#1170);
#1170 = AXIS2_PLACEMENT_3D('',#1171,#1172,#1173);
#1171 = CARTESIAN_POINT('',(26.524990747593,-32.05736835487,42.));
#1172 = DIRECTION('',(0.,0.,1.));
#1173 = DIRECTION('',(1.,0.,-0.));
#1174 = DEFINITIONAL_REPRESENTATION('',(#1175),#1179);
#1175 = CIRCLE('',#1176,4.);
#1176 = AXIS2_PLACEMENT_2D('',#1177,#1178);
#1177 = CARTESIAN_POINT('',(0.,0.));
#1178 = DIRECTION('',(1.,0.));
#1179 = ( GEOMETRIC_REPRESENTATION_CONTEXT(2) 
PARAMETRIC_REPRESENTATION_CONTEXT() REPRESENTATION_CONTEXT('2D SPACE',''
  ) );
#1180 = ADVANCED_FACE('',(#1181),#1169,.F.);
#1181 = FACE_BOUND('',#1182,.F.);
#1182 = EDGE_LOOP('',(#1183));
#1183 = ORIENTED_EDGE('',*,*,#1154,.T.);
#1184 = ADVANCED_FACE('',(#1185),#1141,.T.);
#1185 = FACE_BOUND('',#1186,.T.);
#1186 = EDGE_LOOP('',(#1187));
#1187 = ORIENTED_EDGE('',*,*,#1126,.T.);
#1188 = MANIFOLD_SOLID_BREP('',#1189);
#1189 = CLOSED_SHELL('',(#1190,#1278,#1282));
#1190 = ADVANCED_FACE('',(#1191),#1205,.T.);
#1191 = FACE_BOUND('',#1192,.F.);
#1192 = EDGE_LOOP('',(#1193,#1223,#1250,#1251));
#1193 = ORIENTED_EDGE('',*,*,#1194,.T.);
#1194 = EDGE_CURVE('',#1195,#1197,#1199,.T.);
#1195 = VERTEX_POINT('',#1196);
#1196 = CARTESIAN_POINT('',(33.024990747593,-32.05736835487,56.));
#1197 = VERTEX_POINT('',#1198);
#1198 = CARTESIAN_POINT('',(33.024990747593,-32.05736835487,60.));
#1199 = SEAM_CURVE('',#1200,(#1204,#1216),.PCURVE_S1.);
#1200 = LINE('',#1201,#1202);
#1201 = CARTESIAN_POINT('',(33.024990747593,-32.05736835487,56.));
#1202 = VECTOR('',#1203,1.);
#1203 = DIRECTION('',(0.,0.,1.));
#1204 = PCURVE('',#1205,#1210);
#1205 = CYLINDRICAL_SURFACE('',#1206,6.5);
#1206 = AXIS2_PLACEMENT_3D('',#1207,#1208,#1209);
#1207 = CARTESIAN_POINT('',(26.524990747593,-32.05736835487,56.));
#1208 = DIRECTION('',(-0.,-0.,-1.));
#1209 = DIRECTION('',(1.,0.,0.));
#1210 = DEFINITIONAL_REPRESENTATION('',(#1211),#1215);
#1211 = LINE('',#1212,#1213);
#1212 = CARTESIAN_POINT('',(-0.,0.));
#1213 = VECTOR('',#1214,1.);
#1214 = DIRECTION('',(-0.,-1.));
#1215 = ( GEOMETRIC_REPRESENTATION_CONTEXT(2) 
PARAMETRIC_REPRESENTATION_CONTEXT() REPRESENTATION_CONTEXT('2D SPACE',''
  ) );
#1216 = PCURVE('',#1205,#1217);
#1217 = DEFINITIONAL_REPRESENTATION('',(#1218),#1222);
#1218 = LINE('',#1219,#1220);
#1219 = CARTESIAN_POINT('',(-6.28318530718,0.));
#1220 = VECTOR('',#1221,1.);
#1221 = DIRECTION('',(-0.,-1.));
#1222 = ( GEOMETRIC_REPRESENTATION_CONTEXT(2) 
PARAMETRIC_REPRESENTATION_CONTEXT() REPRESENTATION_CONTEXT('2D SPACE',''
  ) );
#1223 = ORIENTED_EDGE('',*,*,#1224,.T.);
#1224 = EDGE_CURVE('',#1197,#1197,#1225,.T.);
#1225 = SURFACE_CURVE('',#1226,(#1231,#1238),.PCURVE_S1.);
#1226 = CIRCLE('',#1227,6.5);
#1227 = AXIS2_PLACEMENT_3D('',#1228,#1229,#1230);
#1228 = CARTESIAN_POINT('',(26.524990747593,-32.05736835487,60.));
#1229 = DIRECTION('',(0.,0.,1.));
#1230 = DIRECTION('',(1.,0.,0.));
#1231 = PCURVE('',#1205,#1232);
#1232 = DEFINITIONAL_REPRESENTATION('',(#1233),#1237);
#1233 = LINE('',#1234,#1235);
#1234 = CARTESIAN_POINT('',(-0.,-4.));
#1235 = VECTOR('',#1236,1.);
#1236 = DIRECTION('',(-1.,0.));
#1237 = ( GEOMETRIC_REPRESENTATION_CONTEXT(2) 
PARAMETRIC_REPRESENTATION_CONTEXT() REPRESENTATION_CONTEXT('2D SPACE',''
  ) );
#1238 = PCURVE('',#1239,#1244);
#1239 = PLANE('',#1240);
#1240 = AXIS2_PLACEMENT_3D('',#1241,#1242,#1243);
#1241 = CARTESIAN_POINT('',(26.524990747593,-32.05736835487,60.));
#1242 = DIRECTION('',(0.,0.,1.));
#1243 = DIRECTION('',(1.,0.,-0.));
#1244 = DEFINITIONAL_REPRESENTATION('',(#1245),#1249);
#1245 = CIRCLE('',#1246,6.5);
#1246 = AXIS2_PLACEMENT_2D('',#1247,#1248);
#1247 = CARTESIAN_POINT('',(0.,0.));
#1248 = DIRECTION('',(1.,0.));
#1249 = ( GEOMETRIC_REPRESENTATION_CONTEXT(2) 
PARAMETRIC_REPRESENTATION_CONTEXT() REPRESENTATION_CONTEXT('2D SPACE',''
  ) );
#1250 = ORIENTED_EDGE('',*,*,#1194,.F.);
#1251 = ORIENTED_EDGE('',*,*,#1252,.F.);
#1252 = EDGE_CURVE('',#1195,#1195,#1253,.T.);
#1253 = SURFACE_CURVE('',#1254,(#1259,#1266),.PCURVE_S1.);
#1254 = CIRCLE('',#1255,6.5);
#1255 = AXIS2_PLACEMENT_3D('',#1256,#1257,#1258);
#1256 = CARTESIAN_POINT('',(26.524990747593,-32.05736835487,56.));
#1257 = DIRECTION('',(0.,0.,1.));
#1258 = DIRECTION('',(1.,0.,0.));
#1259 = PCURVE('',#1205,#1260);
#1260 = DEFINITIONAL_REPRESENTATION('',(#1261),#1265);
#1261 = LINE('',#1262,#1263);
#1262 = CARTESIAN_POINT('',(-0.,0.));
#1263 = VECTOR('',#1264,1.);
#1264 = DIRECTION('',(-1.,0.));
#1265 = ( GEOMETRIC_REPRESENTATION_CONTEXT(2) 
PARAMETRIC_REPRESENTATION_CONTEXT() REPRESENTATION_CONTEXT('2D SPACE',''
  ) );
#1266 = PCURVE('',#1267,#1272);
#1267 = PLANE('',#1268);
#1268 = AXIS2_PLACEMENT_3D('',#1269,#1270,#1271);
#1269 = CARTESIAN_POINT('',(26.524990747593,-32.05736835487,56.));
#1270 = DIRECTION('',(0.,0.,1.));
#1271 = DIRECTION('',(1.,0.,-0.));
#1272 = DEFINITIONAL_REPRESENTATION('',(#1273),#1277);
#1273 = CIRCLE('',#1274,6.5);
#1274 = AXIS2_PLACEMENT_2D('',#1275,#1276);
#1275 = CARTESIAN_POINT('',(0.,0.));
#1276 = DIRECTION('',(1.,0.));
#1277 = ( GEOMETRIC_REPRESENTATION_CONTEXT(2) 
PARAMETRIC_REPRESENTATION_CONTEXT() REPRESENTATION_CONTEXT('2D SPACE',''
  ) );
#1278 = ADVANCED_FACE('',(#1279),#1267,.F.);
#1279 = FACE_BOUND('',#1280,.F.);
#1280 = EDGE_LOOP('',(#1281));
#1281 = ORIENTED_EDGE('',*,*,#1252,.T.);
#1282 = ADVANCED_FACE('',(#1283),#1239,.T.);
#1283 = FACE_BOUND('',#1284,.T.);
#1284 = EDGE_LOOP('',(#1285));
#1285 = ORIENTED_EDGE('',*,*,#1224,.T.);
#1286 = ( GEOMETRIC_REPRESENTATION_CONTEXT(3) 
GLOBAL_UNCERTAINTY_ASSIGNED_CONTEXT((#1290)) 
GLOBAL_UNIT_ASSIGNED_CONTEXT((#1287,#1288,#1289)) REPRESENTATION_CONTEXT
('Context #1','3D Context with UNIT and UNCERTAINTY') );
#1287 = ( LENGTH_UNIT() NAMED_UNIT(*) SI_UNIT(.MILLI.,.METRE.) );
#1288 = ( NAMED_UNIT(*) PLANE_ANGLE_UNIT() SI_UNIT($,.RADIAN.) );
#1289 = ( NAMED_UNIT(*) SI_UNIT($,.STERADIAN.) SOLID_ANGLE_UNIT() );
#1290 = UNCERTAINTY_MEASURE_WITH_UNIT(LENGTH_MEASURE(1.E-07),#1287,
  'distance_accuracy_value','confusion accuracy');
#1291 = CONTEXT_DEPENDENT_SHAPE_REPRESENTATION(#1292,#1294);
#1292 = ( REPRESENTATION_RELATIONSHIP('','',#893,#40) 
REPRESENTATION_RELATIONSHIP_WITH_TRANSFORMATION(#1293) 
SHAPE_REPRESENTATION_RELATIONSHIP() );
#1293 = ITEM_DEFINED_TRANSFORMATION('','',#11,#49);
#1294 = PRODUCT_DEFINITION_SHAPE('Placement','Placement of an item',
  #1295);
#1295 = NEXT_ASSEMBLY_USAGE_OCCURRENCE('807',
  'LMB10_A3_2x_M8x16_tapped_hub','',#35,#888,$);
#1296 = PRODUCT_RELATED_PRODUCT_CATEGORY('part',$,(#890));
#1297 = SHAPE_DEFINITION_REPRESENTATION(#1298,#1304);
#1298 = PRODUCT_DEFINITION_SHAPE('','',#1299);
#1299 = PRODUCT_DEFINITION('design','',#1300,#1303);
#1300 = PRODUCT_DEFINITION_FORMATION('','',#1301);
#1301 = PRODUCT('LOWER_HUB','LOWER_HUB','',(#1302));
#1302 = PRODUCT_CONTEXT('',#2,'mechanical');
#1303 = PRODUCT_DEFINITION_CONTEXT('part definition',#2,'design');
#1304 = SHAPE_REPRESENTATION('',(#11,#1305),#1309);
#1305 = AXIS2_PLACEMENT_3D('',#1306,#1307,#1308);
#1306 = CARTESIAN_POINT('',(0.,0.,0.));
#1307 = DIRECTION('',(0.,0.,1.));
#1308 = DIRECTION('',(1.,0.,-0.));
#1309 = ( GEOMETRIC_REPRESENTATION_CONTEXT(3) 
GLOBAL_UNCERTAINTY_ASSIGNED_CONTEXT((#1313)) 
GLOBAL_UNIT_ASSIGNED_CONTEXT((#1310,#1311,#1312)) REPRESENTATION_CONTEXT
('Context #1','3D Context with UNIT and UNCERTAINTY') );
#1310 = ( LENGTH_UNIT() NAMED_UNIT(*) SI_UNIT(.MILLI.,.METRE.) );
#1311 = ( NAMED_UNIT(*) PLANE_ANGLE_UNIT() SI_UNIT($,.RADIAN.) );
#1312 = ( NAMED_UNIT(*) SI_UNIT($,.STERADIAN.) SOLID_ANGLE_UNIT() );
#1313 = UNCERTAINTY_MEASURE_WITH_UNIT(LENGTH_MEASURE(1.E-07),#1310,
  'distance_accuracy_value','confusion accuracy');
#1314 = CONTEXT_DEPENDENT_SHAPE_REPRESENTATION(#1315,#1317);
#1315 = ( REPRESENTATION_RELATIONSHIP('','',#1304,#10) 
REPRESENTATION_RELATIONSHIP_WITH_TRANSFORMATION(#1316) 
SHAPE_REPRESENTATION_RELATIONSHIP() );
#1316 = ITEM_DEFINED_TRANSFORMATION('','',#11,#19);
#1317 = PRODUCT_DEFINITION_SHAPE('Placement','Placement of an item',
  #1318);
#1318 = NEXT_ASSEMBLY_USAGE_OCCURRENCE('810','','',#5,#1299,$);
#1319 = PRODUCT_RELATED_PRODUCT_CATEGORY('part',$,(#1301));
#1320 = SHAPE_DEFINITION_REPRESENTATION(#1321,#1327);
#1321 = PRODUCT_DEFINITION_SHAPE('','',#1322);
#1322 = PRODUCT_DEFINITION('design','',#1323,#1326);
#1323 = PRODUCT_DEFINITION_FORMATION('','',#1324);
#1324 = PRODUCT('lower_hub_plate_280x220x10',
  'lower_hub_plate_280x220x10','',(#1325));
#1325 = PRODUCT_CONTEXT('',#2,'mechanical');
#1326 = PRODUCT_DEFINITION_CONTEXT('part definition',#2,'design');
#1327 = ADVANCED_BREP_SHAPE_REPRESENTATION('',(#11,#1328),#2946);
#1328 = MANIFOLD_SOLID_BREP('',#1329);
#1329 = CLOSED_SHELL('',(#1330,#1450,#1526,#2065,#2114,#2561,#2568,#2595
    ,#2622,#2649,#2676,#2703,#2730,#2757,#2784,#2811,#2838,#2865,#2892,
    #2919));
#1330 = ADVANCED_FACE('',(#1331),#1345,.F.);
#1331 = FACE_BOUND('',#1332,.F.);
#1332 = EDGE_LOOP('',(#1333,#1368,#1396,#1424));
#1333 = ORIENTED_EDGE('',*,*,#1334,.F.);
#1334 = EDGE_CURVE('',#1335,#1337,#1339,.T.);
#1335 = VERTEX_POINT('',#1336);
#1336 = CARTESIAN_POINT('',(-140.,-110.,40.));
#1337 = VERTEX_POINT('',#1338);
#1338 = CARTESIAN_POINT('',(-140.,-110.,50.));
#1339 = SURFACE_CURVE('',#1340,(#1344,#1356),.PCURVE_S1.);
#1340 = LINE('',#1341,#1342);
#1341 = CARTESIAN_POINT('',(-140.,-110.,40.));
#1342 = VECTOR('',#1343,1.);
#1343 = DIRECTION('',(0.,0.,1.));
#1344 = PCURVE('',#1345,#1350);
#1345 = PLANE('',#1346);
#1346 = AXIS2_PLACEMENT_3D('',#1347,#1348,#1349);
#1347 = CARTESIAN_POINT('',(-140.,-110.,40.));
#1348 = DIRECTION('',(1.,0.,0.));
#1349 = DIRECTION('',(0.,0.,1.));
#1350 = DEFINITIONAL_REPRESENTATION('',(#1351),#1355);
#1351 = LINE('',#1352,#1353);
#1352 = CARTESIAN_POINT('',(0.,0.));
#1353 = VECTOR('',#1354,1.);
#1354 = DIRECTION('',(1.,0.));
#1355 = ( GEOMETRIC_REPRESENTATION_CONTEXT(2) 
PARAMETRIC_REPRESENTATION_CONTEXT() REPRESENTATION_CONTEXT('2D SPACE',''
  ) );
#1356 = PCURVE('',#1357,#1362);
#1357 = PLANE('',#1358);
#1358 = AXIS2_PLACEMENT_3D('',#1359,#1360,#1361);
#1359 = CARTESIAN_POINT('',(-140.,-110.,40.));
#1360 = DIRECTION('',(0.,1.,0.));
#1361 = DIRECTION('',(0.,0.,1.));
#1362 = DEFINITIONAL_REPRESENTATION('',(#1363),#1367);
#1363 = LINE('',#1364,#1365);
#1364 = CARTESIAN_POINT('',(0.,0.));
#1365 = VECTOR('',#1366,1.);
#1366 = DIRECTION('',(1.,0.));
#1367 = ( GEOMETRIC_REPRESENTATION_CONTEXT(2) 
PARAMETRIC_REPRESENTATION_CONTEXT() REPRESENTATION_CONTEXT('2D SPACE',''
  ) );
#1368 = ORIENTED_EDGE('',*,*,#1369,.T.);
#1369 = EDGE_CURVE('',#1335,#1370,#1372,.T.);
#1370 = VERTEX_POINT('',#1371);
#1371 = CARTESIAN_POINT('',(-140.,110.,40.));
#1372 = SURFACE_CURVE('',#1373,(#1377,#1384),.PCURVE_S1.);
#1373 = LINE('',#1374,#1375);
#1374 = CARTESIAN_POINT('',(-140.,-110.,40.));
#1375 = VECTOR('',#1376,1.);
#1376 = DIRECTION('',(0.,1.,0.));
#1377 = PCURVE('',#1345,#1378);
#1378 = DEFINITIONAL_REPRESENTATION('',(#1379),#1383);
#1379 = LINE('',#1380,#1381);
#1380 = CARTESIAN_POINT('',(0.,0.));
#1381 = VECTOR('',#1382,1.);
#1382 = DIRECTION('',(0.,-1.));
#1383 = ( GEOMETRIC_REPRESENTATION_CONTEXT(2) 
PARAMETRIC_REPRESENTATION_CONTEXT() REPRESENTATION_CONTEXT('2D SPACE',''
  ) );
#1384 = PCURVE('',#1385,#1390);
#1385 = PLANE('',#1386);
#1386 = AXIS2_PLACEMENT_3D('',#1387,#1388,#1389);
#1387 = CARTESIAN_POINT('',(-140.,-110.,40.));
#1388 = DIRECTION('',(0.,0.,1.));
#1389 = DIRECTION('',(1.,0.,0.));
#1390 = DEFINITIONAL_REPRESENTATION('',(#1391),#1395);
#1391 = LINE('',#1392,#1393);
#1392 = CARTESIAN_POINT('',(0.,0.));
#1393 = VECTOR('',#1394,1.);
#1394 = DIRECTION('',(0.,1.));
#1395 = ( GEOMETRIC_REPRESENTATION_CONTEXT(2) 
PARAMETRIC_REPRESENTATION_CONTEXT() REPRESENTATION_CONTEXT('2D SPACE',''
  ) );
#1396 = ORIENTED_EDGE('',*,*,#1397,.T.);
#1397 = EDGE_CURVE('',#1370,#1398,#1400,.T.);
#1398 = VERTEX_POINT('',#1399);
#1399 = CARTESIAN_POINT('',(-140.,110.,50.));
#1400 = SURFACE_CURVE('',#1401,(#1405,#1412),.PCURVE_S1.);
#1401 = LINE('',#1402,#1403);
#1402 = CARTESIAN_POINT('',(-140.,110.,40.));
#1403 = VECTOR('',#1404,1.);
#1404 = DIRECTION('',(0.,0.,1.));
#1405 = PCURVE('',#1345,#1406);
#1406 = DEFINITIONAL_REPRESENTATION('',(#1407),#1411);
#1407 = LINE('',#1408,#1409);
#1408 = CARTESIAN_POINT('',(0.,-220.));
#1409 = VECTOR('',#1410,1.);
#1410 = DIRECTION('',(1.,0.));
#1411 = ( GEOMETRIC_REPRESENTATION_CONTEXT(2) 
PARAMETRIC_REPRESENTATION_CONTEXT() REPRESENTATION_CONTEXT('2D SPACE',''
  ) );
#1412 = PCURVE('',#1413,#1418);
#1413 = PLANE('',#1414);
#1414 = AXIS2_PLACEMENT_3D('',#1415,#1416,#1417);
#1415 = CARTESIAN_POINT('',(-140.,110.,40.));
#1416 = DIRECTION('',(0.,1.,0.));
#1417 = DIRECTION('',(0.,0.,1.));
#1418 = DEFINITIONAL_REPRESENTATION('',(#1419),#1423);
#1419 = LINE('',#1420,#1421);
#1420 = CARTESIAN_POINT('',(0.,0.));
#1421 = VECTOR('',#1422,1.);
#1422 = DIRECTION('',(1.,0.));
#1423 = ( GEOMETRIC_REPRESENTATION_CONTEXT(2) 
PARAMETRIC_REPRESENTATION_CONTEXT() REPRESENTATION_CONTEXT('2D SPACE',''
  ) );
#1424 = ORIENTED_EDGE('',*,*,#1425,.F.);
#1425 = EDGE_CURVE('',#1337,#1398,#1426,.T.);
#1426 = SURFACE_CURVE('',#1427,(#1431,#1438),.PCURVE_S1.);
#1427 = LINE('',#1428,#1429);
#1428 = CARTESIAN_POINT('',(-140.,-110.,50.));
#1429 = VECTOR('',#1430,1.);
#1430 = DIRECTION('',(0.,1.,0.));
#1431 = PCURVE('',#1345,#1432);
#1432 = DEFINITIONAL_REPRESENTATION('',(#1433),#1437);
#1433 = LINE('',#1434,#1435);
#1434 = CARTESIAN_POINT('',(10.,0.));
#1435 = VECTOR('',#1436,1.);
#1436 = DIRECTION('',(0.,-1.));
#1437 = ( GEOMETRIC_REPRESENTATION_CONTEXT(2) 
PARAMETRIC_REPRESENTATION_CONTEXT() REPRESENTATION_CONTEXT('2D SPACE',''
  ) );
#1438 = PCURVE('',#1439,#1444);
#1439 = PLANE('',#1440);
#1440 = AXIS2_PLACEMENT_3D('',#1441,#1442,#1443);
#1441 = CARTESIAN_POINT('',(-140.,-110.,50.));
#1442 = DIRECTION('',(0.,0.,1.));
#1443 = DIRECTION('',(1.,0.,0.));
#1444 = DEFINITIONAL_REPRESENTATION('',(#1445),#1449);
#1445 = LINE('',#1446,#1447);
#1446 = CARTESIAN_POINT('',(0.,0.));
#1447 = VECTOR('',#1448,1.);
#1448 = DIRECTION('',(0.,1.));
#1449 = ( GEOMETRIC_REPRESENTATION_CONTEXT(2) 
PARAMETRIC_REPRESENTATION_CONTEXT() REPRESENTATION_CONTEXT('2D SPACE',''
  ) );
#1450 = ADVANCED_FACE('',(#1451),#1357,.F.);
#1451 = FACE_BOUND('',#1452,.F.);
#1452 = EDGE_LOOP('',(#1453,#1476,#1477,#1500));
#1453 = ORIENTED_EDGE('',*,*,#1454,.F.);
#1454 = EDGE_CURVE('',#1335,#1455,#1457,.T.);
#1455 = VERTEX_POINT('',#1456);
#1456 = CARTESIAN_POINT('',(140.,-110.,40.));
#1457 = SURFACE_CURVE('',#1458,(#1462,#1469),.PCURVE_S1.);
#1458 = LINE('',#1459,#1460);
#1459 = CARTESIAN_POINT('',(-140.,-110.,40.));
#1460 = VECTOR('',#1461,1.);
#1461 = DIRECTION('',(1.,0.,0.));
#1462 = PCURVE('',#1357,#1463);
#1463 = DEFINITIONAL_REPRESENTATION('',(#1464),#1468);
#1464 = LINE('',#1465,#1466);
#1465 = CARTESIAN_POINT('',(0.,0.));
#1466 = VECTOR('',#1467,1.);
#1467 = DIRECTION('',(0.,1.));
#1468 = ( GEOMETRIC_REPRESENTATION_CONTEXT(2) 
PARAMETRIC_REPRESENTATION_CONTEXT() REPRESENTATION_CONTEXT('2D SPACE',''
  ) );
#1469 = PCURVE('',#1385,#1470);
#1470 = DEFINITIONAL_REPRESENTATION('',(#1471),#1475);
#1471 = LINE('',#1472,#1473);
#1472 = CARTESIAN_POINT('',(0.,0.));
#1473 = VECTOR('',#1474,1.);
#1474 = DIRECTION('',(1.,0.));
#1475 = ( GEOMETRIC_REPRESENTATION_CONTEXT(2) 
PARAMETRIC_REPRESENTATION_CONTEXT() REPRESENTATION_CONTEXT('2D SPACE',''
  ) );
#1476 = ORIENTED_EDGE('',*,*,#1334,.T.);
#1477 = ORIENTED_EDGE('',*,*,#1478,.T.);
#1478 = EDGE_CURVE('',#1337,#1479,#1481,.T.);
#1479 = VERTEX_POINT('',#1480);
#1480 = CARTESIAN_POINT('',(140.,-110.,50.));
#1481 = SURFACE_CURVE('',#1482,(#1486,#1493),.PCURVE_S1.);
#1482 = LINE('',#1483,#1484);
#1483 = CARTESIAN_POINT('',(-140.,-110.,50.));
#1484 = VECTOR('',#1485,1.);
#1485 = DIRECTION('',(1.,0.,0.));
#1486 = PCURVE('',#1357,#1487);
#1487 = DEFINITIONAL_REPRESENTATION('',(#1488),#1492);
#1488 = LINE('',#1489,#1490);
#1489 = CARTESIAN_POINT('',(10.,0.));
#1490 = VECTOR('',#1491,1.);
#1491 = DIRECTION('',(0.,1.));
#1492 = ( GEOMETRIC_REPRESENTATION_CONTEXT(2) 
PARAMETRIC_REPRESENTATION_CONTEXT() REPRESENTATION_CONTEXT('2D SPACE',''
  ) );
#1493 = PCURVE('',#1439,#1494);
#1494 = DEFINITIONAL_REPRESENTATION('',(#1495),#1499);
#1495 = LINE('',#1496,#1497);
#1496 = CARTESIAN_POINT('',(0.,0.));
#1497 = VECTOR('',#1498,1.);
#1498 = DIRECTION('',(1.,0.));
#1499 = ( GEOMETRIC_REPRESENTATION_CONTEXT(2) 
PARAMETRIC_REPRESENTATION_CONTEXT() REPRESENTATION_CONTEXT('2D SPACE',''
  ) );
#1500 = ORIENTED_EDGE('',*,*,#1501,.F.);
#1501 = EDGE_CURVE('',#1455,#1479,#1502,.T.);
#1502 = SURFACE_CURVE('',#1503,(#1507,#1514),.PCURVE_S1.);
#1503 = LINE('',#1504,#1505);
#1504 = CARTESIAN_POINT('',(140.,-110.,40.));
#1505 = VECTOR('',#1506,1.);
#1506 = DIRECTION('',(0.,0.,1.));
#1507 = PCURVE('',#1357,#1508);
#1508 = DEFINITIONAL_REPRESENTATION('',(#1509),#1513);
#1509 = LINE('',#1510,#1511);
#1510 = CARTESIAN_POINT('',(0.,280.));
#1511 = VECTOR('',#1512,1.);
#1512 = DIRECTION('',(1.,0.));
#1513 = ( GEOMETRIC_REPRESENTATION_CONTEXT(2) 
PARAMETRIC_REPRESENTATION_CONTEXT() REPRESENTATION_CONTEXT('2D SPACE',''
  ) );
#1514 = PCURVE('',#1515,#1520);
#1515 = PLANE('',#1516);
#1516 = AXIS2_PLACEMENT_3D('',#1517,#1518,#1519);
#1517 = CARTESIAN_POINT('',(140.,-110.,40.));
#1518 = DIRECTION('',(1.,0.,0.));
#1519 = DIRECTION('',(0.,0.,1.));
#1520 = DEFINITIONAL_REPRESENTATION('',(#1521),#1525);
#1521 = LINE('',#1522,#1523);
#1522 = CARTESIAN_POINT('',(0.,0.));
#1523 = VECTOR('',#1524,1.);
#1524 = DIRECTION('',(1.,0.));
#1525 = ( GEOMETRIC_REPRESENTATION_CONTEXT(2) 
PARAMETRIC_REPRESENTATION_CONTEXT() REPRESENTATION_CONTEXT('2D SPACE',''
  ) );
#1526 = ADVANCED_FACE('',(#1527,#1575,#1610,#1645,#1680,#1715,#1750,
    #1785,#1820,#1855,#1890,#1925,#1960,#1995,#2030),#1439,.T.);
#1527 = FACE_BOUND('',#1528,.T.);
#1528 = EDGE_LOOP('',(#1529,#1530,#1531,#1554));
#1529 = ORIENTED_EDGE('',*,*,#1425,.F.);
#1530 = ORIENTED_EDGE('',*,*,#1478,.T.);
#1531 = ORIENTED_EDGE('',*,*,#1532,.T.);
#1532 = EDGE_CURVE('',#1479,#1533,#1535,.T.);
#1533 = VERTEX_POINT('',#1534);
#1534 = CARTESIAN_POINT('',(140.,110.,50.));
#1535 = SURFACE_CURVE('',#1536,(#1540,#1547),.PCURVE_S1.);
#1536 = LINE('',#1537,#1538);
#1537 = CARTESIAN_POINT('',(140.,-110.,50.));
#1538 = VECTOR('',#1539,1.);
#1539 = DIRECTION('',(0.,1.,0.));
#1540 = PCURVE('',#1439,#1541);
#1541 = DEFINITIONAL_REPRESENTATION('',(#1542),#1546);
#1542 = LINE('',#1543,#1544);
#1543 = CARTESIAN_POINT('',(280.,0.));
#1544 = VECTOR('',#1545,1.);
#1545 = DIRECTION('',(0.,1.));
#1546 = ( GEOMETRIC_REPRESENTATION_CONTEXT(2) 
PARAMETRIC_REPRESENTATION_CONTEXT() REPRESENTATION_CONTEXT('2D SPACE',''
  ) );
#1547 = PCURVE('',#1515,#1548);
#1548 = DEFINITIONAL_REPRESENTATION('',(#1549),#1553);
#1549 = LINE('',#1550,#1551);
#1550 = CARTESIAN_POINT('',(10.,0.));
#1551 = VECTOR('',#1552,1.);
#1552 = DIRECTION('',(0.,-1.));
#1553 = ( GEOMETRIC_REPRESENTATION_CONTEXT(2) 
PARAMETRIC_REPRESENTATION_CONTEXT() REPRESENTATION_CONTEXT('2D SPACE',''
  ) );
#1554 = ORIENTED_EDGE('',*,*,#1555,.F.);
#1555 = EDGE_CURVE('',#1398,#1533,#1556,.T.);
#1556 = SURFACE_CURVE('',#1557,(#1561,#1568),.PCURVE_S1.);
#1557 = LINE('',#1558,#1559);
#1558 = CARTESIAN_POINT('',(-140.,110.,50.));
#1559 = VECTOR('',#1560,1.);
#1560 = DIRECTION('',(1.,0.,0.));
#1561 = PCURVE('',#1439,#1562);
#1562 = DEFINITIONAL_REPRESENTATION('',(#1563),#1567);
#1563 = LINE('',#1564,#1565);
#1564 = CARTESIAN_POINT('',(0.,220.));
#1565 = VECTOR('',#1566,1.);
#1566 = DIRECTION('',(1.,0.));
#1567 = ( GEOMETRIC_REPRESENTATION_CONTEXT(2) 
PARAMETRIC_REPRESENTATION_CONTEXT() REPRESENTATION_CONTEXT('2D SPACE',''
  ) );
#1568 = PCURVE('',#1413,#1569);
#1569 = DEFINITIONAL_REPRESENTATION('',(#1570),#1574);
#1570 = LINE('',#1571,#1572);
#1571 = CARTESIAN_POINT('',(10.,0.));
#1572 = VECTOR('',#1573,1.);
#1573 = DIRECTION('',(0.,1.));
#1574 = ( GEOMETRIC_REPRESENTATION_CONTEXT(2) 
PARAMETRIC_REPRESENTATION_CONTEXT() REPRESENTATION_CONTEXT('2D SPACE',''
  ) );
#1575 = FACE_BOUND('',#1576,.T.);
#1576 = EDGE_LOOP('',(#1577));
#1577 = ORIENTED_EDGE('',*,*,#1578,.T.);
#1578 = EDGE_CURVE('',#1579,#1579,#1581,.T.);
#1579 = VERTEX_POINT('',#1580);
#1580 = CARTESIAN_POINT('',(-95.5,-80.,50.));
#1581 = SURFACE_CURVE('',#1582,(#1587,#1598),.PCURVE_S1.);
#1582 = CIRCLE('',#1583,4.5);
#1583 = AXIS2_PLACEMENT_3D('',#1584,#1585,#1586);
#1584 = CARTESIAN_POINT('',(-100.,-80.,50.));
#1585 = DIRECTION('',(0.,0.,-1.));
#1586 = DIRECTION('',(1.,0.,0.));
#1587 = PCURVE('',#1439,#1588);
#1588 = DEFINITIONAL_REPRESENTATION('',(#1589),#1597);
#1589 = ( BOUNDED_CURVE() B_SPLINE_CURVE(2,(#1590,#1591,#1592,#1593,
#1594,#1595,#1596),.UNSPECIFIED.,.T.,.F.) B_SPLINE_CURVE_WITH_KNOTS((1,2
    ,2,2,2,1),(-2.094395102393,0.,2.094395102393,4.188790204786,
6.28318530718,8.377580409573),.UNSPECIFIED.) CURVE() 
GEOMETRIC_REPRESENTATION_ITEM() RATIONAL_B_SPLINE_CURVE((1.,0.5,1.,0.5,
1.,0.5,1.)) REPRESENTATION_ITEM('') );
#1590 = CARTESIAN_POINT('',(44.5,30.));
#1591 = CARTESIAN_POINT('',(44.5,22.20577136594));
#1592 = CARTESIAN_POINT('',(37.75,26.10288568297));
#1593 = CARTESIAN_POINT('',(31.,30.));
#1594 = CARTESIAN_POINT('',(37.75,33.89711431703));
#1595 = CARTESIAN_POINT('',(44.5,37.79422863406));
#1596 = CARTESIAN_POINT('',(44.5,30.));
#1597 = ( GEOMETRIC_REPRESENTATION_CONTEXT(2) 
PARAMETRIC_REPRESENTATION_CONTEXT() REPRESENTATION_CONTEXT('2D SPACE',''
  ) );
#1598 = PCURVE('',#1599,#1604);
#1599 = CYLINDRICAL_SURFACE('',#1600,4.5);
#1600 = AXIS2_PLACEMENT_3D('',#1601,#1602,#1603);
#1601 = CARTESIAN_POINT('',(-100.,-80.,38.));
#1602 = DIRECTION('',(-0.,-0.,-1.));
#1603 = DIRECTION('',(1.,0.,0.));
#1604 = DEFINITIONAL_REPRESENTATION('',(#1605),#1609);
#1605 = LINE('',#1606,#1607);
#1606 = CARTESIAN_POINT('',(-6.28318530718,-12.));
#1607 = VECTOR('',#1608,1.);
#1608 = DIRECTION('',(1.,-0.));
#1609 = ( GEOMETRIC_REPRESENTATION_CONTEXT(2) 
PARAMETRIC_REPRESENTATION_CONTEXT() REPRESENTATION_CONTEXT('2D SPACE',''
  ) );
#1610 = FACE_BOUND('',#1611,.T.);
#1611 = EDGE_LOOP('',(#1612));
#1612 = ORIENTED_EDGE('',*,*,#1613,.T.);
#1613 = EDGE_CURVE('',#1614,#1614,#1616,.T.);
#1614 = VERTEX_POINT('',#1615);
#1615 = CARTESIAN_POINT('',(-30.5,-80.,50.));
#1616 = SURFACE_CURVE('',#1617,(#1622,#1633),.PCURVE_S1.);
#1617 = CIRCLE('',#1618,4.5);
#1618 = AXIS2_PLACEMENT_3D('',#1619,#1620,#1621);
#1619 = CARTESIAN_POINT('',(-35.,-80.,50.));
#1620 = DIRECTION('',(0.,0.,-1.));
#1621 = DIRECTION('',(1.,0.,0.));
#1622 = PCURVE('',#1439,#1623);
#1623 = DEFINITIONAL_REPRESENTATION('',(#1624),#1632);
#1624 = ( BOUNDED_CURVE() B_SPLINE_CURVE(2,(#1625,#1626,#1627,#1628,
#1629,#1630,#1631),.UNSPECIFIED.,.T.,.F.) B_SPLINE_CURVE_WITH_KNOTS((1,2
    ,2,2,2,1),(-2.094395102393,0.,2.094395102393,4.188790204786,
6.28318530718,8.377580409573),.UNSPECIFIED.) CURVE() 
GEOMETRIC_REPRESENTATION_ITEM() RATIONAL_B_SPLINE_CURVE((1.,0.5,1.,0.5,
1.,0.5,1.)) REPRESENTATION_ITEM('') );
#1625 = CARTESIAN_POINT('',(109.5,30.));
#1626 = CARTESIAN_POINT('',(109.5,22.20577136594));
#1627 = CARTESIAN_POINT('',(102.75,26.10288568297));
#1628 = CARTESIAN_POINT('',(96.,30.));
#1629 = CARTESIAN_POINT('',(102.75,33.89711431703));
#1630 = CARTESIAN_POINT('',(109.5,37.79422863406));
#1631 = CARTESIAN_POINT('',(109.5,30.));
#1632 = ( GEOMETRIC_REPRESENTATION_CONTEXT(2) 
PARAMETRIC_REPRESENTATION_CONTEXT() REPRESENTATION_CONTEXT('2D SPACE',''
  ) );
#1633 = PCURVE('',#1634,#1639);
#1634 = CYLINDRICAL_SURFACE('',#1635,4.5);
#1635 = AXIS2_PLACEMENT_3D('',#1636,#1637,#1638);
#1636 = CARTESIAN_POINT('',(-35.,-80.,38.));
#1637 = DIRECTION('',(-0.,-0.,-1.));
#1638 = DIRECTION('',(1.,0.,0.));
#1639 = DEFINITIONAL_REPRESENTATION('',(#1640),#1644);
#1640 = LINE('',#1641,#1642);
#1641 = CARTESIAN_POINT('',(-6.28318530718,-12.));
#1642 = VECTOR('',#1643,1.);
#1643 = DIRECTION('',(1.,-0.));
#1644 = ( GEOMETRIC_REPRESENTATION_CONTEXT(2) 
PARAMETRIC_REPRESENTATION_CONTEXT() REPRESENTATION_CONTEXT('2D SPACE',''
  ) );
#1645 = FACE_BOUND('',#1646,.T.);
#1646 = EDGE_LOOP('',(#1647));
#1647 = ORIENTED_EDGE('',*,*,#1648,.T.);
#1648 = EDGE_CURVE('',#1649,#1649,#1651,.T.);
#1649 = VERTEX_POINT('',#1650);
#1650 = CARTESIAN_POINT('',(-68.80190528383,-24.94263164512,50.));
#1651 = SURFACE_CURVE('',#1652,(#1657,#1668),.PCURVE_S1.);
#1652 = CIRCLE('',#1653,3.4);
#1653 = AXIS2_PLACEMENT_3D('',#1654,#1655,#1656);
#1654 = CARTESIAN_POINT('',(-72.20190528383,-24.94263164512,50.));
#1655 = DIRECTION('',(0.,0.,-1.));
#1656 = DIRECTION('',(1.,0.,0.));
#1657 = PCURVE('',#1439,#1658);
#1658 = DEFINITIONAL_REPRESENTATION('',(#1659),#1667);
#1659 = ( BOUNDED_CURVE() B_SPLINE_CURVE(2,(#1660,#1661,#1662,#1663,
#1664,#1665,#1666),.UNSPECIFIED.,.T.,.F.) B_SPLINE_CURVE_WITH_KNOTS((1,2
    ,2,2,2,1),(-2.094395102393,0.,2.094395102393,4.188790204786,
6.28318530718,8.377580409573),.UNSPECIFIED.) CURVE() 
GEOMETRIC_REPRESENTATION_ITEM() RATIONAL_B_SPLINE_CURVE((1.,0.5,1.,0.5,
1.,0.5,1.)) REPRESENTATION_ITEM('') );
#1660 = CARTESIAN_POINT('',(71.198094716167,85.057368354874));
#1661 = CARTESIAN_POINT('',(71.198094716167,79.16839560914));
#1662 = CARTESIAN_POINT('',(66.098094716167,82.112881982007));
#1663 = CARTESIAN_POINT('',(60.998094716167,85.057368354874));
#1664 = CARTESIAN_POINT('',(66.098094716167,88.001854727741));
#1665 = CARTESIAN_POINT('',(71.198094716167,90.946341100609));
#1666 = CARTESIAN_POINT('',(71.198094716167,85.057368354874));
#1667 = ( GEOMETRIC_REPRESENTATION_CONTEXT(2) 
PARAMETRIC_REPRESENTATION_CONTEXT() REPRESENTATION_CONTEXT('2D SPACE',''
  ) );
#1668 = PCURVE('',#1669,#1674);
#1669 = CYLINDRICAL_SURFACE('',#1670,3.4);
#1670 = AXIS2_PLACEMENT_3D('',#1671,#1672,#1673);
#1671 = CARTESIAN_POINT('',(-72.20190528383,-24.94263164512,39.));
#1672 = DIRECTION('',(-0.,-0.,-1.));
#1673 = DIRECTION('',(1.,0.,0.));
#1674 = DEFINITIONAL_REPRESENTATION('',(#1675),#1679);
#1675 = LINE('',#1676,#1677);
#1676 = CARTESIAN_POINT('',(-6.28318530718,-11.));
#1677 = VECTOR('',#1678,1.);
#1678 = DIRECTION('',(1.,-0.));
#1679 = ( GEOMETRIC_REPRESENTATION_CONTEXT(2) 
PARAMETRIC_REPRESENTATION_CONTEXT() REPRESENTATION_CONTEXT('2D SPACE',''
  ) );
#1680 = FACE_BOUND('',#1681,.T.);
#1681 = EDGE_LOOP('',(#1682));
#1682 = ORIENTED_EDGE('',*,*,#1683,.T.);
#1683 = EDGE_CURVE('',#1684,#1684,#1686,.T.);
#1684 = VERTEX_POINT('',#1685);
#1685 = CARTESIAN_POINT('',(-37.62499074759,-6.942631645126,50.));
#1686 = SURFACE_CURVE('',#1687,(#1692,#1703),.PCURVE_S1.);
#1687 = CIRCLE('',#1688,3.4);
#1688 = AXIS2_PLACEMENT_3D('',#1689,#1690,#1691);
#1689 = CARTESIAN_POINT('',(-41.02499074759,-6.942631645126,50.));
#1690 = DIRECTION('',(0.,0.,-1.));
#1691 = DIRECTION('',(1.,0.,0.));
#1692 = PCURVE('',#1439,#1693);
#1693 = DEFINITIONAL_REPRESENTATION('',(#1694),#1702);
#1694 = ( BOUNDED_CURVE() B_SPLINE_CURVE(2,(#1695,#1696,#1697,#1698,
#1699,#1700,#1701),.UNSPECIFIED.,.T.,.F.) B_SPLINE_CURVE_WITH_KNOTS((1,2
    ,2,2,2,1),(-2.094395102393,0.,2.094395102393,4.188790204786,
6.28318530718,8.377580409573),.UNSPECIFIED.) CURVE() 
GEOMETRIC_REPRESENTATION_ITEM() RATIONAL_B_SPLINE_CURVE((1.,0.5,1.,0.5,
1.,0.5,1.)) REPRESENTATION_ITEM('') );
#1695 = CARTESIAN_POINT('',(102.3750092524,103.05736835487));
#1696 = CARTESIAN_POINT('',(102.3750092524,97.16839560914));
#1697 = CARTESIAN_POINT('',(97.275009252407,100.112881982));
#1698 = CARTESIAN_POINT('',(92.175009252407,103.05736835487));
#1699 = CARTESIAN_POINT('',(97.275009252407,106.00185472774));
#1700 = CARTESIAN_POINT('',(102.3750092524,108.9463411006));
#1701 = CARTESIAN_POINT('',(102.3750092524,103.05736835487));
#1702 = ( GEOMETRIC_REPRESENTATION_CONTEXT(2) 
PARAMETRIC_REPRESENTATION_CONTEXT() REPRESENTATION_CONTEXT('2D SPACE',''
  ) );
#1703 = PCURVE('',#1704,#1709);
#1704 = CYLINDRICAL_SURFACE('',#1705,3.4);
#1705 = AXIS2_PLACEMENT_3D('',#1706,#1707,#1708);
#1706 = CARTESIAN_POINT('',(-41.02499074759,-6.942631645126,39.));
#1707 = DIRECTION('',(-0.,-0.,-1.));
#1708 = DIRECTION('',(1.,0.,0.));
#1709 = DEFINITIONAL_REPRESENTATION('',(#1710),#1714);
#1710 = LINE('',#1711,#1712);
#1711 = CARTESIAN_POINT('',(-6.28318530718,-11.));
#1712 = VECTOR('',#1713,1.);
#1713 = DIRECTION('',(1.,-0.));
#1714 = ( GEOMETRIC_REPRESENTATION_CONTEXT(2) 
PARAMETRIC_REPRESENTATION_CONTEXT() REPRESENTATION_CONTEXT('2D SPACE',''
  ) );
#1715 = FACE_BOUND('',#1716,.T.);
#1716 = EDGE_LOOP('',(#1717));
#1717 = ORIENTED_EDGE('',*,*,#1718,.T.);
#1718 = EDGE_CURVE('',#1719,#1719,#1721,.T.);
#1719 = VERTEX_POINT('',#1720);
#1720 = CARTESIAN_POINT('',(39.5,-80.,50.));
#1721 = SURFACE_CURVE('',#1722,(#1727,#1738),.PCURVE_S1.);
#1722 = CIRCLE('',#1723,4.5);
#1723 = AXIS2_PLACEMENT_3D('',#1724,#1725,#1726);
#1724 = CARTESIAN_POINT('',(35.,-80.,50.));
#1725 = DIRECTION('',(0.,0.,-1.));
#1726 = DIRECTION('',(1.,0.,0.));
#1727 = PCURVE('',#1439,#1728);
#1728 = DEFINITIONAL_REPRESENTATION('',(#1729),#1737);
#1729 = ( BOUNDED_CURVE() B_SPLINE_CURVE(2,(#1730,#1731,#1732,#1733,
#1734,#1735,#1736),.UNSPECIFIED.,.T.,.F.) B_SPLINE_CURVE_WITH_KNOTS((1,2
    ,2,2,2,1),(-2.094395102393,0.,2.094395102393,4.188790204786,
6.28318530718,8.377580409573),.UNSPECIFIED.) CURVE() 
GEOMETRIC_REPRESENTATION_ITEM() RATIONAL_B_SPLINE_CURVE((1.,0.5,1.,0.5,
1.,0.5,1.)) REPRESENTATION_ITEM('') );
#1730 = CARTESIAN_POINT('',(179.5,30.));
#1731 = CARTESIAN_POINT('',(179.5,22.20577136594));
#1732 = CARTESIAN_POINT('',(172.75,26.10288568297));
#1733 = CARTESIAN_POINT('',(166.,30.));
#1734 = CARTESIAN_POINT('',(172.75,33.89711431703));
#1735 = CARTESIAN_POINT('',(179.5,37.79422863406));
#1736 = CARTESIAN_POINT('',(179.5,30.));
#1737 = ( GEOMETRIC_REPRESENTATION_CONTEXT(2) 
PARAMETRIC_REPRESENTATION_CONTEXT() REPRESENTATION_CONTEXT('2D SPACE',''
  ) );
#1738 = PCURVE('',#1739,#1744);
#1739 = CYLINDRICAL_SURFACE('',#1740,4.5);
#1740 = AXIS2_PLACEMENT_3D('',#1741,#1742,#1743);
#1741 = CARTESIAN_POINT('',(35.,-80.,38.));
#1742 = DIRECTION('',(-0.,-0.,-1.));
#1743 = DIRECTION('',(1.,0.,0.));
#1744 = DEFINITIONAL_REPRESENTATION('',(#1745),#1749);
#1745 = LINE('',#1746,#1747);
#1746 = CARTESIAN_POINT('',(-6.28318530718,-12.));
#1747 = VECTOR('',#1748,1.);
#1748 = DIRECTION('',(1.,-0.));
#1749 = ( GEOMETRIC_REPRESENTATION_CONTEXT(2) 
PARAMETRIC_REPRESENTATION_CONTEXT() REPRESENTATION_CONTEXT('2D SPACE',''
  ) );
#1750 = FACE_BOUND('',#1751,.T.);
#1751 = EDGE_LOOP('',(#1752));
#1752 = ORIENTED_EDGE('',*,*,#1753,.T.);
#1753 = EDGE_CURVE('',#1754,#1754,#1756,.T.);
#1754 = VERTEX_POINT('',#1755);
#1755 = CARTESIAN_POINT('',(104.5,-80.,50.));
#1756 = SURFACE_CURVE('',#1757,(#1762,#1773),.PCURVE_S1.);
#1757 = CIRCLE('',#1758,4.5);
#1758 = AXIS2_PLACEMENT_3D('',#1759,#1760,#1761);
#1759 = CARTESIAN_POINT('',(100.,-80.,50.));
#1760 = DIRECTION('',(0.,0.,-1.));
#1761 = DIRECTION('',(1.,0.,0.));
#1762 = PCURVE('',#1439,#1763);
#1763 = DEFINITIONAL_REPRESENTATION('',(#1764),#1772);
#1764 = ( BOUNDED_CURVE() B_SPLINE_CURVE(2,(#1765,#1766,#1767,#1768,
#1769,#1770,#1771),.UNSPECIFIED.,.T.,.F.) B_SPLINE_CURVE_WITH_KNOTS((1,2
    ,2,2,2,1),(-2.094395102393,0.,2.094395102393,4.188790204786,
6.28318530718,8.377580409573),.UNSPECIFIED.) CURVE() 
GEOMETRIC_REPRESENTATION_ITEM() RATIONAL_B_SPLINE_CURVE((1.,0.5,1.,0.5,
1.,0.5,1.)) REPRESENTATION_ITEM('') );
#1765 = CARTESIAN_POINT('',(244.5,30.));
#1766 = CARTESIAN_POINT('',(244.5,22.20577136594));
#1767 = CARTESIAN_POINT('',(237.75,26.10288568297));
#1768 = CARTESIAN_POINT('',(231.,30.));
#1769 = CARTESIAN_POINT('',(237.75,33.89711431703));
#1770 = CARTESIAN_POINT('',(244.5,37.79422863406));
#1771 = CARTESIAN_POINT('',(244.5,30.));
#1772 = ( GEOMETRIC_REPRESENTATION_CONTEXT(2) 
PARAMETRIC_REPRESENTATION_CONTEXT() REPRESENTATION_CONTEXT('2D SPACE',''
  ) );
#1773 = PCURVE('',#1774,#1779);
#1774 = CYLINDRICAL_SURFACE('',#1775,4.5);
#1775 = AXIS2_PLACEMENT_3D('',#1776,#1777,#1778);
#1776 = CARTESIAN_POINT('',(100.,-80.,38.));
#1777 = DIRECTION('',(-0.,-0.,-1.));
#1778 = DIRECTION('',(1.,0.,0.));
#1779 = DEFINITIONAL_REPRESENTATION('',(#1780),#1784);
#1780 = LINE('',#1781,#1782);
#1781 = CARTESIAN_POINT('',(-6.28318530718,-12.));
#1782 = VECTOR('',#1783,1.);
#1783 = DIRECTION('',(1.,-0.));
#1784 = ( GEOMETRIC_REPRESENTATION_CONTEXT(2) 
PARAMETRIC_REPRESENTATION_CONTEXT() REPRESENTATION_CONTEXT('2D SPACE',''
  ) );
#1785 = FACE_BOUND('',#1786,.T.);
#1786 = EDGE_LOOP('',(#1787));
#1787 = ORIENTED_EDGE('',*,*,#1788,.T.);
#1788 = EDGE_CURVE('',#1789,#1789,#1791,.T.);
#1789 = VERTEX_POINT('',#1790);
#1790 = CARTESIAN_POINT('',(61.101905283833,-50.05736835487,50.));
#1791 = SURFACE_CURVE('',#1792,(#1797,#1808),.PCURVE_S1.);
#1792 = CIRCLE('',#1793,3.4);
#1793 = AXIS2_PLACEMENT_3D('',#1794,#1795,#1796);
#1794 = CARTESIAN_POINT('',(57.701905283833,-50.05736835487,50.));
#1795 = DIRECTION('',(0.,0.,-1.));
#1796 = DIRECTION('',(1.,0.,0.));
#1797 = PCURVE('',#1439,#1798);
#1798 = DEFINITIONAL_REPRESENTATION('',(#1799),#1807);
#1799 = ( BOUNDED_CURVE() B_SPLINE_CURVE(2,(#1800,#1801,#1802,#1803,
#1804,#1805,#1806),.UNSPECIFIED.,.T.,.F.) B_SPLINE_CURVE_WITH_KNOTS((1,2
    ,2,2,2,1),(-2.094395102393,0.,2.094395102393,4.188790204786,
6.28318530718,8.377580409573),.UNSPECIFIED.) CURVE() 
GEOMETRIC_REPRESENTATION_ITEM() RATIONAL_B_SPLINE_CURVE((1.,0.5,1.,0.5,
1.,0.5,1.)) REPRESENTATION_ITEM('') );
#1800 = CARTESIAN_POINT('',(201.10190528383,59.942631645126));
#1801 = CARTESIAN_POINT('',(201.10190528383,54.053658899391));
#1802 = CARTESIAN_POINT('',(196.00190528383,56.998145272259));
#1803 = CARTESIAN_POINT('',(190.90190528383,59.942631645126));
#1804 = CARTESIAN_POINT('',(196.00190528383,62.887118017993));
#1805 = CARTESIAN_POINT('',(201.10190528383,65.83160439086));
#1806 = CARTESIAN_POINT('',(201.10190528383,59.942631645126));
#1807 = ( GEOMETRIC_REPRESENTATION_CONTEXT(2) 
PARAMETRIC_REPRESENTATION_CONTEXT() REPRESENTATION_CONTEXT('2D SPACE',''
  ) );
#1808 = PCURVE('',#1809,#1814);
#1809 = CYLINDRICAL_SURFACE('',#1810,3.4);
#1810 = AXIS2_PLACEMENT_3D('',#1811,#1812,#1813);
#1811 = CARTESIAN_POINT('',(57.701905283833,-50.05736835487,39.));
#1812 = DIRECTION('',(-0.,-0.,-1.));
#1813 = DIRECTION('',(1.,0.,0.));
#1814 = DEFINITIONAL_REPRESENTATION('',(#1815),#1819);
#1815 = LINE('',#1816,#1817);
#1816 = CARTESIAN_POINT('',(-6.28318530718,-11.));
#1817 = VECTOR('',#1818,1.);
#1818 = DIRECTION('',(1.,-0.));
#1819 = ( GEOMETRIC_REPRESENTATION_CONTEXT(2) 
PARAMETRIC_REPRESENTATION_CONTEXT() REPRESENTATION_CONTEXT('2D SPACE',''
  ) );
#1820 = FACE_BOUND('',#1821,.T.);
#1821 = EDGE_LOOP('',(#1822));
#1822 = ORIENTED_EDGE('',*,*,#1823,.T.);
#1823 = EDGE_CURVE('',#1824,#1824,#1826,.T.);
#1824 = VERTEX_POINT('',#1825);
#1825 = CARTESIAN_POINT('',(29.924990747593,-32.05736835487,50.));
#1826 = SURFACE_CURVE('',#1827,(#1832,#1843),.PCURVE_S1.);
#1827 = CIRCLE('',#1828,3.4);
#1828 = AXIS2_PLACEMENT_3D('',#1829,#1830,#1831);
#1829 = CARTESIAN_POINT('',(26.524990747593,-32.05736835487,50.));
#1830 = DIRECTION('',(0.,0.,-1.));
#1831 = DIRECTION('',(1.,0.,0.));
#1832 = PCURVE('',#1439,#1833);
#1833 = DEFINITIONAL_REPRESENTATION('',(#1834),#1842);
#1834 = ( BOUNDED_CURVE() B_SPLINE_CURVE(2,(#1835,#1836,#1837,#1838,
#1839,#1840,#1841),.UNSPECIFIED.,.T.,.F.) B_SPLINE_CURVE_WITH_KNOTS((1,2
    ,2,2,2,1),(-2.094395102393,0.,2.094395102393,4.188790204786,
6.28318530718,8.377580409573),.UNSPECIFIED.) CURVE() 
GEOMETRIC_REPRESENTATION_ITEM() RATIONAL_B_SPLINE_CURVE((1.,0.5,1.,0.5,
1.,0.5,1.)) REPRESENTATION_ITEM('') );
#1835 = CARTESIAN_POINT('',(169.92499074759,77.942631645126));
#1836 = CARTESIAN_POINT('',(169.92499074759,72.053658899391));
#1837 = CARTESIAN_POINT('',(164.82499074759,74.998145272259));
#1838 = CARTESIAN_POINT('',(159.72499074759,77.942631645126));
#1839 = CARTESIAN_POINT('',(164.82499074759,80.887118017993));
#1840 = CARTESIAN_POINT('',(169.92499074759,83.83160439086));
#1841 = CARTESIAN_POINT('',(169.92499074759,77.942631645126));
#1842 = ( GEOMETRIC_REPRESENTATION_CONTEXT(2) 
PARAMETRIC_REPRESENTATION_CONTEXT() REPRESENTATION_CONTEXT('2D SPACE',''
  ) );
#1843 = PCURVE('',#1844,#1849);
#1844 = CYLINDRICAL_SURFACE('',#1845,3.4);
#1845 = AXIS2_PLACEMENT_3D('',#1846,#1847,#1848);
#1846 = CARTESIAN_POINT('',(26.524990747593,-32.05736835487,39.));
#1847 = DIRECTION('',(-0.,-0.,-1.));
#1848 = DIRECTION('',(1.,0.,0.));
#1849 = DEFINITIONAL_REPRESENTATION('',(#1850),#1854);
#1850 = LINE('',#1851,#1852);
#1851 = CARTESIAN_POINT('',(-6.28318530718,-11.));
#1852 = VECTOR('',#1853,1.);
#1853 = DIRECTION('',(1.,-0.));
#1854 = ( GEOMETRIC_REPRESENTATION_CONTEXT(2) 
PARAMETRIC_REPRESENTATION_CONTEXT() REPRESENTATION_CONTEXT('2D SPACE',''
  ) );
#1855 = FACE_BOUND('',#1856,.T.);
#1856 = EDGE_LOOP('',(#1857));
#1857 = ORIENTED_EDGE('',*,*,#1858,.T.);
#1858 = EDGE_CURVE('',#1859,#1859,#1861,.T.);
#1859 = VERTEX_POINT('',#1860);
#1860 = CARTESIAN_POINT('',(-95.5,80.,50.));
#1861 = SURFACE_CURVE('',#1862,(#1867,#1878),.PCURVE_S1.);
#1862 = CIRCLE('',#1863,4.5);
#1863 = AXIS2_PLACEMENT_3D('',#1864,#1865,#1866);
#1864 = CARTESIAN_POINT('',(-100.,80.,50.));
#1865 = DIRECTION('',(0.,0.,-1.));
#1866 = DIRECTION('',(1.,0.,0.));
#1867 = PCURVE('',#1439,#1868);
#1868 = DEFINITIONAL_REPRESENTATION('',(#1869),#1877);
#1869 = ( BOUNDED_CURVE() B_SPLINE_CURVE(2,(#1870,#1871,#1872,#1873,
#1874,#1875,#1876),.UNSPECIFIED.,.T.,.F.) B_SPLINE_CURVE_WITH_KNOTS((1,2
    ,2,2,2,1),(-2.094395102393,0.,2.094395102393,4.188790204786,
6.28318530718,8.377580409573),.UNSPECIFIED.) CURVE() 
GEOMETRIC_REPRESENTATION_ITEM() RATIONAL_B_SPLINE_CURVE((1.,0.5,1.,0.5,
1.,0.5,1.)) REPRESENTATION_ITEM('') );
#1870 = CARTESIAN_POINT('',(44.5,190.));
#1871 = CARTESIAN_POINT('',(44.5,182.20577136594));
#1872 = CARTESIAN_POINT('',(37.75,186.10288568297));
#1873 = CARTESIAN_POINT('',(31.,190.));
#1874 = CARTESIAN_POINT('',(37.75,193.89711431703));
#1875 = CARTESIAN_POINT('',(44.5,197.79422863406));
#1876 = CARTESIAN_POINT('',(44.5,190.));
#1877 = ( GEOMETRIC_REPRESENTATION_CONTEXT(2) 
PARAMETRIC_REPRESENTATION_CONTEXT() REPRESENTATION_CONTEXT('2D SPACE',''
  ) );
#1878 = PCURVE('',#1879,#1884);
#1879 = CYLINDRICAL_SURFACE('',#1880,4.5);
#1880 = AXIS2_PLACEMENT_3D('',#1881,#1882,#1883);
#1881 = CARTESIAN_POINT('',(-100.,80.,38.));
#1882 = DIRECTION('',(-0.,-0.,-1.));
#1883 = DIRECTION('',(1.,0.,0.));
#1884 = DEFINITIONAL_REPRESENTATION('',(#1885),#1889);
#1885 = LINE('',#1886,#1887);
#1886 = CARTESIAN_POINT('',(-6.28318530718,-12.));
#1887 = VECTOR('',#1888,1.);
#1888 = DIRECTION('',(1.,-0.));
#1889 = ( GEOMETRIC_REPRESENTATION_CONTEXT(2) 
PARAMETRIC_REPRESENTATION_CONTEXT() REPRESENTATION_CONTEXT('2D SPACE',''
  ) );
#1890 = FACE_BOUND('',#1891,.T.);
#1891 = EDGE_LOOP('',(#1892));
#1892 = ORIENTED_EDGE('',*,*,#1893,.T.);
#1893 = EDGE_CURVE('',#1894,#1894,#1896,.T.);
#1894 = VERTEX_POINT('',#1895);
#1895 = CARTESIAN_POINT('',(-30.5,80.,50.));
#1896 = SURFACE_CURVE('',#1897,(#1902,#1913),.PCURVE_S1.);
#1897 = CIRCLE('',#1898,4.5);
#1898 = AXIS2_PLACEMENT_3D('',#1899,#1900,#1901);
#1899 = CARTESIAN_POINT('',(-35.,80.,50.));
#1900 = DIRECTION('',(0.,0.,-1.));
#1901 = DIRECTION('',(1.,0.,0.));
#1902 = PCURVE('',#1439,#1903);
#1903 = DEFINITIONAL_REPRESENTATION('',(#1904),#1912);
#1904 = ( BOUNDED_CURVE() B_SPLINE_CURVE(2,(#1905,#1906,#1907,#1908,
#1909,#1910,#1911),.UNSPECIFIED.,.T.,.F.) B_SPLINE_CURVE_WITH_KNOTS((1,2
    ,2,2,2,1),(-2.094395102393,0.,2.094395102393,4.188790204786,
6.28318530718,8.377580409573),.UNSPECIFIED.) CURVE() 
GEOMETRIC_REPRESENTATION_ITEM() RATIONAL_B_SPLINE_CURVE((1.,0.5,1.,0.5,
1.,0.5,1.)) REPRESENTATION_ITEM('') );
#1905 = CARTESIAN_POINT('',(109.5,190.));
#1906 = CARTESIAN_POINT('',(109.5,182.20577136594));
#1907 = CARTESIAN_POINT('',(102.75,186.10288568297));
#1908 = CARTESIAN_POINT('',(96.,190.));
#1909 = CARTESIAN_POINT('',(102.75,193.89711431703));
#1910 = CARTESIAN_POINT('',(109.5,197.79422863406));
#1911 = CARTESIAN_POINT('',(109.5,190.));
#1912 = ( GEOMETRIC_REPRESENTATION_CONTEXT(2) 
PARAMETRIC_REPRESENTATION_CONTEXT() REPRESENTATION_CONTEXT('2D SPACE',''
  ) );
#1913 = PCURVE('',#1914,#1919);
#1914 = CYLINDRICAL_SURFACE('',#1915,4.5);
#1915 = AXIS2_PLACEMENT_3D('',#1916,#1917,#1918);
#1916 = CARTESIAN_POINT('',(-35.,80.,38.));
#1917 = DIRECTION('',(-0.,-0.,-1.));
#1918 = DIRECTION('',(1.,0.,0.));
#1919 = DEFINITIONAL_REPRESENTATION('',(#1920),#1924);
#1920 = LINE('',#1921,#1922);
#1921 = CARTESIAN_POINT('',(-6.28318530718,-12.));
#1922 = VECTOR('',#1923,1.);
#1923 = DIRECTION('',(1.,-0.));
#1924 = ( GEOMETRIC_REPRESENTATION_CONTEXT(2) 
PARAMETRIC_REPRESENTATION_CONTEXT() REPRESENTATION_CONTEXT('2D SPACE',''
  ) );
#1925 = FACE_BOUND('',#1926,.T.);
#1926 = EDGE_LOOP('',(#1927));
#1927 = ORIENTED_EDGE('',*,*,#1928,.T.);
#1928 = EDGE_CURVE('',#1929,#1929,#1931,.T.);
#1929 = VERTEX_POINT('',#1930);
#1930 = CARTESIAN_POINT('',(17.9,39.,50.));
#1931 = SURFACE_CURVE('',#1932,(#1937,#1948),.PCURVE_S1.);
#1932 = CIRCLE('',#1933,3.4);
#1933 = AXIS2_PLACEMENT_3D('',#1934,#1935,#1936);
#1934 = CARTESIAN_POINT('',(14.5,39.,50.));
#1935 = DIRECTION('',(0.,0.,-1.));
#1936 = DIRECTION('',(1.,0.,0.));
#1937 = PCURVE('',#1439,#1938);
#1938 = DEFINITIONAL_REPRESENTATION('',(#1939),#1947);
#1939 = ( BOUNDED_CURVE() B_SPLINE_CURVE(2,(#1940,#1941,#1942,#1943,
#1944,#1945,#1946),.UNSPECIFIED.,.T.,.F.) B_SPLINE_CURVE_WITH_KNOTS((1,2
    ,2,2,2,1),(-2.094395102393,0.,2.094395102393,4.188790204786,
6.28318530718,8.377580409573),.UNSPECIFIED.) CURVE() 
GEOMETRIC_REPRESENTATION_ITEM() RATIONAL_B_SPLINE_CURVE((1.,0.5,1.,0.5,
1.,0.5,1.)) REPRESENTATION_ITEM('') );
#1940 = CARTESIAN_POINT('',(157.9,149.));
#1941 = CARTESIAN_POINT('',(157.9,143.11102725426));
#1942 = CARTESIAN_POINT('',(152.8,146.05551362713));
#1943 = CARTESIAN_POINT('',(147.7,149.));
#1944 = CARTESIAN_POINT('',(152.8,151.94448637286));
#1945 = CARTESIAN_POINT('',(157.9,154.88897274573));
#1946 = CARTESIAN_POINT('',(157.9,149.));
#1947 = ( GEOMETRIC_REPRESENTATION_CONTEXT(2) 
PARAMETRIC_REPRESENTATION_CONTEXT() REPRESENTATION_CONTEXT('2D SPACE',''
  ) );
#1948 = PCURVE('',#1949,#1954);
#1949 = CYLINDRICAL_SURFACE('',#1950,3.4);
#1950 = AXIS2_PLACEMENT_3D('',#1951,#1952,#1953);
#1951 = CARTESIAN_POINT('',(14.5,39.,39.));
#1952 = DIRECTION('',(-0.,-0.,-1.));
#1953 = DIRECTION('',(1.,0.,0.));
#1954 = DEFINITIONAL_REPRESENTATION('',(#1955),#1959);
#1955 = LINE('',#1956,#1957);
#1956 = CARTESIAN_POINT('',(-6.28318530718,-11.));
#1957 = VECTOR('',#1958,1.);
#1958 = DIRECTION('',(1.,-0.));
#1959 = ( GEOMETRIC_REPRESENTATION_CONTEXT(2) 
PARAMETRIC_REPRESENTATION_CONTEXT() REPRESENTATION_CONTEXT('2D SPACE',''
  ) );
#1960 = FACE_BOUND('',#1961,.T.);
#1961 = EDGE_LOOP('',(#1962));
#1962 = ORIENTED_EDGE('',*,*,#1963,.T.);
#1963 = EDGE_CURVE('',#1964,#1964,#1966,.T.);
#1964 = VERTEX_POINT('',#1965);
#1965 = CARTESIAN_POINT('',(17.9,75.,50.));
#1966 = SURFACE_CURVE('',#1967,(#1972,#1983),.PCURVE_S1.);
#1967 = CIRCLE('',#1968,3.4);
#1968 = AXIS2_PLACEMENT_3D('',#1969,#1970,#1971);
#1969 = CARTESIAN_POINT('',(14.5,75.,50.));
#1970 = DIRECTION('',(0.,0.,-1.));
#1971 = DIRECTION('',(1.,0.,0.));
#1972 = PCURVE('',#1439,#1973);
#1973 = DEFINITIONAL_REPRESENTATION('',(#1974),#1982);
#1974 = ( BOUNDED_CURVE() B_SPLINE_CURVE(2,(#1975,#1976,#1977,#1978,
#1979,#1980,#1981),.UNSPECIFIED.,.T.,.F.) B_SPLINE_CURVE_WITH_KNOTS((1,2
    ,2,2,2,1),(-2.094395102393,0.,2.094395102393,4.188790204786,
6.28318530718,8.377580409573),.UNSPECIFIED.) CURVE() 
GEOMETRIC_REPRESENTATION_ITEM() RATIONAL_B_SPLINE_CURVE((1.,0.5,1.,0.5,
1.,0.5,1.)) REPRESENTATION_ITEM('') );
#1975 = CARTESIAN_POINT('',(157.9,185.));
#1976 = CARTESIAN_POINT('',(157.9,179.11102725426));
#1977 = CARTESIAN_POINT('',(152.8,182.05551362713));
#1978 = CARTESIAN_POINT('',(147.7,185.));
#1979 = CARTESIAN_POINT('',(152.8,187.94448637286));
#1980 = CARTESIAN_POINT('',(157.9,190.88897274573));
#1981 = CARTESIAN_POINT('',(157.9,185.));
#1982 = ( GEOMETRIC_REPRESENTATION_CONTEXT(2) 
PARAMETRIC_REPRESENTATION_CONTEXT() REPRESENTATION_CONTEXT('2D SPACE',''
  ) );
#1983 = PCURVE('',#1984,#1989);
#1984 = CYLINDRICAL_SURFACE('',#1985,3.4);
#1985 = AXIS2_PLACEMENT_3D('',#1986,#1987,#1988);
#1986 = CARTESIAN_POINT('',(14.5,75.,39.));
#1987 = DIRECTION('',(-0.,-0.,-1.));
#1988 = DIRECTION('',(1.,0.,0.));
#1989 = DEFINITIONAL_REPRESENTATION('',(#1990),#1994);
#1990 = LINE('',#1991,#1992);
#1991 = CARTESIAN_POINT('',(-6.28318530718,-11.));
#1992 = VECTOR('',#1993,1.);
#1993 = DIRECTION('',(1.,-0.));
#1994 = ( GEOMETRIC_REPRESENTATION_CONTEXT(2) 
PARAMETRIC_REPRESENTATION_CONTEXT() REPRESENTATION_CONTEXT('2D SPACE',''
  ) );
#1995 = FACE_BOUND('',#1996,.T.);
#1996 = EDGE_LOOP('',(#1997));
#1997 = ORIENTED_EDGE('',*,*,#1998,.T.);
#1998 = EDGE_CURVE('',#1999,#1999,#2001,.T.);
#1999 = VERTEX_POINT('',#2000);
#2000 = CARTESIAN_POINT('',(39.5,80.,50.));
#2001 = SURFACE_CURVE('',#2002,(#2007,#2018),.PCURVE_S1.);
#2002 = CIRCLE('',#2003,4.5);
#2003 = AXIS2_PLACEMENT_3D('',#2004,#2005,#2006);
#2004 = CARTESIAN_POINT('',(35.,80.,50.));
#2005 = DIRECTION('',(0.,0.,-1.));
#2006 = DIRECTION('',(1.,0.,0.));
#2007 = PCURVE('',#1439,#2008);
#2008 = DEFINITIONAL_REPRESENTATION('',(#2009),#2017);
#2009 = ( BOUNDED_CURVE() B_SPLINE_CURVE(2,(#2010,#2011,#2012,#2013,
#2014,#2015,#2016),.UNSPECIFIED.,.T.,.F.) B_SPLINE_CURVE_WITH_KNOTS((1,2
    ,2,2,2,1),(-2.094395102393,0.,2.094395102393,4.188790204786,
6.28318530718,8.377580409573),.UNSPECIFIED.) CURVE() 
GEOMETRIC_REPRESENTATION_ITEM() RATIONAL_B_SPLINE_CURVE((1.,0.5,1.,0.5,
1.,0.5,1.)) REPRESENTATION_ITEM('') );
#2010 = CARTESIAN_POINT('',(179.5,190.));
#2011 = CARTESIAN_POINT('',(179.5,182.20577136594));
#2012 = CARTESIAN_POINT('',(172.75,186.10288568297));
#2013 = CARTESIAN_POINT('',(166.,190.));
#2014 = CARTESIAN_POINT('',(172.75,193.89711431703));
#2015 = CARTESIAN_POINT('',(179.5,197.79422863406));
#2016 = CARTESIAN_POINT('',(179.5,190.));
#2017 = ( GEOMETRIC_REPRESENTATION_CONTEXT(2) 
PARAMETRIC_REPRESENTATION_CONTEXT() REPRESENTATION_CONTEXT('2D SPACE',''
  ) );
#2018 = PCURVE('',#2019,#2024);
#2019 = CYLINDRICAL_SURFACE('',#2020,4.5);
#2020 = AXIS2_PLACEMENT_3D('',#2021,#2022,#2023);
#2021 = CARTESIAN_POINT('',(35.,80.,38.));
#2022 = DIRECTION('',(-0.,-0.,-1.));
#2023 = DIRECTION('',(1.,0.,0.));
#2024 = DEFINITIONAL_REPRESENTATION('',(#2025),#2029);
#2025 = LINE('',#2026,#2027);
#2026 = CARTESIAN_POINT('',(-6.28318530718,-12.));
#2027 = VECTOR('',#2028,1.);
#2028 = DIRECTION('',(1.,-0.));
#2029 = ( GEOMETRIC_REPRESENTATION_CONTEXT(2) 
PARAMETRIC_REPRESENTATION_CONTEXT() REPRESENTATION_CONTEXT('2D SPACE',''
  ) );
#2030 = FACE_BOUND('',#2031,.T.);
#2031 = EDGE_LOOP('',(#2032));
#2032 = ORIENTED_EDGE('',*,*,#2033,.T.);
#2033 = EDGE_CURVE('',#2034,#2034,#2036,.T.);
#2034 = VERTEX_POINT('',#2035);
#2035 = CARTESIAN_POINT('',(104.5,80.,50.));
#2036 = SURFACE_CURVE('',#2037,(#2042,#2053),.PCURVE_S1.);
#2037 = CIRCLE('',#2038,4.5);
#2038 = AXIS2_PLACEMENT_3D('',#2039,#2040,#2041);
#2039 = CARTESIAN_POINT('',(100.,80.,50.));
#2040 = DIRECTION('',(0.,0.,-1.));
#2041 = DIRECTION('',(1.,0.,0.));
#2042 = PCURVE('',#1439,#2043);
#2043 = DEFINITIONAL_REPRESENTATION('',(#2044),#2052);
#2044 = ( BOUNDED_CURVE() B_SPLINE_CURVE(2,(#2045,#2046,#2047,#2048,
#2049,#2050,#2051),.UNSPECIFIED.,.T.,.F.) B_SPLINE_CURVE_WITH_KNOTS((1,2
    ,2,2,2,1),(-2.094395102393,0.,2.094395102393,4.188790204786,
6.28318530718,8.377580409573),.UNSPECIFIED.) CURVE() 
GEOMETRIC_REPRESENTATION_ITEM() RATIONAL_B_SPLINE_CURVE((1.,0.5,1.,0.5,
1.,0.5,1.)) REPRESENTATION_ITEM('') );
#2045 = CARTESIAN_POINT('',(244.5,190.));
#2046 = CARTESIAN_POINT('',(244.5,182.20577136594));
#2047 = CARTESIAN_POINT('',(237.75,186.10288568297));
#2048 = CARTESIAN_POINT('',(231.,190.));
#2049 = CARTESIAN_POINT('',(237.75,193.89711431703));
#2050 = CARTESIAN_POINT('',(244.5,197.79422863406));
#2051 = CARTESIAN_POINT('',(244.5,190.));
#2052 = ( GEOMETRIC_REPRESENTATION_CONTEXT(2) 
PARAMETRIC_REPRESENTATION_CONTEXT() REPRESENTATION_CONTEXT('2D SPACE',''
  ) );
#2053 = PCURVE('',#2054,#2059);
#2054 = CYLINDRICAL_SURFACE('',#2055,4.5);
#2055 = AXIS2_PLACEMENT_3D('',#2056,#2057,#2058);
#2056 = CARTESIAN_POINT('',(100.,80.,38.));
#2057 = DIRECTION('',(-0.,-0.,-1.));
#2058 = DIRECTION('',(1.,0.,0.));
#2059 = DEFINITIONAL_REPRESENTATION('',(#2060),#2064);
#2060 = LINE('',#2061,#2062);
#2061 = CARTESIAN_POINT('',(-6.28318530718,-12.));
#2062 = VECTOR('',#2063,1.);
#2063 = DIRECTION('',(1.,-0.));
#2064 = ( GEOMETRIC_REPRESENTATION_CONTEXT(2) 
PARAMETRIC_REPRESENTATION_CONTEXT() REPRESENTATION_CONTEXT('2D SPACE',''
  ) );
#2065 = ADVANCED_FACE('',(#2066),#1413,.T.);
#2066 = FACE_BOUND('',#2067,.T.);
#2067 = EDGE_LOOP('',(#2068,#2091,#2092,#2093));
#2068 = ORIENTED_EDGE('',*,*,#2069,.F.);
#2069 = EDGE_CURVE('',#1370,#2070,#2072,.T.);
#2070 = VERTEX_POINT('',#2071);
#2071 = CARTESIAN_POINT('',(140.,110.,40.));
#2072 = SURFACE_CURVE('',#2073,(#2077,#2084),.PCURVE_S1.);
#2073 = LINE('',#2074,#2075);
#2074 = CARTESIAN_POINT('',(-140.,110.,40.));
#2075 = VECTOR('',#2076,1.);
#2076 = DIRECTION('',(1.,0.,0.));
#2077 = PCURVE('',#1413,#2078);
#2078 = DEFINITIONAL_REPRESENTATION('',(#2079),#2083);
#2079 = LINE('',#2080,#2081);
#2080 = CARTESIAN_POINT('',(0.,0.));
#2081 = VECTOR('',#2082,1.);
#2082 = DIRECTION('',(0.,1.));
#2083 = ( GEOMETRIC_REPRESENTATION_CONTEXT(2) 
PARAMETRIC_REPRESENTATION_CONTEXT() REPRESENTATION_CONTEXT('2D SPACE',''
  ) );
#2084 = PCURVE('',#1385,#2085);
#2085 = DEFINITIONAL_REPRESENTATION('',(#2086),#2090);
#2086 = LINE('',#2087,#2088);
#2087 = CARTESIAN_POINT('',(0.,220.));
#2088 = VECTOR('',#2089,1.);
#2089 = DIRECTION('',(1.,0.));
#2090 = ( GEOMETRIC_REPRESENTATION_CONTEXT(2) 
PARAMETRIC_REPRESENTATION_CONTEXT() REPRESENTATION_CONTEXT('2D SPACE',''
  ) );
#2091 = ORIENTED_EDGE('',*,*,#1397,.T.);
#2092 = ORIENTED_EDGE('',*,*,#1555,.T.);
#2093 = ORIENTED_EDGE('',*,*,#2094,.F.);
#2094 = EDGE_CURVE('',#2070,#1533,#2095,.T.);
#2095 = SURFACE_CURVE('',#2096,(#2100,#2107),.PCURVE_S1.);
#2096 = LINE('',#2097,#2098);
#2097 = CARTESIAN_POINT('',(140.,110.,40.));
#2098 = VECTOR('',#2099,1.);
#2099 = DIRECTION('',(0.,0.,1.));
#2100 = PCURVE('',#1413,#2101);
#2101 = DEFINITIONAL_REPRESENTATION('',(#2102),#2106);
#2102 = LINE('',#2103,#2104);
#2103 = CARTESIAN_POINT('',(0.,280.));
#2104 = VECTOR('',#2105,1.);
#2105 = DIRECTION('',(1.,0.));
#2106 = ( GEOMETRIC_REPRESENTATION_CONTEXT(2) 
PARAMETRIC_REPRESENTATION_CONTEXT() REPRESENTATION_CONTEXT('2D SPACE',''
  ) );
#2107 = PCURVE('',#1515,#2108);
#2108 = DEFINITIONAL_REPRESENTATION('',(#2109),#2113);
#2109 = LINE('',#2110,#2111);
#2110 = CARTESIAN_POINT('',(0.,-220.));
#2111 = VECTOR('',#2112,1.);
#2112 = DIRECTION('',(1.,0.));
#2113 = ( GEOMETRIC_REPRESENTATION_CONTEXT(2) 
PARAMETRIC_REPRESENTATION_CONTEXT() REPRESENTATION_CONTEXT('2D SPACE',''
  ) );
#2114 = ADVANCED_FACE('',(#2115,#2141,#2171,#2201,#2231,#2261,#2291,
    #2321,#2351,#2381,#2411,#2441,#2471,#2501,#2531),#1385,.F.);
#2115 = FACE_BOUND('',#2116,.F.);
#2116 = EDGE_LOOP('',(#2117,#2118,#2119,#2140));
#2117 = ORIENTED_EDGE('',*,*,#1369,.F.);
#2118 = ORIENTED_EDGE('',*,*,#1454,.T.);
#2119 = ORIENTED_EDGE('',*,*,#2120,.T.);
#2120 = EDGE_CURVE('',#1455,#2070,#2121,.T.);
#2121 = SURFACE_CURVE('',#2122,(#2126,#2133),.PCURVE_S1.);
#2122 = LINE('',#2123,#2124);
#2123 = CARTESIAN_POINT('',(140.,-110.,40.));
#2124 = VECTOR('',#2125,1.);
#2125 = DIRECTION('',(0.,1.,0.));
#2126 = PCURVE('',#1385,#2127);
#2127 = DEFINITIONAL_REPRESENTATION('',(#2128),#2132);
#2128 = LINE('',#2129,#2130);
#2129 = CARTESIAN_POINT('',(280.,0.));
#2130 = VECTOR('',#2131,1.);
#2131 = DIRECTION('',(0.,1.));
#2132 = ( GEOMETRIC_REPRESENTATION_CONTEXT(2) 
PARAMETRIC_REPRESENTATION_CONTEXT() REPRESENTATION_CONTEXT('2D SPACE',''
  ) );
#2133 = PCURVE('',#1515,#2134);
#2134 = DEFINITIONAL_REPRESENTATION('',(#2135),#2139);
#2135 = LINE('',#2136,#2137);
#2136 = CARTESIAN_POINT('',(0.,0.));
#2137 = VECTOR('',#2138,1.);
#2138 = DIRECTION('',(0.,-1.));
#2139 = ( GEOMETRIC_REPRESENTATION_CONTEXT(2) 
PARAMETRIC_REPRESENTATION_CONTEXT() REPRESENTATION_CONTEXT('2D SPACE',''
  ) );
#2140 = ORIENTED_EDGE('',*,*,#2069,.F.);
#2141 = FACE_BOUND('',#2142,.F.);
#2142 = EDGE_LOOP('',(#2143));
#2143 = ORIENTED_EDGE('',*,*,#2144,.T.);
#2144 = EDGE_CURVE('',#2145,#2145,#2147,.T.);
#2145 = VERTEX_POINT('',#2146);
#2146 = CARTESIAN_POINT('',(-95.5,-80.,40.));
#2147 = SURFACE_CURVE('',#2148,(#2153,#2164),.PCURVE_S1.);
#2148 = CIRCLE('',#2149,4.5);
#2149 = AXIS2_PLACEMENT_3D('',#2150,#2151,#2152);
#2150 = CARTESIAN_POINT('',(-100.,-80.,40.));
#2151 = DIRECTION('',(0.,0.,-1.));
#2152 = DIRECTION('',(1.,0.,0.));
#2153 = PCURVE('',#1385,#2154);
#2154 = DEFINITIONAL_REPRESENTATION('',(#2155),#2163);
#2155 = ( BOUNDED_CURVE() B_SPLINE_CURVE(2,(#2156,#2157,#2158,#2159,
#2160,#2161,#2162),.UNSPECIFIED.,.T.,.F.) B_SPLINE_CURVE_WITH_KNOTS((1,2
    ,2,2,2,1),(-2.094395102393,0.,2.094395102393,4.188790204786,
6.28318530718,8.377580409573),.UNSPECIFIED.) CURVE() 
GEOMETRIC_REPRESENTATION_ITEM() RATIONAL_B_SPLINE_CURVE((1.,0.5,1.,0.5,
1.,0.5,1.)) REPRESENTATION_ITEM('') );
#2156 = CARTESIAN_POINT('',(44.5,30.));
#2157 = CARTESIAN_POINT('',(44.5,22.20577136594));
#2158 = CARTESIAN_POINT('',(37.75,26.10288568297));
#2159 = CARTESIAN_POINT('',(31.,30.));
#2160 = CARTESIAN_POINT('',(37.75,33.89711431703));
#2161 = CARTESIAN_POINT('',(44.5,37.79422863406));
#2162 = CARTESIAN_POINT('',(44.5,30.));
#2163 = ( GEOMETRIC_REPRESENTATION_CONTEXT(2) 
PARAMETRIC_REPRESENTATION_CONTEXT() REPRESENTATION_CONTEXT('2D SPACE',''
  ) );
#2164 = PCURVE('',#1599,#2165);
#2165 = DEFINITIONAL_REPRESENTATION('',(#2166),#2170);
#2166 = LINE('',#2167,#2168);
#2167 = CARTESIAN_POINT('',(-6.28318530718,-2.));
#2168 = VECTOR('',#2169,1.);
#2169 = DIRECTION('',(1.,-0.));
#2170 = ( GEOMETRIC_REPRESENTATION_CONTEXT(2) 
PARAMETRIC_REPRESENTATION_CONTEXT() REPRESENTATION_CONTEXT('2D SPACE',''
  ) );
#2171 = FACE_BOUND('',#2172,.F.);
#2172 = EDGE_LOOP('',(#2173));
#2173 = ORIENTED_EDGE('',*,*,#2174,.T.);
#2174 = EDGE_CURVE('',#2175,#2175,#2177,.T.);
#2175 = VERTEX_POINT('',#2176);
#2176 = CARTESIAN_POINT('',(-30.5,-80.,40.));
#2177 = SURFACE_CURVE('',#2178,(#2183,#2194),.PCURVE_S1.);
#2178 = CIRCLE('',#2179,4.5);
#2179 = AXIS2_PLACEMENT_3D('',#2180,#2181,#2182);
#2180 = CARTESIAN_POINT('',(-35.,-80.,40.));
#2181 = DIRECTION('',(0.,0.,-1.));
#2182 = DIRECTION('',(1.,0.,0.));
#2183 = PCURVE('',#1385,#2184);
#2184 = DEFINITIONAL_REPRESENTATION('',(#2185),#2193);
#2185 = ( BOUNDED_CURVE() B_SPLINE_CURVE(2,(#2186,#2187,#2188,#2189,
#2190,#2191,#2192),.UNSPECIFIED.,.T.,.F.) B_SPLINE_CURVE_WITH_KNOTS((1,2
    ,2,2,2,1),(-2.094395102393,0.,2.094395102393,4.188790204786,
6.28318530718,8.377580409573),.UNSPECIFIED.) CURVE() 
GEOMETRIC_REPRESENTATION_ITEM() RATIONAL_B_SPLINE_CURVE((1.,0.5,1.,0.5,
1.,0.5,1.)) REPRESENTATION_ITEM('') );
#2186 = CARTESIAN_POINT('',(109.5,30.));
#2187 = CARTESIAN_POINT('',(109.5,22.20577136594));
#2188 = CARTESIAN_POINT('',(102.75,26.10288568297));
#2189 = CARTESIAN_POINT('',(96.,30.));
#2190 = CARTESIAN_POINT('',(102.75,33.89711431703));
#2191 = CARTESIAN_POINT('',(109.5,37.79422863406));
#2192 = CARTESIAN_POINT('',(109.5,30.));
#2193 = ( GEOMETRIC_REPRESENTATION_CONTEXT(2) 
PARAMETRIC_REPRESENTATION_CONTEXT() REPRESENTATION_CONTEXT('2D SPACE',''
  ) );
#2194 = PCURVE('',#1634,#2195);
#2195 = DEFINITIONAL_REPRESENTATION('',(#2196),#2200);
#2196 = LINE('',#2197,#2198);
#2197 = CARTESIAN_POINT('',(-6.28318530718,-2.));
#2198 = VECTOR('',#2199,1.);
#2199 = DIRECTION('',(1.,-0.));
#2200 = ( GEOMETRIC_REPRESENTATION_CONTEXT(2) 
PARAMETRIC_REPRESENTATION_CONTEXT() REPRESENTATION_CONTEXT('2D SPACE',''
  ) );
#2201 = FACE_BOUND('',#2202,.F.);
#2202 = EDGE_LOOP('',(#2203));
#2203 = ORIENTED_EDGE('',*,*,#2204,.T.);
#2204 = EDGE_CURVE('',#2205,#2205,#2207,.T.);
#2205 = VERTEX_POINT('',#2206);
#2206 = CARTESIAN_POINT('',(-68.80190528383,-24.94263164512,40.));
#2207 = SURFACE_CURVE('',#2208,(#2213,#2224),.PCURVE_S1.);
#2208 = CIRCLE('',#2209,3.4);
#2209 = AXIS2_PLACEMENT_3D('',#2210,#2211,#2212);
#2210 = CARTESIAN_POINT('',(-72.20190528383,-24.94263164512,40.));
#2211 = DIRECTION('',(0.,0.,-1.));
#2212 = DIRECTION('',(1.,0.,0.));
#2213 = PCURVE('',#1385,#2214);
#2214 = DEFINITIONAL_REPRESENTATION('',(#2215),#2223);
#2215 = ( BOUNDED_CURVE() B_SPLINE_CURVE(2,(#2216,#2217,#2218,#2219,
#2220,#2221,#2222),.UNSPECIFIED.,.T.,.F.) B_SPLINE_CURVE_WITH_KNOTS((1,2
    ,2,2,2,1),(-2.094395102393,0.,2.094395102393,4.188790204786,
6.28318530718,8.377580409573),.UNSPECIFIED.) CURVE() 
GEOMETRIC_REPRESENTATION_ITEM() RATIONAL_B_SPLINE_CURVE((1.,0.5,1.,0.5,
1.,0.5,1.)) REPRESENTATION_ITEM('') );
#2216 = CARTESIAN_POINT('',(71.198094716167,85.057368354874));
#2217 = CARTESIAN_POINT('',(71.198094716167,79.16839560914));
#2218 = CARTESIAN_POINT('',(66.098094716167,82.112881982007));
#2219 = CARTESIAN_POINT('',(60.998094716167,85.057368354874));
#2220 = CARTESIAN_POINT('',(66.098094716167,88.001854727741));
#2221 = CARTESIAN_POINT('',(71.198094716167,90.946341100609));
#2222 = CARTESIAN_POINT('',(71.198094716167,85.057368354874));
#2223 = ( GEOMETRIC_REPRESENTATION_CONTEXT(2) 
PARAMETRIC_REPRESENTATION_CONTEXT() REPRESENTATION_CONTEXT('2D SPACE',''
  ) );
#2224 = PCURVE('',#1669,#2225);
#2225 = DEFINITIONAL_REPRESENTATION('',(#2226),#2230);
#2226 = LINE('',#2227,#2228);
#2227 = CARTESIAN_POINT('',(-6.28318530718,-1.));
#2228 = VECTOR('',#2229,1.);
#2229 = DIRECTION('',(1.,-0.));
#2230 = ( GEOMETRIC_REPRESENTATION_CONTEXT(2) 
PARAMETRIC_REPRESENTATION_CONTEXT() REPRESENTATION_CONTEXT('2D SPACE',''
  ) );
#2231 = FACE_BOUND('',#2232,.F.);
#2232 = EDGE_LOOP('',(#2233));
#2233 = ORIENTED_EDGE('',*,*,#2234,.T.);
#2234 = EDGE_CURVE('',#2235,#2235,#2237,.T.);
#2235 = VERTEX_POINT('',#2236);
#2236 = CARTESIAN_POINT('',(-37.62499074759,-6.942631645126,40.));
#2237 = SURFACE_CURVE('',#2238,(#2243,#2254),.PCURVE_S1.);
#2238 = CIRCLE('',#2239,3.4);
#2239 = AXIS2_PLACEMENT_3D('',#2240,#2241,#2242);
#2240 = CARTESIAN_POINT('',(-41.02499074759,-6.942631645126,40.));
#2241 = DIRECTION('',(0.,0.,-1.));
#2242 = DIRECTION('',(1.,0.,0.));
#2243 = PCURVE('',#1385,#2244);
#2244 = DEFINITIONAL_REPRESENTATION('',(#2245),#2253);
#2245 = ( BOUNDED_CURVE() B_SPLINE_CURVE(2,(#2246,#2247,#2248,#2249,
#2250,#2251,#2252),.UNSPECIFIED.,.T.,.F.) B_SPLINE_CURVE_WITH_KNOTS((1,2
    ,2,2,2,1),(-2.094395102393,0.,2.094395102393,4.188790204786,
6.28318530718,8.377580409573),.UNSPECIFIED.) CURVE() 
GEOMETRIC_REPRESENTATION_ITEM() RATIONAL_B_SPLINE_CURVE((1.,0.5,1.,0.5,
1.,0.5,1.)) REPRESENTATION_ITEM('') );
#2246 = CARTESIAN_POINT('',(102.3750092524,103.05736835487));
#2247 = CARTESIAN_POINT('',(102.3750092524,97.16839560914));
#2248 = CARTESIAN_POINT('',(97.275009252407,100.112881982));
#2249 = CARTESIAN_POINT('',(92.175009252407,103.05736835487));
#2250 = CARTESIAN_POINT('',(97.275009252407,106.00185472774));
#2251 = CARTESIAN_POINT('',(102.3750092524,108.9463411006));
#2252 = CARTESIAN_POINT('',(102.3750092524,103.05736835487));
#2253 = ( GEOMETRIC_REPRESENTATION_CONTEXT(2) 
PARAMETRIC_REPRESENTATION_CONTEXT() REPRESENTATION_CONTEXT('2D SPACE',''
  ) );
#2254 = PCURVE('',#1704,#2255);
#2255 = DEFINITIONAL_REPRESENTATION('',(#2256),#2260);
#2256 = LINE('',#2257,#2258);
#2257 = CARTESIAN_POINT('',(-6.28318530718,-1.));
#2258 = VECTOR('',#2259,1.);
#2259 = DIRECTION('',(1.,-0.));
#2260 = ( GEOMETRIC_REPRESENTATION_CONTEXT(2) 
PARAMETRIC_REPRESENTATION_CONTEXT() REPRESENTATION_CONTEXT('2D SPACE',''
  ) );
#2261 = FACE_BOUND('',#2262,.F.);
#2262 = EDGE_LOOP('',(#2263));
#2263 = ORIENTED_EDGE('',*,*,#2264,.T.);
#2264 = EDGE_CURVE('',#2265,#2265,#2267,.T.);
#2265 = VERTEX_POINT('',#2266);
#2266 = CARTESIAN_POINT('',(39.5,-80.,40.));
#2267 = SURFACE_CURVE('',#2268,(#2273,#2284),.PCURVE_S1.);
#2268 = CIRCLE('',#2269,4.5);
#2269 = AXIS2_PLACEMENT_3D('',#2270,#2271,#2272);
#2270 = CARTESIAN_POINT('',(35.,-80.,40.));
#2271 = DIRECTION('',(0.,0.,-1.));
#2272 = DIRECTION('',(1.,0.,0.));
#2273 = PCURVE('',#1385,#2274);
#2274 = DEFINITIONAL_REPRESENTATION('',(#2275),#2283);
#2275 = ( BOUNDED_CURVE() B_SPLINE_CURVE(2,(#2276,#2277,#2278,#2279,
#2280,#2281,#2282),.UNSPECIFIED.,.T.,.F.) B_SPLINE_CURVE_WITH_KNOTS((1,2
    ,2,2,2,1),(-2.094395102393,0.,2.094395102393,4.188790204786,
6.28318530718,8.377580409573),.UNSPECIFIED.) CURVE() 
GEOMETRIC_REPRESENTATION_ITEM() RATIONAL_B_SPLINE_CURVE((1.,0.5,1.,0.5,
1.,0.5,1.)) REPRESENTATION_ITEM('') );
#2276 = CARTESIAN_POINT('',(179.5,30.));
#2277 = CARTESIAN_POINT('',(179.5,22.20577136594));
#2278 = CARTESIAN_POINT('',(172.75,26.10288568297));
#2279 = CARTESIAN_POINT('',(166.,30.));
#2280 = CARTESIAN_POINT('',(172.75,33.89711431703));
#2281 = CARTESIAN_POINT('',(179.5,37.79422863406));
#2282 = CARTESIAN_POINT('',(179.5,30.));
#2283 = ( GEOMETRIC_REPRESENTATION_CONTEXT(2) 
PARAMETRIC_REPRESENTATION_CONTEXT() REPRESENTATION_CONTEXT('2D SPACE',''
  ) );
#2284 = PCURVE('',#1739,#2285);
#2285 = DEFINITIONAL_REPRESENTATION('',(#2286),#2290);
#2286 = LINE('',#2287,#2288);
#2287 = CARTESIAN_POINT('',(-6.28318530718,-2.));
#2288 = VECTOR('',#2289,1.);
#2289 = DIRECTION('',(1.,-0.));
#2290 = ( GEOMETRIC_REPRESENTATION_CONTEXT(2) 
PARAMETRIC_REPRESENTATION_CONTEXT() REPRESENTATION_CONTEXT('2D SPACE',''
  ) );
#2291 = FACE_BOUND('',#2292,.F.);
#2292 = EDGE_LOOP('',(#2293));
#2293 = ORIENTED_EDGE('',*,*,#2294,.T.);
#2294 = EDGE_CURVE('',#2295,#2295,#2297,.T.);
#2295 = VERTEX_POINT('',#2296);
#2296 = CARTESIAN_POINT('',(104.5,-80.,40.));
#2297 = SURFACE_CURVE('',#2298,(#2303,#2314),.PCURVE_S1.);
#2298 = CIRCLE('',#2299,4.5);
#2299 = AXIS2_PLACEMENT_3D('',#2300,#2301,#2302);
#2300 = CARTESIAN_POINT('',(100.,-80.,40.));
#2301 = DIRECTION('',(0.,0.,-1.));
#2302 = DIRECTION('',(1.,0.,0.));
#2303 = PCURVE('',#1385,#2304);
#2304 = DEFINITIONAL_REPRESENTATION('',(#2305),#2313);
#2305 = ( BOUNDED_CURVE() B_SPLINE_CURVE(2,(#2306,#2307,#2308,#2309,
#2310,#2311,#2312),.UNSPECIFIED.,.T.,.F.) B_SPLINE_CURVE_WITH_KNOTS((1,2
    ,2,2,2,1),(-2.094395102393,0.,2.094395102393,4.188790204786,
6.28318530718,8.377580409573),.UNSPECIFIED.) CURVE() 
GEOMETRIC_REPRESENTATION_ITEM() RATIONAL_B_SPLINE_CURVE((1.,0.5,1.,0.5,
1.,0.5,1.)) REPRESENTATION_ITEM('') );
#2306 = CARTESIAN_POINT('',(244.5,30.));
#2307 = CARTESIAN_POINT('',(244.5,22.20577136594));
#2308 = CARTESIAN_POINT('',(237.75,26.10288568297));
#2309 = CARTESIAN_POINT('',(231.,30.));
#2310 = CARTESIAN_POINT('',(237.75,33.89711431703));
#2311 = CARTESIAN_POINT('',(244.5,37.79422863406));
#2312 = CARTESIAN_POINT('',(244.5,30.));
#2313 = ( GEOMETRIC_REPRESENTATION_CONTEXT(2) 
PARAMETRIC_REPRESENTATION_CONTEXT() REPRESENTATION_CONTEXT('2D SPACE',''
  ) );
#2314 = PCURVE('',#1774,#2315);
#2315 = DEFINITIONAL_REPRESENTATION('',(#2316),#2320);
#2316 = LINE('',#2317,#2318);
#2317 = CARTESIAN_POINT('',(-6.28318530718,-2.));
#2318 = VECTOR('',#2319,1.);
#2319 = DIRECTION('',(1.,-0.));
#2320 = ( GEOMETRIC_REPRESENTATION_CONTEXT(2) 
PARAMETRIC_REPRESENTATION_CONTEXT() REPRESENTATION_CONTEXT('2D SPACE',''
  ) );
#2321 = FACE_BOUND('',#2322,.F.);
#2322 = EDGE_LOOP('',(#2323));
#2323 = ORIENTED_EDGE('',*,*,#2324,.T.);
#2324 = EDGE_CURVE('',#2325,#2325,#2327,.T.);
#2325 = VERTEX_POINT('',#2326);
#2326 = CARTESIAN_POINT('',(61.101905283833,-50.05736835487,40.));
#2327 = SURFACE_CURVE('',#2328,(#2333,#2344),.PCURVE_S1.);
#2328 = CIRCLE('',#2329,3.4);
#2329 = AXIS2_PLACEMENT_3D('',#2330,#2331,#2332);
#2330 = CARTESIAN_POINT('',(57.701905283833,-50.05736835487,40.));
#2331 = DIRECTION('',(0.,0.,-1.));
#2332 = DIRECTION('',(1.,0.,0.));
#2333 = PCURVE('',#1385,#2334);
#2334 = DEFINITIONAL_REPRESENTATION('',(#2335),#2343);
#2335 = ( BOUNDED_CURVE() B_SPLINE_CURVE(2,(#2336,#2337,#2338,#2339,
#2340,#2341,#2342),.UNSPECIFIED.,.T.,.F.) B_SPLINE_CURVE_WITH_KNOTS((1,2
    ,2,2,2,1),(-2.094395102393,0.,2.094395102393,4.188790204786,
6.28318530718,8.377580409573),.UNSPECIFIED.) CURVE() 
GEOMETRIC_REPRESENTATION_ITEM() RATIONAL_B_SPLINE_CURVE((1.,0.5,1.,0.5,
1.,0.5,1.)) REPRESENTATION_ITEM('') );
#2336 = CARTESIAN_POINT('',(201.10190528383,59.942631645126));
#2337 = CARTESIAN_POINT('',(201.10190528383,54.053658899391));
#2338 = CARTESIAN_POINT('',(196.00190528383,56.998145272259));
#2339 = CARTESIAN_POINT('',(190.90190528383,59.942631645126));
#2340 = CARTESIAN_POINT('',(196.00190528383,62.887118017993));
#2341 = CARTESIAN_POINT('',(201.10190528383,65.83160439086));
#2342 = CARTESIAN_POINT('',(201.10190528383,59.942631645126));
#2343 = ( GEOMETRIC_REPRESENTATION_CONTEXT(2) 
PARAMETRIC_REPRESENTATION_CONTEXT() REPRESENTATION_CONTEXT('2D SPACE',''
  ) );
#2344 = PCURVE('',#1809,#2345);
#2345 = DEFINITIONAL_REPRESENTATION('',(#2346),#2350);
#2346 = LINE('',#2347,#2348);
#2347 = CARTESIAN_POINT('',(-6.28318530718,-1.));
#2348 = VECTOR('',#2349,1.);
#2349 = DIRECTION('',(1.,-0.));
#2350 = ( GEOMETRIC_REPRESENTATION_CONTEXT(2) 
PARAMETRIC_REPRESENTATION_CONTEXT() REPRESENTATION_CONTEXT('2D SPACE',''
  ) );
#2351 = FACE_BOUND('',#2352,.F.);
#2352 = EDGE_LOOP('',(#2353));
#2353 = ORIENTED_EDGE('',*,*,#2354,.T.);
#2354 = EDGE_CURVE('',#2355,#2355,#2357,.T.);
#2355 = VERTEX_POINT('',#2356);
#2356 = CARTESIAN_POINT('',(29.924990747593,-32.05736835487,40.));
#2357 = SURFACE_CURVE('',#2358,(#2363,#2374),.PCURVE_S1.);
#2358 = CIRCLE('',#2359,3.4);
#2359 = AXIS2_PLACEMENT_3D('',#2360,#2361,#2362);
#2360 = CARTESIAN_POINT('',(26.524990747593,-32.05736835487,40.));
#2361 = DIRECTION('',(0.,0.,-1.));
#2362 = DIRECTION('',(1.,0.,0.));
#2363 = PCURVE('',#1385,#2364);
#2364 = DEFINITIONAL_REPRESENTATION('',(#2365),#2373);
#2365 = ( BOUNDED_CURVE() B_SPLINE_CURVE(2,(#2366,#2367,#2368,#2369,
#2370,#2371,#2372),.UNSPECIFIED.,.T.,.F.) B_SPLINE_CURVE_WITH_KNOTS((1,2
    ,2,2,2,1),(-2.094395102393,0.,2.094395102393,4.188790204786,
6.28318530718,8.377580409573),.UNSPECIFIED.) CURVE() 
GEOMETRIC_REPRESENTATION_ITEM() RATIONAL_B_SPLINE_CURVE((1.,0.5,1.,0.5,
1.,0.5,1.)) REPRESENTATION_ITEM('') );
#2366 = CARTESIAN_POINT('',(169.92499074759,77.942631645126));
#2367 = CARTESIAN_POINT('',(169.92499074759,72.053658899391));
#2368 = CARTESIAN_POINT('',(164.82499074759,74.998145272259));
#2369 = CARTESIAN_POINT('',(159.72499074759,77.942631645126));
#2370 = CARTESIAN_POINT('',(164.82499074759,80.887118017993));
#2371 = CARTESIAN_POINT('',(169.92499074759,83.83160439086));
#2372 = CARTESIAN_POINT('',(169.92499074759,77.942631645126));
#2373 = ( GEOMETRIC_REPRESENTATION_CONTEXT(2) 
PARAMETRIC_REPRESENTATION_CONTEXT() REPRESENTATION_CONTEXT('2D SPACE',''
  ) );
#2374 = PCURVE('',#1844,#2375);
#2375 = DEFINITIONAL_REPRESENTATION('',(#2376),#2380);
#2376 = LINE('',#2377,#2378);
#2377 = CARTESIAN_POINT('',(-6.28318530718,-1.));
#2378 = VECTOR('',#2379,1.);
#2379 = DIRECTION('',(1.,-0.));
#2380 = ( GEOMETRIC_REPRESENTATION_CONTEXT(2) 
PARAMETRIC_REPRESENTATION_CONTEXT() REPRESENTATION_CONTEXT('2D SPACE',''
  ) );
#2381 = FACE_BOUND('',#2382,.F.);
#2382 = EDGE_LOOP('',(#2383));
#2383 = ORIENTED_EDGE('',*,*,#2384,.T.);
#2384 = EDGE_CURVE('',#2385,#2385,#2387,.T.);
#2385 = VERTEX_POINT('',#2386);
#2386 = CARTESIAN_POINT('',(-95.5,80.,40.));
#2387 = SURFACE_CURVE('',#2388,(#2393,#2404),.PCURVE_S1.);
#2388 = CIRCLE('',#2389,4.5);
#2389 = AXIS2_PLACEMENT_3D('',#2390,#2391,#2392);
#2390 = CARTESIAN_POINT('',(-100.,80.,40.));
#2391 = DIRECTION('',(0.,0.,-1.));
#2392 = DIRECTION('',(1.,0.,0.));
#2393 = PCURVE('',#1385,#2394);
#2394 = DEFINITIONAL_REPRESENTATION('',(#2395),#2403);
#2395 = ( BOUNDED_CURVE() B_SPLINE_CURVE(2,(#2396,#2397,#2398,#2399,
#2400,#2401,#2402),.UNSPECIFIED.,.T.,.F.) B_SPLINE_CURVE_WITH_KNOTS((1,2
    ,2,2,2,1),(-2.094395102393,0.,2.094395102393,4.188790204786,
6.28318530718,8.377580409573),.UNSPECIFIED.) CURVE() 
GEOMETRIC_REPRESENTATION_ITEM() RATIONAL_B_SPLINE_CURVE((1.,0.5,1.,0.5,
1.,0.5,1.)) REPRESENTATION_ITEM('') );
#2396 = CARTESIAN_POINT('',(44.5,190.));
#2397 = CARTESIAN_POINT('',(44.5,182.20577136594));
#2398 = CARTESIAN_POINT('',(37.75,186.10288568297));
#2399 = CARTESIAN_POINT('',(31.,190.));
#2400 = CARTESIAN_POINT('',(37.75,193.89711431703));
#2401 = CARTESIAN_POINT('',(44.5,197.79422863406));
#2402 = CARTESIAN_POINT('',(44.5,190.));
#2403 = ( GEOMETRIC_REPRESENTATION_CONTEXT(2) 
PARAMETRIC_REPRESENTATION_CONTEXT() REPRESENTATION_CONTEXT('2D SPACE',''
  ) );
#2404 = PCURVE('',#1879,#2405);
#2405 = DEFINITIONAL_REPRESENTATION('',(#2406),#2410);
#2406 = LINE('',#2407,#2408);
#2407 = CARTESIAN_POINT('',(-6.28318530718,-2.));
#2408 = VECTOR('',#2409,1.);
#2409 = DIRECTION('',(1.,-0.));
#2410 = ( GEOMETRIC_REPRESENTATION_CONTEXT(2) 
PARAMETRIC_REPRESENTATION_CONTEXT() REPRESENTATION_CONTEXT('2D SPACE',''
  ) );
#2411 = FACE_BOUND('',#2412,.F.);
#2412 = EDGE_LOOP('',(#2413));
#2413 = ORIENTED_EDGE('',*,*,#2414,.T.);
#2414 = EDGE_CURVE('',#2415,#2415,#2417,.T.);
#2415 = VERTEX_POINT('',#2416);
#2416 = CARTESIAN_POINT('',(-30.5,80.,40.));
#2417 = SURFACE_CURVE('',#2418,(#2423,#2434),.PCURVE_S1.);
#2418 = CIRCLE('',#2419,4.5);
#2419 = AXIS2_PLACEMENT_3D('',#2420,#2421,#2422);
#2420 = CARTESIAN_POINT('',(-35.,80.,40.));
#2421 = DIRECTION('',(0.,0.,-1.));
#2422 = DIRECTION('',(1.,0.,0.));
#2423 = PCURVE('',#1385,#2424);
#2424 = DEFINITIONAL_REPRESENTATION('',(#2425),#2433);
#2425 = ( BOUNDED_CURVE() B_SPLINE_CURVE(2,(#2426,#2427,#2428,#2429,
#2430,#2431,#2432),.UNSPECIFIED.,.T.,.F.) B_SPLINE_CURVE_WITH_KNOTS((1,2
    ,2,2,2,1),(-2.094395102393,0.,2.094395102393,4.188790204786,
6.28318530718,8.377580409573),.UNSPECIFIED.) CURVE() 
GEOMETRIC_REPRESENTATION_ITEM() RATIONAL_B_SPLINE_CURVE((1.,0.5,1.,0.5,
1.,0.5,1.)) REPRESENTATION_ITEM('') );
#2426 = CARTESIAN_POINT('',(109.5,190.));
#2427 = CARTESIAN_POINT('',(109.5,182.20577136594));
#2428 = CARTESIAN_POINT('',(102.75,186.10288568297));
#2429 = CARTESIAN_POINT('',(96.,190.));
#2430 = CARTESIAN_POINT('',(102.75,193.89711431703));
#2431 = CARTESIAN_POINT('',(109.5,197.79422863406));
#2432 = CARTESIAN_POINT('',(109.5,190.));
#2433 = ( GEOMETRIC_REPRESENTATION_CONTEXT(2) 
PARAMETRIC_REPRESENTATION_CONTEXT() REPRESENTATION_CONTEXT('2D SPACE',''
  ) );
#2434 = PCURVE('',#1914,#2435);
#2435 = DEFINITIONAL_REPRESENTATION('',(#2436),#2440);
#2436 = LINE('',#2437,#2438);
#2437 = CARTESIAN_POINT('',(-6.28318530718,-2.));
#2438 = VECTOR('',#2439,1.);
#2439 = DIRECTION('',(1.,-0.));
#2440 = ( GEOMETRIC_REPRESENTATION_CONTEXT(2) 
PARAMETRIC_REPRESENTATION_CONTEXT() REPRESENTATION_CONTEXT('2D SPACE',''
  ) );
#2441 = FACE_BOUND('',#2442,.F.);
#2442 = EDGE_LOOP('',(#2443));
#2443 = ORIENTED_EDGE('',*,*,#2444,.T.);
#2444 = EDGE_CURVE('',#2445,#2445,#2447,.T.);
#2445 = VERTEX_POINT('',#2446);
#2446 = CARTESIAN_POINT('',(17.9,39.,40.));
#2447 = SURFACE_CURVE('',#2448,(#2453,#2464),.PCURVE_S1.);
#2448 = CIRCLE('',#2449,3.4);
#2449 = AXIS2_PLACEMENT_3D('',#2450,#2451,#2452);
#2450 = CARTESIAN_POINT('',(14.5,39.,40.));
#2451 = DIRECTION('',(0.,0.,-1.));
#2452 = DIRECTION('',(1.,0.,0.));
#2453 = PCURVE('',#1385,#2454);
#2454 = DEFINITIONAL_REPRESENTATION('',(#2455),#2463);
#2455 = ( BOUNDED_CURVE() B_SPLINE_CURVE(2,(#2456,#2457,#2458,#2459,
#2460,#2461,#2462),.UNSPECIFIED.,.T.,.F.) B_SPLINE_CURVE_WITH_KNOTS((1,2
    ,2,2,2,1),(-2.094395102393,0.,2.094395102393,4.188790204786,
6.28318530718,8.377580409573),.UNSPECIFIED.) CURVE() 
GEOMETRIC_REPRESENTATION_ITEM() RATIONAL_B_SPLINE_CURVE((1.,0.5,1.,0.5,
1.,0.5,1.)) REPRESENTATION_ITEM('') );
#2456 = CARTESIAN_POINT('',(157.9,149.));
#2457 = CARTESIAN_POINT('',(157.9,143.11102725426));
#2458 = CARTESIAN_POINT('',(152.8,146.05551362713));
#2459 = CARTESIAN_POINT('',(147.7,149.));
#2460 = CARTESIAN_POINT('',(152.8,151.94448637286));
#2461 = CARTESIAN_POINT('',(157.9,154.88897274573));
#2462 = CARTESIAN_POINT('',(157.9,149.));
#2463 = ( GEOMETRIC_REPRESENTATION_CONTEXT(2) 
PARAMETRIC_REPRESENTATION_CONTEXT() REPRESENTATION_CONTEXT('2D SPACE',''
  ) );
#2464 = PCURVE('',#1949,#2465);
#2465 = DEFINITIONAL_REPRESENTATION('',(#2466),#2470);
#2466 = LINE('',#2467,#2468);
#2467 = CARTESIAN_POINT('',(-6.28318530718,-1.));
#2468 = VECTOR('',#2469,1.);
#2469 = DIRECTION('',(1.,-0.));
#2470 = ( GEOMETRIC_REPRESENTATION_CONTEXT(2) 
PARAMETRIC_REPRESENTATION_CONTEXT() REPRESENTATION_CONTEXT('2D SPACE',''
  ) );
#2471 = FACE_BOUND('',#2472,.F.);
#2472 = EDGE_LOOP('',(#2473));
#2473 = ORIENTED_EDGE('',*,*,#2474,.T.);
#2474 = EDGE_CURVE('',#2475,#2475,#2477,.T.);
#2475 = VERTEX_POINT('',#2476);
#2476 = CARTESIAN_POINT('',(17.9,75.,40.));
#2477 = SURFACE_CURVE('',#2478,(#2483,#2494),.PCURVE_S1.);
#2478 = CIRCLE('',#2479,3.4);
#2479 = AXIS2_PLACEMENT_3D('',#2480,#2481,#2482);
#2480 = CARTESIAN_POINT('',(14.5,75.,40.));
#2481 = DIRECTION('',(0.,0.,-1.));
#2482 = DIRECTION('',(1.,0.,0.));
#2483 = PCURVE('',#1385,#2484);
#2484 = DEFINITIONAL_REPRESENTATION('',(#2485),#2493);
#2485 = ( BOUNDED_CURVE() B_SPLINE_CURVE(2,(#2486,#2487,#2488,#2489,
#2490,#2491,#2492),.UNSPECIFIED.,.T.,.F.) B_SPLINE_CURVE_WITH_KNOTS((1,2
    ,2,2,2,1),(-2.094395102393,0.,2.094395102393,4.188790204786,
6.28318530718,8.377580409573),.UNSPECIFIED.) CURVE() 
GEOMETRIC_REPRESENTATION_ITEM() RATIONAL_B_SPLINE_CURVE((1.,0.5,1.,0.5,
1.,0.5,1.)) REPRESENTATION_ITEM('') );
#2486 = CARTESIAN_POINT('',(157.9,185.));
#2487 = CARTESIAN_POINT('',(157.9,179.11102725426));
#2488 = CARTESIAN_POINT('',(152.8,182.05551362713));
#2489 = CARTESIAN_POINT('',(147.7,185.));
#2490 = CARTESIAN_POINT('',(152.8,187.94448637286));
#2491 = CARTESIAN_POINT('',(157.9,190.88897274573));
#2492 = CARTESIAN_POINT('',(157.9,185.));
#2493 = ( GEOMETRIC_REPRESENTATION_CONTEXT(2) 
PARAMETRIC_REPRESENTATION_CONTEXT() REPRESENTATION_CONTEXT('2D SPACE',''
  ) );
#2494 = PCURVE('',#1984,#2495);
#2495 = DEFINITIONAL_REPRESENTATION('',(#2496),#2500);
#2496 = LINE('',#2497,#2498);
#2497 = CARTESIAN_POINT('',(-6.28318530718,-1.));
#2498 = VECTOR('',#2499,1.);
#2499 = DIRECTION('',(1.,-0.));
#2500 = ( GEOMETRIC_REPRESENTATION_CONTEXT(2) 
PARAMETRIC_REPRESENTATION_CONTEXT() REPRESENTATION_CONTEXT('2D SPACE',''
  ) );
#2501 = FACE_BOUND('',#2502,.F.);
#2502 = EDGE_LOOP('',(#2503));
#2503 = ORIENTED_EDGE('',*,*,#2504,.T.);
#2504 = EDGE_CURVE('',#2505,#2505,#2507,.T.);
#2505 = VERTEX_POINT('',#2506);
#2506 = CARTESIAN_POINT('',(39.5,80.,40.));
#2507 = SURFACE_CURVE('',#2508,(#2513,#2524),.PCURVE_S1.);
#2508 = CIRCLE('',#2509,4.5);
#2509 = AXIS2_PLACEMENT_3D('',#2510,#2511,#2512);
#2510 = CARTESIAN_POINT('',(35.,80.,40.));
#2511 = DIRECTION('',(0.,0.,-1.));
#2512 = DIRECTION('',(1.,0.,0.));
#2513 = PCURVE('',#1385,#2514);
#2514 = DEFINITIONAL_REPRESENTATION('',(#2515),#2523);
#2515 = ( BOUNDED_CURVE() B_SPLINE_CURVE(2,(#2516,#2517,#2518,#2519,
#2520,#2521,#2522),.UNSPECIFIED.,.T.,.F.) B_SPLINE_CURVE_WITH_KNOTS((1,2
    ,2,2,2,1),(-2.094395102393,0.,2.094395102393,4.188790204786,
6.28318530718,8.377580409573),.UNSPECIFIED.) CURVE() 
GEOMETRIC_REPRESENTATION_ITEM() RATIONAL_B_SPLINE_CURVE((1.,0.5,1.,0.5,
1.,0.5,1.)) REPRESENTATION_ITEM('') );
#2516 = CARTESIAN_POINT('',(179.5,190.));
#2517 = CARTESIAN_POINT('',(179.5,182.20577136594));
#2518 = CARTESIAN_POINT('',(172.75,186.10288568297));
#2519 = CARTESIAN_POINT('',(166.,190.));
#2520 = CARTESIAN_POINT('',(172.75,193.89711431703));
#2521 = CARTESIAN_POINT('',(179.5,197.79422863406));
#2522 = CARTESIAN_POINT('',(179.5,190.));
#2523 = ( GEOMETRIC_REPRESENTATION_CONTEXT(2) 
PARAMETRIC_REPRESENTATION_CONTEXT() REPRESENTATION_CONTEXT('2D SPACE',''
  ) );
#2524 = PCURVE('',#2019,#2525);
#2525 = DEFINITIONAL_REPRESENTATION('',(#2526),#2530);
#2526 = LINE('',#2527,#2528);
#2527 = CARTESIAN_POINT('',(-6.28318530718,-2.));
#2528 = VECTOR('',#2529,1.);
#2529 = DIRECTION('',(1.,-0.));
#2530 = ( GEOMETRIC_REPRESENTATION_CONTEXT(2) 
PARAMETRIC_REPRESENTATION_CONTEXT() REPRESENTATION_CONTEXT('2D SPACE',''
  ) );
#2531 = FACE_BOUND('',#2532,.F.);
#2532 = EDGE_LOOP('',(#2533));
#2533 = ORIENTED_EDGE('',*,*,#2534,.T.);
#2534 = EDGE_CURVE('',#2535,#2535,#2537,.T.);
#2535 = VERTEX_POINT('',#2536);
#2536 = CARTESIAN_POINT('',(104.5,80.,40.));
#2537 = SURFACE_CURVE('',#2538,(#2543,#2554),.PCURVE_S1.);
#2538 = CIRCLE('',#2539,4.5);
#2539 = AXIS2_PLACEMENT_3D('',#2540,#2541,#2542);
#2540 = CARTESIAN_POINT('',(100.,80.,40.));
#2541 = DIRECTION('',(0.,0.,-1.));
#2542 = DIRECTION('',(1.,0.,0.));
#2543 = PCURVE('',#1385,#2544);
#2544 = DEFINITIONAL_REPRESENTATION('',(#2545),#2553);
#2545 = ( BOUNDED_CURVE() B_SPLINE_CURVE(2,(#2546,#2547,#2548,#2549,
#2550,#2551,#2552),.UNSPECIFIED.,.T.,.F.) B_SPLINE_CURVE_WITH_KNOTS((1,2
    ,2,2,2,1),(-2.094395102393,0.,2.094395102393,4.188790204786,
6.28318530718,8.377580409573),.UNSPECIFIED.) CURVE() 
GEOMETRIC_REPRESENTATION_ITEM() RATIONAL_B_SPLINE_CURVE((1.,0.5,1.,0.5,
1.,0.5,1.)) REPRESENTATION_ITEM('') );
#2546 = CARTESIAN_POINT('',(244.5,190.));
#2547 = CARTESIAN_POINT('',(244.5,182.20577136594));
#2548 = CARTESIAN_POINT('',(237.75,186.10288568297));
#2549 = CARTESIAN_POINT('',(231.,190.));
#2550 = CARTESIAN_POINT('',(237.75,193.89711431703));
#2551 = CARTESIAN_POINT('',(244.5,197.79422863406));
#2552 = CARTESIAN_POINT('',(244.5,190.));
#2553 = ( GEOMETRIC_REPRESENTATION_CONTEXT(2) 
PARAMETRIC_REPRESENTATION_CONTEXT() REPRESENTATION_CONTEXT('2D SPACE',''
  ) );
#2554 = PCURVE('',#2054,#2555);
#2555 = DEFINITIONAL_REPRESENTATION('',(#2556),#2560);
#2556 = LINE('',#2557,#2558);
#2557 = CARTESIAN_POINT('',(-6.28318530718,-2.));
#2558 = VECTOR('',#2559,1.);
#2559 = DIRECTION('',(1.,-0.));
#2560 = ( GEOMETRIC_REPRESENTATION_CONTEXT(2) 
PARAMETRIC_REPRESENTATION_CONTEXT() REPRESENTATION_CONTEXT('2D SPACE',''
  ) );
#2561 = ADVANCED_FACE('',(#2562),#1515,.T.);
#2562 = FACE_BOUND('',#2563,.T.);
#2563 = EDGE_LOOP('',(#2564,#2565,#2566,#2567));
#2564 = ORIENTED_EDGE('',*,*,#1501,.F.);
#2565 = ORIENTED_EDGE('',*,*,#2120,.T.);
#2566 = ORIENTED_EDGE('',*,*,#2094,.T.);
#2567 = ORIENTED_EDGE('',*,*,#1532,.F.);
#2568 = ADVANCED_FACE('',(#2569),#1599,.F.);
#2569 = FACE_BOUND('',#2570,.T.);
#2570 = EDGE_LOOP('',(#2571,#2572,#2593,#2594));
#2571 = ORIENTED_EDGE('',*,*,#2144,.T.);
#2572 = ORIENTED_EDGE('',*,*,#2573,.T.);
#2573 = EDGE_CURVE('',#2145,#1579,#2574,.T.);
#2574 = SEAM_CURVE('',#2575,(#2579,#2586),.PCURVE_S1.);
#2575 = LINE('',#2576,#2577);
#2576 = CARTESIAN_POINT('',(-95.5,-80.,38.));
#2577 = VECTOR('',#2578,1.);
#2578 = DIRECTION('',(0.,0.,1.));
#2579 = PCURVE('',#1599,#2580);
#2580 = DEFINITIONAL_REPRESENTATION('',(#2581),#2585);
#2581 = LINE('',#2582,#2583);
#2582 = CARTESIAN_POINT('',(-6.28318530718,0.));
#2583 = VECTOR('',#2584,1.);
#2584 = DIRECTION('',(-0.,-1.));
#2585 = ( GEOMETRIC_REPRESENTATION_CONTEXT(2) 
PARAMETRIC_REPRESENTATION_CONTEXT() REPRESENTATION_CONTEXT('2D SPACE',''
  ) );
#2586 = PCURVE('',#1599,#2587);
#2587 = DEFINITIONAL_REPRESENTATION('',(#2588),#2592);
#2588 = LINE('',#2589,#2590);
#2589 = CARTESIAN_POINT('',(-0.,0.));
#2590 = VECTOR('',#2591,1.);
#2591 = DIRECTION('',(-0.,-1.));
#2592 = ( GEOMETRIC_REPRESENTATION_CONTEXT(2) 
PARAMETRIC_REPRESENTATION_CONTEXT() REPRESENTATION_CONTEXT('2D SPACE',''
  ) );
#2593 = ORIENTED_EDGE('',*,*,#1578,.F.);
#2594 = ORIENTED_EDGE('',*,*,#2573,.F.);
#2595 = ADVANCED_FACE('',(#2596),#1634,.F.);
#2596 = FACE_BOUND('',#2597,.T.);
#2597 = EDGE_LOOP('',(#2598,#2599,#2620,#2621));
#2598 = ORIENTED_EDGE('',*,*,#2174,.T.);
#2599 = ORIENTED_EDGE('',*,*,#2600,.T.);
#2600 = EDGE_CURVE('',#2175,#1614,#2601,.T.);
#2601 = SEAM_CURVE('',#2602,(#2606,#2613),.PCURVE_S1.);
#2602 = LINE('',#2603,#2604);
#2603 = CARTESIAN_POINT('',(-30.5,-80.,38.));
#2604 = VECTOR('',#2605,1.);
#2605 = DIRECTION('',(0.,0.,1.));
#2606 = PCURVE('',#1634,#2607);
#2607 = DEFINITIONAL_REPRESENTATION('',(#2608),#2612);
#2608 = LINE('',#2609,#2610);
#2609 = CARTESIAN_POINT('',(-6.28318530718,0.));
#2610 = VECTOR('',#2611,1.);
#2611 = DIRECTION('',(-0.,-1.));
#2612 = ( GEOMETRIC_REPRESENTATION_CONTEXT(2) 
PARAMETRIC_REPRESENTATION_CONTEXT() REPRESENTATION_CONTEXT('2D SPACE',''
  ) );
#2613 = PCURVE('',#1634,#2614);
#2614 = DEFINITIONAL_REPRESENTATION('',(#2615),#2619);
#2615 = LINE('',#2616,#2617);
#2616 = CARTESIAN_POINT('',(-0.,0.));
#2617 = VECTOR('',#2618,1.);
#2618 = DIRECTION('',(-0.,-1.));
#2619 = ( GEOMETRIC_REPRESENTATION_CONTEXT(2) 
PARAMETRIC_REPRESENTATION_CONTEXT() REPRESENTATION_CONTEXT('2D SPACE',''
  ) );
#2620 = ORIENTED_EDGE('',*,*,#1613,.F.);
#2621 = ORIENTED_EDGE('',*,*,#2600,.F.);
#2622 = ADVANCED_FACE('',(#2623),#1669,.F.);
#2623 = FACE_BOUND('',#2624,.T.);
#2624 = EDGE_LOOP('',(#2625,#2626,#2647,#2648));
#2625 = ORIENTED_EDGE('',*,*,#2204,.T.);
#2626 = ORIENTED_EDGE('',*,*,#2627,.T.);
#2627 = EDGE_CURVE('',#2205,#1649,#2628,.T.);
#2628 = SEAM_CURVE('',#2629,(#2633,#2640),.PCURVE_S1.);
#2629 = LINE('',#2630,#2631);
#2630 = CARTESIAN_POINT('',(-68.80190528383,-24.94263164512,39.));
#2631 = VECTOR('',#2632,1.);
#2632 = DIRECTION('',(0.,0.,1.));
#2633 = PCURVE('',#1669,#2634);
#2634 = DEFINITIONAL_REPRESENTATION('',(#2635),#2639);
#2635 = LINE('',#2636,#2637);
#2636 = CARTESIAN_POINT('',(-6.28318530718,0.));
#2637 = VECTOR('',#2638,1.);
#2638 = DIRECTION('',(-0.,-1.));
#2639 = ( GEOMETRIC_REPRESENTATION_CONTEXT(2) 
PARAMETRIC_REPRESENTATION_CONTEXT() REPRESENTATION_CONTEXT('2D SPACE',''
  ) );
#2640 = PCURVE('',#1669,#2641);
#2641 = DEFINITIONAL_REPRESENTATION('',(#2642),#2646);
#2642 = LINE('',#2643,#2644);
#2643 = CARTESIAN_POINT('',(-0.,0.));
#2644 = VECTOR('',#2645,1.);
#2645 = DIRECTION('',(-0.,-1.));
#2646 = ( GEOMETRIC_REPRESENTATION_CONTEXT(2) 
PARAMETRIC_REPRESENTATION_CONTEXT() REPRESENTATION_CONTEXT('2D SPACE',''
  ) );
#2647 = ORIENTED_EDGE('',*,*,#1648,.F.);
#2648 = ORIENTED_EDGE('',*,*,#2627,.F.);
#2649 = ADVANCED_FACE('',(#2650),#1704,.F.);
#2650 = FACE_BOUND('',#2651,.T.);
#2651 = EDGE_LOOP('',(#2652,#2653,#2674,#2675));
#2652 = ORIENTED_EDGE('',*,*,#2234,.T.);
#2653 = ORIENTED_EDGE('',*,*,#2654,.T.);
#2654 = EDGE_CURVE('',#2235,#1684,#2655,.T.);
#2655 = SEAM_CURVE('',#2656,(#2660,#2667),.PCURVE_S1.);
#2656 = LINE('',#2657,#2658);
#2657 = CARTESIAN_POINT('',(-37.62499074759,-6.942631645126,39.));
#2658 = VECTOR('',#2659,1.);
#2659 = DIRECTION('',(0.,0.,1.));
#2660 = PCURVE('',#1704,#2661);
#2661 = DEFINITIONAL_REPRESENTATION('',(#2662),#2666);
#2662 = LINE('',#2663,#2664);
#2663 = CARTESIAN_POINT('',(-6.28318530718,0.));
#2664 = VECTOR('',#2665,1.);
#2665 = DIRECTION('',(-0.,-1.));
#2666 = ( GEOMETRIC_REPRESENTATION_CONTEXT(2) 
PARAMETRIC_REPRESENTATION_CONTEXT() REPRESENTATION_CONTEXT('2D SPACE',''
  ) );
#2667 = PCURVE('',#1704,#2668);
#2668 = DEFINITIONAL_REPRESENTATION('',(#2669),#2673);
#2669 = LINE('',#2670,#2671);
#2670 = CARTESIAN_POINT('',(-0.,0.));
#2671 = VECTOR('',#2672,1.);
#2672 = DIRECTION('',(-0.,-1.));
#2673 = ( GEOMETRIC_REPRESENTATION_CONTEXT(2) 
PARAMETRIC_REPRESENTATION_CONTEXT() REPRESENTATION_CONTEXT('2D SPACE',''
  ) );
#2674 = ORIENTED_EDGE('',*,*,#1683,.F.);
#2675 = ORIENTED_EDGE('',*,*,#2654,.F.);
#2676 = ADVANCED_FACE('',(#2677),#1739,.F.);
#2677 = FACE_BOUND('',#2678,.T.);
#2678 = EDGE_LOOP('',(#2679,#2680,#2701,#2702));
#2679 = ORIENTED_EDGE('',*,*,#2264,.T.);
#2680 = ORIENTED_EDGE('',*,*,#2681,.T.);
#2681 = EDGE_CURVE('',#2265,#1719,#2682,.T.);
#2682 = SEAM_CURVE('',#2683,(#2687,#2694),.PCURVE_S1.);
#2683 = LINE('',#2684,#2685);
#2684 = CARTESIAN_POINT('',(39.5,-80.,38.));
#2685 = VECTOR('',#2686,1.);
#2686 = DIRECTION('',(0.,0.,1.));
#2687 = PCURVE('',#1739,#2688);
#2688 = DEFINITIONAL_REPRESENTATION('',(#2689),#2693);
#2689 = LINE('',#2690,#2691);
#2690 = CARTESIAN_POINT('',(-6.28318530718,0.));
#2691 = VECTOR('',#2692,1.);
#2692 = DIRECTION('',(-0.,-1.));
#2693 = ( GEOMETRIC_REPRESENTATION_CONTEXT(2) 
PARAMETRIC_REPRESENTATION_CONTEXT() REPRESENTATION_CONTEXT('2D SPACE',''
  ) );
#2694 = PCURVE('',#1739,#2695);
#2695 = DEFINITIONAL_REPRESENTATION('',(#2696),#2700);
#2696 = LINE('',#2697,#2698);
#2697 = CARTESIAN_POINT('',(-0.,0.));
#2698 = VECTOR('',#2699,1.);
#2699 = DIRECTION('',(-0.,-1.));
#2700 = ( GEOMETRIC_REPRESENTATION_CONTEXT(2) 
PARAMETRIC_REPRESENTATION_CONTEXT() REPRESENTATION_CONTEXT('2D SPACE',''
  ) );
#2701 = ORIENTED_EDGE('',*,*,#1718,.F.);
#2702 = ORIENTED_EDGE('',*,*,#2681,.F.);
#2703 = ADVANCED_FACE('',(#2704),#1774,.F.);
#2704 = FACE_BOUND('',#2705,.T.);
#2705 = EDGE_LOOP('',(#2706,#2707,#2728,#2729));
#2706 = ORIENTED_EDGE('',*,*,#2294,.T.);
#2707 = ORIENTED_EDGE('',*,*,#2708,.T.);
#2708 = EDGE_CURVE('',#2295,#1754,#2709,.T.);
#2709 = SEAM_CURVE('',#2710,(#2714,#2721),.PCURVE_S1.);
#2710 = LINE('',#2711,#2712);
#2711 = CARTESIAN_POINT('',(104.5,-80.,38.));
#2712 = VECTOR('',#2713,1.);
#2713 = DIRECTION('',(0.,0.,1.));
#2714 = PCURVE('',#1774,#2715);
#2715 = DEFINITIONAL_REPRESENTATION('',(#2716),#2720);
#2716 = LINE('',#2717,#2718);
#2717 = CARTESIAN_POINT('',(-6.28318530718,0.));
#2718 = VECTOR('',#2719,1.);
#2719 = DIRECTION('',(-0.,-1.));
#2720 = ( GEOMETRIC_REPRESENTATION_CONTEXT(2) 
PARAMETRIC_REPRESENTATION_CONTEXT() REPRESENTATION_CONTEXT('2D SPACE',''
  ) );
#2721 = PCURVE('',#1774,#2722);
#2722 = DEFINITIONAL_REPRESENTATION('',(#2723),#2727);
#2723 = LINE('',#2724,#2725);
#2724 = CARTESIAN_POINT('',(-0.,0.));
#2725 = VECTOR('',#2726,1.);
#2726 = DIRECTION('',(-0.,-1.));
#2727 = ( GEOMETRIC_REPRESENTATION_CONTEXT(2) 
PARAMETRIC_REPRESENTATION_CONTEXT() REPRESENTATION_CONTEXT('2D SPACE',''
  ) );
#2728 = ORIENTED_EDGE('',*,*,#1753,.F.);
#2729 = ORIENTED_EDGE('',*,*,#2708,.F.);
#2730 = ADVANCED_FACE('',(#2731),#1809,.F.);
#2731 = FACE_BOUND('',#2732,.T.);
#2732 = EDGE_LOOP('',(#2733,#2734,#2755,#2756));
#2733 = ORIENTED_EDGE('',*,*,#2324,.T.);
#2734 = ORIENTED_EDGE('',*,*,#2735,.T.);
#2735 = EDGE_CURVE('',#2325,#1789,#2736,.T.);
#2736 = SEAM_CURVE('',#2737,(#2741,#2748),.PCURVE_S1.);
#2737 = LINE('',#2738,#2739);
#2738 = CARTESIAN_POINT('',(61.101905283833,-50.05736835487,39.));
#2739 = VECTOR('',#2740,1.);
#2740 = DIRECTION('',(0.,0.,1.));
#2741 = PCURVE('',#1809,#2742);
#2742 = DEFINITIONAL_REPRESENTATION('',(#2743),#2747);
#2743 = LINE('',#2744,#2745);
#2744 = CARTESIAN_POINT('',(-6.28318530718,0.));
#2745 = VECTOR('',#2746,1.);
#2746 = DIRECTION('',(-0.,-1.));
#2747 = ( GEOMETRIC_REPRESENTATION_CONTEXT(2) 
PARAMETRIC_REPRESENTATION_CONTEXT() REPRESENTATION_CONTEXT('2D SPACE',''
  ) );
#2748 = PCURVE('',#1809,#2749);
#2749 = DEFINITIONAL_REPRESENTATION('',(#2750),#2754);
#2750 = LINE('',#2751,#2752);
#2751 = CARTESIAN_POINT('',(-0.,0.));
#2752 = VECTOR('',#2753,1.);
#2753 = DIRECTION('',(-0.,-1.));
#2754 = ( GEOMETRIC_REPRESENTATION_CONTEXT(2) 
PARAMETRIC_REPRESENTATION_CONTEXT() REPRESENTATION_CONTEXT('2D SPACE',''
  ) );
#2755 = ORIENTED_EDGE('',*,*,#1788,.F.);
#2756 = ORIENTED_EDGE('',*,*,#2735,.F.);
#2757 = ADVANCED_FACE('',(#2758),#1844,.F.);
#2758 = FACE_BOUND('',#2759,.T.);
#2759 = EDGE_LOOP('',(#2760,#2761,#2782,#2783));
#2760 = ORIENTED_EDGE('',*,*,#2354,.T.);
#2761 = ORIENTED_EDGE('',*,*,#2762,.T.);
#2762 = EDGE_CURVE('',#2355,#1824,#2763,.T.);
#2763 = SEAM_CURVE('',#2764,(#2768,#2775),.PCURVE_S1.);
#2764 = LINE('',#2765,#2766);
#2765 = CARTESIAN_POINT('',(29.924990747593,-32.05736835487,39.));
#2766 = VECTOR('',#2767,1.);
#2767 = DIRECTION('',(0.,0.,1.));
#2768 = PCURVE('',#1844,#2769);
#2769 = DEFINITIONAL_REPRESENTATION('',(#2770),#2774);
#2770 = LINE('',#2771,#2772);
#2771 = CARTESIAN_POINT('',(-6.28318530718,0.));
#2772 = VECTOR('',#2773,1.);
#2773 = DIRECTION('',(-0.,-1.));
#2774 = ( GEOMETRIC_REPRESENTATION_CONTEXT(2) 
PARAMETRIC_REPRESENTATION_CONTEXT() REPRESENTATION_CONTEXT('2D SPACE',''
  ) );
#2775 = PCURVE('',#1844,#2776);
#2776 = DEFINITIONAL_REPRESENTATION('',(#2777),#2781);
#2777 = LINE('',#2778,#2779);
#2778 = CARTESIAN_POINT('',(-0.,0.));
#2779 = VECTOR('',#2780,1.);
#2780 = DIRECTION('',(-0.,-1.));
#2781 = ( GEOMETRIC_REPRESENTATION_CONTEXT(2) 
PARAMETRIC_REPRESENTATION_CONTEXT() REPRESENTATION_CONTEXT('2D SPACE',''
  ) );
#2782 = ORIENTED_EDGE('',*,*,#1823,.F.);
#2783 = ORIENTED_EDGE('',*,*,#2762,.F.);
#2784 = ADVANCED_FACE('',(#2785),#1879,.F.);
#2785 = FACE_BOUND('',#2786,.T.);
#2786 = EDGE_LOOP('',(#2787,#2788,#2809,#2810));
#2787 = ORIENTED_EDGE('',*,*,#2384,.T.);
#2788 = ORIENTED_EDGE('',*,*,#2789,.T.);
#2789 = EDGE_CURVE('',#2385,#1859,#2790,.T.);
#2790 = SEAM_CURVE('',#2791,(#2795,#2802),.PCURVE_S1.);
#2791 = LINE('',#2792,#2793);
#2792 = CARTESIAN_POINT('',(-95.5,80.,38.));
#2793 = VECTOR('',#2794,1.);
#2794 = DIRECTION('',(0.,0.,1.));
#2795 = PCURVE('',#1879,#2796);
#2796 = DEFINITIONAL_REPRESENTATION('',(#2797),#2801);
#2797 = LINE('',#2798,#2799);
#2798 = CARTESIAN_POINT('',(-6.28318530718,0.));
#2799 = VECTOR('',#2800,1.);
#2800 = DIRECTION('',(-0.,-1.));
#2801 = ( GEOMETRIC_REPRESENTATION_CONTEXT(2) 
PARAMETRIC_REPRESENTATION_CONTEXT() REPRESENTATION_CONTEXT('2D SPACE',''
  ) );
#2802 = PCURVE('',#1879,#2803);
#2803 = DEFINITIONAL_REPRESENTATION('',(#2804),#2808);
#2804 = LINE('',#2805,#2806);
#2805 = CARTESIAN_POINT('',(-0.,0.));
#2806 = VECTOR('',#2807,1.);
#2807 = DIRECTION('',(-0.,-1.));
#2808 = ( GEOMETRIC_REPRESENTATION_CONTEXT(2) 
PARAMETRIC_REPRESENTATION_CONTEXT() REPRESENTATION_CONTEXT('2D SPACE',''
  ) );
#2809 = ORIENTED_EDGE('',*,*,#1858,.F.);
#2810 = ORIENTED_EDGE('',*,*,#2789,.F.);
#2811 = ADVANCED_FACE('',(#2812),#1914,.F.);
#2812 = FACE_BOUND('',#2813,.T.);
#2813 = EDGE_LOOP('',(#2814,#2815,#2836,#2837));
#2814 = ORIENTED_EDGE('',*,*,#2414,.T.);
#2815 = ORIENTED_EDGE('',*,*,#2816,.T.);
#2816 = EDGE_CURVE('',#2415,#1894,#2817,.T.);
#2817 = SEAM_CURVE('',#2818,(#2822,#2829),.PCURVE_S1.);
#2818 = LINE('',#2819,#2820);
#2819 = CARTESIAN_POINT('',(-30.5,80.,38.));
#2820 = VECTOR('',#2821,1.);
#2821 = DIRECTION('',(0.,0.,1.));
#2822 = PCURVE('',#1914,#2823);
#2823 = DEFINITIONAL_REPRESENTATION('',(#2824),#2828);
#2824 = LINE('',#2825,#2826);
#2825 = CARTESIAN_POINT('',(-6.28318530718,0.));
#2826 = VECTOR('',#2827,1.);
#2827 = DIRECTION('',(-0.,-1.));
#2828 = ( GEOMETRIC_REPRESENTATION_CONTEXT(2) 
PARAMETRIC_REPRESENTATION_CONTEXT() REPRESENTATION_CONTEXT('2D SPACE',''
  ) );
#2829 = PCURVE('',#1914,#2830);
#2830 = DEFINITIONAL_REPRESENTATION('',(#2831),#2835);
#2831 = LINE('',#2832,#2833);
#2832 = CARTESIAN_POINT('',(-0.,0.));
#2833 = VECTOR('',#2834,1.);
#2834 = DIRECTION('',(-0.,-1.));
#2835 = ( GEOMETRIC_REPRESENTATION_CONTEXT(2) 
PARAMETRIC_REPRESENTATION_CONTEXT() REPRESENTATION_CONTEXT('2D SPACE',''
  ) );
#2836 = ORIENTED_EDGE('',*,*,#1893,.F.);
#2837 = ORIENTED_EDGE('',*,*,#2816,.F.);
#2838 = ADVANCED_FACE('',(#2839),#1949,.F.);
#2839 = FACE_BOUND('',#2840,.T.);
#2840 = EDGE_LOOP('',(#2841,#2842,#2863,#2864));
#2841 = ORIENTED_EDGE('',*,*,#2444,.T.);
#2842 = ORIENTED_EDGE('',*,*,#2843,.T.);
#2843 = EDGE_CURVE('',#2445,#1929,#2844,.T.);
#2844 = SEAM_CURVE('',#2845,(#2849,#2856),.PCURVE_S1.);
#2845 = LINE('',#2846,#2847);
#2846 = CARTESIAN_POINT('',(17.9,39.,39.));
#2847 = VECTOR('',#2848,1.);
#2848 = DIRECTION('',(0.,0.,1.));
#2849 = PCURVE('',#1949,#2850);
#2850 = DEFINITIONAL_REPRESENTATION('',(#2851),#2855);
#2851 = LINE('',#2852,#2853);
#2852 = CARTESIAN_POINT('',(-6.28318530718,0.));
#2853 = VECTOR('',#2854,1.);
#2854 = DIRECTION('',(-0.,-1.));
#2855 = ( GEOMETRIC_REPRESENTATION_CONTEXT(2) 
PARAMETRIC_REPRESENTATION_CONTEXT() REPRESENTATION_CONTEXT('2D SPACE',''
  ) );
#2856 = PCURVE('',#1949,#2857);
#2857 = DEFINITIONAL_REPRESENTATION('',(#2858),#2862);
#2858 = LINE('',#2859,#2860);
#2859 = CARTESIAN_POINT('',(-0.,0.));
#2860 = VECTOR('',#2861,1.);
#2861 = DIRECTION('',(-0.,-1.));
#2862 = ( GEOMETRIC_REPRESENTATION_CONTEXT(2) 
PARAMETRIC_REPRESENTATION_CONTEXT() REPRESENTATION_CONTEXT('2D SPACE',''
  ) );
#2863 = ORIENTED_EDGE('',*,*,#1928,.F.);
#2864 = ORIENTED_EDGE('',*,*,#2843,.F.);
#2865 = ADVANCED_FACE('',(#2866),#1984,.F.);
#2866 = FACE_BOUND('',#2867,.T.);
#2867 = EDGE_LOOP('',(#2868,#2869,#2890,#2891));
#2868 = ORIENTED_EDGE('',*,*,#2474,.T.);
#2869 = ORIENTED_EDGE('',*,*,#2870,.T.);
#2870 = EDGE_CURVE('',#2475,#1964,#2871,.T.);
#2871 = SEAM_CURVE('',#2872,(#2876,#2883),.PCURVE_S1.);
#2872 = LINE('',#2873,#2874);
#2873 = CARTESIAN_POINT('',(17.9,75.,39.));
#2874 = VECTOR('',#2875,1.);
#2875 = DIRECTION('',(0.,0.,1.));
#2876 = PCURVE('',#1984,#2877);
#2877 = DEFINITIONAL_REPRESENTATION('',(#2878),#2882);
#2878 = LINE('',#2879,#2880);
#2879 = CARTESIAN_POINT('',(-6.28318530718,0.));
#2880 = VECTOR('',#2881,1.);
#2881 = DIRECTION('',(-0.,-1.));
#2882 = ( GEOMETRIC_REPRESENTATION_CONTEXT(2) 
PARAMETRIC_REPRESENTATION_CONTEXT() REPRESENTATION_CONTEXT('2D SPACE',''
  ) );
#2883 = PCURVE('',#1984,#2884);
#2884 = DEFINITIONAL_REPRESENTATION('',(#2885),#2889);
#2885 = LINE('',#2886,#2887);
#2886 = CARTESIAN_POINT('',(-0.,0.));
#2887 = VECTOR('',#2888,1.);
#2888 = DIRECTION('',(-0.,-1.));
#2889 = ( GEOMETRIC_REPRESENTATION_CONTEXT(2) 
PARAMETRIC_REPRESENTATION_CONTEXT() REPRESENTATION_CONTEXT('2D SPACE',''
  ) );
#2890 = ORIENTED_EDGE('',*,*,#1963,.F.);
#2891 = ORIENTED_EDGE('',*,*,#2870,.F.);
#2892 = ADVANCED_FACE('',(#2893),#2019,.F.);
#2893 = FACE_BOUND('',#2894,.T.);
#2894 = EDGE_LOOP('',(#2895,#2896,#2917,#2918));
#2895 = ORIENTED_EDGE('',*,*,#2504,.T.);
#2896 = ORIENTED_EDGE('',*,*,#2897,.T.);
#2897 = EDGE_CURVE('',#2505,#1999,#2898,.T.);
#2898 = SEAM_CURVE('',#2899,(#2903,#2910),.PCURVE_S1.);
#2899 = LINE('',#2900,#2901);
#2900 = CARTESIAN_POINT('',(39.5,80.,38.));
#2901 = VECTOR('',#2902,1.);
#2902 = DIRECTION('',(0.,0.,1.));
#2903 = PCURVE('',#2019,#2904);
#2904 = DEFINITIONAL_REPRESENTATION('',(#2905),#2909);
#2905 = LINE('',#2906,#2907);
#2906 = CARTESIAN_POINT('',(-6.28318530718,0.));
#2907 = VECTOR('',#2908,1.);
#2908 = DIRECTION('',(-0.,-1.));
#2909 = ( GEOMETRIC_REPRESENTATION_CONTEXT(2) 
PARAMETRIC_REPRESENTATION_CONTEXT() REPRESENTATION_CONTEXT('2D SPACE',''
  ) );
#2910 = PCURVE('',#2019,#2911);
#2911 = DEFINITIONAL_REPRESENTATION('',(#2912),#2916);
#2912 = LINE('',#2913,#2914);
#2913 = CARTESIAN_POINT('',(-0.,0.));
#2914 = VECTOR('',#2915,1.);
#2915 = DIRECTION('',(-0.,-1.));
#2916 = ( GEOMETRIC_REPRESENTATION_CONTEXT(2) 
PARAMETRIC_REPRESENTATION_CONTEXT() REPRESENTATION_CONTEXT('2D SPACE',''
  ) );
#2917 = ORIENTED_EDGE('',*,*,#1998,.F.);
#2918 = ORIENTED_EDGE('',*,*,#2897,.F.);
#2919 = ADVANCED_FACE('',(#2920),#2054,.F.);
#2920 = FACE_BOUND('',#2921,.T.);
#2921 = EDGE_LOOP('',(#2922,#2923,#2944,#2945));
#2922 = ORIENTED_EDGE('',*,*,#2534,.T.);
#2923 = ORIENTED_EDGE('',*,*,#2924,.T.);
#2924 = EDGE_CURVE('',#2535,#2034,#2925,.T.);
#2925 = SEAM_CURVE('',#2926,(#2930,#2937),.PCURVE_S1.);
#2926 = LINE('',#2927,#2928);
#2927 = CARTESIAN_POINT('',(104.5,80.,38.));
#2928 = VECTOR('',#2929,1.);
#2929 = DIRECTION('',(0.,0.,1.));
#2930 = PCURVE('',#2054,#2931);
#2931 = DEFINITIONAL_REPRESENTATION('',(#2932),#2936);
#2932 = LINE('',#2933,#2934);
#2933 = CARTESIAN_POINT('',(-6.28318530718,0.));
#2934 = VECTOR('',#2935,1.);
#2935 = DIRECTION('',(-0.,-1.));
#2936 = ( GEOMETRIC_REPRESENTATION_CONTEXT(2) 
PARAMETRIC_REPRESENTATION_CONTEXT() REPRESENTATION_CONTEXT('2D SPACE',''
  ) );
#2937 = PCURVE('',#2054,#2938);
#2938 = DEFINITIONAL_REPRESENTATION('',(#2939),#2943);
#2939 = LINE('',#2940,#2941);
#2940 = CARTESIAN_POINT('',(-0.,0.));
#2941 = VECTOR('',#2942,1.);
#2942 = DIRECTION('',(-0.,-1.));
#2943 = ( GEOMETRIC_REPRESENTATION_CONTEXT(2) 
PARAMETRIC_REPRESENTATION_CONTEXT() REPRESENTATION_CONTEXT('2D SPACE',''
  ) );
#2944 = ORIENTED_EDGE('',*,*,#2033,.F.);
#2945 = ORIENTED_EDGE('',*,*,#2924,.F.);
#2946 = ( GEOMETRIC_REPRESENTATION_CONTEXT(3) 
GLOBAL_UNCERTAINTY_ASSIGNED_CONTEXT((#2950)) 
GLOBAL_UNIT_ASSIGNED_CONTEXT((#2947,#2948,#2949)) REPRESENTATION_CONTEXT
('Context #1','3D Context with UNIT and UNCERTAINTY') );
#2947 = ( LENGTH_UNIT() NAMED_UNIT(*) SI_UNIT(.MILLI.,.METRE.) );
#2948 = ( NAMED_UNIT(*) PLANE_ANGLE_UNIT() SI_UNIT($,.RADIAN.) );
#2949 = ( NAMED_UNIT(*) SI_UNIT($,.STERADIAN.) SOLID_ANGLE_UNIT() );
#2950 = UNCERTAINTY_MEASURE_WITH_UNIT(LENGTH_MEASURE(1.E-07),#2947,
  'distance_accuracy_value','confusion accuracy');
#2951 = CONTEXT_DEPENDENT_SHAPE_REPRESENTATION(#2952,#2954);
#2952 = ( REPRESENTATION_RELATIONSHIP('','',#1327,#1304) 
REPRESENTATION_RELATIONSHIP_WITH_TRANSFORMATION(#2953) 
SHAPE_REPRESENTATION_RELATIONSHIP() );
#2953 = ITEM_DEFINED_TRANSFORMATION('','',#11,#1305);
#2954 = PRODUCT_DEFINITION_SHAPE('Placement','Placement of an item',
  #2955);
#2955 = NEXT_ASSEMBLY_USAGE_OCCURRENCE('809',
  'lower_hub_plate_280x220x10','',#1299,#1322,$);
#2956 = PRODUCT_RELATED_PRODUCT_CATEGORY('part',$,(#1324));
#2957 = SHAPE_DEFINITION_REPRESENTATION(#2958,#2964);
#2958 = PRODUCT_DEFINITION_SHAPE('','',#2959);
#2959 = PRODUCT_DEFINITION('design','',#2960,#2963);
#2960 = PRODUCT_DEFINITION_FORMATION('','',#2961);
#2961 = PRODUCT('LOWER_JOINTS','LOWER_JOINTS','',(#2962));
#2962 = PRODUCT_CONTEXT('',#2,'mechanical');
#2963 = PRODUCT_DEFINITION_CONTEXT('part definition',#2,'design');
#2964 = SHAPE_REPRESENTATION('',(#11,#2965,#2969,#2973,#2977,#2981,#2985
    ),#2989);
#2965 = AXIS2_PLACEMENT_3D('',#2966,#2967,#2968);
#2966 = CARTESIAN_POINT('',(0.,0.,0.));
#2967 = DIRECTION('',(0.,0.,1.));
#2968 = DIRECTION('',(1.,0.,-0.));
#2969 = AXIS2_PLACEMENT_3D('',#2970,#2971,#2972);
#2970 = CARTESIAN_POINT('',(0.,0.,0.));
#2971 = DIRECTION('',(0.,0.,1.));
#2972 = DIRECTION('',(1.,0.,-0.));
#2973 = AXIS2_PLACEMENT_3D('',#2974,#2975,#2976);
#2974 = CARTESIAN_POINT('',(0.,0.,0.));
#2975 = DIRECTION('',(0.,0.,1.));
#2976 = DIRECTION('',(1.,0.,-0.));
#2977 = AXIS2_PLACEMENT_3D('',#2978,#2979,#2980);
#2978 = CARTESIAN_POINT('',(0.,0.,0.));
#2979 = DIRECTION('',(0.,0.,1.));
#2980 = DIRECTION('',(1.,0.,-0.));
#2981 = AXIS2_PLACEMENT_3D('',#2982,#2983,#2984);
#2982 = CARTESIAN_POINT('',(0.,0.,0.));
#2983 = DIRECTION('',(0.,0.,1.));
#2984 = DIRECTION('',(1.,0.,-0.));
#2985 = AXIS2_PLACEMENT_3D('',#2986,#2987,#2988);
#2986 = CARTESIAN_POINT('',(0.,0.,0.));
#2987 = DIRECTION('',(0.,0.,1.));
#2988 = DIRECTION('',(1.,0.,-0.));
#2989 = ( GEOMETRIC_REPRESENTATION_CONTEXT(3) 
GLOBAL_UNCERTAINTY_ASSIGNED_CONTEXT((#2993)) 
GLOBAL_UNIT_ASSIGNED_CONTEXT((#2990,#2991,#2992)) REPRESENTATION_CONTEXT
('Context #1','3D Context with UNIT and UNCERTAINTY') );
#2990 = ( LENGTH_UNIT() NAMED_UNIT(*) SI_UNIT(.MILLI.,.METRE.) );
#2991 = ( NAMED_UNIT(*) PLANE_ANGLE_UNIT() SI_UNIT($,.RADIAN.) );
#2992 = ( NAMED_UNIT(*) SI_UNIT($,.STERADIAN.) SOLID_ANGLE_UNIT() );
#2993 = UNCERTAINTY_MEASURE_WITH_UNIT(LENGTH_MEASURE(1.E-07),#2990,
  'distance_accuracy_value','confusion accuracy');
#2994 = CONTEXT_DEPENDENT_SHAPE_REPRESENTATION(#2995,#2997);
#2995 = ( REPRESENTATION_RELATIONSHIP('','',#2964,#10) 
REPRESENTATION_RELATIONSHIP_WITH_TRANSFORMATION(#2996) 
SHAPE_REPRESENTATION_RELATIONSHIP() );
#2996 = ITEM_DEFINED_TRANSFORMATION('','',#11,#23);
#2997 = PRODUCT_DEFINITION_SHAPE('Placement','Placement of an item',
  #2998);
#2998 = NEXT_ASSEMBLY_USAGE_OCCURRENCE('817','','',#5,#2959,$);
#2999 = PRODUCT_RELATED_PRODUCT_CATEGORY('part',$,(#2961));
#3000 = SHAPE_DEFINITION_REPRESENTATION(#3001,#3007);
#3001 = PRODUCT_DEFINITION_SHAPE('','',#3002);
#3002 = PRODUCT_DEFINITION('design','',#3003,#3006);
#3003 = PRODUCT_DEFINITION_FORMATION('','',#3004);
#3004 = PRODUCT('LMB10_A1','LMB10_A1','',(#3005));
#3005 = PRODUCT_CONTEXT('',#2,'mechanical');
#3006 = PRODUCT_DEFINITION_CONTEXT('part definition',#2,'design');
#3007 = SHAPE_REPRESENTATION('',(#11,#3008,#4046),#4776);
#3008 = MANIFOLD_SOLID_BREP('',#3009);
#3009 = CLOSED_SHELL('',(#3010,#3242,#3318,#3367,#3416,#3465,#3657,#3706
    ,#3873,#3900,#3931,#3958,#3985,#4012,#4019));
#3010 = ADVANCED_FACE('',(#3011),#3025,.F.);
#3011 = FACE_BOUND('',#3012,.F.);
#3012 = EDGE_LOOP('',(#3013,#3048,#3076,#3104,#3132,#3160,#3188,#3216));
#3013 = ORIENTED_EDGE('',*,*,#3014,.F.);
#3014 = EDGE_CURVE('',#3015,#3017,#3019,.T.);
#3015 = VERTEX_POINT('',#3016);
#3016 = CARTESIAN_POINT('',(1.5,85.,50.));
#3017 = VERTEX_POINT('',#3018);
#3018 = CARTESIAN_POINT('',(1.5,85.,53.));
#3019 = SURFACE_CURVE('',#3020,(#3024,#3036),.PCURVE_S1.);
#3020 = LINE('',#3021,#3022);
#3021 = CARTESIAN_POINT('',(1.5,85.,50.));
#3022 = VECTOR('',#3023,1.);
#3023 = DIRECTION('',(0.,0.,1.));
#3024 = PCURVE('',#3025,#3030);
#3025 = PLANE('',#3026);
#3026 = AXIS2_PLACEMENT_3D('',#3027,#3028,#3029);
#3027 = CARTESIAN_POINT('',(1.5,85.,50.));
#3028 = DIRECTION('',(-2.22044604925E-16,-1.,0.));
#3029 = DIRECTION('',(0.,0.,1.));
#3030 = DEFINITIONAL_REPRESENTATION('',(#3031),#3035);
#3031 = LINE('',#3032,#3033);
#3032 = CARTESIAN_POINT('',(0.,0.));
#3033 = VECTOR('',#3034,1.);
#3034 = DIRECTION('',(1.,0.));
#3035 = ( GEOMETRIC_REPRESENTATION_CONTEXT(2) 
PARAMETRIC_REPRESENTATION_CONTEXT() REPRESENTATION_CONTEXT('2D SPACE',''
  ) );
#3036 = PCURVE('',#3037,#3042);
#3037 = PLANE('',#3038);
#3038 = AXIS2_PLACEMENT_3D('',#3039,#3040,#3041);
#3039 = CARTESIAN_POINT('',(1.5,85.,50.));
#3040 = DIRECTION('',(1.,-2.22044604925E-16,0.));
#3041 = DIRECTION('',(0.,0.,1.));
#3042 = DEFINITIONAL_REPRESENTATION('',(#3043),#3047);
#3043 = LINE('',#3044,#3045);
#3044 = CARTESIAN_POINT('',(0.,0.));
#3045 = VECTOR('',#3046,1.);
#3046 = DIRECTION('',(1.,0.));
#3047 = ( GEOMETRIC_REPRESENTATION_CONTEXT(2) 
PARAMETRIC_REPRESENTATION_CONTEXT() REPRESENTATION_CONTEXT('2D SPACE',''
  ) );
#3048 = ORIENTED_EDGE('',*,*,#3049,.T.);
#3049 = EDGE_CURVE('',#3015,#3050,#3052,.T.);
#3050 = VERTEX_POINT('',#3051);
#3051 = CARTESIAN_POINT('',(27.5,85.,50.));
#3052 = SURFACE_CURVE('',#3053,(#3057,#3064),.PCURVE_S1.);
#3053 = LINE('',#3054,#3055);
#3054 = CARTESIAN_POINT('',(1.5,85.,50.));
#3055 = VECTOR('',#3056,1.);
#3056 = DIRECTION('',(1.,-2.22044604925E-16,0.));
#3057 = PCURVE('',#3025,#3058);
#3058 = DEFINITIONAL_REPRESENTATION('',(#3059),#3063);
#3059 = LINE('',#3060,#3061);
#3060 = CARTESIAN_POINT('',(0.,0.));
#3061 = VECTOR('',#3062,1.);
#3062 = DIRECTION('',(0.,-1.));
#3063 = ( GEOMETRIC_REPRESENTATION_CONTEXT(2) 
PARAMETRIC_REPRESENTATION_CONTEXT() REPRESENTATION_CONTEXT('2D SPACE',''
  ) );
#3064 = PCURVE('',#3065,#3070);
#3065 = PLANE('',#3066);
#3066 = AXIS2_PLACEMENT_3D('',#3067,#3068,#3069);
#3067 = CARTESIAN_POINT('',(1.5,85.,50.));
#3068 = DIRECTION('',(0.,0.,1.));
#3069 = DIRECTION('',(-2.22044604925E-16,-1.,0.));
#3070 = DEFINITIONAL_REPRESENTATION('',(#3071),#3075);
#3071 = LINE('',#3072,#3073);
#3072 = CARTESIAN_POINT('',(0.,0.));
#3073 = VECTOR('',#3074,1.);
#3074 = DIRECTION('',(0.,1.));
#3075 = ( GEOMETRIC_REPRESENTATION_CONTEXT(2) 
PARAMETRIC_REPRESENTATION_CONTEXT() REPRESENTATION_CONTEXT('2D SPACE',''
  ) );
#3076 = ORIENTED_EDGE('',*,*,#3077,.T.);
#3077 = EDGE_CURVE('',#3050,#3078,#3080,.T.);
#3078 = VERTEX_POINT('',#3079);
#3079 = CARTESIAN_POINT('',(27.5,85.,53.));
#3080 = SURFACE_CURVE('',#3081,(#3085,#3092),.PCURVE_S1.);
#3081 = LINE('',#3082,#3083);
#3082 = CARTESIAN_POINT('',(27.5,85.,50.));
#3083 = VECTOR('',#3084,1.);
#3084 = DIRECTION('',(0.,0.,1.));
#3085 = PCURVE('',#3025,#3086);
#3086 = DEFINITIONAL_REPRESENTATION('',(#3087),#3091);
#3087 = LINE('',#3088,#3089);
#3088 = CARTESIAN_POINT('',(0.,-26.));
#3089 = VECTOR('',#3090,1.);
#3090 = DIRECTION('',(1.,0.));
#3091 = ( GEOMETRIC_REPRESENTATION_CONTEXT(2) 
PARAMETRIC_REPRESENTATION_CONTEXT() REPRESENTATION_CONTEXT('2D SPACE',''
  ) );
#3092 = PCURVE('',#3093,#3098);
#3093 = PLANE('',#3094);
#3094 = AXIS2_PLACEMENT_3D('',#3095,#3096,#3097);
#3095 = CARTESIAN_POINT('',(27.5,85.,50.));
#3096 = DIRECTION('',(1.,-2.22044604925E-16,0.));
#3097 = DIRECTION('',(0.,0.,1.));
#3098 = DEFINITIONAL_REPRESENTATION('',(#3099),#3103);
#3099 = LINE('',#3100,#3101);
#3100 = CARTESIAN_POINT('',(0.,0.));
#3101 = VECTOR('',#3102,1.);
#3102 = DIRECTION('',(1.,0.));
#3103 = ( GEOMETRIC_REPRESENTATION_CONTEXT(2) 
PARAMETRIC_REPRESENTATION_CONTEXT() REPRESENTATION_CONTEXT('2D SPACE',''
  ) );
#3104 = ORIENTED_EDGE('',*,*,#3105,.F.);
#3105 = EDGE_CURVE('',#3106,#3078,#3108,.T.);
#3106 = VERTEX_POINT('',#3107);
#3107 = CARTESIAN_POINT('',(24.5,85.,53.));
#3108 = SURFACE_CURVE('',#3109,(#3113,#3120),.PCURVE_S1.);
#3109 = LINE('',#3110,#3111);
#3110 = CARTESIAN_POINT('',(1.5,85.,53.));
#3111 = VECTOR('',#3112,1.);
#3112 = DIRECTION('',(1.,-2.22044604925E-16,0.));
#3113 = PCURVE('',#3025,#3114);
#3114 = DEFINITIONAL_REPRESENTATION('',(#3115),#3119);
#3115 = LINE('',#3116,#3117);
#3116 = CARTESIAN_POINT('',(3.,0.));
#3117 = VECTOR('',#3118,1.);
#3118 = DIRECTION('',(0.,-1.));
#3119 = ( GEOMETRIC_REPRESENTATION_CONTEXT(2) 
PARAMETRIC_REPRESENTATION_CONTEXT() REPRESENTATION_CONTEXT('2D SPACE',''
  ) );
#3120 = PCURVE('',#3121,#3126);
#3121 = PLANE('',#3122);
#3122 = AXIS2_PLACEMENT_3D('',#3123,#3124,#3125);
#3123 = CARTESIAN_POINT('',(1.5,85.,53.));
#3124 = DIRECTION('',(0.,0.,1.));
#3125 = DIRECTION('',(-2.22044604925E-16,-1.,0.));
#3126 = DEFINITIONAL_REPRESENTATION('',(#3127),#3131);
#3127 = LINE('',#3128,#3129);
#3128 = CARTESIAN_POINT('',(0.,0.));
#3129 = VECTOR('',#3130,1.);
#3130 = DIRECTION('',(0.,1.));
#3131 = ( GEOMETRIC_REPRESENTATION_CONTEXT(2) 
PARAMETRIC_REPRESENTATION_CONTEXT() REPRESENTATION_CONTEXT('2D SPACE',''
  ) );
#3132 = ORIENTED_EDGE('',*,*,#3133,.F.);
#3133 = EDGE_CURVE('',#3134,#3106,#3136,.T.);
#3134 = VERTEX_POINT('',#3135);
#3135 = CARTESIAN_POINT('',(24.5,85.,80.));
#3136 = SURFACE_CURVE('',#3137,(#3141,#3148),.PCURVE_S1.);
#3137 = LINE('',#3138,#3139);
#3138 = CARTESIAN_POINT('',(24.5,85.,80.));
#3139 = VECTOR('',#3140,1.);
#3140 = DIRECTION('',(0.,-0.,-1.));
#3141 = PCURVE('',#3025,#3142);
#3142 = DEFINITIONAL_REPRESENTATION('',(#3143),#3147);
#3143 = LINE('',#3144,#3145);
#3144 = CARTESIAN_POINT('',(30.,-23.));
#3145 = VECTOR('',#3146,1.);
#3146 = DIRECTION('',(-1.,0.));
#3147 = ( GEOMETRIC_REPRESENTATION_CONTEXT(2) 
PARAMETRIC_REPRESENTATION_CONTEXT() REPRESENTATION_CONTEXT('2D SPACE',''
  ) );
#3148 = PCURVE('',#3149,#3154);
#3149 = PLANE('',#3150);
#3150 = AXIS2_PLACEMENT_3D('',#3151,#3152,#3153);
#3151 = CARTESIAN_POINT('',(24.5,60.551926914061,68.265051193238));
#3152 = DIRECTION('',(-1.,2.22044604925E-16,-0.));
#3153 = DIRECTION('',(0.,-0.,-1.));
#3154 = DEFINITIONAL_REPRESENTATION('',(#3155),#3159);
#3155 = LINE('',#3156,#3157);
#3156 = CARTESIAN_POINT('',(-11.73494880676,-24.44807308593));
#3157 = VECTOR('',#3158,1.);
#3158 = DIRECTION('',(1.,0.));
#3159 = ( GEOMETRIC_REPRESENTATION_CONTEXT(2) 
PARAMETRIC_REPRESENTATION_CONTEXT() REPRESENTATION_CONTEXT('2D SPACE',''
  ) );
#3160 = ORIENTED_EDGE('',*,*,#3161,.T.);
#3161 = EDGE_CURVE('',#3134,#3162,#3164,.T.);
#3162 = VERTEX_POINT('',#3163);
#3163 = CARTESIAN_POINT('',(21.5,85.,80.));
#3164 = SURFACE_CURVE('',#3165,(#3169,#3176),.PCURVE_S1.);
#3165 = LINE('',#3166,#3167);
#3166 = CARTESIAN_POINT('',(24.5,85.,80.));
#3167 = VECTOR('',#3168,1.);
#3168 = DIRECTION('',(-1.,2.22044604925E-16,0.));
#3169 = PCURVE('',#3025,#3170);
#3170 = DEFINITIONAL_REPRESENTATION('',(#3171),#3175);
#3171 = LINE('',#3172,#3173);
#3172 = CARTESIAN_POINT('',(30.,-23.));
#3173 = VECTOR('',#3174,1.);
#3174 = DIRECTION('',(0.,1.));
#3175 = ( GEOMETRIC_REPRESENTATION_CONTEXT(2) 
PARAMETRIC_REPRESENTATION_CONTEXT() REPRESENTATION_CONTEXT('2D SPACE',''
  ) );
#3176 = PCURVE('',#3177,#3182);
#3177 = PLANE('',#3178);
#3178 = AXIS2_PLACEMENT_3D('',#3179,#3180,#3181);
#3179 = CARTESIAN_POINT('',(24.5,81.,92.));
#3180 = DIRECTION('',(-2.106500081146E-16,-0.948683298051,
    -0.316227766017));
#3181 = DIRECTION('',(7.021666937153E-17,0.316227766017,-0.948683298051)
  );
#3182 = DEFINITIONAL_REPRESENTATION('',(#3183),#3187);
#3183 = LINE('',#3184,#3185);
#3184 = CARTESIAN_POINT('',(12.649110640674,-8.881784197001E-16));
#3185 = VECTOR('',#3186,1.);
#3186 = DIRECTION('',(0.,-1.));
#3187 = ( GEOMETRIC_REPRESENTATION_CONTEXT(2) 
PARAMETRIC_REPRESENTATION_CONTEXT() REPRESENTATION_CONTEXT('2D SPACE',''
  ) );
#3188 = ORIENTED_EDGE('',*,*,#3189,.T.);
#3189 = EDGE_CURVE('',#3162,#3190,#3192,.T.);
#3190 = VERTEX_POINT('',#3191);
#3191 = CARTESIAN_POINT('',(21.5,85.,53.));
#3192 = SURFACE_CURVE('',#3193,(#3197,#3204),.PCURVE_S1.);
#3193 = LINE('',#3194,#3195);
#3194 = CARTESIAN_POINT('',(21.5,85.,80.));
#3195 = VECTOR('',#3196,1.);
#3196 = DIRECTION('',(0.,-0.,-1.));
#3197 = PCURVE('',#3025,#3198);
#3198 = DEFINITIONAL_REPRESENTATION('',(#3199),#3203);
#3199 = LINE('',#3200,#3201);
#3200 = CARTESIAN_POINT('',(30.,-20.));
#3201 = VECTOR('',#3202,1.);
#3202 = DIRECTION('',(-1.,0.));
#3203 = ( GEOMETRIC_REPRESENTATION_CONTEXT(2) 
PARAMETRIC_REPRESENTATION_CONTEXT() REPRESENTATION_CONTEXT('2D SPACE',''
  ) );
#3204 = PCURVE('',#3205,#3210);
#3205 = PLANE('',#3206);
#3206 = AXIS2_PLACEMENT_3D('',#3207,#3208,#3209);
#3207 = CARTESIAN_POINT('',(21.5,60.551926914061,68.265051193238));
#3208 = DIRECTION('',(-1.,2.22044604925E-16,-0.));
#3209 = DIRECTION('',(0.,-0.,-1.));
#3210 = DEFINITIONAL_REPRESENTATION('',(#3211),#3215);
#3211 = LINE('',#3212,#3213);
#3212 = CARTESIAN_POINT('',(-11.73494880676,-24.44807308593));
#3213 = VECTOR('',#3214,1.);
#3214 = DIRECTION('',(1.,0.));
#3215 = ( GEOMETRIC_REPRESENTATION_CONTEXT(2) 
PARAMETRIC_REPRESENTATION_CONTEXT() REPRESENTATION_CONTEXT('2D SPACE',''
  ) );
#3216 = ORIENTED_EDGE('',*,*,#3217,.F.);
#3217 = EDGE_CURVE('',#3017,#3190,#3218,.T.);
#3218 = SURFACE_CURVE('',#3219,(#3223,#3230),.PCURVE_S1.);
#3219 = LINE('',#3220,#3221);
#3220 = CARTESIAN_POINT('',(1.5,85.,53.));
#3221 = VECTOR('',#3222,1.);
#3222 = DIRECTION('',(1.,-2.22044604925E-16,0.));
#3223 = PCURVE('',#3025,#3224);
#3224 = DEFINITIONAL_REPRESENTATION('',(#3225),#3229);
#3225 = LINE('',#3226,#3227);
#3226 = CARTESIAN_POINT('',(3.,0.));
#3227 = VECTOR('',#3228,1.);
#3228 = DIRECTION('',(0.,-1.));
#3229 = ( GEOMETRIC_REPRESENTATION_CONTEXT(2) 
PARAMETRIC_REPRESENTATION_CONTEXT() REPRESENTATION_CONTEXT('2D SPACE',''
  ) );
#3230 = PCURVE('',#3231,#3236);
#3231 = PLANE('',#3232);
#3232 = AXIS2_PLACEMENT_3D('',#3233,#3234,#3235);
#3233 = CARTESIAN_POINT('',(1.5,85.,53.));
#3234 = DIRECTION('',(0.,0.,1.));
#3235 = DIRECTION('',(-2.22044604925E-16,-1.,0.));
#3236 = DEFINITIONAL_REPRESENTATION('',(#3237),#3241);
#3237 = LINE('',#3238,#3239);
#3238 = CARTESIAN_POINT('',(0.,0.));
#3239 = VECTOR('',#3240,1.);
#3240 = DIRECTION('',(0.,1.));
#3241 = ( GEOMETRIC_REPRESENTATION_CONTEXT(2) 
PARAMETRIC_REPRESENTATION_CONTEXT() REPRESENTATION_CONTEXT('2D SPACE',''
  ) );
#3242 = ADVANCED_FACE('',(#3243),#3037,.F.);
#3243 = FACE_BOUND('',#3244,.F.);
#3244 = EDGE_LOOP('',(#3245,#3268,#3269,#3292));
#3245 = ORIENTED_EDGE('',*,*,#3246,.F.);
#3246 = EDGE_CURVE('',#3015,#3247,#3249,.T.);
#3247 = VERTEX_POINT('',#3248);
#3248 = CARTESIAN_POINT('',(1.5,29.,50.));
#3249 = SURFACE_CURVE('',#3250,(#3254,#3261),.PCURVE_S1.);
#3250 = LINE('',#3251,#3252);
#3251 = CARTESIAN_POINT('',(1.5,85.,50.));
#3252 = VECTOR('',#3253,1.);
#3253 = DIRECTION('',(-2.22044604925E-16,-1.,0.));
#3254 = PCURVE('',#3037,#3255);
#3255 = DEFINITIONAL_REPRESENTATION('',(#3256),#3260);
#3256 = LINE('',#3257,#3258);
#3257 = CARTESIAN_POINT('',(0.,0.));
#3258 = VECTOR('',#3259,1.);
#3259 = DIRECTION('',(0.,1.));
#3260 = ( GEOMETRIC_REPRESENTATION_CONTEXT(2) 
PARAMETRIC_REPRESENTATION_CONTEXT() REPRESENTATION_CONTEXT('2D SPACE',''
  ) );
#3261 = PCURVE('',#3065,#3262);
#3262 = DEFINITIONAL_REPRESENTATION('',(#3263),#3267);
#3263 = LINE('',#3264,#3265);
#3264 = CARTESIAN_POINT('',(0.,0.));
#3265 = VECTOR('',#3266,1.);
#3266 = DIRECTION('',(1.,0.));
#3267 = ( GEOMETRIC_REPRESENTATION_CONTEXT(2) 
PARAMETRIC_REPRESENTATION_CONTEXT() REPRESENTATION_CONTEXT('2D SPACE',''
  ) );
#3268 = ORIENTED_EDGE('',*,*,#3014,.T.);
#3269 = ORIENTED_EDGE('',*,*,#3270,.T.);
#3270 = EDGE_CURVE('',#3017,#3271,#3273,.T.);
#3271 = VERTEX_POINT('',#3272);
#3272 = CARTESIAN_POINT('',(1.5,29.,53.));
#3273 = SURFACE_CURVE('',#3274,(#3278,#3285),.PCURVE_S1.);
#3274 = LINE('',#3275,#3276);
#3275 = CARTESIAN_POINT('',(1.5,85.,53.));
#3276 = VECTOR('',#3277,1.);
#3277 = DIRECTION('',(-2.22044604925E-16,-1.,0.));
#3278 = PCURVE('',#3037,#3279);
#3279 = DEFINITIONAL_REPRESENTATION('',(#3280),#3284);
#3280 = LINE('',#3281,#3282);
#3281 = CARTESIAN_POINT('',(3.,0.));
#3282 = VECTOR('',#3283,1.);
#3283 = DIRECTION('',(0.,1.));
#3284 = ( GEOMETRIC_REPRESENTATION_CONTEXT(2) 
PARAMETRIC_REPRESENTATION_CONTEXT() REPRESENTATION_CONTEXT('2D SPACE',''
  ) );
#3285 = PCURVE('',#3231,#3286);
#3286 = DEFINITIONAL_REPRESENTATION('',(#3287),#3291);
#3287 = LINE('',#3288,#3289);
#3288 = CARTESIAN_POINT('',(0.,0.));
#3289 = VECTOR('',#3290,1.);
#3290 = DIRECTION('',(1.,0.));
#3291 = ( GEOMETRIC_REPRESENTATION_CONTEXT(2) 
PARAMETRIC_REPRESENTATION_CONTEXT() REPRESENTATION_CONTEXT('2D SPACE',''
  ) );
#3292 = ORIENTED_EDGE('',*,*,#3293,.F.);
#3293 = EDGE_CURVE('',#3247,#3271,#3294,.T.);
#3294 = SURFACE_CURVE('',#3295,(#3299,#3306),.PCURVE_S1.);
#3295 = LINE('',#3296,#3297);
#3296 = CARTESIAN_POINT('',(1.5,29.,50.));
#3297 = VECTOR('',#3298,1.);
#3298 = DIRECTION('',(0.,0.,1.));
#3299 = PCURVE('',#3037,#3300);
#3300 = DEFINITIONAL_REPRESENTATION('',(#3301),#3305);
#3301 = LINE('',#3302,#3303);
#3302 = CARTESIAN_POINT('',(0.,56.));
#3303 = VECTOR('',#3304,1.);
#3304 = DIRECTION('',(1.,0.));
#3305 = ( GEOMETRIC_REPRESENTATION_CONTEXT(2) 
PARAMETRIC_REPRESENTATION_CONTEXT() REPRESENTATION_CONTEXT('2D SPACE',''
  ) );
#3306 = PCURVE('',#3307,#3312);
#3307 = PLANE('',#3308);
#3308 = AXIS2_PLACEMENT_3D('',#3309,#3310,#3311);
#3309 = CARTESIAN_POINT('',(1.5,29.,50.));
#3310 = DIRECTION('',(-2.22044604925E-16,-1.,0.));
#3311 = DIRECTION('',(0.,0.,1.));
#3312 = DEFINITIONAL_REPRESENTATION('',(#3313),#3317);
#3313 = LINE('',#3314,#3315);
#3314 = CARTESIAN_POINT('',(0.,0.));
#3315 = VECTOR('',#3316,1.);
#3316 = DIRECTION('',(1.,0.));
#3317 = ( GEOMETRIC_REPRESENTATION_CONTEXT(2) 
PARAMETRIC_REPRESENTATION_CONTEXT() REPRESENTATION_CONTEXT('2D SPACE',''
  ) );
#3318 = ADVANCED_FACE('',(#3319),#3065,.F.);
#3319 = FACE_BOUND('',#3320,.F.);
#3320 = EDGE_LOOP('',(#3321,#3322,#3323,#3346));
#3321 = ORIENTED_EDGE('',*,*,#3049,.F.);
#3322 = ORIENTED_EDGE('',*,*,#3246,.T.);
#3323 = ORIENTED_EDGE('',*,*,#3324,.T.);
#3324 = EDGE_CURVE('',#3247,#3325,#3327,.T.);
#3325 = VERTEX_POINT('',#3326);
#3326 = CARTESIAN_POINT('',(27.5,29.,50.));
#3327 = SURFACE_CURVE('',#3328,(#3332,#3339),.PCURVE_S1.);
#3328 = LINE('',#3329,#3330);
#3329 = CARTESIAN_POINT('',(1.5,29.,50.));
#3330 = VECTOR('',#3331,1.);
#3331 = DIRECTION('',(1.,-2.22044604925E-16,0.));
#3332 = PCURVE('',#3065,#3333);
#3333 = DEFINITIONAL_REPRESENTATION('',(#3334),#3338);
#3334 = LINE('',#3335,#3336);
#3335 = CARTESIAN_POINT('',(56.,0.));
#3336 = VECTOR('',#3337,1.);
#3337 = DIRECTION('',(0.,1.));
#3338 = ( GEOMETRIC_REPRESENTATION_CONTEXT(2) 
PARAMETRIC_REPRESENTATION_CONTEXT() REPRESENTATION_CONTEXT('2D SPACE',''
  ) );
#3339 = PCURVE('',#3307,#3340);
#3340 = DEFINITIONAL_REPRESENTATION('',(#3341),#3345);
#3341 = LINE('',#3342,#3343);
#3342 = CARTESIAN_POINT('',(0.,0.));
#3343 = VECTOR('',#3344,1.);
#3344 = DIRECTION('',(0.,-1.));
#3345 = ( GEOMETRIC_REPRESENTATION_CONTEXT(2) 
PARAMETRIC_REPRESENTATION_CONTEXT() REPRESENTATION_CONTEXT('2D SPACE',''
  ) );
#3346 = ORIENTED_EDGE('',*,*,#3347,.F.);
#3347 = EDGE_CURVE('',#3050,#3325,#3348,.T.);
#3348 = SURFACE_CURVE('',#3349,(#3353,#3360),.PCURVE_S1.);
#3349 = LINE('',#3350,#3351);
#3350 = CARTESIAN_POINT('',(27.5,85.,50.));
#3351 = VECTOR('',#3352,1.);
#3352 = DIRECTION('',(-2.22044604925E-16,-1.,0.));
#3353 = PCURVE('',#3065,#3354);
#3354 = DEFINITIONAL_REPRESENTATION('',(#3355),#3359);
#3355 = LINE('',#3356,#3357);
#3356 = CARTESIAN_POINT('',(-5.773159728051E-15,26.));
#3357 = VECTOR('',#3358,1.);
#3358 = DIRECTION('',(1.,0.));
#3359 = ( GEOMETRIC_REPRESENTATION_CONTEXT(2) 
PARAMETRIC_REPRESENTATION_CONTEXT() REPRESENTATION_CONTEXT('2D SPACE',''
  ) );
#3360 = PCURVE('',#3093,#3361);
#3361 = DEFINITIONAL_REPRESENTATION('',(#3362),#3366);
#3362 = LINE('',#3363,#3364);
#3363 = CARTESIAN_POINT('',(0.,0.));
#3364 = VECTOR('',#3365,1.);
#3365 = DIRECTION('',(0.,1.));
#3366 = ( GEOMETRIC_REPRESENTATION_CONTEXT(2) 
PARAMETRIC_REPRESENTATION_CONTEXT() REPRESENTATION_CONTEXT('2D SPACE',''
  ) );
#3367 = ADVANCED_FACE('',(#3368),#3093,.T.);
#3368 = FACE_BOUND('',#3369,.T.);
#3369 = EDGE_LOOP('',(#3370,#3371,#3372,#3395));
#3370 = ORIENTED_EDGE('',*,*,#3347,.F.);
#3371 = ORIENTED_EDGE('',*,*,#3077,.T.);
#3372 = ORIENTED_EDGE('',*,*,#3373,.T.);
#3373 = EDGE_CURVE('',#3078,#3374,#3376,.T.);
#3374 = VERTEX_POINT('',#3375);
#3375 = CARTESIAN_POINT('',(27.5,29.,53.));
#3376 = SURFACE_CURVE('',#3377,(#3381,#3388),.PCURVE_S1.);
#3377 = LINE('',#3378,#3379);
#3378 = CARTESIAN_POINT('',(27.5,85.,53.));
#3379 = VECTOR('',#3380,1.);
#3380 = DIRECTION('',(-2.22044604925E-16,-1.,0.));
#3381 = PCURVE('',#3093,#3382);
#3382 = DEFINITIONAL_REPRESENTATION('',(#3383),#3387);
#3383 = LINE('',#3384,#3385);
#3384 = CARTESIAN_POINT('',(3.,0.));
#3385 = VECTOR('',#3386,1.);
#3386 = DIRECTION('',(0.,1.));
#3387 = ( GEOMETRIC_REPRESENTATION_CONTEXT(2) 
PARAMETRIC_REPRESENTATION_CONTEXT() REPRESENTATION_CONTEXT('2D SPACE',''
  ) );
#3388 = PCURVE('',#3121,#3389);
#3389 = DEFINITIONAL_REPRESENTATION('',(#3390),#3394);
#3390 = LINE('',#3391,#3392);
#3391 = CARTESIAN_POINT('',(-5.773159728051E-15,26.));
#3392 = VECTOR('',#3393,1.);
#3393 = DIRECTION('',(1.,0.));
#3394 = ( GEOMETRIC_REPRESENTATION_CONTEXT(2) 
PARAMETRIC_REPRESENTATION_CONTEXT() REPRESENTATION_CONTEXT('2D SPACE',''
  ) );
#3395 = ORIENTED_EDGE('',*,*,#3396,.F.);
#3396 = EDGE_CURVE('',#3325,#3374,#3397,.T.);
#3397 = SURFACE_CURVE('',#3398,(#3402,#3409),.PCURVE_S1.);
#3398 = LINE('',#3399,#3400);
#3399 = CARTESIAN_POINT('',(27.5,29.,50.));
#3400 = VECTOR('',#3401,1.);
#3401 = DIRECTION('',(0.,0.,1.));
#3402 = PCURVE('',#3093,#3403);
#3403 = DEFINITIONAL_REPRESENTATION('',(#3404),#3408);
#3404 = LINE('',#3405,#3406);
#3405 = CARTESIAN_POINT('',(0.,56.));
#3406 = VECTOR('',#3407,1.);
#3407 = DIRECTION('',(1.,0.));
#3408 = ( GEOMETRIC_REPRESENTATION_CONTEXT(2) 
PARAMETRIC_REPRESENTATION_CONTEXT() REPRESENTATION_CONTEXT('2D SPACE',''
  ) );
#3409 = PCURVE('',#3307,#3410);
#3410 = DEFINITIONAL_REPRESENTATION('',(#3411),#3415);
#3411 = LINE('',#3412,#3413);
#3412 = CARTESIAN_POINT('',(0.,-26.));
#3413 = VECTOR('',#3414,1.);
#3414 = DIRECTION('',(1.,0.));
#3415 = ( GEOMETRIC_REPRESENTATION_CONTEXT(2) 
PARAMETRIC_REPRESENTATION_CONTEXT() REPRESENTATION_CONTEXT('2D SPACE',''
  ) );
#3416 = ADVANCED_FACE('',(#3417),#3121,.T.);
#3417 = FACE_BOUND('',#3418,.T.);
#3418 = EDGE_LOOP('',(#3419,#3420,#3443,#3464));
#3419 = ORIENTED_EDGE('',*,*,#3105,.F.);
#3420 = ORIENTED_EDGE('',*,*,#3421,.T.);
#3421 = EDGE_CURVE('',#3106,#3422,#3424,.T.);
#3422 = VERTEX_POINT('',#3423);
#3423 = CARTESIAN_POINT('',(24.5,29.,53.));
#3424 = SURFACE_CURVE('',#3425,(#3429,#3436),.PCURVE_S1.);
#3425 = LINE('',#3426,#3427);
#3426 = CARTESIAN_POINT('',(24.5,85.,53.));
#3427 = VECTOR('',#3428,1.);
#3428 = DIRECTION('',(-2.22044604925E-16,-1.,0.));
#3429 = PCURVE('',#3121,#3430);
#3430 = DEFINITIONAL_REPRESENTATION('',(#3431),#3435);
#3431 = LINE('',#3432,#3433);
#3432 = CARTESIAN_POINT('',(-5.107025913276E-15,23.));
#3433 = VECTOR('',#3434,1.);
#3434 = DIRECTION('',(1.,0.));
#3435 = ( GEOMETRIC_REPRESENTATION_CONTEXT(2) 
PARAMETRIC_REPRESENTATION_CONTEXT() REPRESENTATION_CONTEXT('2D SPACE',''
  ) );
#3436 = PCURVE('',#3149,#3437);
#3437 = DEFINITIONAL_REPRESENTATION('',(#3438),#3442);
#3438 = LINE('',#3439,#3440);
#3439 = CARTESIAN_POINT('',(15.265051193238,-24.44807308593));
#3440 = VECTOR('',#3441,1.);
#3441 = DIRECTION('',(0.,1.));
#3442 = ( GEOMETRIC_REPRESENTATION_CONTEXT(2) 
PARAMETRIC_REPRESENTATION_CONTEXT() REPRESENTATION_CONTEXT('2D SPACE',''
  ) );
#3443 = ORIENTED_EDGE('',*,*,#3444,.T.);
#3444 = EDGE_CURVE('',#3422,#3374,#3445,.T.);
#3445 = SURFACE_CURVE('',#3446,(#3450,#3457),.PCURVE_S1.);
#3446 = LINE('',#3447,#3448);
#3447 = CARTESIAN_POINT('',(1.5,29.,53.));
#3448 = VECTOR('',#3449,1.);
#3449 = DIRECTION('',(1.,-2.22044604925E-16,0.));
#3450 = PCURVE('',#3121,#3451);
#3451 = DEFINITIONAL_REPRESENTATION('',(#3452),#3456);
#3452 = LINE('',#3453,#3454);
#3453 = CARTESIAN_POINT('',(56.,0.));
#3454 = VECTOR('',#3455,1.);
#3455 = DIRECTION('',(0.,1.));
#3456 = ( GEOMETRIC_REPRESENTATION_CONTEXT(2) 
PARAMETRIC_REPRESENTATION_CONTEXT() REPRESENTATION_CONTEXT('2D SPACE',''
  ) );
#3457 = PCURVE('',#3307,#3458);
#3458 = DEFINITIONAL_REPRESENTATION('',(#3459),#3463);
#3459 = LINE('',#3460,#3461);
#3460 = CARTESIAN_POINT('',(3.,0.));
#3461 = VECTOR('',#3462,1.);
#3462 = DIRECTION('',(0.,-1.));
#3463 = ( GEOMETRIC_REPRESENTATION_CONTEXT(2) 
PARAMETRIC_REPRESENTATION_CONTEXT() REPRESENTATION_CONTEXT('2D SPACE',''
  ) );
#3464 = ORIENTED_EDGE('',*,*,#3373,.F.);
#3465 = ADVANCED_FACE('',(#3466,#3626),#3149,.F.);
#3466 = FACE_BOUND('',#3467,.F.);
#3467 = EDGE_LOOP('',(#3468,#3469,#3492,#3520,#3548,#3576,#3604,#3625));
#3468 = ORIENTED_EDGE('',*,*,#3421,.T.);
#3469 = ORIENTED_EDGE('',*,*,#3470,.T.);
#3470 = EDGE_CURVE('',#3422,#3471,#3473,.T.);
#3471 = VERTEX_POINT('',#3472);
#3472 = CARTESIAN_POINT('',(24.5,29.,67.));
#3473 = SURFACE_CURVE('',#3474,(#3478,#3485),.PCURVE_S1.);
#3474 = LINE('',#3475,#3476);
#3475 = CARTESIAN_POINT('',(24.5,29.,53.));
#3476 = VECTOR('',#3477,1.);
#3477 = DIRECTION('',(0.,0.,1.));
#3478 = PCURVE('',#3149,#3479);
#3479 = DEFINITIONAL_REPRESENTATION('',(#3480),#3484);
#3480 = LINE('',#3481,#3482);
#3481 = CARTESIAN_POINT('',(15.265051193238,31.551926914061));
#3482 = VECTOR('',#3483,1.);
#3483 = DIRECTION('',(-1.,0.));
#3484 = ( GEOMETRIC_REPRESENTATION_CONTEXT(2) 
PARAMETRIC_REPRESENTATION_CONTEXT() REPRESENTATION_CONTEXT('2D SPACE',''
  ) );
#3485 = PCURVE('',#3307,#3486);
#3486 = DEFINITIONAL_REPRESENTATION('',(#3487),#3491);
#3487 = LINE('',#3488,#3489);
#3488 = CARTESIAN_POINT('',(3.,-23.));
#3489 = VECTOR('',#3490,1.);
#3490 = DIRECTION('',(1.,0.));
#3491 = ( GEOMETRIC_REPRESENTATION_CONTEXT(2) 
PARAMETRIC_REPRESENTATION_CONTEXT() REPRESENTATION_CONTEXT('2D SPACE',''
  ) );
#3492 = ORIENTED_EDGE('',*,*,#3493,.T.);
#3493 = EDGE_CURVE('',#3471,#3494,#3496,.T.);
#3494 = VERTEX_POINT('',#3495);
#3495 = CARTESIAN_POINT('',(24.5,67.,86.));
#3496 = SURFACE_CURVE('',#3497,(#3501,#3508),.PCURVE_S1.);
#3497 = LINE('',#3498,#3499);
#3498 = CARTESIAN_POINT('',(24.5,29.,67.));
#3499 = VECTOR('',#3500,1.);
#3500 = DIRECTION('',(1.986027322598E-16,0.894427191,0.4472135955));
#3501 = PCURVE('',#3149,#3502);
#3502 = DEFINITIONAL_REPRESENTATION('',(#3503),#3507);
#3503 = LINE('',#3504,#3505);
#3504 = CARTESIAN_POINT('',(1.265051193238,31.551926914061));
#3505 = VECTOR('',#3506,1.);
#3506 = DIRECTION('',(-0.4472135955,-0.894427191));
#3507 = ( GEOMETRIC_REPRESENTATION_CONTEXT(2) 
PARAMETRIC_REPRESENTATION_CONTEXT() REPRESENTATION_CONTEXT('2D SPACE',''
  ) );
#3508 = PCURVE('',#3509,#3514);
#3509 = PLANE('',#3510);
#3510 = AXIS2_PLACEMENT_3D('',#3511,#3512,#3513);
#3511 = CARTESIAN_POINT('',(24.5,29.,67.));
#3512 = DIRECTION('',(9.930136612989E-17,0.4472135955,-0.894427191));
#3513 = DIRECTION('',(1.986027322598E-16,0.894427191,0.4472135955));
#3514 = DEFINITIONAL_REPRESENTATION('',(#3515),#3519);
#3515 = LINE('',#3516,#3517);
#3516 = CARTESIAN_POINT('',(0.,0.));
#3517 = VECTOR('',#3518,1.);
#3518 = DIRECTION('',(1.,0.));
#3519 = ( GEOMETRIC_REPRESENTATION_CONTEXT(2) 
PARAMETRIC_REPRESENTATION_CONTEXT() REPRESENTATION_CONTEXT('2D SPACE',''
  ) );
#3520 = ORIENTED_EDGE('',*,*,#3521,.T.);
#3521 = EDGE_CURVE('',#3494,#3522,#3524,.T.);
#3522 = VERTEX_POINT('',#3523);
#3523 = CARTESIAN_POINT('',(24.5,69.,92.));
#3524 = SURFACE_CURVE('',#3525,(#3529,#3536),.PCURVE_S1.);
#3525 = LINE('',#3526,#3527);
#3526 = CARTESIAN_POINT('',(24.5,67.,86.));
#3527 = VECTOR('',#3528,1.);
#3528 = DIRECTION('',(7.021666937153E-17,0.316227766017,0.948683298051)
  );
#3529 = PCURVE('',#3149,#3530);
#3530 = DEFINITIONAL_REPRESENTATION('',(#3531),#3535);
#3531 = LINE('',#3532,#3533);
#3532 = CARTESIAN_POINT('',(-17.73494880676,-6.448073085939));
#3533 = VECTOR('',#3534,1.);
#3534 = DIRECTION('',(-0.948683298051,-0.316227766017));
#3535 = ( GEOMETRIC_REPRESENTATION_CONTEXT(2) 
PARAMETRIC_REPRESENTATION_CONTEXT() REPRESENTATION_CONTEXT('2D SPACE',''
  ) );
#3536 = PCURVE('',#3537,#3542);
#3537 = PLANE('',#3538);
#3538 = AXIS2_PLACEMENT_3D('',#3539,#3540,#3541);
#3539 = CARTESIAN_POINT('',(24.5,67.,86.));
#3540 = DIRECTION('',(2.106500081146E-16,0.948683298051,-0.316227766017)
  );
#3541 = DIRECTION('',(7.021666937153E-17,0.316227766017,0.948683298051)
  );
#3542 = DEFINITIONAL_REPRESENTATION('',(#3543),#3547);
#3543 = LINE('',#3544,#3545);
#3544 = CARTESIAN_POINT('',(0.,0.));
#3545 = VECTOR('',#3546,1.);
#3546 = DIRECTION('',(1.,0.));
#3547 = ( GEOMETRIC_REPRESENTATION_CONTEXT(2) 
PARAMETRIC_REPRESENTATION_CONTEXT() REPRESENTATION_CONTEXT('2D SPACE',''
  ) );
#3548 = ORIENTED_EDGE('',*,*,#3549,.T.);
#3549 = EDGE_CURVE('',#3522,#3550,#3552,.T.);
#3550 = VERTEX_POINT('',#3551);
#3551 = CARTESIAN_POINT('',(24.5,75.,94.));
#3552 = SURFACE_CURVE('',#3553,(#3557,#3564),.PCURVE_S1.);
#3553 = LINE('',#3554,#3555);
#3554 = CARTESIAN_POINT('',(24.5,69.,92.));
#3555 = VECTOR('',#3556,1.);
#3556 = DIRECTION('',(2.106500081146E-16,0.948683298051,0.316227766017)
  );
#3557 = PCURVE('',#3149,#3558);
#3558 = DEFINITIONAL_REPRESENTATION('',(#3559),#3563);
#3559 = LINE('',#3560,#3561);
#3560 = CARTESIAN_POINT('',(-23.73494880676,-8.448073085939));
#3561 = VECTOR('',#3562,1.);
#3562 = DIRECTION('',(-0.316227766017,-0.948683298051));
#3563 = ( GEOMETRIC_REPRESENTATION_CONTEXT(2) 
PARAMETRIC_REPRESENTATION_CONTEXT() REPRESENTATION_CONTEXT('2D SPACE',''
  ) );
#3564 = PCURVE('',#3565,#3570);
#3565 = PLANE('',#3566);
#3566 = AXIS2_PLACEMENT_3D('',#3567,#3568,#3569);
#3567 = CARTESIAN_POINT('',(24.5,69.,92.));
#3568 = DIRECTION('',(7.021666937153E-17,0.316227766017,-0.948683298051)
  );
#3569 = DIRECTION('',(2.106500081146E-16,0.948683298051,0.316227766017)
  );
#3570 = DEFINITIONAL_REPRESENTATION('',(#3571),#3575);
#3571 = LINE('',#3572,#3573);
#3572 = CARTESIAN_POINT('',(0.,0.));
#3573 = VECTOR('',#3574,1.);
#3574 = DIRECTION('',(1.,0.));
#3575 = ( GEOMETRIC_REPRESENTATION_CONTEXT(2) 
PARAMETRIC_REPRESENTATION_CONTEXT() REPRESENTATION_CONTEXT('2D SPACE',''
  ) );
#3576 = ORIENTED_EDGE('',*,*,#3577,.T.);
#3577 = EDGE_CURVE('',#3550,#3578,#3580,.T.);
#3578 = VERTEX_POINT('',#3579);
#3579 = CARTESIAN_POINT('',(24.5,81.,92.));
#3580 = SURFACE_CURVE('',#3581,(#3585,#3592),.PCURVE_S1.);
#3581 = LINE('',#3582,#3583);
#3582 = CARTESIAN_POINT('',(24.5,75.,94.));
#3583 = VECTOR('',#3584,1.);
#3584 = DIRECTION('',(2.106500081146E-16,0.948683298051,-0.316227766017)
  );
#3585 = PCURVE('',#3149,#3586);
#3586 = DEFINITIONAL_REPRESENTATION('',(#3587),#3591);
#3587 = LINE('',#3588,#3589);
#3588 = CARTESIAN_POINT('',(-25.73494880676,-14.44807308593));
#3589 = VECTOR('',#3590,1.);
#3590 = DIRECTION('',(0.316227766017,-0.948683298051));
#3591 = ( GEOMETRIC_REPRESENTATION_CONTEXT(2) 
PARAMETRIC_REPRESENTATION_CONTEXT() REPRESENTATION_CONTEXT('2D SPACE',''
  ) );
#3592 = PCURVE('',#3593,#3598);
#3593 = PLANE('',#3594);
#3594 = AXIS2_PLACEMENT_3D('',#3595,#3596,#3597);
#3595 = CARTESIAN_POINT('',(24.5,75.,94.));
#3596 = DIRECTION('',(-7.021666937153E-17,-0.316227766017,
    -0.948683298051));
#3597 = DIRECTION('',(2.106500081146E-16,0.948683298051,-0.316227766017)
  );
#3598 = DEFINITIONAL_REPRESENTATION('',(#3599),#3603);
#3599 = LINE('',#3600,#3601);
#3600 = CARTESIAN_POINT('',(0.,0.));
#3601 = VECTOR('',#3602,1.);
#3602 = DIRECTION('',(1.,0.));
#3603 = ( GEOMETRIC_REPRESENTATION_CONTEXT(2) 
PARAMETRIC_REPRESENTATION_CONTEXT() REPRESENTATION_CONTEXT('2D SPACE',''
  ) );
#3604 = ORIENTED_EDGE('',*,*,#3605,.T.);
#3605 = EDGE_CURVE('',#3578,#3134,#3606,.T.);
#3606 = SURFACE_CURVE('',#3607,(#3611,#3618),.PCURVE_S1.);
#3607 = LINE('',#3608,#3609);
#3608 = CARTESIAN_POINT('',(24.5,81.,92.));
#3609 = VECTOR('',#3610,1.);
#3610 = DIRECTION('',(7.021666937153E-17,0.316227766017,-0.948683298051)
  );
#3611 = PCURVE('',#3149,#3612);
#3612 = DEFINITIONAL_REPRESENTATION('',(#3613),#3617);
#3613 = LINE('',#3614,#3615);
#3614 = CARTESIAN_POINT('',(-23.73494880676,-20.44807308593));
#3615 = VECTOR('',#3616,1.);
#3616 = DIRECTION('',(0.948683298051,-0.316227766017));
#3617 = ( GEOMETRIC_REPRESENTATION_CONTEXT(2) 
PARAMETRIC_REPRESENTATION_CONTEXT() REPRESENTATION_CONTEXT('2D SPACE',''
  ) );
#3618 = PCURVE('',#3177,#3619);
#3619 = DEFINITIONAL_REPRESENTATION('',(#3620),#3624);
#3620 = LINE('',#3621,#3622);
#3621 = CARTESIAN_POINT('',(0.,0.));
#3622 = VECTOR('',#3623,1.);
#3623 = DIRECTION('',(1.,0.));
#3624 = ( GEOMETRIC_REPRESENTATION_CONTEXT(2) 
PARAMETRIC_REPRESENTATION_CONTEXT() REPRESENTATION_CONTEXT('2D SPACE',''
  ) );
#3625 = ORIENTED_EDGE('',*,*,#3133,.T.);
#3626 = FACE_BOUND('',#3627,.F.);
#3627 = EDGE_LOOP('',(#3628));
#3628 = ORIENTED_EDGE('',*,*,#3629,.F.);
#3629 = EDGE_CURVE('',#3630,#3630,#3632,.T.);
#3630 = VERTEX_POINT('',#3631);
#3631 = CARTESIAN_POINT('',(24.5,71.9,86.));
#3632 = SURFACE_CURVE('',#3633,(#3638,#3645),.PCURVE_S1.);
#3633 = CIRCLE('',#3634,3.1);
#3634 = AXIS2_PLACEMENT_3D('',#3635,#3636,#3637);
#3635 = CARTESIAN_POINT('',(24.5,75.,86.));
#3636 = DIRECTION('',(-1.,2.22044604925E-16,-1.110223024625E-16));
#3637 = DIRECTION('',(-2.22044604925E-16,-1.,0.));
#3638 = PCURVE('',#3149,#3639);
#3639 = DEFINITIONAL_REPRESENTATION('',(#3640),#3644);
#3640 = CIRCLE('',#3641,3.1);
#3641 = AXIS2_PLACEMENT_2D('',#3642,#3643);
#3642 = CARTESIAN_POINT('',(-17.73494880676,-14.44807308593));
#3643 = DIRECTION('',(0.,1.));
#3644 = ( GEOMETRIC_REPRESENTATION_CONTEXT(2) 
PARAMETRIC_REPRESENTATION_CONTEXT() REPRESENTATION_CONTEXT('2D SPACE',''
  ) );
#3645 = PCURVE('',#3646,#3651);
#3646 = CYLINDRICAL_SURFACE('',#3647,3.1);
#3647 = AXIS2_PLACEMENT_3D('',#3648,#3649,#3650);
#3648 = CARTESIAN_POINT('',(-1.5,75.,86.));
#3649 = DIRECTION('',(-1.,2.22044604925E-16,-1.110223024625E-16));
#3650 = DIRECTION('',(-2.22044604925E-16,-1.,0.));
#3651 = DEFINITIONAL_REPRESENTATION('',(#3652),#3656);
#3652 = LINE('',#3653,#3654);
#3653 = CARTESIAN_POINT('',(-6.28318530718,-26.));
#3654 = VECTOR('',#3655,1.);
#3655 = DIRECTION('',(1.,-0.));
#3656 = ( GEOMETRIC_REPRESENTATION_CONTEXT(2) 
PARAMETRIC_REPRESENTATION_CONTEXT() REPRESENTATION_CONTEXT('2D SPACE',''
  ) );
#3657 = ADVANCED_FACE('',(#3658),#3177,.F.);
#3658 = FACE_BOUND('',#3659,.F.);
#3659 = EDGE_LOOP('',(#3660,#3683,#3704,#3705));
#3660 = ORIENTED_EDGE('',*,*,#3661,.T.);
#3661 = EDGE_CURVE('',#3578,#3662,#3664,.T.);
#3662 = VERTEX_POINT('',#3663);
#3663 = CARTESIAN_POINT('',(21.5,81.,92.));
#3664 = SURFACE_CURVE('',#3665,(#3669,#3676),.PCURVE_S1.);
#3665 = LINE('',#3666,#3667);
#3666 = CARTESIAN_POINT('',(24.5,81.,92.));
#3667 = VECTOR('',#3668,1.);
#3668 = DIRECTION('',(-1.,2.22044604925E-16,0.));
#3669 = PCURVE('',#3177,#3670);
#3670 = DEFINITIONAL_REPRESENTATION('',(#3671),#3675);
#3671 = LINE('',#3672,#3673);
#3672 = CARTESIAN_POINT('',(0.,0.));
#3673 = VECTOR('',#3674,1.);
#3674 = DIRECTION('',(0.,-1.));
#3675 = ( GEOMETRIC_REPRESENTATION_CONTEXT(2) 
PARAMETRIC_REPRESENTATION_CONTEXT() REPRESENTATION_CONTEXT('2D SPACE',''
  ) );
#3676 = PCURVE('',#3593,#3677);
#3677 = DEFINITIONAL_REPRESENTATION('',(#3678),#3682);
#3678 = LINE('',#3679,#3680);
#3679 = CARTESIAN_POINT('',(6.324555320337,-1.33226762955E-15));
#3680 = VECTOR('',#3681,1.);
#3681 = DIRECTION('',(0.,-1.));
#3682 = ( GEOMETRIC_REPRESENTATION_CONTEXT(2) 
PARAMETRIC_REPRESENTATION_CONTEXT() REPRESENTATION_CONTEXT('2D SPACE',''
  ) );
#3683 = ORIENTED_EDGE('',*,*,#3684,.F.);
#3684 = EDGE_CURVE('',#3162,#3662,#3685,.T.);
#3685 = SURFACE_CURVE('',#3686,(#3690,#3697),.PCURVE_S1.);
#3686 = LINE('',#3687,#3688);
#3687 = CARTESIAN_POINT('',(21.5,85.,80.));
#3688 = VECTOR('',#3689,1.);
#3689 = DIRECTION('',(-7.021666937153E-17,-0.316227766017,0.948683298051
    ));
#3690 = PCURVE('',#3177,#3691);
#3691 = DEFINITIONAL_REPRESENTATION('',(#3692),#3696);
#3692 = LINE('',#3693,#3694);
#3693 = CARTESIAN_POINT('',(12.649110640674,-3.));
#3694 = VECTOR('',#3695,1.);
#3695 = DIRECTION('',(-1.,0.));
#3696 = ( GEOMETRIC_REPRESENTATION_CONTEXT(2) 
PARAMETRIC_REPRESENTATION_CONTEXT() REPRESENTATION_CONTEXT('2D SPACE',''
  ) );
#3697 = PCURVE('',#3205,#3698);
#3698 = DEFINITIONAL_REPRESENTATION('',(#3699),#3703);
#3699 = LINE('',#3700,#3701);
#3700 = CARTESIAN_POINT('',(-11.73494880676,-24.44807308593));
#3701 = VECTOR('',#3702,1.);
#3702 = DIRECTION('',(-0.948683298051,0.316227766017));
#3703 = ( GEOMETRIC_REPRESENTATION_CONTEXT(2) 
PARAMETRIC_REPRESENTATION_CONTEXT() REPRESENTATION_CONTEXT('2D SPACE',''
  ) );
#3704 = ORIENTED_EDGE('',*,*,#3161,.F.);
#3705 = ORIENTED_EDGE('',*,*,#3605,.F.);
#3706 = ADVANCED_FACE('',(#3707,#3847),#3205,.T.);
#3707 = FACE_BOUND('',#3708,.T.);
#3708 = EDGE_LOOP('',(#3709,#3732,#3755,#3778,#3801,#3824,#3845,#3846));
#3709 = ORIENTED_EDGE('',*,*,#3710,.T.);
#3710 = EDGE_CURVE('',#3190,#3711,#3713,.T.);
#3711 = VERTEX_POINT('',#3712);
#3712 = CARTESIAN_POINT('',(21.5,29.,53.));
#3713 = SURFACE_CURVE('',#3714,(#3718,#3725),.PCURVE_S1.);
#3714 = LINE('',#3715,#3716);
#3715 = CARTESIAN_POINT('',(21.5,85.,53.));
#3716 = VECTOR('',#3717,1.);
#3717 = DIRECTION('',(-2.22044604925E-16,-1.,0.));
#3718 = PCURVE('',#3205,#3719);
#3719 = DEFINITIONAL_REPRESENTATION('',(#3720),#3724);
#3720 = LINE('',#3721,#3722);
#3721 = CARTESIAN_POINT('',(15.265051193238,-24.44807308593));
#3722 = VECTOR('',#3723,1.);
#3723 = DIRECTION('',(0.,1.));
#3724 = ( GEOMETRIC_REPRESENTATION_CONTEXT(2) 
PARAMETRIC_REPRESENTATION_CONTEXT() REPRESENTATION_CONTEXT('2D SPACE',''
  ) );
#3725 = PCURVE('',#3231,#3726);
#3726 = DEFINITIONAL_REPRESENTATION('',(#3727),#3731);
#3727 = LINE('',#3728,#3729);
#3728 = CARTESIAN_POINT('',(-4.440892098501E-15,20.));
#3729 = VECTOR('',#3730,1.);
#3730 = DIRECTION('',(1.,0.));
#3731 = ( GEOMETRIC_REPRESENTATION_CONTEXT(2) 
PARAMETRIC_REPRESENTATION_CONTEXT() REPRESENTATION_CONTEXT('2D SPACE',''
  ) );
#3732 = ORIENTED_EDGE('',*,*,#3733,.T.);
#3733 = EDGE_CURVE('',#3711,#3734,#3736,.T.);
#3734 = VERTEX_POINT('',#3735);
#3735 = CARTESIAN_POINT('',(21.5,29.,67.));
#3736 = SURFACE_CURVE('',#3737,(#3741,#3748),.PCURVE_S1.);
#3737 = LINE('',#3738,#3739);
#3738 = CARTESIAN_POINT('',(21.5,29.,53.));
#3739 = VECTOR('',#3740,1.);
#3740 = DIRECTION('',(0.,0.,1.));
#3741 = PCURVE('',#3205,#3742);
#3742 = DEFINITIONAL_REPRESENTATION('',(#3743),#3747);
#3743 = LINE('',#3744,#3745);
#3744 = CARTESIAN_POINT('',(15.265051193238,31.551926914061));
#3745 = VECTOR('',#3746,1.);
#3746 = DIRECTION('',(-1.,0.));
#3747 = ( GEOMETRIC_REPRESENTATION_CONTEXT(2) 
PARAMETRIC_REPRESENTATION_CONTEXT() REPRESENTATION_CONTEXT('2D SPACE',''
  ) );
#3748 = PCURVE('',#3307,#3749);
#3749 = DEFINITIONAL_REPRESENTATION('',(#3750),#3754);
#3750 = LINE('',#3751,#3752);
#3751 = CARTESIAN_POINT('',(3.,-20.));
#3752 = VECTOR('',#3753,1.);
#3753 = DIRECTION('',(1.,0.));
#3754 = ( GEOMETRIC_REPRESENTATION_CONTEXT(2) 
PARAMETRIC_REPRESENTATION_CONTEXT() REPRESENTATION_CONTEXT('2D SPACE',''
  ) );
#3755 = ORIENTED_EDGE('',*,*,#3756,.T.);
#3756 = EDGE_CURVE('',#3734,#3757,#3759,.T.);
#3757 = VERTEX_POINT('',#3758);
#3758 = CARTESIAN_POINT('',(21.5,67.,86.));
#3759 = SURFACE_CURVE('',#3760,(#3764,#3771),.PCURVE_S1.);
#3760 = LINE('',#3761,#3762);
#3761 = CARTESIAN_POINT('',(21.5,29.,67.));
#3762 = VECTOR('',#3763,1.);
#3763 = DIRECTION('',(1.986027322598E-16,0.894427191,0.4472135955));
#3764 = PCURVE('',#3205,#3765);
#3765 = DEFINITIONAL_REPRESENTATION('',(#3766),#3770);
#3766 = LINE('',#3767,#3768);
#3767 = CARTESIAN_POINT('',(1.265051193238,31.551926914061));
#3768 = VECTOR('',#3769,1.);
#3769 = DIRECTION('',(-0.4472135955,-0.894427191));
#3770 = ( GEOMETRIC_REPRESENTATION_CONTEXT(2) 
PARAMETRIC_REPRESENTATION_CONTEXT() REPRESENTATION_CONTEXT('2D SPACE',''
  ) );
#3771 = PCURVE('',#3509,#3772);
#3772 = DEFINITIONAL_REPRESENTATION('',(#3773),#3777);
#3773 = LINE('',#3774,#3775);
#3774 = CARTESIAN_POINT('',(-5.958081967793E-16,-3.));
#3775 = VECTOR('',#3776,1.);
#3776 = DIRECTION('',(1.,0.));
#3777 = ( GEOMETRIC_REPRESENTATION_CONTEXT(2) 
PARAMETRIC_REPRESENTATION_CONTEXT() REPRESENTATION_CONTEXT('2D SPACE',''
  ) );
#3778 = ORIENTED_EDGE('',*,*,#3779,.T.);
#3779 = EDGE_CURVE('',#3757,#3780,#3782,.T.);
#3780 = VERTEX_POINT('',#3781);
#3781 = CARTESIAN_POINT('',(21.5,69.,92.));
#3782 = SURFACE_CURVE('',#3783,(#3787,#3794),.PCURVE_S1.);
#3783 = LINE('',#3784,#3785);
#3784 = CARTESIAN_POINT('',(21.5,67.,86.));
#3785 = VECTOR('',#3786,1.);
#3786 = DIRECTION('',(7.021666937153E-17,0.316227766017,0.948683298051)
  );
#3787 = PCURVE('',#3205,#3788);
#3788 = DEFINITIONAL_REPRESENTATION('',(#3789),#3793);
#3789 = LINE('',#3790,#3791);
#3790 = CARTESIAN_POINT('',(-17.73494880676,-6.448073085939));
#3791 = VECTOR('',#3792,1.);
#3792 = DIRECTION('',(-0.948683298051,-0.316227766017));
#3793 = ( GEOMETRIC_REPRESENTATION_CONTEXT(2) 
PARAMETRIC_REPRESENTATION_CONTEXT() REPRESENTATION_CONTEXT('2D SPACE',''
  ) );
#3794 = PCURVE('',#3537,#3795);
#3795 = DEFINITIONAL_REPRESENTATION('',(#3796),#3800);
#3796 = LINE('',#3797,#3798);
#3797 = CARTESIAN_POINT('',(-2.106500081146E-16,-3.));
#3798 = VECTOR('',#3799,1.);
#3799 = DIRECTION('',(1.,0.));
#3800 = ( GEOMETRIC_REPRESENTATION_CONTEXT(2) 
PARAMETRIC_REPRESENTATION_CONTEXT() REPRESENTATION_CONTEXT('2D SPACE',''
  ) );
#3801 = ORIENTED_EDGE('',*,*,#3802,.T.);
#3802 = EDGE_CURVE('',#3780,#3803,#3805,.T.);
#3803 = VERTEX_POINT('',#3804);
#3804 = CARTESIAN_POINT('',(21.5,75.,94.));
#3805 = SURFACE_CURVE('',#3806,(#3810,#3817),.PCURVE_S1.);
#3806 = LINE('',#3807,#3808);
#3807 = CARTESIAN_POINT('',(21.5,69.,92.));
#3808 = VECTOR('',#3809,1.);
#3809 = DIRECTION('',(2.106500081146E-16,0.948683298051,0.316227766017)
  );
#3810 = PCURVE('',#3205,#3811);
#3811 = DEFINITIONAL_REPRESENTATION('',(#3812),#3816);
#3812 = LINE('',#3813,#3814);
#3813 = CARTESIAN_POINT('',(-23.73494880676,-8.448073085939));
#3814 = VECTOR('',#3815,1.);
#3815 = DIRECTION('',(-0.316227766017,-0.948683298051));
#3816 = ( GEOMETRIC_REPRESENTATION_CONTEXT(2) 
PARAMETRIC_REPRESENTATION_CONTEXT() REPRESENTATION_CONTEXT('2D SPACE',''
  ) );
#3817 = PCURVE('',#3565,#3818);
#3818 = DEFINITIONAL_REPRESENTATION('',(#3819),#3823);
#3819 = LINE('',#3820,#3821);
#3820 = CARTESIAN_POINT('',(-6.319500243438E-16,-3.));
#3821 = VECTOR('',#3822,1.);
#3822 = DIRECTION('',(1.,0.));
#3823 = ( GEOMETRIC_REPRESENTATION_CONTEXT(2) 
PARAMETRIC_REPRESENTATION_CONTEXT() REPRESENTATION_CONTEXT('2D SPACE',''
  ) );
#3824 = ORIENTED_EDGE('',*,*,#3825,.T.);
#3825 = EDGE_CURVE('',#3803,#3662,#3826,.T.);
#3826 = SURFACE_CURVE('',#3827,(#3831,#3838),.PCURVE_S1.);
#3827 = LINE('',#3828,#3829);
#3828 = CARTESIAN_POINT('',(21.5,75.,94.));
#3829 = VECTOR('',#3830,1.);
#3830 = DIRECTION('',(2.106500081146E-16,0.948683298051,-0.316227766017)
  );
#3831 = PCURVE('',#3205,#3832);
#3832 = DEFINITIONAL_REPRESENTATION('',(#3833),#3837);
#3833 = LINE('',#3834,#3835);
#3834 = CARTESIAN_POINT('',(-25.73494880676,-14.44807308593));
#3835 = VECTOR('',#3836,1.);
#3836 = DIRECTION('',(0.316227766017,-0.948683298051));
#3837 = ( GEOMETRIC_REPRESENTATION_CONTEXT(2) 
PARAMETRIC_REPRESENTATION_CONTEXT() REPRESENTATION_CONTEXT('2D SPACE',''
  ) );
#3838 = PCURVE('',#3593,#3839);
#3839 = DEFINITIONAL_REPRESENTATION('',(#3840),#3844);
#3840 = LINE('',#3841,#3842);
#3841 = CARTESIAN_POINT('',(-6.319500243438E-16,-3.));
#3842 = VECTOR('',#3843,1.);
#3843 = DIRECTION('',(1.,0.));
#3844 = ( GEOMETRIC_REPRESENTATION_CONTEXT(2) 
PARAMETRIC_REPRESENTATION_CONTEXT() REPRESENTATION_CONTEXT('2D SPACE',''
  ) );
#3845 = ORIENTED_EDGE('',*,*,#3684,.F.);
#3846 = ORIENTED_EDGE('',*,*,#3189,.T.);
#3847 = FACE_BOUND('',#3848,.T.);
#3848 = EDGE_LOOP('',(#3849));
#3849 = ORIENTED_EDGE('',*,*,#3850,.F.);
#3850 = EDGE_CURVE('',#3851,#3851,#3853,.T.);
#3851 = VERTEX_POINT('',#3852);
#3852 = CARTESIAN_POINT('',(21.5,71.9,86.));
#3853 = SURFACE_CURVE('',#3854,(#3859,#3866),.PCURVE_S1.);
#3854 = CIRCLE('',#3855,3.1);
#3855 = AXIS2_PLACEMENT_3D('',#3856,#3857,#3858);
#3856 = CARTESIAN_POINT('',(21.5,75.,86.));
#3857 = DIRECTION('',(-1.,2.22044604925E-16,-1.110223024625E-16));
#3858 = DIRECTION('',(-2.22044604925E-16,-1.,0.));
#3859 = PCURVE('',#3205,#3860);
#3860 = DEFINITIONAL_REPRESENTATION('',(#3861),#3865);
#3861 = CIRCLE('',#3862,3.1);
#3862 = AXIS2_PLACEMENT_2D('',#3863,#3864);
#3863 = CARTESIAN_POINT('',(-17.73494880676,-14.44807308593));
#3864 = DIRECTION('',(0.,1.));
#3865 = ( GEOMETRIC_REPRESENTATION_CONTEXT(2) 
PARAMETRIC_REPRESENTATION_CONTEXT() REPRESENTATION_CONTEXT('2D SPACE',''
  ) );
#3866 = PCURVE('',#3646,#3867);
#3867 = DEFINITIONAL_REPRESENTATION('',(#3868),#3872);
#3868 = LINE('',#3869,#3870);
#3869 = CARTESIAN_POINT('',(-6.28318530718,-23.));
#3870 = VECTOR('',#3871,1.);
#3871 = DIRECTION('',(1.,-0.));
#3872 = ( GEOMETRIC_REPRESENTATION_CONTEXT(2) 
PARAMETRIC_REPRESENTATION_CONTEXT() REPRESENTATION_CONTEXT('2D SPACE',''
  ) );
#3873 = ADVANCED_FACE('',(#3874),#3231,.T.);
#3874 = FACE_BOUND('',#3875,.T.);
#3875 = EDGE_LOOP('',(#3876,#3877,#3878,#3899));
#3876 = ORIENTED_EDGE('',*,*,#3217,.F.);
#3877 = ORIENTED_EDGE('',*,*,#3270,.T.);
#3878 = ORIENTED_EDGE('',*,*,#3879,.T.);
#3879 = EDGE_CURVE('',#3271,#3711,#3880,.T.);
#3880 = SURFACE_CURVE('',#3881,(#3885,#3892),.PCURVE_S1.);
#3881 = LINE('',#3882,#3883);
#3882 = CARTESIAN_POINT('',(1.5,29.,53.));
#3883 = VECTOR('',#3884,1.);
#3884 = DIRECTION('',(1.,-2.22044604925E-16,0.));
#3885 = PCURVE('',#3231,#3886);
#3886 = DEFINITIONAL_REPRESENTATION('',(#3887),#3891);
#3887 = LINE('',#3888,#3889);
#3888 = CARTESIAN_POINT('',(56.,0.));
#3889 = VECTOR('',#3890,1.);
#3890 = DIRECTION('',(0.,1.));
#3891 = ( GEOMETRIC_REPRESENTATION_CONTEXT(2) 
PARAMETRIC_REPRESENTATION_CONTEXT() REPRESENTATION_CONTEXT('2D SPACE',''
  ) );
#3892 = PCURVE('',#3307,#3893);
#3893 = DEFINITIONAL_REPRESENTATION('',(#3894),#3898);
#3894 = LINE('',#3895,#3896);
#3895 = CARTESIAN_POINT('',(3.,0.));
#3896 = VECTOR('',#3897,1.);
#3897 = DIRECTION('',(0.,-1.));
#3898 = ( GEOMETRIC_REPRESENTATION_CONTEXT(2) 
PARAMETRIC_REPRESENTATION_CONTEXT() REPRESENTATION_CONTEXT('2D SPACE',''
  ) );
#3899 = ORIENTED_EDGE('',*,*,#3710,.F.);
#3900 = ADVANCED_FACE('',(#3901),#3307,.T.);
#3901 = FACE_BOUND('',#3902,.T.);
#3902 = EDGE_LOOP('',(#3903,#3904,#3905,#3906,#3907,#3908,#3929,#3930));
#3903 = ORIENTED_EDGE('',*,*,#3293,.F.);
#3904 = ORIENTED_EDGE('',*,*,#3324,.T.);
#3905 = ORIENTED_EDGE('',*,*,#3396,.T.);
#3906 = ORIENTED_EDGE('',*,*,#3444,.F.);
#3907 = ORIENTED_EDGE('',*,*,#3470,.T.);
#3908 = ORIENTED_EDGE('',*,*,#3909,.T.);
#3909 = EDGE_CURVE('',#3471,#3734,#3910,.T.);
#3910 = SURFACE_CURVE('',#3911,(#3915,#3922),.PCURVE_S1.);
#3911 = LINE('',#3912,#3913);
#3912 = CARTESIAN_POINT('',(24.5,29.,67.));
#3913 = VECTOR('',#3914,1.);
#3914 = DIRECTION('',(-1.,2.22044604925E-16,0.));
#3915 = PCURVE('',#3307,#3916);
#3916 = DEFINITIONAL_REPRESENTATION('',(#3917),#3921);
#3917 = LINE('',#3918,#3919);
#3918 = CARTESIAN_POINT('',(17.,-23.));
#3919 = VECTOR('',#3920,1.);
#3920 = DIRECTION('',(0.,1.));
#3921 = ( GEOMETRIC_REPRESENTATION_CONTEXT(2) 
PARAMETRIC_REPRESENTATION_CONTEXT() REPRESENTATION_CONTEXT('2D SPACE',''
  ) );
#3922 = PCURVE('',#3509,#3923);
#3923 = DEFINITIONAL_REPRESENTATION('',(#3924),#3928);
#3924 = LINE('',#3925,#3926);
#3925 = CARTESIAN_POINT('',(0.,0.));
#3926 = VECTOR('',#3927,1.);
#3927 = DIRECTION('',(0.,-1.));
#3928 = ( GEOMETRIC_REPRESENTATION_CONTEXT(2) 
PARAMETRIC_REPRESENTATION_CONTEXT() REPRESENTATION_CONTEXT('2D SPACE',''
  ) );
#3929 = ORIENTED_EDGE('',*,*,#3733,.F.);
#3930 = ORIENTED_EDGE('',*,*,#3879,.F.);
#3931 = ADVANCED_FACE('',(#3932),#3509,.F.);
#3932 = FACE_BOUND('',#3933,.F.);
#3933 = EDGE_LOOP('',(#3934,#3935,#3936,#3957));
#3934 = ORIENTED_EDGE('',*,*,#3909,.T.);
#3935 = ORIENTED_EDGE('',*,*,#3756,.T.);
#3936 = ORIENTED_EDGE('',*,*,#3937,.F.);
#3937 = EDGE_CURVE('',#3494,#3757,#3938,.T.);
#3938 = SURFACE_CURVE('',#3939,(#3943,#3950),.PCURVE_S1.);
#3939 = LINE('',#3940,#3941);
#3940 = CARTESIAN_POINT('',(24.5,67.,86.));
#3941 = VECTOR('',#3942,1.);
#3942 = DIRECTION('',(-1.,2.22044604925E-16,0.));
#3943 = PCURVE('',#3509,#3944);
#3944 = DEFINITIONAL_REPRESENTATION('',(#3945),#3949);
#3945 = LINE('',#3946,#3947);
#3946 = CARTESIAN_POINT('',(42.485291572496,2.22044604925E-15));
#3947 = VECTOR('',#3948,1.);
#3948 = DIRECTION('',(0.,-1.));
#3949 = ( GEOMETRIC_REPRESENTATION_CONTEXT(2) 
PARAMETRIC_REPRESENTATION_CONTEXT() REPRESENTATION_CONTEXT('2D SPACE',''
  ) );
#3950 = PCURVE('',#3537,#3951);
#3951 = DEFINITIONAL_REPRESENTATION('',(#3952),#3956);
#3952 = LINE('',#3953,#3954);
#3953 = CARTESIAN_POINT('',(0.,0.));
#3954 = VECTOR('',#3955,1.);
#3955 = DIRECTION('',(0.,-1.));
#3956 = ( GEOMETRIC_REPRESENTATION_CONTEXT(2) 
PARAMETRIC_REPRESENTATION_CONTEXT() REPRESENTATION_CONTEXT('2D SPACE',''
  ) );
#3957 = ORIENTED_EDGE('',*,*,#3493,.F.);
#3958 = ADVANCED_FACE('',(#3959),#3593,.F.);
#3959 = FACE_BOUND('',#3960,.F.);
#3960 = EDGE_LOOP('',(#3961,#3982,#3983,#3984));
#3961 = ORIENTED_EDGE('',*,*,#3962,.T.);
#3962 = EDGE_CURVE('',#3550,#3803,#3963,.T.);
#3963 = SURFACE_CURVE('',#3964,(#3968,#3975),.PCURVE_S1.);
#3964 = LINE('',#3965,#3966);
#3965 = CARTESIAN_POINT('',(24.5,75.,94.));
#3966 = VECTOR('',#3967,1.);
#3967 = DIRECTION('',(-1.,2.22044604925E-16,0.));
#3968 = PCURVE('',#3593,#3969);
#3969 = DEFINITIONAL_REPRESENTATION('',(#3970),#3974);
#3970 = LINE('',#3971,#3972);
#3971 = CARTESIAN_POINT('',(0.,0.));
#3972 = VECTOR('',#3973,1.);
#3973 = DIRECTION('',(0.,-1.));
#3974 = ( GEOMETRIC_REPRESENTATION_CONTEXT(2) 
PARAMETRIC_REPRESENTATION_CONTEXT() REPRESENTATION_CONTEXT('2D SPACE',''
  ) );
#3975 = PCURVE('',#3565,#3976);
#3976 = DEFINITIONAL_REPRESENTATION('',(#3977),#3981);
#3977 = LINE('',#3978,#3979);
#3978 = CARTESIAN_POINT('',(6.324555320337,2.22044604925E-15));
#3979 = VECTOR('',#3980,1.);
#3980 = DIRECTION('',(0.,-1.));
#3981 = ( GEOMETRIC_REPRESENTATION_CONTEXT(2) 
PARAMETRIC_REPRESENTATION_CONTEXT() REPRESENTATION_CONTEXT('2D SPACE',''
  ) );
#3982 = ORIENTED_EDGE('',*,*,#3825,.T.);
#3983 = ORIENTED_EDGE('',*,*,#3661,.F.);
#3984 = ORIENTED_EDGE('',*,*,#3577,.F.);
#3985 = ADVANCED_FACE('',(#3986),#3537,.F.);
#3986 = FACE_BOUND('',#3987,.F.);
#3987 = EDGE_LOOP('',(#3988,#3989,#3990,#4011));
#3988 = ORIENTED_EDGE('',*,*,#3937,.T.);
#3989 = ORIENTED_EDGE('',*,*,#3779,.T.);
#3990 = ORIENTED_EDGE('',*,*,#3991,.F.);
#3991 = EDGE_CURVE('',#3522,#3780,#3992,.T.);
#3992 = SURFACE_CURVE('',#3993,(#3997,#4004),.PCURVE_S1.);
#3993 = LINE('',#3994,#3995);
#3994 = CARTESIAN_POINT('',(24.5,69.,92.));
#3995 = VECTOR('',#3996,1.);
#3996 = DIRECTION('',(-1.,2.22044604925E-16,0.));
#3997 = PCURVE('',#3537,#3998);
#3998 = DEFINITIONAL_REPRESENTATION('',(#3999),#4003);
#3999 = LINE('',#4000,#4001);
#4000 = CARTESIAN_POINT('',(6.324555320337,-4.440892098501E-16));
#4001 = VECTOR('',#4002,1.);
#4002 = DIRECTION('',(0.,-1.));
#4003 = ( GEOMETRIC_REPRESENTATION_CONTEXT(2) 
PARAMETRIC_REPRESENTATION_CONTEXT() REPRESENTATION_CONTEXT('2D SPACE',''
  ) );
#4004 = PCURVE('',#3565,#4005);
#4005 = DEFINITIONAL_REPRESENTATION('',(#4006),#4010);
#4006 = LINE('',#4007,#4008);
#4007 = CARTESIAN_POINT('',(0.,0.));
#4008 = VECTOR('',#4009,1.);
#4009 = DIRECTION('',(0.,-1.));
#4010 = ( GEOMETRIC_REPRESENTATION_CONTEXT(2) 
PARAMETRIC_REPRESENTATION_CONTEXT() REPRESENTATION_CONTEXT('2D SPACE',''
  ) );
#4011 = ORIENTED_EDGE('',*,*,#3521,.F.);
#4012 = ADVANCED_FACE('',(#4013),#3565,.F.);
#4013 = FACE_BOUND('',#4014,.F.);
#4014 = EDGE_LOOP('',(#4015,#4016,#4017,#4018));
#4015 = ORIENTED_EDGE('',*,*,#3991,.T.);
#4016 = ORIENTED_EDGE('',*,*,#3802,.T.);
#4017 = ORIENTED_EDGE('',*,*,#3962,.F.);
#4018 = ORIENTED_EDGE('',*,*,#3549,.F.);
#4019 = ADVANCED_FACE('',(#4020),#3646,.F.);
#4020 = FACE_BOUND('',#4021,.T.);
#4021 = EDGE_LOOP('',(#4022,#4023,#4044,#4045));
#4022 = ORIENTED_EDGE('',*,*,#3850,.T.);
#4023 = ORIENTED_EDGE('',*,*,#4024,.T.);
#4024 = EDGE_CURVE('',#3851,#3630,#4025,.T.);
#4025 = SEAM_CURVE('',#4026,(#4030,#4037),.PCURVE_S1.);
#4026 = LINE('',#4027,#4028);
#4027 = CARTESIAN_POINT('',(-1.5,71.9,86.));
#4028 = VECTOR('',#4029,1.);
#4029 = DIRECTION('',(1.,-2.22044604925E-16,1.110223024625E-16));
#4030 = PCURVE('',#3646,#4031);
#4031 = DEFINITIONAL_REPRESENTATION('',(#4032),#4036);
#4032 = LINE('',#4033,#4034);
#4033 = CARTESIAN_POINT('',(-6.28318530718,0.));
#4034 = VECTOR('',#4035,1.);
#4035 = DIRECTION('',(-0.,-1.));
#4036 = ( GEOMETRIC_REPRESENTATION_CONTEXT(2) 
PARAMETRIC_REPRESENTATION_CONTEXT() REPRESENTATION_CONTEXT('2D SPACE',''
  ) );
#4037 = PCURVE('',#3646,#4038);
#4038 = DEFINITIONAL_REPRESENTATION('',(#4039),#4043);
#4039 = LINE('',#4040,#4041);
#4040 = CARTESIAN_POINT('',(-0.,0.));
#4041 = VECTOR('',#4042,1.);
#4042 = DIRECTION('',(-0.,-1.));
#4043 = ( GEOMETRIC_REPRESENTATION_CONTEXT(2) 
PARAMETRIC_REPRESENTATION_CONTEXT() REPRESENTATION_CONTEXT('2D SPACE',''
  ) );
#4044 = ORIENTED_EDGE('',*,*,#3629,.F.);
#4045 = ORIENTED_EDGE('',*,*,#4024,.F.);
#4046 = MANIFOLD_SOLID_BREP('',#4047);
#4047 = CLOSED_SHELL('',(#4048,#4168,#4244,#4320,#4485,#4634,#4661,#4688
    ,#4715,#4742,#4749));
#4048 = ADVANCED_FACE('',(#4049),#4063,.F.);
#4049 = FACE_BOUND('',#4050,.F.);
#4050 = EDGE_LOOP('',(#4051,#4086,#4114,#4142));
#4051 = ORIENTED_EDGE('',*,*,#4052,.T.);
#4052 = EDGE_CURVE('',#4053,#4055,#4057,.T.);
#4053 = VERTEX_POINT('',#4054);
#4054 = CARTESIAN_POINT('',(1.5,85.,53.));
#4055 = VERTEX_POINT('',#4056);
#4056 = CARTESIAN_POINT('',(-1.5,85.,53.));
#4057 = SURFACE_CURVE('',#4058,(#4062,#4074),.PCURVE_S1.);
#4058 = LINE('',#4059,#4060);
#4059 = CARTESIAN_POINT('',(1.5,85.,53.));
#4060 = VECTOR('',#4061,1.);
#4061 = DIRECTION('',(-1.,2.22044604925E-16,0.));
#4062 = PCURVE('',#4063,#4068);
#4063 = PLANE('',#4064);
#4064 = AXIS2_PLACEMENT_3D('',#4065,#4066,#4067);
#4065 = CARTESIAN_POINT('',(1.5,85.,53.));
#4066 = DIRECTION('',(0.,0.,1.));
#4067 = DIRECTION('',(-2.22044604925E-16,-1.,0.));
#4068 = DEFINITIONAL_REPRESENTATION('',(#4069),#4073);
#4069 = LINE('',#4070,#4071);
#4070 = CARTESIAN_POINT('',(0.,0.));
#4071 = VECTOR('',#4072,1.);
#4072 = DIRECTION('',(0.,-1.));
#4073 = ( GEOMETRIC_REPRESENTATION_CONTEXT(2) 
PARAMETRIC_REPRESENTATION_CONTEXT() REPRESENTATION_CONTEXT('2D SPACE',''
  ) );
#4074 = PCURVE('',#4075,#4080);
#4075 = PLANE('',#4076);
#4076 = AXIS2_PLACEMENT_3D('',#4077,#4078,#4079);
#4077 = CARTESIAN_POINT('',(1.5,85.,80.));
#4078 = DIRECTION('',(-2.22044604925E-16,-1.,0.));
#4079 = DIRECTION('',(0.,-0.,-1.));
#4080 = DEFINITIONAL_REPRESENTATION('',(#4081),#4085);
#4081 = LINE('',#4082,#4083);
#4082 = CARTESIAN_POINT('',(27.,0.));
#4083 = VECTOR('',#4084,1.);
#4084 = DIRECTION('',(-0.,-1.));
#4085 = ( GEOMETRIC_REPRESENTATION_CONTEXT(2) 
PARAMETRIC_REPRESENTATION_CONTEXT() REPRESENTATION_CONTEXT('2D SPACE',''
  ) );
#4086 = ORIENTED_EDGE('',*,*,#4087,.T.);
#4087 = EDGE_CURVE('',#4055,#4088,#4090,.T.);
#4088 = VERTEX_POINT('',#4089);
#4089 = CARTESIAN_POINT('',(-1.5,29.,53.));
#4090 = SURFACE_CURVE('',#4091,(#4095,#4102),.PCURVE_S1.);
#4091 = LINE('',#4092,#4093);
#4092 = CARTESIAN_POINT('',(-1.5,85.,53.));
#4093 = VECTOR('',#4094,1.);
#4094 = DIRECTION('',(-2.22044604925E-16,-1.,0.));
#4095 = PCURVE('',#4063,#4096);
#4096 = DEFINITIONAL_REPRESENTATION('',(#4097),#4101);
#4097 = LINE('',#4098,#4099);
#4098 = CARTESIAN_POINT('',(6.661338147751E-16,-3.));
#4099 = VECTOR('',#4100,1.);
#4100 = DIRECTION('',(1.,0.));
#4101 = ( GEOMETRIC_REPRESENTATION_CONTEXT(2) 
PARAMETRIC_REPRESENTATION_CONTEXT() REPRESENTATION_CONTEXT('2D SPACE',''
  ) );
#4102 = PCURVE('',#4103,#4108);
#4103 = PLANE('',#4104);
#4104 = AXIS2_PLACEMENT_3D('',#4105,#4106,#4107);
#4105 = CARTESIAN_POINT('',(-1.5,60.551926914061,68.265051193238));
#4106 = DIRECTION('',(-1.,2.22044604925E-16,-0.));
#4107 = DIRECTION('',(0.,-0.,-1.));
#4108 = DEFINITIONAL_REPRESENTATION('',(#4109),#4113);
#4109 = LINE('',#4110,#4111);
#4110 = CARTESIAN_POINT('',(15.265051193238,-24.44807308593));
#4111 = VECTOR('',#4112,1.);
#4112 = DIRECTION('',(0.,1.));
#4113 = ( GEOMETRIC_REPRESENTATION_CONTEXT(2) 
PARAMETRIC_REPRESENTATION_CONTEXT() REPRESENTATION_CONTEXT('2D SPACE',''
  ) );
#4114 = ORIENTED_EDGE('',*,*,#4115,.F.);
#4115 = EDGE_CURVE('',#4116,#4088,#4118,.T.);
#4116 = VERTEX_POINT('',#4117);
#4117 = CARTESIAN_POINT('',(1.5,29.,53.));
#4118 = SURFACE_CURVE('',#4119,(#4123,#4130),.PCURVE_S1.);
#4119 = LINE('',#4120,#4121);
#4120 = CARTESIAN_POINT('',(1.5,29.,53.));
#4121 = VECTOR('',#4122,1.);
#4122 = DIRECTION('',(-1.,2.22044604925E-16,0.));
#4123 = PCURVE('',#4063,#4124);
#4124 = DEFINITIONAL_REPRESENTATION('',(#4125),#4129);
#4125 = LINE('',#4126,#4127);
#4126 = CARTESIAN_POINT('',(56.,0.));
#4127 = VECTOR('',#4128,1.);
#4128 = DIRECTION('',(0.,-1.));
#4129 = ( GEOMETRIC_REPRESENTATION_CONTEXT(2) 
PARAMETRIC_REPRESENTATION_CONTEXT() REPRESENTATION_CONTEXT('2D SPACE',''
  ) );
#4130 = PCURVE('',#4131,#4136);
#4131 = PLANE('',#4132);
#4132 = AXIS2_PLACEMENT_3D('',#4133,#4134,#4135);
#4133 = CARTESIAN_POINT('',(1.5,29.,53.));
#4134 = DIRECTION('',(2.22044604925E-16,1.,0.));
#4135 = DIRECTION('',(0.,0.,1.));
#4136 = DEFINITIONAL_REPRESENTATION('',(#4137),#4141);
#4137 = LINE('',#4138,#4139);
#4138 = CARTESIAN_POINT('',(0.,0.));
#4139 = VECTOR('',#4140,1.);
#4140 = DIRECTION('',(0.,-1.));
#4141 = ( GEOMETRIC_REPRESENTATION_CONTEXT(2) 
PARAMETRIC_REPRESENTATION_CONTEXT() REPRESENTATION_CONTEXT('2D SPACE',''
  ) );
#4142 = ORIENTED_EDGE('',*,*,#4143,.F.);
#4143 = EDGE_CURVE('',#4053,#4116,#4144,.T.);
#4144 = SURFACE_CURVE('',#4145,(#4149,#4156),.PCURVE_S1.);
#4145 = LINE('',#4146,#4147);
#4146 = CARTESIAN_POINT('',(1.5,85.,53.));
#4147 = VECTOR('',#4148,1.);
#4148 = DIRECTION('',(-2.22044604925E-16,-1.,0.));
#4149 = PCURVE('',#4063,#4150);
#4150 = DEFINITIONAL_REPRESENTATION('',(#4151),#4155);
#4151 = LINE('',#4152,#4153);
#4152 = CARTESIAN_POINT('',(0.,0.));
#4153 = VECTOR('',#4154,1.);
#4154 = DIRECTION('',(1.,0.));
#4155 = ( GEOMETRIC_REPRESENTATION_CONTEXT(2) 
PARAMETRIC_REPRESENTATION_CONTEXT() REPRESENTATION_CONTEXT('2D SPACE',''
  ) );
#4156 = PCURVE('',#4157,#4162);
#4157 = PLANE('',#4158);
#4158 = AXIS2_PLACEMENT_3D('',#4159,#4160,#4161);
#4159 = CARTESIAN_POINT('',(1.5,60.551926914061,68.265051193238));
#4160 = DIRECTION('',(-1.,2.22044604925E-16,-0.));
#4161 = DIRECTION('',(0.,-0.,-1.));
#4162 = DEFINITIONAL_REPRESENTATION('',(#4163),#4167);
#4163 = LINE('',#4164,#4165);
#4164 = CARTESIAN_POINT('',(15.265051193238,-24.44807308593));
#4165 = VECTOR('',#4166,1.);
#4166 = DIRECTION('',(0.,1.));
#4167 = ( GEOMETRIC_REPRESENTATION_CONTEXT(2) 
PARAMETRIC_REPRESENTATION_CONTEXT() REPRESENTATION_CONTEXT('2D SPACE',''
  ) );
#4168 = ADVANCED_FACE('',(#4169),#4075,.F.);
#4169 = FACE_BOUND('',#4170,.F.);
#4170 = EDGE_LOOP('',(#4171,#4201,#4222,#4223));
#4171 = ORIENTED_EDGE('',*,*,#4172,.T.);
#4172 = EDGE_CURVE('',#4173,#4175,#4177,.T.);
#4173 = VERTEX_POINT('',#4174);
#4174 = CARTESIAN_POINT('',(1.5,85.,80.));
#4175 = VERTEX_POINT('',#4176);
#4176 = CARTESIAN_POINT('',(-1.5,85.,80.));
#4177 = SURFACE_CURVE('',#4178,(#4182,#4189),.PCURVE_S1.);
#4178 = LINE('',#4179,#4180);
#4179 = CARTESIAN_POINT('',(1.5,85.,80.));
#4180 = VECTOR('',#4181,1.);
#4181 = DIRECTION('',(-1.,2.22044604925E-16,0.));
#4182 = PCURVE('',#4075,#4183);
#4183 = DEFINITIONAL_REPRESENTATION('',(#4184),#4188);
#4184 = LINE('',#4185,#4186);
#4185 = CARTESIAN_POINT('',(0.,0.));
#4186 = VECTOR('',#4187,1.);
#4187 = DIRECTION('',(-0.,-1.));
#4188 = ( GEOMETRIC_REPRESENTATION_CONTEXT(2) 
PARAMETRIC_REPRESENTATION_CONTEXT() REPRESENTATION_CONTEXT('2D SPACE',''
  ) );
#4189 = PCURVE('',#4190,#4195);
#4190 = PLANE('',#4191);
#4191 = AXIS2_PLACEMENT_3D('',#4192,#4193,#4194);
#4192 = CARTESIAN_POINT('',(1.5,81.,92.));
#4193 = DIRECTION('',(-2.106500081146E-16,-0.948683298051,
    -0.316227766017));
#4194 = DIRECTION('',(7.021666937153E-17,0.316227766017,-0.948683298051)
  );
#4195 = DEFINITIONAL_REPRESENTATION('',(#4196),#4200);
#4196 = LINE('',#4197,#4198);
#4197 = CARTESIAN_POINT('',(12.649110640674,-8.881784197001E-16));
#4198 = VECTOR('',#4199,1.);
#4199 = DIRECTION('',(0.,-1.));
#4200 = ( GEOMETRIC_REPRESENTATION_CONTEXT(2) 
PARAMETRIC_REPRESENTATION_CONTEXT() REPRESENTATION_CONTEXT('2D SPACE',''
  ) );
#4201 = ORIENTED_EDGE('',*,*,#4202,.T.);
#4202 = EDGE_CURVE('',#4175,#4055,#4203,.T.);
#4203 = SURFACE_CURVE('',#4204,(#4208,#4215),.PCURVE_S1.);
#4204 = LINE('',#4205,#4206);
#4205 = CARTESIAN_POINT('',(-1.5,85.,80.));
#4206 = VECTOR('',#4207,1.);
#4207 = DIRECTION('',(0.,-0.,-1.));
#4208 = PCURVE('',#4075,#4209);
#4209 = DEFINITIONAL_REPRESENTATION('',(#4210),#4214);
#4210 = LINE('',#4211,#4212);
#4211 = CARTESIAN_POINT('',(-0.,-3.));
#4212 = VECTOR('',#4213,1.);
#4213 = DIRECTION('',(1.,0.));
#4214 = ( GEOMETRIC_REPRESENTATION_CONTEXT(2) 
PARAMETRIC_REPRESENTATION_CONTEXT() REPRESENTATION_CONTEXT('2D SPACE',''
  ) );
#4215 = PCURVE('',#4103,#4216);
#4216 = DEFINITIONAL_REPRESENTATION('',(#4217),#4221);
#4217 = LINE('',#4218,#4219);
#4218 = CARTESIAN_POINT('',(-11.73494880676,-24.44807308593));
#4219 = VECTOR('',#4220,1.);
#4220 = DIRECTION('',(1.,0.));
#4221 = ( GEOMETRIC_REPRESENTATION_CONTEXT(2) 
PARAMETRIC_REPRESENTATION_CONTEXT() REPRESENTATION_CONTEXT('2D SPACE',''
  ) );
#4222 = ORIENTED_EDGE('',*,*,#4052,.F.);
#4223 = ORIENTED_EDGE('',*,*,#4224,.F.);
#4224 = EDGE_CURVE('',#4173,#4053,#4225,.T.);
#4225 = SURFACE_CURVE('',#4226,(#4230,#4237),.PCURVE_S1.);
#4226 = LINE('',#4227,#4228);
#4227 = CARTESIAN_POINT('',(1.5,85.,80.));
#4228 = VECTOR('',#4229,1.);
#4229 = DIRECTION('',(0.,-0.,-1.));
#4230 = PCURVE('',#4075,#4231);
#4231 = DEFINITIONAL_REPRESENTATION('',(#4232),#4236);
#4232 = LINE('',#4233,#4234);
#4233 = CARTESIAN_POINT('',(0.,0.));
#4234 = VECTOR('',#4235,1.);
#4235 = DIRECTION('',(1.,0.));
#4236 = ( GEOMETRIC_REPRESENTATION_CONTEXT(2) 
PARAMETRIC_REPRESENTATION_CONTEXT() REPRESENTATION_CONTEXT('2D SPACE',''
  ) );
#4237 = PCURVE('',#4157,#4238);
#4238 = DEFINITIONAL_REPRESENTATION('',(#4239),#4243);
#4239 = LINE('',#4240,#4241);
#4240 = CARTESIAN_POINT('',(-11.73494880676,-24.44807308593));
#4241 = VECTOR('',#4242,1.);
#4242 = DIRECTION('',(1.,0.));
#4243 = ( GEOMETRIC_REPRESENTATION_CONTEXT(2) 
PARAMETRIC_REPRESENTATION_CONTEXT() REPRESENTATION_CONTEXT('2D SPACE',''
  ) );
#4244 = ADVANCED_FACE('',(#4245),#4131,.F.);
#4245 = FACE_BOUND('',#4246,.F.);
#4246 = EDGE_LOOP('',(#4247,#4248,#4271,#4299));
#4247 = ORIENTED_EDGE('',*,*,#4115,.T.);
#4248 = ORIENTED_EDGE('',*,*,#4249,.T.);
#4249 = EDGE_CURVE('',#4088,#4250,#4252,.T.);
#4250 = VERTEX_POINT('',#4251);
#4251 = CARTESIAN_POINT('',(-1.5,29.,67.));
#4252 = SURFACE_CURVE('',#4253,(#4257,#4264),.PCURVE_S1.);
#4253 = LINE('',#4254,#4255);
#4254 = CARTESIAN_POINT('',(-1.5,29.,53.));
#4255 = VECTOR('',#4256,1.);
#4256 = DIRECTION('',(0.,0.,1.));
#4257 = PCURVE('',#4131,#4258);
#4258 = DEFINITIONAL_REPRESENTATION('',(#4259),#4263);
#4259 = LINE('',#4260,#4261);
#4260 = CARTESIAN_POINT('',(0.,-3.));
#4261 = VECTOR('',#4262,1.);
#4262 = DIRECTION('',(1.,0.));
#4263 = ( GEOMETRIC_REPRESENTATION_CONTEXT(2) 
PARAMETRIC_REPRESENTATION_CONTEXT() REPRESENTATION_CONTEXT('2D SPACE',''
  ) );
#4264 = PCURVE('',#4103,#4265);
#4265 = DEFINITIONAL_REPRESENTATION('',(#4266),#4270);
#4266 = LINE('',#4267,#4268);
#4267 = CARTESIAN_POINT('',(15.265051193238,31.551926914061));
#4268 = VECTOR('',#4269,1.);
#4269 = DIRECTION('',(-1.,0.));
#4270 = ( GEOMETRIC_REPRESENTATION_CONTEXT(2) 
PARAMETRIC_REPRESENTATION_CONTEXT() REPRESENTATION_CONTEXT('2D SPACE',''
  ) );
#4271 = ORIENTED_EDGE('',*,*,#4272,.F.);
#4272 = EDGE_CURVE('',#4273,#4250,#4275,.T.);
#4273 = VERTEX_POINT('',#4274);
#4274 = CARTESIAN_POINT('',(1.5,29.,67.));
#4275 = SURFACE_CURVE('',#4276,(#4280,#4287),.PCURVE_S1.);
#4276 = LINE('',#4277,#4278);
#4277 = CARTESIAN_POINT('',(1.5,29.,67.));
#4278 = VECTOR('',#4279,1.);
#4279 = DIRECTION('',(-1.,2.22044604925E-16,0.));
#4280 = PCURVE('',#4131,#4281);
#4281 = DEFINITIONAL_REPRESENTATION('',(#4282),#4286);
#4282 = LINE('',#4283,#4284);
#4283 = CARTESIAN_POINT('',(14.,0.));
#4284 = VECTOR('',#4285,1.);
#4285 = DIRECTION('',(0.,-1.));
#4286 = ( GEOMETRIC_REPRESENTATION_CONTEXT(2) 
PARAMETRIC_REPRESENTATION_CONTEXT() REPRESENTATION_CONTEXT('2D SPACE',''
  ) );
#4287 = PCURVE('',#4288,#4293);
#4288 = PLANE('',#4289);
#4289 = AXIS2_PLACEMENT_3D('',#4290,#4291,#4292);
#4290 = CARTESIAN_POINT('',(1.5,29.,67.));
#4291 = DIRECTION('',(9.930136612989E-17,0.4472135955,-0.894427191));
#4292 = DIRECTION('',(1.986027322598E-16,0.894427191,0.4472135955));
#4293 = DEFINITIONAL_REPRESENTATION('',(#4294),#4298);
#4294 = LINE('',#4295,#4296);
#4295 = CARTESIAN_POINT('',(0.,0.));
#4296 = VECTOR('',#4297,1.);
#4297 = DIRECTION('',(0.,-1.));
#4298 = ( GEOMETRIC_REPRESENTATION_CONTEXT(2) 
PARAMETRIC_REPRESENTATION_CONTEXT() REPRESENTATION_CONTEXT('2D SPACE',''
  ) );
#4299 = ORIENTED_EDGE('',*,*,#4300,.F.);
#4300 = EDGE_CURVE('',#4116,#4273,#4301,.T.);
#4301 = SURFACE_CURVE('',#4302,(#4306,#4313),.PCURVE_S1.);
#4302 = LINE('',#4303,#4304);
#4303 = CARTESIAN_POINT('',(1.5,29.,53.));
#4304 = VECTOR('',#4305,1.);
#4305 = DIRECTION('',(0.,0.,1.));
#4306 = PCURVE('',#4131,#4307);
#4307 = DEFINITIONAL_REPRESENTATION('',(#4308),#4312);
#4308 = LINE('',#4309,#4310);
#4309 = CARTESIAN_POINT('',(0.,0.));
#4310 = VECTOR('',#4311,1.);
#4311 = DIRECTION('',(1.,0.));
#4312 = ( GEOMETRIC_REPRESENTATION_CONTEXT(2) 
PARAMETRIC_REPRESENTATION_CONTEXT() REPRESENTATION_CONTEXT('2D SPACE',''
  ) );
#4313 = PCURVE('',#4157,#4314);
#4314 = DEFINITIONAL_REPRESENTATION('',(#4315),#4319);
#4315 = LINE('',#4316,#4317);
#4316 = CARTESIAN_POINT('',(15.265051193238,31.551926914061));
#4317 = VECTOR('',#4318,1.);
#4318 = DIRECTION('',(-1.,0.));
#4319 = ( GEOMETRIC_REPRESENTATION_CONTEXT(2) 
PARAMETRIC_REPRESENTATION_CONTEXT() REPRESENTATION_CONTEXT('2D SPACE',''
  ) );
#4320 = ADVANCED_FACE('',(#4321,#4454),#4157,.F.);
#4321 = FACE_BOUND('',#4322,.F.);
#4322 = EDGE_LOOP('',(#4323,#4324,#4325,#4348,#4376,#4404,#4432,#4453));
#4323 = ORIENTED_EDGE('',*,*,#4143,.T.);
#4324 = ORIENTED_EDGE('',*,*,#4300,.T.);
#4325 = ORIENTED_EDGE('',*,*,#4326,.T.);
#4326 = EDGE_CURVE('',#4273,#4327,#4329,.T.);
#4327 = VERTEX_POINT('',#4328);
#4328 = CARTESIAN_POINT('',(1.5,67.,86.));
#4329 = SURFACE_CURVE('',#4330,(#4334,#4341),.PCURVE_S1.);
#4330 = LINE('',#4331,#4332);
#4331 = CARTESIAN_POINT('',(1.5,29.,67.));
#4332 = VECTOR('',#4333,1.);
#4333 = DIRECTION('',(1.986027322598E-16,0.894427191,0.4472135955));
#4334 = PCURVE('',#4157,#4335);
#4335 = DEFINITIONAL_REPRESENTATION('',(#4336),#4340);
#4336 = LINE('',#4337,#4338);
#4337 = CARTESIAN_POINT('',(1.265051193238,31.551926914061));
#4338 = VECTOR('',#4339,1.);
#4339 = DIRECTION('',(-0.4472135955,-0.894427191));
#4340 = ( GEOMETRIC_REPRESENTATION_CONTEXT(2) 
PARAMETRIC_REPRESENTATION_CONTEXT() REPRESENTATION_CONTEXT('2D SPACE',''
  ) );
#4341 = PCURVE('',#4288,#4342);
#4342 = DEFINITIONAL_REPRESENTATION('',(#4343),#4347);
#4343 = LINE('',#4344,#4345);
#4344 = CARTESIAN_POINT('',(0.,0.));
#4345 = VECTOR('',#4346,1.);
#4346 = DIRECTION('',(1.,0.));
#4347 = ( GEOMETRIC_REPRESENTATION_CONTEXT(2) 
PARAMETRIC_REPRESENTATION_CONTEXT() REPRESENTATION_CONTEXT('2D SPACE',''
  ) );
#4348 = ORIENTED_EDGE('',*,*,#4349,.T.);
#4349 = EDGE_CURVE('',#4327,#4350,#4352,.T.);
#4350 = VERTEX_POINT('',#4351);
#4351 = CARTESIAN_POINT('',(1.5,69.,92.));
#4352 = SURFACE_CURVE('',#4353,(#4357,#4364),.PCURVE_S1.);
#4353 = LINE('',#4354,#4355);
#4354 = CARTESIAN_POINT('',(1.5,67.,86.));
#4355 = VECTOR('',#4356,1.);
#4356 = DIRECTION('',(7.021666937153E-17,0.316227766017,0.948683298051)
  );
#4357 = PCURVE('',#4157,#4358);
#4358 = DEFINITIONAL_REPRESENTATION('',(#4359),#4363);
#4359 = LINE('',#4360,#4361);
#4360 = CARTESIAN_POINT('',(-17.73494880676,-6.448073085939));
#4361 = VECTOR('',#4362,1.);
#4362 = DIRECTION('',(-0.948683298051,-0.316227766017));
#4363 = ( GEOMETRIC_REPRESENTATION_CONTEXT(2) 
PARAMETRIC_REPRESENTATION_CONTEXT() REPRESENTATION_CONTEXT('2D SPACE',''
  ) );
#4364 = PCURVE('',#4365,#4370);
#4365 = PLANE('',#4366);
#4366 = AXIS2_PLACEMENT_3D('',#4367,#4368,#4369);
#4367 = CARTESIAN_POINT('',(1.5,67.,86.));
#4368 = DIRECTION('',(2.106500081146E-16,0.948683298051,-0.316227766017)
  );
#4369 = DIRECTION('',(7.021666937153E-17,0.316227766017,0.948683298051)
  );
#4370 = DEFINITIONAL_REPRESENTATION('',(#4371),#4375);
#4371 = LINE('',#4372,#4373);
#4372 = CARTESIAN_POINT('',(0.,0.));
#4373 = VECTOR('',#4374,1.);
#4374 = DIRECTION('',(1.,0.));
#4375 = ( GEOMETRIC_REPRESENTATION_CONTEXT(2) 
PARAMETRIC_REPRESENTATION_CONTEXT() REPRESENTATION_CONTEXT('2D SPACE',''
  ) );
#4376 = ORIENTED_EDGE('',*,*,#4377,.T.);
#4377 = EDGE_CURVE('',#4350,#4378,#4380,.T.);
#4378 = VERTEX_POINT('',#4379);
#4379 = CARTESIAN_POINT('',(1.5,75.,94.));
#4380 = SURFACE_CURVE('',#4381,(#4385,#4392),.PCURVE_S1.);
#4381 = LINE('',#4382,#4383);
#4382 = CARTESIAN_POINT('',(1.5,69.,92.));
#4383 = VECTOR('',#4384,1.);
#4384 = DIRECTION('',(2.106500081146E-16,0.948683298051,0.316227766017)
  );
#4385 = PCURVE('',#4157,#4386);
#4386 = DEFINITIONAL_REPRESENTATION('',(#4387),#4391);
#4387 = LINE('',#4388,#4389);
#4388 = CARTESIAN_POINT('',(-23.73494880676,-8.448073085939));
#4389 = VECTOR('',#4390,1.);
#4390 = DIRECTION('',(-0.316227766017,-0.948683298051));
#4391 = ( GEOMETRIC_REPRESENTATION_CONTEXT(2) 
PARAMETRIC_REPRESENTATION_CONTEXT() REPRESENTATION_CONTEXT('2D SPACE',''
  ) );
#4392 = PCURVE('',#4393,#4398);
#4393 = PLANE('',#4394);
#4394 = AXIS2_PLACEMENT_3D('',#4395,#4396,#4397);
#4395 = CARTESIAN_POINT('',(1.5,69.,92.));
#4396 = DIRECTION('',(7.021666937153E-17,0.316227766017,-0.948683298051)
  );
#4397 = DIRECTION('',(2.106500081146E-16,0.948683298051,0.316227766017)
  );
#4398 = DEFINITIONAL_REPRESENTATION('',(#4399),#4403);
#4399 = LINE('',#4400,#4401);
#4400 = CARTESIAN_POINT('',(0.,0.));
#4401 = VECTOR('',#4402,1.);
#4402 = DIRECTION('',(1.,0.));
#4403 = ( GEOMETRIC_REPRESENTATION_CONTEXT(2) 
PARAMETRIC_REPRESENTATION_CONTEXT() REPRESENTATION_CONTEXT('2D SPACE',''
  ) );
#4404 = ORIENTED_EDGE('',*,*,#4405,.T.);
#4405 = EDGE_CURVE('',#4378,#4406,#4408,.T.);
#4406 = VERTEX_POINT('',#4407);
#4407 = CARTESIAN_POINT('',(1.5,81.,92.));
#4408 = SURFACE_CURVE('',#4409,(#4413,#4420),.PCURVE_S1.);
#4409 = LINE('',#4410,#4411);
#4410 = CARTESIAN_POINT('',(1.5,75.,94.));
#4411 = VECTOR('',#4412,1.);
#4412 = DIRECTION('',(2.106500081146E-16,0.948683298051,-0.316227766017)
  );
#4413 = PCURVE('',#4157,#4414);
#4414 = DEFINITIONAL_REPRESENTATION('',(#4415),#4419);
#4415 = LINE('',#4416,#4417);
#4416 = CARTESIAN_POINT('',(-25.73494880676,-14.44807308593));
#4417 = VECTOR('',#4418,1.);
#4418 = DIRECTION('',(0.316227766017,-0.948683298051));
#4419 = ( GEOMETRIC_REPRESENTATION_CONTEXT(2) 
PARAMETRIC_REPRESENTATION_CONTEXT() REPRESENTATION_CONTEXT('2D SPACE',''
  ) );
#4420 = PCURVE('',#4421,#4426);
#4421 = PLANE('',#4422);
#4422 = AXIS2_PLACEMENT_3D('',#4423,#4424,#4425);
#4423 = CARTESIAN_POINT('',(1.5,75.,94.));
#4424 = DIRECTION('',(-7.021666937153E-17,-0.316227766017,
    -0.948683298051));
#4425 = DIRECTION('',(2.106500081146E-16,0.948683298051,-0.316227766017)
  );
#4426 = DEFINITIONAL_REPRESENTATION('',(#4427),#4431);
#4427 = LINE('',#4428,#4429);
#4428 = CARTESIAN_POINT('',(0.,0.));
#4429 = VECTOR('',#4430,1.);
#4430 = DIRECTION('',(1.,0.));
#4431 = ( GEOMETRIC_REPRESENTATION_CONTEXT(2) 
PARAMETRIC_REPRESENTATION_CONTEXT() REPRESENTATION_CONTEXT('2D SPACE',''
  ) );
#4432 = ORIENTED_EDGE('',*,*,#4433,.T.);
#4433 = EDGE_CURVE('',#4406,#4173,#4434,.T.);
#4434 = SURFACE_CURVE('',#4435,(#4439,#4446),.PCURVE_S1.);
#4435 = LINE('',#4436,#4437);
#4436 = CARTESIAN_POINT('',(1.5,81.,92.));
#4437 = VECTOR('',#4438,1.);
#4438 = DIRECTION('',(7.021666937153E-17,0.316227766017,-0.948683298051)
  );
#4439 = PCURVE('',#4157,#4440);
#4440 = DEFINITIONAL_REPRESENTATION('',(#4441),#4445);
#4441 = LINE('',#4442,#4443);
#4442 = CARTESIAN_POINT('',(-23.73494880676,-20.44807308593));
#4443 = VECTOR('',#4444,1.);
#4444 = DIRECTION('',(0.948683298051,-0.316227766017));
#4445 = ( GEOMETRIC_REPRESENTATION_CONTEXT(2) 
PARAMETRIC_REPRESENTATION_CONTEXT() REPRESENTATION_CONTEXT('2D SPACE',''
  ) );
#4446 = PCURVE('',#4190,#4447);
#4447 = DEFINITIONAL_REPRESENTATION('',(#4448),#4452);
#4448 = LINE('',#4449,#4450);
#4449 = CARTESIAN_POINT('',(0.,0.));
#4450 = VECTOR('',#4451,1.);
#4451 = DIRECTION('',(1.,0.));
#4452 = ( GEOMETRIC_REPRESENTATION_CONTEXT(2) 
PARAMETRIC_REPRESENTATION_CONTEXT() REPRESENTATION_CONTEXT('2D SPACE',''
  ) );
#4453 = ORIENTED_EDGE('',*,*,#4224,.T.);
#4454 = FACE_BOUND('',#4455,.F.);
#4455 = EDGE_LOOP('',(#4456));
#4456 = ORIENTED_EDGE('',*,*,#4457,.F.);
#4457 = EDGE_CURVE('',#4458,#4458,#4460,.T.);
#4458 = VERTEX_POINT('',#4459);
#4459 = CARTESIAN_POINT('',(1.5,71.9,86.));
#4460 = SURFACE_CURVE('',#4461,(#4466,#4473),.PCURVE_S1.);
#4461 = CIRCLE('',#4462,3.1);
#4462 = AXIS2_PLACEMENT_3D('',#4463,#4464,#4465);
#4463 = CARTESIAN_POINT('',(1.5,75.,86.));
#4464 = DIRECTION('',(-1.,2.22044604925E-16,-1.110223024625E-16));
#4465 = DIRECTION('',(-2.22044604925E-16,-1.,0.));
#4466 = PCURVE('',#4157,#4467);
#4467 = DEFINITIONAL_REPRESENTATION('',(#4468),#4472);
#4468 = CIRCLE('',#4469,3.1);
#4469 = AXIS2_PLACEMENT_2D('',#4470,#4471);
#4470 = CARTESIAN_POINT('',(-17.73494880676,-14.44807308593));
#4471 = DIRECTION('',(0.,1.));
#4472 = ( GEOMETRIC_REPRESENTATION_CONTEXT(2) 
PARAMETRIC_REPRESENTATION_CONTEXT() REPRESENTATION_CONTEXT('2D SPACE',''
  ) );
#4473 = PCURVE('',#4474,#4479);
#4474 = CYLINDRICAL_SURFACE('',#4475,3.1);
#4475 = AXIS2_PLACEMENT_3D('',#4476,#4477,#4478);
#4476 = CARTESIAN_POINT('',(-1.5,75.,86.));
#4477 = DIRECTION('',(-1.,2.22044604925E-16,-1.110223024625E-16));
#4478 = DIRECTION('',(-2.22044604925E-16,-1.,0.));
#4479 = DEFINITIONAL_REPRESENTATION('',(#4480),#4484);
#4480 = LINE('',#4481,#4482);
#4481 = CARTESIAN_POINT('',(-6.28318530718,-3.));
#4482 = VECTOR('',#4483,1.);
#4483 = DIRECTION('',(1.,-0.));
#4484 = ( GEOMETRIC_REPRESENTATION_CONTEXT(2) 
PARAMETRIC_REPRESENTATION_CONTEXT() REPRESENTATION_CONTEXT('2D SPACE',''
  ) );
#4485 = ADVANCED_FACE('',(#4486,#4604),#4103,.T.);
#4486 = FACE_BOUND('',#4487,.T.);
#4487 = EDGE_LOOP('',(#4488,#4489,#4490,#4513,#4536,#4559,#4582,#4603));
#4488 = ORIENTED_EDGE('',*,*,#4087,.T.);
#4489 = ORIENTED_EDGE('',*,*,#4249,.T.);
#4490 = ORIENTED_EDGE('',*,*,#4491,.T.);
#4491 = EDGE_CURVE('',#4250,#4492,#4494,.T.);
#4492 = VERTEX_POINT('',#4493);
#4493 = CARTESIAN_POINT('',(-1.5,67.,86.));
#4494 = SURFACE_CURVE('',#4495,(#4499,#4506),.PCURVE_S1.);
#4495 = LINE('',#4496,#4497);
#4496 = CARTESIAN_POINT('',(-1.5,29.,67.));
#4497 = VECTOR('',#4498,1.);
#4498 = DIRECTION('',(1.986027322598E-16,0.894427191,0.4472135955));
#4499 = PCURVE('',#4103,#4500);
#4500 = DEFINITIONAL_REPRESENTATION('',(#4501),#4505);
#4501 = LINE('',#4502,#4503);
#4502 = CARTESIAN_POINT('',(1.265051193238,31.551926914061));
#4503 = VECTOR('',#4504,1.);
#4504 = DIRECTION('',(-0.4472135955,-0.894427191));
#4505 = ( GEOMETRIC_REPRESENTATION_CONTEXT(2) 
PARAMETRIC_REPRESENTATION_CONTEXT() REPRESENTATION_CONTEXT('2D SPACE',''
  ) );
#4506 = PCURVE('',#4288,#4507);
#4507 = DEFINITIONAL_REPRESENTATION('',(#4508),#4512);
#4508 = LINE('',#4509,#4510);
#4509 = CARTESIAN_POINT('',(-5.958081967793E-16,-3.));
#4510 = VECTOR('',#4511,1.);
#4511 = DIRECTION('',(1.,0.));
#4512 = ( GEOMETRIC_REPRESENTATION_CONTEXT(2) 
PARAMETRIC_REPRESENTATION_CONTEXT() REPRESENTATION_CONTEXT('2D SPACE',''
  ) );
#4513 = ORIENTED_EDGE('',*,*,#4514,.T.);
#4514 = EDGE_CURVE('',#4492,#4515,#4517,.T.);
#4515 = VERTEX_POINT('',#4516);
#4516 = CARTESIAN_POINT('',(-1.5,69.,92.));
#4517 = SURFACE_CURVE('',#4518,(#4522,#4529),.PCURVE_S1.);
#4518 = LINE('',#4519,#4520);
#4519 = CARTESIAN_POINT('',(-1.5,67.,86.));
#4520 = VECTOR('',#4521,1.);
#4521 = DIRECTION('',(7.021666937153E-17,0.316227766017,0.948683298051)
  );
#4522 = PCURVE('',#4103,#4523);
#4523 = DEFINITIONAL_REPRESENTATION('',(#4524),#4528);
#4524 = LINE('',#4525,#4526);
#4525 = CARTESIAN_POINT('',(-17.73494880676,-6.448073085939));
#4526 = VECTOR('',#4527,1.);
#4527 = DIRECTION('',(-0.948683298051,-0.316227766017));
#4528 = ( GEOMETRIC_REPRESENTATION_CONTEXT(2) 
PARAMETRIC_REPRESENTATION_CONTEXT() REPRESENTATION_CONTEXT('2D SPACE',''
  ) );
#4529 = PCURVE('',#4365,#4530);
#4530 = DEFINITIONAL_REPRESENTATION('',(#4531),#4535);
#4531 = LINE('',#4532,#4533);
#4532 = CARTESIAN_POINT('',(-2.106500081146E-16,-3.));
#4533 = VECTOR('',#4534,1.);
#4534 = DIRECTION('',(1.,0.));
#4535 = ( GEOMETRIC_REPRESENTATION_CONTEXT(2) 
PARAMETRIC_REPRESENTATION_CONTEXT() REPRESENTATION_CONTEXT('2D SPACE',''
  ) );
#4536 = ORIENTED_EDGE('',*,*,#4537,.T.);
#4537 = EDGE_CURVE('',#4515,#4538,#4540,.T.);
#4538 = VERTEX_POINT('',#4539);
#4539 = CARTESIAN_POINT('',(-1.5,75.,94.));
#4540 = SURFACE_CURVE('',#4541,(#4545,#4552),.PCURVE_S1.);
#4541 = LINE('',#4542,#4543);
#4542 = CARTESIAN_POINT('',(-1.5,69.,92.));
#4543 = VECTOR('',#4544,1.);
#4544 = DIRECTION('',(2.106500081146E-16,0.948683298051,0.316227766017)
  );
#4545 = PCURVE('',#4103,#4546);
#4546 = DEFINITIONAL_REPRESENTATION('',(#4547),#4551);
#4547 = LINE('',#4548,#4549);
#4548 = CARTESIAN_POINT('',(-23.73494880676,-8.448073085939));
#4549 = VECTOR('',#4550,1.);
#4550 = DIRECTION('',(-0.316227766017,-0.948683298051));
#4551 = ( GEOMETRIC_REPRESENTATION_CONTEXT(2) 
PARAMETRIC_REPRESENTATION_CONTEXT() REPRESENTATION_CONTEXT('2D SPACE',''
  ) );
#4552 = PCURVE('',#4393,#4553);
#4553 = DEFINITIONAL_REPRESENTATION('',(#4554),#4558);
#4554 = LINE('',#4555,#4556);
#4555 = CARTESIAN_POINT('',(-6.319500243438E-16,-3.));
#4556 = VECTOR('',#4557,1.);
#4557 = DIRECTION('',(1.,0.));
#4558 = ( GEOMETRIC_REPRESENTATION_CONTEXT(2) 
PARAMETRIC_REPRESENTATION_CONTEXT() REPRESENTATION_CONTEXT('2D SPACE',''
  ) );
#4559 = ORIENTED_EDGE('',*,*,#4560,.T.);
#4560 = EDGE_CURVE('',#4538,#4561,#4563,.T.);
#4561 = VERTEX_POINT('',#4562);
#4562 = CARTESIAN_POINT('',(-1.5,81.,92.));
#4563 = SURFACE_CURVE('',#4564,(#4568,#4575),.PCURVE_S1.);
#4564 = LINE('',#4565,#4566);
#4565 = CARTESIAN_POINT('',(-1.5,75.,94.));
#4566 = VECTOR('',#4567,1.);
#4567 = DIRECTION('',(2.106500081146E-16,0.948683298051,-0.316227766017)
  );
#4568 = PCURVE('',#4103,#4569);
#4569 = DEFINITIONAL_REPRESENTATION('',(#4570),#4574);
#4570 = LINE('',#4571,#4572);
#4571 = CARTESIAN_POINT('',(-25.73494880676,-14.44807308593));
#4572 = VECTOR('',#4573,1.);
#4573 = DIRECTION('',(0.316227766017,-0.948683298051));
#4574 = ( GEOMETRIC_REPRESENTATION_CONTEXT(2) 
PARAMETRIC_REPRESENTATION_CONTEXT() REPRESENTATION_CONTEXT('2D SPACE',''
  ) );
#4575 = PCURVE('',#4421,#4576);
#4576 = DEFINITIONAL_REPRESENTATION('',(#4577),#4581);
#4577 = LINE('',#4578,#4579);
#4578 = CARTESIAN_POINT('',(-6.319500243438E-16,-3.));
#4579 = VECTOR('',#4580,1.);
#4580 = DIRECTION('',(1.,0.));
#4581 = ( GEOMETRIC_REPRESENTATION_CONTEXT(2) 
PARAMETRIC_REPRESENTATION_CONTEXT() REPRESENTATION_CONTEXT('2D SPACE',''
  ) );
#4582 = ORIENTED_EDGE('',*,*,#4583,.F.);
#4583 = EDGE_CURVE('',#4175,#4561,#4584,.T.);
#4584 = SURFACE_CURVE('',#4585,(#4589,#4596),.PCURVE_S1.);
#4585 = LINE('',#4586,#4587);
#4586 = CARTESIAN_POINT('',(-1.5,85.,80.));
#4587 = VECTOR('',#4588,1.);
#4588 = DIRECTION('',(-7.021666937153E-17,-0.316227766017,0.948683298051
    ));
#4589 = PCURVE('',#4103,#4590);
#4590 = DEFINITIONAL_REPRESENTATION('',(#4591),#4595);
#4591 = LINE('',#4592,#4593);
#4592 = CARTESIAN_POINT('',(-11.73494880676,-24.44807308593));
#4593 = VECTOR('',#4594,1.);
#4594 = DIRECTION('',(-0.948683298051,0.316227766017));
#4595 = ( GEOMETRIC_REPRESENTATION_CONTEXT(2) 
PARAMETRIC_REPRESENTATION_CONTEXT() REPRESENTATION_CONTEXT('2D SPACE',''
  ) );
#4596 = PCURVE('',#4190,#4597);
#4597 = DEFINITIONAL_REPRESENTATION('',(#4598),#4602);
#4598 = LINE('',#4599,#4600);
#4599 = CARTESIAN_POINT('',(12.649110640674,-3.));
#4600 = VECTOR('',#4601,1.);
#4601 = DIRECTION('',(-1.,0.));
#4602 = ( GEOMETRIC_REPRESENTATION_CONTEXT(2) 
PARAMETRIC_REPRESENTATION_CONTEXT() REPRESENTATION_CONTEXT('2D SPACE',''
  ) );
#4603 = ORIENTED_EDGE('',*,*,#4202,.T.);
#4604 = FACE_BOUND('',#4605,.T.);
#4605 = EDGE_LOOP('',(#4606));
#4606 = ORIENTED_EDGE('',*,*,#4607,.T.);
#4607 = EDGE_CURVE('',#4608,#4608,#4610,.T.);
#4608 = VERTEX_POINT('',#4609);
#4609 = CARTESIAN_POINT('',(-1.5,71.9,86.));
#4610 = SURFACE_CURVE('',#4611,(#4616,#4627),.PCURVE_S1.);
#4611 = CIRCLE('',#4612,3.1);
#4612 = AXIS2_PLACEMENT_3D('',#4613,#4614,#4615);
#4613 = CARTESIAN_POINT('',(-1.5,75.,86.));
#4614 = DIRECTION('',(1.,-2.22044604925E-16,1.110223024625E-16));
#4615 = DIRECTION('',(-2.22044604925E-16,-1.,0.));
#4616 = PCURVE('',#4103,#4617);
#4617 = DEFINITIONAL_REPRESENTATION('',(#4618),#4626);
#4618 = ( BOUNDED_CURVE() B_SPLINE_CURVE(2,(#4619,#4620,#4621,#4622,
#4623,#4624,#4625),.UNSPECIFIED.,.T.,.F.) B_SPLINE_CURVE_WITH_KNOTS((1,2
    ,2,2,2,1),(-2.094395102393,0.,2.094395102393,4.188790204786,
6.28318530718,8.377580409573),.UNSPECIFIED.) CURVE() 
GEOMETRIC_REPRESENTATION_ITEM() RATIONAL_B_SPLINE_CURVE((1.,0.5,1.,0.5,
1.,0.5,1.)) REPRESENTATION_ITEM('') );
#4619 = CARTESIAN_POINT('',(-17.73494880676,-11.34807308593));
#4620 = CARTESIAN_POINT('',(-12.36559130329,-11.34807308593));
#4621 = CARTESIAN_POINT('',(-15.05027005503,-15.99807308593));
#4622 = CARTESIAN_POINT('',(-17.73494880676,-20.64807308593));
#4623 = CARTESIAN_POINT('',(-20.41962755849,-15.99807308593));
#4624 = CARTESIAN_POINT('',(-23.10430631022,-11.34807308593));
#4625 = CARTESIAN_POINT('',(-17.73494880676,-11.34807308593));
#4626 = ( GEOMETRIC_REPRESENTATION_CONTEXT(2) 
PARAMETRIC_REPRESENTATION_CONTEXT() REPRESENTATION_CONTEXT('2D SPACE',''
  ) );
#4627 = PCURVE('',#4474,#4628);
#4628 = DEFINITIONAL_REPRESENTATION('',(#4629),#4633);
#4629 = LINE('',#4630,#4631);
#4630 = CARTESIAN_POINT('',(-0.,0.));
#4631 = VECTOR('',#4632,1.);
#4632 = DIRECTION('',(-1.,0.));
#4633 = ( GEOMETRIC_REPRESENTATION_CONTEXT(2) 
PARAMETRIC_REPRESENTATION_CONTEXT() REPRESENTATION_CONTEXT('2D SPACE',''
  ) );
#4634 = ADVANCED_FACE('',(#4635),#4190,.F.);
#4635 = FACE_BOUND('',#4636,.F.);
#4636 = EDGE_LOOP('',(#4637,#4658,#4659,#4660));
#4637 = ORIENTED_EDGE('',*,*,#4638,.T.);
#4638 = EDGE_CURVE('',#4406,#4561,#4639,.T.);
#4639 = SURFACE_CURVE('',#4640,(#4644,#4651),.PCURVE_S1.);
#4640 = LINE('',#4641,#4642);
#4641 = CARTESIAN_POINT('',(1.5,81.,92.));
#4642 = VECTOR('',#4643,1.);
#4643 = DIRECTION('',(-1.,2.22044604925E-16,0.));
#4644 = PCURVE('',#4190,#4645);
#4645 = DEFINITIONAL_REPRESENTATION('',(#4646),#4650);
#4646 = LINE('',#4647,#4648);
#4647 = CARTESIAN_POINT('',(0.,0.));
#4648 = VECTOR('',#4649,1.);
#4649 = DIRECTION('',(0.,-1.));
#4650 = ( GEOMETRIC_REPRESENTATION_CONTEXT(2) 
PARAMETRIC_REPRESENTATION_CONTEXT() REPRESENTATION_CONTEXT('2D SPACE',''
  ) );
#4651 = PCURVE('',#4421,#4652);
#4652 = DEFINITIONAL_REPRESENTATION('',(#4653),#4657);
#4653 = LINE('',#4654,#4655);
#4654 = CARTESIAN_POINT('',(6.324555320337,4.440892098501E-16));
#4655 = VECTOR('',#4656,1.);
#4656 = DIRECTION('',(0.,-1.));
#4657 = ( GEOMETRIC_REPRESENTATION_CONTEXT(2) 
PARAMETRIC_REPRESENTATION_CONTEXT() REPRESENTATION_CONTEXT('2D SPACE',''
  ) );
#4658 = ORIENTED_EDGE('',*,*,#4583,.F.);
#4659 = ORIENTED_EDGE('',*,*,#4172,.F.);
#4660 = ORIENTED_EDGE('',*,*,#4433,.F.);
#4661 = ADVANCED_FACE('',(#4662),#4288,.F.);
#4662 = FACE_BOUND('',#4663,.F.);
#4663 = EDGE_LOOP('',(#4664,#4665,#4666,#4687));
#4664 = ORIENTED_EDGE('',*,*,#4272,.T.);
#4665 = ORIENTED_EDGE('',*,*,#4491,.T.);
#4666 = ORIENTED_EDGE('',*,*,#4667,.F.);
#4667 = EDGE_CURVE('',#4327,#4492,#4668,.T.);
#4668 = SURFACE_CURVE('',#4669,(#4673,#4680),.PCURVE_S1.);
#4669 = LINE('',#4670,#4671);
#4670 = CARTESIAN_POINT('',(1.5,67.,86.));
#4671 = VECTOR('',#4672,1.);
#4672 = DIRECTION('',(-1.,2.22044604925E-16,0.));
#4673 = PCURVE('',#4288,#4674);
#4674 = DEFINITIONAL_REPRESENTATION('',(#4675),#4679);
#4675 = LINE('',#4676,#4677);
#4676 = CARTESIAN_POINT('',(42.485291572496,4.440892098501E-16));
#4677 = VECTOR('',#4678,1.);
#4678 = DIRECTION('',(0.,-1.));
#4679 = ( GEOMETRIC_REPRESENTATION_CONTEXT(2) 
PARAMETRIC_REPRESENTATION_CONTEXT() REPRESENTATION_CONTEXT('2D SPACE',''
  ) );
#4680 = PCURVE('',#4365,#4681);
#4681 = DEFINITIONAL_REPRESENTATION('',(#4682),#4686);
#4682 = LINE('',#4683,#4684);
#4683 = CARTESIAN_POINT('',(0.,0.));
#4684 = VECTOR('',#4685,1.);
#4685 = DIRECTION('',(0.,-1.));
#4686 = ( GEOMETRIC_REPRESENTATION_CONTEXT(2) 
PARAMETRIC_REPRESENTATION_CONTEXT() REPRESENTATION_CONTEXT('2D SPACE',''
  ) );
#4687 = ORIENTED_EDGE('',*,*,#4326,.F.);
#4688 = ADVANCED_FACE('',(#4689),#4421,.F.);
#4689 = FACE_BOUND('',#4690,.F.);
#4690 = EDGE_LOOP('',(#4691,#4712,#4713,#4714));
#4691 = ORIENTED_EDGE('',*,*,#4692,.T.);
#4692 = EDGE_CURVE('',#4378,#4538,#4693,.T.);
#4693 = SURFACE_CURVE('',#4694,(#4698,#4705),.PCURVE_S1.);
#4694 = LINE('',#4695,#4696);
#4695 = CARTESIAN_POINT('',(1.5,75.,94.));
#4696 = VECTOR('',#4697,1.);
#4697 = DIRECTION('',(-1.,2.22044604925E-16,0.));
#4698 = PCURVE('',#4421,#4699);
#4699 = DEFINITIONAL_REPRESENTATION('',(#4700),#4704);
#4700 = LINE('',#4701,#4702);
#4701 = CARTESIAN_POINT('',(0.,0.));
#4702 = VECTOR('',#4703,1.);
#4703 = DIRECTION('',(0.,-1.));
#4704 = ( GEOMETRIC_REPRESENTATION_CONTEXT(2) 
PARAMETRIC_REPRESENTATION_CONTEXT() REPRESENTATION_CONTEXT('2D SPACE',''
  ) );
#4705 = PCURVE('',#4393,#4706);
#4706 = DEFINITIONAL_REPRESENTATION('',(#4707),#4711);
#4707 = LINE('',#4708,#4709);
#4708 = CARTESIAN_POINT('',(6.324555320337,4.440892098501E-16));
#4709 = VECTOR('',#4710,1.);
#4710 = DIRECTION('',(0.,-1.));
#4711 = ( GEOMETRIC_REPRESENTATION_CONTEXT(2) 
PARAMETRIC_REPRESENTATION_CONTEXT() REPRESENTATION_CONTEXT('2D SPACE',''
  ) );
#4712 = ORIENTED_EDGE('',*,*,#4560,.T.);
#4713 = ORIENTED_EDGE('',*,*,#4638,.F.);
#4714 = ORIENTED_EDGE('',*,*,#4405,.F.);
#4715 = ADVANCED_FACE('',(#4716),#4365,.F.);
#4716 = FACE_BOUND('',#4717,.F.);
#4717 = EDGE_LOOP('',(#4718,#4719,#4720,#4741));
#4718 = ORIENTED_EDGE('',*,*,#4667,.T.);
#4719 = ORIENTED_EDGE('',*,*,#4514,.T.);
#4720 = ORIENTED_EDGE('',*,*,#4721,.F.);
#4721 = EDGE_CURVE('',#4350,#4515,#4722,.T.);
#4722 = SURFACE_CURVE('',#4723,(#4727,#4734),.PCURVE_S1.);
#4723 = LINE('',#4724,#4725);
#4724 = CARTESIAN_POINT('',(1.5,69.,92.));
#4725 = VECTOR('',#4726,1.);
#4726 = DIRECTION('',(-1.,2.22044604925E-16,0.));
#4727 = PCURVE('',#4365,#4728);
#4728 = DEFINITIONAL_REPRESENTATION('',(#4729),#4733);
#4729 = LINE('',#4730,#4731);
#4730 = CARTESIAN_POINT('',(6.324555320337,-4.440892098501E-16));
#4731 = VECTOR('',#4732,1.);
#4732 = DIRECTION('',(0.,-1.));
#4733 = ( GEOMETRIC_REPRESENTATION_CONTEXT(2) 
PARAMETRIC_REPRESENTATION_CONTEXT() REPRESENTATION_CONTEXT('2D SPACE',''
  ) );
#4734 = PCURVE('',#4393,#4735);
#4735 = DEFINITIONAL_REPRESENTATION('',(#4736),#4740);
#4736 = LINE('',#4737,#4738);
#4737 = CARTESIAN_POINT('',(0.,0.));
#4738 = VECTOR('',#4739,1.);
#4739 = DIRECTION('',(0.,-1.));
#4740 = ( GEOMETRIC_REPRESENTATION_CONTEXT(2) 
PARAMETRIC_REPRESENTATION_CONTEXT() REPRESENTATION_CONTEXT('2D SPACE',''
  ) );
#4741 = ORIENTED_EDGE('',*,*,#4349,.F.);
#4742 = ADVANCED_FACE('',(#4743),#4393,.F.);
#4743 = FACE_BOUND('',#4744,.F.);
#4744 = EDGE_LOOP('',(#4745,#4746,#4747,#4748));
#4745 = ORIENTED_EDGE('',*,*,#4721,.T.);
#4746 = ORIENTED_EDGE('',*,*,#4537,.T.);
#4747 = ORIENTED_EDGE('',*,*,#4692,.F.);
#4748 = ORIENTED_EDGE('',*,*,#4377,.F.);
#4749 = ADVANCED_FACE('',(#4750),#4474,.F.);
#4750 = FACE_BOUND('',#4751,.T.);
#4751 = EDGE_LOOP('',(#4752,#4753,#4774,#4775));
#4752 = ORIENTED_EDGE('',*,*,#4607,.F.);
#4753 = ORIENTED_EDGE('',*,*,#4754,.T.);
#4754 = EDGE_CURVE('',#4608,#4458,#4755,.T.);
#4755 = SEAM_CURVE('',#4756,(#4760,#4767),.PCURVE_S1.);
#4756 = LINE('',#4757,#4758);
#4757 = CARTESIAN_POINT('',(-1.5,71.9,86.));
#4758 = VECTOR('',#4759,1.);
#4759 = DIRECTION('',(1.,-2.22044604925E-16,1.110223024625E-16));
#4760 = PCURVE('',#4474,#4761);
#4761 = DEFINITIONAL_REPRESENTATION('',(#4762),#4766);
#4762 = LINE('',#4763,#4764);
#4763 = CARTESIAN_POINT('',(-6.28318530718,0.));
#4764 = VECTOR('',#4765,1.);
#4765 = DIRECTION('',(-0.,-1.));
#4766 = ( GEOMETRIC_REPRESENTATION_CONTEXT(2) 
PARAMETRIC_REPRESENTATION_CONTEXT() REPRESENTATION_CONTEXT('2D SPACE',''
  ) );
#4767 = PCURVE('',#4474,#4768);
#4768 = DEFINITIONAL_REPRESENTATION('',(#4769),#4773);
#4769 = LINE('',#4770,#4771);
#4770 = CARTESIAN_POINT('',(-0.,0.));
#4771 = VECTOR('',#4772,1.);
#4772 = DIRECTION('',(-0.,-1.));
#4773 = ( GEOMETRIC_REPRESENTATION_CONTEXT(2) 
PARAMETRIC_REPRESENTATION_CONTEXT() REPRESENTATION_CONTEXT('2D SPACE',''
  ) );
#4774 = ORIENTED_EDGE('',*,*,#4457,.F.);
#4775 = ORIENTED_EDGE('',*,*,#4754,.F.);
#4776 = ( GEOMETRIC_REPRESENTATION_CONTEXT(3) 
GLOBAL_UNCERTAINTY_ASSIGNED_CONTEXT((#4780)) 
GLOBAL_UNIT_ASSIGNED_CONTEXT((#4777,#4778,#4779)) REPRESENTATION_CONTEXT
('Context #1','3D Context with UNIT and UNCERTAINTY') );
#4777 = ( LENGTH_UNIT() NAMED_UNIT(*) SI_UNIT(.MILLI.,.METRE.) );
#4778 = ( NAMED_UNIT(*) PLANE_ANGLE_UNIT() SI_UNIT($,.RADIAN.) );
#4779 = ( NAMED_UNIT(*) SI_UNIT($,.STERADIAN.) SOLID_ANGLE_UNIT() );
#4780 = UNCERTAINTY_MEASURE_WITH_UNIT(LENGTH_MEASURE(1.E-07),#4777,
  'distance_accuracy_value','confusion accuracy');
#4781 = CONTEXT_DEPENDENT_SHAPE_REPRESENTATION(#4782,#4784);
#4782 = ( REPRESENTATION_RELATIONSHIP('','',#3007,#2964) 
REPRESENTATION_RELATIONSHIP_WITH_TRANSFORMATION(#4783) 
SHAPE_REPRESENTATION_RELATIONSHIP() );
#4783 = ITEM_DEFINED_TRANSFORMATION('','',#11,#2965);
#4784 = PRODUCT_DEFINITION_SHAPE('Placement','Placement of an item',
  #4785);
#4785 = NEXT_ASSEMBLY_USAGE_OCCURRENCE('811','LMB10_A1','',#2959,#3002,$
  );
#4786 = PRODUCT_RELATED_PRODUCT_CATEGORY('part',$,(#3004));
#4787 = SHAPE_DEFINITION_REPRESENTATION(#4788,#4794);
#4788 = PRODUCT_DEFINITION_SHAPE('','',#4789);
#4789 = PRODUCT_DEFINITION('design','',#4790,#4793);
#4790 = PRODUCT_DEFINITION_FORMATION('','',#4791);
#4791 = PRODUCT('LMB10_A1_included_pin','LMB10_A1_included_pin','',(
    #4792));
#4792 = PRODUCT_CONTEXT('',#2,'mechanical');
#4793 = PRODUCT_DEFINITION_CONTEXT('part definition',#2,'design');
#4794 = ADVANCED_BREP_SHAPE_REPRESENTATION('',(#11,#4795),#4893);
#4795 = MANIFOLD_SOLID_BREP('',#4796);
#4796 = CLOSED_SHELL('',(#4797,#4885,#4889));
#4797 = ADVANCED_FACE('',(#4798),#4812,.T.);
#4798 = FACE_BOUND('',#4799,.F.);
#4799 = EDGE_LOOP('',(#4800,#4830,#4857,#4858));
#4800 = ORIENTED_EDGE('',*,*,#4801,.T.);
#4801 = EDGE_CURVE('',#4802,#4804,#4806,.T.);
#4802 = VERTEX_POINT('',#4803);
#4803 = CARTESIAN_POINT('',(30.5,75.,89.));
#4804 = VERTEX_POINT('',#4805);
#4805 = CARTESIAN_POINT('',(-1.5,75.,89.));
#4806 = SEAM_CURVE('',#4807,(#4811,#4823),.PCURVE_S1.);
#4807 = LINE('',#4808,#4809);
#4808 = CARTESIAN_POINT('',(30.5,75.,89.));
#4809 = VECTOR('',#4810,1.);
#4810 = DIRECTION('',(-1.,0.,1.110223024625E-16));
#4811 = PCURVE('',#4812,#4817);
#4812 = CYLINDRICAL_SURFACE('',#4813,3.);
#4813 = AXIS2_PLACEMENT_3D('',#4814,#4815,#4816);
#4814 = CARTESIAN_POINT('',(30.5,75.,86.));
#4815 = DIRECTION('',(1.,-0.,-1.110223024625E-16));
#4816 = DIRECTION('',(1.110223024625E-16,0.,1.));
#4817 = DEFINITIONAL_REPRESENTATION('',(#4818),#4822);
#4818 = LINE('',#4819,#4820);
#4819 = CARTESIAN_POINT('',(-0.,0.));
#4820 = VECTOR('',#4821,1.);
#4821 = DIRECTION('',(-0.,-1.));
#4822 = ( GEOMETRIC_REPRESENTATION_CONTEXT(2) 
PARAMETRIC_REPRESENTATION_CONTEXT() REPRESENTATION_CONTEXT('2D SPACE',''
  ) );
#4823 = PCURVE('',#4812,#4824);
#4824 = DEFINITIONAL_REPRESENTATION('',(#4825),#4829);
#4825 = LINE('',#4826,#4827);
#4826 = CARTESIAN_POINT('',(-6.28318530718,0.));
#4827 = VECTOR('',#4828,1.);
#4828 = DIRECTION('',(-0.,-1.));
#4829 = ( GEOMETRIC_REPRESENTATION_CONTEXT(2) 
PARAMETRIC_REPRESENTATION_CONTEXT() REPRESENTATION_CONTEXT('2D SPACE',''
  ) );
#4830 = ORIENTED_EDGE('',*,*,#4831,.T.);
#4831 = EDGE_CURVE('',#4804,#4804,#4832,.T.);
#4832 = SURFACE_CURVE('',#4833,(#4838,#4845),.PCURVE_S1.);
#4833 = CIRCLE('',#4834,3.);
#4834 = AXIS2_PLACEMENT_3D('',#4835,#4836,#4837);
#4835 = CARTESIAN_POINT('',(-1.5,75.,86.));
#4836 = DIRECTION('',(-1.,0.,1.110223024625E-16));
#4837 = DIRECTION('',(1.110223024625E-16,0.,1.));
#4838 = PCURVE('',#4812,#4839);
#4839 = DEFINITIONAL_REPRESENTATION('',(#4840),#4844);
#4840 = LINE('',#4841,#4842);
#4841 = CARTESIAN_POINT('',(-0.,-32.));
#4842 = VECTOR('',#4843,1.);
#4843 = DIRECTION('',(-1.,0.));
#4844 = ( GEOMETRIC_REPRESENTATION_CONTEXT(2) 
PARAMETRIC_REPRESENTATION_CONTEXT() REPRESENTATION_CONTEXT('2D SPACE',''
  ) );
#4845 = PCURVE('',#4846,#4851);
#4846 = PLANE('',#4847);
#4847 = AXIS2_PLACEMENT_3D('',#4848,#4849,#4850);
#4848 = CARTESIAN_POINT('',(-1.5,75.,86.));
#4849 = DIRECTION('',(-1.,0.,1.110223024625E-16));
#4850 = DIRECTION('',(1.110223024625E-16,0.,1.));
#4851 = DEFINITIONAL_REPRESENTATION('',(#4852),#4856);
#4852 = CIRCLE('',#4853,3.);
#4853 = AXIS2_PLACEMENT_2D('',#4854,#4855);
#4854 = CARTESIAN_POINT('',(0.,0.));
#4855 = DIRECTION('',(1.,0.));
#4856 = ( GEOMETRIC_REPRESENTATION_CONTEXT(2) 
PARAMETRIC_REPRESENTATION_CONTEXT() REPRESENTATION_CONTEXT('2D SPACE',''
  ) );
#4857 = ORIENTED_EDGE('',*,*,#4801,.F.);
#4858 = ORIENTED_EDGE('',*,*,#4859,.F.);
#4859 = EDGE_CURVE('',#4802,#4802,#4860,.T.);
#4860 = SURFACE_CURVE('',#4861,(#4866,#4873),.PCURVE_S1.);
#4861 = CIRCLE('',#4862,3.);
#4862 = AXIS2_PLACEMENT_3D('',#4863,#4864,#4865);
#4863 = CARTESIAN_POINT('',(30.5,75.,86.));
#4864 = DIRECTION('',(-1.,0.,1.110223024625E-16));
#4865 = DIRECTION('',(1.110223024625E-16,0.,1.));
#4866 = PCURVE('',#4812,#4867);
#4867 = DEFINITIONAL_REPRESENTATION('',(#4868),#4872);
#4868 = LINE('',#4869,#4870);
#4869 = CARTESIAN_POINT('',(-0.,0.));
#4870 = VECTOR('',#4871,1.);
#4871 = DIRECTION('',(-1.,0.));
#4872 = ( GEOMETRIC_REPRESENTATION_CONTEXT(2) 
PARAMETRIC_REPRESENTATION_CONTEXT() REPRESENTATION_CONTEXT('2D SPACE',''
  ) );
#4873 = PCURVE('',#4874,#4879);
#4874 = PLANE('',#4875);
#4875 = AXIS2_PLACEMENT_3D('',#4876,#4877,#4878);
#4876 = CARTESIAN_POINT('',(30.5,75.,86.));
#4877 = DIRECTION('',(-1.,0.,1.110223024625E-16));
#4878 = DIRECTION('',(1.110223024625E-16,0.,1.));
#4879 = DEFINITIONAL_REPRESENTATION('',(#4880),#4884);
#4880 = CIRCLE('',#4881,3.);
#4881 = AXIS2_PLACEMENT_2D('',#4882,#4883);
#4882 = CARTESIAN_POINT('',(0.,0.));
#4883 = DIRECTION('',(1.,0.));
#4884 = ( GEOMETRIC_REPRESENTATION_CONTEXT(2) 
PARAMETRIC_REPRESENTATION_CONTEXT() REPRESENTATION_CONTEXT('2D SPACE',''
  ) );
#4885 = ADVANCED_FACE('',(#4886),#4874,.F.);
#4886 = FACE_BOUND('',#4887,.F.);
#4887 = EDGE_LOOP('',(#4888));
#4888 = ORIENTED_EDGE('',*,*,#4859,.T.);
#4889 = ADVANCED_FACE('',(#4890),#4846,.T.);
#4890 = FACE_BOUND('',#4891,.T.);
#4891 = EDGE_LOOP('',(#4892));
#4892 = ORIENTED_EDGE('',*,*,#4831,.T.);
#4893 = ( GEOMETRIC_REPRESENTATION_CONTEXT(3) 
GLOBAL_UNCERTAINTY_ASSIGNED_CONTEXT((#4897)) 
GLOBAL_UNIT_ASSIGNED_CONTEXT((#4894,#4895,#4896)) REPRESENTATION_CONTEXT
('Context #1','3D Context with UNIT and UNCERTAINTY') );
#4894 = ( LENGTH_UNIT() NAMED_UNIT(*) SI_UNIT(.MILLI.,.METRE.) );
#4895 = ( NAMED_UNIT(*) PLANE_ANGLE_UNIT() SI_UNIT($,.RADIAN.) );
#4896 = ( NAMED_UNIT(*) SI_UNIT($,.STERADIAN.) SOLID_ANGLE_UNIT() );
#4897 = UNCERTAINTY_MEASURE_WITH_UNIT(LENGTH_MEASURE(1.E-07),#4894,
  'distance_accuracy_value','confusion accuracy');
#4898 = CONTEXT_DEPENDENT_SHAPE_REPRESENTATION(#4899,#4901);
#4899 = ( REPRESENTATION_RELATIONSHIP('','',#4794,#2964) 
REPRESENTATION_RELATIONSHIP_WITH_TRANSFORMATION(#4900) 
SHAPE_REPRESENTATION_RELATIONSHIP() );
#4900 = ITEM_DEFINED_TRANSFORMATION('','',#11,#2969);
#4901 = PRODUCT_DEFINITION_SHAPE('Placement','Placement of an item',
  #4902);
#4902 = NEXT_ASSEMBLY_USAGE_OCCURRENCE('812','LMB10_A1_included_pin','',
  #2959,#4789,$);
#4903 = PRODUCT_RELATED_PRODUCT_CATEGORY('part',$,(#4791));
#4904 = SHAPE_DEFINITION_REPRESENTATION(#4905,#4911);
#4905 = PRODUCT_DEFINITION_SHAPE('','',#4906);
#4906 = PRODUCT_DEFINITION('design','',#4907,#4910);
#4907 = PRODUCT_DEFINITION_FORMATION('','',#4908);
#4908 = PRODUCT('LMB10_A2','LMB10_A2','',(#4909));
#4909 = PRODUCT_CONTEXT('',#2,'mechanical');
#4910 = PRODUCT_DEFINITION_CONTEXT('part definition',#2,'design');
#4911 = SHAPE_REPRESENTATION('',(#11,#4912,#5950),#6680);
#4912 = MANIFOLD_SOLID_BREP('',#4913);
#4913 = CLOSED_SHELL('',(#4914,#5146,#5222,#5271,#5320,#5369,#5561,#5610
    ,#5777,#5804,#5835,#5862,#5889,#5916,#5923));
#4914 = ADVANCED_FACE('',(#4915),#4929,.F.);
#4915 = FACE_BOUND('',#4916,.F.);
#4916 = EDGE_LOOP('',(#4917,#4952,#4980,#5008,#5036,#5064,#5092,#5120));
#4917 = ORIENTED_EDGE('',*,*,#4918,.F.);
#4918 = EDGE_CURVE('',#4919,#4921,#4923,.T.);
#4919 = VERTEX_POINT('',#4920);
#4920 = CARTESIAN_POINT('',(-74.36215932167,-41.20096189432,50.));
#4921 = VERTEX_POINT('',#4922);
#4922 = CARTESIAN_POINT('',(-74.36215932167,-41.20096189432,53.));
#4923 = SURFACE_CURVE('',#4924,(#4928,#4940),.PCURVE_S1.);
#4924 = LINE('',#4925,#4926);
#4925 = CARTESIAN_POINT('',(-74.36215932167,-41.20096189432,50.));
#4926 = VECTOR('',#4927,1.);
#4927 = DIRECTION('',(0.,0.,1.));
#4928 = PCURVE('',#4929,#4934);
#4929 = PLANE('',#4930);
#4930 = AXIS2_PLACEMENT_3D('',#4931,#4932,#4933);
#4931 = CARTESIAN_POINT('',(-74.36215932167,-41.20096189432,50.));
#4932 = DIRECTION('',(0.866025403784,0.5,0.));
#4933 = DIRECTION('',(0.,0.,1.));
#4934 = DEFINITIONAL_REPRESENTATION('',(#4935),#4939);
#4935 = LINE('',#4936,#4937);
#4936 = CARTESIAN_POINT('',(0.,0.));
#4937 = VECTOR('',#4938,1.);
#4938 = DIRECTION('',(1.,0.));
#4939 = ( GEOMETRIC_REPRESENTATION_CONTEXT(2) 
PARAMETRIC_REPRESENTATION_CONTEXT() REPRESENTATION_CONTEXT('2D SPACE',''
  ) );
#4940 = PCURVE('',#4941,#4946);
#4941 = PLANE('',#4942);
#4942 = AXIS2_PLACEMENT_3D('',#4943,#4944,#4945);
#4943 = CARTESIAN_POINT('',(-74.36215932167,-41.20096189432,50.));
#4944 = DIRECTION('',(-0.5,0.866025403784,0.));
#4945 = DIRECTION('',(0.,0.,1.));
#4946 = DEFINITIONAL_REPRESENTATION('',(#4947),#4951);
#4947 = LINE('',#4948,#4949);
#4948 = CARTESIAN_POINT('',(0.,0.));
#4949 = VECTOR('',#4950,1.);
#4950 = DIRECTION('',(1.,0.));
#4951 = ( GEOMETRIC_REPRESENTATION_CONTEXT(2) 
PARAMETRIC_REPRESENTATION_CONTEXT() REPRESENTATION_CONTEXT('2D SPACE',''
  ) );
#4952 = ORIENTED_EDGE('',*,*,#4953,.T.);
#4953 = EDGE_CURVE('',#4919,#4954,#4956,.T.);
#4954 = VERTEX_POINT('',#4955);
#4955 = CARTESIAN_POINT('',(-87.36215932167,-18.68430139592,50.));
#4956 = SURFACE_CURVE('',#4957,(#4961,#4968),.PCURVE_S1.);
#4957 = LINE('',#4958,#4959);
#4958 = CARTESIAN_POINT('',(-74.36215932167,-41.20096189432,50.));
#4959 = VECTOR('',#4960,1.);
#4960 = DIRECTION('',(-0.5,0.866025403784,0.));
#4961 = PCURVE('',#4929,#4962);
#4962 = DEFINITIONAL_REPRESENTATION('',(#4963),#4967);
#4963 = LINE('',#4964,#4965);
#4964 = CARTESIAN_POINT('',(0.,0.));
#4965 = VECTOR('',#4966,1.);
#4966 = DIRECTION('',(0.,-1.));
#4967 = ( GEOMETRIC_REPRESENTATION_CONTEXT(2) 
PARAMETRIC_REPRESENTATION_CONTEXT() REPRESENTATION_CONTEXT('2D SPACE',''
  ) );
#4968 = PCURVE('',#4969,#4974);
#4969 = PLANE('',#4970);
#4970 = AXIS2_PLACEMENT_3D('',#4971,#4972,#4973);
#4971 = CARTESIAN_POINT('',(-74.36215932167,-41.20096189432,50.));
#4972 = DIRECTION('',(0.,0.,1.));
#4973 = DIRECTION('',(0.866025403784,0.5,0.));
#4974 = DEFINITIONAL_REPRESENTATION('',(#4975),#4979);
#4975 = LINE('',#4976,#4977);
#4976 = CARTESIAN_POINT('',(0.,0.));
#4977 = VECTOR('',#4978,1.);
#4978 = DIRECTION('',(0.,1.));
#4979 = ( GEOMETRIC_REPRESENTATION_CONTEXT(2) 
PARAMETRIC_REPRESENTATION_CONTEXT() REPRESENTATION_CONTEXT('2D SPACE',''
  ) );
#4980 = ORIENTED_EDGE('',*,*,#4981,.T.);
#4981 = EDGE_CURVE('',#4954,#4982,#4984,.T.);
#4982 = VERTEX_POINT('',#4983);
#4983 = CARTESIAN_POINT('',(-87.36215932167,-18.68430139592,53.));
#4984 = SURFACE_CURVE('',#4985,(#4989,#4996),.PCURVE_S1.);
#4985 = LINE('',#4986,#4987);
#4986 = CARTESIAN_POINT('',(-87.36215932167,-18.68430139592,50.));
#4987 = VECTOR('',#4988,1.);
#4988 = DIRECTION('',(0.,0.,1.));
#4989 = PCURVE('',#4929,#4990);
#4990 = DEFINITIONAL_REPRESENTATION('',(#4991),#4995);
#4991 = LINE('',#4992,#4993);
#4992 = CARTESIAN_POINT('',(0.,-26.));
#4993 = VECTOR('',#4994,1.);
#4994 = DIRECTION('',(1.,0.));
#4995 = ( GEOMETRIC_REPRESENTATION_CONTEXT(2) 
PARAMETRIC_REPRESENTATION_CONTEXT() REPRESENTATION_CONTEXT('2D SPACE',''
  ) );
#4996 = PCURVE('',#4997,#5002);
#4997 = PLANE('',#4998);
#4998 = AXIS2_PLACEMENT_3D('',#4999,#5000,#5001);
#4999 = CARTESIAN_POINT('',(-87.36215932167,-18.68430139592,50.));
#5000 = DIRECTION('',(-0.5,0.866025403784,0.));
#5001 = DIRECTION('',(0.,0.,1.));
#5002 = DEFINITIONAL_REPRESENTATION('',(#5003),#5007);
#5003 = LINE('',#5004,#5005);
#5004 = CARTESIAN_POINT('',(0.,0.));
#5005 = VECTOR('',#5006,1.);
#5006 = DIRECTION('',(1.,0.));
#5007 = ( GEOMETRIC_REPRESENTATION_CONTEXT(2) 
PARAMETRIC_REPRESENTATION_CONTEXT() REPRESENTATION_CONTEXT('2D SPACE',''
  ) );
#5008 = ORIENTED_EDGE('',*,*,#5009,.F.);
#5009 = EDGE_CURVE('',#5010,#4982,#5012,.T.);
#5010 = VERTEX_POINT('',#5011);
#5011 = CARTESIAN_POINT('',(-85.86215932167,-21.28237760728,53.));
#5012 = SURFACE_CURVE('',#5013,(#5017,#5024),.PCURVE_S1.);
#5013 = LINE('',#5014,#5015);
#5014 = CARTESIAN_POINT('',(-74.36215932167,-41.20096189432,53.));
#5015 = VECTOR('',#5016,1.);
#5016 = DIRECTION('',(-0.5,0.866025403784,0.));
#5017 = PCURVE('',#4929,#5018);
#5018 = DEFINITIONAL_REPRESENTATION('',(#5019),#5023);
#5019 = LINE('',#5020,#5021);
#5020 = CARTESIAN_POINT('',(3.,0.));
#5021 = VECTOR('',#5022,1.);
#5022 = DIRECTION('',(0.,-1.));
#5023 = ( GEOMETRIC_REPRESENTATION_CONTEXT(2) 
PARAMETRIC_REPRESENTATION_CONTEXT() REPRESENTATION_CONTEXT('2D SPACE',''
  ) );
#5024 = PCURVE('',#5025,#5030);
#5025 = PLANE('',#5026);
#5026 = AXIS2_PLACEMENT_3D('',#5027,#5028,#5029);
#5027 = CARTESIAN_POINT('',(-74.36215932167,-41.20096189432,53.));
#5028 = DIRECTION('',(0.,0.,1.));
#5029 = DIRECTION('',(0.866025403784,0.5,0.));
#5030 = DEFINITIONAL_REPRESENTATION('',(#5031),#5035);
#5031 = LINE('',#5032,#5033);
#5032 = CARTESIAN_POINT('',(0.,0.));
#5033 = VECTOR('',#5034,1.);
#5034 = DIRECTION('',(0.,1.));
#5035 = ( GEOMETRIC_REPRESENTATION_CONTEXT(2) 
PARAMETRIC_REPRESENTATION_CONTEXT() REPRESENTATION_CONTEXT('2D SPACE',''
  ) );
#5036 = ORIENTED_EDGE('',*,*,#5037,.F.);
#5037 = EDGE_CURVE('',#5038,#5010,#5040,.T.);
#5038 = VERTEX_POINT('',#5039);
#5039 = CARTESIAN_POINT('',(-85.86215932167,-21.28237760728,80.));
#5040 = SURFACE_CURVE('',#5041,(#5045,#5052),.PCURVE_S1.);
#5041 = LINE('',#5042,#5043);
#5042 = CARTESIAN_POINT('',(-85.86215932167,-21.28237760728,80.));
#5043 = VECTOR('',#5044,1.);
#5044 = DIRECTION('',(0.,0.,-1.));
#5045 = PCURVE('',#4929,#5046);
#5046 = DEFINITIONAL_REPRESENTATION('',(#5047),#5051);
#5047 = LINE('',#5048,#5049);
#5048 = CARTESIAN_POINT('',(30.,-23.));
#5049 = VECTOR('',#5050,1.);
#5050 = DIRECTION('',(-1.,0.));
#5051 = ( GEOMETRIC_REPRESENTATION_CONTEXT(2) 
PARAMETRIC_REPRESENTATION_CONTEXT() REPRESENTATION_CONTEXT('2D SPACE',''
  ) );
#5052 = PCURVE('',#5053,#5058);
#5053 = PLANE('',#5054);
#5054 = AXIS2_PLACEMENT_3D('',#5055,#5056,#5057);
#5055 = CARTESIAN_POINT('',(-64.68950695567,-9.058341064312,
    68.265051193238));
#5056 = DIRECTION('',(0.5,-0.866025403784,-0.));
#5057 = DIRECTION('',(0.,0.,-1.));
#5058 = DEFINITIONAL_REPRESENTATION('',(#5059),#5063);
#5059 = LINE('',#5060,#5061);
#5060 = CARTESIAN_POINT('',(-11.73494880676,-24.44807308593));
#5061 = VECTOR('',#5062,1.);
#5062 = DIRECTION('',(1.,0.));
#5063 = ( GEOMETRIC_REPRESENTATION_CONTEXT(2) 
PARAMETRIC_REPRESENTATION_CONTEXT() REPRESENTATION_CONTEXT('2D SPACE',''
  ) );
#5064 = ORIENTED_EDGE('',*,*,#5065,.T.);
#5065 = EDGE_CURVE('',#5038,#5066,#5068,.T.);
#5066 = VERTEX_POINT('',#5067);
#5067 = CARTESIAN_POINT('',(-84.36215932167,-23.88045381863,80.));
#5068 = SURFACE_CURVE('',#5069,(#5073,#5080),.PCURVE_S1.);
#5069 = LINE('',#5070,#5071);
#5070 = CARTESIAN_POINT('',(-85.86215932167,-21.28237760728,80.));
#5071 = VECTOR('',#5072,1.);
#5072 = DIRECTION('',(0.5,-0.866025403784,0.));
#5073 = PCURVE('',#4929,#5074);
#5074 = DEFINITIONAL_REPRESENTATION('',(#5075),#5079);
#5075 = LINE('',#5076,#5077);
#5076 = CARTESIAN_POINT('',(30.,-23.));
#5077 = VECTOR('',#5078,1.);
#5078 = DIRECTION('',(0.,1.));
#5079 = ( GEOMETRIC_REPRESENTATION_CONTEXT(2) 
PARAMETRIC_REPRESENTATION_CONTEXT() REPRESENTATION_CONTEXT('2D SPACE',''
  ) );
#5080 = PCURVE('',#5081,#5086);
#5081 = PLANE('',#5082);
#5082 = AXIS2_PLACEMENT_3D('',#5083,#5084,#5085);
#5083 = CARTESIAN_POINT('',(-82.39805770654,-19.28237760728,92.));
#5084 = DIRECTION('',(0.821583836258,0.474341649025,-0.316227766017));
#5085 = DIRECTION('',(-0.273861278753,-0.158113883008,-0.948683298051));
#5086 = DEFINITIONAL_REPRESENTATION('',(#5087),#5091);
#5087 = LINE('',#5088,#5089);
#5088 = CARTESIAN_POINT('',(12.649110640674,-5.107025913276E-15));
#5089 = VECTOR('',#5090,1.);
#5090 = DIRECTION('',(-1.665334536938E-17,-1.));
#5091 = ( GEOMETRIC_REPRESENTATION_CONTEXT(2) 
PARAMETRIC_REPRESENTATION_CONTEXT() REPRESENTATION_CONTEXT('2D SPACE',''
  ) );
#5092 = ORIENTED_EDGE('',*,*,#5093,.T.);
#5093 = EDGE_CURVE('',#5066,#5094,#5096,.T.);
#5094 = VERTEX_POINT('',#5095);
#5095 = CARTESIAN_POINT('',(-84.36215932167,-23.88045381863,53.));
#5096 = SURFACE_CURVE('',#5097,(#5101,#5108),.PCURVE_S1.);
#5097 = LINE('',#5098,#5099);
#5098 = CARTESIAN_POINT('',(-84.36215932167,-23.88045381863,80.));
#5099 = VECTOR('',#5100,1.);
#5100 = DIRECTION('',(0.,0.,-1.));
#5101 = PCURVE('',#4929,#5102);
#5102 = DEFINITIONAL_REPRESENTATION('',(#5103),#5107);
#5103 = LINE('',#5104,#5105);
#5104 = CARTESIAN_POINT('',(30.,-20.));
#5105 = VECTOR('',#5106,1.);
#5106 = DIRECTION('',(-1.,0.));
#5107 = ( GEOMETRIC_REPRESENTATION_CONTEXT(2) 
PARAMETRIC_REPRESENTATION_CONTEXT() REPRESENTATION_CONTEXT('2D SPACE',''
  ) );
#5108 = PCURVE('',#5109,#5114);
#5109 = PLANE('',#5110);
#5110 = AXIS2_PLACEMENT_3D('',#5111,#5112,#5113);
#5111 = CARTESIAN_POINT('',(-63.18950695567,-11.65641727566,
    68.265051193238));
#5112 = DIRECTION('',(0.5,-0.866025403784,-0.));
#5113 = DIRECTION('',(0.,0.,-1.));
#5114 = DEFINITIONAL_REPRESENTATION('',(#5115),#5119);
#5115 = LINE('',#5116,#5117);
#5116 = CARTESIAN_POINT('',(-11.73494880676,-24.44807308593));
#5117 = VECTOR('',#5118,1.);
#5118 = DIRECTION('',(1.,0.));
#5119 = ( GEOMETRIC_REPRESENTATION_CONTEXT(2) 
PARAMETRIC_REPRESENTATION_CONTEXT() REPRESENTATION_CONTEXT('2D SPACE',''
  ) );
#5120 = ORIENTED_EDGE('',*,*,#5121,.F.);
#5121 = EDGE_CURVE('',#4921,#5094,#5122,.T.);
#5122 = SURFACE_CURVE('',#5123,(#5127,#5134),.PCURVE_S1.);
#5123 = LINE('',#5124,#5125);
#5124 = CARTESIAN_POINT('',(-74.36215932167,-41.20096189432,53.));
#5125 = VECTOR('',#5126,1.);
#5126 = DIRECTION('',(-0.5,0.866025403784,0.));
#5127 = PCURVE('',#4929,#5128);
#5128 = DEFINITIONAL_REPRESENTATION('',(#5129),#5133);
#5129 = LINE('',#5130,#5131);
#5130 = CARTESIAN_POINT('',(3.,0.));
#5131 = VECTOR('',#5132,1.);
#5132 = DIRECTION('',(0.,-1.));
#5133 = ( GEOMETRIC_REPRESENTATION_CONTEXT(2) 
PARAMETRIC_REPRESENTATION_CONTEXT() REPRESENTATION_CONTEXT('2D SPACE',''
  ) );
#5134 = PCURVE('',#5135,#5140);
#5135 = PLANE('',#5136);
#5136 = AXIS2_PLACEMENT_3D('',#5137,#5138,#5139);
#5137 = CARTESIAN_POINT('',(-74.36215932167,-41.20096189432,53.));
#5138 = DIRECTION('',(0.,0.,1.));
#5139 = DIRECTION('',(0.866025403784,0.5,0.));
#5140 = DEFINITIONAL_REPRESENTATION('',(#5141),#5145);
#5141 = LINE('',#5142,#5143);
#5142 = CARTESIAN_POINT('',(0.,0.));
#5143 = VECTOR('',#5144,1.);
#5144 = DIRECTION('',(0.,1.));
#5145 = ( GEOMETRIC_REPRESENTATION_CONTEXT(2) 
PARAMETRIC_REPRESENTATION_CONTEXT() REPRESENTATION_CONTEXT('2D SPACE',''
  ) );
#5146 = ADVANCED_FACE('',(#5147),#4941,.F.);
#5147 = FACE_BOUND('',#5148,.F.);
#5148 = EDGE_LOOP('',(#5149,#5172,#5173,#5196));
#5149 = ORIENTED_EDGE('',*,*,#5150,.F.);
#5150 = EDGE_CURVE('',#4919,#5151,#5153,.T.);
#5151 = VERTEX_POINT('',#5152);
#5152 = CARTESIAN_POINT('',(-25.86473670974,-13.20096189432,50.));
#5153 = SURFACE_CURVE('',#5154,(#5158,#5165),.PCURVE_S1.);
#5154 = LINE('',#5155,#5156);
#5155 = CARTESIAN_POINT('',(-74.36215932167,-41.20096189432,50.));
#5156 = VECTOR('',#5157,1.);
#5157 = DIRECTION('',(0.866025403784,0.5,0.));
#5158 = PCURVE('',#4941,#5159);
#5159 = DEFINITIONAL_REPRESENTATION('',(#5160),#5164);
#5160 = LINE('',#5161,#5162);
#5161 = CARTESIAN_POINT('',(0.,0.));
#5162 = VECTOR('',#5163,1.);
#5163 = DIRECTION('',(0.,1.));
#5164 = ( GEOMETRIC_REPRESENTATION_CONTEXT(2) 
PARAMETRIC_REPRESENTATION_CONTEXT() REPRESENTATION_CONTEXT('2D SPACE',''
  ) );
#5165 = PCURVE('',#4969,#5166);
#5166 = DEFINITIONAL_REPRESENTATION('',(#5167),#5171);
#5167 = LINE('',#5168,#5169);
#5168 = CARTESIAN_POINT('',(0.,0.));
#5169 = VECTOR('',#5170,1.);
#5170 = DIRECTION('',(1.,0.));
#5171 = ( GEOMETRIC_REPRESENTATION_CONTEXT(2) 
PARAMETRIC_REPRESENTATION_CONTEXT() REPRESENTATION_CONTEXT('2D SPACE',''
  ) );
#5172 = ORIENTED_EDGE('',*,*,#4918,.T.);
#5173 = ORIENTED_EDGE('',*,*,#5174,.T.);
#5174 = EDGE_CURVE('',#4921,#5175,#5177,.T.);
#5175 = VERTEX_POINT('',#5176);
#5176 = CARTESIAN_POINT('',(-25.86473670974,-13.20096189432,53.));
#5177 = SURFACE_CURVE('',#5178,(#5182,#5189),.PCURVE_S1.);
#5178 = LINE('',#5179,#5180);
#5179 = CARTESIAN_POINT('',(-74.36215932167,-41.20096189432,53.));
#5180 = VECTOR('',#5181,1.);
#5181 = DIRECTION('',(0.866025403784,0.5,0.));
#5182 = PCURVE('',#4941,#5183);
#5183 = DEFINITIONAL_REPRESENTATION('',(#5184),#5188);
#5184 = LINE('',#5185,#5186);
#5185 = CARTESIAN_POINT('',(3.,0.));
#5186 = VECTOR('',#5187,1.);
#5187 = DIRECTION('',(0.,1.));
#5188 = ( GEOMETRIC_REPRESENTATION_CONTEXT(2) 
PARAMETRIC_REPRESENTATION_CONTEXT() REPRESENTATION_CONTEXT('2D SPACE',''
  ) );
#5189 = PCURVE('',#5135,#5190);
#5190 = DEFINITIONAL_REPRESENTATION('',(#5191),#5195);
#5191 = LINE('',#5192,#5193);
#5192 = CARTESIAN_POINT('',(0.,0.));
#5193 = VECTOR('',#5194,1.);
#5194 = DIRECTION('',(1.,0.));
#5195 = ( GEOMETRIC_REPRESENTATION_CONTEXT(2) 
PARAMETRIC_REPRESENTATION_CONTEXT() REPRESENTATION_CONTEXT('2D SPACE',''
  ) );
#5196 = ORIENTED_EDGE('',*,*,#5197,.F.);
#5197 = EDGE_CURVE('',#5151,#5175,#5198,.T.);
#5198 = SURFACE_CURVE('',#5199,(#5203,#5210),.PCURVE_S1.);
#5199 = LINE('',#5200,#5201);
#5200 = CARTESIAN_POINT('',(-25.86473670974,-13.20096189432,50.));
#5201 = VECTOR('',#5202,1.);
#5202 = DIRECTION('',(0.,0.,1.));
#5203 = PCURVE('',#4941,#5204);
#5204 = DEFINITIONAL_REPRESENTATION('',(#5205),#5209);
#5205 = LINE('',#5206,#5207);
#5206 = CARTESIAN_POINT('',(0.,56.));
#5207 = VECTOR('',#5208,1.);
#5208 = DIRECTION('',(1.,0.));
#5209 = ( GEOMETRIC_REPRESENTATION_CONTEXT(2) 
PARAMETRIC_REPRESENTATION_CONTEXT() REPRESENTATION_CONTEXT('2D SPACE',''
  ) );
#5210 = PCURVE('',#5211,#5216);
#5211 = PLANE('',#5212);
#5212 = AXIS2_PLACEMENT_3D('',#5213,#5214,#5215);
#5213 = CARTESIAN_POINT('',(-25.86473670974,-13.20096189432,50.));
#5214 = DIRECTION('',(0.866025403784,0.5,0.));
#5215 = DIRECTION('',(0.,0.,1.));
#5216 = DEFINITIONAL_REPRESENTATION('',(#5217),#5221);
#5217 = LINE('',#5218,#5219);
#5218 = CARTESIAN_POINT('',(0.,0.));
#5219 = VECTOR('',#5220,1.);
#5220 = DIRECTION('',(1.,0.));
#5221 = ( GEOMETRIC_REPRESENTATION_CONTEXT(2) 
PARAMETRIC_REPRESENTATION_CONTEXT() REPRESENTATION_CONTEXT('2D SPACE',''
  ) );
#5222 = ADVANCED_FACE('',(#5223),#4969,.F.);
#5223 = FACE_BOUND('',#5224,.F.);
#5224 = EDGE_LOOP('',(#5225,#5226,#5227,#5250));
#5225 = ORIENTED_EDGE('',*,*,#4953,.F.);
#5226 = ORIENTED_EDGE('',*,*,#5150,.T.);
#5227 = ORIENTED_EDGE('',*,*,#5228,.T.);
#5228 = EDGE_CURVE('',#5151,#5229,#5231,.T.);
#5229 = VERTEX_POINT('',#5230);
#5230 = CARTESIAN_POINT('',(-38.86473670974,9.315698604072,50.));
#5231 = SURFACE_CURVE('',#5232,(#5236,#5243),.PCURVE_S1.);
#5232 = LINE('',#5233,#5234);
#5233 = CARTESIAN_POINT('',(-25.86473670974,-13.20096189432,50.));
#5234 = VECTOR('',#5235,1.);
#5235 = DIRECTION('',(-0.5,0.866025403784,0.));
#5236 = PCURVE('',#4969,#5237);
#5237 = DEFINITIONAL_REPRESENTATION('',(#5238),#5242);
#5238 = LINE('',#5239,#5240);
#5239 = CARTESIAN_POINT('',(56.,0.));
#5240 = VECTOR('',#5241,1.);
#5241 = DIRECTION('',(0.,1.));
#5242 = ( GEOMETRIC_REPRESENTATION_CONTEXT(2) 
PARAMETRIC_REPRESENTATION_CONTEXT() REPRESENTATION_CONTEXT('2D SPACE',''
  ) );
#5243 = PCURVE('',#5211,#5244);
#5244 = DEFINITIONAL_REPRESENTATION('',(#5245),#5249);
#5245 = LINE('',#5246,#5247);
#5246 = CARTESIAN_POINT('',(0.,0.));
#5247 = VECTOR('',#5248,1.);
#5248 = DIRECTION('',(0.,-1.));
#5249 = ( GEOMETRIC_REPRESENTATION_CONTEXT(2) 
PARAMETRIC_REPRESENTATION_CONTEXT() REPRESENTATION_CONTEXT('2D SPACE',''
  ) );
#5250 = ORIENTED_EDGE('',*,*,#5251,.F.);
#5251 = EDGE_CURVE('',#4954,#5229,#5252,.T.);
#5252 = SURFACE_CURVE('',#5253,(#5257,#5264),.PCURVE_S1.);
#5253 = LINE('',#5254,#5255);
#5254 = CARTESIAN_POINT('',(-87.36215932167,-18.68430139592,50.));
#5255 = VECTOR('',#5256,1.);
#5256 = DIRECTION('',(0.866025403784,0.5,0.));
#5257 = PCURVE('',#4969,#5258);
#5258 = DEFINITIONAL_REPRESENTATION('',(#5259),#5263);
#5259 = LINE('',#5260,#5261);
#5260 = CARTESIAN_POINT('',(0.,26.));
#5261 = VECTOR('',#5262,1.);
#5262 = DIRECTION('',(1.,0.));
#5263 = ( GEOMETRIC_REPRESENTATION_CONTEXT(2) 
PARAMETRIC_REPRESENTATION_CONTEXT() REPRESENTATION_CONTEXT('2D SPACE',''
  ) );
#5264 = PCURVE('',#4997,#5265);
#5265 = DEFINITIONAL_REPRESENTATION('',(#5266),#5270);
#5266 = LINE('',#5267,#5268);
#5267 = CARTESIAN_POINT('',(0.,0.));
#5268 = VECTOR('',#5269,1.);
#5269 = DIRECTION('',(0.,1.));
#5270 = ( GEOMETRIC_REPRESENTATION_CONTEXT(2) 
PARAMETRIC_REPRESENTATION_CONTEXT() REPRESENTATION_CONTEXT('2D SPACE',''
  ) );
#5271 = ADVANCED_FACE('',(#5272),#4997,.T.);
#5272 = FACE_BOUND('',#5273,.T.);
#5273 = EDGE_LOOP('',(#5274,#5275,#5276,#5299));
#5274 = ORIENTED_EDGE('',*,*,#5251,.F.);
#5275 = ORIENTED_EDGE('',*,*,#4981,.T.);
#5276 = ORIENTED_EDGE('',*,*,#5277,.T.);
#5277 = EDGE_CURVE('',#4982,#5278,#5280,.T.);
#5278 = VERTEX_POINT('',#5279);
#5279 = CARTESIAN_POINT('',(-38.86473670974,9.315698604072,53.));
#5280 = SURFACE_CURVE('',#5281,(#5285,#5292),.PCURVE_S1.);
#5281 = LINE('',#5282,#5283);
#5282 = CARTESIAN_POINT('',(-87.36215932167,-18.68430139592,53.));
#5283 = VECTOR('',#5284,1.);
#5284 = DIRECTION('',(0.866025403784,0.5,0.));
#5285 = PCURVE('',#4997,#5286);
#5286 = DEFINITIONAL_REPRESENTATION('',(#5287),#5291);
#5287 = LINE('',#5288,#5289);
#5288 = CARTESIAN_POINT('',(3.,0.));
#5289 = VECTOR('',#5290,1.);
#5290 = DIRECTION('',(0.,1.));
#5291 = ( GEOMETRIC_REPRESENTATION_CONTEXT(2) 
PARAMETRIC_REPRESENTATION_CONTEXT() REPRESENTATION_CONTEXT('2D SPACE',''
  ) );
#5292 = PCURVE('',#5025,#5293);
#5293 = DEFINITIONAL_REPRESENTATION('',(#5294),#5298);
#5294 = LINE('',#5295,#5296);
#5295 = CARTESIAN_POINT('',(0.,26.));
#5296 = VECTOR('',#5297,1.);
#5297 = DIRECTION('',(1.,0.));
#5298 = ( GEOMETRIC_REPRESENTATION_CONTEXT(2) 
PARAMETRIC_REPRESENTATION_CONTEXT() REPRESENTATION_CONTEXT('2D SPACE',''
  ) );
#5299 = ORIENTED_EDGE('',*,*,#5300,.F.);
#5300 = EDGE_CURVE('',#5229,#5278,#5301,.T.);
#5301 = SURFACE_CURVE('',#5302,(#5306,#5313),.PCURVE_S1.);
#5302 = LINE('',#5303,#5304);
#5303 = CARTESIAN_POINT('',(-38.86473670974,9.315698604072,50.));
#5304 = VECTOR('',#5305,1.);
#5305 = DIRECTION('',(0.,0.,1.));
#5306 = PCURVE('',#4997,#5307);
#5307 = DEFINITIONAL_REPRESENTATION('',(#5308),#5312);
#5308 = LINE('',#5309,#5310);
#5309 = CARTESIAN_POINT('',(0.,56.));
#5310 = VECTOR('',#5311,1.);
#5311 = DIRECTION('',(1.,0.));
#5312 = ( GEOMETRIC_REPRESENTATION_CONTEXT(2) 
PARAMETRIC_REPRESENTATION_CONTEXT() REPRESENTATION_CONTEXT('2D SPACE',''
  ) );
#5313 = PCURVE('',#5211,#5314);
#5314 = DEFINITIONAL_REPRESENTATION('',(#5315),#5319);
#5315 = LINE('',#5316,#5317);
#5316 = CARTESIAN_POINT('',(0.,-26.));
#5317 = VECTOR('',#5318,1.);
#5318 = DIRECTION('',(1.,0.));
#5319 = ( GEOMETRIC_REPRESENTATION_CONTEXT(2) 
PARAMETRIC_REPRESENTATION_CONTEXT() REPRESENTATION_CONTEXT('2D SPACE',''
  ) );
#5320 = ADVANCED_FACE('',(#5321),#5025,.T.);
#5321 = FACE_BOUND('',#5322,.T.);
#5322 = EDGE_LOOP('',(#5323,#5324,#5347,#5368));
#5323 = ORIENTED_EDGE('',*,*,#5009,.F.);
#5324 = ORIENTED_EDGE('',*,*,#5325,.T.);
#5325 = EDGE_CURVE('',#5010,#5326,#5328,.T.);
#5326 = VERTEX_POINT('',#5327);
#5327 = CARTESIAN_POINT('',(-37.36473670974,6.717622392719,53.));
#5328 = SURFACE_CURVE('',#5329,(#5333,#5340),.PCURVE_S1.);
#5329 = LINE('',#5330,#5331);
#5330 = CARTESIAN_POINT('',(-85.86215932167,-21.28237760728,53.));
#5331 = VECTOR('',#5332,1.);
#5332 = DIRECTION('',(0.866025403784,0.5,0.));
#5333 = PCURVE('',#5025,#5334);
#5334 = DEFINITIONAL_REPRESENTATION('',(#5335),#5339);
#5335 = LINE('',#5336,#5337);
#5336 = CARTESIAN_POINT('',(0.,23.));
#5337 = VECTOR('',#5338,1.);
#5338 = DIRECTION('',(1.,0.));
#5339 = ( GEOMETRIC_REPRESENTATION_CONTEXT(2) 
PARAMETRIC_REPRESENTATION_CONTEXT() REPRESENTATION_CONTEXT('2D SPACE',''
  ) );
#5340 = PCURVE('',#5053,#5341);
#5341 = DEFINITIONAL_REPRESENTATION('',(#5342),#5346);
#5342 = LINE('',#5343,#5344);
#5343 = CARTESIAN_POINT('',(15.265051193238,-24.44807308593));
#5344 = VECTOR('',#5345,1.);
#5345 = DIRECTION('',(0.,1.));
#5346 = ( GEOMETRIC_REPRESENTATION_CONTEXT(2) 
PARAMETRIC_REPRESENTATION_CONTEXT() REPRESENTATION_CONTEXT('2D SPACE',''
  ) );
#5347 = ORIENTED_EDGE('',*,*,#5348,.T.);
#5348 = EDGE_CURVE('',#5326,#5278,#5349,.T.);
#5349 = SURFACE_CURVE('',#5350,(#5354,#5361),.PCURVE_S1.);
#5350 = LINE('',#5351,#5352);
#5351 = CARTESIAN_POINT('',(-25.86473670974,-13.20096189432,53.));
#5352 = VECTOR('',#5353,1.);
#5353 = DIRECTION('',(-0.5,0.866025403784,0.));
#5354 = PCURVE('',#5025,#5355);
#5355 = DEFINITIONAL_REPRESENTATION('',(#5356),#5360);
#5356 = LINE('',#5357,#5358);
#5357 = CARTESIAN_POINT('',(56.,0.));
#5358 = VECTOR('',#5359,1.);
#5359 = DIRECTION('',(0.,1.));
#5360 = ( GEOMETRIC_REPRESENTATION_CONTEXT(2) 
PARAMETRIC_REPRESENTATION_CONTEXT() REPRESENTATION_CONTEXT('2D SPACE',''
  ) );
#5361 = PCURVE('',#5211,#5362);
#5362 = DEFINITIONAL_REPRESENTATION('',(#5363),#5367);
#5363 = LINE('',#5364,#5365);
#5364 = CARTESIAN_POINT('',(3.,0.));
#5365 = VECTOR('',#5366,1.);
#5366 = DIRECTION('',(0.,-1.));
#5367 = ( GEOMETRIC_REPRESENTATION_CONTEXT(2) 
PARAMETRIC_REPRESENTATION_CONTEXT() REPRESENTATION_CONTEXT('2D SPACE',''
  ) );
#5368 = ORIENTED_EDGE('',*,*,#5277,.F.);
#5369 = ADVANCED_FACE('',(#5370,#5530),#5053,.F.);
#5370 = FACE_BOUND('',#5371,.F.);
#5371 = EDGE_LOOP('',(#5372,#5373,#5396,#5424,#5452,#5480,#5508,#5529));
#5372 = ORIENTED_EDGE('',*,*,#5325,.T.);
#5373 = ORIENTED_EDGE('',*,*,#5374,.T.);
#5374 = EDGE_CURVE('',#5326,#5375,#5377,.T.);
#5375 = VERTEX_POINT('',#5376);
#5376 = CARTESIAN_POINT('',(-37.36473670974,6.717622392719,67.));
#5377 = SURFACE_CURVE('',#5378,(#5382,#5389),.PCURVE_S1.);
#5378 = LINE('',#5379,#5380);
#5379 = CARTESIAN_POINT('',(-37.36473670974,6.717622392719,53.));
#5380 = VECTOR('',#5381,1.);
#5381 = DIRECTION('',(0.,0.,1.));
#5382 = PCURVE('',#5053,#5383);
#5383 = DEFINITIONAL_REPRESENTATION('',(#5384),#5388);
#5384 = LINE('',#5385,#5386);
#5385 = CARTESIAN_POINT('',(15.265051193238,31.551926914061));
#5386 = VECTOR('',#5387,1.);
#5387 = DIRECTION('',(-1.,0.));
#5388 = ( GEOMETRIC_REPRESENTATION_CONTEXT(2) 
PARAMETRIC_REPRESENTATION_CONTEXT() REPRESENTATION_CONTEXT('2D SPACE',''
  ) );
#5389 = PCURVE('',#5211,#5390);
#5390 = DEFINITIONAL_REPRESENTATION('',(#5391),#5395);
#5391 = LINE('',#5392,#5393);
#5392 = CARTESIAN_POINT('',(3.,-23.));
#5393 = VECTOR('',#5394,1.);
#5394 = DIRECTION('',(1.,0.));
#5395 = ( GEOMETRIC_REPRESENTATION_CONTEXT(2) 
PARAMETRIC_REPRESENTATION_CONTEXT() REPRESENTATION_CONTEXT('2D SPACE',''
  ) );
#5396 = ORIENTED_EDGE('',*,*,#5397,.T.);
#5397 = EDGE_CURVE('',#5375,#5398,#5400,.T.);
#5398 = VERTEX_POINT('',#5399);
#5399 = CARTESIAN_POINT('',(-70.27370205355,-12.28237760728,86.));
#5400 = SURFACE_CURVE('',#5401,(#5405,#5412),.PCURVE_S1.);
#5401 = LINE('',#5402,#5403);
#5402 = CARTESIAN_POINT('',(-37.36473670974,6.717622392719,67.));
#5403 = VECTOR('',#5404,1.);
#5404 = DIRECTION('',(-0.774596669241,-0.4472135955,0.4472135955));
#5405 = PCURVE('',#5053,#5406);
#5406 = DEFINITIONAL_REPRESENTATION('',(#5407),#5411);
#5407 = LINE('',#5408,#5409);
#5408 = CARTESIAN_POINT('',(1.265051193238,31.551926914061));
#5409 = VECTOR('',#5410,1.);
#5410 = DIRECTION('',(-0.4472135955,-0.894427191));
#5411 = ( GEOMETRIC_REPRESENTATION_CONTEXT(2) 
PARAMETRIC_REPRESENTATION_CONTEXT() REPRESENTATION_CONTEXT('2D SPACE',''
  ) );
#5412 = PCURVE('',#5413,#5418);
#5413 = PLANE('',#5414);
#5414 = AXIS2_PLACEMENT_3D('',#5415,#5416,#5417);
#5415 = CARTESIAN_POINT('',(-37.36473670974,6.717622392719,67.));
#5416 = DIRECTION('',(-0.387298334621,-0.22360679775,-0.894427191));
#5417 = DIRECTION('',(-0.774596669241,-0.4472135955,0.4472135955));
#5418 = DEFINITIONAL_REPRESENTATION('',(#5419),#5423);
#5419 = LINE('',#5420,#5421);
#5420 = CARTESIAN_POINT('',(0.,0.));
#5421 = VECTOR('',#5422,1.);
#5422 = DIRECTION('',(1.,5.551115123126E-17));
#5423 = ( GEOMETRIC_REPRESENTATION_CONTEXT(2) 
PARAMETRIC_REPRESENTATION_CONTEXT() REPRESENTATION_CONTEXT('2D SPACE',''
  ) );
#5424 = ORIENTED_EDGE('',*,*,#5425,.T.);
#5425 = EDGE_CURVE('',#5398,#5426,#5428,.T.);
#5426 = VERTEX_POINT('',#5427);
#5427 = CARTESIAN_POINT('',(-72.00575286112,-13.28237760728,92.));
#5428 = SURFACE_CURVE('',#5429,(#5433,#5440),.PCURVE_S1.);
#5429 = LINE('',#5430,#5431);
#5430 = CARTESIAN_POINT('',(-70.27370205355,-12.28237760728,86.));
#5431 = VECTOR('',#5432,1.);
#5432 = DIRECTION('',(-0.273861278753,-0.158113883008,0.948683298051));
#5433 = PCURVE('',#5053,#5434);
#5434 = DEFINITIONAL_REPRESENTATION('',(#5435),#5439);
#5435 = LINE('',#5436,#5437);
#5436 = CARTESIAN_POINT('',(-17.73494880676,-6.448073085939));
#5437 = VECTOR('',#5438,1.);
#5438 = DIRECTION('',(-0.948683298051,-0.316227766017));
#5439 = ( GEOMETRIC_REPRESENTATION_CONTEXT(2) 
PARAMETRIC_REPRESENTATION_CONTEXT() REPRESENTATION_CONTEXT('2D SPACE',''
  ) );
#5440 = PCURVE('',#5441,#5446);
#5441 = PLANE('',#5442);
#5442 = AXIS2_PLACEMENT_3D('',#5443,#5444,#5445);
#5443 = CARTESIAN_POINT('',(-70.27370205355,-12.28237760728,86.));
#5444 = DIRECTION('',(-0.821583836258,-0.474341649025,-0.316227766017));
#5445 = DIRECTION('',(-0.273861278753,-0.158113883008,0.948683298051));
#5446 = DEFINITIONAL_REPRESENTATION('',(#5447),#5451);
#5447 = LINE('',#5448,#5449);
#5448 = CARTESIAN_POINT('',(0.,0.));
#5449 = VECTOR('',#5450,1.);
#5450 = DIRECTION('',(1.,0.));
#5451 = ( GEOMETRIC_REPRESENTATION_CONTEXT(2) 
PARAMETRIC_REPRESENTATION_CONTEXT() REPRESENTATION_CONTEXT('2D SPACE',''
  ) );
#5452 = ORIENTED_EDGE('',*,*,#5453,.T.);
#5453 = EDGE_CURVE('',#5426,#5454,#5456,.T.);
#5454 = VERTEX_POINT('',#5455);
#5455 = CARTESIAN_POINT('',(-77.20190528383,-16.28237760728,94.));
#5456 = SURFACE_CURVE('',#5457,(#5461,#5468),.PCURVE_S1.);
#5457 = LINE('',#5458,#5459);
#5458 = CARTESIAN_POINT('',(-72.00575286112,-13.28237760728,92.));
#5459 = VECTOR('',#5460,1.);
#5460 = DIRECTION('',(-0.821583836258,-0.474341649025,0.316227766017));
#5461 = PCURVE('',#5053,#5462);
#5462 = DEFINITIONAL_REPRESENTATION('',(#5463),#5467);
#5463 = LINE('',#5464,#5465);
#5464 = CARTESIAN_POINT('',(-23.73494880676,-8.448073085939));
#5465 = VECTOR('',#5466,1.);
#5466 = DIRECTION('',(-0.316227766017,-0.948683298051));
#5467 = ( GEOMETRIC_REPRESENTATION_CONTEXT(2) 
PARAMETRIC_REPRESENTATION_CONTEXT() REPRESENTATION_CONTEXT('2D SPACE',''
  ) );
#5468 = PCURVE('',#5469,#5474);
#5469 = PLANE('',#5470);
#5470 = AXIS2_PLACEMENT_3D('',#5471,#5472,#5473);
#5471 = CARTESIAN_POINT('',(-72.00575286112,-13.28237760728,92.));
#5472 = DIRECTION('',(-0.273861278753,-0.158113883008,-0.948683298051));
#5473 = DIRECTION('',(-0.821583836258,-0.474341649025,0.316227766017));
#5474 = DEFINITIONAL_REPRESENTATION('',(#5475),#5479);
#5475 = LINE('',#5476,#5477);
#5476 = CARTESIAN_POINT('',(0.,0.));
#5477 = VECTOR('',#5478,1.);
#5478 = DIRECTION('',(1.,5.551115123126E-17));
#5479 = ( GEOMETRIC_REPRESENTATION_CONTEXT(2) 
PARAMETRIC_REPRESENTATION_CONTEXT() REPRESENTATION_CONTEXT('2D SPACE',''
  ) );
#5480 = ORIENTED_EDGE('',*,*,#5481,.T.);
#5481 = EDGE_CURVE('',#5454,#5482,#5484,.T.);
#5482 = VERTEX_POINT('',#5483);
#5483 = CARTESIAN_POINT('',(-82.39805770654,-19.28237760728,92.));
#5484 = SURFACE_CURVE('',#5485,(#5489,#5496),.PCURVE_S1.);
#5485 = LINE('',#5486,#5487);
#5486 = CARTESIAN_POINT('',(-77.20190528383,-16.28237760728,94.));
#5487 = VECTOR('',#5488,1.);
#5488 = DIRECTION('',(-0.821583836258,-0.474341649025,-0.316227766017));
#5489 = PCURVE('',#5053,#5490);
#5490 = DEFINITIONAL_REPRESENTATION('',(#5491),#5495);
#5491 = LINE('',#5492,#5493);
#5492 = CARTESIAN_POINT('',(-25.73494880676,-14.44807308593));
#5493 = VECTOR('',#5494,1.);
#5494 = DIRECTION('',(0.316227766017,-0.948683298051));
#5495 = ( GEOMETRIC_REPRESENTATION_CONTEXT(2) 
PARAMETRIC_REPRESENTATION_CONTEXT() REPRESENTATION_CONTEXT('2D SPACE',''
  ) );
#5496 = PCURVE('',#5497,#5502);
#5497 = PLANE('',#5498);
#5498 = AXIS2_PLACEMENT_3D('',#5499,#5500,#5501);
#5499 = CARTESIAN_POINT('',(-77.20190528383,-16.28237760728,94.));
#5500 = DIRECTION('',(0.273861278753,0.158113883008,-0.948683298051));
#5501 = DIRECTION('',(-0.821583836258,-0.474341649025,-0.316227766017));
#5502 = DEFINITIONAL_REPRESENTATION('',(#5503),#5507);
#5503 = LINE('',#5504,#5505);
#5504 = CARTESIAN_POINT('',(-0.,0.));
#5505 = VECTOR('',#5506,1.);
#5506 = DIRECTION('',(1.,5.551115123126E-17));
#5507 = ( GEOMETRIC_REPRESENTATION_CONTEXT(2) 
PARAMETRIC_REPRESENTATION_CONTEXT() REPRESENTATION_CONTEXT('2D SPACE',''
  ) );
#5508 = ORIENTED_EDGE('',*,*,#5509,.T.);
#5509 = EDGE_CURVE('',#5482,#5038,#5510,.T.);
#5510 = SURFACE_CURVE('',#5511,(#5515,#5522),.PCURVE_S1.);
#5511 = LINE('',#5512,#5513);
#5512 = CARTESIAN_POINT('',(-82.39805770654,-19.28237760728,92.));
#5513 = VECTOR('',#5514,1.);
#5514 = DIRECTION('',(-0.273861278753,-0.158113883008,-0.948683298051));
#5515 = PCURVE('',#5053,#5516);
#5516 = DEFINITIONAL_REPRESENTATION('',(#5517),#5521);
#5517 = LINE('',#5518,#5519);
#5518 = CARTESIAN_POINT('',(-23.73494880676,-20.44807308593));
#5519 = VECTOR('',#5520,1.);
#5520 = DIRECTION('',(0.948683298051,-0.316227766017));
#5521 = ( GEOMETRIC_REPRESENTATION_CONTEXT(2) 
PARAMETRIC_REPRESENTATION_CONTEXT() REPRESENTATION_CONTEXT('2D SPACE',''
  ) );
#5522 = PCURVE('',#5081,#5523);
#5523 = DEFINITIONAL_REPRESENTATION('',(#5524),#5528);
#5524 = LINE('',#5525,#5526);
#5525 = CARTESIAN_POINT('',(-0.,0.));
#5526 = VECTOR('',#5527,1.);
#5527 = DIRECTION('',(1.,0.));
#5528 = ( GEOMETRIC_REPRESENTATION_CONTEXT(2) 
PARAMETRIC_REPRESENTATION_CONTEXT() REPRESENTATION_CONTEXT('2D SPACE',''
  ) );
#5529 = ORIENTED_EDGE('',*,*,#5037,.T.);
#5530 = FACE_BOUND('',#5531,.F.);
#5531 = EDGE_LOOP('',(#5532));
#5532 = ORIENTED_EDGE('',*,*,#5533,.F.);
#5533 = EDGE_CURVE('',#5534,#5534,#5536,.T.);
#5534 = VERTEX_POINT('',#5535);
#5535 = CARTESIAN_POINT('',(-74.5172265321,-14.73237760728,86.));
#5536 = SURFACE_CURVE('',#5537,(#5542,#5549),.PCURVE_S1.);
#5537 = CIRCLE('',#5538,3.1);
#5538 = AXIS2_PLACEMENT_3D('',#5539,#5540,#5541);
#5539 = CARTESIAN_POINT('',(-77.20190528383,-16.28237760728,86.));
#5540 = DIRECTION('',(0.5,-0.866025403784,-1.110223024625E-16));
#5541 = DIRECTION('',(0.866025403784,0.5,0.));
#5542 = PCURVE('',#5053,#5543);
#5543 = DEFINITIONAL_REPRESENTATION('',(#5544),#5548);
#5544 = CIRCLE('',#5545,3.1);
#5545 = AXIS2_PLACEMENT_2D('',#5546,#5547);
#5546 = CARTESIAN_POINT('',(-17.73494880676,-14.44807308593));
#5547 = DIRECTION('',(0.,1.));
#5548 = ( GEOMETRIC_REPRESENTATION_CONTEXT(2) 
PARAMETRIC_REPRESENTATION_CONTEXT() REPRESENTATION_CONTEXT('2D SPACE',''
  ) );
#5549 = PCURVE('',#5550,#5555);
#5550 = CYLINDRICAL_SURFACE('',#5551,3.1);
#5551 = AXIS2_PLACEMENT_3D('',#5552,#5553,#5554);
#5552 = CARTESIAN_POINT('',(-64.20190528383,-38.79903810567,86.));
#5553 = DIRECTION('',(0.5,-0.866025403784,-1.110223024625E-16));
#5554 = DIRECTION('',(0.866025403784,0.5,0.));
#5555 = DEFINITIONAL_REPRESENTATION('',(#5556),#5560);
#5556 = LINE('',#5557,#5558);
#5557 = CARTESIAN_POINT('',(-6.28318530718,-26.));
#5558 = VECTOR('',#5559,1.);
#5559 = DIRECTION('',(1.,-0.));
#5560 = ( GEOMETRIC_REPRESENTATION_CONTEXT(2) 
PARAMETRIC_REPRESENTATION_CONTEXT() REPRESENTATION_CONTEXT('2D SPACE',''
  ) );
#5561 = ADVANCED_FACE('',(#5562),#5081,.F.);
#5562 = FACE_BOUND('',#5563,.F.);
#5563 = EDGE_LOOP('',(#5564,#5587,#5608,#5609));
#5564 = ORIENTED_EDGE('',*,*,#5565,.T.);
#5565 = EDGE_CURVE('',#5482,#5566,#5568,.T.);
#5566 = VERTEX_POINT('',#5567);
#5567 = CARTESIAN_POINT('',(-80.89805770654,-21.88045381863,92.));
#5568 = SURFACE_CURVE('',#5569,(#5573,#5580),.PCURVE_S1.);
#5569 = LINE('',#5570,#5571);
#5570 = CARTESIAN_POINT('',(-82.39805770654,-19.28237760728,92.));
#5571 = VECTOR('',#5572,1.);
#5572 = DIRECTION('',(0.5,-0.866025403784,0.));
#5573 = PCURVE('',#5081,#5574);
#5574 = DEFINITIONAL_REPRESENTATION('',(#5575),#5579);
#5575 = LINE('',#5576,#5577);
#5576 = CARTESIAN_POINT('',(-0.,0.));
#5577 = VECTOR('',#5578,1.);
#5578 = DIRECTION('',(-1.665334536938E-17,-1.));
#5579 = ( GEOMETRIC_REPRESENTATION_CONTEXT(2) 
PARAMETRIC_REPRESENTATION_CONTEXT() REPRESENTATION_CONTEXT('2D SPACE',''
  ) );
#5580 = PCURVE('',#5497,#5581);
#5581 = DEFINITIONAL_REPRESENTATION('',(#5582),#5586);
#5582 = LINE('',#5583,#5584);
#5583 = CARTESIAN_POINT('',(6.324555320337,4.440892098501E-16));
#5584 = VECTOR('',#5585,1.);
#5585 = DIRECTION('',(-5.551115123126E-17,-1.));
#5586 = ( GEOMETRIC_REPRESENTATION_CONTEXT(2) 
PARAMETRIC_REPRESENTATION_CONTEXT() REPRESENTATION_CONTEXT('2D SPACE',''
  ) );
#5587 = ORIENTED_EDGE('',*,*,#5588,.F.);
#5588 = EDGE_CURVE('',#5066,#5566,#5589,.T.);
#5589 = SURFACE_CURVE('',#5590,(#5594,#5601),.PCURVE_S1.);
#5590 = LINE('',#5591,#5592);
#5591 = CARTESIAN_POINT('',(-84.36215932167,-23.88045381863,80.));
#5592 = VECTOR('',#5593,1.);
#5593 = DIRECTION('',(0.273861278753,0.158113883008,0.948683298051));
#5594 = PCURVE('',#5081,#5595);
#5595 = DEFINITIONAL_REPRESENTATION('',(#5596),#5600);
#5596 = LINE('',#5597,#5598);
#5597 = CARTESIAN_POINT('',(12.649110640674,-3.));
#5598 = VECTOR('',#5599,1.);
#5599 = DIRECTION('',(-1.,0.));
#5600 = ( GEOMETRIC_REPRESENTATION_CONTEXT(2) 
PARAMETRIC_REPRESENTATION_CONTEXT() REPRESENTATION_CONTEXT('2D SPACE',''
  ) );
#5601 = PCURVE('',#5109,#5602);
#5602 = DEFINITIONAL_REPRESENTATION('',(#5603),#5607);
#5603 = LINE('',#5604,#5605);
#5604 = CARTESIAN_POINT('',(-11.73494880676,-24.44807308593));
#5605 = VECTOR('',#5606,1.);
#5606 = DIRECTION('',(-0.948683298051,0.316227766017));
#5607 = ( GEOMETRIC_REPRESENTATION_CONTEXT(2) 
PARAMETRIC_REPRESENTATION_CONTEXT() REPRESENTATION_CONTEXT('2D SPACE',''
  ) );
#5608 = ORIENTED_EDGE('',*,*,#5065,.F.);
#5609 = ORIENTED_EDGE('',*,*,#5509,.F.);
#5610 = ADVANCED_FACE('',(#5611,#5751),#5109,.T.);
#5611 = FACE_BOUND('',#5612,.T.);
#5612 = EDGE_LOOP('',(#5613,#5636,#5659,#5682,#5705,#5728,#5749,#5750));
#5613 = ORIENTED_EDGE('',*,*,#5614,.T.);
#5614 = EDGE_CURVE('',#5094,#5615,#5617,.T.);
#5615 = VERTEX_POINT('',#5616);
#5616 = CARTESIAN_POINT('',(-35.86473670974,4.119546181365,53.));
#5617 = SURFACE_CURVE('',#5618,(#5622,#5629),.PCURVE_S1.);
#5618 = LINE('',#5619,#5620);
#5619 = CARTESIAN_POINT('',(-84.36215932167,-23.88045381863,53.));
#5620 = VECTOR('',#5621,1.);
#5621 = DIRECTION('',(0.866025403784,0.5,0.));
#5622 = PCURVE('',#5109,#5623);
#5623 = DEFINITIONAL_REPRESENTATION('',(#5624),#5628);
#5624 = LINE('',#5625,#5626);
#5625 = CARTESIAN_POINT('',(15.265051193238,-24.44807308593));
#5626 = VECTOR('',#5627,1.);
#5627 = DIRECTION('',(0.,1.));
#5628 = ( GEOMETRIC_REPRESENTATION_CONTEXT(2) 
PARAMETRIC_REPRESENTATION_CONTEXT() REPRESENTATION_CONTEXT('2D SPACE',''
  ) );
#5629 = PCURVE('',#5135,#5630);
#5630 = DEFINITIONAL_REPRESENTATION('',(#5631),#5635);
#5631 = LINE('',#5632,#5633);
#5632 = CARTESIAN_POINT('',(0.,20.));
#5633 = VECTOR('',#5634,1.);
#5634 = DIRECTION('',(1.,0.));
#5635 = ( GEOMETRIC_REPRESENTATION_CONTEXT(2) 
PARAMETRIC_REPRESENTATION_CONTEXT() REPRESENTATION_CONTEXT('2D SPACE',''
  ) );
#5636 = ORIENTED_EDGE('',*,*,#5637,.T.);
#5637 = EDGE_CURVE('',#5615,#5638,#5640,.T.);
#5638 = VERTEX_POINT('',#5639);
#5639 = CARTESIAN_POINT('',(-35.86473670974,4.119546181365,67.));
#5640 = SURFACE_CURVE('',#5641,(#5645,#5652),.PCURVE_S1.);
#5641 = LINE('',#5642,#5643);
#5642 = CARTESIAN_POINT('',(-35.86473670974,4.119546181365,53.));
#5643 = VECTOR('',#5644,1.);
#5644 = DIRECTION('',(0.,0.,1.));
#5645 = PCURVE('',#5109,#5646);
#5646 = DEFINITIONAL_REPRESENTATION('',(#5647),#5651);
#5647 = LINE('',#5648,#5649);
#5648 = CARTESIAN_POINT('',(15.265051193238,31.551926914061));
#5649 = VECTOR('',#5650,1.);
#5650 = DIRECTION('',(-1.,0.));
#5651 = ( GEOMETRIC_REPRESENTATION_CONTEXT(2) 
PARAMETRIC_REPRESENTATION_CONTEXT() REPRESENTATION_CONTEXT('2D SPACE',''
  ) );
#5652 = PCURVE('',#5211,#5653);
#5653 = DEFINITIONAL_REPRESENTATION('',(#5654),#5658);
#5654 = LINE('',#5655,#5656);
#5655 = CARTESIAN_POINT('',(3.,-20.));
#5656 = VECTOR('',#5657,1.);
#5657 = DIRECTION('',(1.,0.));
#5658 = ( GEOMETRIC_REPRESENTATION_CONTEXT(2) 
PARAMETRIC_REPRESENTATION_CONTEXT() REPRESENTATION_CONTEXT('2D SPACE',''
  ) );
#5659 = ORIENTED_EDGE('',*,*,#5660,.T.);
#5660 = EDGE_CURVE('',#5638,#5661,#5663,.T.);
#5661 = VERTEX_POINT('',#5662);
#5662 = CARTESIAN_POINT('',(-68.77370205355,-14.88045381863,86.));
#5663 = SURFACE_CURVE('',#5664,(#5668,#5675),.PCURVE_S1.);
#5664 = LINE('',#5665,#5666);
#5665 = CARTESIAN_POINT('',(-35.86473670974,4.119546181365,67.));
#5666 = VECTOR('',#5667,1.);
#5667 = DIRECTION('',(-0.774596669241,-0.4472135955,0.4472135955));
#5668 = PCURVE('',#5109,#5669);
#5669 = DEFINITIONAL_REPRESENTATION('',(#5670),#5674);
#5670 = LINE('',#5671,#5672);
#5671 = CARTESIAN_POINT('',(1.265051193238,31.551926914061));
#5672 = VECTOR('',#5673,1.);
#5673 = DIRECTION('',(-0.4472135955,-0.894427191));
#5674 = ( GEOMETRIC_REPRESENTATION_CONTEXT(2) 
PARAMETRIC_REPRESENTATION_CONTEXT() REPRESENTATION_CONTEXT('2D SPACE',''
  ) );
#5675 = PCURVE('',#5413,#5676);
#5676 = DEFINITIONAL_REPRESENTATION('',(#5677),#5681);
#5677 = LINE('',#5678,#5679);
#5678 = CARTESIAN_POINT('',(0.,-3.));
#5679 = VECTOR('',#5680,1.);
#5680 = DIRECTION('',(1.,5.551115123126E-17));
#5681 = ( GEOMETRIC_REPRESENTATION_CONTEXT(2) 
PARAMETRIC_REPRESENTATION_CONTEXT() REPRESENTATION_CONTEXT('2D SPACE',''
  ) );
#5682 = ORIENTED_EDGE('',*,*,#5683,.T.);
#5683 = EDGE_CURVE('',#5661,#5684,#5686,.T.);
#5684 = VERTEX_POINT('',#5685);
#5685 = CARTESIAN_POINT('',(-70.50575286112,-15.88045381863,92.));
#5686 = SURFACE_CURVE('',#5687,(#5691,#5698),.PCURVE_S1.);
#5687 = LINE('',#5688,#5689);
#5688 = CARTESIAN_POINT('',(-68.77370205355,-14.88045381863,86.));
#5689 = VECTOR('',#5690,1.);
#5690 = DIRECTION('',(-0.273861278753,-0.158113883008,0.948683298051));
#5691 = PCURVE('',#5109,#5692);
#5692 = DEFINITIONAL_REPRESENTATION('',(#5693),#5697);
#5693 = LINE('',#5694,#5695);
#5694 = CARTESIAN_POINT('',(-17.73494880676,-6.448073085939));
#5695 = VECTOR('',#5696,1.);
#5696 = DIRECTION('',(-0.948683298051,-0.316227766017));
#5697 = ( GEOMETRIC_REPRESENTATION_CONTEXT(2) 
PARAMETRIC_REPRESENTATION_CONTEXT() REPRESENTATION_CONTEXT('2D SPACE',''
  ) );
#5698 = PCURVE('',#5441,#5699);
#5699 = DEFINITIONAL_REPRESENTATION('',(#5700),#5704);
#5700 = LINE('',#5701,#5702);
#5701 = CARTESIAN_POINT('',(5.551115123126E-17,-3.));
#5702 = VECTOR('',#5703,1.);
#5703 = DIRECTION('',(1.,0.));
#5704 = ( GEOMETRIC_REPRESENTATION_CONTEXT(2) 
PARAMETRIC_REPRESENTATION_CONTEXT() REPRESENTATION_CONTEXT('2D SPACE',''
  ) );
#5705 = ORIENTED_EDGE('',*,*,#5706,.T.);
#5706 = EDGE_CURVE('',#5684,#5707,#5709,.T.);
#5707 = VERTEX_POINT('',#5708);
#5708 = CARTESIAN_POINT('',(-75.70190528383,-18.88045381863,94.));
#5709 = SURFACE_CURVE('',#5710,(#5714,#5721),.PCURVE_S1.);
#5710 = LINE('',#5711,#5712);
#5711 = CARTESIAN_POINT('',(-70.50575286112,-15.88045381863,92.));
#5712 = VECTOR('',#5713,1.);
#5713 = DIRECTION('',(-0.821583836258,-0.474341649025,0.316227766017));
#5714 = PCURVE('',#5109,#5715);
#5715 = DEFINITIONAL_REPRESENTATION('',(#5716),#5720);
#5716 = LINE('',#5717,#5718);
#5717 = CARTESIAN_POINT('',(-23.73494880676,-8.448073085939));
#5718 = VECTOR('',#5719,1.);
#5719 = DIRECTION('',(-0.316227766017,-0.948683298051));
#5720 = ( GEOMETRIC_REPRESENTATION_CONTEXT(2) 
PARAMETRIC_REPRESENTATION_CONTEXT() REPRESENTATION_CONTEXT('2D SPACE',''
  ) );
#5721 = PCURVE('',#5469,#5722);
#5722 = DEFINITIONAL_REPRESENTATION('',(#5723),#5727);
#5723 = LINE('',#5724,#5725);
#5724 = CARTESIAN_POINT('',(0.,-3.));
#5725 = VECTOR('',#5726,1.);
#5726 = DIRECTION('',(1.,5.551115123126E-17));
#5727 = ( GEOMETRIC_REPRESENTATION_CONTEXT(2) 
PARAMETRIC_REPRESENTATION_CONTEXT() REPRESENTATION_CONTEXT('2D SPACE',''
  ) );
#5728 = ORIENTED_EDGE('',*,*,#5729,.T.);
#5729 = EDGE_CURVE('',#5707,#5566,#5730,.T.);
#5730 = SURFACE_CURVE('',#5731,(#5735,#5742),.PCURVE_S1.);
#5731 = LINE('',#5732,#5733);
#5732 = CARTESIAN_POINT('',(-75.70190528383,-18.88045381863,94.));
#5733 = VECTOR('',#5734,1.);
#5734 = DIRECTION('',(-0.821583836258,-0.474341649025,-0.316227766017));
#5735 = PCURVE('',#5109,#5736);
#5736 = DEFINITIONAL_REPRESENTATION('',(#5737),#5741);
#5737 = LINE('',#5738,#5739);
#5738 = CARTESIAN_POINT('',(-25.73494880676,-14.44807308593));
#5739 = VECTOR('',#5740,1.);
#5740 = DIRECTION('',(0.316227766017,-0.948683298051));
#5741 = ( GEOMETRIC_REPRESENTATION_CONTEXT(2) 
PARAMETRIC_REPRESENTATION_CONTEXT() REPRESENTATION_CONTEXT('2D SPACE',''
  ) );
#5742 = PCURVE('',#5497,#5743);
#5743 = DEFINITIONAL_REPRESENTATION('',(#5744),#5748);
#5744 = LINE('',#5745,#5746);
#5745 = CARTESIAN_POINT('',(0.,-3.));
#5746 = VECTOR('',#5747,1.);
#5747 = DIRECTION('',(1.,5.551115123126E-17));
#5748 = ( GEOMETRIC_REPRESENTATION_CONTEXT(2) 
PARAMETRIC_REPRESENTATION_CONTEXT() REPRESENTATION_CONTEXT('2D SPACE',''
  ) );
#5749 = ORIENTED_EDGE('',*,*,#5588,.F.);
#5750 = ORIENTED_EDGE('',*,*,#5093,.T.);
#5751 = FACE_BOUND('',#5752,.T.);
#5752 = EDGE_LOOP('',(#5753));
#5753 = ORIENTED_EDGE('',*,*,#5754,.F.);
#5754 = EDGE_CURVE('',#5755,#5755,#5757,.T.);
#5755 = VERTEX_POINT('',#5756);
#5756 = CARTESIAN_POINT('',(-73.0172265321,-17.33045381863,86.));
#5757 = SURFACE_CURVE('',#5758,(#5763,#5770),.PCURVE_S1.);
#5758 = CIRCLE('',#5759,3.1);
#5759 = AXIS2_PLACEMENT_3D('',#5760,#5761,#5762);
#5760 = CARTESIAN_POINT('',(-75.70190528383,-18.88045381863,86.));
#5761 = DIRECTION('',(0.5,-0.866025403784,-1.110223024625E-16));
#5762 = DIRECTION('',(0.866025403784,0.5,0.));
#5763 = PCURVE('',#5109,#5764);
#5764 = DEFINITIONAL_REPRESENTATION('',(#5765),#5769);
#5765 = CIRCLE('',#5766,3.1);
#5766 = AXIS2_PLACEMENT_2D('',#5767,#5768);
#5767 = CARTESIAN_POINT('',(-17.73494880676,-14.44807308593));
#5768 = DIRECTION('',(0.,1.));
#5769 = ( GEOMETRIC_REPRESENTATION_CONTEXT(2) 
PARAMETRIC_REPRESENTATION_CONTEXT() REPRESENTATION_CONTEXT('2D SPACE',''
  ) );
#5770 = PCURVE('',#5550,#5771);
#5771 = DEFINITIONAL_REPRESENTATION('',(#5772),#5776);
#5772 = LINE('',#5773,#5774);
#5773 = CARTESIAN_POINT('',(-6.28318530718,-23.));
#5774 = VECTOR('',#5775,1.);
#5775 = DIRECTION('',(1.,-0.));
#5776 = ( GEOMETRIC_REPRESENTATION_CONTEXT(2) 
PARAMETRIC_REPRESENTATION_CONTEXT() REPRESENTATION_CONTEXT('2D SPACE',''
  ) );
#5777 = ADVANCED_FACE('',(#5778),#5135,.T.);
#5778 = FACE_BOUND('',#5779,.T.);
#5779 = EDGE_LOOP('',(#5780,#5781,#5782,#5803));
#5780 = ORIENTED_EDGE('',*,*,#5121,.F.);
#5781 = ORIENTED_EDGE('',*,*,#5174,.T.);
#5782 = ORIENTED_EDGE('',*,*,#5783,.T.);
#5783 = EDGE_CURVE('',#5175,#5615,#5784,.T.);
#5784 = SURFACE_CURVE('',#5785,(#5789,#5796),.PCURVE_S1.);
#5785 = LINE('',#5786,#5787);
#5786 = CARTESIAN_POINT('',(-25.86473670974,-13.20096189432,53.));
#5787 = VECTOR('',#5788,1.);
#5788 = DIRECTION('',(-0.5,0.866025403784,0.));
#5789 = PCURVE('',#5135,#5790);
#5790 = DEFINITIONAL_REPRESENTATION('',(#5791),#5795);
#5791 = LINE('',#5792,#5793);
#5792 = CARTESIAN_POINT('',(56.,0.));
#5793 = VECTOR('',#5794,1.);
#5794 = DIRECTION('',(0.,1.));
#5795 = ( GEOMETRIC_REPRESENTATION_CONTEXT(2) 
PARAMETRIC_REPRESENTATION_CONTEXT() REPRESENTATION_CONTEXT('2D SPACE',''
  ) );
#5796 = PCURVE('',#5211,#5797);
#5797 = DEFINITIONAL_REPRESENTATION('',(#5798),#5802);
#5798 = LINE('',#5799,#5800);
#5799 = CARTESIAN_POINT('',(3.,0.));
#5800 = VECTOR('',#5801,1.);
#5801 = DIRECTION('',(0.,-1.));
#5802 = ( GEOMETRIC_REPRESENTATION_CONTEXT(2) 
PARAMETRIC_REPRESENTATION_CONTEXT() REPRESENTATION_CONTEXT('2D SPACE',''
  ) );
#5803 = ORIENTED_EDGE('',*,*,#5614,.F.);
#5804 = ADVANCED_FACE('',(#5805),#5211,.T.);
#5805 = FACE_BOUND('',#5806,.T.);
#5806 = EDGE_LOOP('',(#5807,#5808,#5809,#5810,#5811,#5812,#5833,#5834));
#5807 = ORIENTED_EDGE('',*,*,#5197,.F.);
#5808 = ORIENTED_EDGE('',*,*,#5228,.T.);
#5809 = ORIENTED_EDGE('',*,*,#5300,.T.);
#5810 = ORIENTED_EDGE('',*,*,#5348,.F.);
#5811 = ORIENTED_EDGE('',*,*,#5374,.T.);
#5812 = ORIENTED_EDGE('',*,*,#5813,.T.);
#5813 = EDGE_CURVE('',#5375,#5638,#5814,.T.);
#5814 = SURFACE_CURVE('',#5815,(#5819,#5826),.PCURVE_S1.);
#5815 = LINE('',#5816,#5817);
#5816 = CARTESIAN_POINT('',(-37.36473670974,6.717622392719,67.));
#5817 = VECTOR('',#5818,1.);
#5818 = DIRECTION('',(0.5,-0.866025403784,0.));
#5819 = PCURVE('',#5211,#5820);
#5820 = DEFINITIONAL_REPRESENTATION('',(#5821),#5825);
#5821 = LINE('',#5822,#5823);
#5822 = CARTESIAN_POINT('',(17.,-23.));
#5823 = VECTOR('',#5824,1.);
#5824 = DIRECTION('',(0.,1.));
#5825 = ( GEOMETRIC_REPRESENTATION_CONTEXT(2) 
PARAMETRIC_REPRESENTATION_CONTEXT() REPRESENTATION_CONTEXT('2D SPACE',''
  ) );
#5826 = PCURVE('',#5413,#5827);
#5827 = DEFINITIONAL_REPRESENTATION('',(#5828),#5832);
#5828 = LINE('',#5829,#5830);
#5829 = CARTESIAN_POINT('',(0.,0.));
#5830 = VECTOR('',#5831,1.);
#5831 = DIRECTION('',(-6.661338147751E-17,-1.));
#5832 = ( GEOMETRIC_REPRESENTATION_CONTEXT(2) 
PARAMETRIC_REPRESENTATION_CONTEXT() REPRESENTATION_CONTEXT('2D SPACE',''
  ) );
#5833 = ORIENTED_EDGE('',*,*,#5637,.F.);
#5834 = ORIENTED_EDGE('',*,*,#5783,.F.);
#5835 = ADVANCED_FACE('',(#5836),#5413,.F.);
#5836 = FACE_BOUND('',#5837,.F.);
#5837 = EDGE_LOOP('',(#5838,#5839,#5840,#5861));
#5838 = ORIENTED_EDGE('',*,*,#5813,.T.);
#5839 = ORIENTED_EDGE('',*,*,#5660,.T.);
#5840 = ORIENTED_EDGE('',*,*,#5841,.F.);
#5841 = EDGE_CURVE('',#5398,#5661,#5842,.T.);
#5842 = SURFACE_CURVE('',#5843,(#5847,#5854),.PCURVE_S1.);
#5843 = LINE('',#5844,#5845);
#5844 = CARTESIAN_POINT('',(-70.27370205355,-12.28237760728,86.));
#5845 = VECTOR('',#5846,1.);
#5846 = DIRECTION('',(0.5,-0.866025403784,0.));
#5847 = PCURVE('',#5413,#5848);
#5848 = DEFINITIONAL_REPRESENTATION('',(#5849),#5853);
#5849 = LINE('',#5850,#5851);
#5850 = CARTESIAN_POINT('',(42.485291572496,-3.552713678801E-15));
#5851 = VECTOR('',#5852,1.);
#5852 = DIRECTION('',(-6.661338147751E-17,-1.));
#5853 = ( GEOMETRIC_REPRESENTATION_CONTEXT(2) 
PARAMETRIC_REPRESENTATION_CONTEXT() REPRESENTATION_CONTEXT('2D SPACE',''
  ) );
#5854 = PCURVE('',#5441,#5855);
#5855 = DEFINITIONAL_REPRESENTATION('',(#5856),#5860);
#5856 = LINE('',#5857,#5858);
#5857 = CARTESIAN_POINT('',(0.,0.));
#5858 = VECTOR('',#5859,1.);
#5859 = DIRECTION('',(-1.665334536938E-17,-1.));
#5860 = ( GEOMETRIC_REPRESENTATION_CONTEXT(2) 
PARAMETRIC_REPRESENTATION_CONTEXT() REPRESENTATION_CONTEXT('2D SPACE',''
  ) );
#5861 = ORIENTED_EDGE('',*,*,#5397,.F.);
#5862 = ADVANCED_FACE('',(#5863),#5497,.F.);
#5863 = FACE_BOUND('',#5864,.F.);
#5864 = EDGE_LOOP('',(#5865,#5886,#5887,#5888));
#5865 = ORIENTED_EDGE('',*,*,#5866,.T.);
#5866 = EDGE_CURVE('',#5454,#5707,#5867,.T.);
#5867 = SURFACE_CURVE('',#5868,(#5872,#5879),.PCURVE_S1.);
#5868 = LINE('',#5869,#5870);
#5869 = CARTESIAN_POINT('',(-77.20190528383,-16.28237760728,94.));
#5870 = VECTOR('',#5871,1.);
#5871 = DIRECTION('',(0.5,-0.866025403784,0.));
#5872 = PCURVE('',#5497,#5873);
#5873 = DEFINITIONAL_REPRESENTATION('',(#5874),#5878);
#5874 = LINE('',#5875,#5876);
#5875 = CARTESIAN_POINT('',(-0.,0.));
#5876 = VECTOR('',#5877,1.);
#5877 = DIRECTION('',(-5.551115123126E-17,-1.));
#5878 = ( GEOMETRIC_REPRESENTATION_CONTEXT(2) 
PARAMETRIC_REPRESENTATION_CONTEXT() REPRESENTATION_CONTEXT('2D SPACE',''
  ) );
#5879 = PCURVE('',#5469,#5880);
#5880 = DEFINITIONAL_REPRESENTATION('',(#5881),#5885);
#5881 = LINE('',#5882,#5883);
#5882 = CARTESIAN_POINT('',(6.324555320337,4.440892098501E-16));
#5883 = VECTOR('',#5884,1.);
#5884 = DIRECTION('',(-5.551115123126E-17,-1.));
#5885 = ( GEOMETRIC_REPRESENTATION_CONTEXT(2) 
PARAMETRIC_REPRESENTATION_CONTEXT() REPRESENTATION_CONTEXT('2D SPACE',''
  ) );
#5886 = ORIENTED_EDGE('',*,*,#5729,.T.);
#5887 = ORIENTED_EDGE('',*,*,#5565,.F.);
#5888 = ORIENTED_EDGE('',*,*,#5481,.F.);
#5889 = ADVANCED_FACE('',(#5890),#5441,.F.);
#5890 = FACE_BOUND('',#5891,.F.);
#5891 = EDGE_LOOP('',(#5892,#5893,#5894,#5915));
#5892 = ORIENTED_EDGE('',*,*,#5841,.T.);
#5893 = ORIENTED_EDGE('',*,*,#5683,.T.);
#5894 = ORIENTED_EDGE('',*,*,#5895,.F.);
#5895 = EDGE_CURVE('',#5426,#5684,#5896,.T.);
#5896 = SURFACE_CURVE('',#5897,(#5901,#5908),.PCURVE_S1.);
#5897 = LINE('',#5898,#5899);
#5898 = CARTESIAN_POINT('',(-72.00575286112,-13.28237760728,92.));
#5899 = VECTOR('',#5900,1.);
#5900 = DIRECTION('',(0.5,-0.866025403784,0.));
#5901 = PCURVE('',#5441,#5902);
#5902 = DEFINITIONAL_REPRESENTATION('',(#5903),#5907);
#5903 = LINE('',#5904,#5905);
#5904 = CARTESIAN_POINT('',(6.324555320337,4.107825191113E-15));
#5905 = VECTOR('',#5906,1.);
#5906 = DIRECTION('',(-1.665334536938E-17,-1.));
#5907 = ( GEOMETRIC_REPRESENTATION_CONTEXT(2) 
PARAMETRIC_REPRESENTATION_CONTEXT() REPRESENTATION_CONTEXT('2D SPACE',''
  ) );
#5908 = PCURVE('',#5469,#5909);
#5909 = DEFINITIONAL_REPRESENTATION('',(#5910),#5914);
#5910 = LINE('',#5911,#5912);
#5911 = CARTESIAN_POINT('',(0.,0.));
#5912 = VECTOR('',#5913,1.);
#5913 = DIRECTION('',(-5.551115123126E-17,-1.));
#5914 = ( GEOMETRIC_REPRESENTATION_CONTEXT(2) 
PARAMETRIC_REPRESENTATION_CONTEXT() REPRESENTATION_CONTEXT('2D SPACE',''
  ) );
#5915 = ORIENTED_EDGE('',*,*,#5425,.F.);
#5916 = ADVANCED_FACE('',(#5917),#5469,.F.);
#5917 = FACE_BOUND('',#5918,.F.);
#5918 = EDGE_LOOP('',(#5919,#5920,#5921,#5922));
#5919 = ORIENTED_EDGE('',*,*,#5895,.T.);
#5920 = ORIENTED_EDGE('',*,*,#5706,.T.);
#5921 = ORIENTED_EDGE('',*,*,#5866,.F.);
#5922 = ORIENTED_EDGE('',*,*,#5453,.F.);
#5923 = ADVANCED_FACE('',(#5924),#5550,.F.);
#5924 = FACE_BOUND('',#5925,.T.);
#5925 = EDGE_LOOP('',(#5926,#5927,#5948,#5949));
#5926 = ORIENTED_EDGE('',*,*,#5754,.T.);
#5927 = ORIENTED_EDGE('',*,*,#5928,.T.);
#5928 = EDGE_CURVE('',#5755,#5534,#5929,.T.);
#5929 = SEAM_CURVE('',#5930,(#5934,#5941),.PCURVE_S1.);
#5930 = LINE('',#5931,#5932);
#5931 = CARTESIAN_POINT('',(-61.5172265321,-37.24903810567,86.));
#5932 = VECTOR('',#5933,1.);
#5933 = DIRECTION('',(-0.5,0.866025403784,1.110223024625E-16));
#5934 = PCURVE('',#5550,#5935);
#5935 = DEFINITIONAL_REPRESENTATION('',(#5936),#5940);
#5936 = LINE('',#5937,#5938);
#5937 = CARTESIAN_POINT('',(-6.28318530718,0.));
#5938 = VECTOR('',#5939,1.);
#5939 = DIRECTION('',(-0.,-1.));
#5940 = ( GEOMETRIC_REPRESENTATION_CONTEXT(2) 
PARAMETRIC_REPRESENTATION_CONTEXT() REPRESENTATION_CONTEXT('2D SPACE',''
  ) );
#5941 = PCURVE('',#5550,#5942);
#5942 = DEFINITIONAL_REPRESENTATION('',(#5943),#5947);
#5943 = LINE('',#5944,#5945);
#5944 = CARTESIAN_POINT('',(-0.,0.));
#5945 = VECTOR('',#5946,1.);
#5946 = DIRECTION('',(-0.,-1.));
#5947 = ( GEOMETRIC_REPRESENTATION_CONTEXT(2) 
PARAMETRIC_REPRESENTATION_CONTEXT() REPRESENTATION_CONTEXT('2D SPACE',''
  ) );
#5948 = ORIENTED_EDGE('',*,*,#5533,.F.);
#5949 = ORIENTED_EDGE('',*,*,#5928,.F.);
#5950 = MANIFOLD_SOLID_BREP('',#5951);
#5951 = CLOSED_SHELL('',(#5952,#6072,#6148,#6224,#6389,#6538,#6565,#6592
    ,#6619,#6646,#6653));
#5952 = ADVANCED_FACE('',(#5953),#5967,.F.);
#5953 = FACE_BOUND('',#5954,.F.);
#5954 = EDGE_LOOP('',(#5955,#5990,#6018,#6046));
#5955 = ORIENTED_EDGE('',*,*,#5956,.T.);
#5956 = EDGE_CURVE('',#5957,#5959,#5961,.T.);
#5957 = VERTEX_POINT('',#5958);
#5958 = CARTESIAN_POINT('',(-74.36215932167,-41.20096189432,53.));
#5959 = VERTEX_POINT('',#5960);
#5960 = CARTESIAN_POINT('',(-72.86215932167,-43.79903810567,53.));
#5961 = SURFACE_CURVE('',#5962,(#5966,#5978),.PCURVE_S1.);
#5962 = LINE('',#5963,#5964);
#5963 = CARTESIAN_POINT('',(-74.36215932167,-41.20096189432,53.));
#5964 = VECTOR('',#5965,1.);
#5965 = DIRECTION('',(0.5,-0.866025403784,0.));
#5966 = PCURVE('',#5967,#5972);
#5967 = PLANE('',#5968);
#5968 = AXIS2_PLACEMENT_3D('',#5969,#5970,#5971);
#5969 = CARTESIAN_POINT('',(-74.36215932167,-41.20096189432,53.));
#5970 = DIRECTION('',(0.,0.,1.));
#5971 = DIRECTION('',(0.866025403784,0.5,0.));
#5972 = DEFINITIONAL_REPRESENTATION('',(#5973),#5977);
#5973 = LINE('',#5974,#5975);
#5974 = CARTESIAN_POINT('',(0.,0.));
#5975 = VECTOR('',#5976,1.);
#5976 = DIRECTION('',(0.,-1.));
#5977 = ( GEOMETRIC_REPRESENTATION_CONTEXT(2) 
PARAMETRIC_REPRESENTATION_CONTEXT() REPRESENTATION_CONTEXT('2D SPACE',''
  ) );
#5978 = PCURVE('',#5979,#5984);
#5979 = PLANE('',#5980);
#5980 = AXIS2_PLACEMENT_3D('',#5981,#5982,#5983);
#5981 = CARTESIAN_POINT('',(-74.36215932167,-41.20096189432,80.));
#5982 = DIRECTION('',(0.866025403784,0.5,0.));
#5983 = DIRECTION('',(0.,0.,-1.));
#5984 = DEFINITIONAL_REPRESENTATION('',(#5985),#5989);
#5985 = LINE('',#5986,#5987);
#5986 = CARTESIAN_POINT('',(27.,0.));
#5987 = VECTOR('',#5988,1.);
#5988 = DIRECTION('',(0.,-1.));
#5989 = ( GEOMETRIC_REPRESENTATION_CONTEXT(2) 
PARAMETRIC_REPRESENTATION_CONTEXT() REPRESENTATION_CONTEXT('2D SPACE',''
  ) );
#5990 = ORIENTED_EDGE('',*,*,#5991,.T.);
#5991 = EDGE_CURVE('',#5959,#5992,#5994,.T.);
#5992 = VERTEX_POINT('',#5993);
#5993 = CARTESIAN_POINT('',(-24.36473670974,-15.79903810567,53.));
#5994 = SURFACE_CURVE('',#5995,(#5999,#6006),.PCURVE_S1.);
#5995 = LINE('',#5996,#5997);
#5996 = CARTESIAN_POINT('',(-72.86215932167,-43.79903810567,53.));
#5997 = VECTOR('',#5998,1.);
#5998 = DIRECTION('',(0.866025403784,0.5,0.));
#5999 = PCURVE('',#5967,#6000);
#6000 = DEFINITIONAL_REPRESENTATION('',(#6001),#6005);
#6001 = LINE('',#6002,#6003);
#6002 = CARTESIAN_POINT('',(-2.22044604925E-16,-3.));
#6003 = VECTOR('',#6004,1.);
#6004 = DIRECTION('',(1.,0.));
#6005 = ( GEOMETRIC_REPRESENTATION_CONTEXT(2) 
PARAMETRIC_REPRESENTATION_CONTEXT() REPRESENTATION_CONTEXT('2D SPACE',''
  ) );
#6006 = PCURVE('',#6007,#6012);
#6007 = PLANE('',#6008);
#6008 = AXIS2_PLACEMENT_3D('',#6009,#6010,#6011);
#6009 = CARTESIAN_POINT('',(-51.68950695567,-31.5750015627,
    68.265051193238));
#6010 = DIRECTION('',(0.5,-0.866025403784,-0.));
#6011 = DIRECTION('',(0.,0.,-1.));
#6012 = DEFINITIONAL_REPRESENTATION('',(#6013),#6017);
#6013 = LINE('',#6014,#6015);
#6014 = CARTESIAN_POINT('',(15.265051193238,-24.44807308593));
#6015 = VECTOR('',#6016,1.);
#6016 = DIRECTION('',(0.,1.));
#6017 = ( GEOMETRIC_REPRESENTATION_CONTEXT(2) 
PARAMETRIC_REPRESENTATION_CONTEXT() REPRESENTATION_CONTEXT('2D SPACE',''
  ) );
#6018 = ORIENTED_EDGE('',*,*,#6019,.F.);
#6019 = EDGE_CURVE('',#6020,#5992,#6022,.T.);
#6020 = VERTEX_POINT('',#6021);
#6021 = CARTESIAN_POINT('',(-25.86473670974,-13.20096189432,53.));
#6022 = SURFACE_CURVE('',#6023,(#6027,#6034),.PCURVE_S1.);
#6023 = LINE('',#6024,#6025);
#6024 = CARTESIAN_POINT('',(-25.86473670974,-13.20096189432,53.));
#6025 = VECTOR('',#6026,1.);
#6026 = DIRECTION('',(0.5,-0.866025403784,0.));
#6027 = PCURVE('',#5967,#6028);
#6028 = DEFINITIONAL_REPRESENTATION('',(#6029),#6033);
#6029 = LINE('',#6030,#6031);
#6030 = CARTESIAN_POINT('',(56.,0.));
#6031 = VECTOR('',#6032,1.);
#6032 = DIRECTION('',(0.,-1.));
#6033 = ( GEOMETRIC_REPRESENTATION_CONTEXT(2) 
PARAMETRIC_REPRESENTATION_CONTEXT() REPRESENTATION_CONTEXT('2D SPACE',''
  ) );
#6034 = PCURVE('',#6035,#6040);
#6035 = PLANE('',#6036);
#6036 = AXIS2_PLACEMENT_3D('',#6037,#6038,#6039);
#6037 = CARTESIAN_POINT('',(-25.86473670974,-13.20096189432,53.));
#6038 = DIRECTION('',(-0.866025403784,-0.5,0.));
#6039 = DIRECTION('',(0.,0.,1.));
#6040 = DEFINITIONAL_REPRESENTATION('',(#6041),#6045);
#6041 = LINE('',#6042,#6043);
#6042 = CARTESIAN_POINT('',(0.,0.));
#6043 = VECTOR('',#6044,1.);
#6044 = DIRECTION('',(0.,-1.));
#6045 = ( GEOMETRIC_REPRESENTATION_CONTEXT(2) 
PARAMETRIC_REPRESENTATION_CONTEXT() REPRESENTATION_CONTEXT('2D SPACE',''
  ) );
#6046 = ORIENTED_EDGE('',*,*,#6047,.F.);
#6047 = EDGE_CURVE('',#5957,#6020,#6048,.T.);
#6048 = SURFACE_CURVE('',#6049,(#6053,#6060),.PCURVE_S1.);
#6049 = LINE('',#6050,#6051);
#6050 = CARTESIAN_POINT('',(-74.36215932167,-41.20096189432,53.));
#6051 = VECTOR('',#6052,1.);
#6052 = DIRECTION('',(0.866025403784,0.5,0.));
#6053 = PCURVE('',#5967,#6054);
#6054 = DEFINITIONAL_REPRESENTATION('',(#6055),#6059);
#6055 = LINE('',#6056,#6057);
#6056 = CARTESIAN_POINT('',(0.,0.));
#6057 = VECTOR('',#6058,1.);
#6058 = DIRECTION('',(1.,0.));
#6059 = ( GEOMETRIC_REPRESENTATION_CONTEXT(2) 
PARAMETRIC_REPRESENTATION_CONTEXT() REPRESENTATION_CONTEXT('2D SPACE',''
  ) );
#6060 = PCURVE('',#6061,#6066);
#6061 = PLANE('',#6062);
#6062 = AXIS2_PLACEMENT_3D('',#6063,#6064,#6065);
#6063 = CARTESIAN_POINT('',(-53.18950695567,-28.97692535135,
    68.265051193238));
#6064 = DIRECTION('',(0.5,-0.866025403784,-0.));
#6065 = DIRECTION('',(0.,0.,-1.));
#6066 = DEFINITIONAL_REPRESENTATION('',(#6067),#6071);
#6067 = LINE('',#6068,#6069);
#6068 = CARTESIAN_POINT('',(15.265051193238,-24.44807308593));
#6069 = VECTOR('',#6070,1.);
#6070 = DIRECTION('',(0.,1.));
#6071 = ( GEOMETRIC_REPRESENTATION_CONTEXT(2) 
PARAMETRIC_REPRESENTATION_CONTEXT() REPRESENTATION_CONTEXT('2D SPACE',''
  ) );
#6072 = ADVANCED_FACE('',(#6073),#5979,.F.);
#6073 = FACE_BOUND('',#6074,.F.);
#6074 = EDGE_LOOP('',(#6075,#6105,#6126,#6127));
#6075 = ORIENTED_EDGE('',*,*,#6076,.T.);
#6076 = EDGE_CURVE('',#6077,#6079,#6081,.T.);
#6077 = VERTEX_POINT('',#6078);
#6078 = CARTESIAN_POINT('',(-74.36215932167,-41.20096189432,80.));
#6079 = VERTEX_POINT('',#6080);
#6080 = CARTESIAN_POINT('',(-72.86215932167,-43.79903810567,80.));
#6081 = SURFACE_CURVE('',#6082,(#6086,#6093),.PCURVE_S1.);
#6082 = LINE('',#6083,#6084);
#6083 = CARTESIAN_POINT('',(-74.36215932167,-41.20096189432,80.));
#6084 = VECTOR('',#6085,1.);
#6085 = DIRECTION('',(0.5,-0.866025403784,0.));
#6086 = PCURVE('',#5979,#6087);
#6087 = DEFINITIONAL_REPRESENTATION('',(#6088),#6092);
#6088 = LINE('',#6089,#6090);
#6089 = CARTESIAN_POINT('',(0.,0.));
#6090 = VECTOR('',#6091,1.);
#6091 = DIRECTION('',(0.,-1.));
#6092 = ( GEOMETRIC_REPRESENTATION_CONTEXT(2) 
PARAMETRIC_REPRESENTATION_CONTEXT() REPRESENTATION_CONTEXT('2D SPACE',''
  ) );
#6093 = PCURVE('',#6094,#6099);
#6094 = PLANE('',#6095);
#6095 = AXIS2_PLACEMENT_3D('',#6096,#6097,#6098);
#6096 = CARTESIAN_POINT('',(-70.89805770654,-39.20096189432,92.));
#6097 = DIRECTION('',(0.821583836258,0.474341649025,-0.316227766017));
#6098 = DIRECTION('',(-0.273861278753,-0.158113883008,-0.948683298051));
#6099 = DEFINITIONAL_REPRESENTATION('',(#6100),#6104);
#6100 = LINE('',#6101,#6102);
#6101 = CARTESIAN_POINT('',(12.649110640674,-1.998401444325E-15));
#6102 = VECTOR('',#6103,1.);
#6103 = DIRECTION('',(-1.665334536938E-17,-1.));
#6104 = ( GEOMETRIC_REPRESENTATION_CONTEXT(2) 
PARAMETRIC_REPRESENTATION_CONTEXT() REPRESENTATION_CONTEXT('2D SPACE',''
  ) );
#6105 = ORIENTED_EDGE('',*,*,#6106,.T.);
#6106 = EDGE_CURVE('',#6079,#5959,#6107,.T.);
#6107 = SURFACE_CURVE('',#6108,(#6112,#6119),.PCURVE_S1.);
#6108 = LINE('',#6109,#6110);
#6109 = CARTESIAN_POINT('',(-72.86215932167,-43.79903810567,80.));
#6110 = VECTOR('',#6111,1.);
#6111 = DIRECTION('',(0.,0.,-1.));
#6112 = PCURVE('',#5979,#6113);
#6113 = DEFINITIONAL_REPRESENTATION('',(#6114),#6118);
#6114 = LINE('',#6115,#6116);
#6115 = CARTESIAN_POINT('',(0.,-3.));
#6116 = VECTOR('',#6117,1.);
#6117 = DIRECTION('',(1.,0.));
#6118 = ( GEOMETRIC_REPRESENTATION_CONTEXT(2) 
PARAMETRIC_REPRESENTATION_CONTEXT() REPRESENTATION_CONTEXT('2D SPACE',''
  ) );
#6119 = PCURVE('',#6007,#6120);
#6120 = DEFINITIONAL_REPRESENTATION('',(#6121),#6125);
#6121 = LINE('',#6122,#6123);
#6122 = CARTESIAN_POINT('',(-11.73494880676,-24.44807308593));
#6123 = VECTOR('',#6124,1.);
#6124 = DIRECTION('',(1.,0.));
#6125 = ( GEOMETRIC_REPRESENTATION_CONTEXT(2) 
PARAMETRIC_REPRESENTATION_CONTEXT() REPRESENTATION_CONTEXT('2D SPACE',''
  ) );
#6126 = ORIENTED_EDGE('',*,*,#5956,.F.);
#6127 = ORIENTED_EDGE('',*,*,#6128,.F.);
#6128 = EDGE_CURVE('',#6077,#5957,#6129,.T.);
#6129 = SURFACE_CURVE('',#6130,(#6134,#6141),.PCURVE_S1.);
#6130 = LINE('',#6131,#6132);
#6131 = CARTESIAN_POINT('',(-74.36215932167,-41.20096189432,80.));
#6132 = VECTOR('',#6133,1.);
#6133 = DIRECTION('',(0.,0.,-1.));
#6134 = PCURVE('',#5979,#6135);
#6135 = DEFINITIONAL_REPRESENTATION('',(#6136),#6140);
#6136 = LINE('',#6137,#6138);
#6137 = CARTESIAN_POINT('',(0.,0.));
#6138 = VECTOR('',#6139,1.);
#6139 = DIRECTION('',(1.,0.));
#6140 = ( GEOMETRIC_REPRESENTATION_CONTEXT(2) 
PARAMETRIC_REPRESENTATION_CONTEXT() REPRESENTATION_CONTEXT('2D SPACE',''
  ) );
#6141 = PCURVE('',#6061,#6142);
#6142 = DEFINITIONAL_REPRESENTATION('',(#6143),#6147);
#6143 = LINE('',#6144,#6145);
#6144 = CARTESIAN_POINT('',(-11.73494880676,-24.44807308593));
#6145 = VECTOR('',#6146,1.);
#6146 = DIRECTION('',(1.,0.));
#6147 = ( GEOMETRIC_REPRESENTATION_CONTEXT(2) 
PARAMETRIC_REPRESENTATION_CONTEXT() REPRESENTATION_CONTEXT('2D SPACE',''
  ) );
#6148 = ADVANCED_FACE('',(#6149),#6035,.F.);
#6149 = FACE_BOUND('',#6150,.F.);
#6150 = EDGE_LOOP('',(#6151,#6152,#6175,#6203));
#6151 = ORIENTED_EDGE('',*,*,#6019,.T.);
#6152 = ORIENTED_EDGE('',*,*,#6153,.T.);
#6153 = EDGE_CURVE('',#5992,#6154,#6156,.T.);
#6154 = VERTEX_POINT('',#6155);
#6155 = CARTESIAN_POINT('',(-24.36473670974,-15.79903810567,67.));
#6156 = SURFACE_CURVE('',#6157,(#6161,#6168),.PCURVE_S1.);
#6157 = LINE('',#6158,#6159);
#6158 = CARTESIAN_POINT('',(-24.36473670974,-15.79903810567,53.));
#6159 = VECTOR('',#6160,1.);
#6160 = DIRECTION('',(0.,0.,1.));
#6161 = PCURVE('',#6035,#6162);
#6162 = DEFINITIONAL_REPRESENTATION('',(#6163),#6167);
#6163 = LINE('',#6164,#6165);
#6164 = CARTESIAN_POINT('',(0.,-3.));
#6165 = VECTOR('',#6166,1.);
#6166 = DIRECTION('',(1.,0.));
#6167 = ( GEOMETRIC_REPRESENTATION_CONTEXT(2) 
PARAMETRIC_REPRESENTATION_CONTEXT() REPRESENTATION_CONTEXT('2D SPACE',''
  ) );
#6168 = PCURVE('',#6007,#6169);
#6169 = DEFINITIONAL_REPRESENTATION('',(#6170),#6174);
#6170 = LINE('',#6171,#6172);
#6171 = CARTESIAN_POINT('',(15.265051193238,31.551926914061));
#6172 = VECTOR('',#6173,1.);
#6173 = DIRECTION('',(-1.,0.));
#6174 = ( GEOMETRIC_REPRESENTATION_CONTEXT(2) 
PARAMETRIC_REPRESENTATION_CONTEXT() REPRESENTATION_CONTEXT('2D SPACE',''
  ) );
#6175 = ORIENTED_EDGE('',*,*,#6176,.F.);
#6176 = EDGE_CURVE('',#6177,#6154,#6179,.T.);
#6177 = VERTEX_POINT('',#6178);
#6178 = CARTESIAN_POINT('',(-25.86473670974,-13.20096189432,67.));
#6179 = SURFACE_CURVE('',#6180,(#6184,#6191),.PCURVE_S1.);
#6180 = LINE('',#6181,#6182);
#6181 = CARTESIAN_POINT('',(-25.86473670974,-13.20096189432,67.));
#6182 = VECTOR('',#6183,1.);
#6183 = DIRECTION('',(0.5,-0.866025403784,0.));
#6184 = PCURVE('',#6035,#6185);
#6185 = DEFINITIONAL_REPRESENTATION('',(#6186),#6190);
#6186 = LINE('',#6187,#6188);
#6187 = CARTESIAN_POINT('',(14.,0.));
#6188 = VECTOR('',#6189,1.);
#6189 = DIRECTION('',(0.,-1.));
#6190 = ( GEOMETRIC_REPRESENTATION_CONTEXT(2) 
PARAMETRIC_REPRESENTATION_CONTEXT() REPRESENTATION_CONTEXT('2D SPACE',''
  ) );
#6191 = PCURVE('',#6192,#6197);
#6192 = PLANE('',#6193);
#6193 = AXIS2_PLACEMENT_3D('',#6194,#6195,#6196);
#6194 = CARTESIAN_POINT('',(-25.86473670974,-13.20096189432,67.));
#6195 = DIRECTION('',(-0.387298334621,-0.22360679775,-0.894427191));
#6196 = DIRECTION('',(-0.774596669241,-0.4472135955,0.4472135955));
#6197 = DEFINITIONAL_REPRESENTATION('',(#6198),#6202);
#6198 = LINE('',#6199,#6200);
#6199 = CARTESIAN_POINT('',(0.,0.));
#6200 = VECTOR('',#6201,1.);
#6201 = DIRECTION('',(-6.661338147751E-17,-1.));
#6202 = ( GEOMETRIC_REPRESENTATION_CONTEXT(2) 
PARAMETRIC_REPRESENTATION_CONTEXT() REPRESENTATION_CONTEXT('2D SPACE',''
  ) );
#6203 = ORIENTED_EDGE('',*,*,#6204,.F.);
#6204 = EDGE_CURVE('',#6020,#6177,#6205,.T.);
#6205 = SURFACE_CURVE('',#6206,(#6210,#6217),.PCURVE_S1.);
#6206 = LINE('',#6207,#6208);
#6207 = CARTESIAN_POINT('',(-25.86473670974,-13.20096189432,53.));
#6208 = VECTOR('',#6209,1.);
#6209 = DIRECTION('',(0.,0.,1.));
#6210 = PCURVE('',#6035,#6211);
#6211 = DEFINITIONAL_REPRESENTATION('',(#6212),#6216);
#6212 = LINE('',#6213,#6214);
#6213 = CARTESIAN_POINT('',(0.,0.));
#6214 = VECTOR('',#6215,1.);
#6215 = DIRECTION('',(1.,0.));
#6216 = ( GEOMETRIC_REPRESENTATION_CONTEXT(2) 
PARAMETRIC_REPRESENTATION_CONTEXT() REPRESENTATION_CONTEXT('2D SPACE',''
  ) );
#6217 = PCURVE('',#6061,#6218);
#6218 = DEFINITIONAL_REPRESENTATION('',(#6219),#6223);
#6219 = LINE('',#6220,#6221);
#6220 = CARTESIAN_POINT('',(15.265051193238,31.551926914061));
#6221 = VECTOR('',#6222,1.);
#6222 = DIRECTION('',(-1.,0.));
#6223 = ( GEOMETRIC_REPRESENTATION_CONTEXT(2) 
PARAMETRIC_REPRESENTATION_CONTEXT() REPRESENTATION_CONTEXT('2D SPACE',''
  ) );
#6224 = ADVANCED_FACE('',(#6225,#6358),#6061,.F.);
#6225 = FACE_BOUND('',#6226,.F.);
#6226 = EDGE_LOOP('',(#6227,#6228,#6229,#6252,#6280,#6308,#6336,#6357));
#6227 = ORIENTED_EDGE('',*,*,#6047,.T.);
#6228 = ORIENTED_EDGE('',*,*,#6204,.T.);
#6229 = ORIENTED_EDGE('',*,*,#6230,.T.);
#6230 = EDGE_CURVE('',#6177,#6231,#6233,.T.);
#6231 = VERTEX_POINT('',#6232);
#6232 = CARTESIAN_POINT('',(-58.77370205355,-32.20096189432,86.));
#6233 = SURFACE_CURVE('',#6234,(#6238,#6245),.PCURVE_S1.);
#6234 = LINE('',#6235,#6236);
#6235 = CARTESIAN_POINT('',(-25.86473670974,-13.20096189432,67.));
#6236 = VECTOR('',#6237,1.);
#6237 = DIRECTION('',(-0.774596669241,-0.4472135955,0.4472135955));
#6238 = PCURVE('',#6061,#6239);
#6239 = DEFINITIONAL_REPRESENTATION('',(#6240),#6244);
#6240 = LINE('',#6241,#6242);
#6241 = CARTESIAN_POINT('',(1.265051193238,31.551926914061));
#6242 = VECTOR('',#6243,1.);
#6243 = DIRECTION('',(-0.4472135955,-0.894427191));
#6244 = ( GEOMETRIC_REPRESENTATION_CONTEXT(2) 
PARAMETRIC_REPRESENTATION_CONTEXT() REPRESENTATION_CONTEXT('2D SPACE',''
  ) );
#6245 = PCURVE('',#6192,#6246);
#6246 = DEFINITIONAL_REPRESENTATION('',(#6247),#6251);
#6247 = LINE('',#6248,#6249);
#6248 = CARTESIAN_POINT('',(0.,0.));
#6249 = VECTOR('',#6250,1.);
#6250 = DIRECTION('',(1.,5.551115123126E-17));
#6251 = ( GEOMETRIC_REPRESENTATION_CONTEXT(2) 
PARAMETRIC_REPRESENTATION_CONTEXT() REPRESENTATION_CONTEXT('2D SPACE',''
  ) );
#6252 = ORIENTED_EDGE('',*,*,#6253,.T.);
#6253 = EDGE_CURVE('',#6231,#6254,#6256,.T.);
#6254 = VERTEX_POINT('',#6255);
#6255 = CARTESIAN_POINT('',(-60.50575286112,-33.20096189432,92.));
#6256 = SURFACE_CURVE('',#6257,(#6261,#6268),.PCURVE_S1.);
#6257 = LINE('',#6258,#6259);
#6258 = CARTESIAN_POINT('',(-58.77370205355,-32.20096189432,86.));
#6259 = VECTOR('',#6260,1.);
#6260 = DIRECTION('',(-0.273861278753,-0.158113883008,0.948683298051));
#6261 = PCURVE('',#6061,#6262);
#6262 = DEFINITIONAL_REPRESENTATION('',(#6263),#6267);
#6263 = LINE('',#6264,#6265);
#6264 = CARTESIAN_POINT('',(-17.73494880676,-6.448073085939));
#6265 = VECTOR('',#6266,1.);
#6266 = DIRECTION('',(-0.948683298051,-0.316227766017));
#6267 = ( GEOMETRIC_REPRESENTATION_CONTEXT(2) 
PARAMETRIC_REPRESENTATION_CONTEXT() REPRESENTATION_CONTEXT('2D SPACE',''
  ) );
#6268 = PCURVE('',#6269,#6274);
#6269 = PLANE('',#6270);
#6270 = AXIS2_PLACEMENT_3D('',#6271,#6272,#6273);
#6271 = CARTESIAN_POINT('',(-58.77370205355,-32.20096189432,86.));
#6272 = DIRECTION('',(-0.821583836258,-0.474341649025,-0.316227766017));
#6273 = DIRECTION('',(-0.273861278753,-0.158113883008,0.948683298051));
#6274 = DEFINITIONAL_REPRESENTATION('',(#6275),#6279);
#6275 = LINE('',#6276,#6277);
#6276 = CARTESIAN_POINT('',(0.,0.));
#6277 = VECTOR('',#6278,1.);
#6278 = DIRECTION('',(1.,0.));
#6279 = ( GEOMETRIC_REPRESENTATION_CONTEXT(2) 
PARAMETRIC_REPRESENTATION_CONTEXT() REPRESENTATION_CONTEXT('2D SPACE',''
  ) );
#6280 = ORIENTED_EDGE('',*,*,#6281,.T.);
#6281 = EDGE_CURVE('',#6254,#6282,#6284,.T.);
#6282 = VERTEX_POINT('',#6283);
#6283 = CARTESIAN_POINT('',(-65.70190528383,-36.20096189432,94.));
#6284 = SURFACE_CURVE('',#6285,(#6289,#6296),.PCURVE_S1.);
#6285 = LINE('',#6286,#6287);
#6286 = CARTESIAN_POINT('',(-60.50575286112,-33.20096189432,92.));
#6287 = VECTOR('',#6288,1.);
#6288 = DIRECTION('',(-0.821583836258,-0.474341649025,0.316227766017));
#6289 = PCURVE('',#6061,#6290);
#6290 = DEFINITIONAL_REPRESENTATION('',(#6291),#6295);
#6291 = LINE('',#6292,#6293);
#6292 = CARTESIAN_POINT('',(-23.73494880676,-8.448073085939));
#6293 = VECTOR('',#6294,1.);
#6294 = DIRECTION('',(-0.316227766017,-0.948683298051));
#6295 = ( GEOMETRIC_REPRESENTATION_CONTEXT(2) 
PARAMETRIC_REPRESENTATION_CONTEXT() REPRESENTATION_CONTEXT('2D SPACE',''
  ) );
#6296 = PCURVE('',#6297,#6302);
#6297 = PLANE('',#6298);
#6298 = AXIS2_PLACEMENT_3D('',#6299,#6300,#6301);
#6299 = CARTESIAN_POINT('',(-60.50575286112,-33.20096189432,92.));
#6300 = DIRECTION('',(-0.273861278753,-0.158113883008,-0.948683298051));
#6301 = DIRECTION('',(-0.821583836258,-0.474341649025,0.316227766017));
#6302 = DEFINITIONAL_REPRESENTATION('',(#6303),#6307);
#6303 = LINE('',#6304,#6305);
#6304 = CARTESIAN_POINT('',(0.,0.));
#6305 = VECTOR('',#6306,1.);
#6306 = DIRECTION('',(1.,5.551115123126E-17));
#6307 = ( GEOMETRIC_REPRESENTATION_CONTEXT(2) 
PARAMETRIC_REPRESENTATION_CONTEXT() REPRESENTATION_CONTEXT('2D SPACE',''
  ) );
#6308 = ORIENTED_EDGE('',*,*,#6309,.T.);
#6309 = EDGE_CURVE('',#6282,#6310,#6312,.T.);
#6310 = VERTEX_POINT('',#6311);
#6311 = CARTESIAN_POINT('',(-70.89805770654,-39.20096189432,92.));
#6312 = SURFACE_CURVE('',#6313,(#6317,#6324),.PCURVE_S1.);
#6313 = LINE('',#6314,#6315);
#6314 = CARTESIAN_POINT('',(-65.70190528383,-36.20096189432,94.));
#6315 = VECTOR('',#6316,1.);
#6316 = DIRECTION('',(-0.821583836258,-0.474341649025,-0.316227766017));
#6317 = PCURVE('',#6061,#6318);
#6318 = DEFINITIONAL_REPRESENTATION('',(#6319),#6323);
#6319 = LINE('',#6320,#6321);
#6320 = CARTESIAN_POINT('',(-25.73494880676,-14.44807308593));
#6321 = VECTOR('',#6322,1.);
#6322 = DIRECTION('',(0.316227766017,-0.948683298051));
#6323 = ( GEOMETRIC_REPRESENTATION_CONTEXT(2) 
PARAMETRIC_REPRESENTATION_CONTEXT() REPRESENTATION_CONTEXT('2D SPACE',''
  ) );
#6324 = PCURVE('',#6325,#6330);
#6325 = PLANE('',#6326);
#6326 = AXIS2_PLACEMENT_3D('',#6327,#6328,#6329);
#6327 = CARTESIAN_POINT('',(-65.70190528383,-36.20096189432,94.));
#6328 = DIRECTION('',(0.273861278753,0.158113883008,-0.948683298051));
#6329 = DIRECTION('',(-0.821583836258,-0.474341649025,-0.316227766017));
#6330 = DEFINITIONAL_REPRESENTATION('',(#6331),#6335);
#6331 = LINE('',#6332,#6333);
#6332 = CARTESIAN_POINT('',(-0.,0.));
#6333 = VECTOR('',#6334,1.);
#6334 = DIRECTION('',(1.,5.551115123126E-17));
#6335 = ( GEOMETRIC_REPRESENTATION_CONTEXT(2) 
PARAMETRIC_REPRESENTATION_CONTEXT() REPRESENTATION_CONTEXT('2D SPACE',''
  ) );
#6336 = ORIENTED_EDGE('',*,*,#6337,.T.);
#6337 = EDGE_CURVE('',#6310,#6077,#6338,.T.);
#6338 = SURFACE_CURVE('',#6339,(#6343,#6350),.PCURVE_S1.);
#6339 = LINE('',#6340,#6341);
#6340 = CARTESIAN_POINT('',(-70.89805770654,-39.20096189432,92.));
#6341 = VECTOR('',#6342,1.);
#6342 = DIRECTION('',(-0.273861278753,-0.158113883008,-0.948683298051));
#6343 = PCURVE('',#6061,#6344);
#6344 = DEFINITIONAL_REPRESENTATION('',(#6345),#6349);
#6345 = LINE('',#6346,#6347);
#6346 = CARTESIAN_POINT('',(-23.73494880676,-20.44807308593));
#6347 = VECTOR('',#6348,1.);
#6348 = DIRECTION('',(0.948683298051,-0.316227766017));
#6349 = ( GEOMETRIC_REPRESENTATION_CONTEXT(2) 
PARAMETRIC_REPRESENTATION_CONTEXT() REPRESENTATION_CONTEXT('2D SPACE',''
  ) );
#6350 = PCURVE('',#6094,#6351);
#6351 = DEFINITIONAL_REPRESENTATION('',(#6352),#6356);
#6352 = LINE('',#6353,#6354);
#6353 = CARTESIAN_POINT('',(-0.,0.));
#6354 = VECTOR('',#6355,1.);
#6355 = DIRECTION('',(1.,0.));
#6356 = ( GEOMETRIC_REPRESENTATION_CONTEXT(2) 
PARAMETRIC_REPRESENTATION_CONTEXT() REPRESENTATION_CONTEXT('2D SPACE',''
  ) );
#6357 = ORIENTED_EDGE('',*,*,#6128,.T.);
#6358 = FACE_BOUND('',#6359,.F.);
#6359 = EDGE_LOOP('',(#6360));
#6360 = ORIENTED_EDGE('',*,*,#6361,.F.);
#6361 = EDGE_CURVE('',#6362,#6362,#6364,.T.);
#6362 = VERTEX_POINT('',#6363);
#6363 = CARTESIAN_POINT('',(-63.0172265321,-34.65096189432,86.));
#6364 = SURFACE_CURVE('',#6365,(#6370,#6377),.PCURVE_S1.);
#6365 = CIRCLE('',#6366,3.1);
#6366 = AXIS2_PLACEMENT_3D('',#6367,#6368,#6369);
#6367 = CARTESIAN_POINT('',(-65.70190528383,-36.20096189432,86.));
#6368 = DIRECTION('',(0.5,-0.866025403784,-1.110223024625E-16));
#6369 = DIRECTION('',(0.866025403784,0.5,0.));
#6370 = PCURVE('',#6061,#6371);
#6371 = DEFINITIONAL_REPRESENTATION('',(#6372),#6376);
#6372 = CIRCLE('',#6373,3.1);
#6373 = AXIS2_PLACEMENT_2D('',#6374,#6375);
#6374 = CARTESIAN_POINT('',(-17.73494880676,-14.44807308593));
#6375 = DIRECTION('',(0.,1.));
#6376 = ( GEOMETRIC_REPRESENTATION_CONTEXT(2) 
PARAMETRIC_REPRESENTATION_CONTEXT() REPRESENTATION_CONTEXT('2D SPACE',''
  ) );
#6377 = PCURVE('',#6378,#6383);
#6378 = CYLINDRICAL_SURFACE('',#6379,3.1);
#6379 = AXIS2_PLACEMENT_3D('',#6380,#6381,#6382);
#6380 = CARTESIAN_POINT('',(-64.20190528383,-38.79903810567,86.));
#6381 = DIRECTION('',(0.5,-0.866025403784,-1.110223024625E-16));
#6382 = DIRECTION('',(0.866025403784,0.5,0.));
#6383 = DEFINITIONAL_REPRESENTATION('',(#6384),#6388);
#6384 = LINE('',#6385,#6386);
#6385 = CARTESIAN_POINT('',(-6.28318530718,-3.));
#6386 = VECTOR('',#6387,1.);
#6387 = DIRECTION('',(1.,-0.));
#6388 = ( GEOMETRIC_REPRESENTATION_CONTEXT(2) 
PARAMETRIC_REPRESENTATION_CONTEXT() REPRESENTATION_CONTEXT('2D SPACE',''
  ) );
#6389 = ADVANCED_FACE('',(#6390,#6508),#6007,.T.);
#6390 = FACE_BOUND('',#6391,.T.);
#6391 = EDGE_LOOP('',(#6392,#6393,#6394,#6417,#6440,#6463,#6486,#6507));
#6392 = ORIENTED_EDGE('',*,*,#5991,.T.);
#6393 = ORIENTED_EDGE('',*,*,#6153,.T.);
#6394 = ORIENTED_EDGE('',*,*,#6395,.T.);
#6395 = EDGE_CURVE('',#6154,#6396,#6398,.T.);
#6396 = VERTEX_POINT('',#6397);
#6397 = CARTESIAN_POINT('',(-57.27370205355,-34.79903810567,86.));
#6398 = SURFACE_CURVE('',#6399,(#6403,#6410),.PCURVE_S1.);
#6399 = LINE('',#6400,#6401);
#6400 = CARTESIAN_POINT('',(-24.36473670974,-15.79903810567,67.));
#6401 = VECTOR('',#6402,1.);
#6402 = DIRECTION('',(-0.774596669241,-0.4472135955,0.4472135955));
#6403 = PCURVE('',#6007,#6404);
#6404 = DEFINITIONAL_REPRESENTATION('',(#6405),#6409);
#6405 = LINE('',#6406,#6407);
#6406 = CARTESIAN_POINT('',(1.265051193238,31.551926914061));
#6407 = VECTOR('',#6408,1.);
#6408 = DIRECTION('',(-0.4472135955,-0.894427191));
#6409 = ( GEOMETRIC_REPRESENTATION_CONTEXT(2) 
PARAMETRIC_REPRESENTATION_CONTEXT() REPRESENTATION_CONTEXT('2D SPACE',''
  ) );
#6410 = PCURVE('',#6192,#6411);
#6411 = DEFINITIONAL_REPRESENTATION('',(#6412),#6416);
#6412 = LINE('',#6413,#6414);
#6413 = CARTESIAN_POINT('',(0.,-3.));
#6414 = VECTOR('',#6415,1.);
#6415 = DIRECTION('',(1.,5.551115123126E-17));
#6416 = ( GEOMETRIC_REPRESENTATION_CONTEXT(2) 
PARAMETRIC_REPRESENTATION_CONTEXT() REPRESENTATION_CONTEXT('2D SPACE',''
  ) );
#6417 = ORIENTED_EDGE('',*,*,#6418,.T.);
#6418 = EDGE_CURVE('',#6396,#6419,#6421,.T.);
#6419 = VERTEX_POINT('',#6420);
#6420 = CARTESIAN_POINT('',(-59.00575286112,-35.79903810567,92.));
#6421 = SURFACE_CURVE('',#6422,(#6426,#6433),.PCURVE_S1.);
#6422 = LINE('',#6423,#6424);
#6423 = CARTESIAN_POINT('',(-57.27370205355,-34.79903810567,86.));
#6424 = VECTOR('',#6425,1.);
#6425 = DIRECTION('',(-0.273861278753,-0.158113883008,0.948683298051));
#6426 = PCURVE('',#6007,#6427);
#6427 = DEFINITIONAL_REPRESENTATION('',(#6428),#6432);
#6428 = LINE('',#6429,#6430);
#6429 = CARTESIAN_POINT('',(-17.73494880676,-6.448073085939));
#6430 = VECTOR('',#6431,1.);
#6431 = DIRECTION('',(-0.948683298051,-0.316227766017));
#6432 = ( GEOMETRIC_REPRESENTATION_CONTEXT(2) 
PARAMETRIC_REPRESENTATION_CONTEXT() REPRESENTATION_CONTEXT('2D SPACE',''
  ) );
#6433 = PCURVE('',#6269,#6434);
#6434 = DEFINITIONAL_REPRESENTATION('',(#6435),#6439);
#6435 = LINE('',#6436,#6437);
#6436 = CARTESIAN_POINT('',(5.551115123126E-17,-3.));
#6437 = VECTOR('',#6438,1.);
#6438 = DIRECTION('',(1.,0.));
#6439 = ( GEOMETRIC_REPRESENTATION_CONTEXT(2) 
PARAMETRIC_REPRESENTATION_CONTEXT() REPRESENTATION_CONTEXT('2D SPACE',''
  ) );
#6440 = ORIENTED_EDGE('',*,*,#6441,.T.);
#6441 = EDGE_CURVE('',#6419,#6442,#6444,.T.);
#6442 = VERTEX_POINT('',#6443);
#6443 = CARTESIAN_POINT('',(-64.20190528383,-38.79903810567,94.));
#6444 = SURFACE_CURVE('',#6445,(#6449,#6456),.PCURVE_S1.);
#6445 = LINE('',#6446,#6447);
#6446 = CARTESIAN_POINT('',(-59.00575286112,-35.79903810567,92.));
#6447 = VECTOR('',#6448,1.);
#6448 = DIRECTION('',(-0.821583836258,-0.474341649025,0.316227766017));
#6449 = PCURVE('',#6007,#6450);
#6450 = DEFINITIONAL_REPRESENTATION('',(#6451),#6455);
#6451 = LINE('',#6452,#6453);
#6452 = CARTESIAN_POINT('',(-23.73494880676,-8.448073085939));
#6453 = VECTOR('',#6454,1.);
#6454 = DIRECTION('',(-0.316227766017,-0.948683298051));
#6455 = ( GEOMETRIC_REPRESENTATION_CONTEXT(2) 
PARAMETRIC_REPRESENTATION_CONTEXT() REPRESENTATION_CONTEXT('2D SPACE',''
  ) );
#6456 = PCURVE('',#6297,#6457);
#6457 = DEFINITIONAL_REPRESENTATION('',(#6458),#6462);
#6458 = LINE('',#6459,#6460);
#6459 = CARTESIAN_POINT('',(0.,-3.));
#6460 = VECTOR('',#6461,1.);
#6461 = DIRECTION('',(1.,5.551115123126E-17));
#6462 = ( GEOMETRIC_REPRESENTATION_CONTEXT(2) 
PARAMETRIC_REPRESENTATION_CONTEXT() REPRESENTATION_CONTEXT('2D SPACE',''
  ) );
#6463 = ORIENTED_EDGE('',*,*,#6464,.T.);
#6464 = EDGE_CURVE('',#6442,#6465,#6467,.T.);
#6465 = VERTEX_POINT('',#6466);
#6466 = CARTESIAN_POINT('',(-69.39805770654,-41.79903810567,92.));
#6467 = SURFACE_CURVE('',#6468,(#6472,#6479),.PCURVE_S1.);
#6468 = LINE('',#6469,#6470);
#6469 = CARTESIAN_POINT('',(-64.20190528383,-38.79903810567,94.));
#6470 = VECTOR('',#6471,1.);
#6471 = DIRECTION('',(-0.821583836258,-0.474341649025,-0.316227766017));
#6472 = PCURVE('',#6007,#6473);
#6473 = DEFINITIONAL_REPRESENTATION('',(#6474),#6478);
#6474 = LINE('',#6475,#6476);
#6475 = CARTESIAN_POINT('',(-25.73494880676,-14.44807308593));
#6476 = VECTOR('',#6477,1.);
#6477 = DIRECTION('',(0.316227766017,-0.948683298051));
#6478 = ( GEOMETRIC_REPRESENTATION_CONTEXT(2) 
PARAMETRIC_REPRESENTATION_CONTEXT() REPRESENTATION_CONTEXT('2D SPACE',''
  ) );
#6479 = PCURVE('',#6325,#6480);
#6480 = DEFINITIONAL_REPRESENTATION('',(#6481),#6485);
#6481 = LINE('',#6482,#6483);
#6482 = CARTESIAN_POINT('',(0.,-3.));
#6483 = VECTOR('',#6484,1.);
#6484 = DIRECTION('',(1.,5.551115123126E-17));
#6485 = ( GEOMETRIC_REPRESENTATION_CONTEXT(2) 
PARAMETRIC_REPRESENTATION_CONTEXT() REPRESENTATION_CONTEXT('2D SPACE',''
  ) );
#6486 = ORIENTED_EDGE('',*,*,#6487,.F.);
#6487 = EDGE_CURVE('',#6079,#6465,#6488,.T.);
#6488 = SURFACE_CURVE('',#6489,(#6493,#6500),.PCURVE_S1.);
#6489 = LINE('',#6490,#6491);
#6490 = CARTESIAN_POINT('',(-72.86215932167,-43.79903810567,80.));
#6491 = VECTOR('',#6492,1.);
#6492 = DIRECTION('',(0.273861278753,0.158113883008,0.948683298051));
#6493 = PCURVE('',#6007,#6494);
#6494 = DEFINITIONAL_REPRESENTATION('',(#6495),#6499);
#6495 = LINE('',#6496,#6497);
#6496 = CARTESIAN_POINT('',(-11.73494880676,-24.44807308593));
#6497 = VECTOR('',#6498,1.);
#6498 = DIRECTION('',(-0.948683298051,0.316227766017));
#6499 = ( GEOMETRIC_REPRESENTATION_CONTEXT(2) 
PARAMETRIC_REPRESENTATION_CONTEXT() REPRESENTATION_CONTEXT('2D SPACE',''
  ) );
#6500 = PCURVE('',#6094,#6501);
#6501 = DEFINITIONAL_REPRESENTATION('',(#6502),#6506);
#6502 = LINE('',#6503,#6504);
#6503 = CARTESIAN_POINT('',(12.649110640674,-3.));
#6504 = VECTOR('',#6505,1.);
#6505 = DIRECTION('',(-1.,0.));
#6506 = ( GEOMETRIC_REPRESENTATION_CONTEXT(2) 
PARAMETRIC_REPRESENTATION_CONTEXT() REPRESENTATION_CONTEXT('2D SPACE',''
  ) );
#6507 = ORIENTED_EDGE('',*,*,#6106,.T.);
#6508 = FACE_BOUND('',#6509,.T.);
#6509 = EDGE_LOOP('',(#6510));
#6510 = ORIENTED_EDGE('',*,*,#6511,.T.);
#6511 = EDGE_CURVE('',#6512,#6512,#6514,.T.);
#6512 = VERTEX_POINT('',#6513);
#6513 = CARTESIAN_POINT('',(-61.5172265321,-37.24903810567,86.));
#6514 = SURFACE_CURVE('',#6515,(#6520,#6531),.PCURVE_S1.);
#6515 = CIRCLE('',#6516,3.1);
#6516 = AXIS2_PLACEMENT_3D('',#6517,#6518,#6519);
#6517 = CARTESIAN_POINT('',(-64.20190528383,-38.79903810567,86.));
#6518 = DIRECTION('',(-0.5,0.866025403784,1.110223024625E-16));
#6519 = DIRECTION('',(0.866025403784,0.5,0.));
#6520 = PCURVE('',#6007,#6521);
#6521 = DEFINITIONAL_REPRESENTATION('',(#6522),#6530);
#6522 = ( BOUNDED_CURVE() B_SPLINE_CURVE(2,(#6523,#6524,#6525,#6526,
#6527,#6528,#6529),.UNSPECIFIED.,.T.,.F.) B_SPLINE_CURVE_WITH_KNOTS((1,2
    ,2,2,2,1),(-2.094395102393,0.,2.094395102393,4.188790204786,
6.28318530718,8.377580409573),.UNSPECIFIED.) CURVE() 
GEOMETRIC_REPRESENTATION_ITEM() RATIONAL_B_SPLINE_CURVE((1.,0.5,1.,0.5,
1.,0.5,1.)) REPRESENTATION_ITEM('') );
#6523 = CARTESIAN_POINT('',(-17.73494880676,-11.34807308593));
#6524 = CARTESIAN_POINT('',(-12.36559130329,-11.34807308593));
#6525 = CARTESIAN_POINT('',(-15.05027005503,-15.99807308593));
#6526 = CARTESIAN_POINT('',(-17.73494880676,-20.64807308593));
#6527 = CARTESIAN_POINT('',(-20.41962755849,-15.99807308593));
#6528 = CARTESIAN_POINT('',(-23.10430631022,-11.34807308593));
#6529 = CARTESIAN_POINT('',(-17.73494880676,-11.34807308593));
#6530 = ( GEOMETRIC_REPRESENTATION_CONTEXT(2) 
PARAMETRIC_REPRESENTATION_CONTEXT() REPRESENTATION_CONTEXT('2D SPACE',''
  ) );
#6531 = PCURVE('',#6378,#6532);
#6532 = DEFINITIONAL_REPRESENTATION('',(#6533),#6537);
#6533 = LINE('',#6534,#6535);
#6534 = CARTESIAN_POINT('',(-0.,0.));
#6535 = VECTOR('',#6536,1.);
#6536 = DIRECTION('',(-1.,0.));
#6537 = ( GEOMETRIC_REPRESENTATION_CONTEXT(2) 
PARAMETRIC_REPRESENTATION_CONTEXT() REPRESENTATION_CONTEXT('2D SPACE',''
  ) );
#6538 = ADVANCED_FACE('',(#6539),#6094,.F.);
#6539 = FACE_BOUND('',#6540,.F.);
#6540 = EDGE_LOOP('',(#6541,#6562,#6563,#6564));
#6541 = ORIENTED_EDGE('',*,*,#6542,.T.);
#6542 = EDGE_CURVE('',#6310,#6465,#6543,.T.);
#6543 = SURFACE_CURVE('',#6544,(#6548,#6555),.PCURVE_S1.);
#6544 = LINE('',#6545,#6546);
#6545 = CARTESIAN_POINT('',(-70.89805770654,-39.20096189432,92.));
#6546 = VECTOR('',#6547,1.);
#6547 = DIRECTION('',(0.5,-0.866025403784,0.));
#6548 = PCURVE('',#6094,#6549);
#6549 = DEFINITIONAL_REPRESENTATION('',(#6550),#6554);
#6550 = LINE('',#6551,#6552);
#6551 = CARTESIAN_POINT('',(-0.,0.));
#6552 = VECTOR('',#6553,1.);
#6553 = DIRECTION('',(-1.665334536938E-17,-1.));
#6554 = ( GEOMETRIC_REPRESENTATION_CONTEXT(2) 
PARAMETRIC_REPRESENTATION_CONTEXT() REPRESENTATION_CONTEXT('2D SPACE',''
  ) );
#6555 = PCURVE('',#6325,#6556);
#6556 = DEFINITIONAL_REPRESENTATION('',(#6557),#6561);
#6557 = LINE('',#6558,#6559);
#6558 = CARTESIAN_POINT('',(6.324555320337,4.440892098501E-16));
#6559 = VECTOR('',#6560,1.);
#6560 = DIRECTION('',(-5.551115123126E-17,-1.));
#6561 = ( GEOMETRIC_REPRESENTATION_CONTEXT(2) 
PARAMETRIC_REPRESENTATION_CONTEXT() REPRESENTATION_CONTEXT('2D SPACE',''
  ) );
#6562 = ORIENTED_EDGE('',*,*,#6487,.F.);
#6563 = ORIENTED_EDGE('',*,*,#6076,.F.);
#6564 = ORIENTED_EDGE('',*,*,#6337,.F.);
#6565 = ADVANCED_FACE('',(#6566),#6192,.F.);
#6566 = FACE_BOUND('',#6567,.F.);
#6567 = EDGE_LOOP('',(#6568,#6569,#6570,#6591));
#6568 = ORIENTED_EDGE('',*,*,#6176,.T.);
#6569 = ORIENTED_EDGE('',*,*,#6395,.T.);
#6570 = ORIENTED_EDGE('',*,*,#6571,.F.);
#6571 = EDGE_CURVE('',#6231,#6396,#6572,.T.);
#6572 = SURFACE_CURVE('',#6573,(#6577,#6584),.PCURVE_S1.);
#6573 = LINE('',#6574,#6575);
#6574 = CARTESIAN_POINT('',(-58.77370205355,-32.20096189432,86.));
#6575 = VECTOR('',#6576,1.);
#6576 = DIRECTION('',(0.5,-0.866025403784,0.));
#6577 = PCURVE('',#6192,#6578);
#6578 = DEFINITIONAL_REPRESENTATION('',(#6579),#6583);
#6579 = LINE('',#6580,#6581);
#6580 = CARTESIAN_POINT('',(42.485291572496,0.));
#6581 = VECTOR('',#6582,1.);
#6582 = DIRECTION('',(-6.661338147751E-17,-1.));
#6583 = ( GEOMETRIC_REPRESENTATION_CONTEXT(2) 
PARAMETRIC_REPRESENTATION_CONTEXT() REPRESENTATION_CONTEXT('2D SPACE',''
  ) );
#6584 = PCURVE('',#6269,#6585);
#6585 = DEFINITIONAL_REPRESENTATION('',(#6586),#6590);
#6586 = LINE('',#6587,#6588);
#6587 = CARTESIAN_POINT('',(0.,0.));
#6588 = VECTOR('',#6589,1.);
#6589 = DIRECTION('',(-1.665334536938E-17,-1.));
#6590 = ( GEOMETRIC_REPRESENTATION_CONTEXT(2) 
PARAMETRIC_REPRESENTATION_CONTEXT() REPRESENTATION_CONTEXT('2D SPACE',''
  ) );
#6591 = ORIENTED_EDGE('',*,*,#6230,.F.);
#6592 = ADVANCED_FACE('',(#6593),#6325,.F.);
#6593 = FACE_BOUND('',#6594,.F.);
#6594 = EDGE_LOOP('',(#6595,#6616,#6617,#6618));
#6595 = ORIENTED_EDGE('',*,*,#6596,.T.);
#6596 = EDGE_CURVE('',#6282,#6442,#6597,.T.);
#6597 = SURFACE_CURVE('',#6598,(#6602,#6609),.PCURVE_S1.);
#6598 = LINE('',#6599,#6600);
#6599 = CARTESIAN_POINT('',(-65.70190528383,-36.20096189432,94.));
#6600 = VECTOR('',#6601,1.);
#6601 = DIRECTION('',(0.5,-0.866025403784,0.));
#6602 = PCURVE('',#6325,#6603);
#6603 = DEFINITIONAL_REPRESENTATION('',(#6604),#6608);
#6604 = LINE('',#6605,#6606);
#6605 = CARTESIAN_POINT('',(-0.,0.));
#6606 = VECTOR('',#6607,1.);
#6607 = DIRECTION('',(-5.551115123126E-17,-1.));
#6608 = ( GEOMETRIC_REPRESENTATION_CONTEXT(2) 
PARAMETRIC_REPRESENTATION_CONTEXT() REPRESENTATION_CONTEXT('2D SPACE',''
  ) );
#6609 = PCURVE('',#6297,#6610);
#6610 = DEFINITIONAL_REPRESENTATION('',(#6611),#6615);
#6611 = LINE('',#6612,#6613);
#6612 = CARTESIAN_POINT('',(6.324555320337,4.440892098501E-16));
#6613 = VECTOR('',#6614,1.);
#6614 = DIRECTION('',(-5.551115123126E-17,-1.));
#6615 = ( GEOMETRIC_REPRESENTATION_CONTEXT(2) 
PARAMETRIC_REPRESENTATION_CONTEXT() REPRESENTATION_CONTEXT('2D SPACE',''
  ) );
#6616 = ORIENTED_EDGE('',*,*,#6464,.T.);
#6617 = ORIENTED_EDGE('',*,*,#6542,.F.);
#6618 = ORIENTED_EDGE('',*,*,#6309,.F.);
#6619 = ADVANCED_FACE('',(#6620),#6269,.F.);
#6620 = FACE_BOUND('',#6621,.F.);
#6621 = EDGE_LOOP('',(#6622,#6623,#6624,#6645));
#6622 = ORIENTED_EDGE('',*,*,#6571,.T.);
#6623 = ORIENTED_EDGE('',*,*,#6418,.T.);
#6624 = ORIENTED_EDGE('',*,*,#6625,.F.);
#6625 = EDGE_CURVE('',#6254,#6419,#6626,.T.);
#6626 = SURFACE_CURVE('',#6627,(#6631,#6638),.PCURVE_S1.);
#6627 = LINE('',#6628,#6629);
#6628 = CARTESIAN_POINT('',(-60.50575286112,-33.20096189432,92.));
#6629 = VECTOR('',#6630,1.);
#6630 = DIRECTION('',(0.5,-0.866025403784,0.));
#6631 = PCURVE('',#6269,#6632);
#6632 = DEFINITIONAL_REPRESENTATION('',(#6633),#6637);
#6633 = LINE('',#6634,#6635);
#6634 = CARTESIAN_POINT('',(6.324555320337,-9.992007221626E-16));
#6635 = VECTOR('',#6636,1.);
#6636 = DIRECTION('',(-1.665334536938E-17,-1.));
#6637 = ( GEOMETRIC_REPRESENTATION_CONTEXT(2) 
PARAMETRIC_REPRESENTATION_CONTEXT() REPRESENTATION_CONTEXT('2D SPACE',''
  ) );
#6638 = PCURVE('',#6297,#6639);
#6639 = DEFINITIONAL_REPRESENTATION('',(#6640),#6644);
#6640 = LINE('',#6641,#6642);
#6641 = CARTESIAN_POINT('',(0.,0.));
#6642 = VECTOR('',#6643,1.);
#6643 = DIRECTION('',(-5.551115123126E-17,-1.));
#6644 = ( GEOMETRIC_REPRESENTATION_CONTEXT(2) 
PARAMETRIC_REPRESENTATION_CONTEXT() REPRESENTATION_CONTEXT('2D SPACE',''
  ) );
#6645 = ORIENTED_EDGE('',*,*,#6253,.F.);
#6646 = ADVANCED_FACE('',(#6647),#6297,.F.);
#6647 = FACE_BOUND('',#6648,.F.);
#6648 = EDGE_LOOP('',(#6649,#6650,#6651,#6652));
#6649 = ORIENTED_EDGE('',*,*,#6625,.T.);
#6650 = ORIENTED_EDGE('',*,*,#6441,.T.);
#6651 = ORIENTED_EDGE('',*,*,#6596,.F.);
#6652 = ORIENTED_EDGE('',*,*,#6281,.F.);
#6653 = ADVANCED_FACE('',(#6654),#6378,.F.);
#6654 = FACE_BOUND('',#6655,.T.);
#6655 = EDGE_LOOP('',(#6656,#6657,#6678,#6679));
#6656 = ORIENTED_EDGE('',*,*,#6511,.F.);
#6657 = ORIENTED_EDGE('',*,*,#6658,.T.);
#6658 = EDGE_CURVE('',#6512,#6362,#6659,.T.);
#6659 = SEAM_CURVE('',#6660,(#6664,#6671),.PCURVE_S1.);
#6660 = LINE('',#6661,#6662);
#6661 = CARTESIAN_POINT('',(-61.5172265321,-37.24903810567,86.));
#6662 = VECTOR('',#6663,1.);
#6663 = DIRECTION('',(-0.5,0.866025403784,1.110223024625E-16));
#6664 = PCURVE('',#6378,#6665);
#6665 = DEFINITIONAL_REPRESENTATION('',(#6666),#6670);
#6666 = LINE('',#6667,#6668);
#6667 = CARTESIAN_POINT('',(-6.28318530718,0.));
#6668 = VECTOR('',#6669,1.);
#6669 = DIRECTION('',(-0.,-1.));
#6670 = ( GEOMETRIC_REPRESENTATION_CONTEXT(2) 
PARAMETRIC_REPRESENTATION_CONTEXT() REPRESENTATION_CONTEXT('2D SPACE',''
  ) );
#6671 = PCURVE('',#6378,#6672);
#6672 = DEFINITIONAL_REPRESENTATION('',(#6673),#6677);
#6673 = LINE('',#6674,#6675);
#6674 = CARTESIAN_POINT('',(-0.,0.));
#6675 = VECTOR('',#6676,1.);
#6676 = DIRECTION('',(-0.,-1.));
#6677 = ( GEOMETRIC_REPRESENTATION_CONTEXT(2) 
PARAMETRIC_REPRESENTATION_CONTEXT() REPRESENTATION_CONTEXT('2D SPACE',''
  ) );
#6678 = ORIENTED_EDGE('',*,*,#6361,.F.);
#6679 = ORIENTED_EDGE('',*,*,#6658,.F.);
#6680 = ( GEOMETRIC_REPRESENTATION_CONTEXT(3) 
GLOBAL_UNCERTAINTY_ASSIGNED_CONTEXT((#6684)) 
GLOBAL_UNIT_ASSIGNED_CONTEXT((#6681,#6682,#6683)) REPRESENTATION_CONTEXT
('Context #1','3D Context with UNIT and UNCERTAINTY') );
#6681 = ( LENGTH_UNIT() NAMED_UNIT(*) SI_UNIT(.MILLI.,.METRE.) );
#6682 = ( NAMED_UNIT(*) PLANE_ANGLE_UNIT() SI_UNIT($,.RADIAN.) );
#6683 = ( NAMED_UNIT(*) SI_UNIT($,.STERADIAN.) SOLID_ANGLE_UNIT() );
#6684 = UNCERTAINTY_MEASURE_WITH_UNIT(LENGTH_MEASURE(1.E-07),#6681,
  'distance_accuracy_value','confusion accuracy');
#6685 = CONTEXT_DEPENDENT_SHAPE_REPRESENTATION(#6686,#6688);
#6686 = ( REPRESENTATION_RELATIONSHIP('','',#4911,#2964) 
REPRESENTATION_RELATIONSHIP_WITH_TRANSFORMATION(#6687) 
SHAPE_REPRESENTATION_RELATIONSHIP() );
#6687 = ITEM_DEFINED_TRANSFORMATION('','',#11,#2973);
#6688 = PRODUCT_DEFINITION_SHAPE('Placement','Placement of an item',
  #6689);
#6689 = NEXT_ASSEMBLY_USAGE_OCCURRENCE('813','LMB10_A2','',#2959,#4906,$
  );
#6690 = PRODUCT_RELATED_PRODUCT_CATEGORY('part',$,(#4908));
#6691 = SHAPE_DEFINITION_REPRESENTATION(#6692,#6698);
#6692 = PRODUCT_DEFINITION_SHAPE('','',#6693);
#6693 = PRODUCT_DEFINITION('design','',#6694,#6697);
#6694 = PRODUCT_DEFINITION_FORMATION('','',#6695);
#6695 = PRODUCT('LMB10_A2_included_pin','LMB10_A2_included_pin','',(
    #6696));
#6696 = PRODUCT_CONTEXT('',#2,'mechanical');
#6697 = PRODUCT_DEFINITION_CONTEXT('part definition',#2,'design');
#6698 = ADVANCED_BREP_SHAPE_REPRESENTATION('',(#11,#6699),#6797);
#6699 = MANIFOLD_SOLID_BREP('',#6700);
#6700 = CLOSED_SHELL('',(#6701,#6789,#6793));
#6701 = ADVANCED_FACE('',(#6702),#6716,.T.);
#6702 = FACE_BOUND('',#6703,.F.);
#6703 = EDGE_LOOP('',(#6704,#6734,#6761,#6762));
#6704 = ORIENTED_EDGE('',*,*,#6705,.T.);
#6705 = EDGE_CURVE('',#6706,#6708,#6710,.T.);
#6706 = VERTEX_POINT('',#6707);
#6707 = CARTESIAN_POINT('',(-77.95190528383,-9.787187078898,84.5));
#6708 = VERTEX_POINT('',#6709);
#6709 = CARTESIAN_POINT('',(-61.95190528383,-37.5,84.5));
#6710 = SEAM_CURVE('',#6711,(#6715,#6727),.PCURVE_S1.);
#6711 = LINE('',#6712,#6713);
#6712 = CARTESIAN_POINT('',(-77.95190528383,-9.787187078898,84.5));
#6713 = VECTOR('',#6714,1.);
#6714 = DIRECTION('',(0.5,-0.866025403784,0.));
#6715 = PCURVE('',#6716,#6721);
#6716 = CYLINDRICAL_SURFACE('',#6717,3.);
#6717 = AXIS2_PLACEMENT_3D('',#6718,#6719,#6720);
#6718 = CARTESIAN_POINT('',(-80.20190528383,-11.08622518457,86.));
#6719 = DIRECTION('',(-0.5,0.866025403784,0.));
#6720 = DIRECTION('',(0.75,0.433012701892,-0.5));
#6721 = DEFINITIONAL_REPRESENTATION('',(#6722),#6726);
#6722 = LINE('',#6723,#6724);
#6723 = CARTESIAN_POINT('',(-0.,0.));
#6724 = VECTOR('',#6725,1.);
#6725 = DIRECTION('',(-0.,-1.));
#6726 = ( GEOMETRIC_REPRESENTATION_CONTEXT(2) 
PARAMETRIC_REPRESENTATION_CONTEXT() REPRESENTATION_CONTEXT('2D SPACE',''
  ) );
#6727 = PCURVE('',#6716,#6728);
#6728 = DEFINITIONAL_REPRESENTATION('',(#6729),#6733);
#6729 = LINE('',#6730,#6731);
#6730 = CARTESIAN_POINT('',(-6.28318530718,0.));
#6731 = VECTOR('',#6732,1.);
#6732 = DIRECTION('',(-0.,-1.));
#6733 = ( GEOMETRIC_REPRESENTATION_CONTEXT(2) 
PARAMETRIC_REPRESENTATION_CONTEXT() REPRESENTATION_CONTEXT('2D SPACE',''
  ) );
#6734 = ORIENTED_EDGE('',*,*,#6735,.T.);
#6735 = EDGE_CURVE('',#6708,#6708,#6736,.T.);
#6736 = SURFACE_CURVE('',#6737,(#6742,#6749),.PCURVE_S1.);
#6737 = CIRCLE('',#6738,3.);
#6738 = AXIS2_PLACEMENT_3D('',#6739,#6740,#6741);
#6739 = CARTESIAN_POINT('',(-64.20190528383,-38.79903810567,86.));
#6740 = DIRECTION('',(0.5,-0.866025403784,-8.326672684689E-17));
#6741 = DIRECTION('',(0.75,0.433012701892,-0.5));
#6742 = PCURVE('',#6716,#6743);
#6743 = DEFINITIONAL_REPRESENTATION('',(#6744),#6748);
#6744 = LINE('',#6745,#6746);
#6745 = CARTESIAN_POINT('',(-0.,-32.));
#6746 = VECTOR('',#6747,1.);
#6747 = DIRECTION('',(-1.,0.));
#6748 = ( GEOMETRIC_REPRESENTATION_CONTEXT(2) 
PARAMETRIC_REPRESENTATION_CONTEXT() REPRESENTATION_CONTEXT('2D SPACE',''
  ) );
#6749 = PCURVE('',#6750,#6755);
#6750 = PLANE('',#6751);
#6751 = AXIS2_PLACEMENT_3D('',#6752,#6753,#6754);
#6752 = CARTESIAN_POINT('',(-64.20190528383,-38.79903810567,86.));
#6753 = DIRECTION('',(0.5,-0.866025403784,0.));
#6754 = DIRECTION('',(0.75,0.433012701892,-0.5));
#6755 = DEFINITIONAL_REPRESENTATION('',(#6756),#6760);
#6756 = CIRCLE('',#6757,3.);
#6757 = AXIS2_PLACEMENT_2D('',#6758,#6759);
#6758 = CARTESIAN_POINT('',(0.,0.));
#6759 = DIRECTION('',(1.,-1.110223024625E-16));
#6760 = ( GEOMETRIC_REPRESENTATION_CONTEXT(2) 
PARAMETRIC_REPRESENTATION_CONTEXT() REPRESENTATION_CONTEXT('2D SPACE',''
  ) );
#6761 = ORIENTED_EDGE('',*,*,#6705,.F.);
#6762 = ORIENTED_EDGE('',*,*,#6763,.F.);
#6763 = EDGE_CURVE('',#6706,#6706,#6764,.T.);
#6764 = SURFACE_CURVE('',#6765,(#6770,#6777),.PCURVE_S1.);
#6765 = CIRCLE('',#6766,3.);
#6766 = AXIS2_PLACEMENT_3D('',#6767,#6768,#6769);
#6767 = CARTESIAN_POINT('',(-80.20190528383,-11.08622518457,86.));
#6768 = DIRECTION('',(0.5,-0.866025403784,-8.326672684689E-17));
#6769 = DIRECTION('',(0.75,0.433012701892,-0.5));
#6770 = PCURVE('',#6716,#6771);
#6771 = DEFINITIONAL_REPRESENTATION('',(#6772),#6776);
#6772 = LINE('',#6773,#6774);
#6773 = CARTESIAN_POINT('',(-0.,0.));
#6774 = VECTOR('',#6775,1.);
#6775 = DIRECTION('',(-1.,0.));
#6776 = ( GEOMETRIC_REPRESENTATION_CONTEXT(2) 
PARAMETRIC_REPRESENTATION_CONTEXT() REPRESENTATION_CONTEXT('2D SPACE',''
  ) );
#6777 = PCURVE('',#6778,#6783);
#6778 = PLANE('',#6779);
#6779 = AXIS2_PLACEMENT_3D('',#6780,#6781,#6782);
#6780 = CARTESIAN_POINT('',(-80.20190528383,-11.08622518457,86.));
#6781 = DIRECTION('',(0.5,-0.866025403784,0.));
#6782 = DIRECTION('',(0.75,0.433012701892,-0.5));
#6783 = DEFINITIONAL_REPRESENTATION('',(#6784),#6788);
#6784 = CIRCLE('',#6785,3.);
#6785 = AXIS2_PLACEMENT_2D('',#6786,#6787);
#6786 = CARTESIAN_POINT('',(0.,0.));
#6787 = DIRECTION('',(1.,-1.110223024625E-16));
#6788 = ( GEOMETRIC_REPRESENTATION_CONTEXT(2) 
PARAMETRIC_REPRESENTATION_CONTEXT() REPRESENTATION_CONTEXT('2D SPACE',''
  ) );
#6789 = ADVANCED_FACE('',(#6790),#6778,.F.);
#6790 = FACE_BOUND('',#6791,.F.);
#6791 = EDGE_LOOP('',(#6792));
#6792 = ORIENTED_EDGE('',*,*,#6763,.T.);
#6793 = ADVANCED_FACE('',(#6794),#6750,.T.);
#6794 = FACE_BOUND('',#6795,.T.);
#6795 = EDGE_LOOP('',(#6796));
#6796 = ORIENTED_EDGE('',*,*,#6735,.T.);
#6797 = ( GEOMETRIC_REPRESENTATION_CONTEXT(3) 
GLOBAL_UNCERTAINTY_ASSIGNED_CONTEXT((#6801)) 
GLOBAL_UNIT_ASSIGNED_CONTEXT((#6798,#6799,#6800)) REPRESENTATION_CONTEXT
('Context #1','3D Context with UNIT and UNCERTAINTY') );
#6798 = ( LENGTH_UNIT() NAMED_UNIT(*) SI_UNIT(.MILLI.,.METRE.) );
#6799 = ( NAMED_UNIT(*) PLANE_ANGLE_UNIT() SI_UNIT($,.RADIAN.) );
#6800 = ( NAMED_UNIT(*) SI_UNIT($,.STERADIAN.) SOLID_ANGLE_UNIT() );
#6801 = UNCERTAINTY_MEASURE_WITH_UNIT(LENGTH_MEASURE(1.E-07),#6798,
  'distance_accuracy_value','confusion accuracy');
#6802 = CONTEXT_DEPENDENT_SHAPE_REPRESENTATION(#6803,#6805);
#6803 = ( REPRESENTATION_RELATIONSHIP('','',#6698,#2964) 
REPRESENTATION_RELATIONSHIP_WITH_TRANSFORMATION(#6804) 
SHAPE_REPRESENTATION_RELATIONSHIP() );
#6804 = ITEM_DEFINED_TRANSFORMATION('','',#11,#2977);
#6805 = PRODUCT_DEFINITION_SHAPE('Placement','Placement of an item',
  #6806);
#6806 = NEXT_ASSEMBLY_USAGE_OCCURRENCE('814','LMB10_A2_included_pin','',
  #2959,#6693,$);
#6807 = PRODUCT_RELATED_PRODUCT_CATEGORY('part',$,(#6695));
#6808 = SHAPE_DEFINITION_REPRESENTATION(#6809,#6815);
#6809 = PRODUCT_DEFINITION_SHAPE('','',#6810);
#6810 = PRODUCT_DEFINITION('design','',#6811,#6814);
#6811 = PRODUCT_DEFINITION_FORMATION('','',#6812);
#6812 = PRODUCT('LMB10_A3','LMB10_A3','',(#6813));
#6813 = PRODUCT_CONTEXT('',#2,'mechanical');
#6814 = PRODUCT_DEFINITION_CONTEXT('part definition',#2,'design');
#6815 = SHAPE_REPRESENTATION('',(#11,#6816,#7854),#8584);
#6816 = MANIFOLD_SOLID_BREP('',#6817);
#6817 = CLOSED_SHELL('',(#6818,#7050,#7126,#7175,#7224,#7273,#7465,#7514
    ,#7681,#7708,#7739,#7766,#7793,#7820,#7827));
#6818 = ADVANCED_FACE('',(#6819),#6833,.F.);
#6819 = FACE_BOUND('',#6820,.F.);
#6820 = EDGE_LOOP('',(#6821,#6856,#6884,#6912,#6940,#6968,#6996,#7024));
#6821 = ORIENTED_EDGE('',*,*,#6822,.F.);
#6822 = EDGE_CURVE('',#6823,#6825,#6827,.T.);
#6823 = VERTEX_POINT('',#6824);
#6824 = CARTESIAN_POINT('',(72.862159321677,-43.79903810567,50.));
#6825 = VERTEX_POINT('',#6826);
#6826 = CARTESIAN_POINT('',(72.862159321677,-43.79903810567,53.));
#6827 = SURFACE_CURVE('',#6828,(#6832,#6844),.PCURVE_S1.);
#6828 = LINE('',#6829,#6830);
#6829 = CARTESIAN_POINT('',(72.862159321677,-43.79903810567,50.));
#6830 = VECTOR('',#6831,1.);
#6831 = DIRECTION('',(0.,0.,1.));
#6832 = PCURVE('',#6833,#6838);
#6833 = PLANE('',#6834);
#6834 = AXIS2_PLACEMENT_3D('',#6835,#6836,#6837);
#6835 = CARTESIAN_POINT('',(72.862159321677,-43.79903810567,50.));
#6836 = DIRECTION('',(-0.866025403784,0.5,0.));
#6837 = DIRECTION('',(0.,0.,1.));
#6838 = DEFINITIONAL_REPRESENTATION('',(#6839),#6843);
#6839 = LINE('',#6840,#6841);
#6840 = CARTESIAN_POINT('',(0.,0.));
#6841 = VECTOR('',#6842,1.);
#6842 = DIRECTION('',(1.,0.));
#6843 = ( GEOMETRIC_REPRESENTATION_CONTEXT(2) 
PARAMETRIC_REPRESENTATION_CONTEXT() REPRESENTATION_CONTEXT('2D SPACE',''
  ) );
#6844 = PCURVE('',#6845,#6850);
#6845 = PLANE('',#6846);
#6846 = AXIS2_PLACEMENT_3D('',#6847,#6848,#6849);
#6847 = CARTESIAN_POINT('',(72.862159321677,-43.79903810567,50.));
#6848 = DIRECTION('',(-0.5,-0.866025403784,0.));
#6849 = DIRECTION('',(0.,0.,1.));
#6850 = DEFINITIONAL_REPRESENTATION('',(#6851),#6855);
#6851 = LINE('',#6852,#6853);
#6852 = CARTESIAN_POINT('',(0.,0.));
#6853 = VECTOR('',#6854,1.);
#6854 = DIRECTION('',(1.,0.));
#6855 = ( GEOMETRIC_REPRESENTATION_CONTEXT(2) 
PARAMETRIC_REPRESENTATION_CONTEXT() REPRESENTATION_CONTEXT('2D SPACE',''
  ) );
#6856 = ORIENTED_EDGE('',*,*,#6857,.T.);
#6857 = EDGE_CURVE('',#6823,#6858,#6860,.T.);
#6858 = VERTEX_POINT('',#6859);
#6859 = CARTESIAN_POINT('',(59.862159321677,-66.31569860407,50.));
#6860 = SURFACE_CURVE('',#6861,(#6865,#6872),.PCURVE_S1.);
#6861 = LINE('',#6862,#6863);
#6862 = CARTESIAN_POINT('',(72.862159321677,-43.79903810567,50.));
#6863 = VECTOR('',#6864,1.);
#6864 = DIRECTION('',(-0.5,-0.866025403784,0.));
#6865 = PCURVE('',#6833,#6866);
#6866 = DEFINITIONAL_REPRESENTATION('',(#6867),#6871);
#6867 = LINE('',#6868,#6869);
#6868 = CARTESIAN_POINT('',(0.,0.));
#6869 = VECTOR('',#6870,1.);
#6870 = DIRECTION('',(0.,-1.));
#6871 = ( GEOMETRIC_REPRESENTATION_CONTEXT(2) 
PARAMETRIC_REPRESENTATION_CONTEXT() REPRESENTATION_CONTEXT('2D SPACE',''
  ) );
#6872 = PCURVE('',#6873,#6878);
#6873 = PLANE('',#6874);
#6874 = AXIS2_PLACEMENT_3D('',#6875,#6876,#6877);
#6875 = CARTESIAN_POINT('',(72.862159321677,-43.79903810567,50.));
#6876 = DIRECTION('',(0.,0.,1.));
#6877 = DIRECTION('',(-0.866025403784,0.5,0.));
#6878 = DEFINITIONAL_REPRESENTATION('',(#6879),#6883);
#6879 = LINE('',#6880,#6881);
#6880 = CARTESIAN_POINT('',(0.,0.));
#6881 = VECTOR('',#6882,1.);
#6882 = DIRECTION('',(0.,1.));
#6883 = ( GEOMETRIC_REPRESENTATION_CONTEXT(2) 
PARAMETRIC_REPRESENTATION_CONTEXT() REPRESENTATION_CONTEXT('2D SPACE',''
  ) );
#6884 = ORIENTED_EDGE('',*,*,#6885,.T.);
#6885 = EDGE_CURVE('',#6858,#6886,#6888,.T.);
#6886 = VERTEX_POINT('',#6887);
#6887 = CARTESIAN_POINT('',(59.862159321677,-66.31569860407,53.));
#6888 = SURFACE_CURVE('',#6889,(#6893,#6900),.PCURVE_S1.);
#6889 = LINE('',#6890,#6891);
#6890 = CARTESIAN_POINT('',(59.862159321677,-66.31569860407,50.));
#6891 = VECTOR('',#6892,1.);
#6892 = DIRECTION('',(0.,0.,1.));
#6893 = PCURVE('',#6833,#6894);
#6894 = DEFINITIONAL_REPRESENTATION('',(#6895),#6899);
#6895 = LINE('',#6896,#6897);
#6896 = CARTESIAN_POINT('',(0.,-26.));
#6897 = VECTOR('',#6898,1.);
#6898 = DIRECTION('',(1.,0.));
#6899 = ( GEOMETRIC_REPRESENTATION_CONTEXT(2) 
PARAMETRIC_REPRESENTATION_CONTEXT() REPRESENTATION_CONTEXT('2D SPACE',''
  ) );
#6900 = PCURVE('',#6901,#6906);
#6901 = PLANE('',#6902);
#6902 = AXIS2_PLACEMENT_3D('',#6903,#6904,#6905);
#6903 = CARTESIAN_POINT('',(59.862159321677,-66.31569860407,50.));
#6904 = DIRECTION('',(-0.5,-0.866025403784,0.));
#6905 = DIRECTION('',(0.,0.,1.));
#6906 = DEFINITIONAL_REPRESENTATION('',(#6907),#6911);
#6907 = LINE('',#6908,#6909);
#6908 = CARTESIAN_POINT('',(0.,0.));
#6909 = VECTOR('',#6910,1.);
#6910 = DIRECTION('',(1.,0.));
#6911 = ( GEOMETRIC_REPRESENTATION_CONTEXT(2) 
PARAMETRIC_REPRESENTATION_CONTEXT() REPRESENTATION_CONTEXT('2D SPACE',''
  ) );
#6912 = ORIENTED_EDGE('',*,*,#6913,.F.);
#6913 = EDGE_CURVE('',#6914,#6886,#6916,.T.);
#6914 = VERTEX_POINT('',#6915);
#6915 = CARTESIAN_POINT('',(61.362159321677,-63.71762239271,53.));
#6916 = SURFACE_CURVE('',#6917,(#6921,#6928),.PCURVE_S1.);
#6917 = LINE('',#6918,#6919);
#6918 = CARTESIAN_POINT('',(72.862159321677,-43.79903810567,53.));
#6919 = VECTOR('',#6920,1.);
#6920 = DIRECTION('',(-0.5,-0.866025403784,0.));
#6921 = PCURVE('',#6833,#6922);
#6922 = DEFINITIONAL_REPRESENTATION('',(#6923),#6927);
#6923 = LINE('',#6924,#6925);
#6924 = CARTESIAN_POINT('',(3.,0.));
#6925 = VECTOR('',#6926,1.);
#6926 = DIRECTION('',(0.,-1.));
#6927 = ( GEOMETRIC_REPRESENTATION_CONTEXT(2) 
PARAMETRIC_REPRESENTATION_CONTEXT() REPRESENTATION_CONTEXT('2D SPACE',''
  ) );
#6928 = PCURVE('',#6929,#6934);
#6929 = PLANE('',#6930);
#6930 = AXIS2_PLACEMENT_3D('',#6931,#6932,#6933);
#6931 = CARTESIAN_POINT('',(72.862159321677,-43.79903810567,53.));
#6932 = DIRECTION('',(0.,0.,1.));
#6933 = DIRECTION('',(-0.866025403784,0.5,0.));
#6934 = DEFINITIONAL_REPRESENTATION('',(#6935),#6939);
#6935 = LINE('',#6936,#6937);
#6936 = CARTESIAN_POINT('',(0.,0.));
#6937 = VECTOR('',#6938,1.);
#6938 = DIRECTION('',(0.,1.));
#6939 = ( GEOMETRIC_REPRESENTATION_CONTEXT(2) 
PARAMETRIC_REPRESENTATION_CONTEXT() REPRESENTATION_CONTEXT('2D SPACE',''
  ) );
#6940 = ORIENTED_EDGE('',*,*,#6941,.F.);
#6941 = EDGE_CURVE('',#6942,#6914,#6944,.T.);
#6942 = VERTEX_POINT('',#6943);
#6943 = CARTESIAN_POINT('',(61.362159321677,-63.71762239271,80.));
#6944 = SURFACE_CURVE('',#6945,(#6949,#6956),.PCURVE_S1.);
#6945 = LINE('',#6946,#6947);
#6946 = CARTESIAN_POINT('',(61.362159321677,-63.71762239271,80.));
#6947 = VECTOR('',#6948,1.);
#6948 = DIRECTION('',(-0.,0.,-1.));
#6949 = PCURVE('',#6833,#6950);
#6950 = DEFINITIONAL_REPRESENTATION('',(#6951),#6955);
#6951 = LINE('',#6952,#6953);
#6952 = CARTESIAN_POINT('',(30.,-23.));
#6953 = VECTOR('',#6954,1.);
#6954 = DIRECTION('',(-1.,0.));
#6955 = ( GEOMETRIC_REPRESENTATION_CONTEXT(2) 
PARAMETRIC_REPRESENTATION_CONTEXT() REPRESENTATION_CONTEXT('2D SPACE',''
  ) );
#6956 = PCURVE('',#6957,#6962);
#6957 = PLANE('',#6958);
#6958 = AXIS2_PLACEMENT_3D('',#6959,#6960,#6961);
#6959 = CARTESIAN_POINT('',(40.189506955676,-51.49358584974,
    68.265051193238));
#6960 = DIRECTION('',(0.5,0.866025403784,-0.));
#6961 = DIRECTION('',(-0.,0.,-1.));
#6962 = DEFINITIONAL_REPRESENTATION('',(#6963),#6967);
#6963 = LINE('',#6964,#6965);
#6964 = CARTESIAN_POINT('',(-11.73494880676,-24.44807308593));
#6965 = VECTOR('',#6966,1.);
#6966 = DIRECTION('',(1.,0.));
#6967 = ( GEOMETRIC_REPRESENTATION_CONTEXT(2) 
PARAMETRIC_REPRESENTATION_CONTEXT() REPRESENTATION_CONTEXT('2D SPACE',''
  ) );
#6968 = ORIENTED_EDGE('',*,*,#6969,.T.);
#6969 = EDGE_CURVE('',#6942,#6970,#6972,.T.);
#6970 = VERTEX_POINT('',#6971);
#6971 = CARTESIAN_POINT('',(62.862159321677,-61.11954618136,80.));
#6972 = SURFACE_CURVE('',#6973,(#6977,#6984),.PCURVE_S1.);
#6973 = LINE('',#6974,#6975);
#6974 = CARTESIAN_POINT('',(61.362159321677,-63.71762239271,80.));
#6975 = VECTOR('',#6976,1.);
#6976 = DIRECTION('',(0.5,0.866025403784,0.));
#6977 = PCURVE('',#6833,#6978);
#6978 = DEFINITIONAL_REPRESENTATION('',(#6979),#6983);
#6979 = LINE('',#6980,#6981);
#6980 = CARTESIAN_POINT('',(30.,-23.));
#6981 = VECTOR('',#6982,1.);
#6982 = DIRECTION('',(0.,1.));
#6983 = ( GEOMETRIC_REPRESENTATION_CONTEXT(2) 
PARAMETRIC_REPRESENTATION_CONTEXT() REPRESENTATION_CONTEXT('2D SPACE',''
  ) );
#6984 = PCURVE('',#6985,#6990);
#6985 = PLANE('',#6986);
#6986 = AXIS2_PLACEMENT_3D('',#6987,#6988,#6989);
#6987 = CARTESIAN_POINT('',(57.898057706539,-61.71762239271,92.));
#6988 = DIRECTION('',(-0.821583836258,0.474341649025,-0.316227766017));
#6989 = DIRECTION('',(0.273861278753,-0.158113883008,-0.948683298051));
#6990 = DEFINITIONAL_REPRESENTATION('',(#6991),#6995);
#6991 = LINE('',#6992,#6993);
#6992 = CARTESIAN_POINT('',(12.649110640674,-2.22044604925E-16));
#6993 = VECTOR('',#6994,1.);
#6994 = DIRECTION('',(-1.110223024625E-17,-1.));
#6995 = ( GEOMETRIC_REPRESENTATION_CONTEXT(2) 
PARAMETRIC_REPRESENTATION_CONTEXT() REPRESENTATION_CONTEXT('2D SPACE',''
  ) );
#6996 = ORIENTED_EDGE('',*,*,#6997,.T.);
#6997 = EDGE_CURVE('',#6970,#6998,#7000,.T.);
#6998 = VERTEX_POINT('',#6999);
#6999 = CARTESIAN_POINT('',(62.862159321677,-61.11954618136,53.));
#7000 = SURFACE_CURVE('',#7001,(#7005,#7012),.PCURVE_S1.);
#7001 = LINE('',#7002,#7003);
#7002 = CARTESIAN_POINT('',(62.862159321677,-61.11954618136,80.));
#7003 = VECTOR('',#7004,1.);
#7004 = DIRECTION('',(-0.,0.,-1.));
#7005 = PCURVE('',#6833,#7006);
#7006 = DEFINITIONAL_REPRESENTATION('',(#7007),#7011);
#7007 = LINE('',#7008,#7009);
#7008 = CARTESIAN_POINT('',(30.,-20.));
#7009 = VECTOR('',#7010,1.);
#7010 = DIRECTION('',(-1.,0.));
#7011 = ( GEOMETRIC_REPRESENTATION_CONTEXT(2) 
PARAMETRIC_REPRESENTATION_CONTEXT() REPRESENTATION_CONTEXT('2D SPACE',''
  ) );
#7012 = PCURVE('',#7013,#7018);
#7013 = PLANE('',#7014);
#7014 = AXIS2_PLACEMENT_3D('',#7015,#7016,#7017);
#7015 = CARTESIAN_POINT('',(41.689506955676,-48.89550963839,
    68.265051193238));
#7016 = DIRECTION('',(0.5,0.866025403784,-0.));
#7017 = DIRECTION('',(-0.,0.,-1.));
#7018 = DEFINITIONAL_REPRESENTATION('',(#7019),#7023);
#7019 = LINE('',#7020,#7021);
#7020 = CARTESIAN_POINT('',(-11.73494880676,-24.44807308593));
#7021 = VECTOR('',#7022,1.);
#7022 = DIRECTION('',(1.,0.));
#7023 = ( GEOMETRIC_REPRESENTATION_CONTEXT(2) 
PARAMETRIC_REPRESENTATION_CONTEXT() REPRESENTATION_CONTEXT('2D SPACE',''
  ) );
#7024 = ORIENTED_EDGE('',*,*,#7025,.F.);
#7025 = EDGE_CURVE('',#6825,#6998,#7026,.T.);
#7026 = SURFACE_CURVE('',#7027,(#7031,#7038),.PCURVE_S1.);
#7027 = LINE('',#7028,#7029);
#7028 = CARTESIAN_POINT('',(72.862159321677,-43.79903810567,53.));
#7029 = VECTOR('',#7030,1.);
#7030 = DIRECTION('',(-0.5,-0.866025403784,0.));
#7031 = PCURVE('',#6833,#7032);
#7032 = DEFINITIONAL_REPRESENTATION('',(#7033),#7037);
#7033 = LINE('',#7034,#7035);
#7034 = CARTESIAN_POINT('',(3.,0.));
#7035 = VECTOR('',#7036,1.);
#7036 = DIRECTION('',(0.,-1.));
#7037 = ( GEOMETRIC_REPRESENTATION_CONTEXT(2) 
PARAMETRIC_REPRESENTATION_CONTEXT() REPRESENTATION_CONTEXT('2D SPACE',''
  ) );
#7038 = PCURVE('',#7039,#7044);
#7039 = PLANE('',#7040);
#7040 = AXIS2_PLACEMENT_3D('',#7041,#7042,#7043);
#7041 = CARTESIAN_POINT('',(72.862159321677,-43.79903810567,53.));
#7042 = DIRECTION('',(0.,0.,1.));
#7043 = DIRECTION('',(-0.866025403784,0.5,0.));
#7044 = DEFINITIONAL_REPRESENTATION('',(#7045),#7049);
#7045 = LINE('',#7046,#7047);
#7046 = CARTESIAN_POINT('',(0.,0.));
#7047 = VECTOR('',#7048,1.);
#7048 = DIRECTION('',(0.,1.));
#7049 = ( GEOMETRIC_REPRESENTATION_CONTEXT(2) 
PARAMETRIC_REPRESENTATION_CONTEXT() REPRESENTATION_CONTEXT('2D SPACE',''
  ) );
#7050 = ADVANCED_FACE('',(#7051),#6845,.F.);
#7051 = FACE_BOUND('',#7052,.F.);
#7052 = EDGE_LOOP('',(#7053,#7076,#7077,#7100));
#7053 = ORIENTED_EDGE('',*,*,#7054,.F.);
#7054 = EDGE_CURVE('',#6823,#7055,#7057,.T.);
#7055 = VERTEX_POINT('',#7056);
#7056 = CARTESIAN_POINT('',(24.364736709749,-15.79903810567,50.));
#7057 = SURFACE_CURVE('',#7058,(#7062,#7069),.PCURVE_S1.);
#7058 = LINE('',#7059,#7060);
#7059 = CARTESIAN_POINT('',(72.862159321677,-43.79903810567,50.));
#7060 = VECTOR('',#7061,1.);
#7061 = DIRECTION('',(-0.866025403784,0.5,0.));
#7062 = PCURVE('',#6845,#7063);
#7063 = DEFINITIONAL_REPRESENTATION('',(#7064),#7068);
#7064 = LINE('',#7065,#7066);
#7065 = CARTESIAN_POINT('',(0.,0.));
#7066 = VECTOR('',#7067,1.);
#7067 = DIRECTION('',(0.,1.));
#7068 = ( GEOMETRIC_REPRESENTATION_CONTEXT(2) 
PARAMETRIC_REPRESENTATION_CONTEXT() REPRESENTATION_CONTEXT('2D SPACE',''
  ) );
#7069 = PCURVE('',#6873,#7070);
#7070 = DEFINITIONAL_REPRESENTATION('',(#7071),#7075);
#7071 = LINE('',#7072,#7073);
#7072 = CARTESIAN_POINT('',(0.,0.));
#7073 = VECTOR('',#7074,1.);
#7074 = DIRECTION('',(1.,0.));
#7075 = ( GEOMETRIC_REPRESENTATION_CONTEXT(2) 
PARAMETRIC_REPRESENTATION_CONTEXT() REPRESENTATION_CONTEXT('2D SPACE',''
  ) );
#7076 = ORIENTED_EDGE('',*,*,#6822,.T.);
#7077 = ORIENTED_EDGE('',*,*,#7078,.T.);
#7078 = EDGE_CURVE('',#6825,#7079,#7081,.T.);
#7079 = VERTEX_POINT('',#7080);
#7080 = CARTESIAN_POINT('',(24.364736709749,-15.79903810567,53.));
#7081 = SURFACE_CURVE('',#7082,(#7086,#7093),.PCURVE_S1.);
#7082 = LINE('',#7083,#7084);
#7083 = CARTESIAN_POINT('',(72.862159321677,-43.79903810567,53.));
#7084 = VECTOR('',#7085,1.);
#7085 = DIRECTION('',(-0.866025403784,0.5,0.));
#7086 = PCURVE('',#6845,#7087);
#7087 = DEFINITIONAL_REPRESENTATION('',(#7088),#7092);
#7088 = LINE('',#7089,#7090);
#7089 = CARTESIAN_POINT('',(3.,0.));
#7090 = VECTOR('',#7091,1.);
#7091 = DIRECTION('',(0.,1.));
#7092 = ( GEOMETRIC_REPRESENTATION_CONTEXT(2) 
PARAMETRIC_REPRESENTATION_CONTEXT() REPRESENTATION_CONTEXT('2D SPACE',''
  ) );
#7093 = PCURVE('',#7039,#7094);
#7094 = DEFINITIONAL_REPRESENTATION('',(#7095),#7099);
#7095 = LINE('',#7096,#7097);
#7096 = CARTESIAN_POINT('',(0.,0.));
#7097 = VECTOR('',#7098,1.);
#7098 = DIRECTION('',(1.,0.));
#7099 = ( GEOMETRIC_REPRESENTATION_CONTEXT(2) 
PARAMETRIC_REPRESENTATION_CONTEXT() REPRESENTATION_CONTEXT('2D SPACE',''
  ) );
#7100 = ORIENTED_EDGE('',*,*,#7101,.F.);
#7101 = EDGE_CURVE('',#7055,#7079,#7102,.T.);
#7102 = SURFACE_CURVE('',#7103,(#7107,#7114),.PCURVE_S1.);
#7103 = LINE('',#7104,#7105);
#7104 = CARTESIAN_POINT('',(24.364736709749,-15.79903810567,50.));
#7105 = VECTOR('',#7106,1.);
#7106 = DIRECTION('',(0.,0.,1.));
#7107 = PCURVE('',#6845,#7108);
#7108 = DEFINITIONAL_REPRESENTATION('',(#7109),#7113);
#7109 = LINE('',#7110,#7111);
#7110 = CARTESIAN_POINT('',(0.,56.));
#7111 = VECTOR('',#7112,1.);
#7112 = DIRECTION('',(1.,0.));
#7113 = ( GEOMETRIC_REPRESENTATION_CONTEXT(2) 
PARAMETRIC_REPRESENTATION_CONTEXT() REPRESENTATION_CONTEXT('2D SPACE',''
  ) );
#7114 = PCURVE('',#7115,#7120);
#7115 = PLANE('',#7116);
#7116 = AXIS2_PLACEMENT_3D('',#7117,#7118,#7119);
#7117 = CARTESIAN_POINT('',(24.364736709749,-15.79903810567,50.));
#7118 = DIRECTION('',(-0.866025403784,0.5,0.));
#7119 = DIRECTION('',(0.,0.,1.));
#7120 = DEFINITIONAL_REPRESENTATION('',(#7121),#7125);
#7121 = LINE('',#7122,#7123);
#7122 = CARTESIAN_POINT('',(0.,0.));
#7123 = VECTOR('',#7124,1.);
#7124 = DIRECTION('',(1.,0.));
#7125 = ( GEOMETRIC_REPRESENTATION_CONTEXT(2) 
PARAMETRIC_REPRESENTATION_CONTEXT() REPRESENTATION_CONTEXT('2D SPACE',''
  ) );
#7126 = ADVANCED_FACE('',(#7127),#6873,.F.);
#7127 = FACE_BOUND('',#7128,.F.);
#7128 = EDGE_LOOP('',(#7129,#7130,#7131,#7154));
#7129 = ORIENTED_EDGE('',*,*,#6857,.F.);
#7130 = ORIENTED_EDGE('',*,*,#7054,.T.);
#7131 = ORIENTED_EDGE('',*,*,#7132,.T.);
#7132 = EDGE_CURVE('',#7055,#7133,#7135,.T.);
#7133 = VERTEX_POINT('',#7134);
#7134 = CARTESIAN_POINT('',(11.364736709749,-38.31569860407,50.));
#7135 = SURFACE_CURVE('',#7136,(#7140,#7147),.PCURVE_S1.);
#7136 = LINE('',#7137,#7138);
#7137 = CARTESIAN_POINT('',(24.364736709749,-15.79903810567,50.));
#7138 = VECTOR('',#7139,1.);
#7139 = DIRECTION('',(-0.5,-0.866025403784,0.));
#7140 = PCURVE('',#6873,#7141);
#7141 = DEFINITIONAL_REPRESENTATION('',(#7142),#7146);
#7142 = LINE('',#7143,#7144);
#7143 = CARTESIAN_POINT('',(56.,-3.552713678801E-15));
#7144 = VECTOR('',#7145,1.);
#7145 = DIRECTION('',(0.,1.));
#7146 = ( GEOMETRIC_REPRESENTATION_CONTEXT(2) 
PARAMETRIC_REPRESENTATION_CONTEXT() REPRESENTATION_CONTEXT('2D SPACE',''
  ) );
#7147 = PCURVE('',#7115,#7148);
#7148 = DEFINITIONAL_REPRESENTATION('',(#7149),#7153);
#7149 = LINE('',#7150,#7151);
#7150 = CARTESIAN_POINT('',(0.,0.));
#7151 = VECTOR('',#7152,1.);
#7152 = DIRECTION('',(0.,-1.));
#7153 = ( GEOMETRIC_REPRESENTATION_CONTEXT(2) 
PARAMETRIC_REPRESENTATION_CONTEXT() REPRESENTATION_CONTEXT('2D SPACE',''
  ) );
#7154 = ORIENTED_EDGE('',*,*,#7155,.F.);
#7155 = EDGE_CURVE('',#6858,#7133,#7156,.T.);
#7156 = SURFACE_CURVE('',#7157,(#7161,#7168),.PCURVE_S1.);
#7157 = LINE('',#7158,#7159);
#7158 = CARTESIAN_POINT('',(59.862159321677,-66.31569860407,50.));
#7159 = VECTOR('',#7160,1.);
#7160 = DIRECTION('',(-0.866025403784,0.5,0.));
#7161 = PCURVE('',#6873,#7162);
#7162 = DEFINITIONAL_REPRESENTATION('',(#7163),#7167);
#7163 = LINE('',#7164,#7165);
#7164 = CARTESIAN_POINT('',(5.329070518201E-15,26.));
#7165 = VECTOR('',#7166,1.);
#7166 = DIRECTION('',(1.,0.));
#7167 = ( GEOMETRIC_REPRESENTATION_CONTEXT(2) 
PARAMETRIC_REPRESENTATION_CONTEXT() REPRESENTATION_CONTEXT('2D SPACE',''
  ) );
#7168 = PCURVE('',#6901,#7169);
#7169 = DEFINITIONAL_REPRESENTATION('',(#7170),#7174);
#7170 = LINE('',#7171,#7172);
#7171 = CARTESIAN_POINT('',(0.,0.));
#7172 = VECTOR('',#7173,1.);
#7173 = DIRECTION('',(0.,1.));
#7174 = ( GEOMETRIC_REPRESENTATION_CONTEXT(2) 
PARAMETRIC_REPRESENTATION_CONTEXT() REPRESENTATION_CONTEXT('2D SPACE',''
  ) );
#7175 = ADVANCED_FACE('',(#7176),#6901,.T.);
#7176 = FACE_BOUND('',#7177,.T.);
#7177 = EDGE_LOOP('',(#7178,#7179,#7180,#7203));
#7178 = ORIENTED_EDGE('',*,*,#7155,.F.);
#7179 = ORIENTED_EDGE('',*,*,#6885,.T.);
#7180 = ORIENTED_EDGE('',*,*,#7181,.T.);
#7181 = EDGE_CURVE('',#6886,#7182,#7184,.T.);
#7182 = VERTEX_POINT('',#7183);
#7183 = CARTESIAN_POINT('',(11.364736709749,-38.31569860407,53.));
#7184 = SURFACE_CURVE('',#7185,(#7189,#7196),.PCURVE_S1.);
#7185 = LINE('',#7186,#7187);
#7186 = CARTESIAN_POINT('',(59.862159321677,-66.31569860407,53.));
#7187 = VECTOR('',#7188,1.);
#7188 = DIRECTION('',(-0.866025403784,0.5,0.));
#7189 = PCURVE('',#6901,#7190);
#7190 = DEFINITIONAL_REPRESENTATION('',(#7191),#7195);
#7191 = LINE('',#7192,#7193);
#7192 = CARTESIAN_POINT('',(3.,0.));
#7193 = VECTOR('',#7194,1.);
#7194 = DIRECTION('',(0.,1.));
#7195 = ( GEOMETRIC_REPRESENTATION_CONTEXT(2) 
PARAMETRIC_REPRESENTATION_CONTEXT() REPRESENTATION_CONTEXT('2D SPACE',''
  ) );
#7196 = PCURVE('',#6929,#7197);
#7197 = DEFINITIONAL_REPRESENTATION('',(#7198),#7202);
#7198 = LINE('',#7199,#7200);
#7199 = CARTESIAN_POINT('',(5.329070518201E-15,26.));
#7200 = VECTOR('',#7201,1.);
#7201 = DIRECTION('',(1.,0.));
#7202 = ( GEOMETRIC_REPRESENTATION_CONTEXT(2) 
PARAMETRIC_REPRESENTATION_CONTEXT() REPRESENTATION_CONTEXT('2D SPACE',''
  ) );
#7203 = ORIENTED_EDGE('',*,*,#7204,.F.);
#7204 = EDGE_CURVE('',#7133,#7182,#7205,.T.);
#7205 = SURFACE_CURVE('',#7206,(#7210,#7217),.PCURVE_S1.);
#7206 = LINE('',#7207,#7208);
#7207 = CARTESIAN_POINT('',(11.364736709749,-38.31569860407,50.));
#7208 = VECTOR('',#7209,1.);
#7209 = DIRECTION('',(0.,0.,1.));
#7210 = PCURVE('',#6901,#7211);
#7211 = DEFINITIONAL_REPRESENTATION('',(#7212),#7216);
#7212 = LINE('',#7213,#7214);
#7213 = CARTESIAN_POINT('',(0.,56.));
#7214 = VECTOR('',#7215,1.);
#7215 = DIRECTION('',(1.,0.));
#7216 = ( GEOMETRIC_REPRESENTATION_CONTEXT(2) 
PARAMETRIC_REPRESENTATION_CONTEXT() REPRESENTATION_CONTEXT('2D SPACE',''
  ) );
#7217 = PCURVE('',#7115,#7218);
#7218 = DEFINITIONAL_REPRESENTATION('',(#7219),#7223);
#7219 = LINE('',#7220,#7221);
#7220 = CARTESIAN_POINT('',(0.,-26.));
#7221 = VECTOR('',#7222,1.);
#7222 = DIRECTION('',(1.,0.));
#7223 = ( GEOMETRIC_REPRESENTATION_CONTEXT(2) 
PARAMETRIC_REPRESENTATION_CONTEXT() REPRESENTATION_CONTEXT('2D SPACE',''
  ) );
#7224 = ADVANCED_FACE('',(#7225),#6929,.T.);
#7225 = FACE_BOUND('',#7226,.T.);
#7226 = EDGE_LOOP('',(#7227,#7228,#7251,#7272));
#7227 = ORIENTED_EDGE('',*,*,#6913,.F.);
#7228 = ORIENTED_EDGE('',*,*,#7229,.T.);
#7229 = EDGE_CURVE('',#6914,#7230,#7232,.T.);
#7230 = VERTEX_POINT('',#7231);
#7231 = CARTESIAN_POINT('',(12.864736709749,-35.71762239271,53.));
#7232 = SURFACE_CURVE('',#7233,(#7237,#7244),.PCURVE_S1.);
#7233 = LINE('',#7234,#7235);
#7234 = CARTESIAN_POINT('',(61.362159321677,-63.71762239271,53.));
#7235 = VECTOR('',#7236,1.);
#7236 = DIRECTION('',(-0.866025403784,0.5,0.));
#7237 = PCURVE('',#6929,#7238);
#7238 = DEFINITIONAL_REPRESENTATION('',(#7239),#7243);
#7239 = LINE('',#7240,#7241);
#7240 = CARTESIAN_POINT('',(3.552713678801E-15,23.));
#7241 = VECTOR('',#7242,1.);
#7242 = DIRECTION('',(1.,0.));
#7243 = ( GEOMETRIC_REPRESENTATION_CONTEXT(2) 
PARAMETRIC_REPRESENTATION_CONTEXT() REPRESENTATION_CONTEXT('2D SPACE',''
  ) );
#7244 = PCURVE('',#6957,#7245);
#7245 = DEFINITIONAL_REPRESENTATION('',(#7246),#7250);
#7246 = LINE('',#7247,#7248);
#7247 = CARTESIAN_POINT('',(15.265051193238,-24.44807308593));
#7248 = VECTOR('',#7249,1.);
#7249 = DIRECTION('',(0.,1.));
#7250 = ( GEOMETRIC_REPRESENTATION_CONTEXT(2) 
PARAMETRIC_REPRESENTATION_CONTEXT() REPRESENTATION_CONTEXT('2D SPACE',''
  ) );
#7251 = ORIENTED_EDGE('',*,*,#7252,.T.);
#7252 = EDGE_CURVE('',#7230,#7182,#7253,.T.);
#7253 = SURFACE_CURVE('',#7254,(#7258,#7265),.PCURVE_S1.);
#7254 = LINE('',#7255,#7256);
#7255 = CARTESIAN_POINT('',(24.364736709749,-15.79903810567,53.));
#7256 = VECTOR('',#7257,1.);
#7257 = DIRECTION('',(-0.5,-0.866025403784,0.));
#7258 = PCURVE('',#6929,#7259);
#7259 = DEFINITIONAL_REPRESENTATION('',(#7260),#7264);
#7260 = LINE('',#7261,#7262);
#7261 = CARTESIAN_POINT('',(56.,-3.552713678801E-15));
#7262 = VECTOR('',#7263,1.);
#7263 = DIRECTION('',(0.,1.));
#7264 = ( GEOMETRIC_REPRESENTATION_CONTEXT(2) 
PARAMETRIC_REPRESENTATION_CONTEXT() REPRESENTATION_CONTEXT('2D SPACE',''
  ) );
#7265 = PCURVE('',#7115,#7266);
#7266 = DEFINITIONAL_REPRESENTATION('',(#7267),#7271);
#7267 = LINE('',#7268,#7269);
#7268 = CARTESIAN_POINT('',(3.,0.));
#7269 = VECTOR('',#7270,1.);
#7270 = DIRECTION('',(0.,-1.));
#7271 = ( GEOMETRIC_REPRESENTATION_CONTEXT(2) 
PARAMETRIC_REPRESENTATION_CONTEXT() REPRESENTATION_CONTEXT('2D SPACE',''
  ) );
#7272 = ORIENTED_EDGE('',*,*,#7181,.F.);
#7273 = ADVANCED_FACE('',(#7274,#7434),#6957,.F.);
#7274 = FACE_BOUND('',#7275,.F.);
#7275 = EDGE_LOOP('',(#7276,#7277,#7300,#7328,#7356,#7384,#7412,#7433));
#7276 = ORIENTED_EDGE('',*,*,#7229,.T.);
#7277 = ORIENTED_EDGE('',*,*,#7278,.T.);
#7278 = EDGE_CURVE('',#7230,#7279,#7281,.T.);
#7279 = VERTEX_POINT('',#7280);
#7280 = CARTESIAN_POINT('',(12.864736709749,-35.71762239271,67.));
#7281 = SURFACE_CURVE('',#7282,(#7286,#7293),.PCURVE_S1.);
#7282 = LINE('',#7283,#7284);
#7283 = CARTESIAN_POINT('',(12.864736709749,-35.71762239271,53.));
#7284 = VECTOR('',#7285,1.);
#7285 = DIRECTION('',(0.,0.,1.));
#7286 = PCURVE('',#6957,#7287);
#7287 = DEFINITIONAL_REPRESENTATION('',(#7288),#7292);
#7288 = LINE('',#7289,#7290);
#7289 = CARTESIAN_POINT('',(15.265051193238,31.551926914061));
#7290 = VECTOR('',#7291,1.);
#7291 = DIRECTION('',(-1.,0.));
#7292 = ( GEOMETRIC_REPRESENTATION_CONTEXT(2) 
PARAMETRIC_REPRESENTATION_CONTEXT() REPRESENTATION_CONTEXT('2D SPACE',''
  ) );
#7293 = PCURVE('',#7115,#7294);
#7294 = DEFINITIONAL_REPRESENTATION('',(#7295),#7299);
#7295 = LINE('',#7296,#7297);
#7296 = CARTESIAN_POINT('',(3.,-23.));
#7297 = VECTOR('',#7298,1.);
#7298 = DIRECTION('',(1.,0.));
#7299 = ( GEOMETRIC_REPRESENTATION_CONTEXT(2) 
PARAMETRIC_REPRESENTATION_CONTEXT() REPRESENTATION_CONTEXT('2D SPACE',''
  ) );
#7300 = ORIENTED_EDGE('',*,*,#7301,.T.);
#7301 = EDGE_CURVE('',#7279,#7302,#7304,.T.);
#7302 = VERTEX_POINT('',#7303);
#7303 = CARTESIAN_POINT('',(45.773702053557,-54.71762239271,86.));
#7304 = SURFACE_CURVE('',#7305,(#7309,#7316),.PCURVE_S1.);
#7305 = LINE('',#7306,#7307);
#7306 = CARTESIAN_POINT('',(12.864736709749,-35.71762239271,67.));
#7307 = VECTOR('',#7308,1.);
#7308 = DIRECTION('',(0.774596669241,-0.4472135955,0.4472135955));
#7309 = PCURVE('',#6957,#7310);
#7310 = DEFINITIONAL_REPRESENTATION('',(#7311),#7315);
#7311 = LINE('',#7312,#7313);
#7312 = CARTESIAN_POINT('',(1.265051193238,31.551926914061));
#7313 = VECTOR('',#7314,1.);
#7314 = DIRECTION('',(-0.4472135955,-0.894427191));
#7315 = ( GEOMETRIC_REPRESENTATION_CONTEXT(2) 
PARAMETRIC_REPRESENTATION_CONTEXT() REPRESENTATION_CONTEXT('2D SPACE',''
  ) );
#7316 = PCURVE('',#7317,#7322);
#7317 = PLANE('',#7318);
#7318 = AXIS2_PLACEMENT_3D('',#7319,#7320,#7321);
#7319 = CARTESIAN_POINT('',(12.864736709749,-35.71762239271,67.));
#7320 = DIRECTION('',(0.387298334621,-0.22360679775,-0.894427191));
#7321 = DIRECTION('',(0.774596669241,-0.4472135955,0.4472135955));
#7322 = DEFINITIONAL_REPRESENTATION('',(#7323),#7327);
#7323 = LINE('',#7324,#7325);
#7324 = CARTESIAN_POINT('',(0.,0.));
#7325 = VECTOR('',#7326,1.);
#7326 = DIRECTION('',(1.,-5.551115123126E-17));
#7327 = ( GEOMETRIC_REPRESENTATION_CONTEXT(2) 
PARAMETRIC_REPRESENTATION_CONTEXT() REPRESENTATION_CONTEXT('2D SPACE',''
  ) );
#7328 = ORIENTED_EDGE('',*,*,#7329,.T.);
#7329 = EDGE_CURVE('',#7302,#7330,#7332,.T.);
#7330 = VERTEX_POINT('',#7331);
#7331 = CARTESIAN_POINT('',(47.505752861126,-55.71762239271,92.));
#7332 = SURFACE_CURVE('',#7333,(#7337,#7344),.PCURVE_S1.);
#7333 = LINE('',#7334,#7335);
#7334 = CARTESIAN_POINT('',(45.773702053557,-54.71762239271,86.));
#7335 = VECTOR('',#7336,1.);
#7336 = DIRECTION('',(0.273861278753,-0.158113883008,0.948683298051));
#7337 = PCURVE('',#6957,#7338);
#7338 = DEFINITIONAL_REPRESENTATION('',(#7339),#7343);
#7339 = LINE('',#7340,#7341);
#7340 = CARTESIAN_POINT('',(-17.73494880676,-6.448073085939));
#7341 = VECTOR('',#7342,1.);
#7342 = DIRECTION('',(-0.948683298051,-0.316227766017));
#7343 = ( GEOMETRIC_REPRESENTATION_CONTEXT(2) 
PARAMETRIC_REPRESENTATION_CONTEXT() REPRESENTATION_CONTEXT('2D SPACE',''
  ) );
#7344 = PCURVE('',#7345,#7350);
#7345 = PLANE('',#7346);
#7346 = AXIS2_PLACEMENT_3D('',#7347,#7348,#7349);
#7347 = CARTESIAN_POINT('',(45.773702053557,-54.71762239271,86.));
#7348 = DIRECTION('',(0.821583836258,-0.474341649025,-0.316227766017));
#7349 = DIRECTION('',(0.273861278753,-0.158113883008,0.948683298051));
#7350 = DEFINITIONAL_REPRESENTATION('',(#7351),#7355);
#7351 = LINE('',#7352,#7353);
#7352 = CARTESIAN_POINT('',(0.,0.));
#7353 = VECTOR('',#7354,1.);
#7354 = DIRECTION('',(1.,0.));
#7355 = ( GEOMETRIC_REPRESENTATION_CONTEXT(2) 
PARAMETRIC_REPRESENTATION_CONTEXT() REPRESENTATION_CONTEXT('2D SPACE',''
  ) );
#7356 = ORIENTED_EDGE('',*,*,#7357,.T.);
#7357 = EDGE_CURVE('',#7330,#7358,#7360,.T.);
#7358 = VERTEX_POINT('',#7359);
#7359 = CARTESIAN_POINT('',(52.701905283833,-58.71762239271,94.));
#7360 = SURFACE_CURVE('',#7361,(#7365,#7372),.PCURVE_S1.);
#7361 = LINE('',#7362,#7363);
#7362 = CARTESIAN_POINT('',(47.505752861126,-55.71762239271,92.));
#7363 = VECTOR('',#7364,1.);
#7364 = DIRECTION('',(0.821583836258,-0.474341649025,0.316227766017));
#7365 = PCURVE('',#6957,#7366);
#7366 = DEFINITIONAL_REPRESENTATION('',(#7367),#7371);
#7367 = LINE('',#7368,#7369);
#7368 = CARTESIAN_POINT('',(-23.73494880676,-8.448073085939));
#7369 = VECTOR('',#7370,1.);
#7370 = DIRECTION('',(-0.316227766017,-0.948683298051));
#7371 = ( GEOMETRIC_REPRESENTATION_CONTEXT(2) 
PARAMETRIC_REPRESENTATION_CONTEXT() REPRESENTATION_CONTEXT('2D SPACE',''
  ) );
#7372 = PCURVE('',#7373,#7378);
#7373 = PLANE('',#7374);
#7374 = AXIS2_PLACEMENT_3D('',#7375,#7376,#7377);
#7375 = CARTESIAN_POINT('',(47.505752861126,-55.71762239271,92.));
#7376 = DIRECTION('',(0.273861278753,-0.158113883008,-0.948683298051));
#7377 = DIRECTION('',(0.821583836258,-0.474341649025,0.316227766017));
#7378 = DEFINITIONAL_REPRESENTATION('',(#7379),#7383);
#7379 = LINE('',#7380,#7381);
#7380 = CARTESIAN_POINT('',(0.,0.));
#7381 = VECTOR('',#7382,1.);
#7382 = DIRECTION('',(1.,-5.551115123126E-17));
#7383 = ( GEOMETRIC_REPRESENTATION_CONTEXT(2) 
PARAMETRIC_REPRESENTATION_CONTEXT() REPRESENTATION_CONTEXT('2D SPACE',''
  ) );
#7384 = ORIENTED_EDGE('',*,*,#7385,.T.);
#7385 = EDGE_CURVE('',#7358,#7386,#7388,.T.);
#7386 = VERTEX_POINT('',#7387);
#7387 = CARTESIAN_POINT('',(57.898057706539,-61.71762239271,92.));
#7388 = SURFACE_CURVE('',#7389,(#7393,#7400),.PCURVE_S1.);
#7389 = LINE('',#7390,#7391);
#7390 = CARTESIAN_POINT('',(52.701905283833,-58.71762239271,94.));
#7391 = VECTOR('',#7392,1.);
#7392 = DIRECTION('',(0.821583836258,-0.474341649025,-0.316227766017));
#7393 = PCURVE('',#6957,#7394);
#7394 = DEFINITIONAL_REPRESENTATION('',(#7395),#7399);
#7395 = LINE('',#7396,#7397);
#7396 = CARTESIAN_POINT('',(-25.73494880676,-14.44807308593));
#7397 = VECTOR('',#7398,1.);
#7398 = DIRECTION('',(0.316227766017,-0.948683298051));
#7399 = ( GEOMETRIC_REPRESENTATION_CONTEXT(2) 
PARAMETRIC_REPRESENTATION_CONTEXT() REPRESENTATION_CONTEXT('2D SPACE',''
  ) );
#7400 = PCURVE('',#7401,#7406);
#7401 = PLANE('',#7402);
#7402 = AXIS2_PLACEMENT_3D('',#7403,#7404,#7405);
#7403 = CARTESIAN_POINT('',(52.701905283833,-58.71762239271,94.));
#7404 = DIRECTION('',(-0.273861278753,0.158113883008,-0.948683298051));
#7405 = DIRECTION('',(0.821583836258,-0.474341649025,-0.316227766017));
#7406 = DEFINITIONAL_REPRESENTATION('',(#7407),#7411);
#7407 = LINE('',#7408,#7409);
#7408 = CARTESIAN_POINT('',(0.,0.));
#7409 = VECTOR('',#7410,1.);
#7410 = DIRECTION('',(1.,-5.551115123126E-17));
#7411 = ( GEOMETRIC_REPRESENTATION_CONTEXT(2) 
PARAMETRIC_REPRESENTATION_CONTEXT() REPRESENTATION_CONTEXT('2D SPACE',''
  ) );
#7412 = ORIENTED_EDGE('',*,*,#7413,.T.);
#7413 = EDGE_CURVE('',#7386,#6942,#7414,.T.);
#7414 = SURFACE_CURVE('',#7415,(#7419,#7426),.PCURVE_S1.);
#7415 = LINE('',#7416,#7417);
#7416 = CARTESIAN_POINT('',(57.898057706539,-61.71762239271,92.));
#7417 = VECTOR('',#7418,1.);
#7418 = DIRECTION('',(0.273861278753,-0.158113883008,-0.948683298051));
#7419 = PCURVE('',#6957,#7420);
#7420 = DEFINITIONAL_REPRESENTATION('',(#7421),#7425);
#7421 = LINE('',#7422,#7423);
#7422 = CARTESIAN_POINT('',(-23.73494880676,-20.44807308593));
#7423 = VECTOR('',#7424,1.);
#7424 = DIRECTION('',(0.948683298051,-0.316227766017));
#7425 = ( GEOMETRIC_REPRESENTATION_CONTEXT(2) 
PARAMETRIC_REPRESENTATION_CONTEXT() REPRESENTATION_CONTEXT('2D SPACE',''
  ) );
#7426 = PCURVE('',#6985,#7427);
#7427 = DEFINITIONAL_REPRESENTATION('',(#7428),#7432);
#7428 = LINE('',#7429,#7430);
#7429 = CARTESIAN_POINT('',(0.,0.));
#7430 = VECTOR('',#7431,1.);
#7431 = DIRECTION('',(1.,0.));
#7432 = ( GEOMETRIC_REPRESENTATION_CONTEXT(2) 
PARAMETRIC_REPRESENTATION_CONTEXT() REPRESENTATION_CONTEXT('2D SPACE',''
  ) );
#7433 = ORIENTED_EDGE('',*,*,#6941,.T.);
#7434 = FACE_BOUND('',#7435,.F.);
#7435 = EDGE_LOOP('',(#7436));
#7436 = ORIENTED_EDGE('',*,*,#7437,.F.);
#7437 = EDGE_CURVE('',#7438,#7438,#7440,.T.);
#7438 = VERTEX_POINT('',#7439);
#7439 = CARTESIAN_POINT('',(50.017226532101,-57.16762239271,86.));
#7440 = SURFACE_CURVE('',#7441,(#7446,#7453),.PCURVE_S1.);
#7441 = CIRCLE('',#7442,3.1);
#7442 = AXIS2_PLACEMENT_3D('',#7443,#7444,#7445);
#7443 = CARTESIAN_POINT('',(52.701905283833,-58.71762239271,86.));
#7444 = DIRECTION('',(0.5,0.866025403784,-1.110223024625E-16));
#7445 = DIRECTION('',(-0.866025403784,0.5,0.));
#7446 = PCURVE('',#6957,#7447);
#7447 = DEFINITIONAL_REPRESENTATION('',(#7448),#7452);
#7448 = CIRCLE('',#7449,3.1);
#7449 = AXIS2_PLACEMENT_2D('',#7450,#7451);
#7450 = CARTESIAN_POINT('',(-17.73494880676,-14.44807308593));
#7451 = DIRECTION('',(0.,1.));
#7452 = ( GEOMETRIC_REPRESENTATION_CONTEXT(2) 
PARAMETRIC_REPRESENTATION_CONTEXT() REPRESENTATION_CONTEXT('2D SPACE',''
  ) );
#7453 = PCURVE('',#7454,#7459);
#7454 = CYLINDRICAL_SURFACE('',#7455,3.1);
#7455 = AXIS2_PLACEMENT_3D('',#7456,#7457,#7458);
#7456 = CARTESIAN_POINT('',(65.701905283833,-36.20096189432,86.));
#7457 = DIRECTION('',(0.5,0.866025403784,-1.110223024625E-16));
#7458 = DIRECTION('',(-0.866025403784,0.5,0.));
#7459 = DEFINITIONAL_REPRESENTATION('',(#7460),#7464);
#7460 = LINE('',#7461,#7462);
#7461 = CARTESIAN_POINT('',(-6.28318530718,-26.));
#7462 = VECTOR('',#7463,1.);
#7463 = DIRECTION('',(1.,-0.));
#7464 = ( GEOMETRIC_REPRESENTATION_CONTEXT(2) 
PARAMETRIC_REPRESENTATION_CONTEXT() REPRESENTATION_CONTEXT('2D SPACE',''
  ) );
#7465 = ADVANCED_FACE('',(#7466),#6985,.F.);
#7466 = FACE_BOUND('',#7467,.F.);
#7467 = EDGE_LOOP('',(#7468,#7491,#7512,#7513));
#7468 = ORIENTED_EDGE('',*,*,#7469,.T.);
#7469 = EDGE_CURVE('',#7386,#7470,#7472,.T.);
#7470 = VERTEX_POINT('',#7471);
#7471 = CARTESIAN_POINT('',(59.398057706539,-59.11954618136,92.));
#7472 = SURFACE_CURVE('',#7473,(#7477,#7484),.PCURVE_S1.);
#7473 = LINE('',#7474,#7475);
#7474 = CARTESIAN_POINT('',(57.898057706539,-61.71762239271,92.));
#7475 = VECTOR('',#7476,1.);
#7476 = DIRECTION('',(0.5,0.866025403784,0.));
#7477 = PCURVE('',#6985,#7478);
#7478 = DEFINITIONAL_REPRESENTATION('',(#7479),#7483);
#7479 = LINE('',#7480,#7481);
#7480 = CARTESIAN_POINT('',(0.,0.));
#7481 = VECTOR('',#7482,1.);
#7482 = DIRECTION('',(-1.110223024625E-17,-1.));
#7483 = ( GEOMETRIC_REPRESENTATION_CONTEXT(2) 
PARAMETRIC_REPRESENTATION_CONTEXT() REPRESENTATION_CONTEXT('2D SPACE',''
  ) );
#7484 = PCURVE('',#7401,#7485);
#7485 = DEFINITIONAL_REPRESENTATION('',(#7486),#7490);
#7486 = LINE('',#7487,#7488);
#7487 = CARTESIAN_POINT('',(6.324555320337,1.7763568394E-15));
#7488 = VECTOR('',#7489,1.);
#7489 = DIRECTION('',(5.551115123126E-17,-1.));
#7490 = ( GEOMETRIC_REPRESENTATION_CONTEXT(2) 
PARAMETRIC_REPRESENTATION_CONTEXT() REPRESENTATION_CONTEXT('2D SPACE',''
  ) );
#7491 = ORIENTED_EDGE('',*,*,#7492,.F.);
#7492 = EDGE_CURVE('',#6970,#7470,#7493,.T.);
#7493 = SURFACE_CURVE('',#7494,(#7498,#7505),.PCURVE_S1.);
#7494 = LINE('',#7495,#7496);
#7495 = CARTESIAN_POINT('',(62.862159321677,-61.11954618136,80.));
#7496 = VECTOR('',#7497,1.);
#7497 = DIRECTION('',(-0.273861278753,0.158113883008,0.948683298051));
#7498 = PCURVE('',#6985,#7499);
#7499 = DEFINITIONAL_REPRESENTATION('',(#7500),#7504);
#7500 = LINE('',#7501,#7502);
#7501 = CARTESIAN_POINT('',(12.649110640674,-3.));
#7502 = VECTOR('',#7503,1.);
#7503 = DIRECTION('',(-1.,0.));
#7504 = ( GEOMETRIC_REPRESENTATION_CONTEXT(2) 
PARAMETRIC_REPRESENTATION_CONTEXT() REPRESENTATION_CONTEXT('2D SPACE',''
  ) );
#7505 = PCURVE('',#7013,#7506);
#7506 = DEFINITIONAL_REPRESENTATION('',(#7507),#7511);
#7507 = LINE('',#7508,#7509);
#7508 = CARTESIAN_POINT('',(-11.73494880676,-24.44807308593));
#7509 = VECTOR('',#7510,1.);
#7510 = DIRECTION('',(-0.948683298051,0.316227766017));
#7511 = ( GEOMETRIC_REPRESENTATION_CONTEXT(2) 
PARAMETRIC_REPRESENTATION_CONTEXT() REPRESENTATION_CONTEXT('2D SPACE',''
  ) );
#7512 = ORIENTED_EDGE('',*,*,#6969,.F.);
#7513 = ORIENTED_EDGE('',*,*,#7413,.F.);
#7514 = ADVANCED_FACE('',(#7515,#7655),#7013,.T.);
#7515 = FACE_BOUND('',#7516,.T.);
#7516 = EDGE_LOOP('',(#7517,#7540,#7563,#7586,#7609,#7632,#7653,#7654));
#7517 = ORIENTED_EDGE('',*,*,#7518,.T.);
#7518 = EDGE_CURVE('',#6998,#7519,#7521,.T.);
#7519 = VERTEX_POINT('',#7520);
#7520 = CARTESIAN_POINT('',(14.364736709749,-33.11954618136,53.));
#7521 = SURFACE_CURVE('',#7522,(#7526,#7533),.PCURVE_S1.);
#7522 = LINE('',#7523,#7524);
#7523 = CARTESIAN_POINT('',(62.862159321677,-61.11954618136,53.));
#7524 = VECTOR('',#7525,1.);
#7525 = DIRECTION('',(-0.866025403784,0.5,0.));
#7526 = PCURVE('',#7013,#7527);
#7527 = DEFINITIONAL_REPRESENTATION('',(#7528),#7532);
#7528 = LINE('',#7529,#7530);
#7529 = CARTESIAN_POINT('',(15.265051193238,-24.44807308593));
#7530 = VECTOR('',#7531,1.);
#7531 = DIRECTION('',(0.,1.));
#7532 = ( GEOMETRIC_REPRESENTATION_CONTEXT(2) 
PARAMETRIC_REPRESENTATION_CONTEXT() REPRESENTATION_CONTEXT('2D SPACE',''
  ) );
#7533 = PCURVE('',#7039,#7534);
#7534 = DEFINITIONAL_REPRESENTATION('',(#7535),#7539);
#7535 = LINE('',#7536,#7537);
#7536 = CARTESIAN_POINT('',(3.552713678801E-15,20.));
#7537 = VECTOR('',#7538,1.);
#7538 = DIRECTION('',(1.,0.));
#7539 = ( GEOMETRIC_REPRESENTATION_CONTEXT(2) 
PARAMETRIC_REPRESENTATION_CONTEXT() REPRESENTATION_CONTEXT('2D SPACE',''
  ) );
#7540 = ORIENTED_EDGE('',*,*,#7541,.T.);
#7541 = EDGE_CURVE('',#7519,#7542,#7544,.T.);
#7542 = VERTEX_POINT('',#7543);
#7543 = CARTESIAN_POINT('',(14.364736709749,-33.11954618136,67.));
#7544 = SURFACE_CURVE('',#7545,(#7549,#7556),.PCURVE_S1.);
#7545 = LINE('',#7546,#7547);
#7546 = CARTESIAN_POINT('',(14.364736709749,-33.11954618136,53.));
#7547 = VECTOR('',#7548,1.);
#7548 = DIRECTION('',(0.,0.,1.));
#7549 = PCURVE('',#7013,#7550);
#7550 = DEFINITIONAL_REPRESENTATION('',(#7551),#7555);
#7551 = LINE('',#7552,#7553);
#7552 = CARTESIAN_POINT('',(15.265051193238,31.551926914061));
#7553 = VECTOR('',#7554,1.);
#7554 = DIRECTION('',(-1.,0.));
#7555 = ( GEOMETRIC_REPRESENTATION_CONTEXT(2) 
PARAMETRIC_REPRESENTATION_CONTEXT() REPRESENTATION_CONTEXT('2D SPACE',''
  ) );
#7556 = PCURVE('',#7115,#7557);
#7557 = DEFINITIONAL_REPRESENTATION('',(#7558),#7562);
#7558 = LINE('',#7559,#7560);
#7559 = CARTESIAN_POINT('',(3.,-20.));
#7560 = VECTOR('',#7561,1.);
#7561 = DIRECTION('',(1.,0.));
#7562 = ( GEOMETRIC_REPRESENTATION_CONTEXT(2) 
PARAMETRIC_REPRESENTATION_CONTEXT() REPRESENTATION_CONTEXT('2D SPACE',''
  ) );
#7563 = ORIENTED_EDGE('',*,*,#7564,.T.);
#7564 = EDGE_CURVE('',#7542,#7565,#7567,.T.);
#7565 = VERTEX_POINT('',#7566);
#7566 = CARTESIAN_POINT('',(47.273702053557,-52.11954618136,86.));
#7567 = SURFACE_CURVE('',#7568,(#7572,#7579),.PCURVE_S1.);
#7568 = LINE('',#7569,#7570);
#7569 = CARTESIAN_POINT('',(14.364736709749,-33.11954618136,67.));
#7570 = VECTOR('',#7571,1.);
#7571 = DIRECTION('',(0.774596669241,-0.4472135955,0.4472135955));
#7572 = PCURVE('',#7013,#7573);
#7573 = DEFINITIONAL_REPRESENTATION('',(#7574),#7578);
#7574 = LINE('',#7575,#7576);
#7575 = CARTESIAN_POINT('',(1.265051193238,31.551926914061));
#7576 = VECTOR('',#7577,1.);
#7577 = DIRECTION('',(-0.4472135955,-0.894427191));
#7578 = ( GEOMETRIC_REPRESENTATION_CONTEXT(2) 
PARAMETRIC_REPRESENTATION_CONTEXT() REPRESENTATION_CONTEXT('2D SPACE',''
  ) );
#7579 = PCURVE('',#7317,#7580);
#7580 = DEFINITIONAL_REPRESENTATION('',(#7581),#7585);
#7581 = LINE('',#7582,#7583);
#7582 = CARTESIAN_POINT('',(-2.22044604925E-15,-3.));
#7583 = VECTOR('',#7584,1.);
#7584 = DIRECTION('',(1.,-5.551115123126E-17));
#7585 = ( GEOMETRIC_REPRESENTATION_CONTEXT(2) 
PARAMETRIC_REPRESENTATION_CONTEXT() REPRESENTATION_CONTEXT('2D SPACE',''
  ) );
#7586 = ORIENTED_EDGE('',*,*,#7587,.T.);
#7587 = EDGE_CURVE('',#7565,#7588,#7590,.T.);
#7588 = VERTEX_POINT('',#7589);
#7589 = CARTESIAN_POINT('',(49.005752861126,-53.11954618136,92.));
#7590 = SURFACE_CURVE('',#7591,(#7595,#7602),.PCURVE_S1.);
#7591 = LINE('',#7592,#7593);
#7592 = CARTESIAN_POINT('',(47.273702053557,-52.11954618136,86.));
#7593 = VECTOR('',#7594,1.);
#7594 = DIRECTION('',(0.273861278753,-0.158113883008,0.948683298051));
#7595 = PCURVE('',#7013,#7596);
#7596 = DEFINITIONAL_REPRESENTATION('',(#7597),#7601);
#7597 = LINE('',#7598,#7599);
#7598 = CARTESIAN_POINT('',(-17.73494880676,-6.448073085939));
#7599 = VECTOR('',#7600,1.);
#7600 = DIRECTION('',(-0.948683298051,-0.316227766017));
#7601 = ( GEOMETRIC_REPRESENTATION_CONTEXT(2) 
PARAMETRIC_REPRESENTATION_CONTEXT() REPRESENTATION_CONTEXT('2D SPACE',''
  ) );
#7602 = PCURVE('',#7345,#7603);
#7603 = DEFINITIONAL_REPRESENTATION('',(#7604),#7608);
#7604 = LINE('',#7605,#7606);
#7605 = CARTESIAN_POINT('',(2.775557561563E-16,-3.));
#7606 = VECTOR('',#7607,1.);
#7607 = DIRECTION('',(1.,0.));
#7608 = ( GEOMETRIC_REPRESENTATION_CONTEXT(2) 
PARAMETRIC_REPRESENTATION_CONTEXT() REPRESENTATION_CONTEXT('2D SPACE',''
  ) );
#7609 = ORIENTED_EDGE('',*,*,#7610,.T.);
#7610 = EDGE_CURVE('',#7588,#7611,#7613,.T.);
#7611 = VERTEX_POINT('',#7612);
#7612 = CARTESIAN_POINT('',(54.201905283833,-56.11954618136,94.));
#7613 = SURFACE_CURVE('',#7614,(#7618,#7625),.PCURVE_S1.);
#7614 = LINE('',#7615,#7616);
#7615 = CARTESIAN_POINT('',(49.005752861126,-53.11954618136,92.));
#7616 = VECTOR('',#7617,1.);
#7617 = DIRECTION('',(0.821583836258,-0.474341649025,0.316227766017));
#7618 = PCURVE('',#7013,#7619);
#7619 = DEFINITIONAL_REPRESENTATION('',(#7620),#7624);
#7620 = LINE('',#7621,#7622);
#7621 = CARTESIAN_POINT('',(-23.73494880676,-8.448073085939));
#7622 = VECTOR('',#7623,1.);
#7623 = DIRECTION('',(-0.316227766017,-0.948683298051));
#7624 = ( GEOMETRIC_REPRESENTATION_CONTEXT(2) 
PARAMETRIC_REPRESENTATION_CONTEXT() REPRESENTATION_CONTEXT('2D SPACE',''
  ) );
#7625 = PCURVE('',#7373,#7626);
#7626 = DEFINITIONAL_REPRESENTATION('',(#7627),#7631);
#7627 = LINE('',#7628,#7629);
#7628 = CARTESIAN_POINT('',(8.881784197001E-16,-3.));
#7629 = VECTOR('',#7630,1.);
#7630 = DIRECTION('',(1.,-5.551115123126E-17));
#7631 = ( GEOMETRIC_REPRESENTATION_CONTEXT(2) 
PARAMETRIC_REPRESENTATION_CONTEXT() REPRESENTATION_CONTEXT('2D SPACE',''
  ) );
#7632 = ORIENTED_EDGE('',*,*,#7633,.T.);
#7633 = EDGE_CURVE('',#7611,#7470,#7634,.T.);
#7634 = SURFACE_CURVE('',#7635,(#7639,#7646),.PCURVE_S1.);
#7635 = LINE('',#7636,#7637);
#7636 = CARTESIAN_POINT('',(54.201905283833,-56.11954618136,94.));
#7637 = VECTOR('',#7638,1.);
#7638 = DIRECTION('',(0.821583836258,-0.474341649025,-0.316227766017));
#7639 = PCURVE('',#7013,#7640);
#7640 = DEFINITIONAL_REPRESENTATION('',(#7641),#7645);
#7641 = LINE('',#7642,#7643);
#7642 = CARTESIAN_POINT('',(-25.73494880676,-14.44807308593));
#7643 = VECTOR('',#7644,1.);
#7644 = DIRECTION('',(0.316227766017,-0.948683298051));
#7645 = ( GEOMETRIC_REPRESENTATION_CONTEXT(2) 
PARAMETRIC_REPRESENTATION_CONTEXT() REPRESENTATION_CONTEXT('2D SPACE',''
  ) );
#7646 = PCURVE('',#7401,#7647);
#7647 = DEFINITIONAL_REPRESENTATION('',(#7648),#7652);
#7648 = LINE('',#7649,#7650);
#7649 = CARTESIAN_POINT('',(8.881784197001E-16,-3.));
#7650 = VECTOR('',#7651,1.);
#7651 = DIRECTION('',(1.,-5.551115123126E-17));
#7652 = ( GEOMETRIC_REPRESENTATION_CONTEXT(2) 
PARAMETRIC_REPRESENTATION_CONTEXT() REPRESENTATION_CONTEXT('2D SPACE',''
  ) );
#7653 = ORIENTED_EDGE('',*,*,#7492,.F.);
#7654 = ORIENTED_EDGE('',*,*,#6997,.T.);
#7655 = FACE_BOUND('',#7656,.T.);
#7656 = EDGE_LOOP('',(#7657));
#7657 = ORIENTED_EDGE('',*,*,#7658,.F.);
#7658 = EDGE_CURVE('',#7659,#7659,#7661,.T.);
#7659 = VERTEX_POINT('',#7660);
#7660 = CARTESIAN_POINT('',(51.517226532101,-54.56954618136,86.));
#7661 = SURFACE_CURVE('',#7662,(#7667,#7674),.PCURVE_S1.);
#7662 = CIRCLE('',#7663,3.1);
#7663 = AXIS2_PLACEMENT_3D('',#7664,#7665,#7666);
#7664 = CARTESIAN_POINT('',(54.201905283833,-56.11954618136,86.));
#7665 = DIRECTION('',(0.5,0.866025403784,-1.110223024625E-16));
#7666 = DIRECTION('',(-0.866025403784,0.5,0.));
#7667 = PCURVE('',#7013,#7668);
#7668 = DEFINITIONAL_REPRESENTATION('',(#7669),#7673);
#7669 = CIRCLE('',#7670,3.1);
#7670 = AXIS2_PLACEMENT_2D('',#7671,#7672);
#7671 = CARTESIAN_POINT('',(-17.73494880676,-14.44807308593));
#7672 = DIRECTION('',(0.,1.));
#7673 = ( GEOMETRIC_REPRESENTATION_CONTEXT(2) 
PARAMETRIC_REPRESENTATION_CONTEXT() REPRESENTATION_CONTEXT('2D SPACE',''
  ) );
#7674 = PCURVE('',#7454,#7675);
#7675 = DEFINITIONAL_REPRESENTATION('',(#7676),#7680);
#7676 = LINE('',#7677,#7678);
#7677 = CARTESIAN_POINT('',(-6.28318530718,-23.));
#7678 = VECTOR('',#7679,1.);
#7679 = DIRECTION('',(1.,-0.));
#7680 = ( GEOMETRIC_REPRESENTATION_CONTEXT(2) 
PARAMETRIC_REPRESENTATION_CONTEXT() REPRESENTATION_CONTEXT('2D SPACE',''
  ) );
#7681 = ADVANCED_FACE('',(#7682),#7039,.T.);
#7682 = FACE_BOUND('',#7683,.T.);
#7683 = EDGE_LOOP('',(#7684,#7685,#7686,#7707));
#7684 = ORIENTED_EDGE('',*,*,#7025,.F.);
#7685 = ORIENTED_EDGE('',*,*,#7078,.T.);
#7686 = ORIENTED_EDGE('',*,*,#7687,.T.);
#7687 = EDGE_CURVE('',#7079,#7519,#7688,.T.);
#7688 = SURFACE_CURVE('',#7689,(#7693,#7700),.PCURVE_S1.);
#7689 = LINE('',#7690,#7691);
#7690 = CARTESIAN_POINT('',(24.364736709749,-15.79903810567,53.));
#7691 = VECTOR('',#7692,1.);
#7692 = DIRECTION('',(-0.5,-0.866025403784,0.));
#7693 = PCURVE('',#7039,#7694);
#7694 = DEFINITIONAL_REPRESENTATION('',(#7695),#7699);
#7695 = LINE('',#7696,#7697);
#7696 = CARTESIAN_POINT('',(56.,-3.552713678801E-15));
#7697 = VECTOR('',#7698,1.);
#7698 = DIRECTION('',(0.,1.));
#7699 = ( GEOMETRIC_REPRESENTATION_CONTEXT(2) 
PARAMETRIC_REPRESENTATION_CONTEXT() REPRESENTATION_CONTEXT('2D SPACE',''
  ) );
#7700 = PCURVE('',#7115,#7701);
#7701 = DEFINITIONAL_REPRESENTATION('',(#7702),#7706);
#7702 = LINE('',#7703,#7704);
#7703 = CARTESIAN_POINT('',(3.,0.));
#7704 = VECTOR('',#7705,1.);
#7705 = DIRECTION('',(0.,-1.));
#7706 = ( GEOMETRIC_REPRESENTATION_CONTEXT(2) 
PARAMETRIC_REPRESENTATION_CONTEXT() REPRESENTATION_CONTEXT('2D SPACE',''
  ) );
#7707 = ORIENTED_EDGE('',*,*,#7518,.F.);
#7708 = ADVANCED_FACE('',(#7709),#7115,.T.);
#7709 = FACE_BOUND('',#7710,.T.);
#7710 = EDGE_LOOP('',(#7711,#7712,#7713,#7714,#7715,#7716,#7737,#7738));
#7711 = ORIENTED_EDGE('',*,*,#7101,.F.);
#7712 = ORIENTED_EDGE('',*,*,#7132,.T.);
#7713 = ORIENTED_EDGE('',*,*,#7204,.T.);
#7714 = ORIENTED_EDGE('',*,*,#7252,.F.);
#7715 = ORIENTED_EDGE('',*,*,#7278,.T.);
#7716 = ORIENTED_EDGE('',*,*,#7717,.T.);
#7717 = EDGE_CURVE('',#7279,#7542,#7718,.T.);
#7718 = SURFACE_CURVE('',#7719,(#7723,#7730),.PCURVE_S1.);
#7719 = LINE('',#7720,#7721);
#7720 = CARTESIAN_POINT('',(12.864736709749,-35.71762239271,67.));
#7721 = VECTOR('',#7722,1.);
#7722 = DIRECTION('',(0.5,0.866025403784,0.));
#7723 = PCURVE('',#7115,#7724);
#7724 = DEFINITIONAL_REPRESENTATION('',(#7725),#7729);
#7725 = LINE('',#7726,#7727);
#7726 = CARTESIAN_POINT('',(17.,-23.));
#7727 = VECTOR('',#7728,1.);
#7728 = DIRECTION('',(0.,1.));
#7729 = ( GEOMETRIC_REPRESENTATION_CONTEXT(2) 
PARAMETRIC_REPRESENTATION_CONTEXT() REPRESENTATION_CONTEXT('2D SPACE',''
  ) );
#7730 = PCURVE('',#7317,#7731);
#7731 = DEFINITIONAL_REPRESENTATION('',(#7732),#7736);
#7732 = LINE('',#7733,#7734);
#7733 = CARTESIAN_POINT('',(0.,0.));
#7734 = VECTOR('',#7735,1.);
#7735 = DIRECTION('',(6.661338147751E-17,-1.));
#7736 = ( GEOMETRIC_REPRESENTATION_CONTEXT(2) 
PARAMETRIC_REPRESENTATION_CONTEXT() REPRESENTATION_CONTEXT('2D SPACE',''
  ) );
#7737 = ORIENTED_EDGE('',*,*,#7541,.F.);
#7738 = ORIENTED_EDGE('',*,*,#7687,.F.);
#7739 = ADVANCED_FACE('',(#7740),#7317,.F.);
#7740 = FACE_BOUND('',#7741,.F.);
#7741 = EDGE_LOOP('',(#7742,#7743,#7744,#7765));
#7742 = ORIENTED_EDGE('',*,*,#7717,.T.);
#7743 = ORIENTED_EDGE('',*,*,#7564,.T.);
#7744 = ORIENTED_EDGE('',*,*,#7745,.F.);
#7745 = EDGE_CURVE('',#7302,#7565,#7746,.T.);
#7746 = SURFACE_CURVE('',#7747,(#7751,#7758),.PCURVE_S1.);
#7747 = LINE('',#7748,#7749);
#7748 = CARTESIAN_POINT('',(45.773702053557,-54.71762239271,86.));
#7749 = VECTOR('',#7750,1.);
#7750 = DIRECTION('',(0.5,0.866025403784,0.));
#7751 = PCURVE('',#7317,#7752);
#7752 = DEFINITIONAL_REPRESENTATION('',(#7753),#7757);
#7753 = LINE('',#7754,#7755);
#7754 = CARTESIAN_POINT('',(42.485291572496,-7.105427357601E-15));
#7755 = VECTOR('',#7756,1.);
#7756 = DIRECTION('',(6.661338147751E-17,-1.));
#7757 = ( GEOMETRIC_REPRESENTATION_CONTEXT(2) 
PARAMETRIC_REPRESENTATION_CONTEXT() REPRESENTATION_CONTEXT('2D SPACE',''
  ) );
#7758 = PCURVE('',#7345,#7759);
#7759 = DEFINITIONAL_REPRESENTATION('',(#7760),#7764);
#7760 = LINE('',#7761,#7762);
#7761 = CARTESIAN_POINT('',(0.,0.));
#7762 = VECTOR('',#7763,1.);
#7763 = DIRECTION('',(-1.110223024625E-17,-1.));
#7764 = ( GEOMETRIC_REPRESENTATION_CONTEXT(2) 
PARAMETRIC_REPRESENTATION_CONTEXT() REPRESENTATION_CONTEXT('2D SPACE',''
  ) );
#7765 = ORIENTED_EDGE('',*,*,#7301,.F.);
#7766 = ADVANCED_FACE('',(#7767),#7401,.F.);
#7767 = FACE_BOUND('',#7768,.F.);
#7768 = EDGE_LOOP('',(#7769,#7790,#7791,#7792));
#7769 = ORIENTED_EDGE('',*,*,#7770,.T.);
#7770 = EDGE_CURVE('',#7358,#7611,#7771,.T.);
#7771 = SURFACE_CURVE('',#7772,(#7776,#7783),.PCURVE_S1.);
#7772 = LINE('',#7773,#7774);
#7773 = CARTESIAN_POINT('',(52.701905283833,-58.71762239271,94.));
#7774 = VECTOR('',#7775,1.);
#7775 = DIRECTION('',(0.5,0.866025403784,0.));
#7776 = PCURVE('',#7401,#7777);
#7777 = DEFINITIONAL_REPRESENTATION('',(#7778),#7782);
#7778 = LINE('',#7779,#7780);
#7779 = CARTESIAN_POINT('',(0.,0.));
#7780 = VECTOR('',#7781,1.);
#7781 = DIRECTION('',(5.551115123126E-17,-1.));
#7782 = ( GEOMETRIC_REPRESENTATION_CONTEXT(2) 
PARAMETRIC_REPRESENTATION_CONTEXT() REPRESENTATION_CONTEXT('2D SPACE',''
  ) );
#7783 = PCURVE('',#7373,#7784);
#7784 = DEFINITIONAL_REPRESENTATION('',(#7785),#7789);
#7785 = LINE('',#7786,#7787);
#7786 = CARTESIAN_POINT('',(6.324555320337,1.7763568394E-15));
#7787 = VECTOR('',#7788,1.);
#7788 = DIRECTION('',(5.551115123126E-17,-1.));
#7789 = ( GEOMETRIC_REPRESENTATION_CONTEXT(2) 
PARAMETRIC_REPRESENTATION_CONTEXT() REPRESENTATION_CONTEXT('2D SPACE',''
  ) );
#7790 = ORIENTED_EDGE('',*,*,#7633,.T.);
#7791 = ORIENTED_EDGE('',*,*,#7469,.F.);
#7792 = ORIENTED_EDGE('',*,*,#7385,.F.);
#7793 = ADVANCED_FACE('',(#7794),#7345,.F.);
#7794 = FACE_BOUND('',#7795,.F.);
#7795 = EDGE_LOOP('',(#7796,#7797,#7798,#7819));
#7796 = ORIENTED_EDGE('',*,*,#7745,.T.);
#7797 = ORIENTED_EDGE('',*,*,#7587,.T.);
#7798 = ORIENTED_EDGE('',*,*,#7799,.F.);
#7799 = EDGE_CURVE('',#7330,#7588,#7800,.T.);
#7800 = SURFACE_CURVE('',#7801,(#7805,#7812),.PCURVE_S1.);
#7801 = LINE('',#7802,#7803);
#7802 = CARTESIAN_POINT('',(47.505752861126,-55.71762239271,92.));
#7803 = VECTOR('',#7804,1.);
#7804 = DIRECTION('',(0.5,0.866025403784,0.));
#7805 = PCURVE('',#7345,#7806);
#7806 = DEFINITIONAL_REPRESENTATION('',(#7807),#7811);
#7807 = LINE('',#7808,#7809);
#7808 = CARTESIAN_POINT('',(6.324555320337,1.665334536938E-15));
#7809 = VECTOR('',#7810,1.);
#7810 = DIRECTION('',(-1.110223024625E-17,-1.));
#7811 = ( GEOMETRIC_REPRESENTATION_CONTEXT(2) 
PARAMETRIC_REPRESENTATION_CONTEXT() REPRESENTATION_CONTEXT('2D SPACE',''
  ) );
#7812 = PCURVE('',#7373,#7813);
#7813 = DEFINITIONAL_REPRESENTATION('',(#7814),#7818);
#7814 = LINE('',#7815,#7816);
#7815 = CARTESIAN_POINT('',(0.,0.));
#7816 = VECTOR('',#7817,1.);
#7817 = DIRECTION('',(5.551115123126E-17,-1.));
#7818 = ( GEOMETRIC_REPRESENTATION_CONTEXT(2) 
PARAMETRIC_REPRESENTATION_CONTEXT() REPRESENTATION_CONTEXT('2D SPACE',''
  ) );
#7819 = ORIENTED_EDGE('',*,*,#7329,.F.);
#7820 = ADVANCED_FACE('',(#7821),#7373,.F.);
#7821 = FACE_BOUND('',#7822,.F.);
#7822 = EDGE_LOOP('',(#7823,#7824,#7825,#7826));
#7823 = ORIENTED_EDGE('',*,*,#7799,.T.);
#7824 = ORIENTED_EDGE('',*,*,#7610,.T.);
#7825 = ORIENTED_EDGE('',*,*,#7770,.F.);
#7826 = ORIENTED_EDGE('',*,*,#7357,.F.);
#7827 = ADVANCED_FACE('',(#7828),#7454,.F.);
#7828 = FACE_BOUND('',#7829,.T.);
#7829 = EDGE_LOOP('',(#7830,#7831,#7852,#7853));
#7830 = ORIENTED_EDGE('',*,*,#7658,.T.);
#7831 = ORIENTED_EDGE('',*,*,#7832,.T.);
#7832 = EDGE_CURVE('',#7659,#7438,#7833,.T.);
#7833 = SEAM_CURVE('',#7834,(#7838,#7845),.PCURVE_S1.);
#7834 = LINE('',#7835,#7836);
#7835 = CARTESIAN_POINT('',(63.017226532101,-34.65096189432,86.));
#7836 = VECTOR('',#7837,1.);
#7837 = DIRECTION('',(-0.5,-0.866025403784,1.110223024625E-16));
#7838 = PCURVE('',#7454,#7839);
#7839 = DEFINITIONAL_REPRESENTATION('',(#7840),#7844);
#7840 = LINE('',#7841,#7842);
#7841 = CARTESIAN_POINT('',(-6.28318530718,0.));
#7842 = VECTOR('',#7843,1.);
#7843 = DIRECTION('',(-0.,-1.));
#7844 = ( GEOMETRIC_REPRESENTATION_CONTEXT(2) 
PARAMETRIC_REPRESENTATION_CONTEXT() REPRESENTATION_CONTEXT('2D SPACE',''
  ) );
#7845 = PCURVE('',#7454,#7846);
#7846 = DEFINITIONAL_REPRESENTATION('',(#7847),#7851);
#7847 = LINE('',#7848,#7849);
#7848 = CARTESIAN_POINT('',(-0.,0.));
#7849 = VECTOR('',#7850,1.);
#7850 = DIRECTION('',(-0.,-1.));
#7851 = ( GEOMETRIC_REPRESENTATION_CONTEXT(2) 
PARAMETRIC_REPRESENTATION_CONTEXT() REPRESENTATION_CONTEXT('2D SPACE',''
  ) );
#7852 = ORIENTED_EDGE('',*,*,#7437,.F.);
#7853 = ORIENTED_EDGE('',*,*,#7832,.F.);
#7854 = MANIFOLD_SOLID_BREP('',#7855);
#7855 = CLOSED_SHELL('',(#7856,#7976,#8052,#8128,#8293,#8442,#8469,#8496
    ,#8523,#8550,#8557));
#7856 = ADVANCED_FACE('',(#7857),#7871,.F.);
#7857 = FACE_BOUND('',#7858,.F.);
#7858 = EDGE_LOOP('',(#7859,#7894,#7922,#7950));
#7859 = ORIENTED_EDGE('',*,*,#7860,.T.);
#7860 = EDGE_CURVE('',#7861,#7863,#7865,.T.);
#7861 = VERTEX_POINT('',#7862);
#7862 = CARTESIAN_POINT('',(72.862159321677,-43.79903810567,53.));
#7863 = VERTEX_POINT('',#7864);
#7864 = CARTESIAN_POINT('',(74.362159321677,-41.20096189432,53.));
#7865 = SURFACE_CURVE('',#7866,(#7870,#7882),.PCURVE_S1.);
#7866 = LINE('',#7867,#7868);
#7867 = CARTESIAN_POINT('',(72.862159321677,-43.79903810567,53.));
#7868 = VECTOR('',#7869,1.);
#7869 = DIRECTION('',(0.5,0.866025403784,0.));
#7870 = PCURVE('',#7871,#7876);
#7871 = PLANE('',#7872);
#7872 = AXIS2_PLACEMENT_3D('',#7873,#7874,#7875);
#7873 = CARTESIAN_POINT('',(72.862159321677,-43.79903810567,53.));
#7874 = DIRECTION('',(0.,0.,1.));
#7875 = DIRECTION('',(-0.866025403784,0.5,0.));
#7876 = DEFINITIONAL_REPRESENTATION('',(#7877),#7881);
#7877 = LINE('',#7878,#7879);
#7878 = CARTESIAN_POINT('',(0.,0.));
#7879 = VECTOR('',#7880,1.);
#7880 = DIRECTION('',(0.,-1.));
#7881 = ( GEOMETRIC_REPRESENTATION_CONTEXT(2) 
PARAMETRIC_REPRESENTATION_CONTEXT() REPRESENTATION_CONTEXT('2D SPACE',''
  ) );
#7882 = PCURVE('',#7883,#7888);
#7883 = PLANE('',#7884);
#7884 = AXIS2_PLACEMENT_3D('',#7885,#7886,#7887);
#7885 = CARTESIAN_POINT('',(72.862159321677,-43.79903810567,80.));
#7886 = DIRECTION('',(-0.866025403784,0.5,0.));
#7887 = DIRECTION('',(-0.,0.,-1.));
#7888 = DEFINITIONAL_REPRESENTATION('',(#7889),#7893);
#7889 = LINE('',#7890,#7891);
#7890 = CARTESIAN_POINT('',(27.,-0.));
#7891 = VECTOR('',#7892,1.);
#7892 = DIRECTION('',(0.,-1.));
#7893 = ( GEOMETRIC_REPRESENTATION_CONTEXT(2) 
PARAMETRIC_REPRESENTATION_CONTEXT() REPRESENTATION_CONTEXT('2D SPACE',''
  ) );
#7894 = ORIENTED_EDGE('',*,*,#7895,.T.);
#7895 = EDGE_CURVE('',#7863,#7896,#7898,.T.);
#7896 = VERTEX_POINT('',#7897);
#7897 = CARTESIAN_POINT('',(25.864736709749,-13.20096189432,53.));
#7898 = SURFACE_CURVE('',#7899,(#7903,#7910),.PCURVE_S1.);
#7899 = LINE('',#7900,#7901);
#7900 = CARTESIAN_POINT('',(74.362159321677,-41.20096189432,53.));
#7901 = VECTOR('',#7902,1.);
#7902 = DIRECTION('',(-0.866025403784,0.5,0.));
#7903 = PCURVE('',#7871,#7904);
#7904 = DEFINITIONAL_REPRESENTATION('',(#7905),#7909);
#7905 = LINE('',#7906,#7907);
#7906 = CARTESIAN_POINT('',(-8.881784197001E-16,-3.));
#7907 = VECTOR('',#7908,1.);
#7908 = DIRECTION('',(1.,0.));
#7909 = ( GEOMETRIC_REPRESENTATION_CONTEXT(2) 
PARAMETRIC_REPRESENTATION_CONTEXT() REPRESENTATION_CONTEXT('2D SPACE',''
  ) );
#7910 = PCURVE('',#7911,#7916);
#7911 = PLANE('',#7912);
#7912 = AXIS2_PLACEMENT_3D('',#7913,#7914,#7915);
#7913 = CARTESIAN_POINT('',(53.189506955676,-28.97692535135,
    68.265051193238));
#7914 = DIRECTION('',(0.5,0.866025403784,-0.));
#7915 = DIRECTION('',(-0.,0.,-1.));
#7916 = DEFINITIONAL_REPRESENTATION('',(#7917),#7921);
#7917 = LINE('',#7918,#7919);
#7918 = CARTESIAN_POINT('',(15.265051193238,-24.44807308593));
#7919 = VECTOR('',#7920,1.);
#7920 = DIRECTION('',(0.,1.));
#7921 = ( GEOMETRIC_REPRESENTATION_CONTEXT(2) 
PARAMETRIC_REPRESENTATION_CONTEXT() REPRESENTATION_CONTEXT('2D SPACE',''
  ) );
#7922 = ORIENTED_EDGE('',*,*,#7923,.F.);
#7923 = EDGE_CURVE('',#7924,#7896,#7926,.T.);
#7924 = VERTEX_POINT('',#7925);
#7925 = CARTESIAN_POINT('',(24.364736709749,-15.79903810567,53.));
#7926 = SURFACE_CURVE('',#7927,(#7931,#7938),.PCURVE_S1.);
#7927 = LINE('',#7928,#7929);
#7928 = CARTESIAN_POINT('',(24.364736709749,-15.79903810567,53.));
#7929 = VECTOR('',#7930,1.);
#7930 = DIRECTION('',(0.5,0.866025403784,0.));
#7931 = PCURVE('',#7871,#7932);
#7932 = DEFINITIONAL_REPRESENTATION('',(#7933),#7937);
#7933 = LINE('',#7934,#7935);
#7934 = CARTESIAN_POINT('',(56.,-3.552713678801E-15));
#7935 = VECTOR('',#7936,1.);
#7936 = DIRECTION('',(0.,-1.));
#7937 = ( GEOMETRIC_REPRESENTATION_CONTEXT(2) 
PARAMETRIC_REPRESENTATION_CONTEXT() REPRESENTATION_CONTEXT('2D SPACE',''
  ) );
#7938 = PCURVE('',#7939,#7944);
#7939 = PLANE('',#7940);
#7940 = AXIS2_PLACEMENT_3D('',#7941,#7942,#7943);
#7941 = CARTESIAN_POINT('',(24.364736709749,-15.79903810567,53.));
#7942 = DIRECTION('',(0.866025403784,-0.5,0.));
#7943 = DIRECTION('',(0.,0.,1.));
#7944 = DEFINITIONAL_REPRESENTATION('',(#7945),#7949);
#7945 = LINE('',#7946,#7947);
#7946 = CARTESIAN_POINT('',(0.,0.));
#7947 = VECTOR('',#7948,1.);
#7948 = DIRECTION('',(0.,-1.));
#7949 = ( GEOMETRIC_REPRESENTATION_CONTEXT(2) 
PARAMETRIC_REPRESENTATION_CONTEXT() REPRESENTATION_CONTEXT('2D SPACE',''
  ) );
#7950 = ORIENTED_EDGE('',*,*,#7951,.F.);
#7951 = EDGE_CURVE('',#7861,#7924,#7952,.T.);
#7952 = SURFACE_CURVE('',#7953,(#7957,#7964),.PCURVE_S1.);
#7953 = LINE('',#7954,#7955);
#7954 = CARTESIAN_POINT('',(72.862159321677,-43.79903810567,53.));
#7955 = VECTOR('',#7956,1.);
#7956 = DIRECTION('',(-0.866025403784,0.5,0.));
#7957 = PCURVE('',#7871,#7958);
#7958 = DEFINITIONAL_REPRESENTATION('',(#7959),#7963);
#7959 = LINE('',#7960,#7961);
#7960 = CARTESIAN_POINT('',(0.,0.));
#7961 = VECTOR('',#7962,1.);
#7962 = DIRECTION('',(1.,0.));
#7963 = ( GEOMETRIC_REPRESENTATION_CONTEXT(2) 
PARAMETRIC_REPRESENTATION_CONTEXT() REPRESENTATION_CONTEXT('2D SPACE',''
  ) );
#7964 = PCURVE('',#7965,#7970);
#7965 = PLANE('',#7966);
#7966 = AXIS2_PLACEMENT_3D('',#7967,#7968,#7969);
#7967 = CARTESIAN_POINT('',(51.689506955676,-31.5750015627,
    68.265051193238));
#7968 = DIRECTION('',(0.5,0.866025403784,-0.));
#7969 = DIRECTION('',(-0.,0.,-1.));
#7970 = DEFINITIONAL_REPRESENTATION('',(#7971),#7975);
#7971 = LINE('',#7972,#7973);
#7972 = CARTESIAN_POINT('',(15.265051193238,-24.44807308593));
#7973 = VECTOR('',#7974,1.);
#7974 = DIRECTION('',(0.,1.));
#7975 = ( GEOMETRIC_REPRESENTATION_CONTEXT(2) 
PARAMETRIC_REPRESENTATION_CONTEXT() REPRESENTATION_CONTEXT('2D SPACE',''
  ) );
#7976 = ADVANCED_FACE('',(#7977),#7883,.F.);
#7977 = FACE_BOUND('',#7978,.F.);
#7978 = EDGE_LOOP('',(#7979,#8009,#8030,#8031));
#7979 = ORIENTED_EDGE('',*,*,#7980,.T.);
#7980 = EDGE_CURVE('',#7981,#7983,#7985,.T.);
#7981 = VERTEX_POINT('',#7982);
#7982 = CARTESIAN_POINT('',(72.862159321677,-43.79903810567,80.));
#7983 = VERTEX_POINT('',#7984);
#7984 = CARTESIAN_POINT('',(74.362159321677,-41.20096189432,80.));
#7985 = SURFACE_CURVE('',#7986,(#7990,#7997),.PCURVE_S1.);
#7986 = LINE('',#7987,#7988);
#7987 = CARTESIAN_POINT('',(72.862159321677,-43.79903810567,80.));
#7988 = VECTOR('',#7989,1.);
#7989 = DIRECTION('',(0.5,0.866025403784,0.));
#7990 = PCURVE('',#7883,#7991);
#7991 = DEFINITIONAL_REPRESENTATION('',(#7992),#7996);
#7992 = LINE('',#7993,#7994);
#7993 = CARTESIAN_POINT('',(0.,0.));
#7994 = VECTOR('',#7995,1.);
#7995 = DIRECTION('',(0.,-1.));
#7996 = ( GEOMETRIC_REPRESENTATION_CONTEXT(2) 
PARAMETRIC_REPRESENTATION_CONTEXT() REPRESENTATION_CONTEXT('2D SPACE',''
  ) );
#7997 = PCURVE('',#7998,#8003);
#7998 = PLANE('',#7999);
#7999 = AXIS2_PLACEMENT_3D('',#8000,#8001,#8002);
#8000 = CARTESIAN_POINT('',(69.398057706539,-41.79903810567,92.));
#8001 = DIRECTION('',(-0.821583836258,0.474341649025,-0.316227766017));
#8002 = DIRECTION('',(0.273861278753,-0.158113883008,-0.948683298051));
#8003 = DEFINITIONAL_REPRESENTATION('',(#8004),#8008);
#8004 = LINE('',#8005,#8006);
#8005 = CARTESIAN_POINT('',(12.649110640674,-9.992007221626E-15));
#8006 = VECTOR('',#8007,1.);
#8007 = DIRECTION('',(-1.110223024625E-17,-1.));
#8008 = ( GEOMETRIC_REPRESENTATION_CONTEXT(2) 
PARAMETRIC_REPRESENTATION_CONTEXT() REPRESENTATION_CONTEXT('2D SPACE',''
  ) );
#8009 = ORIENTED_EDGE('',*,*,#8010,.T.);
#8010 = EDGE_CURVE('',#7983,#7863,#8011,.T.);
#8011 = SURFACE_CURVE('',#8012,(#8016,#8023),.PCURVE_S1.);
#8012 = LINE('',#8013,#8014);
#8013 = CARTESIAN_POINT('',(74.362159321677,-41.20096189432,80.));
#8014 = VECTOR('',#8015,1.);
#8015 = DIRECTION('',(-0.,0.,-1.));
#8016 = PCURVE('',#7883,#8017);
#8017 = DEFINITIONAL_REPRESENTATION('',(#8018),#8022);
#8018 = LINE('',#8019,#8020);
#8019 = CARTESIAN_POINT('',(0.,-3.));
#8020 = VECTOR('',#8021,1.);
#8021 = DIRECTION('',(1.,-0.));
#8022 = ( GEOMETRIC_REPRESENTATION_CONTEXT(2) 
PARAMETRIC_REPRESENTATION_CONTEXT() REPRESENTATION_CONTEXT('2D SPACE',''
  ) );
#8023 = PCURVE('',#7911,#8024);
#8024 = DEFINITIONAL_REPRESENTATION('',(#8025),#8029);
#8025 = LINE('',#8026,#8027);
#8026 = CARTESIAN_POINT('',(-11.73494880676,-24.44807308593));
#8027 = VECTOR('',#8028,1.);
#8028 = DIRECTION('',(1.,0.));
#8029 = ( GEOMETRIC_REPRESENTATION_CONTEXT(2) 
PARAMETRIC_REPRESENTATION_CONTEXT() REPRESENTATION_CONTEXT('2D SPACE',''
  ) );
#8030 = ORIENTED_EDGE('',*,*,#7860,.F.);
#8031 = ORIENTED_EDGE('',*,*,#8032,.F.);
#8032 = EDGE_CURVE('',#7981,#7861,#8033,.T.);
#8033 = SURFACE_CURVE('',#8034,(#8038,#8045),.PCURVE_S1.);
#8034 = LINE('',#8035,#8036);
#8035 = CARTESIAN_POINT('',(72.862159321677,-43.79903810567,80.));
#8036 = VECTOR('',#8037,1.);
#8037 = DIRECTION('',(-0.,0.,-1.));
#8038 = PCURVE('',#7883,#8039);
#8039 = DEFINITIONAL_REPRESENTATION('',(#8040),#8044);
#8040 = LINE('',#8041,#8042);
#8041 = CARTESIAN_POINT('',(0.,0.));
#8042 = VECTOR('',#8043,1.);
#8043 = DIRECTION('',(1.,-0.));
#8044 = ( GEOMETRIC_REPRESENTATION_CONTEXT(2) 
PARAMETRIC_REPRESENTATION_CONTEXT() REPRESENTATION_CONTEXT('2D SPACE',''
  ) );
#8045 = PCURVE('',#7965,#8046);
#8046 = DEFINITIONAL_REPRESENTATION('',(#8047),#8051);
#8047 = LINE('',#8048,#8049);
#8048 = CARTESIAN_POINT('',(-11.73494880676,-24.44807308593));
#8049 = VECTOR('',#8050,1.);
#8050 = DIRECTION('',(1.,0.));
#8051 = ( GEOMETRIC_REPRESENTATION_CONTEXT(2) 
PARAMETRIC_REPRESENTATION_CONTEXT() REPRESENTATION_CONTEXT('2D SPACE',''
  ) );
#8052 = ADVANCED_FACE('',(#8053),#7939,.F.);
#8053 = FACE_BOUND('',#8054,.F.);
#8054 = EDGE_LOOP('',(#8055,#8056,#8079,#8107));
#8055 = ORIENTED_EDGE('',*,*,#7923,.T.);
#8056 = ORIENTED_EDGE('',*,*,#8057,.T.);
#8057 = EDGE_CURVE('',#7896,#8058,#8060,.T.);
#8058 = VERTEX_POINT('',#8059);
#8059 = CARTESIAN_POINT('',(25.864736709749,-13.20096189432,67.));
#8060 = SURFACE_CURVE('',#8061,(#8065,#8072),.PCURVE_S1.);
#8061 = LINE('',#8062,#8063);
#8062 = CARTESIAN_POINT('',(25.864736709749,-13.20096189432,53.));
#8063 = VECTOR('',#8064,1.);
#8064 = DIRECTION('',(0.,0.,1.));
#8065 = PCURVE('',#7939,#8066);
#8066 = DEFINITIONAL_REPRESENTATION('',(#8067),#8071);
#8067 = LINE('',#8068,#8069);
#8068 = CARTESIAN_POINT('',(0.,-3.));
#8069 = VECTOR('',#8070,1.);
#8070 = DIRECTION('',(1.,0.));
#8071 = ( GEOMETRIC_REPRESENTATION_CONTEXT(2) 
PARAMETRIC_REPRESENTATION_CONTEXT() REPRESENTATION_CONTEXT('2D SPACE',''
  ) );
#8072 = PCURVE('',#7911,#8073);
#8073 = DEFINITIONAL_REPRESENTATION('',(#8074),#8078);
#8074 = LINE('',#8075,#8076);
#8075 = CARTESIAN_POINT('',(15.265051193238,31.551926914061));
#8076 = VECTOR('',#8077,1.);
#8077 = DIRECTION('',(-1.,0.));
#8078 = ( GEOMETRIC_REPRESENTATION_CONTEXT(2) 
PARAMETRIC_REPRESENTATION_CONTEXT() REPRESENTATION_CONTEXT('2D SPACE',''
  ) );
#8079 = ORIENTED_EDGE('',*,*,#8080,.F.);
#8080 = EDGE_CURVE('',#8081,#8058,#8083,.T.);
#8081 = VERTEX_POINT('',#8082);
#8082 = CARTESIAN_POINT('',(24.364736709749,-15.79903810567,67.));
#8083 = SURFACE_CURVE('',#8084,(#8088,#8095),.PCURVE_S1.);
#8084 = LINE('',#8085,#8086);
#8085 = CARTESIAN_POINT('',(24.364736709749,-15.79903810567,67.));
#8086 = VECTOR('',#8087,1.);
#8087 = DIRECTION('',(0.5,0.866025403784,0.));
#8088 = PCURVE('',#7939,#8089);
#8089 = DEFINITIONAL_REPRESENTATION('',(#8090),#8094);
#8090 = LINE('',#8091,#8092);
#8091 = CARTESIAN_POINT('',(14.,0.));
#8092 = VECTOR('',#8093,1.);
#8093 = DIRECTION('',(0.,-1.));
#8094 = ( GEOMETRIC_REPRESENTATION_CONTEXT(2) 
PARAMETRIC_REPRESENTATION_CONTEXT() REPRESENTATION_CONTEXT('2D SPACE',''
  ) );
#8095 = PCURVE('',#8096,#8101);
#8096 = PLANE('',#8097);
#8097 = AXIS2_PLACEMENT_3D('',#8098,#8099,#8100);
#8098 = CARTESIAN_POINT('',(24.364736709749,-15.79903810567,67.));
#8099 = DIRECTION('',(0.387298334621,-0.22360679775,-0.894427191));
#8100 = DIRECTION('',(0.774596669241,-0.4472135955,0.4472135955));
#8101 = DEFINITIONAL_REPRESENTATION('',(#8102),#8106);
#8102 = LINE('',#8103,#8104);
#8103 = CARTESIAN_POINT('',(0.,0.));
#8104 = VECTOR('',#8105,1.);
#8105 = DIRECTION('',(6.661338147751E-17,-1.));
#8106 = ( GEOMETRIC_REPRESENTATION_CONTEXT(2) 
PARAMETRIC_REPRESENTATION_CONTEXT() REPRESENTATION_CONTEXT('2D SPACE',''
  ) );
#8107 = ORIENTED_EDGE('',*,*,#8108,.F.);
#8108 = EDGE_CURVE('',#7924,#8081,#8109,.T.);
#8109 = SURFACE_CURVE('',#8110,(#8114,#8121),.PCURVE_S1.);
#8110 = LINE('',#8111,#8112);
#8111 = CARTESIAN_POINT('',(24.364736709749,-15.79903810567,53.));
#8112 = VECTOR('',#8113,1.);
#8113 = DIRECTION('',(0.,0.,1.));
#8114 = PCURVE('',#7939,#8115);
#8115 = DEFINITIONAL_REPRESENTATION('',(#8116),#8120);
#8116 = LINE('',#8117,#8118);
#8117 = CARTESIAN_POINT('',(0.,0.));
#8118 = VECTOR('',#8119,1.);
#8119 = DIRECTION('',(1.,0.));
#8120 = ( GEOMETRIC_REPRESENTATION_CONTEXT(2) 
PARAMETRIC_REPRESENTATION_CONTEXT() REPRESENTATION_CONTEXT('2D SPACE',''
  ) );
#8121 = PCURVE('',#7965,#8122);
#8122 = DEFINITIONAL_REPRESENTATION('',(#8123),#8127);
#8123 = LINE('',#8124,#8125);
#8124 = CARTESIAN_POINT('',(15.265051193238,31.551926914061));
#8125 = VECTOR('',#8126,1.);
#8126 = DIRECTION('',(-1.,0.));
#8127 = ( GEOMETRIC_REPRESENTATION_CONTEXT(2) 
PARAMETRIC_REPRESENTATION_CONTEXT() REPRESENTATION_CONTEXT('2D SPACE',''
  ) );
#8128 = ADVANCED_FACE('',(#8129,#8262),#7965,.F.);
#8129 = FACE_BOUND('',#8130,.F.);
#8130 = EDGE_LOOP('',(#8131,#8132,#8133,#8156,#8184,#8212,#8240,#8261));
#8131 = ORIENTED_EDGE('',*,*,#7951,.T.);
#8132 = ORIENTED_EDGE('',*,*,#8108,.T.);
#8133 = ORIENTED_EDGE('',*,*,#8134,.T.);
#8134 = EDGE_CURVE('',#8081,#8135,#8137,.T.);
#8135 = VERTEX_POINT('',#8136);
#8136 = CARTESIAN_POINT('',(57.273702053557,-34.79903810567,86.));
#8137 = SURFACE_CURVE('',#8138,(#8142,#8149),.PCURVE_S1.);
#8138 = LINE('',#8139,#8140);
#8139 = CARTESIAN_POINT('',(24.364736709749,-15.79903810567,67.));
#8140 = VECTOR('',#8141,1.);
#8141 = DIRECTION('',(0.774596669241,-0.4472135955,0.4472135955));
#8142 = PCURVE('',#7965,#8143);
#8143 = DEFINITIONAL_REPRESENTATION('',(#8144),#8148);
#8144 = LINE('',#8145,#8146);
#8145 = CARTESIAN_POINT('',(1.265051193238,31.551926914061));
#8146 = VECTOR('',#8147,1.);
#8147 = DIRECTION('',(-0.4472135955,-0.894427191));
#8148 = ( GEOMETRIC_REPRESENTATION_CONTEXT(2) 
PARAMETRIC_REPRESENTATION_CONTEXT() REPRESENTATION_CONTEXT('2D SPACE',''
  ) );
#8149 = PCURVE('',#8096,#8150);
#8150 = DEFINITIONAL_REPRESENTATION('',(#8151),#8155);
#8151 = LINE('',#8152,#8153);
#8152 = CARTESIAN_POINT('',(0.,0.));
#8153 = VECTOR('',#8154,1.);
#8154 = DIRECTION('',(1.,-5.551115123126E-17));
#8155 = ( GEOMETRIC_REPRESENTATION_CONTEXT(2) 
PARAMETRIC_REPRESENTATION_CONTEXT() REPRESENTATION_CONTEXT('2D SPACE',''
  ) );
#8156 = ORIENTED_EDGE('',*,*,#8157,.T.);
#8157 = EDGE_CURVE('',#8135,#8158,#8160,.T.);
#8158 = VERTEX_POINT('',#8159);
#8159 = CARTESIAN_POINT('',(59.005752861126,-35.79903810567,92.));
#8160 = SURFACE_CURVE('',#8161,(#8165,#8172),.PCURVE_S1.);
#8161 = LINE('',#8162,#8163);
#8162 = CARTESIAN_POINT('',(57.273702053557,-34.79903810567,86.));
#8163 = VECTOR('',#8164,1.);
#8164 = DIRECTION('',(0.273861278753,-0.158113883008,0.948683298051));
#8165 = PCURVE('',#7965,#8166);
#8166 = DEFINITIONAL_REPRESENTATION('',(#8167),#8171);
#8167 = LINE('',#8168,#8169);
#8168 = CARTESIAN_POINT('',(-17.73494880676,-6.448073085939));
#8169 = VECTOR('',#8170,1.);
#8170 = DIRECTION('',(-0.948683298051,-0.316227766017));
#8171 = ( GEOMETRIC_REPRESENTATION_CONTEXT(2) 
PARAMETRIC_REPRESENTATION_CONTEXT() REPRESENTATION_CONTEXT('2D SPACE',''
  ) );
#8172 = PCURVE('',#8173,#8178);
#8173 = PLANE('',#8174);
#8174 = AXIS2_PLACEMENT_3D('',#8175,#8176,#8177);
#8175 = CARTESIAN_POINT('',(57.273702053557,-34.79903810567,86.));
#8176 = DIRECTION('',(0.821583836258,-0.474341649025,-0.316227766017));
#8177 = DIRECTION('',(0.273861278753,-0.158113883008,0.948683298051));
#8178 = DEFINITIONAL_REPRESENTATION('',(#8179),#8183);
#8179 = LINE('',#8180,#8181);
#8180 = CARTESIAN_POINT('',(0.,0.));
#8181 = VECTOR('',#8182,1.);
#8182 = DIRECTION('',(1.,0.));
#8183 = ( GEOMETRIC_REPRESENTATION_CONTEXT(2) 
PARAMETRIC_REPRESENTATION_CONTEXT() REPRESENTATION_CONTEXT('2D SPACE',''
  ) );
#8184 = ORIENTED_EDGE('',*,*,#8185,.T.);
#8185 = EDGE_CURVE('',#8158,#8186,#8188,.T.);
#8186 = VERTEX_POINT('',#8187);
#8187 = CARTESIAN_POINT('',(64.201905283833,-38.79903810567,94.));
#8188 = SURFACE_CURVE('',#8189,(#8193,#8200),.PCURVE_S1.);
#8189 = LINE('',#8190,#8191);
#8190 = CARTESIAN_POINT('',(59.005752861126,-35.79903810567,92.));
#8191 = VECTOR('',#8192,1.);
#8192 = DIRECTION('',(0.821583836258,-0.474341649025,0.316227766017));
#8193 = PCURVE('',#7965,#8194);
#8194 = DEFINITIONAL_REPRESENTATION('',(#8195),#8199);
#8195 = LINE('',#8196,#8197);
#8196 = CARTESIAN_POINT('',(-23.73494880676,-8.448073085939));
#8197 = VECTOR('',#8198,1.);
#8198 = DIRECTION('',(-0.316227766017,-0.948683298051));
#8199 = ( GEOMETRIC_REPRESENTATION_CONTEXT(2) 
PARAMETRIC_REPRESENTATION_CONTEXT() REPRESENTATION_CONTEXT('2D SPACE',''
  ) );
#8200 = PCURVE('',#8201,#8206);
#8201 = PLANE('',#8202);
#8202 = AXIS2_PLACEMENT_3D('',#8203,#8204,#8205);
#8203 = CARTESIAN_POINT('',(59.005752861126,-35.79903810567,92.));
#8204 = DIRECTION('',(0.273861278753,-0.158113883008,-0.948683298051));
#8205 = DIRECTION('',(0.821583836258,-0.474341649025,0.316227766017));
#8206 = DEFINITIONAL_REPRESENTATION('',(#8207),#8211);
#8207 = LINE('',#8208,#8209);
#8208 = CARTESIAN_POINT('',(0.,0.));
#8209 = VECTOR('',#8210,1.);
#8210 = DIRECTION('',(1.,-5.551115123126E-17));
#8211 = ( GEOMETRIC_REPRESENTATION_CONTEXT(2) 
PARAMETRIC_REPRESENTATION_CONTEXT() REPRESENTATION_CONTEXT('2D SPACE',''
  ) );
#8212 = ORIENTED_EDGE('',*,*,#8213,.T.);
#8213 = EDGE_CURVE('',#8186,#8214,#8216,.T.);
#8214 = VERTEX_POINT('',#8215);
#8215 = CARTESIAN_POINT('',(69.398057706539,-41.79903810567,92.));
#8216 = SURFACE_CURVE('',#8217,(#8221,#8228),.PCURVE_S1.);
#8217 = LINE('',#8218,#8219);
#8218 = CARTESIAN_POINT('',(64.201905283833,-38.79903810567,94.));
#8219 = VECTOR('',#8220,1.);
#8220 = DIRECTION('',(0.821583836258,-0.474341649025,-0.316227766017));
#8221 = PCURVE('',#7965,#8222);
#8222 = DEFINITIONAL_REPRESENTATION('',(#8223),#8227);
#8223 = LINE('',#8224,#8225);
#8224 = CARTESIAN_POINT('',(-25.73494880676,-14.44807308593));
#8225 = VECTOR('',#8226,1.);
#8226 = DIRECTION('',(0.316227766017,-0.948683298051));
#8227 = ( GEOMETRIC_REPRESENTATION_CONTEXT(2) 
PARAMETRIC_REPRESENTATION_CONTEXT() REPRESENTATION_CONTEXT('2D SPACE',''
  ) );
#8228 = PCURVE('',#8229,#8234);
#8229 = PLANE('',#8230);
#8230 = AXIS2_PLACEMENT_3D('',#8231,#8232,#8233);
#8231 = CARTESIAN_POINT('',(64.201905283833,-38.79903810567,94.));
#8232 = DIRECTION('',(-0.273861278753,0.158113883008,-0.948683298051));
#8233 = DIRECTION('',(0.821583836258,-0.474341649025,-0.316227766017));
#8234 = DEFINITIONAL_REPRESENTATION('',(#8235),#8239);
#8235 = LINE('',#8236,#8237);
#8236 = CARTESIAN_POINT('',(0.,0.));
#8237 = VECTOR('',#8238,1.);
#8238 = DIRECTION('',(1.,-5.551115123126E-17));
#8239 = ( GEOMETRIC_REPRESENTATION_CONTEXT(2) 
PARAMETRIC_REPRESENTATION_CONTEXT() REPRESENTATION_CONTEXT('2D SPACE',''
  ) );
#8240 = ORIENTED_EDGE('',*,*,#8241,.T.);
#8241 = EDGE_CURVE('',#8214,#7981,#8242,.T.);
#8242 = SURFACE_CURVE('',#8243,(#8247,#8254),.PCURVE_S1.);
#8243 = LINE('',#8244,#8245);
#8244 = CARTESIAN_POINT('',(69.398057706539,-41.79903810567,92.));
#8245 = VECTOR('',#8246,1.);
#8246 = DIRECTION('',(0.273861278753,-0.158113883008,-0.948683298051));
#8247 = PCURVE('',#7965,#8248);
#8248 = DEFINITIONAL_REPRESENTATION('',(#8249),#8253);
#8249 = LINE('',#8250,#8251);
#8250 = CARTESIAN_POINT('',(-23.73494880676,-20.44807308593));
#8251 = VECTOR('',#8252,1.);
#8252 = DIRECTION('',(0.948683298051,-0.316227766017));
#8253 = ( GEOMETRIC_REPRESENTATION_CONTEXT(2) 
PARAMETRIC_REPRESENTATION_CONTEXT() REPRESENTATION_CONTEXT('2D SPACE',''
  ) );
#8254 = PCURVE('',#7998,#8255);
#8255 = DEFINITIONAL_REPRESENTATION('',(#8256),#8260);
#8256 = LINE('',#8257,#8258);
#8257 = CARTESIAN_POINT('',(0.,0.));
#8258 = VECTOR('',#8259,1.);
#8259 = DIRECTION('',(1.,0.));
#8260 = ( GEOMETRIC_REPRESENTATION_CONTEXT(2) 
PARAMETRIC_REPRESENTATION_CONTEXT() REPRESENTATION_CONTEXT('2D SPACE',''
  ) );
#8261 = ORIENTED_EDGE('',*,*,#8032,.T.);
#8262 = FACE_BOUND('',#8263,.F.);
#8263 = EDGE_LOOP('',(#8264));
#8264 = ORIENTED_EDGE('',*,*,#8265,.F.);
#8265 = EDGE_CURVE('',#8266,#8266,#8268,.T.);
#8266 = VERTEX_POINT('',#8267);
#8267 = CARTESIAN_POINT('',(61.517226532101,-37.24903810567,86.));
#8268 = SURFACE_CURVE('',#8269,(#8274,#8281),.PCURVE_S1.);
#8269 = CIRCLE('',#8270,3.1);
#8270 = AXIS2_PLACEMENT_3D('',#8271,#8272,#8273);
#8271 = CARTESIAN_POINT('',(64.201905283833,-38.79903810567,86.));
#8272 = DIRECTION('',(0.5,0.866025403784,-1.110223024625E-16));
#8273 = DIRECTION('',(-0.866025403784,0.5,0.));
#8274 = PCURVE('',#7965,#8275);
#8275 = DEFINITIONAL_REPRESENTATION('',(#8276),#8280);
#8276 = CIRCLE('',#8277,3.1);
#8277 = AXIS2_PLACEMENT_2D('',#8278,#8279);
#8278 = CARTESIAN_POINT('',(-17.73494880676,-14.44807308593));
#8279 = DIRECTION('',(0.,1.));
#8280 = ( GEOMETRIC_REPRESENTATION_CONTEXT(2) 
PARAMETRIC_REPRESENTATION_CONTEXT() REPRESENTATION_CONTEXT('2D SPACE',''
  ) );
#8281 = PCURVE('',#8282,#8287);
#8282 = CYLINDRICAL_SURFACE('',#8283,3.1);
#8283 = AXIS2_PLACEMENT_3D('',#8284,#8285,#8286);
#8284 = CARTESIAN_POINT('',(65.701905283833,-36.20096189432,86.));
#8285 = DIRECTION('',(0.5,0.866025403784,-1.110223024625E-16));
#8286 = DIRECTION('',(-0.866025403784,0.5,0.));
#8287 = DEFINITIONAL_REPRESENTATION('',(#8288),#8292);
#8288 = LINE('',#8289,#8290);
#8289 = CARTESIAN_POINT('',(-6.28318530718,-3.));
#8290 = VECTOR('',#8291,1.);
#8291 = DIRECTION('',(1.,-0.));
#8292 = ( GEOMETRIC_REPRESENTATION_CONTEXT(2) 
PARAMETRIC_REPRESENTATION_CONTEXT() REPRESENTATION_CONTEXT('2D SPACE',''
  ) );
#8293 = ADVANCED_FACE('',(#8294,#8412),#7911,.T.);
#8294 = FACE_BOUND('',#8295,.T.);
#8295 = EDGE_LOOP('',(#8296,#8297,#8298,#8321,#8344,#8367,#8390,#8411));
#8296 = ORIENTED_EDGE('',*,*,#7895,.T.);
#8297 = ORIENTED_EDGE('',*,*,#8057,.T.);
#8298 = ORIENTED_EDGE('',*,*,#8299,.T.);
#8299 = EDGE_CURVE('',#8058,#8300,#8302,.T.);
#8300 = VERTEX_POINT('',#8301);
#8301 = CARTESIAN_POINT('',(58.773702053557,-32.20096189432,86.));
#8302 = SURFACE_CURVE('',#8303,(#8307,#8314),.PCURVE_S1.);
#8303 = LINE('',#8304,#8305);
#8304 = CARTESIAN_POINT('',(25.864736709749,-13.20096189432,67.));
#8305 = VECTOR('',#8306,1.);
#8306 = DIRECTION('',(0.774596669241,-0.4472135955,0.4472135955));
#8307 = PCURVE('',#7911,#8308);
#8308 = DEFINITIONAL_REPRESENTATION('',(#8309),#8313);
#8309 = LINE('',#8310,#8311);
#8310 = CARTESIAN_POINT('',(1.265051193238,31.551926914061));
#8311 = VECTOR('',#8312,1.);
#8312 = DIRECTION('',(-0.4472135955,-0.894427191));
#8313 = ( GEOMETRIC_REPRESENTATION_CONTEXT(2) 
PARAMETRIC_REPRESENTATION_CONTEXT() REPRESENTATION_CONTEXT('2D SPACE',''
  ) );
#8314 = PCURVE('',#8096,#8315);
#8315 = DEFINITIONAL_REPRESENTATION('',(#8316),#8320);
#8316 = LINE('',#8317,#8318);
#8317 = CARTESIAN_POINT('',(-1.998401444325E-15,-3.));
#8318 = VECTOR('',#8319,1.);
#8319 = DIRECTION('',(1.,-5.551115123126E-17));
#8320 = ( GEOMETRIC_REPRESENTATION_CONTEXT(2) 
PARAMETRIC_REPRESENTATION_CONTEXT() REPRESENTATION_CONTEXT('2D SPACE',''
  ) );
#8321 = ORIENTED_EDGE('',*,*,#8322,.T.);
#8322 = EDGE_CURVE('',#8300,#8323,#8325,.T.);
#8323 = VERTEX_POINT('',#8324);
#8324 = CARTESIAN_POINT('',(60.505752861126,-33.20096189432,92.));
#8325 = SURFACE_CURVE('',#8326,(#8330,#8337),.PCURVE_S1.);
#8326 = LINE('',#8327,#8328);
#8327 = CARTESIAN_POINT('',(58.773702053557,-32.20096189432,86.));
#8328 = VECTOR('',#8329,1.);
#8329 = DIRECTION('',(0.273861278753,-0.158113883008,0.948683298051));
#8330 = PCURVE('',#7911,#8331);
#8331 = DEFINITIONAL_REPRESENTATION('',(#8332),#8336);
#8332 = LINE('',#8333,#8334);
#8333 = CARTESIAN_POINT('',(-17.73494880676,-6.448073085939));
#8334 = VECTOR('',#8335,1.);
#8335 = DIRECTION('',(-0.948683298051,-0.316227766017));
#8336 = ( GEOMETRIC_REPRESENTATION_CONTEXT(2) 
PARAMETRIC_REPRESENTATION_CONTEXT() REPRESENTATION_CONTEXT('2D SPACE',''
  ) );
#8337 = PCURVE('',#8173,#8338);
#8338 = DEFINITIONAL_REPRESENTATION('',(#8339),#8343);
#8339 = LINE('',#8340,#8341);
#8340 = CARTESIAN_POINT('',(2.775557561563E-16,-3.));
#8341 = VECTOR('',#8342,1.);
#8342 = DIRECTION('',(1.,0.));
#8343 = ( GEOMETRIC_REPRESENTATION_CONTEXT(2) 
PARAMETRIC_REPRESENTATION_CONTEXT() REPRESENTATION_CONTEXT('2D SPACE',''
  ) );
#8344 = ORIENTED_EDGE('',*,*,#8345,.T.);
#8345 = EDGE_CURVE('',#8323,#8346,#8348,.T.);
#8346 = VERTEX_POINT('',#8347);
#8347 = CARTESIAN_POINT('',(65.701905283833,-36.20096189432,94.));
#8348 = SURFACE_CURVE('',#8349,(#8353,#8360),.PCURVE_S1.);
#8349 = LINE('',#8350,#8351);
#8350 = CARTESIAN_POINT('',(60.505752861126,-33.20096189432,92.));
#8351 = VECTOR('',#8352,1.);
#8352 = DIRECTION('',(0.821583836258,-0.474341649025,0.316227766017));
#8353 = PCURVE('',#7911,#8354);
#8354 = DEFINITIONAL_REPRESENTATION('',(#8355),#8359);
#8355 = LINE('',#8356,#8357);
#8356 = CARTESIAN_POINT('',(-23.73494880676,-8.448073085939));
#8357 = VECTOR('',#8358,1.);
#8358 = DIRECTION('',(-0.316227766017,-0.948683298051));
#8359 = ( GEOMETRIC_REPRESENTATION_CONTEXT(2) 
PARAMETRIC_REPRESENTATION_CONTEXT() REPRESENTATION_CONTEXT('2D SPACE',''
  ) );
#8360 = PCURVE('',#8201,#8361);
#8361 = DEFINITIONAL_REPRESENTATION('',(#8362),#8366);
#8362 = LINE('',#8363,#8364);
#8363 = CARTESIAN_POINT('',(8.881784197001E-16,-3.));
#8364 = VECTOR('',#8365,1.);
#8365 = DIRECTION('',(1.,-5.551115123126E-17));
#8366 = ( GEOMETRIC_REPRESENTATION_CONTEXT(2) 
PARAMETRIC_REPRESENTATION_CONTEXT() REPRESENTATION_CONTEXT('2D SPACE',''
  ) );
#8367 = ORIENTED_EDGE('',*,*,#8368,.T.);
#8368 = EDGE_CURVE('',#8346,#8369,#8371,.T.);
#8369 = VERTEX_POINT('',#8370);
#8370 = CARTESIAN_POINT('',(70.898057706539,-39.20096189432,92.));
#8371 = SURFACE_CURVE('',#8372,(#8376,#8383),.PCURVE_S1.);
#8372 = LINE('',#8373,#8374);
#8373 = CARTESIAN_POINT('',(65.701905283833,-36.20096189432,94.));
#8374 = VECTOR('',#8375,1.);
#8375 = DIRECTION('',(0.821583836258,-0.474341649025,-0.316227766017));
#8376 = PCURVE('',#7911,#8377);
#8377 = DEFINITIONAL_REPRESENTATION('',(#8378),#8382);
#8378 = LINE('',#8379,#8380);
#8379 = CARTESIAN_POINT('',(-25.73494880676,-14.44807308593));
#8380 = VECTOR('',#8381,1.);
#8381 = DIRECTION('',(0.316227766017,-0.948683298051));
#8382 = ( GEOMETRIC_REPRESENTATION_CONTEXT(2) 
PARAMETRIC_REPRESENTATION_CONTEXT() REPRESENTATION_CONTEXT('2D SPACE',''
  ) );
#8383 = PCURVE('',#8229,#8384);
#8384 = DEFINITIONAL_REPRESENTATION('',(#8385),#8389);
#8385 = LINE('',#8386,#8387);
#8386 = CARTESIAN_POINT('',(8.881784197001E-16,-3.));
#8387 = VECTOR('',#8388,1.);
#8388 = DIRECTION('',(1.,-5.551115123126E-17));
#8389 = ( GEOMETRIC_REPRESENTATION_CONTEXT(2) 
PARAMETRIC_REPRESENTATION_CONTEXT() REPRESENTATION_CONTEXT('2D SPACE',''
  ) );
#8390 = ORIENTED_EDGE('',*,*,#8391,.F.);
#8391 = EDGE_CURVE('',#7983,#8369,#8392,.T.);
#8392 = SURFACE_CURVE('',#8393,(#8397,#8404),.PCURVE_S1.);
#8393 = LINE('',#8394,#8395);
#8394 = CARTESIAN_POINT('',(74.362159321677,-41.20096189432,80.));
#8395 = VECTOR('',#8396,1.);
#8396 = DIRECTION('',(-0.273861278753,0.158113883008,0.948683298051));
#8397 = PCURVE('',#7911,#8398);
#8398 = DEFINITIONAL_REPRESENTATION('',(#8399),#8403);
#8399 = LINE('',#8400,#8401);
#8400 = CARTESIAN_POINT('',(-11.73494880676,-24.44807308593));
#8401 = VECTOR('',#8402,1.);
#8402 = DIRECTION('',(-0.948683298051,0.316227766017));
#8403 = ( GEOMETRIC_REPRESENTATION_CONTEXT(2) 
PARAMETRIC_REPRESENTATION_CONTEXT() REPRESENTATION_CONTEXT('2D SPACE',''
  ) );
#8404 = PCURVE('',#7998,#8405);
#8405 = DEFINITIONAL_REPRESENTATION('',(#8406),#8410);
#8406 = LINE('',#8407,#8408);
#8407 = CARTESIAN_POINT('',(12.649110640674,-3.));
#8408 = VECTOR('',#8409,1.);
#8409 = DIRECTION('',(-1.,0.));
#8410 = ( GEOMETRIC_REPRESENTATION_CONTEXT(2) 
PARAMETRIC_REPRESENTATION_CONTEXT() REPRESENTATION_CONTEXT('2D SPACE',''
  ) );
#8411 = ORIENTED_EDGE('',*,*,#8010,.T.);
#8412 = FACE_BOUND('',#8413,.T.);
#8413 = EDGE_LOOP('',(#8414));
#8414 = ORIENTED_EDGE('',*,*,#8415,.T.);
#8415 = EDGE_CURVE('',#8416,#8416,#8418,.T.);
#8416 = VERTEX_POINT('',#8417);
#8417 = CARTESIAN_POINT('',(63.017226532101,-34.65096189432,86.));
#8418 = SURFACE_CURVE('',#8419,(#8424,#8435),.PCURVE_S1.);
#8419 = CIRCLE('',#8420,3.1);
#8420 = AXIS2_PLACEMENT_3D('',#8421,#8422,#8423);
#8421 = CARTESIAN_POINT('',(65.701905283833,-36.20096189432,86.));
#8422 = DIRECTION('',(-0.5,-0.866025403784,1.110223024625E-16));
#8423 = DIRECTION('',(-0.866025403784,0.5,0.));
#8424 = PCURVE('',#7911,#8425);
#8425 = DEFINITIONAL_REPRESENTATION('',(#8426),#8434);
#8426 = ( BOUNDED_CURVE() B_SPLINE_CURVE(2,(#8427,#8428,#8429,#8430,
#8431,#8432,#8433),.UNSPECIFIED.,.T.,.F.) B_SPLINE_CURVE_WITH_KNOTS((1,2
    ,2,2,2,1),(-2.094395102393,0.,2.094395102393,4.188790204786,
6.28318530718,8.377580409573),.UNSPECIFIED.) CURVE() 
GEOMETRIC_REPRESENTATION_ITEM() RATIONAL_B_SPLINE_CURVE((1.,0.5,1.,0.5,
1.,0.5,1.)) REPRESENTATION_ITEM('') );
#8427 = CARTESIAN_POINT('',(-17.73494880676,-11.34807308593));
#8428 = CARTESIAN_POINT('',(-12.36559130329,-11.34807308593));
#8429 = CARTESIAN_POINT('',(-15.05027005503,-15.99807308593));
#8430 = CARTESIAN_POINT('',(-17.73494880676,-20.64807308593));
#8431 = CARTESIAN_POINT('',(-20.41962755849,-15.99807308593));
#8432 = CARTESIAN_POINT('',(-23.10430631022,-11.34807308593));
#8433 = CARTESIAN_POINT('',(-17.73494880676,-11.34807308593));
#8434 = ( GEOMETRIC_REPRESENTATION_CONTEXT(2) 
PARAMETRIC_REPRESENTATION_CONTEXT() REPRESENTATION_CONTEXT('2D SPACE',''
  ) );
#8435 = PCURVE('',#8282,#8436);
#8436 = DEFINITIONAL_REPRESENTATION('',(#8437),#8441);
#8437 = LINE('',#8438,#8439);
#8438 = CARTESIAN_POINT('',(-0.,0.));
#8439 = VECTOR('',#8440,1.);
#8440 = DIRECTION('',(-1.,0.));
#8441 = ( GEOMETRIC_REPRESENTATION_CONTEXT(2) 
PARAMETRIC_REPRESENTATION_CONTEXT() REPRESENTATION_CONTEXT('2D SPACE',''
  ) );
#8442 = ADVANCED_FACE('',(#8443),#7998,.F.);
#8443 = FACE_BOUND('',#8444,.F.);
#8444 = EDGE_LOOP('',(#8445,#8466,#8467,#8468));
#8445 = ORIENTED_EDGE('',*,*,#8446,.T.);
#8446 = EDGE_CURVE('',#8214,#8369,#8447,.T.);
#8447 = SURFACE_CURVE('',#8448,(#8452,#8459),.PCURVE_S1.);
#8448 = LINE('',#8449,#8450);
#8449 = CARTESIAN_POINT('',(69.398057706539,-41.79903810567,92.));
#8450 = VECTOR('',#8451,1.);
#8451 = DIRECTION('',(0.5,0.866025403784,0.));
#8452 = PCURVE('',#7998,#8453);
#8453 = DEFINITIONAL_REPRESENTATION('',(#8454),#8458);
#8454 = LINE('',#8455,#8456);
#8455 = CARTESIAN_POINT('',(0.,0.));
#8456 = VECTOR('',#8457,1.);
#8457 = DIRECTION('',(-1.110223024625E-17,-1.));
#8458 = ( GEOMETRIC_REPRESENTATION_CONTEXT(2) 
PARAMETRIC_REPRESENTATION_CONTEXT() REPRESENTATION_CONTEXT('2D SPACE',''
  ) );
#8459 = PCURVE('',#8229,#8460);
#8460 = DEFINITIONAL_REPRESENTATION('',(#8461),#8465);
#8461 = LINE('',#8462,#8463);
#8462 = CARTESIAN_POINT('',(6.324555320337,1.7763568394E-15));
#8463 = VECTOR('',#8464,1.);
#8464 = DIRECTION('',(5.551115123126E-17,-1.));
#8465 = ( GEOMETRIC_REPRESENTATION_CONTEXT(2) 
PARAMETRIC_REPRESENTATION_CONTEXT() REPRESENTATION_CONTEXT('2D SPACE',''
  ) );
#8466 = ORIENTED_EDGE('',*,*,#8391,.F.);
#8467 = ORIENTED_EDGE('',*,*,#7980,.F.);
#8468 = ORIENTED_EDGE('',*,*,#8241,.F.);
#8469 = ADVANCED_FACE('',(#8470),#8096,.F.);
#8470 = FACE_BOUND('',#8471,.F.);
#8471 = EDGE_LOOP('',(#8472,#8473,#8474,#8495));
#8472 = ORIENTED_EDGE('',*,*,#8080,.T.);
#8473 = ORIENTED_EDGE('',*,*,#8299,.T.);
#8474 = ORIENTED_EDGE('',*,*,#8475,.F.);
#8475 = EDGE_CURVE('',#8135,#8300,#8476,.T.);
#8476 = SURFACE_CURVE('',#8477,(#8481,#8488),.PCURVE_S1.);
#8477 = LINE('',#8478,#8479);
#8478 = CARTESIAN_POINT('',(57.273702053557,-34.79903810567,86.));
#8479 = VECTOR('',#8480,1.);
#8480 = DIRECTION('',(0.5,0.866025403784,0.));
#8481 = PCURVE('',#8096,#8482);
#8482 = DEFINITIONAL_REPRESENTATION('',(#8483),#8487);
#8483 = LINE('',#8484,#8485);
#8484 = CARTESIAN_POINT('',(42.485291572496,0.));
#8485 = VECTOR('',#8486,1.);
#8486 = DIRECTION('',(6.661338147751E-17,-1.));
#8487 = ( GEOMETRIC_REPRESENTATION_CONTEXT(2) 
PARAMETRIC_REPRESENTATION_CONTEXT() REPRESENTATION_CONTEXT('2D SPACE',''
  ) );
#8488 = PCURVE('',#8173,#8489);
#8489 = DEFINITIONAL_REPRESENTATION('',(#8490),#8494);
#8490 = LINE('',#8491,#8492);
#8491 = CARTESIAN_POINT('',(0.,0.));
#8492 = VECTOR('',#8493,1.);
#8493 = DIRECTION('',(-1.110223024625E-17,-1.));
#8494 = ( GEOMETRIC_REPRESENTATION_CONTEXT(2) 
PARAMETRIC_REPRESENTATION_CONTEXT() REPRESENTATION_CONTEXT('2D SPACE',''
  ) );
#8495 = ORIENTED_EDGE('',*,*,#8134,.F.);
#8496 = ADVANCED_FACE('',(#8497),#8229,.F.);
#8497 = FACE_BOUND('',#8498,.F.);
#8498 = EDGE_LOOP('',(#8499,#8520,#8521,#8522));
#8499 = ORIENTED_EDGE('',*,*,#8500,.T.);
#8500 = EDGE_CURVE('',#8186,#8346,#8501,.T.);
#8501 = SURFACE_CURVE('',#8502,(#8506,#8513),.PCURVE_S1.);
#8502 = LINE('',#8503,#8504);
#8503 = CARTESIAN_POINT('',(64.201905283833,-38.79903810567,94.));
#8504 = VECTOR('',#8505,1.);
#8505 = DIRECTION('',(0.5,0.866025403784,0.));
#8506 = PCURVE('',#8229,#8507);
#8507 = DEFINITIONAL_REPRESENTATION('',(#8508),#8512);
#8508 = LINE('',#8509,#8510);
#8509 = CARTESIAN_POINT('',(0.,0.));
#8510 = VECTOR('',#8511,1.);
#8511 = DIRECTION('',(5.551115123126E-17,-1.));
#8512 = ( GEOMETRIC_REPRESENTATION_CONTEXT(2) 
PARAMETRIC_REPRESENTATION_CONTEXT() REPRESENTATION_CONTEXT('2D SPACE',''
  ) );
#8513 = PCURVE('',#8201,#8514);
#8514 = DEFINITIONAL_REPRESENTATION('',(#8515),#8519);
#8515 = LINE('',#8516,#8517);
#8516 = CARTESIAN_POINT('',(6.324555320337,1.7763568394E-15));
#8517 = VECTOR('',#8518,1.);
#8518 = DIRECTION('',(5.551115123126E-17,-1.));
#8519 = ( GEOMETRIC_REPRESENTATION_CONTEXT(2) 
PARAMETRIC_REPRESENTATION_CONTEXT() REPRESENTATION_CONTEXT('2D SPACE',''
  ) );
#8520 = ORIENTED_EDGE('',*,*,#8368,.T.);
#8521 = ORIENTED_EDGE('',*,*,#8446,.F.);
#8522 = ORIENTED_EDGE('',*,*,#8213,.F.);
#8523 = ADVANCED_FACE('',(#8524),#8173,.F.);
#8524 = FACE_BOUND('',#8525,.F.);
#8525 = EDGE_LOOP('',(#8526,#8527,#8528,#8549));
#8526 = ORIENTED_EDGE('',*,*,#8475,.T.);
#8527 = ORIENTED_EDGE('',*,*,#8322,.T.);
#8528 = ORIENTED_EDGE('',*,*,#8529,.F.);
#8529 = EDGE_CURVE('',#8158,#8323,#8530,.T.);
#8530 = SURFACE_CURVE('',#8531,(#8535,#8542),.PCURVE_S1.);
#8531 = LINE('',#8532,#8533);
#8532 = CARTESIAN_POINT('',(59.005752861126,-35.79903810567,92.));
#8533 = VECTOR('',#8534,1.);
#8534 = DIRECTION('',(0.5,0.866025403784,0.));
#8535 = PCURVE('',#8173,#8536);
#8536 = DEFINITIONAL_REPRESENTATION('',(#8537),#8541);
#8537 = LINE('',#8538,#8539);
#8538 = CARTESIAN_POINT('',(6.324555320337,1.665334536938E-15));
#8539 = VECTOR('',#8540,1.);
#8540 = DIRECTION('',(-1.110223024625E-17,-1.));
#8541 = ( GEOMETRIC_REPRESENTATION_CONTEXT(2) 
PARAMETRIC_REPRESENTATION_CONTEXT() REPRESENTATION_CONTEXT('2D SPACE',''
  ) );
#8542 = PCURVE('',#8201,#8543);
#8543 = DEFINITIONAL_REPRESENTATION('',(#8544),#8548);
#8544 = LINE('',#8545,#8546);
#8545 = CARTESIAN_POINT('',(0.,0.));
#8546 = VECTOR('',#8547,1.);
#8547 = DIRECTION('',(5.551115123126E-17,-1.));
#8548 = ( GEOMETRIC_REPRESENTATION_CONTEXT(2) 
PARAMETRIC_REPRESENTATION_CONTEXT() REPRESENTATION_CONTEXT('2D SPACE',''
  ) );
#8549 = ORIENTED_EDGE('',*,*,#8157,.F.);
#8550 = ADVANCED_FACE('',(#8551),#8201,.F.);
#8551 = FACE_BOUND('',#8552,.F.);
#8552 = EDGE_LOOP('',(#8553,#8554,#8555,#8556));
#8553 = ORIENTED_EDGE('',*,*,#8529,.T.);
#8554 = ORIENTED_EDGE('',*,*,#8345,.T.);
#8555 = ORIENTED_EDGE('',*,*,#8500,.F.);
#8556 = ORIENTED_EDGE('',*,*,#8185,.F.);
#8557 = ADVANCED_FACE('',(#8558),#8282,.F.);
#8558 = FACE_BOUND('',#8559,.T.);
#8559 = EDGE_LOOP('',(#8560,#8561,#8582,#8583));
#8560 = ORIENTED_EDGE('',*,*,#8415,.F.);
#8561 = ORIENTED_EDGE('',*,*,#8562,.T.);
#8562 = EDGE_CURVE('',#8416,#8266,#8563,.T.);
#8563 = SEAM_CURVE('',#8564,(#8568,#8575),.PCURVE_S1.);
#8564 = LINE('',#8565,#8566);
#8565 = CARTESIAN_POINT('',(63.017226532101,-34.65096189432,86.));
#8566 = VECTOR('',#8567,1.);
#8567 = DIRECTION('',(-0.5,-0.866025403784,1.110223024625E-16));
#8568 = PCURVE('',#8282,#8569);
#8569 = DEFINITIONAL_REPRESENTATION('',(#8570),#8574);
#8570 = LINE('',#8571,#8572);
#8571 = CARTESIAN_POINT('',(-6.28318530718,0.));
#8572 = VECTOR('',#8573,1.);
#8573 = DIRECTION('',(-0.,-1.));
#8574 = ( GEOMETRIC_REPRESENTATION_CONTEXT(2) 
PARAMETRIC_REPRESENTATION_CONTEXT() REPRESENTATION_CONTEXT('2D SPACE',''
  ) );
#8575 = PCURVE('',#8282,#8576);
#8576 = DEFINITIONAL_REPRESENTATION('',(#8577),#8581);
#8577 = LINE('',#8578,#8579);
#8578 = CARTESIAN_POINT('',(-0.,0.));
#8579 = VECTOR('',#8580,1.);
#8580 = DIRECTION('',(-0.,-1.));
#8581 = ( GEOMETRIC_REPRESENTATION_CONTEXT(2) 
PARAMETRIC_REPRESENTATION_CONTEXT() REPRESENTATION_CONTEXT('2D SPACE',''
  ) );
#8582 = ORIENTED_EDGE('',*,*,#8265,.F.);
#8583 = ORIENTED_EDGE('',*,*,#8562,.F.);
#8584 = ( GEOMETRIC_REPRESENTATION_CONTEXT(3) 
GLOBAL_UNCERTAINTY_ASSIGNED_CONTEXT((#8588)) 
GLOBAL_UNIT_ASSIGNED_CONTEXT((#8585,#8586,#8587)) REPRESENTATION_CONTEXT
('Context #1','3D Context with UNIT and UNCERTAINTY') );
#8585 = ( LENGTH_UNIT() NAMED_UNIT(*) SI_UNIT(.MILLI.,.METRE.) );
#8586 = ( NAMED_UNIT(*) PLANE_ANGLE_UNIT() SI_UNIT($,.RADIAN.) );
#8587 = ( NAMED_UNIT(*) SI_UNIT($,.STERADIAN.) SOLID_ANGLE_UNIT() );
#8588 = UNCERTAINTY_MEASURE_WITH_UNIT(LENGTH_MEASURE(1.E-07),#8585,
  'distance_accuracy_value','confusion accuracy');
#8589 = CONTEXT_DEPENDENT_SHAPE_REPRESENTATION(#8590,#8592);
#8590 = ( REPRESENTATION_RELATIONSHIP('','',#6815,#2964) 
REPRESENTATION_RELATIONSHIP_WITH_TRANSFORMATION(#8591) 
SHAPE_REPRESENTATION_RELATIONSHIP() );
#8591 = ITEM_DEFINED_TRANSFORMATION('','',#11,#2981);
#8592 = PRODUCT_DEFINITION_SHAPE('Placement','Placement of an item',
  #8593);
#8593 = NEXT_ASSEMBLY_USAGE_OCCURRENCE('815','LMB10_A3','',#2959,#6810,$
  );
#8594 = PRODUCT_RELATED_PRODUCT_CATEGORY('part',$,(#6812));
#8595 = SHAPE_DEFINITION_REPRESENTATION(#8596,#8602);
#8596 = PRODUCT_DEFINITION_SHAPE('','',#8597);
#8597 = PRODUCT_DEFINITION('design','',#8598,#8601);
#8598 = PRODUCT_DEFINITION_FORMATION('','',#8599);
#8599 = PRODUCT('LMB10_A3_included_pin','LMB10_A3_included_pin','',(
    #8600));
#8600 = PRODUCT_CONTEXT('',#2,'mechanical');
#8601 = PRODUCT_DEFINITION_CONTEXT('part definition',#2,'design');
#8602 = ADVANCED_BREP_SHAPE_REPRESENTATION('',(#11,#8603),#8701);
#8603 = MANIFOLD_SOLID_BREP('',#8604);
#8604 = CLOSED_SHELL('',(#8605,#8693,#8697));
#8605 = ADVANCED_FACE('',(#8606),#8620,.T.);
#8606 = FACE_BOUND('',#8607,.F.);
#8607 = EDGE_LOOP('',(#8608,#8638,#8665,#8666));
#8608 = ORIENTED_EDGE('',*,*,#8609,.T.);
#8609 = EDGE_CURVE('',#8610,#8612,#8614,.T.);
#8610 = VERTEX_POINT('',#8611);
#8611 = CARTESIAN_POINT('',(51.951905283833,-65.2128129211,84.5));
#8612 = VERTEX_POINT('',#8613);
#8613 = CARTESIAN_POINT('',(67.951905283833,-37.5,84.5));
#8614 = SEAM_CURVE('',#8615,(#8619,#8631),.PCURVE_S1.);
#8615 = LINE('',#8616,#8617);
#8616 = CARTESIAN_POINT('',(51.951905283833,-65.2128129211,84.5));
#8617 = VECTOR('',#8618,1.);
#8618 = DIRECTION('',(0.5,0.866025403784,1.110223024625E-16));
#8619 = PCURVE('',#8620,#8625);
#8620 = CYLINDRICAL_SURFACE('',#8621,3.);
#8621 = AXIS2_PLACEMENT_3D('',#8622,#8623,#8624);
#8622 = CARTESIAN_POINT('',(49.701905283833,-63.91377481542,86.));
#8623 = DIRECTION('',(-0.5,-0.866025403784,-1.110223024625E-16));
#8624 = DIRECTION('',(0.75,-0.433012701892,-0.5));
#8625 = DEFINITIONAL_REPRESENTATION('',(#8626),#8630);
#8626 = LINE('',#8627,#8628);
#8627 = CARTESIAN_POINT('',(-0.,0.));
#8628 = VECTOR('',#8629,1.);
#8629 = DIRECTION('',(-0.,-1.));
#8630 = ( GEOMETRIC_REPRESENTATION_CONTEXT(2) 
PARAMETRIC_REPRESENTATION_CONTEXT() REPRESENTATION_CONTEXT('2D SPACE',''
  ) );
#8631 = PCURVE('',#8620,#8632);
#8632 = DEFINITIONAL_REPRESENTATION('',(#8633),#8637);
#8633 = LINE('',#8634,#8635);
#8634 = CARTESIAN_POINT('',(-6.28318530718,0.));
#8635 = VECTOR('',#8636,1.);
#8636 = DIRECTION('',(-0.,-1.));
#8637 = ( GEOMETRIC_REPRESENTATION_CONTEXT(2) 
PARAMETRIC_REPRESENTATION_CONTEXT() REPRESENTATION_CONTEXT('2D SPACE',''
  ) );
#8638 = ORIENTED_EDGE('',*,*,#8639,.T.);
#8639 = EDGE_CURVE('',#8612,#8612,#8640,.T.);
#8640 = SURFACE_CURVE('',#8641,(#8646,#8653),.PCURVE_S1.);
#8641 = CIRCLE('',#8642,3.);
#8642 = AXIS2_PLACEMENT_3D('',#8643,#8644,#8645);
#8643 = CARTESIAN_POINT('',(65.701905283833,-36.20096189432,86.));
#8644 = DIRECTION('',(0.5,0.866025403784,1.387778780781E-16));
#8645 = DIRECTION('',(0.75,-0.433012701892,-0.5));
#8646 = PCURVE('',#8620,#8647);
#8647 = DEFINITIONAL_REPRESENTATION('',(#8648),#8652);
#8648 = LINE('',#8649,#8650);
#8649 = CARTESIAN_POINT('',(-0.,-32.));
#8650 = VECTOR('',#8651,1.);
#8651 = DIRECTION('',(-1.,0.));
#8652 = ( GEOMETRIC_REPRESENTATION_CONTEXT(2) 
PARAMETRIC_REPRESENTATION_CONTEXT() REPRESENTATION_CONTEXT('2D SPACE',''
  ) );
#8653 = PCURVE('',#8654,#8659);
#8654 = PLANE('',#8655);
#8655 = AXIS2_PLACEMENT_3D('',#8656,#8657,#8658);
#8656 = CARTESIAN_POINT('',(65.701905283833,-36.20096189432,86.));
#8657 = DIRECTION('',(0.5,0.866025403784,1.110223024625E-16));
#8658 = DIRECTION('',(0.75,-0.433012701892,-0.5));
#8659 = DEFINITIONAL_REPRESENTATION('',(#8660),#8664);
#8660 = CIRCLE('',#8661,3.);
#8661 = AXIS2_PLACEMENT_2D('',#8662,#8663);
#8662 = CARTESIAN_POINT('',(0.,0.));
#8663 = DIRECTION('',(1.,0.));
#8664 = ( GEOMETRIC_REPRESENTATION_CONTEXT(2) 
PARAMETRIC_REPRESENTATION_CONTEXT() REPRESENTATION_CONTEXT('2D SPACE',''
  ) );
#8665 = ORIENTED_EDGE('',*,*,#8609,.F.);
#8666 = ORIENTED_EDGE('',*,*,#8667,.F.);
#8667 = EDGE_CURVE('',#8610,#8610,#8668,.T.);
#8668 = SURFACE_CURVE('',#8669,(#8674,#8681),.PCURVE_S1.);
#8669 = CIRCLE('',#8670,3.);
#8670 = AXIS2_PLACEMENT_3D('',#8671,#8672,#8673);
#8671 = CARTESIAN_POINT('',(49.701905283833,-63.91377481542,86.));
#8672 = DIRECTION('',(0.5,0.866025403784,1.387778780781E-16));
#8673 = DIRECTION('',(0.75,-0.433012701892,-0.5));
#8674 = PCURVE('',#8620,#8675);
#8675 = DEFINITIONAL_REPRESENTATION('',(#8676),#8680);
#8676 = LINE('',#8677,#8678);
#8677 = CARTESIAN_POINT('',(-0.,0.));
#8678 = VECTOR('',#8679,1.);
#8679 = DIRECTION('',(-1.,0.));
#8680 = ( GEOMETRIC_REPRESENTATION_CONTEXT(2) 
PARAMETRIC_REPRESENTATION_CONTEXT() REPRESENTATION_CONTEXT('2D SPACE',''
  ) );
#8681 = PCURVE('',#8682,#8687);
#8682 = PLANE('',#8683);
#8683 = AXIS2_PLACEMENT_3D('',#8684,#8685,#8686);
#8684 = CARTESIAN_POINT('',(49.701905283833,-63.91377481542,86.));
#8685 = DIRECTION('',(0.5,0.866025403784,1.110223024625E-16));
#8686 = DIRECTION('',(0.75,-0.433012701892,-0.5));
#8687 = DEFINITIONAL_REPRESENTATION('',(#8688),#8692);
#8688 = CIRCLE('',#8689,3.);
#8689 = AXIS2_PLACEMENT_2D('',#8690,#8691);
#8690 = CARTESIAN_POINT('',(0.,0.));
#8691 = DIRECTION('',(1.,0.));
#8692 = ( GEOMETRIC_REPRESENTATION_CONTEXT(2) 
PARAMETRIC_REPRESENTATION_CONTEXT() REPRESENTATION_CONTEXT('2D SPACE',''
  ) );
#8693 = ADVANCED_FACE('',(#8694),#8682,.F.);
#8694 = FACE_BOUND('',#8695,.F.);
#8695 = EDGE_LOOP('',(#8696));
#8696 = ORIENTED_EDGE('',*,*,#8667,.T.);
#8697 = ADVANCED_FACE('',(#8698),#8654,.T.);
#8698 = FACE_BOUND('',#8699,.T.);
#8699 = EDGE_LOOP('',(#8700));
#8700 = ORIENTED_EDGE('',*,*,#8639,.T.);
#8701 = ( GEOMETRIC_REPRESENTATION_CONTEXT(3) 
GLOBAL_UNCERTAINTY_ASSIGNED_CONTEXT((#8705)) 
GLOBAL_UNIT_ASSIGNED_CONTEXT((#8702,#8703,#8704)) REPRESENTATION_CONTEXT
('Context #1','3D Context with UNIT and UNCERTAINTY') );
#8702 = ( LENGTH_UNIT() NAMED_UNIT(*) SI_UNIT(.MILLI.,.METRE.) );
#8703 = ( NAMED_UNIT(*) PLANE_ANGLE_UNIT() SI_UNIT($,.RADIAN.) );
#8704 = ( NAMED_UNIT(*) SI_UNIT($,.STERADIAN.) SOLID_ANGLE_UNIT() );
#8705 = UNCERTAINTY_MEASURE_WITH_UNIT(LENGTH_MEASURE(1.E-07),#8702,
  'distance_accuracy_value','confusion accuracy');
#8706 = CONTEXT_DEPENDENT_SHAPE_REPRESENTATION(#8707,#8709);
#8707 = ( REPRESENTATION_RELATIONSHIP('','',#8602,#2964) 
REPRESENTATION_RELATIONSHIP_WITH_TRANSFORMATION(#8708) 
SHAPE_REPRESENTATION_RELATIONSHIP() );
#8708 = ITEM_DEFINED_TRANSFORMATION('','',#11,#2985);
#8709 = PRODUCT_DEFINITION_SHAPE('Placement','Placement of an item',
  #8710);
#8710 = NEXT_ASSEMBLY_USAGE_OCCURRENCE('816','LMB10_A3_included_pin','',
  #2959,#8597,$);
#8711 = PRODUCT_RELATED_PRODUCT_CATEGORY('part',$,(#8599));
#8712 = MECHANICAL_DESIGN_GEOMETRIC_PRESENTATION_REPRESENTATION('',(
    #8713,#8721,#8728,#8735),#1286);
#8713 = STYLED_ITEM('color',(#8714),#894);
#8714 = PRESENTATION_STYLE_ASSIGNMENT((#8715));
#8715 = SURFACE_STYLE_USAGE(.BOTH.,#8716);
#8716 = SURFACE_SIDE_STYLE('',(#8717));
#8717 = SURFACE_STYLE_FILL_AREA(#8718);
#8718 = FILL_AREA_STYLE('',(#8719));
#8719 = FILL_AREA_STYLE_COLOUR('',#8720);
#8720 = COLOUR_RGB('',0.1599999992,0.170000001676,0.180000002302);
#8721 = STYLED_ITEM('color',(#8722),#992);
#8722 = PRESENTATION_STYLE_ASSIGNMENT((#8723));
#8723 = SURFACE_STYLE_USAGE(.BOTH.,#8724);
#8724 = SURFACE_SIDE_STYLE('',(#8725));
#8725 = SURFACE_STYLE_FILL_AREA(#8726);
#8726 = FILL_AREA_STYLE('',(#8727));
#8727 = FILL_AREA_STYLE_COLOUR('',#8720);
#8728 = STYLED_ITEM('color',(#8729),#1090);
#8729 = PRESENTATION_STYLE_ASSIGNMENT((#8730));
#8730 = SURFACE_STYLE_USAGE(.BOTH.,#8731);
#8731 = SURFACE_SIDE_STYLE('',(#8732));
#8732 = SURFACE_STYLE_FILL_AREA(#8733);
#8733 = FILL_AREA_STYLE('',(#8734));
#8734 = FILL_AREA_STYLE_COLOUR('',#8720);
#8735 = STYLED_ITEM('color',(#8736),#1188);
#8736 = PRESENTATION_STYLE_ASSIGNMENT((#8737));
#8737 = SURFACE_STYLE_USAGE(.BOTH.,#8738);
#8738 = SURFACE_SIDE_STYLE('',(#8739));
#8739 = SURFACE_STYLE_FILL_AREA(#8740);
#8740 = FILL_AREA_STYLE('',(#8741));
#8741 = FILL_AREA_STYLE_COLOUR('',#8720);
#8742 = MECHANICAL_DESIGN_GEOMETRIC_PRESENTATION_REPRESENTATION('',(
    #8743,#8751),#8584);
#8743 = STYLED_ITEM('color',(#8744),#6816);
#8744 = PRESENTATION_STYLE_ASSIGNMENT((#8745));
#8745 = SURFACE_STYLE_USAGE(.BOTH.,#8746);
#8746 = SURFACE_SIDE_STYLE('',(#8747));
#8747 = SURFACE_STYLE_FILL_AREA(#8748);
#8748 = FILL_AREA_STYLE('',(#8749));
#8749 = FILL_AREA_STYLE_COLOUR('',#8750);
#8750 = COLOUR_RGB('',0.420000006308,0.460000000054,0.490000003723);
#8751 = STYLED_ITEM('color',(#8752),#7854);
#8752 = PRESENTATION_STYLE_ASSIGNMENT((#8753));
#8753 = SURFACE_STYLE_USAGE(.BOTH.,#8754);
#8754 = SURFACE_SIDE_STYLE('',(#8755));
#8755 = SURFACE_STYLE_FILL_AREA(#8756);
#8756 = FILL_AREA_STYLE('',(#8757));
#8757 = FILL_AREA_STYLE_COLOUR('',#8750);
#8758 = MECHANICAL_DESIGN_GEOMETRIC_PRESENTATION_REPRESENTATION('',(
    #8759),#6797);
#8759 = STYLED_ITEM('color',(#8760),#6699);
#8760 = PRESENTATION_STYLE_ASSIGNMENT((#8761));
#8761 = SURFACE_STYLE_USAGE(.BOTH.,#8762);
#8762 = SURFACE_SIDE_STYLE('',(#8763));
#8763 = SURFACE_STYLE_FILL_AREA(#8764);
#8764 = FILL_AREA_STYLE('',(#8765));
#8765 = FILL_AREA_STYLE_COLOUR('',#8720);
#8766 = MECHANICAL_DESIGN_GEOMETRIC_PRESENTATION_REPRESENTATION('',(
    #8767,#8774),#4776);
#8767 = STYLED_ITEM('color',(#8768),#3008);
#8768 = PRESENTATION_STYLE_ASSIGNMENT((#8769));
#8769 = SURFACE_STYLE_USAGE(.BOTH.,#8770);
#8770 = SURFACE_SIDE_STYLE('',(#8771));
#8771 = SURFACE_STYLE_FILL_AREA(#8772);
#8772 = FILL_AREA_STYLE('',(#8773));
#8773 = FILL_AREA_STYLE_COLOUR('',#8750);
#8774 = STYLED_ITEM('color',(#8775),#4046);
#8775 = PRESENTATION_STYLE_ASSIGNMENT((#8776));
#8776 = SURFACE_STYLE_USAGE(.BOTH.,#8777);
#8777 = SURFACE_SIDE_STYLE('',(#8778));
#8778 = SURFACE_STYLE_FILL_AREA(#8779);
#8779 = FILL_AREA_STYLE('',(#8780));
#8780 = FILL_AREA_STYLE_COLOUR('',#8750);
#8781 = MECHANICAL_DESIGN_GEOMETRIC_PRESENTATION_REPRESENTATION('',(
    #8782,#8789),#6680);
#8782 = STYLED_ITEM('color',(#8783),#4912);
#8783 = PRESENTATION_STYLE_ASSIGNMENT((#8784));
#8784 = SURFACE_STYLE_USAGE(.BOTH.,#8785);
#8785 = SURFACE_SIDE_STYLE('',(#8786));
#8786 = SURFACE_STYLE_FILL_AREA(#8787);
#8787 = FILL_AREA_STYLE('',(#8788));
#8788 = FILL_AREA_STYLE_COLOUR('',#8750);
#8789 = STYLED_ITEM('color',(#8790),#5950);
#8790 = PRESENTATION_STYLE_ASSIGNMENT((#8791));
#8791 = SURFACE_STYLE_USAGE(.BOTH.,#8792);
#8792 = SURFACE_SIDE_STYLE('',(#8793));
#8793 = SURFACE_STYLE_FILL_AREA(#8794);
#8794 = FILL_AREA_STYLE('',(#8795));
#8795 = FILL_AREA_STYLE_COLOUR('',#8750);
#8796 = MECHANICAL_DESIGN_GEOMETRIC_PRESENTATION_REPRESENTATION('',(
    #8797),#4893);
#8797 = STYLED_ITEM('color',(#8798),#4795);
#8798 = PRESENTATION_STYLE_ASSIGNMENT((#8799));
#8799 = SURFACE_STYLE_USAGE(.BOTH.,#8800);
#8800 = SURFACE_SIDE_STYLE('',(#8801));
#8801 = SURFACE_STYLE_FILL_AREA(#8802);
#8802 = FILL_AREA_STYLE('',(#8803));
#8803 = FILL_AREA_STYLE_COLOUR('',#8720);
#8804 = MECHANICAL_DESIGN_GEOMETRIC_PRESENTATION_REPRESENTATION('',(
    #8805,#8812,#8819,#8826),#464);
#8805 = STYLED_ITEM('color',(#8806),#72);
#8806 = PRESENTATION_STYLE_ASSIGNMENT((#8807));
#8807 = SURFACE_STYLE_USAGE(.BOTH.,#8808);
#8808 = SURFACE_SIDE_STYLE('',(#8809));
#8809 = SURFACE_STYLE_FILL_AREA(#8810);
#8810 = FILL_AREA_STYLE('',(#8811));
#8811 = FILL_AREA_STYLE_COLOUR('',#8720);
#8812 = STYLED_ITEM('color',(#8813),#170);
#8813 = PRESENTATION_STYLE_ASSIGNMENT((#8814));
#8814 = SURFACE_STYLE_USAGE(.BOTH.,#8815);
#8815 = SURFACE_SIDE_STYLE('',(#8816));
#8816 = SURFACE_STYLE_FILL_AREA(#8817);
#8817 = FILL_AREA_STYLE('',(#8818));
#8818 = FILL_AREA_STYLE_COLOUR('',#8720);
#8819 = STYLED_ITEM('color',(#8820),#268);
#8820 = PRESENTATION_STYLE_ASSIGNMENT((#8821));
#8821 = SURFACE_STYLE_USAGE(.BOTH.,#8822);
#8822 = SURFACE_SIDE_STYLE('',(#8823));
#8823 = SURFACE_STYLE_FILL_AREA(#8824);
#8824 = FILL_AREA_STYLE('',(#8825));
#8825 = FILL_AREA_STYLE_COLOUR('',#8720);
#8826 = STYLED_ITEM('color',(#8827),#366);
#8827 = PRESENTATION_STYLE_ASSIGNMENT((#8828));
#8828 = SURFACE_STYLE_USAGE(.BOTH.,#8829);
#8829 = SURFACE_SIDE_STYLE('',(#8830));
#8830 = SURFACE_STYLE_FILL_AREA(#8831);
#8831 = FILL_AREA_STYLE('',(#8832));
#8832 = FILL_AREA_STYLE_COLOUR('',#8720);
#8833 = MECHANICAL_DESIGN_GEOMETRIC_PRESENTATION_REPRESENTATION('',(
    #8834),#8701);
#8834 = STYLED_ITEM('color',(#8835),#8603);
#8835 = PRESENTATION_STYLE_ASSIGNMENT((#8836));
#8836 = SURFACE_STYLE_USAGE(.BOTH.,#8837);
#8837 = SURFACE_SIDE_STYLE('',(#8838));
#8838 = SURFACE_STYLE_FILL_AREA(#8839);
#8839 = FILL_AREA_STYLE('',(#8840));
#8840 = FILL_AREA_STYLE_COLOUR('',#8720);
#8841 = MECHANICAL_DESIGN_GEOMETRIC_PRESENTATION_REPRESENTATION('',(
    #8842),#2946);
#8842 = STYLED_ITEM('color',(#8843),#1328);
#8843 = PRESENTATION_STYLE_ASSIGNMENT((#8844));
#8844 = SURFACE_STYLE_USAGE(.BOTH.,#8845);
#8845 = SURFACE_SIDE_STYLE('',(#8846));
#8846 = SURFACE_STYLE_FILL_AREA(#8847);
#8847 = FILL_AREA_STYLE('',(#8848));
#8848 = FILL_AREA_STYLE_COLOUR('',#8849);
#8849 = COLOUR_RGB('',0.530000000233,0.569999999601,0.599999994755);
#8850 = MECHANICAL_DESIGN_GEOMETRIC_PRESENTATION_REPRESENTATION('',(
    #8851,#8858,#8865,#8872),#875);
#8851 = STYLED_ITEM('color',(#8852),#483);
#8852 = PRESENTATION_STYLE_ASSIGNMENT((#8853));
#8853 = SURFACE_STYLE_USAGE(.BOTH.,#8854);
#8854 = SURFACE_SIDE_STYLE('',(#8855));
#8855 = SURFACE_STYLE_FILL_AREA(#8856);
#8856 = FILL_AREA_STYLE('',(#8857));
#8857 = FILL_AREA_STYLE_COLOUR('',#8720);
#8858 = STYLED_ITEM('color',(#8859),#581);
#8859 = PRESENTATION_STYLE_ASSIGNMENT((#8860));
#8860 = SURFACE_STYLE_USAGE(.BOTH.,#8861);
#8861 = SURFACE_SIDE_STYLE('',(#8862));
#8862 = SURFACE_STYLE_FILL_AREA(#8863);
#8863 = FILL_AREA_STYLE('',(#8864));
#8864 = FILL_AREA_STYLE_COLOUR('',#8720);
#8865 = STYLED_ITEM('color',(#8866),#679);
#8866 = PRESENTATION_STYLE_ASSIGNMENT((#8867));
#8867 = SURFACE_STYLE_USAGE(.BOTH.,#8868);
#8868 = SURFACE_SIDE_STYLE('',(#8869));
#8869 = SURFACE_STYLE_FILL_AREA(#8870);
#8870 = FILL_AREA_STYLE('',(#8871));
#8871 = FILL_AREA_STYLE_COLOUR('',#8720);
#8872 = STYLED_ITEM('color',(#8873),#777);
#8873 = PRESENTATION_STYLE_ASSIGNMENT((#8874));
#8874 = SURFACE_STYLE_USAGE(.BOTH.,#8875);
#8875 = SURFACE_SIDE_STYLE('',(#8876));
#8876 = SURFACE_STYLE_FILL_AREA(#8877);
#8877 = FILL_AREA_STYLE('',(#8878));
#8878 = FILL_AREA_STYLE_COLOUR('',#8720);
ENDSEC;
END-ISO-10303-21;
