ISO-10303-21;
HEADER;
FILE_DESCRIPTION(('Open CASCADE Model'),'2;1');
FILE_NAME('Open CASCADE Shape Model','2026-09-05T21:56:33',('Author'),(
    'Open CASCADE'),'Open CASCADE STEP processor 7.9','Open CASCADE 7.9'
  ,'Unknown');
FILE_SCHEMA(('AUTOMOTIVE_DESIGN { 1 0 10303 214 1 1 1 1 }'));
ENDSEC;
DATA;
#1 = APPLICATION_PROTOCOL_DEFINITION('international standard',
  'automotive_design',2000,#2);
#2 = APPLICATION_CONTEXT(
  'core data for automotive mechanical design processes');
#3 = SHAPE_DEFINITION_REPRESENTATION(#4,#10);
#4 = PRODUCT_DEFINITION_SHAPE('','',#5);
#5 = PRODUCT_DEFINITION('design','',#6,#9);
#6 = PRODUCT_DEFINITION_FORMATION('','',#7);
#7 = PRODUCT('M2R2F2_REVIEW_NOT_FOR_FABRICATION',
  'M2R2F2_REVIEW_NOT_FOR_FABRICATION','',(#8));
#8 = PRODUCT_CONTEXT('',#2,'mechanical');
#9 = PRODUCT_DEFINITION_CONTEXT('part definition',#2,'design');
#10 = SHAPE_REPRESENTATION('',(#11,#15,#19,#23,#27,#31,#35,#39,#43,#47,
    #51,#55,#59,#63,#67,#71,#75,#79,#83,#87,#91,#95,#99,#103,#107),#111
  );
#11 = AXIS2_PLACEMENT_3D('',#12,#13,#14);
#12 = CARTESIAN_POINT('',(0.,0.,0.));
#13 = DIRECTION('',(0.,0.,1.));
#14 = DIRECTION('',(1.,0.,-0.));
#15 = AXIS2_PLACEMENT_3D('',#16,#17,#18);
#16 = CARTESIAN_POINT('',(0.,0.,0.));
#17 = DIRECTION('',(0.,0.,1.));
#18 = DIRECTION('',(1.,0.,-0.));
#19 = AXIS2_PLACEMENT_3D('',#20,#21,#22);
#20 = CARTESIAN_POINT('',(0.,0.,0.));
#21 = DIRECTION('',(0.,0.,1.));
#22 = DIRECTION('',(1.,0.,-0.));
#23 = AXIS2_PLACEMENT_3D('',#24,#25,#26);
#24 = CARTESIAN_POINT('',(0.,0.,0.));
#25 = DIRECTION('',(0.,0.,1.));
#26 = DIRECTION('',(1.,0.,-0.));
#27 = AXIS2_PLACEMENT_3D('',#28,#29,#30);
#28 = CARTESIAN_POINT('',(0.,0.,0.));
#29 = DIRECTION('',(0.,0.,1.));
#30 = DIRECTION('',(1.,0.,-0.));
#31 = AXIS2_PLACEMENT_3D('',#32,#33,#34);
#32 = CARTESIAN_POINT('',(0.,0.,0.));
#33 = DIRECTION('',(0.,0.,1.));
#34 = DIRECTION('',(1.,0.,-0.));
#35 = AXIS2_PLACEMENT_3D('',#36,#37,#38);
#36 = CARTESIAN_POINT('',(0.,0.,0.));
#37 = DIRECTION('',(0.,0.,1.));
#38 = DIRECTION('',(1.,0.,-0.));
#39 = AXIS2_PLACEMENT_3D('',#40,#41,#42);
#40 = CARTESIAN_POINT('',(0.,0.,0.));
#41 = DIRECTION('',(0.,0.,1.));
#42 = DIRECTION('',(1.,0.,-0.));
#43 = AXIS2_PLACEMENT_3D('',#44,#45,#46);
#44 = CARTESIAN_POINT('',(0.,0.,0.));
#45 = DIRECTION('',(0.,0.,1.));
#46 = DIRECTION('',(1.,0.,-0.));
#47 = AXIS2_PLACEMENT_3D('',#48,#49,#50);
#48 = CARTESIAN_POINT('',(0.,0.,0.));
#49 = DIRECTION('',(0.,0.,1.));
#50 = DIRECTION('',(1.,0.,-0.));
#51 = AXIS2_PLACEMENT_3D('',#52,#53,#54);
#52 = CARTESIAN_POINT('',(0.,0.,0.));
#53 = DIRECTION('',(0.,0.,1.));
#54 = DIRECTION('',(1.,0.,-0.));
#55 = AXIS2_PLACEMENT_3D('',#56,#57,#58);
#56 = CARTESIAN_POINT('',(0.,0.,0.));
#57 = DIRECTION('',(0.,0.,1.));
#58 = DIRECTION('',(1.,0.,-0.));
#59 = AXIS2_PLACEMENT_3D('',#60,#61,#62);
#60 = CARTESIAN_POINT('',(0.,0.,0.));
#61 = DIRECTION('',(0.,0.,1.));
#62 = DIRECTION('',(1.,0.,-0.));
#63 = AXIS2_PLACEMENT_3D('',#64,#65,#66);
#64 = CARTESIAN_POINT('',(0.,0.,0.));
#65 = DIRECTION('',(0.,0.,1.));
#66 = DIRECTION('',(1.,0.,-0.));
#67 = AXIS2_PLACEMENT_3D('',#68,#69,#70);
#68 = CARTESIAN_POINT('',(0.,0.,0.));
#69 = DIRECTION('',(0.,0.,1.));
#70 = DIRECTION('',(1.,0.,-0.));
#71 = AXIS2_PLACEMENT_3D('',#72,#73,#74);
#72 = CARTESIAN_POINT('',(0.,0.,0.));
#73 = DIRECTION('',(0.,0.,1.));
#74 = DIRECTION('',(1.,0.,-0.));
#75 = AXIS2_PLACEMENT_3D('',#76,#77,#78);
#76 = CARTESIAN_POINT('',(0.,0.,0.));
#77 = DIRECTION('',(0.,0.,1.));
#78 = DIRECTION('',(1.,0.,-0.));
#79 = AXIS2_PLACEMENT_3D('',#80,#81,#82);
#80 = CARTESIAN_POINT('',(0.,0.,0.));
#81 = DIRECTION('',(0.,0.,1.));
#82 = DIRECTION('',(1.,0.,-0.));
#83 = AXIS2_PLACEMENT_3D('',#84,#85,#86);
#84 = CARTESIAN_POINT('',(0.,0.,0.));
#85 = DIRECTION('',(0.,0.,1.));
#86 = DIRECTION('',(1.,0.,-0.));
#87 = AXIS2_PLACEMENT_3D('',#88,#89,#90);
#88 = CARTESIAN_POINT('',(0.,0.,0.));
#89 = DIRECTION('',(0.,0.,1.));
#90 = DIRECTION('',(1.,0.,-0.));
#91 = AXIS2_PLACEMENT_3D('',#92,#93,#94);
#92 = CARTESIAN_POINT('',(0.,0.,0.));
#93 = DIRECTION('',(0.,0.,1.));
#94 = DIRECTION('',(1.,0.,-0.));
#95 = AXIS2_PLACEMENT_3D('',#96,#97,#98);
#96 = CARTESIAN_POINT('',(0.,0.,0.));
#97 = DIRECTION('',(0.,0.,1.));
#98 = DIRECTION('',(1.,0.,-0.));
#99 = AXIS2_PLACEMENT_3D('',#100,#101,#102);
#100 = CARTESIAN_POINT('',(0.,0.,0.));
#101 = DIRECTION('',(0.,0.,1.));
#102 = DIRECTION('',(1.,0.,-0.));
#103 = AXIS2_PLACEMENT_3D('',#104,#105,#106);
#104 = CARTESIAN_POINT('',(0.,0.,0.));
#105 = DIRECTION('',(0.,0.,1.));
#106 = DIRECTION('',(1.,0.,-0.));
#107 = AXIS2_PLACEMENT_3D('',#108,#109,#110);
#108 = CARTESIAN_POINT('',(0.,0.,0.));
#109 = DIRECTION('',(0.,0.,1.));
#110 = DIRECTION('',(1.,0.,-0.));
#111 = ( GEOMETRIC_REPRESENTATION_CONTEXT(3) 
GLOBAL_UNCERTAINTY_ASSIGNED_CONTEXT((#115)) GLOBAL_UNIT_ASSIGNED_CONTEXT
((#112,#113,#114)) REPRESENTATION_CONTEXT('Context #1',
  '3D Context with UNIT and UNCERTAINTY') );
#112 = ( LENGTH_UNIT() NAMED_UNIT(*) SI_UNIT(.MILLI.,.METRE.) );
#113 = ( NAMED_UNIT(*) PLANE_ANGLE_UNIT() SI_UNIT($,.RADIAN.) );
#114 = ( NAMED_UNIT(*) SI_UNIT($,.STERADIAN.) SOLID_ANGLE_UNIT() );
#115 = UNCERTAINTY_MEASURE_WITH_UNIT(LENGTH_MEASURE(1.E-07),#112,
  'distance_accuracy_value','confusion accuracy');
#116 = PRODUCT_RELATED_PRODUCT_CATEGORY('part',$,(#7));
#117 = SHAPE_DEFINITION_REPRESENTATION(#118,#124);
#118 = PRODUCT_DEFINITION_SHAPE('','',#119);
#119 = PRODUCT_DEFINITION('design','',#120,#123);
#120 = PRODUCT_DEFINITION_FORMATION('','',#121);
#121 = PRODUCT('UPPER_HFS8_4080','UPPER_HFS8_4080','',(#122));
#122 = PRODUCT_CONTEXT('',#2,'mechanical');
#123 = PRODUCT_DEFINITION_CONTEXT('part definition',#2,'design');
#124 = SHAPE_REPRESENTATION('',(#11,#125,#767,#2345,#2987,#3629),#4271);
#125 = MANIFOLD_SOLID_BREP('',#126);
#126 = CLOSED_SHELL('',(#127,#359,#435,#484,#533,#582,#631,#680,#729,
    #756));
#127 = ADVANCED_FACE('',(#128),#142,.F.);
#128 = FACE_BOUND('',#129,.F.);
#129 = EDGE_LOOP('',(#130,#165,#193,#221,#249,#277,#305,#333));
#130 = ORIENTED_EDGE('',*,*,#131,.F.);
#131 = EDGE_CURVE('',#132,#134,#136,.T.);
#132 = VERTEX_POINT('',#133);
#133 = CARTESIAN_POINT('',(40.,85.,344.));
#134 = VERTEX_POINT('',#135);
#135 = CARTESIAN_POINT('',(25.,85.,344.));
#136 = SURFACE_CURVE('',#137,(#141,#153),.PCURVE_S1.);
#137 = LINE('',#138,#139);
#138 = CARTESIAN_POINT('',(40.,85.,344.));
#139 = VECTOR('',#140,1.);
#140 = DIRECTION('',(-1.,1.110223024625E-16,0.));
#141 = PCURVE('',#142,#147);
#142 = PLANE('',#143);
#143 = AXIS2_PLACEMENT_3D('',#144,#145,#146);
#144 = CARTESIAN_POINT('',(40.,85.,304.));
#145 = DIRECTION('',(1.110223024625E-16,1.,0.));
#146 = DIRECTION('',(0.,0.,1.));
#147 = DEFINITIONAL_REPRESENTATION('',(#148),#152);
#148 = LINE('',#149,#150);
#149 = CARTESIAN_POINT('',(40.,0.));
#150 = VECTOR('',#151,1.);
#151 = DIRECTION('',(0.,-1.));
#152 = ( GEOMETRIC_REPRESENTATION_CONTEXT(2) 
PARAMETRIC_REPRESENTATION_CONTEXT() REPRESENTATION_CONTEXT('2D SPACE',''
  ) );
#153 = PCURVE('',#154,#159);
#154 = PLANE('',#155);
#155 = AXIS2_PLACEMENT_3D('',#156,#157,#158);
#156 = CARTESIAN_POINT('',(40.,85.,344.));
#157 = DIRECTION('',(0.,0.,1.));
#158 = DIRECTION('',(1.110223024625E-16,1.,0.));
#159 = DEFINITIONAL_REPRESENTATION('',(#160),#164);
#160 = LINE('',#161,#162);
#161 = CARTESIAN_POINT('',(0.,0.));
#162 = VECTOR('',#163,1.);
#163 = DIRECTION('',(0.,1.));
#164 = ( GEOMETRIC_REPRESENTATION_CONTEXT(2) 
PARAMETRIC_REPRESENTATION_CONTEXT() REPRESENTATION_CONTEXT('2D SPACE',''
  ) );
#165 = ORIENTED_EDGE('',*,*,#166,.F.);
#166 = EDGE_CURVE('',#167,#132,#169,.T.);
#167 = VERTEX_POINT('',#168);
#168 = CARTESIAN_POINT('',(40.,85.,329.));
#169 = SURFACE_CURVE('',#170,(#174,#181),.PCURVE_S1.);
#170 = LINE('',#171,#172);
#171 = CARTESIAN_POINT('',(40.,85.,304.));
#172 = VECTOR('',#173,1.);
#173 = DIRECTION('',(0.,0.,1.));
#174 = PCURVE('',#142,#175);
#175 = DEFINITIONAL_REPRESENTATION('',(#176),#180);
#176 = LINE('',#177,#178);
#177 = CARTESIAN_POINT('',(0.,0.));
#178 = VECTOR('',#179,1.);
#179 = DIRECTION('',(1.,0.));
#180 = ( GEOMETRIC_REPRESENTATION_CONTEXT(2) 
PARAMETRIC_REPRESENTATION_CONTEXT() REPRESENTATION_CONTEXT('2D SPACE',''
  ) );
#181 = PCURVE('',#182,#187);
#182 = PLANE('',#183);
#183 = AXIS2_PLACEMENT_3D('',#184,#185,#186);
#184 = CARTESIAN_POINT('',(40.,85.,304.));
#185 = DIRECTION('',(-1.,1.110223024625E-16,0.));
#186 = DIRECTION('',(0.,0.,1.));
#187 = DEFINITIONAL_REPRESENTATION('',(#188),#192);
#188 = LINE('',#189,#190);
#189 = CARTESIAN_POINT('',(0.,0.));
#190 = VECTOR('',#191,1.);
#191 = DIRECTION('',(1.,0.));
#192 = ( GEOMETRIC_REPRESENTATION_CONTEXT(2) 
PARAMETRIC_REPRESENTATION_CONTEXT() REPRESENTATION_CONTEXT('2D SPACE',''
  ) );
#193 = ORIENTED_EDGE('',*,*,#194,.F.);
#194 = EDGE_CURVE('',#195,#167,#197,.T.);
#195 = VERTEX_POINT('',#196);
#196 = CARTESIAN_POINT('',(34.5,85.,329.));
#197 = SURFACE_CURVE('',#198,(#202,#209),.PCURVE_S1.);
#198 = LINE('',#199,#200);
#199 = CARTESIAN_POINT('',(40.005,85.,329.));
#200 = VECTOR('',#201,1.);
#201 = DIRECTION('',(1.,-1.110223024625E-16,0.));
#202 = PCURVE('',#142,#203);
#203 = DEFINITIONAL_REPRESENTATION('',(#204),#208);
#204 = LINE('',#205,#206);
#205 = CARTESIAN_POINT('',(25.,4.999999999995E-03));
#206 = VECTOR('',#207,1.);
#207 = DIRECTION('',(0.,1.));
#208 = ( GEOMETRIC_REPRESENTATION_CONTEXT(2) 
PARAMETRIC_REPRESENTATION_CONTEXT() REPRESENTATION_CONTEXT('2D SPACE',''
  ) );
#209 = PCURVE('',#210,#215);
#210 = PLANE('',#211);
#211 = AXIS2_PLACEMENT_3D('',#212,#213,#214);
#212 = CARTESIAN_POINT('',(40.01,84.,329.));
#213 = DIRECTION('',(0.,0.,1.));
#214 = DIRECTION('',(1.110223024625E-16,1.,0.));
#215 = DEFINITIONAL_REPRESENTATION('',(#216),#220);
#216 = LINE('',#217,#218);
#217 = CARTESIAN_POINT('',(1.,5.000000000003E-03));
#218 = VECTOR('',#219,1.);
#219 = DIRECTION('',(0.,-1.));
#220 = ( GEOMETRIC_REPRESENTATION_CONTEXT(2) 
PARAMETRIC_REPRESENTATION_CONTEXT() REPRESENTATION_CONTEXT('2D SPACE',''
  ) );
#221 = ORIENTED_EDGE('',*,*,#222,.T.);
#222 = EDGE_CURVE('',#195,#223,#225,.T.);
#223 = VERTEX_POINT('',#224);
#224 = CARTESIAN_POINT('',(34.5,85.,334.));
#225 = SURFACE_CURVE('',#226,(#230,#237),.PCURVE_S1.);
#226 = LINE('',#227,#228);
#227 = CARTESIAN_POINT('',(34.5,85.,309.));
#228 = VECTOR('',#229,1.);
#229 = DIRECTION('',(0.,0.,1.));
#230 = PCURVE('',#142,#231);
#231 = DEFINITIONAL_REPRESENTATION('',(#232),#236);
#232 = LINE('',#233,#234);
#233 = CARTESIAN_POINT('',(5.,-5.5));
#234 = VECTOR('',#235,1.);
#235 = DIRECTION('',(1.,0.));
#236 = ( GEOMETRIC_REPRESENTATION_CONTEXT(2) 
PARAMETRIC_REPRESENTATION_CONTEXT() REPRESENTATION_CONTEXT('2D SPACE',''
  ) );
#237 = PCURVE('',#238,#243);
#238 = PLANE('',#239);
#239 = AXIS2_PLACEMENT_3D('',#240,#241,#242);
#240 = CARTESIAN_POINT('',(34.5,84.,314.));
#241 = DIRECTION('',(-1.,1.110223024625E-16,0.));
#242 = DIRECTION('',(0.,0.,1.));
#243 = DEFINITIONAL_REPRESENTATION('',(#244),#248);
#244 = LINE('',#245,#246);
#245 = CARTESIAN_POINT('',(-5.,1.));
#246 = VECTOR('',#247,1.);
#247 = DIRECTION('',(1.,0.));
#248 = ( GEOMETRIC_REPRESENTATION_CONTEXT(2) 
PARAMETRIC_REPRESENTATION_CONTEXT() REPRESENTATION_CONTEXT('2D SPACE',''
  ) );
#249 = ORIENTED_EDGE('',*,*,#250,.F.);
#250 = EDGE_CURVE('',#251,#223,#253,.T.);
#251 = VERTEX_POINT('',#252);
#252 = CARTESIAN_POINT('',(30.,85.,334.));
#253 = SURFACE_CURVE('',#254,(#258,#265),.PCURVE_S1.);
#254 = LINE('',#255,#256);
#255 = CARTESIAN_POINT('',(37.25,85.,334.));
#256 = VECTOR('',#257,1.);
#257 = DIRECTION('',(1.,-1.110223024625E-16,0.));
#258 = PCURVE('',#142,#259);
#259 = DEFINITIONAL_REPRESENTATION('',(#260),#264);
#260 = LINE('',#261,#262);
#261 = CARTESIAN_POINT('',(30.,-2.75));
#262 = VECTOR('',#263,1.);
#263 = DIRECTION('',(0.,1.));
#264 = ( GEOMETRIC_REPRESENTATION_CONTEXT(2) 
PARAMETRIC_REPRESENTATION_CONTEXT() REPRESENTATION_CONTEXT('2D SPACE',''
  ) );
#265 = PCURVE('',#266,#271);
#266 = PLANE('',#267);
#267 = AXIS2_PLACEMENT_3D('',#268,#269,#270);
#268 = CARTESIAN_POINT('',(34.5,84.,334.));
#269 = DIRECTION('',(0.,0.,1.));
#270 = DIRECTION('',(1.110223024625E-16,1.,0.));
#271 = DEFINITIONAL_REPRESENTATION('',(#272),#276);
#272 = LINE('',#273,#274);
#273 = CARTESIAN_POINT('',(1.,-2.75));
#274 = VECTOR('',#275,1.);
#275 = DIRECTION('',(0.,-1.));
#276 = ( GEOMETRIC_REPRESENTATION_CONTEXT(2) 
PARAMETRIC_REPRESENTATION_CONTEXT() REPRESENTATION_CONTEXT('2D SPACE',''
  ) );
#277 = ORIENTED_EDGE('',*,*,#278,.T.);
#278 = EDGE_CURVE('',#251,#279,#281,.T.);
#279 = VERTEX_POINT('',#280);
#280 = CARTESIAN_POINT('',(30.,85.,338.5));
#281 = SURFACE_CURVE('',#282,(#286,#293),.PCURVE_S1.);
#282 = LINE('',#283,#284);
#283 = CARTESIAN_POINT('',(30.,85.,317.75));
#284 = VECTOR('',#285,1.);
#285 = DIRECTION('',(0.,0.,1.));
#286 = PCURVE('',#142,#287);
#287 = DEFINITIONAL_REPRESENTATION('',(#288),#292);
#288 = LINE('',#289,#290);
#289 = CARTESIAN_POINT('',(13.75,-10.));
#290 = VECTOR('',#291,1.);
#291 = DIRECTION('',(1.,0.));
#292 = ( GEOMETRIC_REPRESENTATION_CONTEXT(2) 
PARAMETRIC_REPRESENTATION_CONTEXT() REPRESENTATION_CONTEXT('2D SPACE',''
  ) );
#293 = PCURVE('',#294,#299);
#294 = PLANE('',#295);
#295 = AXIS2_PLACEMENT_3D('',#296,#297,#298);
#296 = CARTESIAN_POINT('',(30.,84.,331.5));
#297 = DIRECTION('',(-1.,1.110223024625E-16,0.));
#298 = DIRECTION('',(0.,0.,1.));
#299 = DEFINITIONAL_REPRESENTATION('',(#300),#304);
#300 = LINE('',#301,#302);
#301 = CARTESIAN_POINT('',(-13.75,1.));
#302 = VECTOR('',#303,1.);
#303 = DIRECTION('',(1.,0.));
#304 = ( GEOMETRIC_REPRESENTATION_CONTEXT(2) 
PARAMETRIC_REPRESENTATION_CONTEXT() REPRESENTATION_CONTEXT('2D SPACE',''
  ) );
#305 = ORIENTED_EDGE('',*,*,#306,.F.);
#306 = EDGE_CURVE('',#307,#279,#309,.T.);
#307 = VERTEX_POINT('',#308);
#308 = CARTESIAN_POINT('',(25.,85.,338.5));
#309 = SURFACE_CURVE('',#310,(#314,#321),.PCURVE_S1.);
#310 = LINE('',#311,#312);
#311 = CARTESIAN_POINT('',(35.,85.,338.5));
#312 = VECTOR('',#313,1.);
#313 = DIRECTION('',(1.,-1.110223024625E-16,0.));
#314 = PCURVE('',#142,#315);
#315 = DEFINITIONAL_REPRESENTATION('',(#316),#320);
#316 = LINE('',#317,#318);
#317 = CARTESIAN_POINT('',(34.5,-5.));
#318 = VECTOR('',#319,1.);
#319 = DIRECTION('',(0.,1.));
#320 = ( GEOMETRIC_REPRESENTATION_CONTEXT(2) 
PARAMETRIC_REPRESENTATION_CONTEXT() REPRESENTATION_CONTEXT('2D SPACE',''
  ) );
#321 = PCURVE('',#322,#327);
#322 = PLANE('',#323);
#323 = AXIS2_PLACEMENT_3D('',#324,#325,#326);
#324 = CARTESIAN_POINT('',(30.,84.,338.5));
#325 = DIRECTION('',(0.,0.,1.));
#326 = DIRECTION('',(1.110223024625E-16,1.,0.));
#327 = DEFINITIONAL_REPRESENTATION('',(#328),#332);
#328 = LINE('',#329,#330);
#329 = CARTESIAN_POINT('',(1.,-5.));
#330 = VECTOR('',#331,1.);
#331 = DIRECTION('',(0.,-1.));
#332 = ( GEOMETRIC_REPRESENTATION_CONTEXT(2) 
PARAMETRIC_REPRESENTATION_CONTEXT() REPRESENTATION_CONTEXT('2D SPACE',''
  ) );
#333 = ORIENTED_EDGE('',*,*,#334,.T.);
#334 = EDGE_CURVE('',#307,#134,#335,.T.);
#335 = SURFACE_CURVE('',#336,(#340,#347),.PCURVE_S1.);
#336 = LINE('',#337,#338);
#337 = CARTESIAN_POINT('',(25.,85.,321.245));
#338 = VECTOR('',#339,1.);
#339 = DIRECTION('',(0.,0.,1.));
#340 = PCURVE('',#142,#341);
#341 = DEFINITIONAL_REPRESENTATION('',(#342),#346);
#342 = LINE('',#343,#344);
#343 = CARTESIAN_POINT('',(17.245,-15.));
#344 = VECTOR('',#345,1.);
#345 = DIRECTION('',(1.,0.));
#346 = ( GEOMETRIC_REPRESENTATION_CONTEXT(2) 
PARAMETRIC_REPRESENTATION_CONTEXT() REPRESENTATION_CONTEXT('2D SPACE',''
  ) );
#347 = PCURVE('',#348,#353);
#348 = PLANE('',#349);
#349 = AXIS2_PLACEMENT_3D('',#350,#351,#352);
#350 = CARTESIAN_POINT('',(25.,84.,338.49));
#351 = DIRECTION('',(-1.,1.110223024625E-16,0.));
#352 = DIRECTION('',(0.,0.,1.));
#353 = DEFINITIONAL_REPRESENTATION('',(#354),#358);
#354 = LINE('',#355,#356);
#355 = CARTESIAN_POINT('',(-17.245,1.));
#356 = VECTOR('',#357,1.);
#357 = DIRECTION('',(1.,0.));
#358 = ( GEOMETRIC_REPRESENTATION_CONTEXT(2) 
PARAMETRIC_REPRESENTATION_CONTEXT() REPRESENTATION_CONTEXT('2D SPACE',''
  ) );
#359 = ADVANCED_FACE('',(#360),#154,.T.);
#360 = FACE_BOUND('',#361,.T.);
#361 = EDGE_LOOP('',(#362,#363,#386,#414));
#362 = ORIENTED_EDGE('',*,*,#131,.F.);
#363 = ORIENTED_EDGE('',*,*,#364,.T.);
#364 = EDGE_CURVE('',#132,#365,#367,.T.);
#365 = VERTEX_POINT('',#366);
#366 = CARTESIAN_POINT('',(40.,265.,344.));
#367 = SURFACE_CURVE('',#368,(#372,#379),.PCURVE_S1.);
#368 = LINE('',#369,#370);
#369 = CARTESIAN_POINT('',(40.,85.,344.));
#370 = VECTOR('',#371,1.);
#371 = DIRECTION('',(1.110223024625E-16,1.,0.));
#372 = PCURVE('',#154,#373);
#373 = DEFINITIONAL_REPRESENTATION('',(#374),#378);
#374 = LINE('',#375,#376);
#375 = CARTESIAN_POINT('',(0.,0.));
#376 = VECTOR('',#377,1.);
#377 = DIRECTION('',(1.,0.));
#378 = ( GEOMETRIC_REPRESENTATION_CONTEXT(2) 
PARAMETRIC_REPRESENTATION_CONTEXT() REPRESENTATION_CONTEXT('2D SPACE',''
  ) );
#379 = PCURVE('',#182,#380);
#380 = DEFINITIONAL_REPRESENTATION('',(#381),#385);
#381 = LINE('',#382,#383);
#382 = CARTESIAN_POINT('',(40.,0.));
#383 = VECTOR('',#384,1.);
#384 = DIRECTION('',(0.,1.));
#385 = ( GEOMETRIC_REPRESENTATION_CONTEXT(2) 
PARAMETRIC_REPRESENTATION_CONTEXT() REPRESENTATION_CONTEXT('2D SPACE',''
  ) );
#386 = ORIENTED_EDGE('',*,*,#387,.T.);
#387 = EDGE_CURVE('',#365,#388,#390,.T.);
#388 = VERTEX_POINT('',#389);
#389 = CARTESIAN_POINT('',(25.,265.,344.));
#390 = SURFACE_CURVE('',#391,(#395,#402),.PCURVE_S1.);
#391 = LINE('',#392,#393);
#392 = CARTESIAN_POINT('',(40.,265.,344.));
#393 = VECTOR('',#394,1.);
#394 = DIRECTION('',(-1.,1.110223024625E-16,0.));
#395 = PCURVE('',#154,#396);
#396 = DEFINITIONAL_REPRESENTATION('',(#397),#401);
#397 = LINE('',#398,#399);
#398 = CARTESIAN_POINT('',(180.,5.773159728051E-15));
#399 = VECTOR('',#400,1.);
#400 = DIRECTION('',(0.,1.));
#401 = ( GEOMETRIC_REPRESENTATION_CONTEXT(2) 
PARAMETRIC_REPRESENTATION_CONTEXT() REPRESENTATION_CONTEXT('2D SPACE',''
  ) );
#402 = PCURVE('',#403,#408);
#403 = PLANE('',#404);
#404 = AXIS2_PLACEMENT_3D('',#405,#406,#407);
#405 = CARTESIAN_POINT('',(40.,265.,304.));
#406 = DIRECTION('',(1.110223024625E-16,1.,0.));
#407 = DIRECTION('',(0.,0.,1.));
#408 = DEFINITIONAL_REPRESENTATION('',(#409),#413);
#409 = LINE('',#410,#411);
#410 = CARTESIAN_POINT('',(40.,0.));
#411 = VECTOR('',#412,1.);
#412 = DIRECTION('',(0.,-1.));
#413 = ( GEOMETRIC_REPRESENTATION_CONTEXT(2) 
PARAMETRIC_REPRESENTATION_CONTEXT() REPRESENTATION_CONTEXT('2D SPACE',''
  ) );
#414 = ORIENTED_EDGE('',*,*,#415,.T.);
#415 = EDGE_CURVE('',#388,#134,#416,.T.);
#416 = SURFACE_CURVE('',#417,(#421,#428),.PCURVE_S1.);
#417 = LINE('',#418,#419);
#418 = CARTESIAN_POINT('',(25.,84.5,344.));
#419 = VECTOR('',#420,1.);
#420 = DIRECTION('',(-1.110223024625E-16,-1.,0.));
#421 = PCURVE('',#154,#422);
#422 = DEFINITIONAL_REPRESENTATION('',(#423),#427);
#423 = LINE('',#424,#425);
#424 = CARTESIAN_POINT('',(-0.5,15.));
#425 = VECTOR('',#426,1.);
#426 = DIRECTION('',(-1.,0.));
#427 = ( GEOMETRIC_REPRESENTATION_CONTEXT(2) 
PARAMETRIC_REPRESENTATION_CONTEXT() REPRESENTATION_CONTEXT('2D SPACE',''
  ) );
#428 = PCURVE('',#348,#429);
#429 = DEFINITIONAL_REPRESENTATION('',(#430),#434);
#430 = LINE('',#431,#432);
#431 = CARTESIAN_POINT('',(5.51,0.5));
#432 = VECTOR('',#433,1.);
#433 = DIRECTION('',(0.,-1.));
#434 = ( GEOMETRIC_REPRESENTATION_CONTEXT(2) 
PARAMETRIC_REPRESENTATION_CONTEXT() REPRESENTATION_CONTEXT('2D SPACE',''
  ) );
#435 = ADVANCED_FACE('',(#436),#348,.T.);
#436 = FACE_BOUND('',#437,.T.);
#437 = EDGE_LOOP('',(#438,#461,#462,#463));
#438 = ORIENTED_EDGE('',*,*,#439,.F.);
#439 = EDGE_CURVE('',#307,#440,#442,.T.);
#440 = VERTEX_POINT('',#441);
#441 = CARTESIAN_POINT('',(25.,265.,338.5));
#442 = SURFACE_CURVE('',#443,(#447,#454),.PCURVE_S1.);
#443 = LINE('',#444,#445);
#444 = CARTESIAN_POINT('',(25.,84.,338.5));
#445 = VECTOR('',#446,1.);
#446 = DIRECTION('',(1.110223024625E-16,1.,0.));
#447 = PCURVE('',#348,#448);
#448 = DEFINITIONAL_REPRESENTATION('',(#449),#453);
#449 = LINE('',#450,#451);
#450 = CARTESIAN_POINT('',(9.999999999991E-03,0.));
#451 = VECTOR('',#452,1.);
#452 = DIRECTION('',(0.,1.));
#453 = ( GEOMETRIC_REPRESENTATION_CONTEXT(2) 
PARAMETRIC_REPRESENTATION_CONTEXT() REPRESENTATION_CONTEXT('2D SPACE',''
  ) );
#454 = PCURVE('',#322,#455);
#455 = DEFINITIONAL_REPRESENTATION('',(#456),#460);
#456 = LINE('',#457,#458);
#457 = CARTESIAN_POINT('',(-5.551115123126E-16,5.));
#458 = VECTOR('',#459,1.);
#459 = DIRECTION('',(1.,0.));
#460 = ( GEOMETRIC_REPRESENTATION_CONTEXT(2) 
PARAMETRIC_REPRESENTATION_CONTEXT() REPRESENTATION_CONTEXT('2D SPACE',''
  ) );
#461 = ORIENTED_EDGE('',*,*,#334,.T.);
#462 = ORIENTED_EDGE('',*,*,#415,.F.);
#463 = ORIENTED_EDGE('',*,*,#464,.F.);
#464 = EDGE_CURVE('',#440,#388,#465,.T.);
#465 = SURFACE_CURVE('',#466,(#470,#477),.PCURVE_S1.);
#466 = LINE('',#467,#468);
#467 = CARTESIAN_POINT('',(25.,265.,321.245));
#468 = VECTOR('',#469,1.);
#469 = DIRECTION('',(0.,0.,1.));
#470 = PCURVE('',#348,#471);
#471 = DEFINITIONAL_REPRESENTATION('',(#472),#476);
#472 = LINE('',#473,#474);
#473 = CARTESIAN_POINT('',(-17.245,181.));
#474 = VECTOR('',#475,1.);
#475 = DIRECTION('',(1.,0.));
#476 = ( GEOMETRIC_REPRESENTATION_CONTEXT(2) 
PARAMETRIC_REPRESENTATION_CONTEXT() REPRESENTATION_CONTEXT('2D SPACE',''
  ) );
#477 = PCURVE('',#403,#478);
#478 = DEFINITIONAL_REPRESENTATION('',(#479),#483);
#479 = LINE('',#480,#481);
#480 = CARTESIAN_POINT('',(17.245,-15.));
#481 = VECTOR('',#482,1.);
#482 = DIRECTION('',(1.,0.));
#483 = ( GEOMETRIC_REPRESENTATION_CONTEXT(2) 
PARAMETRIC_REPRESENTATION_CONTEXT() REPRESENTATION_CONTEXT('2D SPACE',''
  ) );
#484 = ADVANCED_FACE('',(#485),#322,.F.);
#485 = FACE_BOUND('',#486,.F.);
#486 = EDGE_LOOP('',(#487,#488,#511,#532));
#487 = ORIENTED_EDGE('',*,*,#306,.T.);
#488 = ORIENTED_EDGE('',*,*,#489,.T.);
#489 = EDGE_CURVE('',#279,#490,#492,.T.);
#490 = VERTEX_POINT('',#491);
#491 = CARTESIAN_POINT('',(30.,265.,338.5));
#492 = SURFACE_CURVE('',#493,(#497,#504),.PCURVE_S1.);
#493 = LINE('',#494,#495);
#494 = CARTESIAN_POINT('',(30.,84.,338.5));
#495 = VECTOR('',#496,1.);
#496 = DIRECTION('',(1.110223024625E-16,1.,0.));
#497 = PCURVE('',#322,#498);
#498 = DEFINITIONAL_REPRESENTATION('',(#499),#503);
#499 = LINE('',#500,#501);
#500 = CARTESIAN_POINT('',(0.,0.));
#501 = VECTOR('',#502,1.);
#502 = DIRECTION('',(1.,0.));
#503 = ( GEOMETRIC_REPRESENTATION_CONTEXT(2) 
PARAMETRIC_REPRESENTATION_CONTEXT() REPRESENTATION_CONTEXT('2D SPACE',''
  ) );
#504 = PCURVE('',#294,#505);
#505 = DEFINITIONAL_REPRESENTATION('',(#506),#510);
#506 = LINE('',#507,#508);
#507 = CARTESIAN_POINT('',(7.,0.));
#508 = VECTOR('',#509,1.);
#509 = DIRECTION('',(0.,1.));
#510 = ( GEOMETRIC_REPRESENTATION_CONTEXT(2) 
PARAMETRIC_REPRESENTATION_CONTEXT() REPRESENTATION_CONTEXT('2D SPACE',''
  ) );
#511 = ORIENTED_EDGE('',*,*,#512,.F.);
#512 = EDGE_CURVE('',#440,#490,#513,.T.);
#513 = SURFACE_CURVE('',#514,(#518,#525),.PCURVE_S1.);
#514 = LINE('',#515,#516);
#515 = CARTESIAN_POINT('',(35.,265.,338.5));
#516 = VECTOR('',#517,1.);
#517 = DIRECTION('',(1.,-1.110223024625E-16,0.));
#518 = PCURVE('',#322,#519);
#519 = DEFINITIONAL_REPRESENTATION('',(#520),#524);
#520 = LINE('',#521,#522);
#521 = CARTESIAN_POINT('',(181.,-5.));
#522 = VECTOR('',#523,1.);
#523 = DIRECTION('',(0.,-1.));
#524 = ( GEOMETRIC_REPRESENTATION_CONTEXT(2) 
PARAMETRIC_REPRESENTATION_CONTEXT() REPRESENTATION_CONTEXT('2D SPACE',''
  ) );
#525 = PCURVE('',#403,#526);
#526 = DEFINITIONAL_REPRESENTATION('',(#527),#531);
#527 = LINE('',#528,#529);
#528 = CARTESIAN_POINT('',(34.5,-5.));
#529 = VECTOR('',#530,1.);
#530 = DIRECTION('',(0.,1.));
#531 = ( GEOMETRIC_REPRESENTATION_CONTEXT(2) 
PARAMETRIC_REPRESENTATION_CONTEXT() REPRESENTATION_CONTEXT('2D SPACE',''
  ) );
#532 = ORIENTED_EDGE('',*,*,#439,.F.);
#533 = ADVANCED_FACE('',(#534),#294,.T.);
#534 = FACE_BOUND('',#535,.T.);
#535 = EDGE_LOOP('',(#536,#559,#560,#561));
#536 = ORIENTED_EDGE('',*,*,#537,.F.);
#537 = EDGE_CURVE('',#251,#538,#540,.T.);
#538 = VERTEX_POINT('',#539);
#539 = CARTESIAN_POINT('',(30.,265.,334.));
#540 = SURFACE_CURVE('',#541,(#545,#552),.PCURVE_S1.);
#541 = LINE('',#542,#543);
#542 = CARTESIAN_POINT('',(30.,84.,334.));
#543 = VECTOR('',#544,1.);
#544 = DIRECTION('',(1.110223024625E-16,1.,0.));
#545 = PCURVE('',#294,#546);
#546 = DEFINITIONAL_REPRESENTATION('',(#547),#551);
#547 = LINE('',#548,#549);
#548 = CARTESIAN_POINT('',(2.5,0.));
#549 = VECTOR('',#550,1.);
#550 = DIRECTION('',(0.,1.));
#551 = ( GEOMETRIC_REPRESENTATION_CONTEXT(2) 
PARAMETRIC_REPRESENTATION_CONTEXT() REPRESENTATION_CONTEXT('2D SPACE',''
  ) );
#552 = PCURVE('',#266,#553);
#553 = DEFINITIONAL_REPRESENTATION('',(#554),#558);
#554 = LINE('',#555,#556);
#555 = CARTESIAN_POINT('',(-4.996003610813E-16,4.5));
#556 = VECTOR('',#557,1.);
#557 = DIRECTION('',(1.,0.));
#558 = ( GEOMETRIC_REPRESENTATION_CONTEXT(2) 
PARAMETRIC_REPRESENTATION_CONTEXT() REPRESENTATION_CONTEXT('2D SPACE',''
  ) );
#559 = ORIENTED_EDGE('',*,*,#278,.T.);
#560 = ORIENTED_EDGE('',*,*,#489,.T.);
#561 = ORIENTED_EDGE('',*,*,#562,.F.);
#562 = EDGE_CURVE('',#538,#490,#563,.T.);
#563 = SURFACE_CURVE('',#564,(#568,#575),.PCURVE_S1.);
#564 = LINE('',#565,#566);
#565 = CARTESIAN_POINT('',(30.,265.,317.75));
#566 = VECTOR('',#567,1.);
#567 = DIRECTION('',(0.,0.,1.));
#568 = PCURVE('',#294,#569);
#569 = DEFINITIONAL_REPRESENTATION('',(#570),#574);
#570 = LINE('',#571,#572);
#571 = CARTESIAN_POINT('',(-13.75,181.));
#572 = VECTOR('',#573,1.);
#573 = DIRECTION('',(1.,0.));
#574 = ( GEOMETRIC_REPRESENTATION_CONTEXT(2) 
PARAMETRIC_REPRESENTATION_CONTEXT() REPRESENTATION_CONTEXT('2D SPACE',''
  ) );
#575 = PCURVE('',#403,#576);
#576 = DEFINITIONAL_REPRESENTATION('',(#577),#581);
#577 = LINE('',#578,#579);
#578 = CARTESIAN_POINT('',(13.75,-10.));
#579 = VECTOR('',#580,1.);
#580 = DIRECTION('',(1.,0.));
#581 = ( GEOMETRIC_REPRESENTATION_CONTEXT(2) 
PARAMETRIC_REPRESENTATION_CONTEXT() REPRESENTATION_CONTEXT('2D SPACE',''
  ) );
#582 = ADVANCED_FACE('',(#583),#266,.F.);
#583 = FACE_BOUND('',#584,.F.);
#584 = EDGE_LOOP('',(#585,#586,#609,#630));
#585 = ORIENTED_EDGE('',*,*,#250,.T.);
#586 = ORIENTED_EDGE('',*,*,#587,.T.);
#587 = EDGE_CURVE('',#223,#588,#590,.T.);
#588 = VERTEX_POINT('',#589);
#589 = CARTESIAN_POINT('',(34.5,265.,334.));
#590 = SURFACE_CURVE('',#591,(#595,#602),.PCURVE_S1.);
#591 = LINE('',#592,#593);
#592 = CARTESIAN_POINT('',(34.5,84.,334.));
#593 = VECTOR('',#594,1.);
#594 = DIRECTION('',(1.110223024625E-16,1.,0.));
#595 = PCURVE('',#266,#596);
#596 = DEFINITIONAL_REPRESENTATION('',(#597),#601);
#597 = LINE('',#598,#599);
#598 = CARTESIAN_POINT('',(0.,0.));
#599 = VECTOR('',#600,1.);
#600 = DIRECTION('',(1.,0.));
#601 = ( GEOMETRIC_REPRESENTATION_CONTEXT(2) 
PARAMETRIC_REPRESENTATION_CONTEXT() REPRESENTATION_CONTEXT('2D SPACE',''
  ) );
#602 = PCURVE('',#238,#603);
#603 = DEFINITIONAL_REPRESENTATION('',(#604),#608);
#604 = LINE('',#605,#606);
#605 = CARTESIAN_POINT('',(20.,0.));
#606 = VECTOR('',#607,1.);
#607 = DIRECTION('',(0.,1.));
#608 = ( GEOMETRIC_REPRESENTATION_CONTEXT(2) 
PARAMETRIC_REPRESENTATION_CONTEXT() REPRESENTATION_CONTEXT('2D SPACE',''
  ) );
#609 = ORIENTED_EDGE('',*,*,#610,.F.);
#610 = EDGE_CURVE('',#538,#588,#611,.T.);
#611 = SURFACE_CURVE('',#612,(#616,#623),.PCURVE_S1.);
#612 = LINE('',#613,#614);
#613 = CARTESIAN_POINT('',(37.25,265.,334.));
#614 = VECTOR('',#615,1.);
#615 = DIRECTION('',(1.,-1.110223024625E-16,0.));
#616 = PCURVE('',#266,#617);
#617 = DEFINITIONAL_REPRESENTATION('',(#618),#622);
#618 = LINE('',#619,#620);
#619 = CARTESIAN_POINT('',(181.,-2.75));
#620 = VECTOR('',#621,1.);
#621 = DIRECTION('',(0.,-1.));
#622 = ( GEOMETRIC_REPRESENTATION_CONTEXT(2) 
PARAMETRIC_REPRESENTATION_CONTEXT() REPRESENTATION_CONTEXT('2D SPACE',''
  ) );
#623 = PCURVE('',#403,#624);
#624 = DEFINITIONAL_REPRESENTATION('',(#625),#629);
#625 = LINE('',#626,#627);
#626 = CARTESIAN_POINT('',(30.,-2.75));
#627 = VECTOR('',#628,1.);
#628 = DIRECTION('',(0.,1.));
#629 = ( GEOMETRIC_REPRESENTATION_CONTEXT(2) 
PARAMETRIC_REPRESENTATION_CONTEXT() REPRESENTATION_CONTEXT('2D SPACE',''
  ) );
#630 = ORIENTED_EDGE('',*,*,#537,.F.);
#631 = ADVANCED_FACE('',(#632),#238,.T.);
#632 = FACE_BOUND('',#633,.T.);
#633 = EDGE_LOOP('',(#634,#635,#636,#659));
#634 = ORIENTED_EDGE('',*,*,#222,.T.);
#635 = ORIENTED_EDGE('',*,*,#587,.T.);
#636 = ORIENTED_EDGE('',*,*,#637,.F.);
#637 = EDGE_CURVE('',#638,#588,#640,.T.);
#638 = VERTEX_POINT('',#639);
#639 = CARTESIAN_POINT('',(34.5,265.,329.));
#640 = SURFACE_CURVE('',#641,(#645,#652),.PCURVE_S1.);
#641 = LINE('',#642,#643);
#642 = CARTESIAN_POINT('',(34.5,265.,309.));
#643 = VECTOR('',#644,1.);
#644 = DIRECTION('',(0.,0.,1.));
#645 = PCURVE('',#238,#646);
#646 = DEFINITIONAL_REPRESENTATION('',(#647),#651);
#647 = LINE('',#648,#649);
#648 = CARTESIAN_POINT('',(-5.,181.));
#649 = VECTOR('',#650,1.);
#650 = DIRECTION('',(1.,0.));
#651 = ( GEOMETRIC_REPRESENTATION_CONTEXT(2) 
PARAMETRIC_REPRESENTATION_CONTEXT() REPRESENTATION_CONTEXT('2D SPACE',''
  ) );
#652 = PCURVE('',#403,#653);
#653 = DEFINITIONAL_REPRESENTATION('',(#654),#658);
#654 = LINE('',#655,#656);
#655 = CARTESIAN_POINT('',(5.,-5.5));
#656 = VECTOR('',#657,1.);
#657 = DIRECTION('',(1.,0.));
#658 = ( GEOMETRIC_REPRESENTATION_CONTEXT(2) 
PARAMETRIC_REPRESENTATION_CONTEXT() REPRESENTATION_CONTEXT('2D SPACE',''
  ) );
#659 = ORIENTED_EDGE('',*,*,#660,.T.);
#660 = EDGE_CURVE('',#638,#195,#661,.T.);
#661 = SURFACE_CURVE('',#662,(#666,#673),.PCURVE_S1.);
#662 = LINE('',#663,#664);
#663 = CARTESIAN_POINT('',(34.5,84.,329.));
#664 = VECTOR('',#665,1.);
#665 = DIRECTION('',(-1.110223024625E-16,-1.,0.));
#666 = PCURVE('',#238,#667);
#667 = DEFINITIONAL_REPRESENTATION('',(#668),#672);
#668 = LINE('',#669,#670);
#669 = CARTESIAN_POINT('',(15.,0.));
#670 = VECTOR('',#671,1.);
#671 = DIRECTION('',(0.,-1.));
#672 = ( GEOMETRIC_REPRESENTATION_CONTEXT(2) 
PARAMETRIC_REPRESENTATION_CONTEXT() REPRESENTATION_CONTEXT('2D SPACE',''
  ) );
#673 = PCURVE('',#210,#674);
#674 = DEFINITIONAL_REPRESENTATION('',(#675),#679);
#675 = LINE('',#676,#677);
#676 = CARTESIAN_POINT('',(-6.117328865685E-16,5.51));
#677 = VECTOR('',#678,1.);
#678 = DIRECTION('',(-1.,0.));
#679 = ( GEOMETRIC_REPRESENTATION_CONTEXT(2) 
PARAMETRIC_REPRESENTATION_CONTEXT() REPRESENTATION_CONTEXT('2D SPACE',''
  ) );
#680 = ADVANCED_FACE('',(#681),#210,.F.);
#681 = FACE_BOUND('',#682,.F.);
#682 = EDGE_LOOP('',(#683,#684,#685,#708));
#683 = ORIENTED_EDGE('',*,*,#660,.T.);
#684 = ORIENTED_EDGE('',*,*,#194,.T.);
#685 = ORIENTED_EDGE('',*,*,#686,.T.);
#686 = EDGE_CURVE('',#167,#687,#689,.T.);
#687 = VERTEX_POINT('',#688);
#688 = CARTESIAN_POINT('',(40.,265.,329.));
#689 = SURFACE_CURVE('',#690,(#694,#701),.PCURVE_S1.);
#690 = LINE('',#691,#692);
#691 = CARTESIAN_POINT('',(40.,84.5,329.));
#692 = VECTOR('',#693,1.);
#693 = DIRECTION('',(1.110223024625E-16,1.,0.));
#694 = PCURVE('',#210,#695);
#695 = DEFINITIONAL_REPRESENTATION('',(#696),#700);
#696 = LINE('',#697,#698);
#697 = CARTESIAN_POINT('',(0.5,9.999999999998E-03));
#698 = VECTOR('',#699,1.);
#699 = DIRECTION('',(1.,0.));
#700 = ( GEOMETRIC_REPRESENTATION_CONTEXT(2) 
PARAMETRIC_REPRESENTATION_CONTEXT() REPRESENTATION_CONTEXT('2D SPACE',''
  ) );
#701 = PCURVE('',#182,#702);
#702 = DEFINITIONAL_REPRESENTATION('',(#703),#707);
#703 = LINE('',#704,#705);
#704 = CARTESIAN_POINT('',(25.,-0.5));
#705 = VECTOR('',#706,1.);
#706 = DIRECTION('',(0.,1.));
#707 = ( GEOMETRIC_REPRESENTATION_CONTEXT(2) 
PARAMETRIC_REPRESENTATION_CONTEXT() REPRESENTATION_CONTEXT('2D SPACE',''
  ) );
#708 = ORIENTED_EDGE('',*,*,#709,.F.);
#709 = EDGE_CURVE('',#638,#687,#710,.T.);
#710 = SURFACE_CURVE('',#711,(#715,#722),.PCURVE_S1.);
#711 = LINE('',#712,#713);
#712 = CARTESIAN_POINT('',(40.005,265.,329.));
#713 = VECTOR('',#714,1.);
#714 = DIRECTION('',(1.,-1.110223024625E-16,0.));
#715 = PCURVE('',#210,#716);
#716 = DEFINITIONAL_REPRESENTATION('',(#717),#721);
#717 = LINE('',#718,#719);
#718 = CARTESIAN_POINT('',(181.,5.000000000008E-03));
#719 = VECTOR('',#720,1.);
#720 = DIRECTION('',(0.,-1.));
#721 = ( GEOMETRIC_REPRESENTATION_CONTEXT(2) 
PARAMETRIC_REPRESENTATION_CONTEXT() REPRESENTATION_CONTEXT('2D SPACE',''
  ) );
#722 = PCURVE('',#403,#723);
#723 = DEFINITIONAL_REPRESENTATION('',(#724),#728);
#724 = LINE('',#725,#726);
#725 = CARTESIAN_POINT('',(25.,4.999999999995E-03));
#726 = VECTOR('',#727,1.);
#727 = DIRECTION('',(0.,1.));
#728 = ( GEOMETRIC_REPRESENTATION_CONTEXT(2) 
PARAMETRIC_REPRESENTATION_CONTEXT() REPRESENTATION_CONTEXT('2D SPACE',''
  ) );
#729 = ADVANCED_FACE('',(#730),#182,.F.);
#730 = FACE_BOUND('',#731,.F.);
#731 = EDGE_LOOP('',(#732,#753,#754,#755));
#732 = ORIENTED_EDGE('',*,*,#733,.F.);
#733 = EDGE_CURVE('',#687,#365,#734,.T.);
#734 = SURFACE_CURVE('',#735,(#739,#746),.PCURVE_S1.);
#735 = LINE('',#736,#737);
#736 = CARTESIAN_POINT('',(40.,265.,304.));
#737 = VECTOR('',#738,1.);
#738 = DIRECTION('',(0.,0.,1.));
#739 = PCURVE('',#182,#740);
#740 = DEFINITIONAL_REPRESENTATION('',(#741),#745);
#741 = LINE('',#742,#743);
#742 = CARTESIAN_POINT('',(0.,180.));
#743 = VECTOR('',#744,1.);
#744 = DIRECTION('',(1.,0.));
#745 = ( GEOMETRIC_REPRESENTATION_CONTEXT(2) 
PARAMETRIC_REPRESENTATION_CONTEXT() REPRESENTATION_CONTEXT('2D SPACE',''
  ) );
#746 = PCURVE('',#403,#747);
#747 = DEFINITIONAL_REPRESENTATION('',(#748),#752);
#748 = LINE('',#749,#750);
#749 = CARTESIAN_POINT('',(0.,0.));
#750 = VECTOR('',#751,1.);
#751 = DIRECTION('',(1.,0.));
#752 = ( GEOMETRIC_REPRESENTATION_CONTEXT(2) 
PARAMETRIC_REPRESENTATION_CONTEXT() REPRESENTATION_CONTEXT('2D SPACE',''
  ) );
#753 = ORIENTED_EDGE('',*,*,#686,.F.);
#754 = ORIENTED_EDGE('',*,*,#166,.T.);
#755 = ORIENTED_EDGE('',*,*,#364,.T.);
#756 = ADVANCED_FACE('',(#757),#403,.T.);
#757 = FACE_BOUND('',#758,.T.);
#758 = EDGE_LOOP('',(#759,#760,#761,#762,#763,#764,#765,#766));
#759 = ORIENTED_EDGE('',*,*,#387,.F.);
#760 = ORIENTED_EDGE('',*,*,#733,.F.);
#761 = ORIENTED_EDGE('',*,*,#709,.F.);
#762 = ORIENTED_EDGE('',*,*,#637,.T.);
#763 = ORIENTED_EDGE('',*,*,#610,.F.);
#764 = ORIENTED_EDGE('',*,*,#562,.T.);
#765 = ORIENTED_EDGE('',*,*,#512,.F.);
#766 = ORIENTED_EDGE('',*,*,#464,.T.);
#767 = MANIFOLD_SOLID_BREP('',#768);
#768 = CLOSED_SHELL('',(#769,#1337,#1413,#1462,#1511,#1560,#1609,#1658,
    #1707,#1756,#1805,#1854,#1903,#1952,#2001,#2050,#2099,#2148,#2197,
    #2246,#2295,#2322));
#769 = ADVANCED_FACE('',(#770),#784,.F.);
#770 = FACE_BOUND('',#771,.F.);
#771 = EDGE_LOOP('',(#772,#807,#835,#863,#891,#919,#947,#975,#1003,#1031
    ,#1059,#1087,#1115,#1143,#1171,#1199,#1227,#1255,#1283,#1311));
#772 = ORIENTED_EDGE('',*,*,#773,.F.);
#773 = EDGE_CURVE('',#774,#776,#778,.T.);
#774 = VERTEX_POINT('',#775);
#775 = CARTESIAN_POINT('',(10.,85.,331.5));
#776 = VERTEX_POINT('',#777);
#777 = CARTESIAN_POINT('',(10.,85.,338.5));
#778 = SURFACE_CURVE('',#779,(#783,#795),.PCURVE_S1.);
#779 = LINE('',#780,#781);
#780 = CARTESIAN_POINT('',(10.,85.,317.75));
#781 = VECTOR('',#782,1.);
#782 = DIRECTION('',(0.,0.,1.));
#783 = PCURVE('',#784,#789);
#784 = PLANE('',#785);
#785 = AXIS2_PLACEMENT_3D('',#786,#787,#788);
#786 = CARTESIAN_POINT('',(40.,85.,304.));
#787 = DIRECTION('',(1.110223024625E-16,1.,0.));
#788 = DIRECTION('',(0.,0.,1.));
#789 = DEFINITIONAL_REPRESENTATION('',(#790),#794);
#790 = LINE('',#791,#792);
#791 = CARTESIAN_POINT('',(13.75,-30.));
#792 = VECTOR('',#793,1.);
#793 = DIRECTION('',(1.,0.));
#794 = ( GEOMETRIC_REPRESENTATION_CONTEXT(2) 
PARAMETRIC_REPRESENTATION_CONTEXT() REPRESENTATION_CONTEXT('2D SPACE',''
  ) );
#795 = PCURVE('',#796,#801);
#796 = PLANE('',#797);
#797 = AXIS2_PLACEMENT_3D('',#798,#799,#800);
#798 = CARTESIAN_POINT('',(10.,84.,331.5));
#799 = DIRECTION('',(-1.,1.110223024625E-16,0.));
#800 = DIRECTION('',(0.,0.,1.));
#801 = DEFINITIONAL_REPRESENTATION('',(#802),#806);
#802 = LINE('',#803,#804);
#803 = CARTESIAN_POINT('',(-13.75,1.));
#804 = VECTOR('',#805,1.);
#805 = DIRECTION('',(1.,0.));
#806 = ( GEOMETRIC_REPRESENTATION_CONTEXT(2) 
PARAMETRIC_REPRESENTATION_CONTEXT() REPRESENTATION_CONTEXT('2D SPACE',''
  ) );
#807 = ORIENTED_EDGE('',*,*,#808,.T.);
#808 = EDGE_CURVE('',#774,#809,#811,.T.);
#809 = VERTEX_POINT('',#810);
#810 = CARTESIAN_POINT('',(27.5,85.,331.5));
#811 = SURFACE_CURVE('',#812,(#816,#823),.PCURVE_S1.);
#812 = LINE('',#813,#814);
#813 = CARTESIAN_POINT('',(35.,85.,331.5));
#814 = VECTOR('',#815,1.);
#815 = DIRECTION('',(1.,-1.110223024625E-16,0.));
#816 = PCURVE('',#784,#817);
#817 = DEFINITIONAL_REPRESENTATION('',(#818),#822);
#818 = LINE('',#819,#820);
#819 = CARTESIAN_POINT('',(27.5,-5.));
#820 = VECTOR('',#821,1.);
#821 = DIRECTION('',(0.,1.));
#822 = ( GEOMETRIC_REPRESENTATION_CONTEXT(2) 
PARAMETRIC_REPRESENTATION_CONTEXT() REPRESENTATION_CONTEXT('2D SPACE',''
  ) );
#823 = PCURVE('',#824,#829);
#824 = PLANE('',#825);
#825 = AXIS2_PLACEMENT_3D('',#826,#827,#828);
#826 = CARTESIAN_POINT('',(30.,84.,331.5));
#827 = DIRECTION('',(0.,0.,1.));
#828 = DIRECTION('',(1.110223024625E-16,1.,0.));
#829 = DEFINITIONAL_REPRESENTATION('',(#830),#834);
#830 = LINE('',#831,#832);
#831 = CARTESIAN_POINT('',(1.,-5.));
#832 = VECTOR('',#833,1.);
#833 = DIRECTION('',(0.,-1.));
#834 = ( GEOMETRIC_REPRESENTATION_CONTEXT(2) 
PARAMETRIC_REPRESENTATION_CONTEXT() REPRESENTATION_CONTEXT('2D SPACE',''
  ) );
#835 = ORIENTED_EDGE('',*,*,#836,.F.);
#836 = EDGE_CURVE('',#837,#809,#839,.T.);
#837 = VERTEX_POINT('',#838);
#838 = CARTESIAN_POINT('',(27.5,85.,316.5));
#839 = SURFACE_CURVE('',#840,(#844,#851),.PCURVE_S1.);
#840 = LINE('',#841,#842);
#841 = CARTESIAN_POINT('',(27.5,85.,309.));
#842 = VECTOR('',#843,1.);
#843 = DIRECTION('',(0.,0.,1.));
#844 = PCURVE('',#784,#845);
#845 = DEFINITIONAL_REPRESENTATION('',(#846),#850);
#846 = LINE('',#847,#848);
#847 = CARTESIAN_POINT('',(5.,-12.5));
#848 = VECTOR('',#849,1.);
#849 = DIRECTION('',(1.,0.));
#850 = ( GEOMETRIC_REPRESENTATION_CONTEXT(2) 
PARAMETRIC_REPRESENTATION_CONTEXT() REPRESENTATION_CONTEXT('2D SPACE',''
  ) );
#851 = PCURVE('',#852,#857);
#852 = PLANE('',#853);
#853 = AXIS2_PLACEMENT_3D('',#854,#855,#856);
#854 = CARTESIAN_POINT('',(27.5,84.,314.));
#855 = DIRECTION('',(-1.,1.110223024625E-16,0.));
#856 = DIRECTION('',(0.,0.,1.));
#857 = DEFINITIONAL_REPRESENTATION('',(#858),#862);
#858 = LINE('',#859,#860);
#859 = CARTESIAN_POINT('',(-5.,1.));
#860 = VECTOR('',#861,1.);
#861 = DIRECTION('',(1.,0.));
#862 = ( GEOMETRIC_REPRESENTATION_CONTEXT(2) 
PARAMETRIC_REPRESENTATION_CONTEXT() REPRESENTATION_CONTEXT('2D SPACE',''
  ) );
#863 = ORIENTED_EDGE('',*,*,#864,.F.);
#864 = EDGE_CURVE('',#865,#837,#867,.T.);
#865 = VERTEX_POINT('',#866);
#866 = CARTESIAN_POINT('',(10.,85.,316.5));
#867 = SURFACE_CURVE('',#868,(#872,#879),.PCURVE_S1.);
#868 = LINE('',#869,#870);
#869 = CARTESIAN_POINT('',(35.,85.,316.5));
#870 = VECTOR('',#871,1.);
#871 = DIRECTION('',(1.,-1.110223024625E-16,0.));
#872 = PCURVE('',#784,#873);
#873 = DEFINITIONAL_REPRESENTATION('',(#874),#878);
#874 = LINE('',#875,#876);
#875 = CARTESIAN_POINT('',(12.5,-5.));
#876 = VECTOR('',#877,1.);
#877 = DIRECTION('',(0.,1.));
#878 = ( GEOMETRIC_REPRESENTATION_CONTEXT(2) 
PARAMETRIC_REPRESENTATION_CONTEXT() REPRESENTATION_CONTEXT('2D SPACE',''
  ) );
#879 = PCURVE('',#880,#885);
#880 = PLANE('',#881);
#881 = AXIS2_PLACEMENT_3D('',#882,#883,#884);
#882 = CARTESIAN_POINT('',(30.,84.,316.5));
#883 = DIRECTION('',(0.,0.,1.));
#884 = DIRECTION('',(1.110223024625E-16,1.,0.));
#885 = DEFINITIONAL_REPRESENTATION('',(#886),#890);
#886 = LINE('',#887,#888);
#887 = CARTESIAN_POINT('',(1.,-5.));
#888 = VECTOR('',#889,1.);
#889 = DIRECTION('',(0.,-1.));
#890 = ( GEOMETRIC_REPRESENTATION_CONTEXT(2) 
PARAMETRIC_REPRESENTATION_CONTEXT() REPRESENTATION_CONTEXT('2D SPACE',''
  ) );
#891 = ORIENTED_EDGE('',*,*,#892,.F.);
#892 = EDGE_CURVE('',#893,#865,#895,.T.);
#893 = VERTEX_POINT('',#894);
#894 = CARTESIAN_POINT('',(10.,85.,309.5));
#895 = SURFACE_CURVE('',#896,(#900,#907),.PCURVE_S1.);
#896 = LINE('',#897,#898);
#897 = CARTESIAN_POINT('',(10.,85.,306.75));
#898 = VECTOR('',#899,1.);
#899 = DIRECTION('',(0.,0.,1.));
#900 = PCURVE('',#784,#901);
#901 = DEFINITIONAL_REPRESENTATION('',(#902),#906);
#902 = LINE('',#903,#904);
#903 = CARTESIAN_POINT('',(2.75,-30.));
#904 = VECTOR('',#905,1.);
#905 = DIRECTION('',(1.,0.));
#906 = ( GEOMETRIC_REPRESENTATION_CONTEXT(2) 
PARAMETRIC_REPRESENTATION_CONTEXT() REPRESENTATION_CONTEXT('2D SPACE',''
  ) );
#907 = PCURVE('',#908,#913);
#908 = PLANE('',#909);
#909 = AXIS2_PLACEMENT_3D('',#910,#911,#912);
#910 = CARTESIAN_POINT('',(10.,84.,309.5));
#911 = DIRECTION('',(-1.,1.110223024625E-16,0.));
#912 = DIRECTION('',(0.,0.,1.));
#913 = DEFINITIONAL_REPRESENTATION('',(#914),#918);
#914 = LINE('',#915,#916);
#915 = CARTESIAN_POINT('',(-2.75,1.));
#916 = VECTOR('',#917,1.);
#917 = DIRECTION('',(1.,0.));
#918 = ( GEOMETRIC_REPRESENTATION_CONTEXT(2) 
PARAMETRIC_REPRESENTATION_CONTEXT() REPRESENTATION_CONTEXT('2D SPACE',''
  ) );
#919 = ORIENTED_EDGE('',*,*,#920,.T.);
#920 = EDGE_CURVE('',#893,#921,#923,.T.);
#921 = VERTEX_POINT('',#922);
#922 = CARTESIAN_POINT('',(15.,85.,309.5));
#923 = SURFACE_CURVE('',#924,(#928,#935),.PCURVE_S1.);
#924 = LINE('',#925,#926);
#925 = CARTESIAN_POINT('',(35.,85.,309.5));
#926 = VECTOR('',#927,1.);
#927 = DIRECTION('',(1.,-1.110223024625E-16,0.));
#928 = PCURVE('',#784,#929);
#929 = DEFINITIONAL_REPRESENTATION('',(#930),#934);
#930 = LINE('',#931,#932);
#931 = CARTESIAN_POINT('',(5.5,-5.));
#932 = VECTOR('',#933,1.);
#933 = DIRECTION('',(0.,1.));
#934 = ( GEOMETRIC_REPRESENTATION_CONTEXT(2) 
PARAMETRIC_REPRESENTATION_CONTEXT() REPRESENTATION_CONTEXT('2D SPACE',''
  ) );
#935 = PCURVE('',#936,#941);
#936 = PLANE('',#937);
#937 = AXIS2_PLACEMENT_3D('',#938,#939,#940);
#938 = CARTESIAN_POINT('',(30.,84.,309.5));
#939 = DIRECTION('',(0.,0.,1.));
#940 = DIRECTION('',(1.110223024625E-16,1.,0.));
#941 = DEFINITIONAL_REPRESENTATION('',(#942),#946);
#942 = LINE('',#943,#944);
#943 = CARTESIAN_POINT('',(1.,-5.));
#944 = VECTOR('',#945,1.);
#945 = DIRECTION('',(0.,-1.));
#946 = ( GEOMETRIC_REPRESENTATION_CONTEXT(2) 
PARAMETRIC_REPRESENTATION_CONTEXT() REPRESENTATION_CONTEXT('2D SPACE',''
  ) );
#947 = ORIENTED_EDGE('',*,*,#948,.F.);
#948 = EDGE_CURVE('',#949,#921,#951,.T.);
#949 = VERTEX_POINT('',#950);
#950 = CARTESIAN_POINT('',(15.,85.,304.));
#951 = SURFACE_CURVE('',#952,(#956,#963),.PCURVE_S1.);
#952 = LINE('',#953,#954);
#953 = CARTESIAN_POINT('',(15.,85.,303.995));
#954 = VECTOR('',#955,1.);
#955 = DIRECTION('',(0.,0.,1.));
#956 = PCURVE('',#784,#957);
#957 = DEFINITIONAL_REPRESENTATION('',(#958),#962);
#958 = LINE('',#959,#960);
#959 = CARTESIAN_POINT('',(-4.999999999995E-03,-25.));
#960 = VECTOR('',#961,1.);
#961 = DIRECTION('',(1.,0.));
#962 = ( GEOMETRIC_REPRESENTATION_CONTEXT(2) 
PARAMETRIC_REPRESENTATION_CONTEXT() REPRESENTATION_CONTEXT('2D SPACE',''
  ) );
#963 = PCURVE('',#964,#969);
#964 = PLANE('',#965);
#965 = AXIS2_PLACEMENT_3D('',#966,#967,#968);
#966 = CARTESIAN_POINT('',(15.,84.,303.99));
#967 = DIRECTION('',(-1.,1.110223024625E-16,0.));
#968 = DIRECTION('',(0.,0.,1.));
#969 = DEFINITIONAL_REPRESENTATION('',(#970),#974);
#970 = LINE('',#971,#972);
#971 = CARTESIAN_POINT('',(4.999999999995E-03,1.));
#972 = VECTOR('',#973,1.);
#973 = DIRECTION('',(1.,0.));
#974 = ( GEOMETRIC_REPRESENTATION_CONTEXT(2) 
PARAMETRIC_REPRESENTATION_CONTEXT() REPRESENTATION_CONTEXT('2D SPACE',''
  ) );
#975 = ORIENTED_EDGE('',*,*,#976,.T.);
#976 = EDGE_CURVE('',#949,#977,#979,.T.);
#977 = VERTEX_POINT('',#978);
#978 = CARTESIAN_POINT('',(-15.,85.,304.));
#979 = SURFACE_CURVE('',#980,(#984,#991),.PCURVE_S1.);
#980 = LINE('',#981,#982);
#981 = CARTESIAN_POINT('',(40.,85.,304.));
#982 = VECTOR('',#983,1.);
#983 = DIRECTION('',(-1.,1.110223024625E-16,0.));
#984 = PCURVE('',#784,#985);
#985 = DEFINITIONAL_REPRESENTATION('',(#986),#990);
#986 = LINE('',#987,#988);
#987 = CARTESIAN_POINT('',(0.,0.));
#988 = VECTOR('',#989,1.);
#989 = DIRECTION('',(0.,-1.));
#990 = ( GEOMETRIC_REPRESENTATION_CONTEXT(2) 
PARAMETRIC_REPRESENTATION_CONTEXT() REPRESENTATION_CONTEXT('2D SPACE',''
  ) );
#991 = PCURVE('',#992,#997);
#992 = PLANE('',#993);
#993 = AXIS2_PLACEMENT_3D('',#994,#995,#996);
#994 = CARTESIAN_POINT('',(40.,85.,304.));
#995 = DIRECTION('',(0.,0.,1.));
#996 = DIRECTION('',(1.110223024625E-16,1.,0.));
#997 = DEFINITIONAL_REPRESENTATION('',(#998),#1002);
#998 = LINE('',#999,#1000);
#999 = CARTESIAN_POINT('',(0.,0.));
#1000 = VECTOR('',#1001,1.);
#1001 = DIRECTION('',(0.,1.));
#1002 = ( GEOMETRIC_REPRESENTATION_CONTEXT(2) 
PARAMETRIC_REPRESENTATION_CONTEXT() REPRESENTATION_CONTEXT('2D SPACE',''
  ) );
#1003 = ORIENTED_EDGE('',*,*,#1004,.T.);
#1004 = EDGE_CURVE('',#977,#1005,#1007,.T.);
#1005 = VERTEX_POINT('',#1006);
#1006 = CARTESIAN_POINT('',(-15.,85.,309.5));
#1007 = SURFACE_CURVE('',#1008,(#1012,#1019),.PCURVE_S1.);
#1008 = LINE('',#1009,#1010);
#1009 = CARTESIAN_POINT('',(-15.,85.,303.995));
#1010 = VECTOR('',#1011,1.);
#1011 = DIRECTION('',(0.,0.,1.));
#1012 = PCURVE('',#784,#1013);
#1013 = DEFINITIONAL_REPRESENTATION('',(#1014),#1018);
#1014 = LINE('',#1015,#1016);
#1015 = CARTESIAN_POINT('',(-4.999999999995E-03,-55.));
#1016 = VECTOR('',#1017,1.);
#1017 = DIRECTION('',(1.,0.));
#1018 = ( GEOMETRIC_REPRESENTATION_CONTEXT(2) 
PARAMETRIC_REPRESENTATION_CONTEXT() REPRESENTATION_CONTEXT('2D SPACE',''
  ) );
#1019 = PCURVE('',#1020,#1025);
#1020 = PLANE('',#1021);
#1021 = AXIS2_PLACEMENT_3D('',#1022,#1023,#1024);
#1022 = CARTESIAN_POINT('',(-15.,84.,303.99));
#1023 = DIRECTION('',(-1.,1.110223024625E-16,0.));
#1024 = DIRECTION('',(0.,0.,1.));
#1025 = DEFINITIONAL_REPRESENTATION('',(#1026),#1030);
#1026 = LINE('',#1027,#1028);
#1027 = CARTESIAN_POINT('',(4.999999999995E-03,1.));
#1028 = VECTOR('',#1029,1.);
#1029 = DIRECTION('',(1.,0.));
#1030 = ( GEOMETRIC_REPRESENTATION_CONTEXT(2) 
PARAMETRIC_REPRESENTATION_CONTEXT() REPRESENTATION_CONTEXT('2D SPACE',''
  ) );
#1031 = ORIENTED_EDGE('',*,*,#1032,.T.);
#1032 = EDGE_CURVE('',#1005,#1033,#1035,.T.);
#1033 = VERTEX_POINT('',#1034);
#1034 = CARTESIAN_POINT('',(-10.,85.,309.5));
#1035 = SURFACE_CURVE('',#1036,(#1040,#1047),.PCURVE_S1.);
#1036 = LINE('',#1037,#1038);
#1037 = CARTESIAN_POINT('',(15.,85.,309.5));
#1038 = VECTOR('',#1039,1.);
#1039 = DIRECTION('',(1.,-1.110223024625E-16,0.));
#1040 = PCURVE('',#784,#1041);
#1041 = DEFINITIONAL_REPRESENTATION('',(#1042),#1046);
#1042 = LINE('',#1043,#1044);
#1043 = CARTESIAN_POINT('',(5.5,-25.));
#1044 = VECTOR('',#1045,1.);
#1045 = DIRECTION('',(0.,1.));
#1046 = ( GEOMETRIC_REPRESENTATION_CONTEXT(2) 
PARAMETRIC_REPRESENTATION_CONTEXT() REPRESENTATION_CONTEXT('2D SPACE',''
  ) );
#1047 = PCURVE('',#1048,#1053);
#1048 = PLANE('',#1049);
#1049 = AXIS2_PLACEMENT_3D('',#1050,#1051,#1052);
#1050 = CARTESIAN_POINT('',(-10.,84.,309.5));
#1051 = DIRECTION('',(0.,0.,1.));
#1052 = DIRECTION('',(1.110223024625E-16,1.,0.));
#1053 = DEFINITIONAL_REPRESENTATION('',(#1054),#1058);
#1054 = LINE('',#1055,#1056);
#1055 = CARTESIAN_POINT('',(1.,-25.));
#1056 = VECTOR('',#1057,1.);
#1057 = DIRECTION('',(0.,-1.));
#1058 = ( GEOMETRIC_REPRESENTATION_CONTEXT(2) 
PARAMETRIC_REPRESENTATION_CONTEXT() REPRESENTATION_CONTEXT('2D SPACE',''
  ) );
#1059 = ORIENTED_EDGE('',*,*,#1060,.T.);
#1060 = EDGE_CURVE('',#1033,#1061,#1063,.T.);
#1061 = VERTEX_POINT('',#1062);
#1062 = CARTESIAN_POINT('',(-10.,85.,316.5));
#1063 = SURFACE_CURVE('',#1064,(#1068,#1075),.PCURVE_S1.);
#1064 = LINE('',#1065,#1066);
#1065 = CARTESIAN_POINT('',(-10.,85.,306.75));
#1066 = VECTOR('',#1067,1.);
#1067 = DIRECTION('',(0.,0.,1.));
#1068 = PCURVE('',#784,#1069);
#1069 = DEFINITIONAL_REPRESENTATION('',(#1070),#1074);
#1070 = LINE('',#1071,#1072);
#1071 = CARTESIAN_POINT('',(2.75,-50.));
#1072 = VECTOR('',#1073,1.);
#1073 = DIRECTION('',(1.,0.));
#1074 = ( GEOMETRIC_REPRESENTATION_CONTEXT(2) 
PARAMETRIC_REPRESENTATION_CONTEXT() REPRESENTATION_CONTEXT('2D SPACE',''
  ) );
#1075 = PCURVE('',#1076,#1081);
#1076 = PLANE('',#1077);
#1077 = AXIS2_PLACEMENT_3D('',#1078,#1079,#1080);
#1078 = CARTESIAN_POINT('',(-10.,84.,309.5));
#1079 = DIRECTION('',(-1.,1.110223024625E-16,0.));
#1080 = DIRECTION('',(0.,0.,1.));
#1081 = DEFINITIONAL_REPRESENTATION('',(#1082),#1086);
#1082 = LINE('',#1083,#1084);
#1083 = CARTESIAN_POINT('',(-2.75,1.));
#1084 = VECTOR('',#1085,1.);
#1085 = DIRECTION('',(1.,0.));
#1086 = ( GEOMETRIC_REPRESENTATION_CONTEXT(2) 
PARAMETRIC_REPRESENTATION_CONTEXT() REPRESENTATION_CONTEXT('2D SPACE',''
  ) );
#1087 = ORIENTED_EDGE('',*,*,#1088,.F.);
#1088 = EDGE_CURVE('',#1089,#1061,#1091,.T.);
#1089 = VERTEX_POINT('',#1090);
#1090 = CARTESIAN_POINT('',(-27.5,85.,316.5));
#1091 = SURFACE_CURVE('',#1092,(#1096,#1103),.PCURVE_S1.);
#1092 = LINE('',#1093,#1094);
#1093 = CARTESIAN_POINT('',(15.,85.,316.5));
#1094 = VECTOR('',#1095,1.);
#1095 = DIRECTION('',(1.,-1.110223024625E-16,0.));
#1096 = PCURVE('',#784,#1097);
#1097 = DEFINITIONAL_REPRESENTATION('',(#1098),#1102);
#1098 = LINE('',#1099,#1100);
#1099 = CARTESIAN_POINT('',(12.5,-25.));
#1100 = VECTOR('',#1101,1.);
#1101 = DIRECTION('',(0.,1.));
#1102 = ( GEOMETRIC_REPRESENTATION_CONTEXT(2) 
PARAMETRIC_REPRESENTATION_CONTEXT() REPRESENTATION_CONTEXT('2D SPACE',''
  ) );
#1103 = PCURVE('',#1104,#1109);
#1104 = PLANE('',#1105);
#1105 = AXIS2_PLACEMENT_3D('',#1106,#1107,#1108);
#1106 = CARTESIAN_POINT('',(-10.,84.,316.5));
#1107 = DIRECTION('',(0.,0.,1.));
#1108 = DIRECTION('',(1.110223024625E-16,1.,0.));
#1109 = DEFINITIONAL_REPRESENTATION('',(#1110),#1114);
#1110 = LINE('',#1111,#1112);
#1111 = CARTESIAN_POINT('',(1.,-25.));
#1112 = VECTOR('',#1113,1.);
#1113 = DIRECTION('',(0.,-1.));
#1114 = ( GEOMETRIC_REPRESENTATION_CONTEXT(2) 
PARAMETRIC_REPRESENTATION_CONTEXT() REPRESENTATION_CONTEXT('2D SPACE',''
  ) );
#1115 = ORIENTED_EDGE('',*,*,#1116,.T.);
#1116 = EDGE_CURVE('',#1089,#1117,#1119,.T.);
#1117 = VERTEX_POINT('',#1118);
#1118 = CARTESIAN_POINT('',(-27.5,85.,331.5));
#1119 = SURFACE_CURVE('',#1120,(#1124,#1131),.PCURVE_S1.);
#1120 = LINE('',#1121,#1122);
#1121 = CARTESIAN_POINT('',(-27.5,85.,309.));
#1122 = VECTOR('',#1123,1.);
#1123 = DIRECTION('',(0.,0.,1.));
#1124 = PCURVE('',#784,#1125);
#1125 = DEFINITIONAL_REPRESENTATION('',(#1126),#1130);
#1126 = LINE('',#1127,#1128);
#1127 = CARTESIAN_POINT('',(5.,-67.5));
#1128 = VECTOR('',#1129,1.);
#1129 = DIRECTION('',(1.,0.));
#1130 = ( GEOMETRIC_REPRESENTATION_CONTEXT(2) 
PARAMETRIC_REPRESENTATION_CONTEXT() REPRESENTATION_CONTEXT('2D SPACE',''
  ) );
#1131 = PCURVE('',#1132,#1137);
#1132 = PLANE('',#1133);
#1133 = AXIS2_PLACEMENT_3D('',#1134,#1135,#1136);
#1134 = CARTESIAN_POINT('',(-27.5,84.,314.));
#1135 = DIRECTION('',(-1.,1.110223024625E-16,0.));
#1136 = DIRECTION('',(0.,0.,1.));
#1137 = DEFINITIONAL_REPRESENTATION('',(#1138),#1142);
#1138 = LINE('',#1139,#1140);
#1139 = CARTESIAN_POINT('',(-5.,1.));
#1140 = VECTOR('',#1141,1.);
#1141 = DIRECTION('',(1.,0.));
#1142 = ( GEOMETRIC_REPRESENTATION_CONTEXT(2) 
PARAMETRIC_REPRESENTATION_CONTEXT() REPRESENTATION_CONTEXT('2D SPACE',''
  ) );
#1143 = ORIENTED_EDGE('',*,*,#1144,.T.);
#1144 = EDGE_CURVE('',#1117,#1145,#1147,.T.);
#1145 = VERTEX_POINT('',#1146);
#1146 = CARTESIAN_POINT('',(-10.,85.,331.5));
#1147 = SURFACE_CURVE('',#1148,(#1152,#1159),.PCURVE_S1.);
#1148 = LINE('',#1149,#1150);
#1149 = CARTESIAN_POINT('',(15.,85.,331.5));
#1150 = VECTOR('',#1151,1.);
#1151 = DIRECTION('',(1.,-1.110223024625E-16,0.));
#1152 = PCURVE('',#784,#1153);
#1153 = DEFINITIONAL_REPRESENTATION('',(#1154),#1158);
#1154 = LINE('',#1155,#1156);
#1155 = CARTESIAN_POINT('',(27.5,-25.));
#1156 = VECTOR('',#1157,1.);
#1157 = DIRECTION('',(0.,1.));
#1158 = ( GEOMETRIC_REPRESENTATION_CONTEXT(2) 
PARAMETRIC_REPRESENTATION_CONTEXT() REPRESENTATION_CONTEXT('2D SPACE',''
  ) );
#1159 = PCURVE('',#1160,#1165);
#1160 = PLANE('',#1161);
#1161 = AXIS2_PLACEMENT_3D('',#1162,#1163,#1164);
#1162 = CARTESIAN_POINT('',(-10.,84.,331.5));
#1163 = DIRECTION('',(0.,0.,1.));
#1164 = DIRECTION('',(1.110223024625E-16,1.,0.));
#1165 = DEFINITIONAL_REPRESENTATION('',(#1166),#1170);
#1166 = LINE('',#1167,#1168);
#1167 = CARTESIAN_POINT('',(1.,-25.));
#1168 = VECTOR('',#1169,1.);
#1169 = DIRECTION('',(0.,-1.));
#1170 = ( GEOMETRIC_REPRESENTATION_CONTEXT(2) 
PARAMETRIC_REPRESENTATION_CONTEXT() REPRESENTATION_CONTEXT('2D SPACE',''
  ) );
#1171 = ORIENTED_EDGE('',*,*,#1172,.T.);
#1172 = EDGE_CURVE('',#1145,#1173,#1175,.T.);
#1173 = VERTEX_POINT('',#1174);
#1174 = CARTESIAN_POINT('',(-10.,85.,338.5));
#1175 = SURFACE_CURVE('',#1176,(#1180,#1187),.PCURVE_S1.);
#1176 = LINE('',#1177,#1178);
#1177 = CARTESIAN_POINT('',(-10.,85.,317.75));
#1178 = VECTOR('',#1179,1.);
#1179 = DIRECTION('',(0.,0.,1.));
#1180 = PCURVE('',#784,#1181);
#1181 = DEFINITIONAL_REPRESENTATION('',(#1182),#1186);
#1182 = LINE('',#1183,#1184);
#1183 = CARTESIAN_POINT('',(13.75,-50.));
#1184 = VECTOR('',#1185,1.);
#1185 = DIRECTION('',(1.,0.));
#1186 = ( GEOMETRIC_REPRESENTATION_CONTEXT(2) 
PARAMETRIC_REPRESENTATION_CONTEXT() REPRESENTATION_CONTEXT('2D SPACE',''
  ) );
#1187 = PCURVE('',#1188,#1193);
#1188 = PLANE('',#1189);
#1189 = AXIS2_PLACEMENT_3D('',#1190,#1191,#1192);
#1190 = CARTESIAN_POINT('',(-10.,84.,331.5));
#1191 = DIRECTION('',(-1.,1.110223024625E-16,0.));
#1192 = DIRECTION('',(0.,0.,1.));
#1193 = DEFINITIONAL_REPRESENTATION('',(#1194),#1198);
#1194 = LINE('',#1195,#1196);
#1195 = CARTESIAN_POINT('',(-13.75,1.));
#1196 = VECTOR('',#1197,1.);
#1197 = DIRECTION('',(1.,0.));
#1198 = ( GEOMETRIC_REPRESENTATION_CONTEXT(2) 
PARAMETRIC_REPRESENTATION_CONTEXT() REPRESENTATION_CONTEXT('2D SPACE',''
  ) );
#1199 = ORIENTED_EDGE('',*,*,#1200,.F.);
#1200 = EDGE_CURVE('',#1201,#1173,#1203,.T.);
#1201 = VERTEX_POINT('',#1202);
#1202 = CARTESIAN_POINT('',(-15.,85.,338.5));
#1203 = SURFACE_CURVE('',#1204,(#1208,#1215),.PCURVE_S1.);
#1204 = LINE('',#1205,#1206);
#1205 = CARTESIAN_POINT('',(15.,85.,338.5));
#1206 = VECTOR('',#1207,1.);
#1207 = DIRECTION('',(1.,-1.110223024625E-16,0.));
#1208 = PCURVE('',#784,#1209);
#1209 = DEFINITIONAL_REPRESENTATION('',(#1210),#1214);
#1210 = LINE('',#1211,#1212);
#1211 = CARTESIAN_POINT('',(34.5,-25.));
#1212 = VECTOR('',#1213,1.);
#1213 = DIRECTION('',(0.,1.));
#1214 = ( GEOMETRIC_REPRESENTATION_CONTEXT(2) 
PARAMETRIC_REPRESENTATION_CONTEXT() REPRESENTATION_CONTEXT('2D SPACE',''
  ) );
#1215 = PCURVE('',#1216,#1221);
#1216 = PLANE('',#1217);
#1217 = AXIS2_PLACEMENT_3D('',#1218,#1219,#1220);
#1218 = CARTESIAN_POINT('',(-10.,84.,338.5));
#1219 = DIRECTION('',(0.,0.,1.));
#1220 = DIRECTION('',(1.110223024625E-16,1.,0.));
#1221 = DEFINITIONAL_REPRESENTATION('',(#1222),#1226);
#1222 = LINE('',#1223,#1224);
#1223 = CARTESIAN_POINT('',(1.,-25.));
#1224 = VECTOR('',#1225,1.);
#1225 = DIRECTION('',(0.,-1.));
#1226 = ( GEOMETRIC_REPRESENTATION_CONTEXT(2) 
PARAMETRIC_REPRESENTATION_CONTEXT() REPRESENTATION_CONTEXT('2D SPACE',''
  ) );
#1227 = ORIENTED_EDGE('',*,*,#1228,.T.);
#1228 = EDGE_CURVE('',#1201,#1229,#1231,.T.);
#1229 = VERTEX_POINT('',#1230);
#1230 = CARTESIAN_POINT('',(-15.,85.,344.));
#1231 = SURFACE_CURVE('',#1232,(#1236,#1243),.PCURVE_S1.);
#1232 = LINE('',#1233,#1234);
#1233 = CARTESIAN_POINT('',(-15.,85.,321.245));
#1234 = VECTOR('',#1235,1.);
#1235 = DIRECTION('',(0.,0.,1.));
#1236 = PCURVE('',#784,#1237);
#1237 = DEFINITIONAL_REPRESENTATION('',(#1238),#1242);
#1238 = LINE('',#1239,#1240);
#1239 = CARTESIAN_POINT('',(17.245,-55.));
#1240 = VECTOR('',#1241,1.);
#1241 = DIRECTION('',(1.,0.));
#1242 = ( GEOMETRIC_REPRESENTATION_CONTEXT(2) 
PARAMETRIC_REPRESENTATION_CONTEXT() REPRESENTATION_CONTEXT('2D SPACE',''
  ) );
#1243 = PCURVE('',#1244,#1249);
#1244 = PLANE('',#1245);
#1245 = AXIS2_PLACEMENT_3D('',#1246,#1247,#1248);
#1246 = CARTESIAN_POINT('',(-15.,84.,338.49));
#1247 = DIRECTION('',(-1.,1.110223024625E-16,0.));
#1248 = DIRECTION('',(0.,0.,1.));
#1249 = DEFINITIONAL_REPRESENTATION('',(#1250),#1254);
#1250 = LINE('',#1251,#1252);
#1251 = CARTESIAN_POINT('',(-17.245,1.));
#1252 = VECTOR('',#1253,1.);
#1253 = DIRECTION('',(1.,0.));
#1254 = ( GEOMETRIC_REPRESENTATION_CONTEXT(2) 
PARAMETRIC_REPRESENTATION_CONTEXT() REPRESENTATION_CONTEXT('2D SPACE',''
  ) );
#1255 = ORIENTED_EDGE('',*,*,#1256,.F.);
#1256 = EDGE_CURVE('',#1257,#1229,#1259,.T.);
#1257 = VERTEX_POINT('',#1258);
#1258 = CARTESIAN_POINT('',(15.,85.,344.));
#1259 = SURFACE_CURVE('',#1260,(#1264,#1271),.PCURVE_S1.);
#1260 = LINE('',#1261,#1262);
#1261 = CARTESIAN_POINT('',(40.,85.,344.));
#1262 = VECTOR('',#1263,1.);
#1263 = DIRECTION('',(-1.,1.110223024625E-16,0.));
#1264 = PCURVE('',#784,#1265);
#1265 = DEFINITIONAL_REPRESENTATION('',(#1266),#1270);
#1266 = LINE('',#1267,#1268);
#1267 = CARTESIAN_POINT('',(40.,0.));
#1268 = VECTOR('',#1269,1.);
#1269 = DIRECTION('',(0.,-1.));
#1270 = ( GEOMETRIC_REPRESENTATION_CONTEXT(2) 
PARAMETRIC_REPRESENTATION_CONTEXT() REPRESENTATION_CONTEXT('2D SPACE',''
  ) );
#1271 = PCURVE('',#1272,#1277);
#1272 = PLANE('',#1273);
#1273 = AXIS2_PLACEMENT_3D('',#1274,#1275,#1276);
#1274 = CARTESIAN_POINT('',(40.,85.,344.));
#1275 = DIRECTION('',(0.,0.,1.));
#1276 = DIRECTION('',(1.110223024625E-16,1.,0.));
#1277 = DEFINITIONAL_REPRESENTATION('',(#1278),#1282);
#1278 = LINE('',#1279,#1280);
#1279 = CARTESIAN_POINT('',(0.,0.));
#1280 = VECTOR('',#1281,1.);
#1281 = DIRECTION('',(0.,1.));
#1282 = ( GEOMETRIC_REPRESENTATION_CONTEXT(2) 
PARAMETRIC_REPRESENTATION_CONTEXT() REPRESENTATION_CONTEXT('2D SPACE',''
  ) );
#1283 = ORIENTED_EDGE('',*,*,#1284,.F.);
#1284 = EDGE_CURVE('',#1285,#1257,#1287,.T.);
#1285 = VERTEX_POINT('',#1286);
#1286 = CARTESIAN_POINT('',(15.,85.,338.5));
#1287 = SURFACE_CURVE('',#1288,(#1292,#1299),.PCURVE_S1.);
#1288 = LINE('',#1289,#1290);
#1289 = CARTESIAN_POINT('',(15.,85.,321.245));
#1290 = VECTOR('',#1291,1.);
#1291 = DIRECTION('',(0.,0.,1.));
#1292 = PCURVE('',#784,#1293);
#1293 = DEFINITIONAL_REPRESENTATION('',(#1294),#1298);
#1294 = LINE('',#1295,#1296);
#1295 = CARTESIAN_POINT('',(17.245,-25.));
#1296 = VECTOR('',#1297,1.);
#1297 = DIRECTION('',(1.,0.));
#1298 = ( GEOMETRIC_REPRESENTATION_CONTEXT(2) 
PARAMETRIC_REPRESENTATION_CONTEXT() REPRESENTATION_CONTEXT('2D SPACE',''
  ) );
#1299 = PCURVE('',#1300,#1305);
#1300 = PLANE('',#1301);
#1301 = AXIS2_PLACEMENT_3D('',#1302,#1303,#1304);
#1302 = CARTESIAN_POINT('',(15.,84.,338.49));
#1303 = DIRECTION('',(-1.,1.110223024625E-16,0.));
#1304 = DIRECTION('',(0.,0.,1.));
#1305 = DEFINITIONAL_REPRESENTATION('',(#1306),#1310);
#1306 = LINE('',#1307,#1308);
#1307 = CARTESIAN_POINT('',(-17.245,1.));
#1308 = VECTOR('',#1309,1.);
#1309 = DIRECTION('',(1.,0.));
#1310 = ( GEOMETRIC_REPRESENTATION_CONTEXT(2) 
PARAMETRIC_REPRESENTATION_CONTEXT() REPRESENTATION_CONTEXT('2D SPACE',''
  ) );
#1311 = ORIENTED_EDGE('',*,*,#1312,.F.);
#1312 = EDGE_CURVE('',#776,#1285,#1313,.T.);
#1313 = SURFACE_CURVE('',#1314,(#1318,#1325),.PCURVE_S1.);
#1314 = LINE('',#1315,#1316);
#1315 = CARTESIAN_POINT('',(35.,85.,338.5));
#1316 = VECTOR('',#1317,1.);
#1317 = DIRECTION('',(1.,-1.110223024625E-16,0.));
#1318 = PCURVE('',#784,#1319);
#1319 = DEFINITIONAL_REPRESENTATION('',(#1320),#1324);
#1320 = LINE('',#1321,#1322);
#1321 = CARTESIAN_POINT('',(34.5,-5.));
#1322 = VECTOR('',#1323,1.);
#1323 = DIRECTION('',(0.,1.));
#1324 = ( GEOMETRIC_REPRESENTATION_CONTEXT(2) 
PARAMETRIC_REPRESENTATION_CONTEXT() REPRESENTATION_CONTEXT('2D SPACE',''
  ) );
#1325 = PCURVE('',#1326,#1331);
#1326 = PLANE('',#1327);
#1327 = AXIS2_PLACEMENT_3D('',#1328,#1329,#1330);
#1328 = CARTESIAN_POINT('',(30.,84.,338.5));
#1329 = DIRECTION('',(0.,0.,1.));
#1330 = DIRECTION('',(1.110223024625E-16,1.,0.));
#1331 = DEFINITIONAL_REPRESENTATION('',(#1332),#1336);
#1332 = LINE('',#1333,#1334);
#1333 = CARTESIAN_POINT('',(1.,-5.));
#1334 = VECTOR('',#1335,1.);
#1335 = DIRECTION('',(0.,-1.));
#1336 = ( GEOMETRIC_REPRESENTATION_CONTEXT(2) 
PARAMETRIC_REPRESENTATION_CONTEXT() REPRESENTATION_CONTEXT('2D SPACE',''
  ) );
#1337 = ADVANCED_FACE('',(#1338),#796,.F.);
#1338 = FACE_BOUND('',#1339,.F.);
#1339 = EDGE_LOOP('',(#1340,#1363,#1364,#1387));
#1340 = ORIENTED_EDGE('',*,*,#1341,.F.);
#1341 = EDGE_CURVE('',#774,#1342,#1344,.T.);
#1342 = VERTEX_POINT('',#1343);
#1343 = CARTESIAN_POINT('',(10.,265.,331.5));
#1344 = SURFACE_CURVE('',#1345,(#1349,#1356),.PCURVE_S1.);
#1345 = LINE('',#1346,#1347);
#1346 = CARTESIAN_POINT('',(10.,84.,331.5));
#1347 = VECTOR('',#1348,1.);
#1348 = DIRECTION('',(1.110223024625E-16,1.,0.));
#1349 = PCURVE('',#796,#1350);
#1350 = DEFINITIONAL_REPRESENTATION('',(#1351),#1355);
#1351 = LINE('',#1352,#1353);
#1352 = CARTESIAN_POINT('',(0.,0.));
#1353 = VECTOR('',#1354,1.);
#1354 = DIRECTION('',(0.,1.));
#1355 = ( GEOMETRIC_REPRESENTATION_CONTEXT(2) 
PARAMETRIC_REPRESENTATION_CONTEXT() REPRESENTATION_CONTEXT('2D SPACE',''
  ) );
#1356 = PCURVE('',#824,#1357);
#1357 = DEFINITIONAL_REPRESENTATION('',(#1358),#1362);
#1358 = LINE('',#1359,#1360);
#1359 = CARTESIAN_POINT('',(-2.22044604925E-15,20.));
#1360 = VECTOR('',#1361,1.);
#1361 = DIRECTION('',(1.,0.));
#1362 = ( GEOMETRIC_REPRESENTATION_CONTEXT(2) 
PARAMETRIC_REPRESENTATION_CONTEXT() REPRESENTATION_CONTEXT('2D SPACE',''
  ) );
#1363 = ORIENTED_EDGE('',*,*,#773,.T.);
#1364 = ORIENTED_EDGE('',*,*,#1365,.T.);
#1365 = EDGE_CURVE('',#776,#1366,#1368,.T.);
#1366 = VERTEX_POINT('',#1367);
#1367 = CARTESIAN_POINT('',(10.,265.,338.5));
#1368 = SURFACE_CURVE('',#1369,(#1373,#1380),.PCURVE_S1.);
#1369 = LINE('',#1370,#1371);
#1370 = CARTESIAN_POINT('',(10.,84.,338.5));
#1371 = VECTOR('',#1372,1.);
#1372 = DIRECTION('',(1.110223024625E-16,1.,0.));
#1373 = PCURVE('',#796,#1374);
#1374 = DEFINITIONAL_REPRESENTATION('',(#1375),#1379);
#1375 = LINE('',#1376,#1377);
#1376 = CARTESIAN_POINT('',(7.,0.));
#1377 = VECTOR('',#1378,1.);
#1378 = DIRECTION('',(0.,1.));
#1379 = ( GEOMETRIC_REPRESENTATION_CONTEXT(2) 
PARAMETRIC_REPRESENTATION_CONTEXT() REPRESENTATION_CONTEXT('2D SPACE',''
  ) );
#1380 = PCURVE('',#1326,#1381);
#1381 = DEFINITIONAL_REPRESENTATION('',(#1382),#1386);
#1382 = LINE('',#1383,#1384);
#1383 = CARTESIAN_POINT('',(-2.22044604925E-15,20.));
#1384 = VECTOR('',#1385,1.);
#1385 = DIRECTION('',(1.,0.));
#1386 = ( GEOMETRIC_REPRESENTATION_CONTEXT(2) 
PARAMETRIC_REPRESENTATION_CONTEXT() REPRESENTATION_CONTEXT('2D SPACE',''
  ) );
#1387 = ORIENTED_EDGE('',*,*,#1388,.F.);
#1388 = EDGE_CURVE('',#1342,#1366,#1389,.T.);
#1389 = SURFACE_CURVE('',#1390,(#1394,#1401),.PCURVE_S1.);
#1390 = LINE('',#1391,#1392);
#1391 = CARTESIAN_POINT('',(10.,265.,317.75));
#1392 = VECTOR('',#1393,1.);
#1393 = DIRECTION('',(0.,0.,1.));
#1394 = PCURVE('',#796,#1395);
#1395 = DEFINITIONAL_REPRESENTATION('',(#1396),#1400);
#1396 = LINE('',#1397,#1398);
#1397 = CARTESIAN_POINT('',(-13.75,181.));
#1398 = VECTOR('',#1399,1.);
#1399 = DIRECTION('',(1.,0.));
#1400 = ( GEOMETRIC_REPRESENTATION_CONTEXT(2) 
PARAMETRIC_REPRESENTATION_CONTEXT() REPRESENTATION_CONTEXT('2D SPACE',''
  ) );
#1401 = PCURVE('',#1402,#1407);
#1402 = PLANE('',#1403);
#1403 = AXIS2_PLACEMENT_3D('',#1404,#1405,#1406);
#1404 = CARTESIAN_POINT('',(40.,265.,304.));
#1405 = DIRECTION('',(1.110223024625E-16,1.,0.));
#1406 = DIRECTION('',(0.,0.,1.));
#1407 = DEFINITIONAL_REPRESENTATION('',(#1408),#1412);
#1408 = LINE('',#1409,#1410);
#1409 = CARTESIAN_POINT('',(13.75,-30.));
#1410 = VECTOR('',#1411,1.);
#1411 = DIRECTION('',(1.,0.));
#1412 = ( GEOMETRIC_REPRESENTATION_CONTEXT(2) 
PARAMETRIC_REPRESENTATION_CONTEXT() REPRESENTATION_CONTEXT('2D SPACE',''
  ) );
#1413 = ADVANCED_FACE('',(#1414),#1326,.F.);
#1414 = FACE_BOUND('',#1415,.F.);
#1415 = EDGE_LOOP('',(#1416,#1417,#1418,#1441));
#1416 = ORIENTED_EDGE('',*,*,#1365,.F.);
#1417 = ORIENTED_EDGE('',*,*,#1312,.T.);
#1418 = ORIENTED_EDGE('',*,*,#1419,.T.);
#1419 = EDGE_CURVE('',#1285,#1420,#1422,.T.);
#1420 = VERTEX_POINT('',#1421);
#1421 = CARTESIAN_POINT('',(15.,265.,338.5));
#1422 = SURFACE_CURVE('',#1423,(#1427,#1434),.PCURVE_S1.);
#1423 = LINE('',#1424,#1425);
#1424 = CARTESIAN_POINT('',(15.,84.,338.5));
#1425 = VECTOR('',#1426,1.);
#1426 = DIRECTION('',(1.110223024625E-16,1.,0.));
#1427 = PCURVE('',#1326,#1428);
#1428 = DEFINITIONAL_REPRESENTATION('',(#1429),#1433);
#1429 = LINE('',#1430,#1431);
#1430 = CARTESIAN_POINT('',(-1.665334536938E-15,15.));
#1431 = VECTOR('',#1432,1.);
#1432 = DIRECTION('',(1.,0.));
#1433 = ( GEOMETRIC_REPRESENTATION_CONTEXT(2) 
PARAMETRIC_REPRESENTATION_CONTEXT() REPRESENTATION_CONTEXT('2D SPACE',''
  ) );
#1434 = PCURVE('',#1300,#1435);
#1435 = DEFINITIONAL_REPRESENTATION('',(#1436),#1440);
#1436 = LINE('',#1437,#1438);
#1437 = CARTESIAN_POINT('',(9.999999999991E-03,0.));
#1438 = VECTOR('',#1439,1.);
#1439 = DIRECTION('',(0.,1.));
#1440 = ( GEOMETRIC_REPRESENTATION_CONTEXT(2) 
PARAMETRIC_REPRESENTATION_CONTEXT() REPRESENTATION_CONTEXT('2D SPACE',''
  ) );
#1441 = ORIENTED_EDGE('',*,*,#1442,.F.);
#1442 = EDGE_CURVE('',#1366,#1420,#1443,.T.);
#1443 = SURFACE_CURVE('',#1444,(#1448,#1455),.PCURVE_S1.);
#1444 = LINE('',#1445,#1446);
#1445 = CARTESIAN_POINT('',(35.,265.,338.5));
#1446 = VECTOR('',#1447,1.);
#1447 = DIRECTION('',(1.,-1.110223024625E-16,0.));
#1448 = PCURVE('',#1326,#1449);
#1449 = DEFINITIONAL_REPRESENTATION('',(#1450),#1454);
#1450 = LINE('',#1451,#1452);
#1451 = CARTESIAN_POINT('',(181.,-5.));
#1452 = VECTOR('',#1453,1.);
#1453 = DIRECTION('',(0.,-1.));
#1454 = ( GEOMETRIC_REPRESENTATION_CONTEXT(2) 
PARAMETRIC_REPRESENTATION_CONTEXT() REPRESENTATION_CONTEXT('2D SPACE',''
  ) );
#1455 = PCURVE('',#1402,#1456);
#1456 = DEFINITIONAL_REPRESENTATION('',(#1457),#1461);
#1457 = LINE('',#1458,#1459);
#1458 = CARTESIAN_POINT('',(34.5,-5.));
#1459 = VECTOR('',#1460,1.);
#1460 = DIRECTION('',(0.,1.));
#1461 = ( GEOMETRIC_REPRESENTATION_CONTEXT(2) 
PARAMETRIC_REPRESENTATION_CONTEXT() REPRESENTATION_CONTEXT('2D SPACE',''
  ) );
#1462 = ADVANCED_FACE('',(#1463),#1300,.F.);
#1463 = FACE_BOUND('',#1464,.F.);
#1464 = EDGE_LOOP('',(#1465,#1466,#1467,#1490));
#1465 = ORIENTED_EDGE('',*,*,#1419,.F.);
#1466 = ORIENTED_EDGE('',*,*,#1284,.T.);
#1467 = ORIENTED_EDGE('',*,*,#1468,.F.);
#1468 = EDGE_CURVE('',#1469,#1257,#1471,.T.);
#1469 = VERTEX_POINT('',#1470);
#1470 = CARTESIAN_POINT('',(15.,265.,344.));
#1471 = SURFACE_CURVE('',#1472,(#1476,#1483),.PCURVE_S1.);
#1472 = LINE('',#1473,#1474);
#1473 = CARTESIAN_POINT('',(15.,84.5,344.));
#1474 = VECTOR('',#1475,1.);
#1475 = DIRECTION('',(-1.110223024625E-16,-1.,0.));
#1476 = PCURVE('',#1300,#1477);
#1477 = DEFINITIONAL_REPRESENTATION('',(#1478),#1482);
#1478 = LINE('',#1479,#1480);
#1479 = CARTESIAN_POINT('',(5.51,0.5));
#1480 = VECTOR('',#1481,1.);
#1481 = DIRECTION('',(0.,-1.));
#1482 = ( GEOMETRIC_REPRESENTATION_CONTEXT(2) 
PARAMETRIC_REPRESENTATION_CONTEXT() REPRESENTATION_CONTEXT('2D SPACE',''
  ) );
#1483 = PCURVE('',#1272,#1484);
#1484 = DEFINITIONAL_REPRESENTATION('',(#1485),#1489);
#1485 = LINE('',#1486,#1487);
#1486 = CARTESIAN_POINT('',(-0.5,25.));
#1487 = VECTOR('',#1488,1.);
#1488 = DIRECTION('',(-1.,0.));
#1489 = ( GEOMETRIC_REPRESENTATION_CONTEXT(2) 
PARAMETRIC_REPRESENTATION_CONTEXT() REPRESENTATION_CONTEXT('2D SPACE',''
  ) );
#1490 = ORIENTED_EDGE('',*,*,#1491,.F.);
#1491 = EDGE_CURVE('',#1420,#1469,#1492,.T.);
#1492 = SURFACE_CURVE('',#1493,(#1497,#1504),.PCURVE_S1.);
#1493 = LINE('',#1494,#1495);
#1494 = CARTESIAN_POINT('',(15.,265.,321.245));
#1495 = VECTOR('',#1496,1.);
#1496 = DIRECTION('',(0.,0.,1.));
#1497 = PCURVE('',#1300,#1498);
#1498 = DEFINITIONAL_REPRESENTATION('',(#1499),#1503);
#1499 = LINE('',#1500,#1501);
#1500 = CARTESIAN_POINT('',(-17.245,181.));
#1501 = VECTOR('',#1502,1.);
#1502 = DIRECTION('',(1.,0.));
#1503 = ( GEOMETRIC_REPRESENTATION_CONTEXT(2) 
PARAMETRIC_REPRESENTATION_CONTEXT() REPRESENTATION_CONTEXT('2D SPACE',''
  ) );
#1504 = PCURVE('',#1402,#1505);
#1505 = DEFINITIONAL_REPRESENTATION('',(#1506),#1510);
#1506 = LINE('',#1507,#1508);
#1507 = CARTESIAN_POINT('',(17.245,-25.));
#1508 = VECTOR('',#1509,1.);
#1509 = DIRECTION('',(1.,0.));
#1510 = ( GEOMETRIC_REPRESENTATION_CONTEXT(2) 
PARAMETRIC_REPRESENTATION_CONTEXT() REPRESENTATION_CONTEXT('2D SPACE',''
  ) );
#1511 = ADVANCED_FACE('',(#1512),#1272,.T.);
#1512 = FACE_BOUND('',#1513,.T.);
#1513 = EDGE_LOOP('',(#1514,#1515,#1516,#1539));
#1514 = ORIENTED_EDGE('',*,*,#1256,.F.);
#1515 = ORIENTED_EDGE('',*,*,#1468,.F.);
#1516 = ORIENTED_EDGE('',*,*,#1517,.T.);
#1517 = EDGE_CURVE('',#1469,#1518,#1520,.T.);
#1518 = VERTEX_POINT('',#1519);
#1519 = CARTESIAN_POINT('',(-15.,265.,344.));
#1520 = SURFACE_CURVE('',#1521,(#1525,#1532),.PCURVE_S1.);
#1521 = LINE('',#1522,#1523);
#1522 = CARTESIAN_POINT('',(40.,265.,344.));
#1523 = VECTOR('',#1524,1.);
#1524 = DIRECTION('',(-1.,1.110223024625E-16,0.));
#1525 = PCURVE('',#1272,#1526);
#1526 = DEFINITIONAL_REPRESENTATION('',(#1527),#1531);
#1527 = LINE('',#1528,#1529);
#1528 = CARTESIAN_POINT('',(180.,5.773159728051E-15));
#1529 = VECTOR('',#1530,1.);
#1530 = DIRECTION('',(0.,1.));
#1531 = ( GEOMETRIC_REPRESENTATION_CONTEXT(2) 
PARAMETRIC_REPRESENTATION_CONTEXT() REPRESENTATION_CONTEXT('2D SPACE',''
  ) );
#1532 = PCURVE('',#1402,#1533);
#1533 = DEFINITIONAL_REPRESENTATION('',(#1534),#1538);
#1534 = LINE('',#1535,#1536);
#1535 = CARTESIAN_POINT('',(40.,0.));
#1536 = VECTOR('',#1537,1.);
#1537 = DIRECTION('',(0.,-1.));
#1538 = ( GEOMETRIC_REPRESENTATION_CONTEXT(2) 
PARAMETRIC_REPRESENTATION_CONTEXT() REPRESENTATION_CONTEXT('2D SPACE',''
  ) );
#1539 = ORIENTED_EDGE('',*,*,#1540,.T.);
#1540 = EDGE_CURVE('',#1518,#1229,#1541,.T.);
#1541 = SURFACE_CURVE('',#1542,(#1546,#1553),.PCURVE_S1.);
#1542 = LINE('',#1543,#1544);
#1543 = CARTESIAN_POINT('',(-15.,84.5,344.));
#1544 = VECTOR('',#1545,1.);
#1545 = DIRECTION('',(-1.110223024625E-16,-1.,0.));
#1546 = PCURVE('',#1272,#1547);
#1547 = DEFINITIONAL_REPRESENTATION('',(#1548),#1552);
#1548 = LINE('',#1549,#1550);
#1549 = CARTESIAN_POINT('',(-0.5,55.));
#1550 = VECTOR('',#1551,1.);
#1551 = DIRECTION('',(-1.,0.));
#1552 = ( GEOMETRIC_REPRESENTATION_CONTEXT(2) 
PARAMETRIC_REPRESENTATION_CONTEXT() REPRESENTATION_CONTEXT('2D SPACE',''
  ) );
#1553 = PCURVE('',#1244,#1554);
#1554 = DEFINITIONAL_REPRESENTATION('',(#1555),#1559);
#1555 = LINE('',#1556,#1557);
#1556 = CARTESIAN_POINT('',(5.51,0.5));
#1557 = VECTOR('',#1558,1.);
#1558 = DIRECTION('',(0.,-1.));
#1559 = ( GEOMETRIC_REPRESENTATION_CONTEXT(2) 
PARAMETRIC_REPRESENTATION_CONTEXT() REPRESENTATION_CONTEXT('2D SPACE',''
  ) );
#1560 = ADVANCED_FACE('',(#1561),#1244,.T.);
#1561 = FACE_BOUND('',#1562,.T.);
#1562 = EDGE_LOOP('',(#1563,#1586,#1587,#1588));
#1563 = ORIENTED_EDGE('',*,*,#1564,.F.);
#1564 = EDGE_CURVE('',#1201,#1565,#1567,.T.);
#1565 = VERTEX_POINT('',#1566);
#1566 = CARTESIAN_POINT('',(-15.,265.,338.5));
#1567 = SURFACE_CURVE('',#1568,(#1572,#1579),.PCURVE_S1.);
#1568 = LINE('',#1569,#1570);
#1569 = CARTESIAN_POINT('',(-15.,84.,338.5));
#1570 = VECTOR('',#1571,1.);
#1571 = DIRECTION('',(1.110223024625E-16,1.,0.));
#1572 = PCURVE('',#1244,#1573);
#1573 = DEFINITIONAL_REPRESENTATION('',(#1574),#1578);
#1574 = LINE('',#1575,#1576);
#1575 = CARTESIAN_POINT('',(9.999999999991E-03,0.));
#1576 = VECTOR('',#1577,1.);
#1577 = DIRECTION('',(0.,1.));
#1578 = ( GEOMETRIC_REPRESENTATION_CONTEXT(2) 
PARAMETRIC_REPRESENTATION_CONTEXT() REPRESENTATION_CONTEXT('2D SPACE',''
  ) );
#1579 = PCURVE('',#1216,#1580);
#1580 = DEFINITIONAL_REPRESENTATION('',(#1581),#1585);
#1581 = LINE('',#1582,#1583);
#1582 = CARTESIAN_POINT('',(-5.551115123126E-16,5.));
#1583 = VECTOR('',#1584,1.);
#1584 = DIRECTION('',(1.,0.));
#1585 = ( GEOMETRIC_REPRESENTATION_CONTEXT(2) 
PARAMETRIC_REPRESENTATION_CONTEXT() REPRESENTATION_CONTEXT('2D SPACE',''
  ) );
#1586 = ORIENTED_EDGE('',*,*,#1228,.T.);
#1587 = ORIENTED_EDGE('',*,*,#1540,.F.);
#1588 = ORIENTED_EDGE('',*,*,#1589,.F.);
#1589 = EDGE_CURVE('',#1565,#1518,#1590,.T.);
#1590 = SURFACE_CURVE('',#1591,(#1595,#1602),.PCURVE_S1.);
#1591 = LINE('',#1592,#1593);
#1592 = CARTESIAN_POINT('',(-15.,265.,321.245));
#1593 = VECTOR('',#1594,1.);
#1594 = DIRECTION('',(0.,0.,1.));
#1595 = PCURVE('',#1244,#1596);
#1596 = DEFINITIONAL_REPRESENTATION('',(#1597),#1601);
#1597 = LINE('',#1598,#1599);
#1598 = CARTESIAN_POINT('',(-17.245,181.));
#1599 = VECTOR('',#1600,1.);
#1600 = DIRECTION('',(1.,0.));
#1601 = ( GEOMETRIC_REPRESENTATION_CONTEXT(2) 
PARAMETRIC_REPRESENTATION_CONTEXT() REPRESENTATION_CONTEXT('2D SPACE',''
  ) );
#1602 = PCURVE('',#1402,#1603);
#1603 = DEFINITIONAL_REPRESENTATION('',(#1604),#1608);
#1604 = LINE('',#1605,#1606);
#1605 = CARTESIAN_POINT('',(17.245,-55.));
#1606 = VECTOR('',#1607,1.);
#1607 = DIRECTION('',(1.,0.));
#1608 = ( GEOMETRIC_REPRESENTATION_CONTEXT(2) 
PARAMETRIC_REPRESENTATION_CONTEXT() REPRESENTATION_CONTEXT('2D SPACE',''
  ) );
#1609 = ADVANCED_FACE('',(#1610),#1216,.F.);
#1610 = FACE_BOUND('',#1611,.F.);
#1611 = EDGE_LOOP('',(#1612,#1613,#1636,#1657));
#1612 = ORIENTED_EDGE('',*,*,#1200,.T.);
#1613 = ORIENTED_EDGE('',*,*,#1614,.T.);
#1614 = EDGE_CURVE('',#1173,#1615,#1617,.T.);
#1615 = VERTEX_POINT('',#1616);
#1616 = CARTESIAN_POINT('',(-10.,265.,338.5));
#1617 = SURFACE_CURVE('',#1618,(#1622,#1629),.PCURVE_S1.);
#1618 = LINE('',#1619,#1620);
#1619 = CARTESIAN_POINT('',(-10.,84.,338.5));
#1620 = VECTOR('',#1621,1.);
#1621 = DIRECTION('',(1.110223024625E-16,1.,0.));
#1622 = PCURVE('',#1216,#1623);
#1623 = DEFINITIONAL_REPRESENTATION('',(#1624),#1628);
#1624 = LINE('',#1625,#1626);
#1625 = CARTESIAN_POINT('',(0.,0.));
#1626 = VECTOR('',#1627,1.);
#1627 = DIRECTION('',(1.,0.));
#1628 = ( GEOMETRIC_REPRESENTATION_CONTEXT(2) 
PARAMETRIC_REPRESENTATION_CONTEXT() REPRESENTATION_CONTEXT('2D SPACE',''
  ) );
#1629 = PCURVE('',#1188,#1630);
#1630 = DEFINITIONAL_REPRESENTATION('',(#1631),#1635);
#1631 = LINE('',#1632,#1633);
#1632 = CARTESIAN_POINT('',(7.,0.));
#1633 = VECTOR('',#1634,1.);
#1634 = DIRECTION('',(0.,1.));
#1635 = ( GEOMETRIC_REPRESENTATION_CONTEXT(2) 
PARAMETRIC_REPRESENTATION_CONTEXT() REPRESENTATION_CONTEXT('2D SPACE',''
  ) );
#1636 = ORIENTED_EDGE('',*,*,#1637,.F.);
#1637 = EDGE_CURVE('',#1565,#1615,#1638,.T.);
#1638 = SURFACE_CURVE('',#1639,(#1643,#1650),.PCURVE_S1.);
#1639 = LINE('',#1640,#1641);
#1640 = CARTESIAN_POINT('',(15.,265.,338.5));
#1641 = VECTOR('',#1642,1.);
#1642 = DIRECTION('',(1.,-1.110223024625E-16,0.));
#1643 = PCURVE('',#1216,#1644);
#1644 = DEFINITIONAL_REPRESENTATION('',(#1645),#1649);
#1645 = LINE('',#1646,#1647);
#1646 = CARTESIAN_POINT('',(181.,-25.));
#1647 = VECTOR('',#1648,1.);
#1648 = DIRECTION('',(0.,-1.));
#1649 = ( GEOMETRIC_REPRESENTATION_CONTEXT(2) 
PARAMETRIC_REPRESENTATION_CONTEXT() REPRESENTATION_CONTEXT('2D SPACE',''
  ) );
#1650 = PCURVE('',#1402,#1651);
#1651 = DEFINITIONAL_REPRESENTATION('',(#1652),#1656);
#1652 = LINE('',#1653,#1654);
#1653 = CARTESIAN_POINT('',(34.5,-25.));
#1654 = VECTOR('',#1655,1.);
#1655 = DIRECTION('',(0.,1.));
#1656 = ( GEOMETRIC_REPRESENTATION_CONTEXT(2) 
PARAMETRIC_REPRESENTATION_CONTEXT() REPRESENTATION_CONTEXT('2D SPACE',''
  ) );
#1657 = ORIENTED_EDGE('',*,*,#1564,.F.);
#1658 = ADVANCED_FACE('',(#1659),#1188,.T.);
#1659 = FACE_BOUND('',#1660,.T.);
#1660 = EDGE_LOOP('',(#1661,#1684,#1685,#1686));
#1661 = ORIENTED_EDGE('',*,*,#1662,.F.);
#1662 = EDGE_CURVE('',#1145,#1663,#1665,.T.);
#1663 = VERTEX_POINT('',#1664);
#1664 = CARTESIAN_POINT('',(-10.,265.,331.5));
#1665 = SURFACE_CURVE('',#1666,(#1670,#1677),.PCURVE_S1.);
#1666 = LINE('',#1667,#1668);
#1667 = CARTESIAN_POINT('',(-10.,84.,331.5));
#1668 = VECTOR('',#1669,1.);
#1669 = DIRECTION('',(1.110223024625E-16,1.,0.));
#1670 = PCURVE('',#1188,#1671);
#1671 = DEFINITIONAL_REPRESENTATION('',(#1672),#1676);
#1672 = LINE('',#1673,#1674);
#1673 = CARTESIAN_POINT('',(0.,0.));
#1674 = VECTOR('',#1675,1.);
#1675 = DIRECTION('',(0.,1.));
#1676 = ( GEOMETRIC_REPRESENTATION_CONTEXT(2) 
PARAMETRIC_REPRESENTATION_CONTEXT() REPRESENTATION_CONTEXT('2D SPACE',''
  ) );
#1677 = PCURVE('',#1160,#1678);
#1678 = DEFINITIONAL_REPRESENTATION('',(#1679),#1683);
#1679 = LINE('',#1680,#1681);
#1680 = CARTESIAN_POINT('',(0.,0.));
#1681 = VECTOR('',#1682,1.);
#1682 = DIRECTION('',(1.,0.));
#1683 = ( GEOMETRIC_REPRESENTATION_CONTEXT(2) 
PARAMETRIC_REPRESENTATION_CONTEXT() REPRESENTATION_CONTEXT('2D SPACE',''
  ) );
#1684 = ORIENTED_EDGE('',*,*,#1172,.T.);
#1685 = ORIENTED_EDGE('',*,*,#1614,.T.);
#1686 = ORIENTED_EDGE('',*,*,#1687,.F.);
#1687 = EDGE_CURVE('',#1663,#1615,#1688,.T.);
#1688 = SURFACE_CURVE('',#1689,(#1693,#1700),.PCURVE_S1.);
#1689 = LINE('',#1690,#1691);
#1690 = CARTESIAN_POINT('',(-10.,265.,317.75));
#1691 = VECTOR('',#1692,1.);
#1692 = DIRECTION('',(0.,0.,1.));
#1693 = PCURVE('',#1188,#1694);
#1694 = DEFINITIONAL_REPRESENTATION('',(#1695),#1699);
#1695 = LINE('',#1696,#1697);
#1696 = CARTESIAN_POINT('',(-13.75,181.));
#1697 = VECTOR('',#1698,1.);
#1698 = DIRECTION('',(1.,0.));
#1699 = ( GEOMETRIC_REPRESENTATION_CONTEXT(2) 
PARAMETRIC_REPRESENTATION_CONTEXT() REPRESENTATION_CONTEXT('2D SPACE',''
  ) );
#1700 = PCURVE('',#1402,#1701);
#1701 = DEFINITIONAL_REPRESENTATION('',(#1702),#1706);
#1702 = LINE('',#1703,#1704);
#1703 = CARTESIAN_POINT('',(13.75,-50.));
#1704 = VECTOR('',#1705,1.);
#1705 = DIRECTION('',(1.,0.));
#1706 = ( GEOMETRIC_REPRESENTATION_CONTEXT(2) 
PARAMETRIC_REPRESENTATION_CONTEXT() REPRESENTATION_CONTEXT('2D SPACE',''
  ) );
#1707 = ADVANCED_FACE('',(#1708),#1160,.T.);
#1708 = FACE_BOUND('',#1709,.T.);
#1709 = EDGE_LOOP('',(#1710,#1733,#1734,#1735));
#1710 = ORIENTED_EDGE('',*,*,#1711,.T.);
#1711 = EDGE_CURVE('',#1712,#1117,#1714,.T.);
#1712 = VERTEX_POINT('',#1713);
#1713 = CARTESIAN_POINT('',(-27.5,265.,331.5));
#1714 = SURFACE_CURVE('',#1715,(#1719,#1726),.PCURVE_S1.);
#1715 = LINE('',#1716,#1717);
#1716 = CARTESIAN_POINT('',(-27.5,84.,331.5));
#1717 = VECTOR('',#1718,1.);
#1718 = DIRECTION('',(-1.110223024625E-16,-1.,0.));
#1719 = PCURVE('',#1160,#1720);
#1720 = DEFINITIONAL_REPRESENTATION('',(#1721),#1725);
#1721 = LINE('',#1722,#1723);
#1722 = CARTESIAN_POINT('',(-1.942890293094E-15,17.5));
#1723 = VECTOR('',#1724,1.);
#1724 = DIRECTION('',(-1.,0.));
#1725 = ( GEOMETRIC_REPRESENTATION_CONTEXT(2) 
PARAMETRIC_REPRESENTATION_CONTEXT() REPRESENTATION_CONTEXT('2D SPACE',''
  ) );
#1726 = PCURVE('',#1132,#1727);
#1727 = DEFINITIONAL_REPRESENTATION('',(#1728),#1732);
#1728 = LINE('',#1729,#1730);
#1729 = CARTESIAN_POINT('',(17.5,0.));
#1730 = VECTOR('',#1731,1.);
#1731 = DIRECTION('',(0.,-1.));
#1732 = ( GEOMETRIC_REPRESENTATION_CONTEXT(2) 
PARAMETRIC_REPRESENTATION_CONTEXT() REPRESENTATION_CONTEXT('2D SPACE',''
  ) );
#1733 = ORIENTED_EDGE('',*,*,#1144,.T.);
#1734 = ORIENTED_EDGE('',*,*,#1662,.T.);
#1735 = ORIENTED_EDGE('',*,*,#1736,.F.);
#1736 = EDGE_CURVE('',#1712,#1663,#1737,.T.);
#1737 = SURFACE_CURVE('',#1738,(#1742,#1749),.PCURVE_S1.);
#1738 = LINE('',#1739,#1740);
#1739 = CARTESIAN_POINT('',(15.,265.,331.5));
#1740 = VECTOR('',#1741,1.);
#1741 = DIRECTION('',(1.,-1.110223024625E-16,0.));
#1742 = PCURVE('',#1160,#1743);
#1743 = DEFINITIONAL_REPRESENTATION('',(#1744),#1748);
#1744 = LINE('',#1745,#1746);
#1745 = CARTESIAN_POINT('',(181.,-25.));
#1746 = VECTOR('',#1747,1.);
#1747 = DIRECTION('',(0.,-1.));
#1748 = ( GEOMETRIC_REPRESENTATION_CONTEXT(2) 
PARAMETRIC_REPRESENTATION_CONTEXT() REPRESENTATION_CONTEXT('2D SPACE',''
  ) );
#1749 = PCURVE('',#1402,#1750);
#1750 = DEFINITIONAL_REPRESENTATION('',(#1751),#1755);
#1751 = LINE('',#1752,#1753);
#1752 = CARTESIAN_POINT('',(27.5,-25.));
#1753 = VECTOR('',#1754,1.);
#1754 = DIRECTION('',(0.,1.));
#1755 = ( GEOMETRIC_REPRESENTATION_CONTEXT(2) 
PARAMETRIC_REPRESENTATION_CONTEXT() REPRESENTATION_CONTEXT('2D SPACE',''
  ) );
#1756 = ADVANCED_FACE('',(#1757),#1132,.T.);
#1757 = FACE_BOUND('',#1758,.T.);
#1758 = EDGE_LOOP('',(#1759,#1782,#1783,#1784));
#1759 = ORIENTED_EDGE('',*,*,#1760,.T.);
#1760 = EDGE_CURVE('',#1761,#1089,#1763,.T.);
#1761 = VERTEX_POINT('',#1762);
#1762 = CARTESIAN_POINT('',(-27.5,265.,316.5));
#1763 = SURFACE_CURVE('',#1764,(#1768,#1775),.PCURVE_S1.);
#1764 = LINE('',#1765,#1766);
#1765 = CARTESIAN_POINT('',(-27.5,84.,316.5));
#1766 = VECTOR('',#1767,1.);
#1767 = DIRECTION('',(-1.110223024625E-16,-1.,0.));
#1768 = PCURVE('',#1132,#1769);
#1769 = DEFINITIONAL_REPRESENTATION('',(#1770),#1774);
#1770 = LINE('',#1771,#1772);
#1771 = CARTESIAN_POINT('',(2.5,0.));
#1772 = VECTOR('',#1773,1.);
#1773 = DIRECTION('',(0.,-1.));
#1774 = ( GEOMETRIC_REPRESENTATION_CONTEXT(2) 
PARAMETRIC_REPRESENTATION_CONTEXT() REPRESENTATION_CONTEXT('2D SPACE',''
  ) );
#1775 = PCURVE('',#1104,#1776);
#1776 = DEFINITIONAL_REPRESENTATION('',(#1777),#1781);
#1777 = LINE('',#1778,#1779);
#1778 = CARTESIAN_POINT('',(-1.942890293094E-15,17.5));
#1779 = VECTOR('',#1780,1.);
#1780 = DIRECTION('',(-1.,0.));
#1781 = ( GEOMETRIC_REPRESENTATION_CONTEXT(2) 
PARAMETRIC_REPRESENTATION_CONTEXT() REPRESENTATION_CONTEXT('2D SPACE',''
  ) );
#1782 = ORIENTED_EDGE('',*,*,#1116,.T.);
#1783 = ORIENTED_EDGE('',*,*,#1711,.F.);
#1784 = ORIENTED_EDGE('',*,*,#1785,.F.);
#1785 = EDGE_CURVE('',#1761,#1712,#1786,.T.);
#1786 = SURFACE_CURVE('',#1787,(#1791,#1798),.PCURVE_S1.);
#1787 = LINE('',#1788,#1789);
#1788 = CARTESIAN_POINT('',(-27.5,265.,309.));
#1789 = VECTOR('',#1790,1.);
#1790 = DIRECTION('',(0.,0.,1.));
#1791 = PCURVE('',#1132,#1792);
#1792 = DEFINITIONAL_REPRESENTATION('',(#1793),#1797);
#1793 = LINE('',#1794,#1795);
#1794 = CARTESIAN_POINT('',(-5.,181.));
#1795 = VECTOR('',#1796,1.);
#1796 = DIRECTION('',(1.,0.));
#1797 = ( GEOMETRIC_REPRESENTATION_CONTEXT(2) 
PARAMETRIC_REPRESENTATION_CONTEXT() REPRESENTATION_CONTEXT('2D SPACE',''
  ) );
#1798 = PCURVE('',#1402,#1799);
#1799 = DEFINITIONAL_REPRESENTATION('',(#1800),#1804);
#1800 = LINE('',#1801,#1802);
#1801 = CARTESIAN_POINT('',(5.,-67.5));
#1802 = VECTOR('',#1803,1.);
#1803 = DIRECTION('',(1.,0.));
#1804 = ( GEOMETRIC_REPRESENTATION_CONTEXT(2) 
PARAMETRIC_REPRESENTATION_CONTEXT() REPRESENTATION_CONTEXT('2D SPACE',''
  ) );
#1805 = ADVANCED_FACE('',(#1806),#1104,.F.);
#1806 = FACE_BOUND('',#1807,.F.);
#1807 = EDGE_LOOP('',(#1808,#1809,#1810,#1833));
#1808 = ORIENTED_EDGE('',*,*,#1760,.T.);
#1809 = ORIENTED_EDGE('',*,*,#1088,.T.);
#1810 = ORIENTED_EDGE('',*,*,#1811,.T.);
#1811 = EDGE_CURVE('',#1061,#1812,#1814,.T.);
#1812 = VERTEX_POINT('',#1813);
#1813 = CARTESIAN_POINT('',(-10.,265.,316.5));
#1814 = SURFACE_CURVE('',#1815,(#1819,#1826),.PCURVE_S1.);
#1815 = LINE('',#1816,#1817);
#1816 = CARTESIAN_POINT('',(-10.,84.,316.5));
#1817 = VECTOR('',#1818,1.);
#1818 = DIRECTION('',(1.110223024625E-16,1.,0.));
#1819 = PCURVE('',#1104,#1820);
#1820 = DEFINITIONAL_REPRESENTATION('',(#1821),#1825);
#1821 = LINE('',#1822,#1823);
#1822 = CARTESIAN_POINT('',(0.,0.));
#1823 = VECTOR('',#1824,1.);
#1824 = DIRECTION('',(1.,0.));
#1825 = ( GEOMETRIC_REPRESENTATION_CONTEXT(2) 
PARAMETRIC_REPRESENTATION_CONTEXT() REPRESENTATION_CONTEXT('2D SPACE',''
  ) );
#1826 = PCURVE('',#1076,#1827);
#1827 = DEFINITIONAL_REPRESENTATION('',(#1828),#1832);
#1828 = LINE('',#1829,#1830);
#1829 = CARTESIAN_POINT('',(7.,0.));
#1830 = VECTOR('',#1831,1.);
#1831 = DIRECTION('',(0.,1.));
#1832 = ( GEOMETRIC_REPRESENTATION_CONTEXT(2) 
PARAMETRIC_REPRESENTATION_CONTEXT() REPRESENTATION_CONTEXT('2D SPACE',''
  ) );
#1833 = ORIENTED_EDGE('',*,*,#1834,.F.);
#1834 = EDGE_CURVE('',#1761,#1812,#1835,.T.);
#1835 = SURFACE_CURVE('',#1836,(#1840,#1847),.PCURVE_S1.);
#1836 = LINE('',#1837,#1838);
#1837 = CARTESIAN_POINT('',(15.,265.,316.5));
#1838 = VECTOR('',#1839,1.);
#1839 = DIRECTION('',(1.,-1.110223024625E-16,0.));
#1840 = PCURVE('',#1104,#1841);
#1841 = DEFINITIONAL_REPRESENTATION('',(#1842),#1846);
#1842 = LINE('',#1843,#1844);
#1843 = CARTESIAN_POINT('',(181.,-25.));
#1844 = VECTOR('',#1845,1.);
#1845 = DIRECTION('',(0.,-1.));
#1846 = ( GEOMETRIC_REPRESENTATION_CONTEXT(2) 
PARAMETRIC_REPRESENTATION_CONTEXT() REPRESENTATION_CONTEXT('2D SPACE',''
  ) );
#1847 = PCURVE('',#1402,#1848);
#1848 = DEFINITIONAL_REPRESENTATION('',(#1849),#1853);
#1849 = LINE('',#1850,#1851);
#1850 = CARTESIAN_POINT('',(12.5,-25.));
#1851 = VECTOR('',#1852,1.);
#1852 = DIRECTION('',(0.,1.));
#1853 = ( GEOMETRIC_REPRESENTATION_CONTEXT(2) 
PARAMETRIC_REPRESENTATION_CONTEXT() REPRESENTATION_CONTEXT('2D SPACE',''
  ) );
#1854 = ADVANCED_FACE('',(#1855),#1076,.T.);
#1855 = FACE_BOUND('',#1856,.T.);
#1856 = EDGE_LOOP('',(#1857,#1880,#1881,#1882));
#1857 = ORIENTED_EDGE('',*,*,#1858,.F.);
#1858 = EDGE_CURVE('',#1033,#1859,#1861,.T.);
#1859 = VERTEX_POINT('',#1860);
#1860 = CARTESIAN_POINT('',(-10.,265.,309.5));
#1861 = SURFACE_CURVE('',#1862,(#1866,#1873),.PCURVE_S1.);
#1862 = LINE('',#1863,#1864);
#1863 = CARTESIAN_POINT('',(-10.,84.,309.5));
#1864 = VECTOR('',#1865,1.);
#1865 = DIRECTION('',(1.110223024625E-16,1.,0.));
#1866 = PCURVE('',#1076,#1867);
#1867 = DEFINITIONAL_REPRESENTATION('',(#1868),#1872);
#1868 = LINE('',#1869,#1870);
#1869 = CARTESIAN_POINT('',(0.,0.));
#1870 = VECTOR('',#1871,1.);
#1871 = DIRECTION('',(0.,1.));
#1872 = ( GEOMETRIC_REPRESENTATION_CONTEXT(2) 
PARAMETRIC_REPRESENTATION_CONTEXT() REPRESENTATION_CONTEXT('2D SPACE',''
  ) );
#1873 = PCURVE('',#1048,#1874);
#1874 = DEFINITIONAL_REPRESENTATION('',(#1875),#1879);
#1875 = LINE('',#1876,#1877);
#1876 = CARTESIAN_POINT('',(0.,0.));
#1877 = VECTOR('',#1878,1.);
#1878 = DIRECTION('',(1.,0.));
#1879 = ( GEOMETRIC_REPRESENTATION_CONTEXT(2) 
PARAMETRIC_REPRESENTATION_CONTEXT() REPRESENTATION_CONTEXT('2D SPACE',''
  ) );
#1880 = ORIENTED_EDGE('',*,*,#1060,.T.);
#1881 = ORIENTED_EDGE('',*,*,#1811,.T.);
#1882 = ORIENTED_EDGE('',*,*,#1883,.F.);
#1883 = EDGE_CURVE('',#1859,#1812,#1884,.T.);
#1884 = SURFACE_CURVE('',#1885,(#1889,#1896),.PCURVE_S1.);
#1885 = LINE('',#1886,#1887);
#1886 = CARTESIAN_POINT('',(-10.,265.,306.75));
#1887 = VECTOR('',#1888,1.);
#1888 = DIRECTION('',(0.,0.,1.));
#1889 = PCURVE('',#1076,#1890);
#1890 = DEFINITIONAL_REPRESENTATION('',(#1891),#1895);
#1891 = LINE('',#1892,#1893);
#1892 = CARTESIAN_POINT('',(-2.75,181.));
#1893 = VECTOR('',#1894,1.);
#1894 = DIRECTION('',(1.,0.));
#1895 = ( GEOMETRIC_REPRESENTATION_CONTEXT(2) 
PARAMETRIC_REPRESENTATION_CONTEXT() REPRESENTATION_CONTEXT('2D SPACE',''
  ) );
#1896 = PCURVE('',#1402,#1897);
#1897 = DEFINITIONAL_REPRESENTATION('',(#1898),#1902);
#1898 = LINE('',#1899,#1900);
#1899 = CARTESIAN_POINT('',(2.75,-50.));
#1900 = VECTOR('',#1901,1.);
#1901 = DIRECTION('',(1.,0.));
#1902 = ( GEOMETRIC_REPRESENTATION_CONTEXT(2) 
PARAMETRIC_REPRESENTATION_CONTEXT() REPRESENTATION_CONTEXT('2D SPACE',''
  ) );
#1903 = ADVANCED_FACE('',(#1904),#1048,.T.);
#1904 = FACE_BOUND('',#1905,.T.);
#1905 = EDGE_LOOP('',(#1906,#1907,#1908,#1931));
#1906 = ORIENTED_EDGE('',*,*,#1032,.T.);
#1907 = ORIENTED_EDGE('',*,*,#1858,.T.);
#1908 = ORIENTED_EDGE('',*,*,#1909,.F.);
#1909 = EDGE_CURVE('',#1910,#1859,#1912,.T.);
#1910 = VERTEX_POINT('',#1911);
#1911 = CARTESIAN_POINT('',(-15.,265.,309.5));
#1912 = SURFACE_CURVE('',#1913,(#1917,#1924),.PCURVE_S1.);
#1913 = LINE('',#1914,#1915);
#1914 = CARTESIAN_POINT('',(15.,265.,309.5));
#1915 = VECTOR('',#1916,1.);
#1916 = DIRECTION('',(1.,-1.110223024625E-16,0.));
#1917 = PCURVE('',#1048,#1918);
#1918 = DEFINITIONAL_REPRESENTATION('',(#1919),#1923);
#1919 = LINE('',#1920,#1921);
#1920 = CARTESIAN_POINT('',(181.,-25.));
#1921 = VECTOR('',#1922,1.);
#1922 = DIRECTION('',(0.,-1.));
#1923 = ( GEOMETRIC_REPRESENTATION_CONTEXT(2) 
PARAMETRIC_REPRESENTATION_CONTEXT() REPRESENTATION_CONTEXT('2D SPACE',''
  ) );
#1924 = PCURVE('',#1402,#1925);
#1925 = DEFINITIONAL_REPRESENTATION('',(#1926),#1930);
#1926 = LINE('',#1927,#1928);
#1927 = CARTESIAN_POINT('',(5.5,-25.));
#1928 = VECTOR('',#1929,1.);
#1929 = DIRECTION('',(0.,1.));
#1930 = ( GEOMETRIC_REPRESENTATION_CONTEXT(2) 
PARAMETRIC_REPRESENTATION_CONTEXT() REPRESENTATION_CONTEXT('2D SPACE',''
  ) );
#1931 = ORIENTED_EDGE('',*,*,#1932,.F.);
#1932 = EDGE_CURVE('',#1005,#1910,#1933,.T.);
#1933 = SURFACE_CURVE('',#1934,(#1938,#1945),.PCURVE_S1.);
#1934 = LINE('',#1935,#1936);
#1935 = CARTESIAN_POINT('',(-15.,84.,309.5));
#1936 = VECTOR('',#1937,1.);
#1937 = DIRECTION('',(1.110223024625E-16,1.,0.));
#1938 = PCURVE('',#1048,#1939);
#1939 = DEFINITIONAL_REPRESENTATION('',(#1940),#1944);
#1940 = LINE('',#1941,#1942);
#1941 = CARTESIAN_POINT('',(-5.551115123126E-16,5.));
#1942 = VECTOR('',#1943,1.);
#1943 = DIRECTION('',(1.,0.));
#1944 = ( GEOMETRIC_REPRESENTATION_CONTEXT(2) 
PARAMETRIC_REPRESENTATION_CONTEXT() REPRESENTATION_CONTEXT('2D SPACE',''
  ) );
#1945 = PCURVE('',#1020,#1946);
#1946 = DEFINITIONAL_REPRESENTATION('',(#1947),#1951);
#1947 = LINE('',#1948,#1949);
#1948 = CARTESIAN_POINT('',(5.51,0.));
#1949 = VECTOR('',#1950,1.);
#1950 = DIRECTION('',(0.,1.));
#1951 = ( GEOMETRIC_REPRESENTATION_CONTEXT(2) 
PARAMETRIC_REPRESENTATION_CONTEXT() REPRESENTATION_CONTEXT('2D SPACE',''
  ) );
#1952 = ADVANCED_FACE('',(#1953),#1020,.T.);
#1953 = FACE_BOUND('',#1954,.T.);
#1954 = EDGE_LOOP('',(#1955,#1956,#1957,#1980));
#1955 = ORIENTED_EDGE('',*,*,#1004,.T.);
#1956 = ORIENTED_EDGE('',*,*,#1932,.T.);
#1957 = ORIENTED_EDGE('',*,*,#1958,.F.);
#1958 = EDGE_CURVE('',#1959,#1910,#1961,.T.);
#1959 = VERTEX_POINT('',#1960);
#1960 = CARTESIAN_POINT('',(-15.,265.,304.));
#1961 = SURFACE_CURVE('',#1962,(#1966,#1973),.PCURVE_S1.);
#1962 = LINE('',#1963,#1964);
#1963 = CARTESIAN_POINT('',(-15.,265.,303.995));
#1964 = VECTOR('',#1965,1.);
#1965 = DIRECTION('',(0.,0.,1.));
#1966 = PCURVE('',#1020,#1967);
#1967 = DEFINITIONAL_REPRESENTATION('',(#1968),#1972);
#1968 = LINE('',#1969,#1970);
#1969 = CARTESIAN_POINT('',(4.999999999995E-03,181.));
#1970 = VECTOR('',#1971,1.);
#1971 = DIRECTION('',(1.,0.));
#1972 = ( GEOMETRIC_REPRESENTATION_CONTEXT(2) 
PARAMETRIC_REPRESENTATION_CONTEXT() REPRESENTATION_CONTEXT('2D SPACE',''
  ) );
#1973 = PCURVE('',#1402,#1974);
#1974 = DEFINITIONAL_REPRESENTATION('',(#1975),#1979);
#1975 = LINE('',#1976,#1977);
#1976 = CARTESIAN_POINT('',(-4.999999999995E-03,-55.));
#1977 = VECTOR('',#1978,1.);
#1978 = DIRECTION('',(1.,0.));
#1979 = ( GEOMETRIC_REPRESENTATION_CONTEXT(2) 
PARAMETRIC_REPRESENTATION_CONTEXT() REPRESENTATION_CONTEXT('2D SPACE',''
  ) );
#1980 = ORIENTED_EDGE('',*,*,#1981,.T.);
#1981 = EDGE_CURVE('',#1959,#977,#1982,.T.);
#1982 = SURFACE_CURVE('',#1983,(#1987,#1994),.PCURVE_S1.);
#1983 = LINE('',#1984,#1985);
#1984 = CARTESIAN_POINT('',(-15.,84.5,304.));
#1985 = VECTOR('',#1986,1.);
#1986 = DIRECTION('',(-1.110223024625E-16,-1.,0.));
#1987 = PCURVE('',#1020,#1988);
#1988 = DEFINITIONAL_REPRESENTATION('',(#1989),#1993);
#1989 = LINE('',#1990,#1991);
#1990 = CARTESIAN_POINT('',(9.999999999991E-03,0.5));
#1991 = VECTOR('',#1992,1.);
#1992 = DIRECTION('',(0.,-1.));
#1993 = ( GEOMETRIC_REPRESENTATION_CONTEXT(2) 
PARAMETRIC_REPRESENTATION_CONTEXT() REPRESENTATION_CONTEXT('2D SPACE',''
  ) );
#1994 = PCURVE('',#992,#1995);
#1995 = DEFINITIONAL_REPRESENTATION('',(#1996),#2000);
#1996 = LINE('',#1997,#1998);
#1997 = CARTESIAN_POINT('',(-0.5,55.));
#1998 = VECTOR('',#1999,1.);
#1999 = DIRECTION('',(-1.,0.));
#2000 = ( GEOMETRIC_REPRESENTATION_CONTEXT(2) 
PARAMETRIC_REPRESENTATION_CONTEXT() REPRESENTATION_CONTEXT('2D SPACE',''
  ) );
#2001 = ADVANCED_FACE('',(#2002),#992,.F.);
#2002 = FACE_BOUND('',#2003,.F.);
#2003 = EDGE_LOOP('',(#2004,#2005,#2028,#2049));
#2004 = ORIENTED_EDGE('',*,*,#976,.F.);
#2005 = ORIENTED_EDGE('',*,*,#2006,.F.);
#2006 = EDGE_CURVE('',#2007,#949,#2009,.T.);
#2007 = VERTEX_POINT('',#2008);
#2008 = CARTESIAN_POINT('',(15.,265.,304.));
#2009 = SURFACE_CURVE('',#2010,(#2014,#2021),.PCURVE_S1.);
#2010 = LINE('',#2011,#2012);
#2011 = CARTESIAN_POINT('',(15.,84.5,304.));
#2012 = VECTOR('',#2013,1.);
#2013 = DIRECTION('',(-1.110223024625E-16,-1.,0.));
#2014 = PCURVE('',#992,#2015);
#2015 = DEFINITIONAL_REPRESENTATION('',(#2016),#2020);
#2016 = LINE('',#2017,#2018);
#2017 = CARTESIAN_POINT('',(-0.5,25.));
#2018 = VECTOR('',#2019,1.);
#2019 = DIRECTION('',(-1.,0.));
#2020 = ( GEOMETRIC_REPRESENTATION_CONTEXT(2) 
PARAMETRIC_REPRESENTATION_CONTEXT() REPRESENTATION_CONTEXT('2D SPACE',''
  ) );
#2021 = PCURVE('',#964,#2022);
#2022 = DEFINITIONAL_REPRESENTATION('',(#2023),#2027);
#2023 = LINE('',#2024,#2025);
#2024 = CARTESIAN_POINT('',(9.999999999991E-03,0.5));
#2025 = VECTOR('',#2026,1.);
#2026 = DIRECTION('',(0.,-1.));
#2027 = ( GEOMETRIC_REPRESENTATION_CONTEXT(2) 
PARAMETRIC_REPRESENTATION_CONTEXT() REPRESENTATION_CONTEXT('2D SPACE',''
  ) );
#2028 = ORIENTED_EDGE('',*,*,#2029,.T.);
#2029 = EDGE_CURVE('',#2007,#1959,#2030,.T.);
#2030 = SURFACE_CURVE('',#2031,(#2035,#2042),.PCURVE_S1.);
#2031 = LINE('',#2032,#2033);
#2032 = CARTESIAN_POINT('',(40.,265.,304.));
#2033 = VECTOR('',#2034,1.);
#2034 = DIRECTION('',(-1.,1.110223024625E-16,0.));
#2035 = PCURVE('',#992,#2036);
#2036 = DEFINITIONAL_REPRESENTATION('',(#2037),#2041);
#2037 = LINE('',#2038,#2039);
#2038 = CARTESIAN_POINT('',(180.,5.773159728051E-15));
#2039 = VECTOR('',#2040,1.);
#2040 = DIRECTION('',(0.,1.));
#2041 = ( GEOMETRIC_REPRESENTATION_CONTEXT(2) 
PARAMETRIC_REPRESENTATION_CONTEXT() REPRESENTATION_CONTEXT('2D SPACE',''
  ) );
#2042 = PCURVE('',#1402,#2043);
#2043 = DEFINITIONAL_REPRESENTATION('',(#2044),#2048);
#2044 = LINE('',#2045,#2046);
#2045 = CARTESIAN_POINT('',(0.,0.));
#2046 = VECTOR('',#2047,1.);
#2047 = DIRECTION('',(0.,-1.));
#2048 = ( GEOMETRIC_REPRESENTATION_CONTEXT(2) 
PARAMETRIC_REPRESENTATION_CONTEXT() REPRESENTATION_CONTEXT('2D SPACE',''
  ) );
#2049 = ORIENTED_EDGE('',*,*,#1981,.T.);
#2050 = ADVANCED_FACE('',(#2051),#964,.F.);
#2051 = FACE_BOUND('',#2052,.F.);
#2052 = EDGE_LOOP('',(#2053,#2054,#2077,#2098));
#2053 = ORIENTED_EDGE('',*,*,#948,.T.);
#2054 = ORIENTED_EDGE('',*,*,#2055,.T.);
#2055 = EDGE_CURVE('',#921,#2056,#2058,.T.);
#2056 = VERTEX_POINT('',#2057);
#2057 = CARTESIAN_POINT('',(15.,265.,309.5));
#2058 = SURFACE_CURVE('',#2059,(#2063,#2070),.PCURVE_S1.);
#2059 = LINE('',#2060,#2061);
#2060 = CARTESIAN_POINT('',(15.,84.,309.5));
#2061 = VECTOR('',#2062,1.);
#2062 = DIRECTION('',(1.110223024625E-16,1.,0.));
#2063 = PCURVE('',#964,#2064);
#2064 = DEFINITIONAL_REPRESENTATION('',(#2065),#2069);
#2065 = LINE('',#2066,#2067);
#2066 = CARTESIAN_POINT('',(5.51,0.));
#2067 = VECTOR('',#2068,1.);
#2068 = DIRECTION('',(0.,1.));
#2069 = ( GEOMETRIC_REPRESENTATION_CONTEXT(2) 
PARAMETRIC_REPRESENTATION_CONTEXT() REPRESENTATION_CONTEXT('2D SPACE',''
  ) );
#2070 = PCURVE('',#936,#2071);
#2071 = DEFINITIONAL_REPRESENTATION('',(#2072),#2076);
#2072 = LINE('',#2073,#2074);
#2073 = CARTESIAN_POINT('',(-1.665334536938E-15,15.));
#2074 = VECTOR('',#2075,1.);
#2075 = DIRECTION('',(1.,0.));
#2076 = ( GEOMETRIC_REPRESENTATION_CONTEXT(2) 
PARAMETRIC_REPRESENTATION_CONTEXT() REPRESENTATION_CONTEXT('2D SPACE',''
  ) );
#2077 = ORIENTED_EDGE('',*,*,#2078,.F.);
#2078 = EDGE_CURVE('',#2007,#2056,#2079,.T.);
#2079 = SURFACE_CURVE('',#2080,(#2084,#2091),.PCURVE_S1.);
#2080 = LINE('',#2081,#2082);
#2081 = CARTESIAN_POINT('',(15.,265.,303.995));
#2082 = VECTOR('',#2083,1.);
#2083 = DIRECTION('',(0.,0.,1.));
#2084 = PCURVE('',#964,#2085);
#2085 = DEFINITIONAL_REPRESENTATION('',(#2086),#2090);
#2086 = LINE('',#2087,#2088);
#2087 = CARTESIAN_POINT('',(4.999999999995E-03,181.));
#2088 = VECTOR('',#2089,1.);
#2089 = DIRECTION('',(1.,0.));
#2090 = ( GEOMETRIC_REPRESENTATION_CONTEXT(2) 
PARAMETRIC_REPRESENTATION_CONTEXT() REPRESENTATION_CONTEXT('2D SPACE',''
  ) );
#2091 = PCURVE('',#1402,#2092);
#2092 = DEFINITIONAL_REPRESENTATION('',(#2093),#2097);
#2093 = LINE('',#2094,#2095);
#2094 = CARTESIAN_POINT('',(-4.999999999995E-03,-25.));
#2095 = VECTOR('',#2096,1.);
#2096 = DIRECTION('',(1.,0.));
#2097 = ( GEOMETRIC_REPRESENTATION_CONTEXT(2) 
PARAMETRIC_REPRESENTATION_CONTEXT() REPRESENTATION_CONTEXT('2D SPACE',''
  ) );
#2098 = ORIENTED_EDGE('',*,*,#2006,.T.);
#2099 = ADVANCED_FACE('',(#2100),#936,.T.);
#2100 = FACE_BOUND('',#2101,.T.);
#2101 = EDGE_LOOP('',(#2102,#2125,#2126,#2127));
#2102 = ORIENTED_EDGE('',*,*,#2103,.F.);
#2103 = EDGE_CURVE('',#893,#2104,#2106,.T.);
#2104 = VERTEX_POINT('',#2105);
#2105 = CARTESIAN_POINT('',(10.,265.,309.5));
#2106 = SURFACE_CURVE('',#2107,(#2111,#2118),.PCURVE_S1.);
#2107 = LINE('',#2108,#2109);
#2108 = CARTESIAN_POINT('',(10.,84.,309.5));
#2109 = VECTOR('',#2110,1.);
#2110 = DIRECTION('',(1.110223024625E-16,1.,0.));
#2111 = PCURVE('',#936,#2112);
#2112 = DEFINITIONAL_REPRESENTATION('',(#2113),#2117);
#2113 = LINE('',#2114,#2115);
#2114 = CARTESIAN_POINT('',(-2.22044604925E-15,20.));
#2115 = VECTOR('',#2116,1.);
#2116 = DIRECTION('',(1.,0.));
#2117 = ( GEOMETRIC_REPRESENTATION_CONTEXT(2) 
PARAMETRIC_REPRESENTATION_CONTEXT() REPRESENTATION_CONTEXT('2D SPACE',''
  ) );
#2118 = PCURVE('',#908,#2119);
#2119 = DEFINITIONAL_REPRESENTATION('',(#2120),#2124);
#2120 = LINE('',#2121,#2122);
#2121 = CARTESIAN_POINT('',(0.,0.));
#2122 = VECTOR('',#2123,1.);
#2123 = DIRECTION('',(0.,1.));
#2124 = ( GEOMETRIC_REPRESENTATION_CONTEXT(2) 
PARAMETRIC_REPRESENTATION_CONTEXT() REPRESENTATION_CONTEXT('2D SPACE',''
  ) );
#2125 = ORIENTED_EDGE('',*,*,#920,.T.);
#2126 = ORIENTED_EDGE('',*,*,#2055,.T.);
#2127 = ORIENTED_EDGE('',*,*,#2128,.F.);
#2128 = EDGE_CURVE('',#2104,#2056,#2129,.T.);
#2129 = SURFACE_CURVE('',#2130,(#2134,#2141),.PCURVE_S1.);
#2130 = LINE('',#2131,#2132);
#2131 = CARTESIAN_POINT('',(35.,265.,309.5));
#2132 = VECTOR('',#2133,1.);
#2133 = DIRECTION('',(1.,-1.110223024625E-16,0.));
#2134 = PCURVE('',#936,#2135);
#2135 = DEFINITIONAL_REPRESENTATION('',(#2136),#2140);
#2136 = LINE('',#2137,#2138);
#2137 = CARTESIAN_POINT('',(181.,-5.));
#2138 = VECTOR('',#2139,1.);
#2139 = DIRECTION('',(0.,-1.));
#2140 = ( GEOMETRIC_REPRESENTATION_CONTEXT(2) 
PARAMETRIC_REPRESENTATION_CONTEXT() REPRESENTATION_CONTEXT('2D SPACE',''
  ) );
#2141 = PCURVE('',#1402,#2142);
#2142 = DEFINITIONAL_REPRESENTATION('',(#2143),#2147);
#2143 = LINE('',#2144,#2145);
#2144 = CARTESIAN_POINT('',(5.5,-5.));
#2145 = VECTOR('',#2146,1.);
#2146 = DIRECTION('',(0.,1.));
#2147 = ( GEOMETRIC_REPRESENTATION_CONTEXT(2) 
PARAMETRIC_REPRESENTATION_CONTEXT() REPRESENTATION_CONTEXT('2D SPACE',''
  ) );
#2148 = ADVANCED_FACE('',(#2149),#908,.F.);
#2149 = FACE_BOUND('',#2150,.F.);
#2150 = EDGE_LOOP('',(#2151,#2152,#2153,#2176));
#2151 = ORIENTED_EDGE('',*,*,#2103,.F.);
#2152 = ORIENTED_EDGE('',*,*,#892,.T.);
#2153 = ORIENTED_EDGE('',*,*,#2154,.T.);
#2154 = EDGE_CURVE('',#865,#2155,#2157,.T.);
#2155 = VERTEX_POINT('',#2156);
#2156 = CARTESIAN_POINT('',(10.,265.,316.5));
#2157 = SURFACE_CURVE('',#2158,(#2162,#2169),.PCURVE_S1.);
#2158 = LINE('',#2159,#2160);
#2159 = CARTESIAN_POINT('',(10.,84.,316.5));
#2160 = VECTOR('',#2161,1.);
#2161 = DIRECTION('',(1.110223024625E-16,1.,0.));
#2162 = PCURVE('',#908,#2163);
#2163 = DEFINITIONAL_REPRESENTATION('',(#2164),#2168);
#2164 = LINE('',#2165,#2166);
#2165 = CARTESIAN_POINT('',(7.,0.));
#2166 = VECTOR('',#2167,1.);
#2167 = DIRECTION('',(0.,1.));
#2168 = ( GEOMETRIC_REPRESENTATION_CONTEXT(2) 
PARAMETRIC_REPRESENTATION_CONTEXT() REPRESENTATION_CONTEXT('2D SPACE',''
  ) );
#2169 = PCURVE('',#880,#2170);
#2170 = DEFINITIONAL_REPRESENTATION('',(#2171),#2175);
#2171 = LINE('',#2172,#2173);
#2172 = CARTESIAN_POINT('',(-2.22044604925E-15,20.));
#2173 = VECTOR('',#2174,1.);
#2174 = DIRECTION('',(1.,0.));
#2175 = ( GEOMETRIC_REPRESENTATION_CONTEXT(2) 
PARAMETRIC_REPRESENTATION_CONTEXT() REPRESENTATION_CONTEXT('2D SPACE',''
  ) );
#2176 = ORIENTED_EDGE('',*,*,#2177,.F.);
#2177 = EDGE_CURVE('',#2104,#2155,#2178,.T.);
#2178 = SURFACE_CURVE('',#2179,(#2183,#2190),.PCURVE_S1.);
#2179 = LINE('',#2180,#2181);
#2180 = CARTESIAN_POINT('',(10.,265.,306.75));
#2181 = VECTOR('',#2182,1.);
#2182 = DIRECTION('',(0.,0.,1.));
#2183 = PCURVE('',#908,#2184);
#2184 = DEFINITIONAL_REPRESENTATION('',(#2185),#2189);
#2185 = LINE('',#2186,#2187);
#2186 = CARTESIAN_POINT('',(-2.75,181.));
#2187 = VECTOR('',#2188,1.);
#2188 = DIRECTION('',(1.,0.));
#2189 = ( GEOMETRIC_REPRESENTATION_CONTEXT(2) 
PARAMETRIC_REPRESENTATION_CONTEXT() REPRESENTATION_CONTEXT('2D SPACE',''
  ) );
#2190 = PCURVE('',#1402,#2191);
#2191 = DEFINITIONAL_REPRESENTATION('',(#2192),#2196);
#2192 = LINE('',#2193,#2194);
#2193 = CARTESIAN_POINT('',(2.75,-30.));
#2194 = VECTOR('',#2195,1.);
#2195 = DIRECTION('',(1.,0.));
#2196 = ( GEOMETRIC_REPRESENTATION_CONTEXT(2) 
PARAMETRIC_REPRESENTATION_CONTEXT() REPRESENTATION_CONTEXT('2D SPACE',''
  ) );
#2197 = ADVANCED_FACE('',(#2198),#880,.F.);
#2198 = FACE_BOUND('',#2199,.F.);
#2199 = EDGE_LOOP('',(#2200,#2201,#2202,#2225));
#2200 = ORIENTED_EDGE('',*,*,#2154,.F.);
#2201 = ORIENTED_EDGE('',*,*,#864,.T.);
#2202 = ORIENTED_EDGE('',*,*,#2203,.F.);
#2203 = EDGE_CURVE('',#2204,#837,#2206,.T.);
#2204 = VERTEX_POINT('',#2205);
#2205 = CARTESIAN_POINT('',(27.5,265.,316.5));
#2206 = SURFACE_CURVE('',#2207,(#2211,#2218),.PCURVE_S1.);
#2207 = LINE('',#2208,#2209);
#2208 = CARTESIAN_POINT('',(27.5,84.,316.5));
#2209 = VECTOR('',#2210,1.);
#2210 = DIRECTION('',(-1.110223024625E-16,-1.,0.));
#2211 = PCURVE('',#880,#2212);
#2212 = DEFINITIONAL_REPRESENTATION('',(#2213),#2217);
#2213 = LINE('',#2214,#2215);
#2214 = CARTESIAN_POINT('',(-2.775557561563E-16,2.5));
#2215 = VECTOR('',#2216,1.);
#2216 = DIRECTION('',(-1.,0.));
#2217 = ( GEOMETRIC_REPRESENTATION_CONTEXT(2) 
PARAMETRIC_REPRESENTATION_CONTEXT() REPRESENTATION_CONTEXT('2D SPACE',''
  ) );
#2218 = PCURVE('',#852,#2219);
#2219 = DEFINITIONAL_REPRESENTATION('',(#2220),#2224);
#2220 = LINE('',#2221,#2222);
#2221 = CARTESIAN_POINT('',(2.5,0.));
#2222 = VECTOR('',#2223,1.);
#2223 = DIRECTION('',(0.,-1.));
#2224 = ( GEOMETRIC_REPRESENTATION_CONTEXT(2) 
PARAMETRIC_REPRESENTATION_CONTEXT() REPRESENTATION_CONTEXT('2D SPACE',''
  ) );
#2225 = ORIENTED_EDGE('',*,*,#2226,.F.);
#2226 = EDGE_CURVE('',#2155,#2204,#2227,.T.);
#2227 = SURFACE_CURVE('',#2228,(#2232,#2239),.PCURVE_S1.);
#2228 = LINE('',#2229,#2230);
#2229 = CARTESIAN_POINT('',(35.,265.,316.5));
#2230 = VECTOR('',#2231,1.);
#2231 = DIRECTION('',(1.,-1.110223024625E-16,0.));
#2232 = PCURVE('',#880,#2233);
#2233 = DEFINITIONAL_REPRESENTATION('',(#2234),#2238);
#2234 = LINE('',#2235,#2236);
#2235 = CARTESIAN_POINT('',(181.,-5.));
#2236 = VECTOR('',#2237,1.);
#2237 = DIRECTION('',(0.,-1.));
#2238 = ( GEOMETRIC_REPRESENTATION_CONTEXT(2) 
PARAMETRIC_REPRESENTATION_CONTEXT() REPRESENTATION_CONTEXT('2D SPACE',''
  ) );
#2239 = PCURVE('',#1402,#2240);
#2240 = DEFINITIONAL_REPRESENTATION('',(#2241),#2245);
#2241 = LINE('',#2242,#2243);
#2242 = CARTESIAN_POINT('',(12.5,-5.));
#2243 = VECTOR('',#2244,1.);
#2244 = DIRECTION('',(0.,1.));
#2245 = ( GEOMETRIC_REPRESENTATION_CONTEXT(2) 
PARAMETRIC_REPRESENTATION_CONTEXT() REPRESENTATION_CONTEXT('2D SPACE',''
  ) );
#2246 = ADVANCED_FACE('',(#2247),#852,.F.);
#2247 = FACE_BOUND('',#2248,.F.);
#2248 = EDGE_LOOP('',(#2249,#2250,#2251,#2274));
#2249 = ORIENTED_EDGE('',*,*,#2203,.T.);
#2250 = ORIENTED_EDGE('',*,*,#836,.T.);
#2251 = ORIENTED_EDGE('',*,*,#2252,.F.);
#2252 = EDGE_CURVE('',#2253,#809,#2255,.T.);
#2253 = VERTEX_POINT('',#2254);
#2254 = CARTESIAN_POINT('',(27.5,265.,331.5));
#2255 = SURFACE_CURVE('',#2256,(#2260,#2267),.PCURVE_S1.);
#2256 = LINE('',#2257,#2258);
#2257 = CARTESIAN_POINT('',(27.5,84.,331.5));
#2258 = VECTOR('',#2259,1.);
#2259 = DIRECTION('',(-1.110223024625E-16,-1.,0.));
#2260 = PCURVE('',#852,#2261);
#2261 = DEFINITIONAL_REPRESENTATION('',(#2262),#2266);
#2262 = LINE('',#2263,#2264);
#2263 = CARTESIAN_POINT('',(17.5,0.));
#2264 = VECTOR('',#2265,1.);
#2265 = DIRECTION('',(0.,-1.));
#2266 = ( GEOMETRIC_REPRESENTATION_CONTEXT(2) 
PARAMETRIC_REPRESENTATION_CONTEXT() REPRESENTATION_CONTEXT('2D SPACE',''
  ) );
#2267 = PCURVE('',#824,#2268);
#2268 = DEFINITIONAL_REPRESENTATION('',(#2269),#2273);
#2269 = LINE('',#2270,#2271);
#2270 = CARTESIAN_POINT('',(-2.775557561563E-16,2.5));
#2271 = VECTOR('',#2272,1.);
#2272 = DIRECTION('',(-1.,0.));
#2273 = ( GEOMETRIC_REPRESENTATION_CONTEXT(2) 
PARAMETRIC_REPRESENTATION_CONTEXT() REPRESENTATION_CONTEXT('2D SPACE',''
  ) );
#2274 = ORIENTED_EDGE('',*,*,#2275,.F.);
#2275 = EDGE_CURVE('',#2204,#2253,#2276,.T.);
#2276 = SURFACE_CURVE('',#2277,(#2281,#2288),.PCURVE_S1.);
#2277 = LINE('',#2278,#2279);
#2278 = CARTESIAN_POINT('',(27.5,265.,309.));
#2279 = VECTOR('',#2280,1.);
#2280 = DIRECTION('',(0.,0.,1.));
#2281 = PCURVE('',#852,#2282);
#2282 = DEFINITIONAL_REPRESENTATION('',(#2283),#2287);
#2283 = LINE('',#2284,#2285);
#2284 = CARTESIAN_POINT('',(-5.,181.));
#2285 = VECTOR('',#2286,1.);
#2286 = DIRECTION('',(1.,0.));
#2287 = ( GEOMETRIC_REPRESENTATION_CONTEXT(2) 
PARAMETRIC_REPRESENTATION_CONTEXT() REPRESENTATION_CONTEXT('2D SPACE',''
  ) );
#2288 = PCURVE('',#1402,#2289);
#2289 = DEFINITIONAL_REPRESENTATION('',(#2290),#2294);
#2290 = LINE('',#2291,#2292);
#2291 = CARTESIAN_POINT('',(5.,-12.5));
#2292 = VECTOR('',#2293,1.);
#2293 = DIRECTION('',(1.,0.));
#2294 = ( GEOMETRIC_REPRESENTATION_CONTEXT(2) 
PARAMETRIC_REPRESENTATION_CONTEXT() REPRESENTATION_CONTEXT('2D SPACE',''
  ) );
#2295 = ADVANCED_FACE('',(#2296),#824,.T.);
#2296 = FACE_BOUND('',#2297,.T.);
#2297 = EDGE_LOOP('',(#2298,#2299,#2300,#2301));
#2298 = ORIENTED_EDGE('',*,*,#1341,.F.);
#2299 = ORIENTED_EDGE('',*,*,#808,.T.);
#2300 = ORIENTED_EDGE('',*,*,#2252,.F.);
#2301 = ORIENTED_EDGE('',*,*,#2302,.F.);
#2302 = EDGE_CURVE('',#1342,#2253,#2303,.T.);
#2303 = SURFACE_CURVE('',#2304,(#2308,#2315),.PCURVE_S1.);
#2304 = LINE('',#2305,#2306);
#2305 = CARTESIAN_POINT('',(35.,265.,331.5));
#2306 = VECTOR('',#2307,1.);
#2307 = DIRECTION('',(1.,-1.110223024625E-16,0.));
#2308 = PCURVE('',#824,#2309);
#2309 = DEFINITIONAL_REPRESENTATION('',(#2310),#2314);
#2310 = LINE('',#2311,#2312);
#2311 = CARTESIAN_POINT('',(181.,-5.));
#2312 = VECTOR('',#2313,1.);
#2313 = DIRECTION('',(0.,-1.));
#2314 = ( GEOMETRIC_REPRESENTATION_CONTEXT(2) 
PARAMETRIC_REPRESENTATION_CONTEXT() REPRESENTATION_CONTEXT('2D SPACE',''
  ) );
#2315 = PCURVE('',#1402,#2316);
#2316 = DEFINITIONAL_REPRESENTATION('',(#2317),#2321);
#2317 = LINE('',#2318,#2319);
#2318 = CARTESIAN_POINT('',(27.5,-5.));
#2319 = VECTOR('',#2320,1.);
#2320 = DIRECTION('',(0.,1.));
#2321 = ( GEOMETRIC_REPRESENTATION_CONTEXT(2) 
PARAMETRIC_REPRESENTATION_CONTEXT() REPRESENTATION_CONTEXT('2D SPACE',''
  ) );
#2322 = ADVANCED_FACE('',(#2323),#1402,.T.);
#2323 = FACE_BOUND('',#2324,.T.);
#2324 = EDGE_LOOP('',(#2325,#2326,#2327,#2328,#2329,#2330,#2331,#2332,
    #2333,#2334,#2335,#2336,#2337,#2338,#2339,#2340,#2341,#2342,#2343,
    #2344));
#2325 = ORIENTED_EDGE('',*,*,#1388,.F.);
#2326 = ORIENTED_EDGE('',*,*,#2302,.T.);
#2327 = ORIENTED_EDGE('',*,*,#2275,.F.);
#2328 = ORIENTED_EDGE('',*,*,#2226,.F.);
#2329 = ORIENTED_EDGE('',*,*,#2177,.F.);
#2330 = ORIENTED_EDGE('',*,*,#2128,.T.);
#2331 = ORIENTED_EDGE('',*,*,#2078,.F.);
#2332 = ORIENTED_EDGE('',*,*,#2029,.T.);
#2333 = ORIENTED_EDGE('',*,*,#1958,.T.);
#2334 = ORIENTED_EDGE('',*,*,#1909,.T.);
#2335 = ORIENTED_EDGE('',*,*,#1883,.T.);
#2336 = ORIENTED_EDGE('',*,*,#1834,.F.);
#2337 = ORIENTED_EDGE('',*,*,#1785,.T.);
#2338 = ORIENTED_EDGE('',*,*,#1736,.T.);
#2339 = ORIENTED_EDGE('',*,*,#1687,.T.);
#2340 = ORIENTED_EDGE('',*,*,#1637,.F.);
#2341 = ORIENTED_EDGE('',*,*,#1589,.T.);
#2342 = ORIENTED_EDGE('',*,*,#1517,.F.);
#2343 = ORIENTED_EDGE('',*,*,#1491,.F.);
#2344 = ORIENTED_EDGE('',*,*,#1442,.F.);
#2345 = MANIFOLD_SOLID_BREP('',#2346);
#2346 = CLOSED_SHELL('',(#2347,#2579,#2655,#2704,#2753,#2802,#2851,#2900
    ,#2949,#2976));
#2347 = ADVANCED_FACE('',(#2348),#2362,.F.);
#2348 = FACE_BOUND('',#2349,.F.);
#2349 = EDGE_LOOP('',(#2350,#2385,#2413,#2441,#2469,#2497,#2525,#2553));
#2350 = ORIENTED_EDGE('',*,*,#2351,.F.);
#2351 = EDGE_CURVE('',#2352,#2354,#2356,.T.);
#2352 = VERTEX_POINT('',#2353);
#2353 = CARTESIAN_POINT('',(-30.,85.,334.));
#2354 = VERTEX_POINT('',#2355);
#2355 = CARTESIAN_POINT('',(-30.,85.,338.5));
#2356 = SURFACE_CURVE('',#2357,(#2361,#2373),.PCURVE_S1.);
#2357 = LINE('',#2358,#2359);
#2358 = CARTESIAN_POINT('',(-30.,85.,317.75));
#2359 = VECTOR('',#2360,1.);
#2360 = DIRECTION('',(0.,0.,1.));
#2361 = PCURVE('',#2362,#2367);
#2362 = PLANE('',#2363);
#2363 = AXIS2_PLACEMENT_3D('',#2364,#2365,#2366);
#2364 = CARTESIAN_POINT('',(40.,85.,304.));
#2365 = DIRECTION('',(1.110223024625E-16,1.,0.));
#2366 = DIRECTION('',(0.,0.,1.));
#2367 = DEFINITIONAL_REPRESENTATION('',(#2368),#2372);
#2368 = LINE('',#2369,#2370);
#2369 = CARTESIAN_POINT('',(13.75,-70.));
#2370 = VECTOR('',#2371,1.);
#2371 = DIRECTION('',(1.,0.));
#2372 = ( GEOMETRIC_REPRESENTATION_CONTEXT(2) 
PARAMETRIC_REPRESENTATION_CONTEXT() REPRESENTATION_CONTEXT('2D SPACE',''
  ) );
#2373 = PCURVE('',#2374,#2379);
#2374 = PLANE('',#2375);
#2375 = AXIS2_PLACEMENT_3D('',#2376,#2377,#2378);
#2376 = CARTESIAN_POINT('',(-30.,84.,331.5));
#2377 = DIRECTION('',(-1.,1.110223024625E-16,0.));
#2378 = DIRECTION('',(0.,0.,1.));
#2379 = DEFINITIONAL_REPRESENTATION('',(#2380),#2384);
#2380 = LINE('',#2381,#2382);
#2381 = CARTESIAN_POINT('',(-13.75,1.));
#2382 = VECTOR('',#2383,1.);
#2383 = DIRECTION('',(1.,0.));
#2384 = ( GEOMETRIC_REPRESENTATION_CONTEXT(2) 
PARAMETRIC_REPRESENTATION_CONTEXT() REPRESENTATION_CONTEXT('2D SPACE',''
  ) );
#2385 = ORIENTED_EDGE('',*,*,#2386,.F.);
#2386 = EDGE_CURVE('',#2387,#2352,#2389,.T.);
#2387 = VERTEX_POINT('',#2388);
#2388 = CARTESIAN_POINT('',(-34.5,85.,334.));
#2389 = SURFACE_CURVE('',#2390,(#2394,#2401),.PCURVE_S1.);
#2390 = LINE('',#2391,#2392);
#2391 = CARTESIAN_POINT('',(6.25,85.,334.));
#2392 = VECTOR('',#2393,1.);
#2393 = DIRECTION('',(1.,-1.110223024625E-16,0.));
#2394 = PCURVE('',#2362,#2395);
#2395 = DEFINITIONAL_REPRESENTATION('',(#2396),#2400);
#2396 = LINE('',#2397,#2398);
#2397 = CARTESIAN_POINT('',(30.,-33.75));
#2398 = VECTOR('',#2399,1.);
#2399 = DIRECTION('',(0.,1.));
#2400 = ( GEOMETRIC_REPRESENTATION_CONTEXT(2) 
PARAMETRIC_REPRESENTATION_CONTEXT() REPRESENTATION_CONTEXT('2D SPACE',''
  ) );
#2401 = PCURVE('',#2402,#2407);
#2402 = PLANE('',#2403);
#2403 = AXIS2_PLACEMENT_3D('',#2404,#2405,#2406);
#2404 = CARTESIAN_POINT('',(-27.5,84.,334.));
#2405 = DIRECTION('',(0.,0.,1.));
#2406 = DIRECTION('',(1.110223024625E-16,1.,0.));
#2407 = DEFINITIONAL_REPRESENTATION('',(#2408),#2412);
#2408 = LINE('',#2409,#2410);
#2409 = CARTESIAN_POINT('',(1.,-33.75));
#2410 = VECTOR('',#2411,1.);
#2411 = DIRECTION('',(0.,-1.));
#2412 = ( GEOMETRIC_REPRESENTATION_CONTEXT(2) 
PARAMETRIC_REPRESENTATION_CONTEXT() REPRESENTATION_CONTEXT('2D SPACE',''
  ) );
#2413 = ORIENTED_EDGE('',*,*,#2414,.F.);
#2414 = EDGE_CURVE('',#2415,#2387,#2417,.T.);
#2415 = VERTEX_POINT('',#2416);
#2416 = CARTESIAN_POINT('',(-34.5,85.,329.));
#2417 = SURFACE_CURVE('',#2418,(#2422,#2429),.PCURVE_S1.);
#2418 = LINE('',#2419,#2420);
#2419 = CARTESIAN_POINT('',(-34.5,85.,309.));
#2420 = VECTOR('',#2421,1.);
#2421 = DIRECTION('',(0.,0.,1.));
#2422 = PCURVE('',#2362,#2423);
#2423 = DEFINITIONAL_REPRESENTATION('',(#2424),#2428);
#2424 = LINE('',#2425,#2426);
#2425 = CARTESIAN_POINT('',(5.,-74.5));
#2426 = VECTOR('',#2427,1.);
#2427 = DIRECTION('',(1.,0.));
#2428 = ( GEOMETRIC_REPRESENTATION_CONTEXT(2) 
PARAMETRIC_REPRESENTATION_CONTEXT() REPRESENTATION_CONTEXT('2D SPACE',''
  ) );
#2429 = PCURVE('',#2430,#2435);
#2430 = PLANE('',#2431);
#2431 = AXIS2_PLACEMENT_3D('',#2432,#2433,#2434);
#2432 = CARTESIAN_POINT('',(-34.5,84.,314.));
#2433 = DIRECTION('',(-1.,1.110223024625E-16,0.));
#2434 = DIRECTION('',(0.,0.,1.));
#2435 = DEFINITIONAL_REPRESENTATION('',(#2436),#2440);
#2436 = LINE('',#2437,#2438);
#2437 = CARTESIAN_POINT('',(-5.,1.));
#2438 = VECTOR('',#2439,1.);
#2439 = DIRECTION('',(1.,0.));
#2440 = ( GEOMETRIC_REPRESENTATION_CONTEXT(2) 
PARAMETRIC_REPRESENTATION_CONTEXT() REPRESENTATION_CONTEXT('2D SPACE',''
  ) );
#2441 = ORIENTED_EDGE('',*,*,#2442,.F.);
#2442 = EDGE_CURVE('',#2443,#2415,#2445,.T.);
#2443 = VERTEX_POINT('',#2444);
#2444 = CARTESIAN_POINT('',(-40.,85.,329.));
#2445 = SURFACE_CURVE('',#2446,(#2450,#2457),.PCURVE_S1.);
#2446 = LINE('',#2447,#2448);
#2447 = CARTESIAN_POINT('',(2.755,85.,329.));
#2448 = VECTOR('',#2449,1.);
#2449 = DIRECTION('',(1.,-1.110223024625E-16,0.));
#2450 = PCURVE('',#2362,#2451);
#2451 = DEFINITIONAL_REPRESENTATION('',(#2452),#2456);
#2452 = LINE('',#2453,#2454);
#2453 = CARTESIAN_POINT('',(25.,-37.245));
#2454 = VECTOR('',#2455,1.);
#2455 = DIRECTION('',(0.,1.));
#2456 = ( GEOMETRIC_REPRESENTATION_CONTEXT(2) 
PARAMETRIC_REPRESENTATION_CONTEXT() REPRESENTATION_CONTEXT('2D SPACE',''
  ) );
#2457 = PCURVE('',#2458,#2463);
#2458 = PLANE('',#2459);
#2459 = AXIS2_PLACEMENT_3D('',#2460,#2461,#2462);
#2460 = CARTESIAN_POINT('',(-34.49,84.,329.));
#2461 = DIRECTION('',(0.,0.,1.));
#2462 = DIRECTION('',(1.110223024625E-16,1.,0.));
#2463 = DEFINITIONAL_REPRESENTATION('',(#2464),#2468);
#2464 = LINE('',#2465,#2466);
#2465 = CARTESIAN_POINT('',(1.,-37.245));
#2466 = VECTOR('',#2467,1.);
#2467 = DIRECTION('',(0.,-1.));
#2468 = ( GEOMETRIC_REPRESENTATION_CONTEXT(2) 
PARAMETRIC_REPRESENTATION_CONTEXT() REPRESENTATION_CONTEXT('2D SPACE',''
  ) );
#2469 = ORIENTED_EDGE('',*,*,#2470,.T.);
#2470 = EDGE_CURVE('',#2443,#2471,#2473,.T.);
#2471 = VERTEX_POINT('',#2472);
#2472 = CARTESIAN_POINT('',(-40.,85.,344.));
#2473 = SURFACE_CURVE('',#2474,(#2478,#2485),.PCURVE_S1.);
#2474 = LINE('',#2475,#2476);
#2475 = CARTESIAN_POINT('',(-40.,85.,304.));
#2476 = VECTOR('',#2477,1.);
#2477 = DIRECTION('',(0.,0.,1.));
#2478 = PCURVE('',#2362,#2479);
#2479 = DEFINITIONAL_REPRESENTATION('',(#2480),#2484);
#2480 = LINE('',#2481,#2482);
#2481 = CARTESIAN_POINT('',(0.,-80.));
#2482 = VECTOR('',#2483,1.);
#2483 = DIRECTION('',(1.,0.));
#2484 = ( GEOMETRIC_REPRESENTATION_CONTEXT(2) 
PARAMETRIC_REPRESENTATION_CONTEXT() REPRESENTATION_CONTEXT('2D SPACE',''
  ) );
#2485 = PCURVE('',#2486,#2491);
#2486 = PLANE('',#2487);
#2487 = AXIS2_PLACEMENT_3D('',#2488,#2489,#2490);
#2488 = CARTESIAN_POINT('',(-40.,85.,304.));
#2489 = DIRECTION('',(-1.,1.110223024625E-16,0.));
#2490 = DIRECTION('',(0.,0.,1.));
#2491 = DEFINITIONAL_REPRESENTATION('',(#2492),#2496);
#2492 = LINE('',#2493,#2494);
#2493 = CARTESIAN_POINT('',(0.,0.));
#2494 = VECTOR('',#2495,1.);
#2495 = DIRECTION('',(1.,0.));
#2496 = ( GEOMETRIC_REPRESENTATION_CONTEXT(2) 
PARAMETRIC_REPRESENTATION_CONTEXT() REPRESENTATION_CONTEXT('2D SPACE',''
  ) );
#2497 = ORIENTED_EDGE('',*,*,#2498,.F.);
#2498 = EDGE_CURVE('',#2499,#2471,#2501,.T.);
#2499 = VERTEX_POINT('',#2500);
#2500 = CARTESIAN_POINT('',(-25.,85.,344.));
#2501 = SURFACE_CURVE('',#2502,(#2506,#2513),.PCURVE_S1.);
#2502 = LINE('',#2503,#2504);
#2503 = CARTESIAN_POINT('',(40.,85.,344.));
#2504 = VECTOR('',#2505,1.);
#2505 = DIRECTION('',(-1.,1.110223024625E-16,0.));
#2506 = PCURVE('',#2362,#2507);
#2507 = DEFINITIONAL_REPRESENTATION('',(#2508),#2512);
#2508 = LINE('',#2509,#2510);
#2509 = CARTESIAN_POINT('',(40.,0.));
#2510 = VECTOR('',#2511,1.);
#2511 = DIRECTION('',(0.,-1.));
#2512 = ( GEOMETRIC_REPRESENTATION_CONTEXT(2) 
PARAMETRIC_REPRESENTATION_CONTEXT() REPRESENTATION_CONTEXT('2D SPACE',''
  ) );
#2513 = PCURVE('',#2514,#2519);
#2514 = PLANE('',#2515);
#2515 = AXIS2_PLACEMENT_3D('',#2516,#2517,#2518);
#2516 = CARTESIAN_POINT('',(40.,85.,344.));
#2517 = DIRECTION('',(0.,0.,1.));
#2518 = DIRECTION('',(1.110223024625E-16,1.,0.));
#2519 = DEFINITIONAL_REPRESENTATION('',(#2520),#2524);
#2520 = LINE('',#2521,#2522);
#2521 = CARTESIAN_POINT('',(0.,0.));
#2522 = VECTOR('',#2523,1.);
#2523 = DIRECTION('',(0.,1.));
#2524 = ( GEOMETRIC_REPRESENTATION_CONTEXT(2) 
PARAMETRIC_REPRESENTATION_CONTEXT() REPRESENTATION_CONTEXT('2D SPACE',''
  ) );
#2525 = ORIENTED_EDGE('',*,*,#2526,.F.);
#2526 = EDGE_CURVE('',#2527,#2499,#2529,.T.);
#2527 = VERTEX_POINT('',#2528);
#2528 = CARTESIAN_POINT('',(-25.,85.,338.5));
#2529 = SURFACE_CURVE('',#2530,(#2534,#2541),.PCURVE_S1.);
#2530 = LINE('',#2531,#2532);
#2531 = CARTESIAN_POINT('',(-25.,85.,321.245));
#2532 = VECTOR('',#2533,1.);
#2533 = DIRECTION('',(0.,0.,1.));
#2534 = PCURVE('',#2362,#2535);
#2535 = DEFINITIONAL_REPRESENTATION('',(#2536),#2540);
#2536 = LINE('',#2537,#2538);
#2537 = CARTESIAN_POINT('',(17.245,-65.));
#2538 = VECTOR('',#2539,1.);
#2539 = DIRECTION('',(1.,0.));
#2540 = ( GEOMETRIC_REPRESENTATION_CONTEXT(2) 
PARAMETRIC_REPRESENTATION_CONTEXT() REPRESENTATION_CONTEXT('2D SPACE',''
  ) );
#2541 = PCURVE('',#2542,#2547);
#2542 = PLANE('',#2543);
#2543 = AXIS2_PLACEMENT_3D('',#2544,#2545,#2546);
#2544 = CARTESIAN_POINT('',(-25.,84.,338.49));
#2545 = DIRECTION('',(-1.,1.110223024625E-16,0.));
#2546 = DIRECTION('',(0.,0.,1.));
#2547 = DEFINITIONAL_REPRESENTATION('',(#2548),#2552);
#2548 = LINE('',#2549,#2550);
#2549 = CARTESIAN_POINT('',(-17.245,1.));
#2550 = VECTOR('',#2551,1.);
#2551 = DIRECTION('',(1.,0.));
#2552 = ( GEOMETRIC_REPRESENTATION_CONTEXT(2) 
PARAMETRIC_REPRESENTATION_CONTEXT() REPRESENTATION_CONTEXT('2D SPACE',''
  ) );
#2553 = ORIENTED_EDGE('',*,*,#2554,.F.);
#2554 = EDGE_CURVE('',#2354,#2527,#2555,.T.);
#2555 = SURFACE_CURVE('',#2556,(#2560,#2567),.PCURVE_S1.);
#2556 = LINE('',#2557,#2558);
#2557 = CARTESIAN_POINT('',(15.,85.,338.5));
#2558 = VECTOR('',#2559,1.);
#2559 = DIRECTION('',(1.,-1.110223024625E-16,0.));
#2560 = PCURVE('',#2362,#2561);
#2561 = DEFINITIONAL_REPRESENTATION('',(#2562),#2566);
#2562 = LINE('',#2563,#2564);
#2563 = CARTESIAN_POINT('',(34.5,-25.));
#2564 = VECTOR('',#2565,1.);
#2565 = DIRECTION('',(0.,1.));
#2566 = ( GEOMETRIC_REPRESENTATION_CONTEXT(2) 
PARAMETRIC_REPRESENTATION_CONTEXT() REPRESENTATION_CONTEXT('2D SPACE',''
  ) );
#2567 = PCURVE('',#2568,#2573);
#2568 = PLANE('',#2569);
#2569 = AXIS2_PLACEMENT_3D('',#2570,#2571,#2572);
#2570 = CARTESIAN_POINT('',(-10.,84.,338.5));
#2571 = DIRECTION('',(0.,0.,1.));
#2572 = DIRECTION('',(1.110223024625E-16,1.,0.));
#2573 = DEFINITIONAL_REPRESENTATION('',(#2574),#2578);
#2574 = LINE('',#2575,#2576);
#2575 = CARTESIAN_POINT('',(1.,-25.));
#2576 = VECTOR('',#2577,1.);
#2577 = DIRECTION('',(0.,-1.));
#2578 = ( GEOMETRIC_REPRESENTATION_CONTEXT(2) 
PARAMETRIC_REPRESENTATION_CONTEXT() REPRESENTATION_CONTEXT('2D SPACE',''
  ) );
#2579 = ADVANCED_FACE('',(#2580),#2374,.F.);
#2580 = FACE_BOUND('',#2581,.F.);
#2581 = EDGE_LOOP('',(#2582,#2605,#2606,#2629));
#2582 = ORIENTED_EDGE('',*,*,#2583,.F.);
#2583 = EDGE_CURVE('',#2352,#2584,#2586,.T.);
#2584 = VERTEX_POINT('',#2585);
#2585 = CARTESIAN_POINT('',(-30.,265.,334.));
#2586 = SURFACE_CURVE('',#2587,(#2591,#2598),.PCURVE_S1.);
#2587 = LINE('',#2588,#2589);
#2588 = CARTESIAN_POINT('',(-30.,84.,334.));
#2589 = VECTOR('',#2590,1.);
#2590 = DIRECTION('',(1.110223024625E-16,1.,0.));
#2591 = PCURVE('',#2374,#2592);
#2592 = DEFINITIONAL_REPRESENTATION('',(#2593),#2597);
#2593 = LINE('',#2594,#2595);
#2594 = CARTESIAN_POINT('',(2.5,0.));
#2595 = VECTOR('',#2596,1.);
#2596 = DIRECTION('',(0.,1.));
#2597 = ( GEOMETRIC_REPRESENTATION_CONTEXT(2) 
PARAMETRIC_REPRESENTATION_CONTEXT() REPRESENTATION_CONTEXT('2D SPACE',''
  ) );
#2598 = PCURVE('',#2402,#2599);
#2599 = DEFINITIONAL_REPRESENTATION('',(#2600),#2604);
#2600 = LINE('',#2601,#2602);
#2601 = CARTESIAN_POINT('',(-2.775557561563E-16,2.5));
#2602 = VECTOR('',#2603,1.);
#2603 = DIRECTION('',(1.,0.));
#2604 = ( GEOMETRIC_REPRESENTATION_CONTEXT(2) 
PARAMETRIC_REPRESENTATION_CONTEXT() REPRESENTATION_CONTEXT('2D SPACE',''
  ) );
#2605 = ORIENTED_EDGE('',*,*,#2351,.T.);
#2606 = ORIENTED_EDGE('',*,*,#2607,.T.);
#2607 = EDGE_CURVE('',#2354,#2608,#2610,.T.);
#2608 = VERTEX_POINT('',#2609);
#2609 = CARTESIAN_POINT('',(-30.,265.,338.5));
#2610 = SURFACE_CURVE('',#2611,(#2615,#2622),.PCURVE_S1.);
#2611 = LINE('',#2612,#2613);
#2612 = CARTESIAN_POINT('',(-30.,84.,338.5));
#2613 = VECTOR('',#2614,1.);
#2614 = DIRECTION('',(1.110223024625E-16,1.,0.));
#2615 = PCURVE('',#2374,#2616);
#2616 = DEFINITIONAL_REPRESENTATION('',(#2617),#2621);
#2617 = LINE('',#2618,#2619);
#2618 = CARTESIAN_POINT('',(7.,0.));
#2619 = VECTOR('',#2620,1.);
#2620 = DIRECTION('',(0.,1.));
#2621 = ( GEOMETRIC_REPRESENTATION_CONTEXT(2) 
PARAMETRIC_REPRESENTATION_CONTEXT() REPRESENTATION_CONTEXT('2D SPACE',''
  ) );
#2622 = PCURVE('',#2568,#2623);
#2623 = DEFINITIONAL_REPRESENTATION('',(#2624),#2628);
#2624 = LINE('',#2625,#2626);
#2625 = CARTESIAN_POINT('',(-2.22044604925E-15,20.));
#2626 = VECTOR('',#2627,1.);
#2627 = DIRECTION('',(1.,0.));
#2628 = ( GEOMETRIC_REPRESENTATION_CONTEXT(2) 
PARAMETRIC_REPRESENTATION_CONTEXT() REPRESENTATION_CONTEXT('2D SPACE',''
  ) );
#2629 = ORIENTED_EDGE('',*,*,#2630,.F.);
#2630 = EDGE_CURVE('',#2584,#2608,#2631,.T.);
#2631 = SURFACE_CURVE('',#2632,(#2636,#2643),.PCURVE_S1.);
#2632 = LINE('',#2633,#2634);
#2633 = CARTESIAN_POINT('',(-30.,265.,317.75));
#2634 = VECTOR('',#2635,1.);
#2635 = DIRECTION('',(0.,0.,1.));
#2636 = PCURVE('',#2374,#2637);
#2637 = DEFINITIONAL_REPRESENTATION('',(#2638),#2642);
#2638 = LINE('',#2639,#2640);
#2639 = CARTESIAN_POINT('',(-13.75,181.));
#2640 = VECTOR('',#2641,1.);
#2641 = DIRECTION('',(1.,0.));
#2642 = ( GEOMETRIC_REPRESENTATION_CONTEXT(2) 
PARAMETRIC_REPRESENTATION_CONTEXT() REPRESENTATION_CONTEXT('2D SPACE',''
  ) );
#2643 = PCURVE('',#2644,#2649);
#2644 = PLANE('',#2645);
#2645 = AXIS2_PLACEMENT_3D('',#2646,#2647,#2648);
#2646 = CARTESIAN_POINT('',(40.,265.,304.));
#2647 = DIRECTION('',(1.110223024625E-16,1.,0.));
#2648 = DIRECTION('',(0.,0.,1.));
#2649 = DEFINITIONAL_REPRESENTATION('',(#2650),#2654);
#2650 = LINE('',#2651,#2652);
#2651 = CARTESIAN_POINT('',(13.75,-70.));
#2652 = VECTOR('',#2653,1.);
#2653 = DIRECTION('',(1.,0.));
#2654 = ( GEOMETRIC_REPRESENTATION_CONTEXT(2) 
PARAMETRIC_REPRESENTATION_CONTEXT() REPRESENTATION_CONTEXT('2D SPACE',''
  ) );
#2655 = ADVANCED_FACE('',(#2656),#2568,.F.);
#2656 = FACE_BOUND('',#2657,.F.);
#2657 = EDGE_LOOP('',(#2658,#2659,#2660,#2683));
#2658 = ORIENTED_EDGE('',*,*,#2607,.F.);
#2659 = ORIENTED_EDGE('',*,*,#2554,.T.);
#2660 = ORIENTED_EDGE('',*,*,#2661,.T.);
#2661 = EDGE_CURVE('',#2527,#2662,#2664,.T.);
#2662 = VERTEX_POINT('',#2663);
#2663 = CARTESIAN_POINT('',(-25.,265.,338.5));
#2664 = SURFACE_CURVE('',#2665,(#2669,#2676),.PCURVE_S1.);
#2665 = LINE('',#2666,#2667);
#2666 = CARTESIAN_POINT('',(-25.,84.,338.5));
#2667 = VECTOR('',#2668,1.);
#2668 = DIRECTION('',(1.110223024625E-16,1.,0.));
#2669 = PCURVE('',#2568,#2670);
#2670 = DEFINITIONAL_REPRESENTATION('',(#2671),#2675);
#2671 = LINE('',#2672,#2673);
#2672 = CARTESIAN_POINT('',(-1.665334536938E-15,15.));
#2673 = VECTOR('',#2674,1.);
#2674 = DIRECTION('',(1.,0.));
#2675 = ( GEOMETRIC_REPRESENTATION_CONTEXT(2) 
PARAMETRIC_REPRESENTATION_CONTEXT() REPRESENTATION_CONTEXT('2D SPACE',''
  ) );
#2676 = PCURVE('',#2542,#2677);
#2677 = DEFINITIONAL_REPRESENTATION('',(#2678),#2682);
#2678 = LINE('',#2679,#2680);
#2679 = CARTESIAN_POINT('',(9.999999999991E-03,0.));
#2680 = VECTOR('',#2681,1.);
#2681 = DIRECTION('',(0.,1.));
#2682 = ( GEOMETRIC_REPRESENTATION_CONTEXT(2) 
PARAMETRIC_REPRESENTATION_CONTEXT() REPRESENTATION_CONTEXT('2D SPACE',''
  ) );
#2683 = ORIENTED_EDGE('',*,*,#2684,.F.);
#2684 = EDGE_CURVE('',#2608,#2662,#2685,.T.);
#2685 = SURFACE_CURVE('',#2686,(#2690,#2697),.PCURVE_S1.);
#2686 = LINE('',#2687,#2688);
#2687 = CARTESIAN_POINT('',(15.,265.,338.5));
#2688 = VECTOR('',#2689,1.);
#2689 = DIRECTION('',(1.,-1.110223024625E-16,0.));
#2690 = PCURVE('',#2568,#2691);
#2691 = DEFINITIONAL_REPRESENTATION('',(#2692),#2696);
#2692 = LINE('',#2693,#2694);
#2693 = CARTESIAN_POINT('',(181.,-25.));
#2694 = VECTOR('',#2695,1.);
#2695 = DIRECTION('',(0.,-1.));
#2696 = ( GEOMETRIC_REPRESENTATION_CONTEXT(2) 
PARAMETRIC_REPRESENTATION_CONTEXT() REPRESENTATION_CONTEXT('2D SPACE',''
  ) );
#2697 = PCURVE('',#2644,#2698);
#2698 = DEFINITIONAL_REPRESENTATION('',(#2699),#2703);
#2699 = LINE('',#2700,#2701);
#2700 = CARTESIAN_POINT('',(34.5,-25.));
#2701 = VECTOR('',#2702,1.);
#2702 = DIRECTION('',(0.,1.));
#2703 = ( GEOMETRIC_REPRESENTATION_CONTEXT(2) 
PARAMETRIC_REPRESENTATION_CONTEXT() REPRESENTATION_CONTEXT('2D SPACE',''
  ) );
#2704 = ADVANCED_FACE('',(#2705),#2542,.F.);
#2705 = FACE_BOUND('',#2706,.F.);
#2706 = EDGE_LOOP('',(#2707,#2708,#2709,#2732));
#2707 = ORIENTED_EDGE('',*,*,#2661,.F.);
#2708 = ORIENTED_EDGE('',*,*,#2526,.T.);
#2709 = ORIENTED_EDGE('',*,*,#2710,.F.);
#2710 = EDGE_CURVE('',#2711,#2499,#2713,.T.);
#2711 = VERTEX_POINT('',#2712);
#2712 = CARTESIAN_POINT('',(-25.,265.,344.));
#2713 = SURFACE_CURVE('',#2714,(#2718,#2725),.PCURVE_S1.);
#2714 = LINE('',#2715,#2716);
#2715 = CARTESIAN_POINT('',(-25.,84.5,344.));
#2716 = VECTOR('',#2717,1.);
#2717 = DIRECTION('',(-1.110223024625E-16,-1.,0.));
#2718 = PCURVE('',#2542,#2719);
#2719 = DEFINITIONAL_REPRESENTATION('',(#2720),#2724);
#2720 = LINE('',#2721,#2722);
#2721 = CARTESIAN_POINT('',(5.51,0.5));
#2722 = VECTOR('',#2723,1.);
#2723 = DIRECTION('',(0.,-1.));
#2724 = ( GEOMETRIC_REPRESENTATION_CONTEXT(2) 
PARAMETRIC_REPRESENTATION_CONTEXT() REPRESENTATION_CONTEXT('2D SPACE',''
  ) );
#2725 = PCURVE('',#2514,#2726);
#2726 = DEFINITIONAL_REPRESENTATION('',(#2727),#2731);
#2727 = LINE('',#2728,#2729);
#2728 = CARTESIAN_POINT('',(-0.5,65.));
#2729 = VECTOR('',#2730,1.);
#2730 = DIRECTION('',(-1.,0.));
#2731 = ( GEOMETRIC_REPRESENTATION_CONTEXT(2) 
PARAMETRIC_REPRESENTATION_CONTEXT() REPRESENTATION_CONTEXT('2D SPACE',''
  ) );
#2732 = ORIENTED_EDGE('',*,*,#2733,.F.);
#2733 = EDGE_CURVE('',#2662,#2711,#2734,.T.);
#2734 = SURFACE_CURVE('',#2735,(#2739,#2746),.PCURVE_S1.);
#2735 = LINE('',#2736,#2737);
#2736 = CARTESIAN_POINT('',(-25.,265.,321.245));
#2737 = VECTOR('',#2738,1.);
#2738 = DIRECTION('',(0.,0.,1.));
#2739 = PCURVE('',#2542,#2740);
#2740 = DEFINITIONAL_REPRESENTATION('',(#2741),#2745);
#2741 = LINE('',#2742,#2743);
#2742 = CARTESIAN_POINT('',(-17.245,181.));
#2743 = VECTOR('',#2744,1.);
#2744 = DIRECTION('',(1.,0.));
#2745 = ( GEOMETRIC_REPRESENTATION_CONTEXT(2) 
PARAMETRIC_REPRESENTATION_CONTEXT() REPRESENTATION_CONTEXT('2D SPACE',''
  ) );
#2746 = PCURVE('',#2644,#2747);
#2747 = DEFINITIONAL_REPRESENTATION('',(#2748),#2752);
#2748 = LINE('',#2749,#2750);
#2749 = CARTESIAN_POINT('',(17.245,-65.));
#2750 = VECTOR('',#2751,1.);
#2751 = DIRECTION('',(1.,0.));
#2752 = ( GEOMETRIC_REPRESENTATION_CONTEXT(2) 
PARAMETRIC_REPRESENTATION_CONTEXT() REPRESENTATION_CONTEXT('2D SPACE',''
  ) );
#2753 = ADVANCED_FACE('',(#2754),#2514,.T.);
#2754 = FACE_BOUND('',#2755,.T.);
#2755 = EDGE_LOOP('',(#2756,#2757,#2758,#2781));
#2756 = ORIENTED_EDGE('',*,*,#2498,.F.);
#2757 = ORIENTED_EDGE('',*,*,#2710,.F.);
#2758 = ORIENTED_EDGE('',*,*,#2759,.T.);
#2759 = EDGE_CURVE('',#2711,#2760,#2762,.T.);
#2760 = VERTEX_POINT('',#2761);
#2761 = CARTESIAN_POINT('',(-40.,265.,344.));
#2762 = SURFACE_CURVE('',#2763,(#2767,#2774),.PCURVE_S1.);
#2763 = LINE('',#2764,#2765);
#2764 = CARTESIAN_POINT('',(40.,265.,344.));
#2765 = VECTOR('',#2766,1.);
#2766 = DIRECTION('',(-1.,1.110223024625E-16,0.));
#2767 = PCURVE('',#2514,#2768);
#2768 = DEFINITIONAL_REPRESENTATION('',(#2769),#2773);
#2769 = LINE('',#2770,#2771);
#2770 = CARTESIAN_POINT('',(180.,5.773159728051E-15));
#2771 = VECTOR('',#2772,1.);
#2772 = DIRECTION('',(0.,1.));
#2773 = ( GEOMETRIC_REPRESENTATION_CONTEXT(2) 
PARAMETRIC_REPRESENTATION_CONTEXT() REPRESENTATION_CONTEXT('2D SPACE',''
  ) );
#2774 = PCURVE('',#2644,#2775);
#2775 = DEFINITIONAL_REPRESENTATION('',(#2776),#2780);
#2776 = LINE('',#2777,#2778);
#2777 = CARTESIAN_POINT('',(40.,0.));
#2778 = VECTOR('',#2779,1.);
#2779 = DIRECTION('',(0.,-1.));
#2780 = ( GEOMETRIC_REPRESENTATION_CONTEXT(2) 
PARAMETRIC_REPRESENTATION_CONTEXT() REPRESENTATION_CONTEXT('2D SPACE',''
  ) );
#2781 = ORIENTED_EDGE('',*,*,#2782,.F.);
#2782 = EDGE_CURVE('',#2471,#2760,#2783,.T.);
#2783 = SURFACE_CURVE('',#2784,(#2788,#2795),.PCURVE_S1.);
#2784 = LINE('',#2785,#2786);
#2785 = CARTESIAN_POINT('',(-40.,85.,344.));
#2786 = VECTOR('',#2787,1.);
#2787 = DIRECTION('',(1.110223024625E-16,1.,0.));
#2788 = PCURVE('',#2514,#2789);
#2789 = DEFINITIONAL_REPRESENTATION('',(#2790),#2794);
#2790 = LINE('',#2791,#2792);
#2791 = CARTESIAN_POINT('',(-8.881784197001E-15,80.));
#2792 = VECTOR('',#2793,1.);
#2793 = DIRECTION('',(1.,0.));
#2794 = ( GEOMETRIC_REPRESENTATION_CONTEXT(2) 
PARAMETRIC_REPRESENTATION_CONTEXT() REPRESENTATION_CONTEXT('2D SPACE',''
  ) );
#2795 = PCURVE('',#2486,#2796);
#2796 = DEFINITIONAL_REPRESENTATION('',(#2797),#2801);
#2797 = LINE('',#2798,#2799);
#2798 = CARTESIAN_POINT('',(40.,0.));
#2799 = VECTOR('',#2800,1.);
#2800 = DIRECTION('',(0.,1.));
#2801 = ( GEOMETRIC_REPRESENTATION_CONTEXT(2) 
PARAMETRIC_REPRESENTATION_CONTEXT() REPRESENTATION_CONTEXT('2D SPACE',''
  ) );
#2802 = ADVANCED_FACE('',(#2803),#2486,.T.);
#2803 = FACE_BOUND('',#2804,.T.);
#2804 = EDGE_LOOP('',(#2805,#2828,#2849,#2850));
#2805 = ORIENTED_EDGE('',*,*,#2806,.F.);
#2806 = EDGE_CURVE('',#2807,#2760,#2809,.T.);
#2807 = VERTEX_POINT('',#2808);
#2808 = CARTESIAN_POINT('',(-40.,265.,329.));
#2809 = SURFACE_CURVE('',#2810,(#2814,#2821),.PCURVE_S1.);
#2810 = LINE('',#2811,#2812);
#2811 = CARTESIAN_POINT('',(-40.,265.,304.));
#2812 = VECTOR('',#2813,1.);
#2813 = DIRECTION('',(0.,0.,1.));
#2814 = PCURVE('',#2486,#2815);
#2815 = DEFINITIONAL_REPRESENTATION('',(#2816),#2820);
#2816 = LINE('',#2817,#2818);
#2817 = CARTESIAN_POINT('',(0.,180.));
#2818 = VECTOR('',#2819,1.);
#2819 = DIRECTION('',(1.,0.));
#2820 = ( GEOMETRIC_REPRESENTATION_CONTEXT(2) 
PARAMETRIC_REPRESENTATION_CONTEXT() REPRESENTATION_CONTEXT('2D SPACE',''
  ) );
#2821 = PCURVE('',#2644,#2822);
#2822 = DEFINITIONAL_REPRESENTATION('',(#2823),#2827);
#2823 = LINE('',#2824,#2825);
#2824 = CARTESIAN_POINT('',(0.,-80.));
#2825 = VECTOR('',#2826,1.);
#2826 = DIRECTION('',(1.,0.));
#2827 = ( GEOMETRIC_REPRESENTATION_CONTEXT(2) 
PARAMETRIC_REPRESENTATION_CONTEXT() REPRESENTATION_CONTEXT('2D SPACE',''
  ) );
#2828 = ORIENTED_EDGE('',*,*,#2829,.F.);
#2829 = EDGE_CURVE('',#2443,#2807,#2830,.T.);
#2830 = SURFACE_CURVE('',#2831,(#2835,#2842),.PCURVE_S1.);
#2831 = LINE('',#2832,#2833);
#2832 = CARTESIAN_POINT('',(-40.,84.5,329.));
#2833 = VECTOR('',#2834,1.);
#2834 = DIRECTION('',(1.110223024625E-16,1.,0.));
#2835 = PCURVE('',#2486,#2836);
#2836 = DEFINITIONAL_REPRESENTATION('',(#2837),#2841);
#2837 = LINE('',#2838,#2839);
#2838 = CARTESIAN_POINT('',(25.,-0.5));
#2839 = VECTOR('',#2840,1.);
#2840 = DIRECTION('',(0.,1.));
#2841 = ( GEOMETRIC_REPRESENTATION_CONTEXT(2) 
PARAMETRIC_REPRESENTATION_CONTEXT() REPRESENTATION_CONTEXT('2D SPACE',''
  ) );
#2842 = PCURVE('',#2458,#2843);
#2843 = DEFINITIONAL_REPRESENTATION('',(#2844),#2848);
#2844 = LINE('',#2845,#2846);
#2845 = CARTESIAN_POINT('',(0.5,5.51));
#2846 = VECTOR('',#2847,1.);
#2847 = DIRECTION('',(1.,0.));
#2848 = ( GEOMETRIC_REPRESENTATION_CONTEXT(2) 
PARAMETRIC_REPRESENTATION_CONTEXT() REPRESENTATION_CONTEXT('2D SPACE',''
  ) );
#2849 = ORIENTED_EDGE('',*,*,#2470,.T.);
#2850 = ORIENTED_EDGE('',*,*,#2782,.T.);
#2851 = ADVANCED_FACE('',(#2852),#2458,.F.);
#2852 = FACE_BOUND('',#2853,.F.);
#2853 = EDGE_LOOP('',(#2854,#2855,#2856,#2879));
#2854 = ORIENTED_EDGE('',*,*,#2829,.F.);
#2855 = ORIENTED_EDGE('',*,*,#2442,.T.);
#2856 = ORIENTED_EDGE('',*,*,#2857,.F.);
#2857 = EDGE_CURVE('',#2858,#2415,#2860,.T.);
#2858 = VERTEX_POINT('',#2859);
#2859 = CARTESIAN_POINT('',(-34.5,265.,329.));
#2860 = SURFACE_CURVE('',#2861,(#2865,#2872),.PCURVE_S1.);
#2861 = LINE('',#2862,#2863);
#2862 = CARTESIAN_POINT('',(-34.5,84.,329.));
#2863 = VECTOR('',#2864,1.);
#2864 = DIRECTION('',(-1.110223024625E-16,-1.,0.));
#2865 = PCURVE('',#2458,#2866);
#2866 = DEFINITIONAL_REPRESENTATION('',(#2867),#2871);
#2867 = LINE('',#2868,#2869);
#2868 = CARTESIAN_POINT('',(-1.110223024625E-18,9.999999999998E-03));
#2869 = VECTOR('',#2870,1.);
#2870 = DIRECTION('',(-1.,0.));
#2871 = ( GEOMETRIC_REPRESENTATION_CONTEXT(2) 
PARAMETRIC_REPRESENTATION_CONTEXT() REPRESENTATION_CONTEXT('2D SPACE',''
  ) );
#2872 = PCURVE('',#2430,#2873);
#2873 = DEFINITIONAL_REPRESENTATION('',(#2874),#2878);
#2874 = LINE('',#2875,#2876);
#2875 = CARTESIAN_POINT('',(15.,0.));
#2876 = VECTOR('',#2877,1.);
#2877 = DIRECTION('',(0.,-1.));
#2878 = ( GEOMETRIC_REPRESENTATION_CONTEXT(2) 
PARAMETRIC_REPRESENTATION_CONTEXT() REPRESENTATION_CONTEXT('2D SPACE',''
  ) );
#2879 = ORIENTED_EDGE('',*,*,#2880,.F.);
#2880 = EDGE_CURVE('',#2807,#2858,#2881,.T.);
#2881 = SURFACE_CURVE('',#2882,(#2886,#2893),.PCURVE_S1.);
#2882 = LINE('',#2883,#2884);
#2883 = CARTESIAN_POINT('',(2.755,265.,329.));
#2884 = VECTOR('',#2885,1.);
#2885 = DIRECTION('',(1.,-1.110223024625E-16,0.));
#2886 = PCURVE('',#2458,#2887);
#2887 = DEFINITIONAL_REPRESENTATION('',(#2888),#2892);
#2888 = LINE('',#2889,#2890);
#2889 = CARTESIAN_POINT('',(181.,-37.245));
#2890 = VECTOR('',#2891,1.);
#2891 = DIRECTION('',(0.,-1.));
#2892 = ( GEOMETRIC_REPRESENTATION_CONTEXT(2) 
PARAMETRIC_REPRESENTATION_CONTEXT() REPRESENTATION_CONTEXT('2D SPACE',''
  ) );
#2893 = PCURVE('',#2644,#2894);
#2894 = DEFINITIONAL_REPRESENTATION('',(#2895),#2899);
#2895 = LINE('',#2896,#2897);
#2896 = CARTESIAN_POINT('',(25.,-37.245));
#2897 = VECTOR('',#2898,1.);
#2898 = DIRECTION('',(0.,1.));
#2899 = ( GEOMETRIC_REPRESENTATION_CONTEXT(2) 
PARAMETRIC_REPRESENTATION_CONTEXT() REPRESENTATION_CONTEXT('2D SPACE',''
  ) );
#2900 = ADVANCED_FACE('',(#2901),#2430,.F.);
#2901 = FACE_BOUND('',#2902,.F.);
#2902 = EDGE_LOOP('',(#2903,#2904,#2927,#2948));
#2903 = ORIENTED_EDGE('',*,*,#2414,.T.);
#2904 = ORIENTED_EDGE('',*,*,#2905,.T.);
#2905 = EDGE_CURVE('',#2387,#2906,#2908,.T.);
#2906 = VERTEX_POINT('',#2907);
#2907 = CARTESIAN_POINT('',(-34.5,265.,334.));
#2908 = SURFACE_CURVE('',#2909,(#2913,#2920),.PCURVE_S1.);
#2909 = LINE('',#2910,#2911);
#2910 = CARTESIAN_POINT('',(-34.5,84.,334.));
#2911 = VECTOR('',#2912,1.);
#2912 = DIRECTION('',(1.110223024625E-16,1.,0.));
#2913 = PCURVE('',#2430,#2914);
#2914 = DEFINITIONAL_REPRESENTATION('',(#2915),#2919);
#2915 = LINE('',#2916,#2917);
#2916 = CARTESIAN_POINT('',(20.,0.));
#2917 = VECTOR('',#2918,1.);
#2918 = DIRECTION('',(0.,1.));
#2919 = ( GEOMETRIC_REPRESENTATION_CONTEXT(2) 
PARAMETRIC_REPRESENTATION_CONTEXT() REPRESENTATION_CONTEXT('2D SPACE',''
  ) );
#2920 = PCURVE('',#2402,#2921);
#2921 = DEFINITIONAL_REPRESENTATION('',(#2922),#2926);
#2922 = LINE('',#2923,#2924);
#2923 = CARTESIAN_POINT('',(-7.771561172376E-16,7.));
#2924 = VECTOR('',#2925,1.);
#2925 = DIRECTION('',(1.,0.));
#2926 = ( GEOMETRIC_REPRESENTATION_CONTEXT(2) 
PARAMETRIC_REPRESENTATION_CONTEXT() REPRESENTATION_CONTEXT('2D SPACE',''
  ) );
#2927 = ORIENTED_EDGE('',*,*,#2928,.F.);
#2928 = EDGE_CURVE('',#2858,#2906,#2929,.T.);
#2929 = SURFACE_CURVE('',#2930,(#2934,#2941),.PCURVE_S1.);
#2930 = LINE('',#2931,#2932);
#2931 = CARTESIAN_POINT('',(-34.5,265.,309.));
#2932 = VECTOR('',#2933,1.);
#2933 = DIRECTION('',(0.,0.,1.));
#2934 = PCURVE('',#2430,#2935);
#2935 = DEFINITIONAL_REPRESENTATION('',(#2936),#2940);
#2936 = LINE('',#2937,#2938);
#2937 = CARTESIAN_POINT('',(-5.,181.));
#2938 = VECTOR('',#2939,1.);
#2939 = DIRECTION('',(1.,0.));
#2940 = ( GEOMETRIC_REPRESENTATION_CONTEXT(2) 
PARAMETRIC_REPRESENTATION_CONTEXT() REPRESENTATION_CONTEXT('2D SPACE',''
  ) );
#2941 = PCURVE('',#2644,#2942);
#2942 = DEFINITIONAL_REPRESENTATION('',(#2943),#2947);
#2943 = LINE('',#2944,#2945);
#2944 = CARTESIAN_POINT('',(5.,-74.5));
#2945 = VECTOR('',#2946,1.);
#2946 = DIRECTION('',(1.,0.));
#2947 = ( GEOMETRIC_REPRESENTATION_CONTEXT(2) 
PARAMETRIC_REPRESENTATION_CONTEXT() REPRESENTATION_CONTEXT('2D SPACE',''
  ) );
#2948 = ORIENTED_EDGE('',*,*,#2857,.T.);
#2949 = ADVANCED_FACE('',(#2950),#2402,.F.);
#2950 = FACE_BOUND('',#2951,.F.);
#2951 = EDGE_LOOP('',(#2952,#2953,#2954,#2955));
#2952 = ORIENTED_EDGE('',*,*,#2905,.F.);
#2953 = ORIENTED_EDGE('',*,*,#2386,.T.);
#2954 = ORIENTED_EDGE('',*,*,#2583,.T.);
#2955 = ORIENTED_EDGE('',*,*,#2956,.F.);
#2956 = EDGE_CURVE('',#2906,#2584,#2957,.T.);
#2957 = SURFACE_CURVE('',#2958,(#2962,#2969),.PCURVE_S1.);
#2958 = LINE('',#2959,#2960);
#2959 = CARTESIAN_POINT('',(6.25,265.,334.));
#2960 = VECTOR('',#2961,1.);
#2961 = DIRECTION('',(1.,-1.110223024625E-16,0.));
#2962 = PCURVE('',#2402,#2963);
#2963 = DEFINITIONAL_REPRESENTATION('',(#2964),#2968);
#2964 = LINE('',#2965,#2966);
#2965 = CARTESIAN_POINT('',(181.,-33.75));
#2966 = VECTOR('',#2967,1.);
#2967 = DIRECTION('',(0.,-1.));
#2968 = ( GEOMETRIC_REPRESENTATION_CONTEXT(2) 
PARAMETRIC_REPRESENTATION_CONTEXT() REPRESENTATION_CONTEXT('2D SPACE',''
  ) );
#2969 = PCURVE('',#2644,#2970);
#2970 = DEFINITIONAL_REPRESENTATION('',(#2971),#2975);
#2971 = LINE('',#2972,#2973);
#2972 = CARTESIAN_POINT('',(30.,-33.75));
#2973 = VECTOR('',#2974,1.);
#2974 = DIRECTION('',(0.,1.));
#2975 = ( GEOMETRIC_REPRESENTATION_CONTEXT(2) 
PARAMETRIC_REPRESENTATION_CONTEXT() REPRESENTATION_CONTEXT('2D SPACE',''
  ) );
#2976 = ADVANCED_FACE('',(#2977),#2644,.T.);
#2977 = FACE_BOUND('',#2978,.T.);
#2978 = EDGE_LOOP('',(#2979,#2980,#2981,#2982,#2983,#2984,#2985,#2986));
#2979 = ORIENTED_EDGE('',*,*,#2630,.F.);
#2980 = ORIENTED_EDGE('',*,*,#2956,.F.);
#2981 = ORIENTED_EDGE('',*,*,#2928,.F.);
#2982 = ORIENTED_EDGE('',*,*,#2880,.F.);
#2983 = ORIENTED_EDGE('',*,*,#2806,.T.);
#2984 = ORIENTED_EDGE('',*,*,#2759,.F.);
#2985 = ORIENTED_EDGE('',*,*,#2733,.F.);
#2986 = ORIENTED_EDGE('',*,*,#2684,.F.);
#2987 = MANIFOLD_SOLID_BREP('',#2988);
#2988 = CLOSED_SHELL('',(#2989,#3221,#3297,#3346,#3395,#3444,#3493,#3542
    ,#3591,#3618));
#2989 = ADVANCED_FACE('',(#2990),#3004,.F.);
#2990 = FACE_BOUND('',#2991,.F.);
#2991 = EDGE_LOOP('',(#2992,#3027,#3055,#3083,#3111,#3139,#3167,#3195));
#2992 = ORIENTED_EDGE('',*,*,#2993,.T.);
#2993 = EDGE_CURVE('',#2994,#2996,#2998,.T.);
#2994 = VERTEX_POINT('',#2995);
#2995 = CARTESIAN_POINT('',(-34.5,85.,314.));
#2996 = VERTEX_POINT('',#2997);
#2997 = CARTESIAN_POINT('',(-30.,85.,314.));
#2998 = SURFACE_CURVE('',#2999,(#3003,#3015),.PCURVE_S1.);
#2999 = LINE('',#3000,#3001);
#3000 = CARTESIAN_POINT('',(6.25,85.,314.));
#3001 = VECTOR('',#3002,1.);
#3002 = DIRECTION('',(1.,-1.110223024625E-16,0.));
#3003 = PCURVE('',#3004,#3009);
#3004 = PLANE('',#3005);
#3005 = AXIS2_PLACEMENT_3D('',#3006,#3007,#3008);
#3006 = CARTESIAN_POINT('',(40.,85.,304.));
#3007 = DIRECTION('',(1.110223024625E-16,1.,0.));
#3008 = DIRECTION('',(0.,0.,1.));
#3009 = DEFINITIONAL_REPRESENTATION('',(#3010),#3014);
#3010 = LINE('',#3011,#3012);
#3011 = CARTESIAN_POINT('',(10.,-33.75));
#3012 = VECTOR('',#3013,1.);
#3013 = DIRECTION('',(0.,1.));
#3014 = ( GEOMETRIC_REPRESENTATION_CONTEXT(2) 
PARAMETRIC_REPRESENTATION_CONTEXT() REPRESENTATION_CONTEXT('2D SPACE',''
  ) );
#3015 = PCURVE('',#3016,#3021);
#3016 = PLANE('',#3017);
#3017 = AXIS2_PLACEMENT_3D('',#3018,#3019,#3020);
#3018 = CARTESIAN_POINT('',(-27.5,84.,314.));
#3019 = DIRECTION('',(0.,0.,1.));
#3020 = DIRECTION('',(1.110223024625E-16,1.,0.));
#3021 = DEFINITIONAL_REPRESENTATION('',(#3022),#3026);
#3022 = LINE('',#3023,#3024);
#3023 = CARTESIAN_POINT('',(1.,-33.75));
#3024 = VECTOR('',#3025,1.);
#3025 = DIRECTION('',(0.,-1.));
#3026 = ( GEOMETRIC_REPRESENTATION_CONTEXT(2) 
PARAMETRIC_REPRESENTATION_CONTEXT() REPRESENTATION_CONTEXT('2D SPACE',''
  ) );
#3027 = ORIENTED_EDGE('',*,*,#3028,.F.);
#3028 = EDGE_CURVE('',#3029,#2996,#3031,.T.);
#3029 = VERTEX_POINT('',#3030);
#3030 = CARTESIAN_POINT('',(-30.,85.,309.5));
#3031 = SURFACE_CURVE('',#3032,(#3036,#3043),.PCURVE_S1.);
#3032 = LINE('',#3033,#3034);
#3033 = CARTESIAN_POINT('',(-30.,85.,306.75));
#3034 = VECTOR('',#3035,1.);
#3035 = DIRECTION('',(0.,0.,1.));
#3036 = PCURVE('',#3004,#3037);
#3037 = DEFINITIONAL_REPRESENTATION('',(#3038),#3042);
#3038 = LINE('',#3039,#3040);
#3039 = CARTESIAN_POINT('',(2.75,-70.));
#3040 = VECTOR('',#3041,1.);
#3041 = DIRECTION('',(1.,0.));
#3042 = ( GEOMETRIC_REPRESENTATION_CONTEXT(2) 
PARAMETRIC_REPRESENTATION_CONTEXT() REPRESENTATION_CONTEXT('2D SPACE',''
  ) );
#3043 = PCURVE('',#3044,#3049);
#3044 = PLANE('',#3045);
#3045 = AXIS2_PLACEMENT_3D('',#3046,#3047,#3048);
#3046 = CARTESIAN_POINT('',(-30.,84.,309.5));
#3047 = DIRECTION('',(-1.,1.110223024625E-16,0.));
#3048 = DIRECTION('',(0.,0.,1.));
#3049 = DEFINITIONAL_REPRESENTATION('',(#3050),#3054);
#3050 = LINE('',#3051,#3052);
#3051 = CARTESIAN_POINT('',(-2.75,1.));
#3052 = VECTOR('',#3053,1.);
#3053 = DIRECTION('',(1.,0.));
#3054 = ( GEOMETRIC_REPRESENTATION_CONTEXT(2) 
PARAMETRIC_REPRESENTATION_CONTEXT() REPRESENTATION_CONTEXT('2D SPACE',''
  ) );
#3055 = ORIENTED_EDGE('',*,*,#3056,.T.);
#3056 = EDGE_CURVE('',#3029,#3057,#3059,.T.);
#3057 = VERTEX_POINT('',#3058);
#3058 = CARTESIAN_POINT('',(-25.,85.,309.5));
#3059 = SURFACE_CURVE('',#3060,(#3064,#3071),.PCURVE_S1.);
#3060 = LINE('',#3061,#3062);
#3061 = CARTESIAN_POINT('',(15.,85.,309.5));
#3062 = VECTOR('',#3063,1.);
#3063 = DIRECTION('',(1.,-1.110223024625E-16,0.));
#3064 = PCURVE('',#3004,#3065);
#3065 = DEFINITIONAL_REPRESENTATION('',(#3066),#3070);
#3066 = LINE('',#3067,#3068);
#3067 = CARTESIAN_POINT('',(5.5,-25.));
#3068 = VECTOR('',#3069,1.);
#3069 = DIRECTION('',(0.,1.));
#3070 = ( GEOMETRIC_REPRESENTATION_CONTEXT(2) 
PARAMETRIC_REPRESENTATION_CONTEXT() REPRESENTATION_CONTEXT('2D SPACE',''
  ) );
#3071 = PCURVE('',#3072,#3077);
#3072 = PLANE('',#3073);
#3073 = AXIS2_PLACEMENT_3D('',#3074,#3075,#3076);
#3074 = CARTESIAN_POINT('',(-10.,84.,309.5));
#3075 = DIRECTION('',(0.,0.,1.));
#3076 = DIRECTION('',(1.110223024625E-16,1.,0.));
#3077 = DEFINITIONAL_REPRESENTATION('',(#3078),#3082);
#3078 = LINE('',#3079,#3080);
#3079 = CARTESIAN_POINT('',(1.,-25.));
#3080 = VECTOR('',#3081,1.);
#3081 = DIRECTION('',(0.,-1.));
#3082 = ( GEOMETRIC_REPRESENTATION_CONTEXT(2) 
PARAMETRIC_REPRESENTATION_CONTEXT() REPRESENTATION_CONTEXT('2D SPACE',''
  ) );
#3083 = ORIENTED_EDGE('',*,*,#3084,.F.);
#3084 = EDGE_CURVE('',#3085,#3057,#3087,.T.);
#3085 = VERTEX_POINT('',#3086);
#3086 = CARTESIAN_POINT('',(-25.,85.,304.));
#3087 = SURFACE_CURVE('',#3088,(#3092,#3099),.PCURVE_S1.);
#3088 = LINE('',#3089,#3090);
#3089 = CARTESIAN_POINT('',(-25.,85.,303.995));
#3090 = VECTOR('',#3091,1.);
#3091 = DIRECTION('',(0.,0.,1.));
#3092 = PCURVE('',#3004,#3093);
#3093 = DEFINITIONAL_REPRESENTATION('',(#3094),#3098);
#3094 = LINE('',#3095,#3096);
#3095 = CARTESIAN_POINT('',(-4.999999999995E-03,-65.));
#3096 = VECTOR('',#3097,1.);
#3097 = DIRECTION('',(1.,0.));
#3098 = ( GEOMETRIC_REPRESENTATION_CONTEXT(2) 
PARAMETRIC_REPRESENTATION_CONTEXT() REPRESENTATION_CONTEXT('2D SPACE',''
  ) );
#3099 = PCURVE('',#3100,#3105);
#3100 = PLANE('',#3101);
#3101 = AXIS2_PLACEMENT_3D('',#3102,#3103,#3104);
#3102 = CARTESIAN_POINT('',(-25.,84.,303.99));
#3103 = DIRECTION('',(-1.,1.110223024625E-16,0.));
#3104 = DIRECTION('',(0.,0.,1.));
#3105 = DEFINITIONAL_REPRESENTATION('',(#3106),#3110);
#3106 = LINE('',#3107,#3108);
#3107 = CARTESIAN_POINT('',(4.999999999995E-03,1.));
#3108 = VECTOR('',#3109,1.);
#3109 = DIRECTION('',(1.,0.));
#3110 = ( GEOMETRIC_REPRESENTATION_CONTEXT(2) 
PARAMETRIC_REPRESENTATION_CONTEXT() REPRESENTATION_CONTEXT('2D SPACE',''
  ) );
#3111 = ORIENTED_EDGE('',*,*,#3112,.T.);
#3112 = EDGE_CURVE('',#3085,#3113,#3115,.T.);
#3113 = VERTEX_POINT('',#3114);
#3114 = CARTESIAN_POINT('',(-40.,85.,304.));
#3115 = SURFACE_CURVE('',#3116,(#3120,#3127),.PCURVE_S1.);
#3116 = LINE('',#3117,#3118);
#3117 = CARTESIAN_POINT('',(40.,85.,304.));
#3118 = VECTOR('',#3119,1.);
#3119 = DIRECTION('',(-1.,1.110223024625E-16,0.));
#3120 = PCURVE('',#3004,#3121);
#3121 = DEFINITIONAL_REPRESENTATION('',(#3122),#3126);
#3122 = LINE('',#3123,#3124);
#3123 = CARTESIAN_POINT('',(0.,0.));
#3124 = VECTOR('',#3125,1.);
#3125 = DIRECTION('',(0.,-1.));
#3126 = ( GEOMETRIC_REPRESENTATION_CONTEXT(2) 
PARAMETRIC_REPRESENTATION_CONTEXT() REPRESENTATION_CONTEXT('2D SPACE',''
  ) );
#3127 = PCURVE('',#3128,#3133);
#3128 = PLANE('',#3129);
#3129 = AXIS2_PLACEMENT_3D('',#3130,#3131,#3132);
#3130 = CARTESIAN_POINT('',(40.,85.,304.));
#3131 = DIRECTION('',(0.,0.,1.));
#3132 = DIRECTION('',(1.110223024625E-16,1.,0.));
#3133 = DEFINITIONAL_REPRESENTATION('',(#3134),#3138);
#3134 = LINE('',#3135,#3136);
#3135 = CARTESIAN_POINT('',(0.,0.));
#3136 = VECTOR('',#3137,1.);
#3137 = DIRECTION('',(0.,1.));
#3138 = ( GEOMETRIC_REPRESENTATION_CONTEXT(2) 
PARAMETRIC_REPRESENTATION_CONTEXT() REPRESENTATION_CONTEXT('2D SPACE',''
  ) );
#3139 = ORIENTED_EDGE('',*,*,#3140,.T.);
#3140 = EDGE_CURVE('',#3113,#3141,#3143,.T.);
#3141 = VERTEX_POINT('',#3142);
#3142 = CARTESIAN_POINT('',(-40.,85.,319.));
#3143 = SURFACE_CURVE('',#3144,(#3148,#3155),.PCURVE_S1.);
#3144 = LINE('',#3145,#3146);
#3145 = CARTESIAN_POINT('',(-40.,85.,304.));
#3146 = VECTOR('',#3147,1.);
#3147 = DIRECTION('',(0.,0.,1.));
#3148 = PCURVE('',#3004,#3149);
#3149 = DEFINITIONAL_REPRESENTATION('',(#3150),#3154);
#3150 = LINE('',#3151,#3152);
#3151 = CARTESIAN_POINT('',(0.,-80.));
#3152 = VECTOR('',#3153,1.);
#3153 = DIRECTION('',(1.,0.));
#3154 = ( GEOMETRIC_REPRESENTATION_CONTEXT(2) 
PARAMETRIC_REPRESENTATION_CONTEXT() REPRESENTATION_CONTEXT('2D SPACE',''
  ) );
#3155 = PCURVE('',#3156,#3161);
#3156 = PLANE('',#3157);
#3157 = AXIS2_PLACEMENT_3D('',#3158,#3159,#3160);
#3158 = CARTESIAN_POINT('',(-40.,85.,304.));
#3159 = DIRECTION('',(-1.,1.110223024625E-16,0.));
#3160 = DIRECTION('',(0.,0.,1.));
#3161 = DEFINITIONAL_REPRESENTATION('',(#3162),#3166);
#3162 = LINE('',#3163,#3164);
#3163 = CARTESIAN_POINT('',(0.,0.));
#3164 = VECTOR('',#3165,1.);
#3165 = DIRECTION('',(1.,0.));
#3166 = ( GEOMETRIC_REPRESENTATION_CONTEXT(2) 
PARAMETRIC_REPRESENTATION_CONTEXT() REPRESENTATION_CONTEXT('2D SPACE',''
  ) );
#3167 = ORIENTED_EDGE('',*,*,#3168,.T.);
#3168 = EDGE_CURVE('',#3141,#3169,#3171,.T.);
#3169 = VERTEX_POINT('',#3170);
#3170 = CARTESIAN_POINT('',(-34.5,85.,319.));
#3171 = SURFACE_CURVE('',#3172,(#3176,#3183),.PCURVE_S1.);
#3172 = LINE('',#3173,#3174);
#3173 = CARTESIAN_POINT('',(2.755,85.,319.));
#3174 = VECTOR('',#3175,1.);
#3175 = DIRECTION('',(1.,-1.110223024625E-16,0.));
#3176 = PCURVE('',#3004,#3177);
#3177 = DEFINITIONAL_REPRESENTATION('',(#3178),#3182);
#3178 = LINE('',#3179,#3180);
#3179 = CARTESIAN_POINT('',(15.,-37.245));
#3180 = VECTOR('',#3181,1.);
#3181 = DIRECTION('',(0.,1.));
#3182 = ( GEOMETRIC_REPRESENTATION_CONTEXT(2) 
PARAMETRIC_REPRESENTATION_CONTEXT() REPRESENTATION_CONTEXT('2D SPACE',''
  ) );
#3183 = PCURVE('',#3184,#3189);
#3184 = PLANE('',#3185);
#3185 = AXIS2_PLACEMENT_3D('',#3186,#3187,#3188);
#3186 = CARTESIAN_POINT('',(-34.49,84.,319.));
#3187 = DIRECTION('',(0.,0.,1.));
#3188 = DIRECTION('',(1.110223024625E-16,1.,0.));
#3189 = DEFINITIONAL_REPRESENTATION('',(#3190),#3194);
#3190 = LINE('',#3191,#3192);
#3191 = CARTESIAN_POINT('',(1.,-37.245));
#3192 = VECTOR('',#3193,1.);
#3193 = DIRECTION('',(0.,-1.));
#3194 = ( GEOMETRIC_REPRESENTATION_CONTEXT(2) 
PARAMETRIC_REPRESENTATION_CONTEXT() REPRESENTATION_CONTEXT('2D SPACE',''
  ) );
#3195 = ORIENTED_EDGE('',*,*,#3196,.F.);
#3196 = EDGE_CURVE('',#2994,#3169,#3197,.T.);
#3197 = SURFACE_CURVE('',#3198,(#3202,#3209),.PCURVE_S1.);
#3198 = LINE('',#3199,#3200);
#3199 = CARTESIAN_POINT('',(-34.5,85.,309.));
#3200 = VECTOR('',#3201,1.);
#3201 = DIRECTION('',(0.,0.,1.));
#3202 = PCURVE('',#3004,#3203);
#3203 = DEFINITIONAL_REPRESENTATION('',(#3204),#3208);
#3204 = LINE('',#3205,#3206);
#3205 = CARTESIAN_POINT('',(5.,-74.5));
#3206 = VECTOR('',#3207,1.);
#3207 = DIRECTION('',(1.,0.));
#3208 = ( GEOMETRIC_REPRESENTATION_CONTEXT(2) 
PARAMETRIC_REPRESENTATION_CONTEXT() REPRESENTATION_CONTEXT('2D SPACE',''
  ) );
#3209 = PCURVE('',#3210,#3215);
#3210 = PLANE('',#3211);
#3211 = AXIS2_PLACEMENT_3D('',#3212,#3213,#3214);
#3212 = CARTESIAN_POINT('',(-34.5,84.,314.));
#3213 = DIRECTION('',(-1.,1.110223024625E-16,0.));
#3214 = DIRECTION('',(0.,0.,1.));
#3215 = DEFINITIONAL_REPRESENTATION('',(#3216),#3220);
#3216 = LINE('',#3217,#3218);
#3217 = CARTESIAN_POINT('',(-5.,1.));
#3218 = VECTOR('',#3219,1.);
#3219 = DIRECTION('',(1.,0.));
#3220 = ( GEOMETRIC_REPRESENTATION_CONTEXT(2) 
PARAMETRIC_REPRESENTATION_CONTEXT() REPRESENTATION_CONTEXT('2D SPACE',''
  ) );
#3221 = ADVANCED_FACE('',(#3222),#3016,.T.);
#3222 = FACE_BOUND('',#3223,.T.);
#3223 = EDGE_LOOP('',(#3224,#3247,#3248,#3271));
#3224 = ORIENTED_EDGE('',*,*,#3225,.F.);
#3225 = EDGE_CURVE('',#2994,#3226,#3228,.T.);
#3226 = VERTEX_POINT('',#3227);
#3227 = CARTESIAN_POINT('',(-34.5,265.,314.));
#3228 = SURFACE_CURVE('',#3229,(#3233,#3240),.PCURVE_S1.);
#3229 = LINE('',#3230,#3231);
#3230 = CARTESIAN_POINT('',(-34.5,84.,314.));
#3231 = VECTOR('',#3232,1.);
#3232 = DIRECTION('',(1.110223024625E-16,1.,0.));
#3233 = PCURVE('',#3016,#3234);
#3234 = DEFINITIONAL_REPRESENTATION('',(#3235),#3239);
#3235 = LINE('',#3236,#3237);
#3236 = CARTESIAN_POINT('',(-7.771561172376E-16,7.));
#3237 = VECTOR('',#3238,1.);
#3238 = DIRECTION('',(1.,0.));
#3239 = ( GEOMETRIC_REPRESENTATION_CONTEXT(2) 
PARAMETRIC_REPRESENTATION_CONTEXT() REPRESENTATION_CONTEXT('2D SPACE',''
  ) );
#3240 = PCURVE('',#3210,#3241);
#3241 = DEFINITIONAL_REPRESENTATION('',(#3242),#3246);
#3242 = LINE('',#3243,#3244);
#3243 = CARTESIAN_POINT('',(0.,0.));
#3244 = VECTOR('',#3245,1.);
#3245 = DIRECTION('',(0.,1.));
#3246 = ( GEOMETRIC_REPRESENTATION_CONTEXT(2) 
PARAMETRIC_REPRESENTATION_CONTEXT() REPRESENTATION_CONTEXT('2D SPACE',''
  ) );
#3247 = ORIENTED_EDGE('',*,*,#2993,.T.);
#3248 = ORIENTED_EDGE('',*,*,#3249,.T.);
#3249 = EDGE_CURVE('',#2996,#3250,#3252,.T.);
#3250 = VERTEX_POINT('',#3251);
#3251 = CARTESIAN_POINT('',(-30.,265.,314.));
#3252 = SURFACE_CURVE('',#3253,(#3257,#3264),.PCURVE_S1.);
#3253 = LINE('',#3254,#3255);
#3254 = CARTESIAN_POINT('',(-30.,84.,314.));
#3255 = VECTOR('',#3256,1.);
#3256 = DIRECTION('',(1.110223024625E-16,1.,0.));
#3257 = PCURVE('',#3016,#3258);
#3258 = DEFINITIONAL_REPRESENTATION('',(#3259),#3263);
#3259 = LINE('',#3260,#3261);
#3260 = CARTESIAN_POINT('',(-2.775557561563E-16,2.5));
#3261 = VECTOR('',#3262,1.);
#3262 = DIRECTION('',(1.,0.));
#3263 = ( GEOMETRIC_REPRESENTATION_CONTEXT(2) 
PARAMETRIC_REPRESENTATION_CONTEXT() REPRESENTATION_CONTEXT('2D SPACE',''
  ) );
#3264 = PCURVE('',#3044,#3265);
#3265 = DEFINITIONAL_REPRESENTATION('',(#3266),#3270);
#3266 = LINE('',#3267,#3268);
#3267 = CARTESIAN_POINT('',(4.5,0.));
#3268 = VECTOR('',#3269,1.);
#3269 = DIRECTION('',(0.,1.));
#3270 = ( GEOMETRIC_REPRESENTATION_CONTEXT(2) 
PARAMETRIC_REPRESENTATION_CONTEXT() REPRESENTATION_CONTEXT('2D SPACE',''
  ) );
#3271 = ORIENTED_EDGE('',*,*,#3272,.F.);
#3272 = EDGE_CURVE('',#3226,#3250,#3273,.T.);
#3273 = SURFACE_CURVE('',#3274,(#3278,#3285),.PCURVE_S1.);
#3274 = LINE('',#3275,#3276);
#3275 = CARTESIAN_POINT('',(6.25,265.,314.));
#3276 = VECTOR('',#3277,1.);
#3277 = DIRECTION('',(1.,-1.110223024625E-16,0.));
#3278 = PCURVE('',#3016,#3279);
#3279 = DEFINITIONAL_REPRESENTATION('',(#3280),#3284);
#3280 = LINE('',#3281,#3282);
#3281 = CARTESIAN_POINT('',(181.,-33.75));
#3282 = VECTOR('',#3283,1.);
#3283 = DIRECTION('',(0.,-1.));
#3284 = ( GEOMETRIC_REPRESENTATION_CONTEXT(2) 
PARAMETRIC_REPRESENTATION_CONTEXT() REPRESENTATION_CONTEXT('2D SPACE',''
  ) );
#3285 = PCURVE('',#3286,#3291);
#3286 = PLANE('',#3287);
#3287 = AXIS2_PLACEMENT_3D('',#3288,#3289,#3290);
#3288 = CARTESIAN_POINT('',(40.,265.,304.));
#3289 = DIRECTION('',(1.110223024625E-16,1.,0.));
#3290 = DIRECTION('',(0.,0.,1.));
#3291 = DEFINITIONAL_REPRESENTATION('',(#3292),#3296);
#3292 = LINE('',#3293,#3294);
#3293 = CARTESIAN_POINT('',(10.,-33.75));
#3294 = VECTOR('',#3295,1.);
#3295 = DIRECTION('',(0.,1.));
#3296 = ( GEOMETRIC_REPRESENTATION_CONTEXT(2) 
PARAMETRIC_REPRESENTATION_CONTEXT() REPRESENTATION_CONTEXT('2D SPACE',''
  ) );
#3297 = ADVANCED_FACE('',(#3298),#3210,.F.);
#3298 = FACE_BOUND('',#3299,.F.);
#3299 = EDGE_LOOP('',(#3300,#3301,#3302,#3325));
#3300 = ORIENTED_EDGE('',*,*,#3225,.F.);
#3301 = ORIENTED_EDGE('',*,*,#3196,.T.);
#3302 = ORIENTED_EDGE('',*,*,#3303,.F.);
#3303 = EDGE_CURVE('',#3304,#3169,#3306,.T.);
#3304 = VERTEX_POINT('',#3305);
#3305 = CARTESIAN_POINT('',(-34.5,265.,319.));
#3306 = SURFACE_CURVE('',#3307,(#3311,#3318),.PCURVE_S1.);
#3307 = LINE('',#3308,#3309);
#3308 = CARTESIAN_POINT('',(-34.5,84.,319.));
#3309 = VECTOR('',#3310,1.);
#3310 = DIRECTION('',(-1.110223024625E-16,-1.,0.));
#3311 = PCURVE('',#3210,#3312);
#3312 = DEFINITIONAL_REPRESENTATION('',(#3313),#3317);
#3313 = LINE('',#3314,#3315);
#3314 = CARTESIAN_POINT('',(5.,0.));
#3315 = VECTOR('',#3316,1.);
#3316 = DIRECTION('',(0.,-1.));
#3317 = ( GEOMETRIC_REPRESENTATION_CONTEXT(2) 
PARAMETRIC_REPRESENTATION_CONTEXT() REPRESENTATION_CONTEXT('2D SPACE',''
  ) );
#3318 = PCURVE('',#3184,#3319);
#3319 = DEFINITIONAL_REPRESENTATION('',(#3320),#3324);
#3320 = LINE('',#3321,#3322);
#3321 = CARTESIAN_POINT('',(-1.110223024625E-18,9.999999999998E-03));
#3322 = VECTOR('',#3323,1.);
#3323 = DIRECTION('',(-1.,0.));
#3324 = ( GEOMETRIC_REPRESENTATION_CONTEXT(2) 
PARAMETRIC_REPRESENTATION_CONTEXT() REPRESENTATION_CONTEXT('2D SPACE',''
  ) );
#3325 = ORIENTED_EDGE('',*,*,#3326,.F.);
#3326 = EDGE_CURVE('',#3226,#3304,#3327,.T.);
#3327 = SURFACE_CURVE('',#3328,(#3332,#3339),.PCURVE_S1.);
#3328 = LINE('',#3329,#3330);
#3329 = CARTESIAN_POINT('',(-34.5,265.,309.));
#3330 = VECTOR('',#3331,1.);
#3331 = DIRECTION('',(0.,0.,1.));
#3332 = PCURVE('',#3210,#3333);
#3333 = DEFINITIONAL_REPRESENTATION('',(#3334),#3338);
#3334 = LINE('',#3335,#3336);
#3335 = CARTESIAN_POINT('',(-5.,181.));
#3336 = VECTOR('',#3337,1.);
#3337 = DIRECTION('',(1.,0.));
#3338 = ( GEOMETRIC_REPRESENTATION_CONTEXT(2) 
PARAMETRIC_REPRESENTATION_CONTEXT() REPRESENTATION_CONTEXT('2D SPACE',''
  ) );
#3339 = PCURVE('',#3286,#3340);
#3340 = DEFINITIONAL_REPRESENTATION('',(#3341),#3345);
#3341 = LINE('',#3342,#3343);
#3342 = CARTESIAN_POINT('',(5.,-74.5));
#3343 = VECTOR('',#3344,1.);
#3344 = DIRECTION('',(1.,0.));
#3345 = ( GEOMETRIC_REPRESENTATION_CONTEXT(2) 
PARAMETRIC_REPRESENTATION_CONTEXT() REPRESENTATION_CONTEXT('2D SPACE',''
  ) );
#3346 = ADVANCED_FACE('',(#3347),#3184,.T.);
#3347 = FACE_BOUND('',#3348,.T.);
#3348 = EDGE_LOOP('',(#3349,#3372,#3373,#3374));
#3349 = ORIENTED_EDGE('',*,*,#3350,.F.);
#3350 = EDGE_CURVE('',#3141,#3351,#3353,.T.);
#3351 = VERTEX_POINT('',#3352);
#3352 = CARTESIAN_POINT('',(-40.,265.,319.));
#3353 = SURFACE_CURVE('',#3354,(#3358,#3365),.PCURVE_S1.);
#3354 = LINE('',#3355,#3356);
#3355 = CARTESIAN_POINT('',(-40.,84.5,319.));
#3356 = VECTOR('',#3357,1.);
#3357 = DIRECTION('',(1.110223024625E-16,1.,0.));
#3358 = PCURVE('',#3184,#3359);
#3359 = DEFINITIONAL_REPRESENTATION('',(#3360),#3364);
#3360 = LINE('',#3361,#3362);
#3361 = CARTESIAN_POINT('',(0.5,5.51));
#3362 = VECTOR('',#3363,1.);
#3363 = DIRECTION('',(1.,0.));
#3364 = ( GEOMETRIC_REPRESENTATION_CONTEXT(2) 
PARAMETRIC_REPRESENTATION_CONTEXT() REPRESENTATION_CONTEXT('2D SPACE',''
  ) );
#3365 = PCURVE('',#3156,#3366);
#3366 = DEFINITIONAL_REPRESENTATION('',(#3367),#3371);
#3367 = LINE('',#3368,#3369);
#3368 = CARTESIAN_POINT('',(15.,-0.5));
#3369 = VECTOR('',#3370,1.);
#3370 = DIRECTION('',(0.,1.));
#3371 = ( GEOMETRIC_REPRESENTATION_CONTEXT(2) 
PARAMETRIC_REPRESENTATION_CONTEXT() REPRESENTATION_CONTEXT('2D SPACE',''
  ) );
#3372 = ORIENTED_EDGE('',*,*,#3168,.T.);
#3373 = ORIENTED_EDGE('',*,*,#3303,.F.);
#3374 = ORIENTED_EDGE('',*,*,#3375,.F.);
#3375 = EDGE_CURVE('',#3351,#3304,#3376,.T.);
#3376 = SURFACE_CURVE('',#3377,(#3381,#3388),.PCURVE_S1.);
#3377 = LINE('',#3378,#3379);
#3378 = CARTESIAN_POINT('',(2.755,265.,319.));
#3379 = VECTOR('',#3380,1.);
#3380 = DIRECTION('',(1.,-1.110223024625E-16,0.));
#3381 = PCURVE('',#3184,#3382);
#3382 = DEFINITIONAL_REPRESENTATION('',(#3383),#3387);
#3383 = LINE('',#3384,#3385);
#3384 = CARTESIAN_POINT('',(181.,-37.245));
#3385 = VECTOR('',#3386,1.);
#3386 = DIRECTION('',(0.,-1.));
#3387 = ( GEOMETRIC_REPRESENTATION_CONTEXT(2) 
PARAMETRIC_REPRESENTATION_CONTEXT() REPRESENTATION_CONTEXT('2D SPACE',''
  ) );
#3388 = PCURVE('',#3286,#3389);
#3389 = DEFINITIONAL_REPRESENTATION('',(#3390),#3394);
#3390 = LINE('',#3391,#3392);
#3391 = CARTESIAN_POINT('',(15.,-37.245));
#3392 = VECTOR('',#3393,1.);
#3393 = DIRECTION('',(0.,1.));
#3394 = ( GEOMETRIC_REPRESENTATION_CONTEXT(2) 
PARAMETRIC_REPRESENTATION_CONTEXT() REPRESENTATION_CONTEXT('2D SPACE',''
  ) );
#3395 = ADVANCED_FACE('',(#3396),#3156,.T.);
#3396 = FACE_BOUND('',#3397,.T.);
#3397 = EDGE_LOOP('',(#3398,#3421,#3442,#3443));
#3398 = ORIENTED_EDGE('',*,*,#3399,.F.);
#3399 = EDGE_CURVE('',#3400,#3351,#3402,.T.);
#3400 = VERTEX_POINT('',#3401);
#3401 = CARTESIAN_POINT('',(-40.,265.,304.));
#3402 = SURFACE_CURVE('',#3403,(#3407,#3414),.PCURVE_S1.);
#3403 = LINE('',#3404,#3405);
#3404 = CARTESIAN_POINT('',(-40.,265.,304.));
#3405 = VECTOR('',#3406,1.);
#3406 = DIRECTION('',(0.,0.,1.));
#3407 = PCURVE('',#3156,#3408);
#3408 = DEFINITIONAL_REPRESENTATION('',(#3409),#3413);
#3409 = LINE('',#3410,#3411);
#3410 = CARTESIAN_POINT('',(0.,180.));
#3411 = VECTOR('',#3412,1.);
#3412 = DIRECTION('',(1.,0.));
#3413 = ( GEOMETRIC_REPRESENTATION_CONTEXT(2) 
PARAMETRIC_REPRESENTATION_CONTEXT() REPRESENTATION_CONTEXT('2D SPACE',''
  ) );
#3414 = PCURVE('',#3286,#3415);
#3415 = DEFINITIONAL_REPRESENTATION('',(#3416),#3420);
#3416 = LINE('',#3417,#3418);
#3417 = CARTESIAN_POINT('',(0.,-80.));
#3418 = VECTOR('',#3419,1.);
#3419 = DIRECTION('',(1.,0.));
#3420 = ( GEOMETRIC_REPRESENTATION_CONTEXT(2) 
PARAMETRIC_REPRESENTATION_CONTEXT() REPRESENTATION_CONTEXT('2D SPACE',''
  ) );
#3421 = ORIENTED_EDGE('',*,*,#3422,.F.);
#3422 = EDGE_CURVE('',#3113,#3400,#3423,.T.);
#3423 = SURFACE_CURVE('',#3424,(#3428,#3435),.PCURVE_S1.);
#3424 = LINE('',#3425,#3426);
#3425 = CARTESIAN_POINT('',(-40.,85.,304.));
#3426 = VECTOR('',#3427,1.);
#3427 = DIRECTION('',(1.110223024625E-16,1.,0.));
#3428 = PCURVE('',#3156,#3429);
#3429 = DEFINITIONAL_REPRESENTATION('',(#3430),#3434);
#3430 = LINE('',#3431,#3432);
#3431 = CARTESIAN_POINT('',(0.,0.));
#3432 = VECTOR('',#3433,1.);
#3433 = DIRECTION('',(0.,1.));
#3434 = ( GEOMETRIC_REPRESENTATION_CONTEXT(2) 
PARAMETRIC_REPRESENTATION_CONTEXT() REPRESENTATION_CONTEXT('2D SPACE',''
  ) );
#3435 = PCURVE('',#3128,#3436);
#3436 = DEFINITIONAL_REPRESENTATION('',(#3437),#3441);
#3437 = LINE('',#3438,#3439);
#3438 = CARTESIAN_POINT('',(-8.881784197001E-15,80.));
#3439 = VECTOR('',#3440,1.);
#3440 = DIRECTION('',(1.,0.));
#3441 = ( GEOMETRIC_REPRESENTATION_CONTEXT(2) 
PARAMETRIC_REPRESENTATION_CONTEXT() REPRESENTATION_CONTEXT('2D SPACE',''
  ) );
#3442 = ORIENTED_EDGE('',*,*,#3140,.T.);
#3443 = ORIENTED_EDGE('',*,*,#3350,.T.);
#3444 = ADVANCED_FACE('',(#3445),#3128,.F.);
#3445 = FACE_BOUND('',#3446,.F.);
#3446 = EDGE_LOOP('',(#3447,#3448,#3471,#3492));
#3447 = ORIENTED_EDGE('',*,*,#3112,.F.);
#3448 = ORIENTED_EDGE('',*,*,#3449,.F.);
#3449 = EDGE_CURVE('',#3450,#3085,#3452,.T.);
#3450 = VERTEX_POINT('',#3451);
#3451 = CARTESIAN_POINT('',(-25.,265.,304.));
#3452 = SURFACE_CURVE('',#3453,(#3457,#3464),.PCURVE_S1.);
#3453 = LINE('',#3454,#3455);
#3454 = CARTESIAN_POINT('',(-25.,84.5,304.));
#3455 = VECTOR('',#3456,1.);
#3456 = DIRECTION('',(-1.110223024625E-16,-1.,0.));
#3457 = PCURVE('',#3128,#3458);
#3458 = DEFINITIONAL_REPRESENTATION('',(#3459),#3463);
#3459 = LINE('',#3460,#3461);
#3460 = CARTESIAN_POINT('',(-0.5,65.));
#3461 = VECTOR('',#3462,1.);
#3462 = DIRECTION('',(-1.,0.));
#3463 = ( GEOMETRIC_REPRESENTATION_CONTEXT(2) 
PARAMETRIC_REPRESENTATION_CONTEXT() REPRESENTATION_CONTEXT('2D SPACE',''
  ) );
#3464 = PCURVE('',#3100,#3465);
#3465 = DEFINITIONAL_REPRESENTATION('',(#3466),#3470);
#3466 = LINE('',#3467,#3468);
#3467 = CARTESIAN_POINT('',(9.999999999991E-03,0.5));
#3468 = VECTOR('',#3469,1.);
#3469 = DIRECTION('',(0.,-1.));
#3470 = ( GEOMETRIC_REPRESENTATION_CONTEXT(2) 
PARAMETRIC_REPRESENTATION_CONTEXT() REPRESENTATION_CONTEXT('2D SPACE',''
  ) );
#3471 = ORIENTED_EDGE('',*,*,#3472,.T.);
#3472 = EDGE_CURVE('',#3450,#3400,#3473,.T.);
#3473 = SURFACE_CURVE('',#3474,(#3478,#3485),.PCURVE_S1.);
#3474 = LINE('',#3475,#3476);
#3475 = CARTESIAN_POINT('',(40.,265.,304.));
#3476 = VECTOR('',#3477,1.);
#3477 = DIRECTION('',(-1.,1.110223024625E-16,0.));
#3478 = PCURVE('',#3128,#3479);
#3479 = DEFINITIONAL_REPRESENTATION('',(#3480),#3484);
#3480 = LINE('',#3481,#3482);
#3481 = CARTESIAN_POINT('',(180.,5.773159728051E-15));
#3482 = VECTOR('',#3483,1.);
#3483 = DIRECTION('',(0.,1.));
#3484 = ( GEOMETRIC_REPRESENTATION_CONTEXT(2) 
PARAMETRIC_REPRESENTATION_CONTEXT() REPRESENTATION_CONTEXT('2D SPACE',''
  ) );
#3485 = PCURVE('',#3286,#3486);
#3486 = DEFINITIONAL_REPRESENTATION('',(#3487),#3491);
#3487 = LINE('',#3488,#3489);
#3488 = CARTESIAN_POINT('',(0.,0.));
#3489 = VECTOR('',#3490,1.);
#3490 = DIRECTION('',(0.,-1.));
#3491 = ( GEOMETRIC_REPRESENTATION_CONTEXT(2) 
PARAMETRIC_REPRESENTATION_CONTEXT() REPRESENTATION_CONTEXT('2D SPACE',''
  ) );
#3492 = ORIENTED_EDGE('',*,*,#3422,.F.);
#3493 = ADVANCED_FACE('',(#3494),#3100,.F.);
#3494 = FACE_BOUND('',#3495,.F.);
#3495 = EDGE_LOOP('',(#3496,#3497,#3520,#3541));
#3496 = ORIENTED_EDGE('',*,*,#3084,.T.);
#3497 = ORIENTED_EDGE('',*,*,#3498,.T.);
#3498 = EDGE_CURVE('',#3057,#3499,#3501,.T.);
#3499 = VERTEX_POINT('',#3500);
#3500 = CARTESIAN_POINT('',(-25.,265.,309.5));
#3501 = SURFACE_CURVE('',#3502,(#3506,#3513),.PCURVE_S1.);
#3502 = LINE('',#3503,#3504);
#3503 = CARTESIAN_POINT('',(-25.,84.,309.5));
#3504 = VECTOR('',#3505,1.);
#3505 = DIRECTION('',(1.110223024625E-16,1.,0.));
#3506 = PCURVE('',#3100,#3507);
#3507 = DEFINITIONAL_REPRESENTATION('',(#3508),#3512);
#3508 = LINE('',#3509,#3510);
#3509 = CARTESIAN_POINT('',(5.51,0.));
#3510 = VECTOR('',#3511,1.);
#3511 = DIRECTION('',(0.,1.));
#3512 = ( GEOMETRIC_REPRESENTATION_CONTEXT(2) 
PARAMETRIC_REPRESENTATION_CONTEXT() REPRESENTATION_CONTEXT('2D SPACE',''
  ) );
#3513 = PCURVE('',#3072,#3514);
#3514 = DEFINITIONAL_REPRESENTATION('',(#3515),#3519);
#3515 = LINE('',#3516,#3517);
#3516 = CARTESIAN_POINT('',(-1.665334536938E-15,15.));
#3517 = VECTOR('',#3518,1.);
#3518 = DIRECTION('',(1.,0.));
#3519 = ( GEOMETRIC_REPRESENTATION_CONTEXT(2) 
PARAMETRIC_REPRESENTATION_CONTEXT() REPRESENTATION_CONTEXT('2D SPACE',''
  ) );
#3520 = ORIENTED_EDGE('',*,*,#3521,.F.);
#3521 = EDGE_CURVE('',#3450,#3499,#3522,.T.);
#3522 = SURFACE_CURVE('',#3523,(#3527,#3534),.PCURVE_S1.);
#3523 = LINE('',#3524,#3525);
#3524 = CARTESIAN_POINT('',(-25.,265.,303.995));
#3525 = VECTOR('',#3526,1.);
#3526 = DIRECTION('',(0.,0.,1.));
#3527 = PCURVE('',#3100,#3528);
#3528 = DEFINITIONAL_REPRESENTATION('',(#3529),#3533);
#3529 = LINE('',#3530,#3531);
#3530 = CARTESIAN_POINT('',(4.999999999995E-03,181.));
#3531 = VECTOR('',#3532,1.);
#3532 = DIRECTION('',(1.,0.));
#3533 = ( GEOMETRIC_REPRESENTATION_CONTEXT(2) 
PARAMETRIC_REPRESENTATION_CONTEXT() REPRESENTATION_CONTEXT('2D SPACE',''
  ) );
#3534 = PCURVE('',#3286,#3535);
#3535 = DEFINITIONAL_REPRESENTATION('',(#3536),#3540);
#3536 = LINE('',#3537,#3538);
#3537 = CARTESIAN_POINT('',(-4.999999999995E-03,-65.));
#3538 = VECTOR('',#3539,1.);
#3539 = DIRECTION('',(1.,0.));
#3540 = ( GEOMETRIC_REPRESENTATION_CONTEXT(2) 
PARAMETRIC_REPRESENTATION_CONTEXT() REPRESENTATION_CONTEXT('2D SPACE',''
  ) );
#3541 = ORIENTED_EDGE('',*,*,#3449,.T.);
#3542 = ADVANCED_FACE('',(#3543),#3072,.T.);
#3543 = FACE_BOUND('',#3544,.T.);
#3544 = EDGE_LOOP('',(#3545,#3568,#3569,#3570));
#3545 = ORIENTED_EDGE('',*,*,#3546,.F.);
#3546 = EDGE_CURVE('',#3029,#3547,#3549,.T.);
#3547 = VERTEX_POINT('',#3548);
#3548 = CARTESIAN_POINT('',(-30.,265.,309.5));
#3549 = SURFACE_CURVE('',#3550,(#3554,#3561),.PCURVE_S1.);
#3550 = LINE('',#3551,#3552);
#3551 = CARTESIAN_POINT('',(-30.,84.,309.5));
#3552 = VECTOR('',#3553,1.);
#3553 = DIRECTION('',(1.110223024625E-16,1.,0.));
#3554 = PCURVE('',#3072,#3555);
#3555 = DEFINITIONAL_REPRESENTATION('',(#3556),#3560);
#3556 = LINE('',#3557,#3558);
#3557 = CARTESIAN_POINT('',(-2.22044604925E-15,20.));
#3558 = VECTOR('',#3559,1.);
#3559 = DIRECTION('',(1.,0.));
#3560 = ( GEOMETRIC_REPRESENTATION_CONTEXT(2) 
PARAMETRIC_REPRESENTATION_CONTEXT() REPRESENTATION_CONTEXT('2D SPACE',''
  ) );
#3561 = PCURVE('',#3044,#3562);
#3562 = DEFINITIONAL_REPRESENTATION('',(#3563),#3567);
#3563 = LINE('',#3564,#3565);
#3564 = CARTESIAN_POINT('',(0.,0.));
#3565 = VECTOR('',#3566,1.);
#3566 = DIRECTION('',(0.,1.));
#3567 = ( GEOMETRIC_REPRESENTATION_CONTEXT(2) 
PARAMETRIC_REPRESENTATION_CONTEXT() REPRESENTATION_CONTEXT('2D SPACE',''
  ) );
#3568 = ORIENTED_EDGE('',*,*,#3056,.T.);
#3569 = ORIENTED_EDGE('',*,*,#3498,.T.);
#3570 = ORIENTED_EDGE('',*,*,#3571,.F.);
#3571 = EDGE_CURVE('',#3547,#3499,#3572,.T.);
#3572 = SURFACE_CURVE('',#3573,(#3577,#3584),.PCURVE_S1.);
#3573 = LINE('',#3574,#3575);
#3574 = CARTESIAN_POINT('',(15.,265.,309.5));
#3575 = VECTOR('',#3576,1.);
#3576 = DIRECTION('',(1.,-1.110223024625E-16,0.));
#3577 = PCURVE('',#3072,#3578);
#3578 = DEFINITIONAL_REPRESENTATION('',(#3579),#3583);
#3579 = LINE('',#3580,#3581);
#3580 = CARTESIAN_POINT('',(181.,-25.));
#3581 = VECTOR('',#3582,1.);
#3582 = DIRECTION('',(0.,-1.));
#3583 = ( GEOMETRIC_REPRESENTATION_CONTEXT(2) 
PARAMETRIC_REPRESENTATION_CONTEXT() REPRESENTATION_CONTEXT('2D SPACE',''
  ) );
#3584 = PCURVE('',#3286,#3585);
#3585 = DEFINITIONAL_REPRESENTATION('',(#3586),#3590);
#3586 = LINE('',#3587,#3588);
#3587 = CARTESIAN_POINT('',(5.5,-25.));
#3588 = VECTOR('',#3589,1.);
#3589 = DIRECTION('',(0.,1.));
#3590 = ( GEOMETRIC_REPRESENTATION_CONTEXT(2) 
PARAMETRIC_REPRESENTATION_CONTEXT() REPRESENTATION_CONTEXT('2D SPACE',''
  ) );
#3591 = ADVANCED_FACE('',(#3592),#3044,.F.);
#3592 = FACE_BOUND('',#3593,.F.);
#3593 = EDGE_LOOP('',(#3594,#3595,#3596,#3597));
#3594 = ORIENTED_EDGE('',*,*,#3546,.F.);
#3595 = ORIENTED_EDGE('',*,*,#3028,.T.);
#3596 = ORIENTED_EDGE('',*,*,#3249,.T.);
#3597 = ORIENTED_EDGE('',*,*,#3598,.F.);
#3598 = EDGE_CURVE('',#3547,#3250,#3599,.T.);
#3599 = SURFACE_CURVE('',#3600,(#3604,#3611),.PCURVE_S1.);
#3600 = LINE('',#3601,#3602);
#3601 = CARTESIAN_POINT('',(-30.,265.,306.75));
#3602 = VECTOR('',#3603,1.);
#3603 = DIRECTION('',(0.,0.,1.));
#3604 = PCURVE('',#3044,#3605);
#3605 = DEFINITIONAL_REPRESENTATION('',(#3606),#3610);
#3606 = LINE('',#3607,#3608);
#3607 = CARTESIAN_POINT('',(-2.75,181.));
#3608 = VECTOR('',#3609,1.);
#3609 = DIRECTION('',(1.,0.));
#3610 = ( GEOMETRIC_REPRESENTATION_CONTEXT(2) 
PARAMETRIC_REPRESENTATION_CONTEXT() REPRESENTATION_CONTEXT('2D SPACE',''
  ) );
#3611 = PCURVE('',#3286,#3612);
#3612 = DEFINITIONAL_REPRESENTATION('',(#3613),#3617);
#3613 = LINE('',#3614,#3615);
#3614 = CARTESIAN_POINT('',(2.75,-70.));
#3615 = VECTOR('',#3616,1.);
#3616 = DIRECTION('',(1.,0.));
#3617 = ( GEOMETRIC_REPRESENTATION_CONTEXT(2) 
PARAMETRIC_REPRESENTATION_CONTEXT() REPRESENTATION_CONTEXT('2D SPACE',''
  ) );
#3618 = ADVANCED_FACE('',(#3619),#3286,.T.);
#3619 = FACE_BOUND('',#3620,.T.);
#3620 = EDGE_LOOP('',(#3621,#3622,#3623,#3624,#3625,#3626,#3627,#3628));
#3621 = ORIENTED_EDGE('',*,*,#3272,.T.);
#3622 = ORIENTED_EDGE('',*,*,#3598,.F.);
#3623 = ORIENTED_EDGE('',*,*,#3571,.T.);
#3624 = ORIENTED_EDGE('',*,*,#3521,.F.);
#3625 = ORIENTED_EDGE('',*,*,#3472,.T.);
#3626 = ORIENTED_EDGE('',*,*,#3399,.T.);
#3627 = ORIENTED_EDGE('',*,*,#3375,.T.);
#3628 = ORIENTED_EDGE('',*,*,#3326,.F.);
#3629 = MANIFOLD_SOLID_BREP('',#3630);
#3630 = CLOSED_SHELL('',(#3631,#3863,#3939,#3988,#4037,#4086,#4135,#4184
    ,#4233,#4260));
#3631 = ADVANCED_FACE('',(#3632),#3646,.F.);
#3632 = FACE_BOUND('',#3633,.F.);
#3633 = EDGE_LOOP('',(#3634,#3669,#3697,#3725,#3753,#3781,#3809,#3837));
#3634 = ORIENTED_EDGE('',*,*,#3635,.T.);
#3635 = EDGE_CURVE('',#3636,#3638,#3640,.T.);
#3636 = VERTEX_POINT('',#3637);
#3637 = CARTESIAN_POINT('',(34.5,85.,314.));
#3638 = VERTEX_POINT('',#3639);
#3639 = CARTESIAN_POINT('',(34.5,85.,319.));
#3640 = SURFACE_CURVE('',#3641,(#3645,#3657),.PCURVE_S1.);
#3641 = LINE('',#3642,#3643);
#3642 = CARTESIAN_POINT('',(34.5,85.,309.));
#3643 = VECTOR('',#3644,1.);
#3644 = DIRECTION('',(0.,0.,1.));
#3645 = PCURVE('',#3646,#3651);
#3646 = PLANE('',#3647);
#3647 = AXIS2_PLACEMENT_3D('',#3648,#3649,#3650);
#3648 = CARTESIAN_POINT('',(40.,85.,304.));
#3649 = DIRECTION('',(1.110223024625E-16,1.,0.));
#3650 = DIRECTION('',(0.,0.,1.));
#3651 = DEFINITIONAL_REPRESENTATION('',(#3652),#3656);
#3652 = LINE('',#3653,#3654);
#3653 = CARTESIAN_POINT('',(5.,-5.5));
#3654 = VECTOR('',#3655,1.);
#3655 = DIRECTION('',(1.,0.));
#3656 = ( GEOMETRIC_REPRESENTATION_CONTEXT(2) 
PARAMETRIC_REPRESENTATION_CONTEXT() REPRESENTATION_CONTEXT('2D SPACE',''
  ) );
#3657 = PCURVE('',#3658,#3663);
#3658 = PLANE('',#3659);
#3659 = AXIS2_PLACEMENT_3D('',#3660,#3661,#3662);
#3660 = CARTESIAN_POINT('',(34.5,84.,314.));
#3661 = DIRECTION('',(-1.,1.110223024625E-16,0.));
#3662 = DIRECTION('',(0.,0.,1.));
#3663 = DEFINITIONAL_REPRESENTATION('',(#3664),#3668);
#3664 = LINE('',#3665,#3666);
#3665 = CARTESIAN_POINT('',(-5.,1.));
#3666 = VECTOR('',#3667,1.);
#3667 = DIRECTION('',(1.,0.));
#3668 = ( GEOMETRIC_REPRESENTATION_CONTEXT(2) 
PARAMETRIC_REPRESENTATION_CONTEXT() REPRESENTATION_CONTEXT('2D SPACE',''
  ) );
#3669 = ORIENTED_EDGE('',*,*,#3670,.T.);
#3670 = EDGE_CURVE('',#3638,#3671,#3673,.T.);
#3671 = VERTEX_POINT('',#3672);
#3672 = CARTESIAN_POINT('',(40.,85.,319.));
#3673 = SURFACE_CURVE('',#3674,(#3678,#3685),.PCURVE_S1.);
#3674 = LINE('',#3675,#3676);
#3675 = CARTESIAN_POINT('',(40.005,85.,319.));
#3676 = VECTOR('',#3677,1.);
#3677 = DIRECTION('',(1.,-1.110223024625E-16,0.));
#3678 = PCURVE('',#3646,#3679);
#3679 = DEFINITIONAL_REPRESENTATION('',(#3680),#3684);
#3680 = LINE('',#3681,#3682);
#3681 = CARTESIAN_POINT('',(15.,4.999999999995E-03));
#3682 = VECTOR('',#3683,1.);
#3683 = DIRECTION('',(0.,1.));
#3684 = ( GEOMETRIC_REPRESENTATION_CONTEXT(2) 
PARAMETRIC_REPRESENTATION_CONTEXT() REPRESENTATION_CONTEXT('2D SPACE',''
  ) );
#3685 = PCURVE('',#3686,#3691);
#3686 = PLANE('',#3687);
#3687 = AXIS2_PLACEMENT_3D('',#3688,#3689,#3690);
#3688 = CARTESIAN_POINT('',(40.01,84.,319.));
#3689 = DIRECTION('',(0.,0.,1.));
#3690 = DIRECTION('',(1.110223024625E-16,1.,0.));
#3691 = DEFINITIONAL_REPRESENTATION('',(#3692),#3696);
#3692 = LINE('',#3693,#3694);
#3693 = CARTESIAN_POINT('',(1.,5.000000000003E-03));
#3694 = VECTOR('',#3695,1.);
#3695 = DIRECTION('',(0.,-1.));
#3696 = ( GEOMETRIC_REPRESENTATION_CONTEXT(2) 
PARAMETRIC_REPRESENTATION_CONTEXT() REPRESENTATION_CONTEXT('2D SPACE',''
  ) );
#3697 = ORIENTED_EDGE('',*,*,#3698,.F.);
#3698 = EDGE_CURVE('',#3699,#3671,#3701,.T.);
#3699 = VERTEX_POINT('',#3700);
#3700 = CARTESIAN_POINT('',(40.,85.,304.));
#3701 = SURFACE_CURVE('',#3702,(#3706,#3713),.PCURVE_S1.);
#3702 = LINE('',#3703,#3704);
#3703 = CARTESIAN_POINT('',(40.,85.,304.));
#3704 = VECTOR('',#3705,1.);
#3705 = DIRECTION('',(0.,0.,1.));
#3706 = PCURVE('',#3646,#3707);
#3707 = DEFINITIONAL_REPRESENTATION('',(#3708),#3712);
#3708 = LINE('',#3709,#3710);
#3709 = CARTESIAN_POINT('',(0.,0.));
#3710 = VECTOR('',#3711,1.);
#3711 = DIRECTION('',(1.,0.));
#3712 = ( GEOMETRIC_REPRESENTATION_CONTEXT(2) 
PARAMETRIC_REPRESENTATION_CONTEXT() REPRESENTATION_CONTEXT('2D SPACE',''
  ) );
#3713 = PCURVE('',#3714,#3719);
#3714 = PLANE('',#3715);
#3715 = AXIS2_PLACEMENT_3D('',#3716,#3717,#3718);
#3716 = CARTESIAN_POINT('',(40.,85.,304.));
#3717 = DIRECTION('',(-1.,1.110223024625E-16,0.));
#3718 = DIRECTION('',(0.,0.,1.));
#3719 = DEFINITIONAL_REPRESENTATION('',(#3720),#3724);
#3720 = LINE('',#3721,#3722);
#3721 = CARTESIAN_POINT('',(0.,0.));
#3722 = VECTOR('',#3723,1.);
#3723 = DIRECTION('',(1.,0.));
#3724 = ( GEOMETRIC_REPRESENTATION_CONTEXT(2) 
PARAMETRIC_REPRESENTATION_CONTEXT() REPRESENTATION_CONTEXT('2D SPACE',''
  ) );
#3725 = ORIENTED_EDGE('',*,*,#3726,.T.);
#3726 = EDGE_CURVE('',#3699,#3727,#3729,.T.);
#3727 = VERTEX_POINT('',#3728);
#3728 = CARTESIAN_POINT('',(25.,85.,304.));
#3729 = SURFACE_CURVE('',#3730,(#3734,#3741),.PCURVE_S1.);
#3730 = LINE('',#3731,#3732);
#3731 = CARTESIAN_POINT('',(40.,85.,304.));
#3732 = VECTOR('',#3733,1.);
#3733 = DIRECTION('',(-1.,1.110223024625E-16,0.));
#3734 = PCURVE('',#3646,#3735);
#3735 = DEFINITIONAL_REPRESENTATION('',(#3736),#3740);
#3736 = LINE('',#3737,#3738);
#3737 = CARTESIAN_POINT('',(0.,0.));
#3738 = VECTOR('',#3739,1.);
#3739 = DIRECTION('',(0.,-1.));
#3740 = ( GEOMETRIC_REPRESENTATION_CONTEXT(2) 
PARAMETRIC_REPRESENTATION_CONTEXT() REPRESENTATION_CONTEXT('2D SPACE',''
  ) );
#3741 = PCURVE('',#3742,#3747);
#3742 = PLANE('',#3743);
#3743 = AXIS2_PLACEMENT_3D('',#3744,#3745,#3746);
#3744 = CARTESIAN_POINT('',(40.,85.,304.));
#3745 = DIRECTION('',(0.,0.,1.));
#3746 = DIRECTION('',(1.110223024625E-16,1.,0.));
#3747 = DEFINITIONAL_REPRESENTATION('',(#3748),#3752);
#3748 = LINE('',#3749,#3750);
#3749 = CARTESIAN_POINT('',(0.,0.));
#3750 = VECTOR('',#3751,1.);
#3751 = DIRECTION('',(0.,1.));
#3752 = ( GEOMETRIC_REPRESENTATION_CONTEXT(2) 
PARAMETRIC_REPRESENTATION_CONTEXT() REPRESENTATION_CONTEXT('2D SPACE',''
  ) );
#3753 = ORIENTED_EDGE('',*,*,#3754,.T.);
#3754 = EDGE_CURVE('',#3727,#3755,#3757,.T.);
#3755 = VERTEX_POINT('',#3756);
#3756 = CARTESIAN_POINT('',(25.,85.,309.5));
#3757 = SURFACE_CURVE('',#3758,(#3762,#3769),.PCURVE_S1.);
#3758 = LINE('',#3759,#3760);
#3759 = CARTESIAN_POINT('',(25.,85.,303.995));
#3760 = VECTOR('',#3761,1.);
#3761 = DIRECTION('',(0.,0.,1.));
#3762 = PCURVE('',#3646,#3763);
#3763 = DEFINITIONAL_REPRESENTATION('',(#3764),#3768);
#3764 = LINE('',#3765,#3766);
#3765 = CARTESIAN_POINT('',(-4.999999999995E-03,-15.));
#3766 = VECTOR('',#3767,1.);
#3767 = DIRECTION('',(1.,0.));
#3768 = ( GEOMETRIC_REPRESENTATION_CONTEXT(2) 
PARAMETRIC_REPRESENTATION_CONTEXT() REPRESENTATION_CONTEXT('2D SPACE',''
  ) );
#3769 = PCURVE('',#3770,#3775);
#3770 = PLANE('',#3771);
#3771 = AXIS2_PLACEMENT_3D('',#3772,#3773,#3774);
#3772 = CARTESIAN_POINT('',(25.,84.,303.99));
#3773 = DIRECTION('',(-1.,1.110223024625E-16,0.));
#3774 = DIRECTION('',(0.,0.,1.));
#3775 = DEFINITIONAL_REPRESENTATION('',(#3776),#3780);
#3776 = LINE('',#3777,#3778);
#3777 = CARTESIAN_POINT('',(4.999999999995E-03,1.));
#3778 = VECTOR('',#3779,1.);
#3779 = DIRECTION('',(1.,0.));
#3780 = ( GEOMETRIC_REPRESENTATION_CONTEXT(2) 
PARAMETRIC_REPRESENTATION_CONTEXT() REPRESENTATION_CONTEXT('2D SPACE',''
  ) );
#3781 = ORIENTED_EDGE('',*,*,#3782,.T.);
#3782 = EDGE_CURVE('',#3755,#3783,#3785,.T.);
#3783 = VERTEX_POINT('',#3784);
#3784 = CARTESIAN_POINT('',(30.,85.,309.5));
#3785 = SURFACE_CURVE('',#3786,(#3790,#3797),.PCURVE_S1.);
#3786 = LINE('',#3787,#3788);
#3787 = CARTESIAN_POINT('',(35.,85.,309.5));
#3788 = VECTOR('',#3789,1.);
#3789 = DIRECTION('',(1.,-1.110223024625E-16,0.));
#3790 = PCURVE('',#3646,#3791);
#3791 = DEFINITIONAL_REPRESENTATION('',(#3792),#3796);
#3792 = LINE('',#3793,#3794);
#3793 = CARTESIAN_POINT('',(5.5,-5.));
#3794 = VECTOR('',#3795,1.);
#3795 = DIRECTION('',(0.,1.));
#3796 = ( GEOMETRIC_REPRESENTATION_CONTEXT(2) 
PARAMETRIC_REPRESENTATION_CONTEXT() REPRESENTATION_CONTEXT('2D SPACE',''
  ) );
#3797 = PCURVE('',#3798,#3803);
#3798 = PLANE('',#3799);
#3799 = AXIS2_PLACEMENT_3D('',#3800,#3801,#3802);
#3800 = CARTESIAN_POINT('',(30.,84.,309.5));
#3801 = DIRECTION('',(0.,0.,1.));
#3802 = DIRECTION('',(1.110223024625E-16,1.,0.));
#3803 = DEFINITIONAL_REPRESENTATION('',(#3804),#3808);
#3804 = LINE('',#3805,#3806);
#3805 = CARTESIAN_POINT('',(1.,-5.));
#3806 = VECTOR('',#3807,1.);
#3807 = DIRECTION('',(0.,-1.));
#3808 = ( GEOMETRIC_REPRESENTATION_CONTEXT(2) 
PARAMETRIC_REPRESENTATION_CONTEXT() REPRESENTATION_CONTEXT('2D SPACE',''
  ) );
#3809 = ORIENTED_EDGE('',*,*,#3810,.T.);
#3810 = EDGE_CURVE('',#3783,#3811,#3813,.T.);
#3811 = VERTEX_POINT('',#3812);
#3812 = CARTESIAN_POINT('',(30.,85.,314.));
#3813 = SURFACE_CURVE('',#3814,(#3818,#3825),.PCURVE_S1.);
#3814 = LINE('',#3815,#3816);
#3815 = CARTESIAN_POINT('',(30.,85.,306.75));
#3816 = VECTOR('',#3817,1.);
#3817 = DIRECTION('',(0.,0.,1.));
#3818 = PCURVE('',#3646,#3819);
#3819 = DEFINITIONAL_REPRESENTATION('',(#3820),#3824);
#3820 = LINE('',#3821,#3822);
#3821 = CARTESIAN_POINT('',(2.75,-10.));
#3822 = VECTOR('',#3823,1.);
#3823 = DIRECTION('',(1.,0.));
#3824 = ( GEOMETRIC_REPRESENTATION_CONTEXT(2) 
PARAMETRIC_REPRESENTATION_CONTEXT() REPRESENTATION_CONTEXT('2D SPACE',''
  ) );
#3825 = PCURVE('',#3826,#3831);
#3826 = PLANE('',#3827);
#3827 = AXIS2_PLACEMENT_3D('',#3828,#3829,#3830);
#3828 = CARTESIAN_POINT('',(30.,84.,309.5));
#3829 = DIRECTION('',(-1.,1.110223024625E-16,0.));
#3830 = DIRECTION('',(0.,0.,1.));
#3831 = DEFINITIONAL_REPRESENTATION('',(#3832),#3836);
#3832 = LINE('',#3833,#3834);
#3833 = CARTESIAN_POINT('',(-2.75,1.));
#3834 = VECTOR('',#3835,1.);
#3835 = DIRECTION('',(1.,0.));
#3836 = ( GEOMETRIC_REPRESENTATION_CONTEXT(2) 
PARAMETRIC_REPRESENTATION_CONTEXT() REPRESENTATION_CONTEXT('2D SPACE',''
  ) );
#3837 = ORIENTED_EDGE('',*,*,#3838,.T.);
#3838 = EDGE_CURVE('',#3811,#3636,#3839,.T.);
#3839 = SURFACE_CURVE('',#3840,(#3844,#3851),.PCURVE_S1.);
#3840 = LINE('',#3841,#3842);
#3841 = CARTESIAN_POINT('',(37.25,85.,314.));
#3842 = VECTOR('',#3843,1.);
#3843 = DIRECTION('',(1.,-1.110223024625E-16,0.));
#3844 = PCURVE('',#3646,#3845);
#3845 = DEFINITIONAL_REPRESENTATION('',(#3846),#3850);
#3846 = LINE('',#3847,#3848);
#3847 = CARTESIAN_POINT('',(10.,-2.75));
#3848 = VECTOR('',#3849,1.);
#3849 = DIRECTION('',(0.,1.));
#3850 = ( GEOMETRIC_REPRESENTATION_CONTEXT(2) 
PARAMETRIC_REPRESENTATION_CONTEXT() REPRESENTATION_CONTEXT('2D SPACE',''
  ) );
#3851 = PCURVE('',#3852,#3857);
#3852 = PLANE('',#3853);
#3853 = AXIS2_PLACEMENT_3D('',#3854,#3855,#3856);
#3854 = CARTESIAN_POINT('',(34.5,84.,314.));
#3855 = DIRECTION('',(0.,0.,1.));
#3856 = DIRECTION('',(1.110223024625E-16,1.,0.));
#3857 = DEFINITIONAL_REPRESENTATION('',(#3858),#3862);
#3858 = LINE('',#3859,#3860);
#3859 = CARTESIAN_POINT('',(1.,-2.75));
#3860 = VECTOR('',#3861,1.);
#3861 = DIRECTION('',(0.,-1.));
#3862 = ( GEOMETRIC_REPRESENTATION_CONTEXT(2) 
PARAMETRIC_REPRESENTATION_CONTEXT() REPRESENTATION_CONTEXT('2D SPACE',''
  ) );
#3863 = ADVANCED_FACE('',(#3864),#3658,.T.);
#3864 = FACE_BOUND('',#3865,.T.);
#3865 = EDGE_LOOP('',(#3866,#3889,#3890,#3913));
#3866 = ORIENTED_EDGE('',*,*,#3867,.F.);
#3867 = EDGE_CURVE('',#3636,#3868,#3870,.T.);
#3868 = VERTEX_POINT('',#3869);
#3869 = CARTESIAN_POINT('',(34.5,265.,314.));
#3870 = SURFACE_CURVE('',#3871,(#3875,#3882),.PCURVE_S1.);
#3871 = LINE('',#3872,#3873);
#3872 = CARTESIAN_POINT('',(34.5,84.,314.));
#3873 = VECTOR('',#3874,1.);
#3874 = DIRECTION('',(1.110223024625E-16,1.,0.));
#3875 = PCURVE('',#3658,#3876);
#3876 = DEFINITIONAL_REPRESENTATION('',(#3877),#3881);
#3877 = LINE('',#3878,#3879);
#3878 = CARTESIAN_POINT('',(0.,0.));
#3879 = VECTOR('',#3880,1.);
#3880 = DIRECTION('',(0.,1.));
#3881 = ( GEOMETRIC_REPRESENTATION_CONTEXT(2) 
PARAMETRIC_REPRESENTATION_CONTEXT() REPRESENTATION_CONTEXT('2D SPACE',''
  ) );
#3882 = PCURVE('',#3852,#3883);
#3883 = DEFINITIONAL_REPRESENTATION('',(#3884),#3888);
#3884 = LINE('',#3885,#3886);
#3885 = CARTESIAN_POINT('',(0.,0.));
#3886 = VECTOR('',#3887,1.);
#3887 = DIRECTION('',(1.,0.));
#3888 = ( GEOMETRIC_REPRESENTATION_CONTEXT(2) 
PARAMETRIC_REPRESENTATION_CONTEXT() REPRESENTATION_CONTEXT('2D SPACE',''
  ) );
#3889 = ORIENTED_EDGE('',*,*,#3635,.T.);
#3890 = ORIENTED_EDGE('',*,*,#3891,.F.);
#3891 = EDGE_CURVE('',#3892,#3638,#3894,.T.);
#3892 = VERTEX_POINT('',#3893);
#3893 = CARTESIAN_POINT('',(34.5,265.,319.));
#3894 = SURFACE_CURVE('',#3895,(#3899,#3906),.PCURVE_S1.);
#3895 = LINE('',#3896,#3897);
#3896 = CARTESIAN_POINT('',(34.5,84.,319.));
#3897 = VECTOR('',#3898,1.);
#3898 = DIRECTION('',(-1.110223024625E-16,-1.,0.));
#3899 = PCURVE('',#3658,#3900);
#3900 = DEFINITIONAL_REPRESENTATION('',(#3901),#3905);
#3901 = LINE('',#3902,#3903);
#3902 = CARTESIAN_POINT('',(5.,0.));
#3903 = VECTOR('',#3904,1.);
#3904 = DIRECTION('',(0.,-1.));
#3905 = ( GEOMETRIC_REPRESENTATION_CONTEXT(2) 
PARAMETRIC_REPRESENTATION_CONTEXT() REPRESENTATION_CONTEXT('2D SPACE',''
  ) );
#3906 = PCURVE('',#3686,#3907);
#3907 = DEFINITIONAL_REPRESENTATION('',(#3908),#3912);
#3908 = LINE('',#3909,#3910);
#3909 = CARTESIAN_POINT('',(-6.117328865685E-16,5.51));
#3910 = VECTOR('',#3911,1.);
#3911 = DIRECTION('',(-1.,0.));
#3912 = ( GEOMETRIC_REPRESENTATION_CONTEXT(2) 
PARAMETRIC_REPRESENTATION_CONTEXT() REPRESENTATION_CONTEXT('2D SPACE',''
  ) );
#3913 = ORIENTED_EDGE('',*,*,#3914,.F.);
#3914 = EDGE_CURVE('',#3868,#3892,#3915,.T.);
#3915 = SURFACE_CURVE('',#3916,(#3920,#3927),.PCURVE_S1.);
#3916 = LINE('',#3917,#3918);
#3917 = CARTESIAN_POINT('',(34.5,265.,309.));
#3918 = VECTOR('',#3919,1.);
#3919 = DIRECTION('',(0.,0.,1.));
#3920 = PCURVE('',#3658,#3921);
#3921 = DEFINITIONAL_REPRESENTATION('',(#3922),#3926);
#3922 = LINE('',#3923,#3924);
#3923 = CARTESIAN_POINT('',(-5.,181.));
#3924 = VECTOR('',#3925,1.);
#3925 = DIRECTION('',(1.,0.));
#3926 = ( GEOMETRIC_REPRESENTATION_CONTEXT(2) 
PARAMETRIC_REPRESENTATION_CONTEXT() REPRESENTATION_CONTEXT('2D SPACE',''
  ) );
#3927 = PCURVE('',#3928,#3933);
#3928 = PLANE('',#3929);
#3929 = AXIS2_PLACEMENT_3D('',#3930,#3931,#3932);
#3930 = CARTESIAN_POINT('',(40.,265.,304.));
#3931 = DIRECTION('',(1.110223024625E-16,1.,0.));
#3932 = DIRECTION('',(0.,0.,1.));
#3933 = DEFINITIONAL_REPRESENTATION('',(#3934),#3938);
#3934 = LINE('',#3935,#3936);
#3935 = CARTESIAN_POINT('',(5.,-5.5));
#3936 = VECTOR('',#3937,1.);
#3937 = DIRECTION('',(1.,0.));
#3938 = ( GEOMETRIC_REPRESENTATION_CONTEXT(2) 
PARAMETRIC_REPRESENTATION_CONTEXT() REPRESENTATION_CONTEXT('2D SPACE',''
  ) );
#3939 = ADVANCED_FACE('',(#3940),#3852,.T.);
#3940 = FACE_BOUND('',#3941,.T.);
#3941 = EDGE_LOOP('',(#3942,#3943,#3944,#3967));
#3942 = ORIENTED_EDGE('',*,*,#3838,.T.);
#3943 = ORIENTED_EDGE('',*,*,#3867,.T.);
#3944 = ORIENTED_EDGE('',*,*,#3945,.F.);
#3945 = EDGE_CURVE('',#3946,#3868,#3948,.T.);
#3946 = VERTEX_POINT('',#3947);
#3947 = CARTESIAN_POINT('',(30.,265.,314.));
#3948 = SURFACE_CURVE('',#3949,(#3953,#3960),.PCURVE_S1.);
#3949 = LINE('',#3950,#3951);
#3950 = CARTESIAN_POINT('',(37.25,265.,314.));
#3951 = VECTOR('',#3952,1.);
#3952 = DIRECTION('',(1.,-1.110223024625E-16,0.));
#3953 = PCURVE('',#3852,#3954);
#3954 = DEFINITIONAL_REPRESENTATION('',(#3955),#3959);
#3955 = LINE('',#3956,#3957);
#3956 = CARTESIAN_POINT('',(181.,-2.75));
#3957 = VECTOR('',#3958,1.);
#3958 = DIRECTION('',(0.,-1.));
#3959 = ( GEOMETRIC_REPRESENTATION_CONTEXT(2) 
PARAMETRIC_REPRESENTATION_CONTEXT() REPRESENTATION_CONTEXT('2D SPACE',''
  ) );
#3960 = PCURVE('',#3928,#3961);
#3961 = DEFINITIONAL_REPRESENTATION('',(#3962),#3966);
#3962 = LINE('',#3963,#3964);
#3963 = CARTESIAN_POINT('',(10.,-2.75));
#3964 = VECTOR('',#3965,1.);
#3965 = DIRECTION('',(0.,1.));
#3966 = ( GEOMETRIC_REPRESENTATION_CONTEXT(2) 
PARAMETRIC_REPRESENTATION_CONTEXT() REPRESENTATION_CONTEXT('2D SPACE',''
  ) );
#3967 = ORIENTED_EDGE('',*,*,#3968,.F.);
#3968 = EDGE_CURVE('',#3811,#3946,#3969,.T.);
#3969 = SURFACE_CURVE('',#3970,(#3974,#3981),.PCURVE_S1.);
#3970 = LINE('',#3971,#3972);
#3971 = CARTESIAN_POINT('',(30.,84.,314.));
#3972 = VECTOR('',#3973,1.);
#3973 = DIRECTION('',(1.110223024625E-16,1.,0.));
#3974 = PCURVE('',#3852,#3975);
#3975 = DEFINITIONAL_REPRESENTATION('',(#3976),#3980);
#3976 = LINE('',#3977,#3978);
#3977 = CARTESIAN_POINT('',(-4.996003610813E-16,4.5));
#3978 = VECTOR('',#3979,1.);
#3979 = DIRECTION('',(1.,0.));
#3980 = ( GEOMETRIC_REPRESENTATION_CONTEXT(2) 
PARAMETRIC_REPRESENTATION_CONTEXT() REPRESENTATION_CONTEXT('2D SPACE',''
  ) );
#3981 = PCURVE('',#3826,#3982);
#3982 = DEFINITIONAL_REPRESENTATION('',(#3983),#3987);
#3983 = LINE('',#3984,#3985);
#3984 = CARTESIAN_POINT('',(4.5,0.));
#3985 = VECTOR('',#3986,1.);
#3986 = DIRECTION('',(0.,1.));
#3987 = ( GEOMETRIC_REPRESENTATION_CONTEXT(2) 
PARAMETRIC_REPRESENTATION_CONTEXT() REPRESENTATION_CONTEXT('2D SPACE',''
  ) );
#3988 = ADVANCED_FACE('',(#3989),#3826,.T.);
#3989 = FACE_BOUND('',#3990,.T.);
#3990 = EDGE_LOOP('',(#3991,#4014,#4015,#4016));
#3991 = ORIENTED_EDGE('',*,*,#3992,.F.);
#3992 = EDGE_CURVE('',#3783,#3993,#3995,.T.);
#3993 = VERTEX_POINT('',#3994);
#3994 = CARTESIAN_POINT('',(30.,265.,309.5));
#3995 = SURFACE_CURVE('',#3996,(#4000,#4007),.PCURVE_S1.);
#3996 = LINE('',#3997,#3998);
#3997 = CARTESIAN_POINT('',(30.,84.,309.5));
#3998 = VECTOR('',#3999,1.);
#3999 = DIRECTION('',(1.110223024625E-16,1.,0.));
#4000 = PCURVE('',#3826,#4001);
#4001 = DEFINITIONAL_REPRESENTATION('',(#4002),#4006);
#4002 = LINE('',#4003,#4004);
#4003 = CARTESIAN_POINT('',(0.,0.));
#4004 = VECTOR('',#4005,1.);
#4005 = DIRECTION('',(0.,1.));
#4006 = ( GEOMETRIC_REPRESENTATION_CONTEXT(2) 
PARAMETRIC_REPRESENTATION_CONTEXT() REPRESENTATION_CONTEXT('2D SPACE',''
  ) );
#4007 = PCURVE('',#3798,#4008);
#4008 = DEFINITIONAL_REPRESENTATION('',(#4009),#4013);
#4009 = LINE('',#4010,#4011);
#4010 = CARTESIAN_POINT('',(0.,0.));
#4011 = VECTOR('',#4012,1.);
#4012 = DIRECTION('',(1.,0.));
#4013 = ( GEOMETRIC_REPRESENTATION_CONTEXT(2) 
PARAMETRIC_REPRESENTATION_CONTEXT() REPRESENTATION_CONTEXT('2D SPACE',''
  ) );
#4014 = ORIENTED_EDGE('',*,*,#3810,.T.);
#4015 = ORIENTED_EDGE('',*,*,#3968,.T.);
#4016 = ORIENTED_EDGE('',*,*,#4017,.F.);
#4017 = EDGE_CURVE('',#3993,#3946,#4018,.T.);
#4018 = SURFACE_CURVE('',#4019,(#4023,#4030),.PCURVE_S1.);
#4019 = LINE('',#4020,#4021);
#4020 = CARTESIAN_POINT('',(30.,265.,306.75));
#4021 = VECTOR('',#4022,1.);
#4022 = DIRECTION('',(0.,0.,1.));
#4023 = PCURVE('',#3826,#4024);
#4024 = DEFINITIONAL_REPRESENTATION('',(#4025),#4029);
#4025 = LINE('',#4026,#4027);
#4026 = CARTESIAN_POINT('',(-2.75,181.));
#4027 = VECTOR('',#4028,1.);
#4028 = DIRECTION('',(1.,0.));
#4029 = ( GEOMETRIC_REPRESENTATION_CONTEXT(2) 
PARAMETRIC_REPRESENTATION_CONTEXT() REPRESENTATION_CONTEXT('2D SPACE',''
  ) );
#4030 = PCURVE('',#3928,#4031);
#4031 = DEFINITIONAL_REPRESENTATION('',(#4032),#4036);
#4032 = LINE('',#4033,#4034);
#4033 = CARTESIAN_POINT('',(2.75,-10.));
#4034 = VECTOR('',#4035,1.);
#4035 = DIRECTION('',(1.,0.));
#4036 = ( GEOMETRIC_REPRESENTATION_CONTEXT(2) 
PARAMETRIC_REPRESENTATION_CONTEXT() REPRESENTATION_CONTEXT('2D SPACE',''
  ) );
#4037 = ADVANCED_FACE('',(#4038),#3798,.T.);
#4038 = FACE_BOUND('',#4039,.T.);
#4039 = EDGE_LOOP('',(#4040,#4041,#4042,#4065));
#4040 = ORIENTED_EDGE('',*,*,#3782,.T.);
#4041 = ORIENTED_EDGE('',*,*,#3992,.T.);
#4042 = ORIENTED_EDGE('',*,*,#4043,.F.);
#4043 = EDGE_CURVE('',#4044,#3993,#4046,.T.);
#4044 = VERTEX_POINT('',#4045);
#4045 = CARTESIAN_POINT('',(25.,265.,309.5));
#4046 = SURFACE_CURVE('',#4047,(#4051,#4058),.PCURVE_S1.);
#4047 = LINE('',#4048,#4049);
#4048 = CARTESIAN_POINT('',(35.,265.,309.5));
#4049 = VECTOR('',#4050,1.);
#4050 = DIRECTION('',(1.,-1.110223024625E-16,0.));
#4051 = PCURVE('',#3798,#4052);
#4052 = DEFINITIONAL_REPRESENTATION('',(#4053),#4057);
#4053 = LINE('',#4054,#4055);
#4054 = CARTESIAN_POINT('',(181.,-5.));
#4055 = VECTOR('',#4056,1.);
#4056 = DIRECTION('',(0.,-1.));
#4057 = ( GEOMETRIC_REPRESENTATION_CONTEXT(2) 
PARAMETRIC_REPRESENTATION_CONTEXT() REPRESENTATION_CONTEXT('2D SPACE',''
  ) );
#4058 = PCURVE('',#3928,#4059);
#4059 = DEFINITIONAL_REPRESENTATION('',(#4060),#4064);
#4060 = LINE('',#4061,#4062);
#4061 = CARTESIAN_POINT('',(5.5,-5.));
#4062 = VECTOR('',#4063,1.);
#4063 = DIRECTION('',(0.,1.));
#4064 = ( GEOMETRIC_REPRESENTATION_CONTEXT(2) 
PARAMETRIC_REPRESENTATION_CONTEXT() REPRESENTATION_CONTEXT('2D SPACE',''
  ) );
#4065 = ORIENTED_EDGE('',*,*,#4066,.F.);
#4066 = EDGE_CURVE('',#3755,#4044,#4067,.T.);
#4067 = SURFACE_CURVE('',#4068,(#4072,#4079),.PCURVE_S1.);
#4068 = LINE('',#4069,#4070);
#4069 = CARTESIAN_POINT('',(25.,84.,309.5));
#4070 = VECTOR('',#4071,1.);
#4071 = DIRECTION('',(1.110223024625E-16,1.,0.));
#4072 = PCURVE('',#3798,#4073);
#4073 = DEFINITIONAL_REPRESENTATION('',(#4074),#4078);
#4074 = LINE('',#4075,#4076);
#4075 = CARTESIAN_POINT('',(-5.551115123126E-16,5.));
#4076 = VECTOR('',#4077,1.);
#4077 = DIRECTION('',(1.,0.));
#4078 = ( GEOMETRIC_REPRESENTATION_CONTEXT(2) 
PARAMETRIC_REPRESENTATION_CONTEXT() REPRESENTATION_CONTEXT('2D SPACE',''
  ) );
#4079 = PCURVE('',#3770,#4080);
#4080 = DEFINITIONAL_REPRESENTATION('',(#4081),#4085);
#4081 = LINE('',#4082,#4083);
#4082 = CARTESIAN_POINT('',(5.51,0.));
#4083 = VECTOR('',#4084,1.);
#4084 = DIRECTION('',(0.,1.));
#4085 = ( GEOMETRIC_REPRESENTATION_CONTEXT(2) 
PARAMETRIC_REPRESENTATION_CONTEXT() REPRESENTATION_CONTEXT('2D SPACE',''
  ) );
#4086 = ADVANCED_FACE('',(#4087),#3770,.T.);
#4087 = FACE_BOUND('',#4088,.T.);
#4088 = EDGE_LOOP('',(#4089,#4090,#4091,#4114));
#4089 = ORIENTED_EDGE('',*,*,#3754,.T.);
#4090 = ORIENTED_EDGE('',*,*,#4066,.T.);
#4091 = ORIENTED_EDGE('',*,*,#4092,.F.);
#4092 = EDGE_CURVE('',#4093,#4044,#4095,.T.);
#4093 = VERTEX_POINT('',#4094);
#4094 = CARTESIAN_POINT('',(25.,265.,304.));
#4095 = SURFACE_CURVE('',#4096,(#4100,#4107),.PCURVE_S1.);
#4096 = LINE('',#4097,#4098);
#4097 = CARTESIAN_POINT('',(25.,265.,303.995));
#4098 = VECTOR('',#4099,1.);
#4099 = DIRECTION('',(0.,0.,1.));
#4100 = PCURVE('',#3770,#4101);
#4101 = DEFINITIONAL_REPRESENTATION('',(#4102),#4106);
#4102 = LINE('',#4103,#4104);
#4103 = CARTESIAN_POINT('',(4.999999999995E-03,181.));
#4104 = VECTOR('',#4105,1.);
#4105 = DIRECTION('',(1.,0.));
#4106 = ( GEOMETRIC_REPRESENTATION_CONTEXT(2) 
PARAMETRIC_REPRESENTATION_CONTEXT() REPRESENTATION_CONTEXT('2D SPACE',''
  ) );
#4107 = PCURVE('',#3928,#4108);
#4108 = DEFINITIONAL_REPRESENTATION('',(#4109),#4113);
#4109 = LINE('',#4110,#4111);
#4110 = CARTESIAN_POINT('',(-4.999999999995E-03,-15.));
#4111 = VECTOR('',#4112,1.);
#4112 = DIRECTION('',(1.,0.));
#4113 = ( GEOMETRIC_REPRESENTATION_CONTEXT(2) 
PARAMETRIC_REPRESENTATION_CONTEXT() REPRESENTATION_CONTEXT('2D SPACE',''
  ) );
#4114 = ORIENTED_EDGE('',*,*,#4115,.T.);
#4115 = EDGE_CURVE('',#4093,#3727,#4116,.T.);
#4116 = SURFACE_CURVE('',#4117,(#4121,#4128),.PCURVE_S1.);
#4117 = LINE('',#4118,#4119);
#4118 = CARTESIAN_POINT('',(25.,84.5,304.));
#4119 = VECTOR('',#4120,1.);
#4120 = DIRECTION('',(-1.110223024625E-16,-1.,0.));
#4121 = PCURVE('',#3770,#4122);
#4122 = DEFINITIONAL_REPRESENTATION('',(#4123),#4127);
#4123 = LINE('',#4124,#4125);
#4124 = CARTESIAN_POINT('',(9.999999999991E-03,0.5));
#4125 = VECTOR('',#4126,1.);
#4126 = DIRECTION('',(0.,-1.));
#4127 = ( GEOMETRIC_REPRESENTATION_CONTEXT(2) 
PARAMETRIC_REPRESENTATION_CONTEXT() REPRESENTATION_CONTEXT('2D SPACE',''
  ) );
#4128 = PCURVE('',#3742,#4129);
#4129 = DEFINITIONAL_REPRESENTATION('',(#4130),#4134);
#4130 = LINE('',#4131,#4132);
#4131 = CARTESIAN_POINT('',(-0.5,15.));
#4132 = VECTOR('',#4133,1.);
#4133 = DIRECTION('',(-1.,0.));
#4134 = ( GEOMETRIC_REPRESENTATION_CONTEXT(2) 
PARAMETRIC_REPRESENTATION_CONTEXT() REPRESENTATION_CONTEXT('2D SPACE',''
  ) );
#4135 = ADVANCED_FACE('',(#4136),#3742,.F.);
#4136 = FACE_BOUND('',#4137,.F.);
#4137 = EDGE_LOOP('',(#4138,#4139,#4162,#4183));
#4138 = ORIENTED_EDGE('',*,*,#3726,.F.);
#4139 = ORIENTED_EDGE('',*,*,#4140,.T.);
#4140 = EDGE_CURVE('',#3699,#4141,#4143,.T.);
#4141 = VERTEX_POINT('',#4142);
#4142 = CARTESIAN_POINT('',(40.,265.,304.));
#4143 = SURFACE_CURVE('',#4144,(#4148,#4155),.PCURVE_S1.);
#4144 = LINE('',#4145,#4146);
#4145 = CARTESIAN_POINT('',(40.,85.,304.));
#4146 = VECTOR('',#4147,1.);
#4147 = DIRECTION('',(1.110223024625E-16,1.,0.));
#4148 = PCURVE('',#3742,#4149);
#4149 = DEFINITIONAL_REPRESENTATION('',(#4150),#4154);
#4150 = LINE('',#4151,#4152);
#4151 = CARTESIAN_POINT('',(0.,0.));
#4152 = VECTOR('',#4153,1.);
#4153 = DIRECTION('',(1.,0.));
#4154 = ( GEOMETRIC_REPRESENTATION_CONTEXT(2) 
PARAMETRIC_REPRESENTATION_CONTEXT() REPRESENTATION_CONTEXT('2D SPACE',''
  ) );
#4155 = PCURVE('',#3714,#4156);
#4156 = DEFINITIONAL_REPRESENTATION('',(#4157),#4161);
#4157 = LINE('',#4158,#4159);
#4158 = CARTESIAN_POINT('',(0.,0.));
#4159 = VECTOR('',#4160,1.);
#4160 = DIRECTION('',(0.,1.));
#4161 = ( GEOMETRIC_REPRESENTATION_CONTEXT(2) 
PARAMETRIC_REPRESENTATION_CONTEXT() REPRESENTATION_CONTEXT('2D SPACE',''
  ) );
#4162 = ORIENTED_EDGE('',*,*,#4163,.T.);
#4163 = EDGE_CURVE('',#4141,#4093,#4164,.T.);
#4164 = SURFACE_CURVE('',#4165,(#4169,#4176),.PCURVE_S1.);
#4165 = LINE('',#4166,#4167);
#4166 = CARTESIAN_POINT('',(40.,265.,304.));
#4167 = VECTOR('',#4168,1.);
#4168 = DIRECTION('',(-1.,1.110223024625E-16,0.));
#4169 = PCURVE('',#3742,#4170);
#4170 = DEFINITIONAL_REPRESENTATION('',(#4171),#4175);
#4171 = LINE('',#4172,#4173);
#4172 = CARTESIAN_POINT('',(180.,5.773159728051E-15));
#4173 = VECTOR('',#4174,1.);
#4174 = DIRECTION('',(0.,1.));
#4175 = ( GEOMETRIC_REPRESENTATION_CONTEXT(2) 
PARAMETRIC_REPRESENTATION_CONTEXT() REPRESENTATION_CONTEXT('2D SPACE',''
  ) );
#4176 = PCURVE('',#3928,#4177);
#4177 = DEFINITIONAL_REPRESENTATION('',(#4178),#4182);
#4178 = LINE('',#4179,#4180);
#4179 = CARTESIAN_POINT('',(0.,0.));
#4180 = VECTOR('',#4181,1.);
#4181 = DIRECTION('',(0.,-1.));
#4182 = ( GEOMETRIC_REPRESENTATION_CONTEXT(2) 
PARAMETRIC_REPRESENTATION_CONTEXT() REPRESENTATION_CONTEXT('2D SPACE',''
  ) );
#4183 = ORIENTED_EDGE('',*,*,#4115,.T.);
#4184 = ADVANCED_FACE('',(#4185),#3714,.F.);
#4185 = FACE_BOUND('',#4186,.F.);
#4186 = EDGE_LOOP('',(#4187,#4210,#4211,#4212));
#4187 = ORIENTED_EDGE('',*,*,#4188,.F.);
#4188 = EDGE_CURVE('',#4141,#4189,#4191,.T.);
#4189 = VERTEX_POINT('',#4190);
#4190 = CARTESIAN_POINT('',(40.,265.,319.));
#4191 = SURFACE_CURVE('',#4192,(#4196,#4203),.PCURVE_S1.);
#4192 = LINE('',#4193,#4194);
#4193 = CARTESIAN_POINT('',(40.,265.,304.));
#4194 = VECTOR('',#4195,1.);
#4195 = DIRECTION('',(0.,0.,1.));
#4196 = PCURVE('',#3714,#4197);
#4197 = DEFINITIONAL_REPRESENTATION('',(#4198),#4202);
#4198 = LINE('',#4199,#4200);
#4199 = CARTESIAN_POINT('',(0.,180.));
#4200 = VECTOR('',#4201,1.);
#4201 = DIRECTION('',(1.,0.));
#4202 = ( GEOMETRIC_REPRESENTATION_CONTEXT(2) 
PARAMETRIC_REPRESENTATION_CONTEXT() REPRESENTATION_CONTEXT('2D SPACE',''
  ) );
#4203 = PCURVE('',#3928,#4204);
#4204 = DEFINITIONAL_REPRESENTATION('',(#4205),#4209);
#4205 = LINE('',#4206,#4207);
#4206 = CARTESIAN_POINT('',(0.,0.));
#4207 = VECTOR('',#4208,1.);
#4208 = DIRECTION('',(1.,0.));
#4209 = ( GEOMETRIC_REPRESENTATION_CONTEXT(2) 
PARAMETRIC_REPRESENTATION_CONTEXT() REPRESENTATION_CONTEXT('2D SPACE',''
  ) );
#4210 = ORIENTED_EDGE('',*,*,#4140,.F.);
#4211 = ORIENTED_EDGE('',*,*,#3698,.T.);
#4212 = ORIENTED_EDGE('',*,*,#4213,.T.);
#4213 = EDGE_CURVE('',#3671,#4189,#4214,.T.);
#4214 = SURFACE_CURVE('',#4215,(#4219,#4226),.PCURVE_S1.);
#4215 = LINE('',#4216,#4217);
#4216 = CARTESIAN_POINT('',(40.,84.5,319.));
#4217 = VECTOR('',#4218,1.);
#4218 = DIRECTION('',(1.110223024625E-16,1.,0.));
#4219 = PCURVE('',#3714,#4220);
#4220 = DEFINITIONAL_REPRESENTATION('',(#4221),#4225);
#4221 = LINE('',#4222,#4223);
#4222 = CARTESIAN_POINT('',(15.,-0.5));
#4223 = VECTOR('',#4224,1.);
#4224 = DIRECTION('',(0.,1.));
#4225 = ( GEOMETRIC_REPRESENTATION_CONTEXT(2) 
PARAMETRIC_REPRESENTATION_CONTEXT() REPRESENTATION_CONTEXT('2D SPACE',''
  ) );
#4226 = PCURVE('',#3686,#4227);
#4227 = DEFINITIONAL_REPRESENTATION('',(#4228),#4232);
#4228 = LINE('',#4229,#4230);
#4229 = CARTESIAN_POINT('',(0.5,9.999999999998E-03));
#4230 = VECTOR('',#4231,1.);
#4231 = DIRECTION('',(1.,0.));
#4232 = ( GEOMETRIC_REPRESENTATION_CONTEXT(2) 
PARAMETRIC_REPRESENTATION_CONTEXT() REPRESENTATION_CONTEXT('2D SPACE',''
  ) );
#4233 = ADVANCED_FACE('',(#4234),#3686,.T.);
#4234 = FACE_BOUND('',#4235,.T.);
#4235 = EDGE_LOOP('',(#4236,#4237,#4238,#4239));
#4236 = ORIENTED_EDGE('',*,*,#3891,.T.);
#4237 = ORIENTED_EDGE('',*,*,#3670,.T.);
#4238 = ORIENTED_EDGE('',*,*,#4213,.T.);
#4239 = ORIENTED_EDGE('',*,*,#4240,.F.);
#4240 = EDGE_CURVE('',#3892,#4189,#4241,.T.);
#4241 = SURFACE_CURVE('',#4242,(#4246,#4253),.PCURVE_S1.);
#4242 = LINE('',#4243,#4244);
#4243 = CARTESIAN_POINT('',(40.005,265.,319.));
#4244 = VECTOR('',#4245,1.);
#4245 = DIRECTION('',(1.,-1.110223024625E-16,0.));
#4246 = PCURVE('',#3686,#4247);
#4247 = DEFINITIONAL_REPRESENTATION('',(#4248),#4252);
#4248 = LINE('',#4249,#4250);
#4249 = CARTESIAN_POINT('',(181.,5.000000000008E-03));
#4250 = VECTOR('',#4251,1.);
#4251 = DIRECTION('',(0.,-1.));
#4252 = ( GEOMETRIC_REPRESENTATION_CONTEXT(2) 
PARAMETRIC_REPRESENTATION_CONTEXT() REPRESENTATION_CONTEXT('2D SPACE',''
  ) );
#4253 = PCURVE('',#3928,#4254);
#4254 = DEFINITIONAL_REPRESENTATION('',(#4255),#4259);
#4255 = LINE('',#4256,#4257);
#4256 = CARTESIAN_POINT('',(15.,4.999999999995E-03));
#4257 = VECTOR('',#4258,1.);
#4258 = DIRECTION('',(0.,1.));
#4259 = ( GEOMETRIC_REPRESENTATION_CONTEXT(2) 
PARAMETRIC_REPRESENTATION_CONTEXT() REPRESENTATION_CONTEXT('2D SPACE',''
  ) );
#4260 = ADVANCED_FACE('',(#4261),#3928,.T.);
#4261 = FACE_BOUND('',#4262,.T.);
#4262 = EDGE_LOOP('',(#4263,#4264,#4265,#4266,#4267,#4268,#4269,#4270));
#4263 = ORIENTED_EDGE('',*,*,#3914,.T.);
#4264 = ORIENTED_EDGE('',*,*,#4240,.T.);
#4265 = ORIENTED_EDGE('',*,*,#4188,.F.);
#4266 = ORIENTED_EDGE('',*,*,#4163,.T.);
#4267 = ORIENTED_EDGE('',*,*,#4092,.T.);
#4268 = ORIENTED_EDGE('',*,*,#4043,.T.);
#4269 = ORIENTED_EDGE('',*,*,#4017,.T.);
#4270 = ORIENTED_EDGE('',*,*,#3945,.T.);
#4271 = ( GEOMETRIC_REPRESENTATION_CONTEXT(3) 
GLOBAL_UNCERTAINTY_ASSIGNED_CONTEXT((#4275)) 
GLOBAL_UNIT_ASSIGNED_CONTEXT((#4272,#4273,#4274)) REPRESENTATION_CONTEXT
('Context #1','3D Context with UNIT and UNCERTAINTY') );
#4272 = ( LENGTH_UNIT() NAMED_UNIT(*) SI_UNIT(.MILLI.,.METRE.) );
#4273 = ( NAMED_UNIT(*) PLANE_ANGLE_UNIT() SI_UNIT($,.RADIAN.) );
#4274 = ( NAMED_UNIT(*) SI_UNIT($,.STERADIAN.) SOLID_ANGLE_UNIT() );
#4275 = UNCERTAINTY_MEASURE_WITH_UNIT(LENGTH_MEASURE(2.E-07),#4272,
  'distance_accuracy_value','confusion accuracy');
#4276 = CONTEXT_DEPENDENT_SHAPE_REPRESENTATION(#4277,#4279);
#4277 = ( REPRESENTATION_RELATIONSHIP('','',#124,#10) 
REPRESENTATION_RELATIONSHIP_WITH_TRANSFORMATION(#4278) 
SHAPE_REPRESENTATION_RELATIONSHIP() );
#4278 = ITEM_DEFINED_TRANSFORMATION('','',#11,#15);
#4279 = PRODUCT_DEFINITION_SHAPE('Placement','Placement of an item',
  #4280);
#4280 = NEXT_ASSEMBLY_USAGE_OCCURRENCE('70','UPPER_HFS8_4080','',#5,#119
  ,$);
#4281 = PRODUCT_RELATED_PRODUCT_CATEGORY('part',$,(#121));
#4282 = SHAPE_DEFINITION_REPRESENTATION(#4283,#4289);
#4283 = PRODUCT_DEFINITION_SHAPE('','',#4284);
#4284 = PRODUCT_DEFINITION('design','',#4285,#4288);
#4285 = PRODUCT_DEFINITION_FORMATION('','',#4286);
#4286 = PRODUCT('PHS12L_HOLDER','PHS12L_HOLDER','',(#4287));
#4287 = PRODUCT_CONTEXT('',#2,'mechanical');
#4288 = PRODUCT_DEFINITION_CONTEXT('part definition',#2,'design');
#4289 = SHAPE_REPRESENTATION('',(#11,#4290,#4580,#4678),#5164);
#4290 = MANIFOLD_SOLID_BREP('',#4291);
#4291 = CLOSED_SHELL('',(#4292,#4379,#4434,#4469,#4504,#4553));
#4292 = ADVANCED_FACE('',(#4293),#4307,.T.);
#4293 = FACE_BOUND('',#4294,.F.);
#4294 = EDGE_LOOP('',(#4295,#4325,#4352,#4353));
#4295 = ORIENTED_EDGE('',*,*,#4296,.T.);
#4296 = EDGE_CURVE('',#4297,#4299,#4301,.T.);
#4297 = VERTEX_POINT('',#4298);
#4298 = CARTESIAN_POINT('',(0.,165.6099566944,269.30268891073));
#4299 = VERTEX_POINT('',#4300);
#4300 = CARTESIAN_POINT('',(6.,165.6099566944,269.30268891073));
#4301 = SEAM_CURVE('',#4302,(#4306,#4318),.PCURVE_S1.);
#4302 = LINE('',#4303,#4304);
#4303 = CARTESIAN_POINT('',(0.,165.6099566944,269.30268891073));
#4304 = VECTOR('',#4305,1.);
#4305 = DIRECTION('',(1.,0.,0.));
#4306 = PCURVE('',#4307,#4312);
#4307 = CYLINDRICAL_SURFACE('',#4308,15.);
#4308 = AXIS2_PLACEMENT_3D('',#4309,#4310,#4311);
#4309 = CARTESIAN_POINT('',(0.,175.,281.));
#4310 = DIRECTION('',(-1.,-0.,-0.));
#4311 = DIRECTION('',(0.,-0.62600288704,-0.779820739284));
#4312 = DEFINITIONAL_REPRESENTATION('',(#4313),#4317);
#4313 = LINE('',#4314,#4315);
#4314 = CARTESIAN_POINT('',(-0.,0.));
#4315 = VECTOR('',#4316,1.);
#4316 = DIRECTION('',(-0.,-1.));
#4317 = ( GEOMETRIC_REPRESENTATION_CONTEXT(2) 
PARAMETRIC_REPRESENTATION_CONTEXT() REPRESENTATION_CONTEXT('2D SPACE',''
  ) );
#4318 = PCURVE('',#4307,#4319);
#4319 = DEFINITIONAL_REPRESENTATION('',(#4320),#4324);
#4320 = LINE('',#4321,#4322);
#4321 = CARTESIAN_POINT('',(-6.28318530718,0.));
#4322 = VECTOR('',#4323,1.);
#4323 = DIRECTION('',(-0.,-1.));
#4324 = ( GEOMETRIC_REPRESENTATION_CONTEXT(2) 
PARAMETRIC_REPRESENTATION_CONTEXT() REPRESENTATION_CONTEXT('2D SPACE',''
  ) );
#4325 = ORIENTED_EDGE('',*,*,#4326,.T.);
#4326 = EDGE_CURVE('',#4299,#4299,#4327,.T.);
#4327 = SURFACE_CURVE('',#4328,(#4333,#4340),.PCURVE_S1.);
#4328 = CIRCLE('',#4329,15.);
#4329 = AXIS2_PLACEMENT_3D('',#4330,#4331,#4332);
#4330 = CARTESIAN_POINT('',(6.,175.,281.));
#4331 = DIRECTION('',(1.,0.,0.));
#4332 = DIRECTION('',(0.,-0.62600288704,-0.779820739284));
#4333 = PCURVE('',#4307,#4334);
#4334 = DEFINITIONAL_REPRESENTATION('',(#4335),#4339);
#4335 = LINE('',#4336,#4337);
#4336 = CARTESIAN_POINT('',(-0.,-6.));
#4337 = VECTOR('',#4338,1.);
#4338 = DIRECTION('',(-1.,0.));
#4339 = ( GEOMETRIC_REPRESENTATION_CONTEXT(2) 
PARAMETRIC_REPRESENTATION_CONTEXT() REPRESENTATION_CONTEXT('2D SPACE',''
  ) );
#4340 = PCURVE('',#4341,#4346);
#4341 = PLANE('',#4342);
#4342 = AXIS2_PLACEMENT_3D('',#4343,#4344,#4345);
#4343 = CARTESIAN_POINT('',(6.,175.,281.));
#4344 = DIRECTION('',(1.,0.,0.));
#4345 = DIRECTION('',(-0.,0.,1.));
#4346 = DEFINITIONAL_REPRESENTATION('',(#4347),#4351);
#4347 = CIRCLE('',#4348,15.);
#4348 = AXIS2_PLACEMENT_2D('',#4349,#4350);
#4349 = CARTESIAN_POINT('',(0.,0.));
#4350 = DIRECTION('',(-0.779820739284,0.62600288704));
#4351 = ( GEOMETRIC_REPRESENTATION_CONTEXT(2) 
PARAMETRIC_REPRESENTATION_CONTEXT() REPRESENTATION_CONTEXT('2D SPACE',''
  ) );
#4352 = ORIENTED_EDGE('',*,*,#4296,.F.);
#4353 = ORIENTED_EDGE('',*,*,#4354,.F.);
#4354 = EDGE_CURVE('',#4297,#4297,#4355,.T.);
#4355 = SURFACE_CURVE('',#4356,(#4361,#4368),.PCURVE_S1.);
#4356 = CIRCLE('',#4357,15.);
#4357 = AXIS2_PLACEMENT_3D('',#4358,#4359,#4360);
#4358 = CARTESIAN_POINT('',(0.,175.,281.));
#4359 = DIRECTION('',(1.,0.,0.));
#4360 = DIRECTION('',(0.,-0.62600288704,-0.779820739284));
#4361 = PCURVE('',#4307,#4362);
#4362 = DEFINITIONAL_REPRESENTATION('',(#4363),#4367);
#4363 = LINE('',#4364,#4365);
#4364 = CARTESIAN_POINT('',(-0.,0.));
#4365 = VECTOR('',#4366,1.);
#4366 = DIRECTION('',(-1.,0.));
#4367 = ( GEOMETRIC_REPRESENTATION_CONTEXT(2) 
PARAMETRIC_REPRESENTATION_CONTEXT() REPRESENTATION_CONTEXT('2D SPACE',''
  ) );
#4368 = PCURVE('',#4369,#4374);
#4369 = CYLINDRICAL_SURFACE('',#4370,15.);
#4370 = AXIS2_PLACEMENT_3D('',#4371,#4372,#4373);
#4371 = CARTESIAN_POINT('',(0.,175.,281.));
#4372 = DIRECTION('',(1.,0.,0.));
#4373 = DIRECTION('',(0.,-0.62600288704,-0.779820739284));
#4374 = DEFINITIONAL_REPRESENTATION('',(#4375),#4378);
#4375 = B_SPLINE_CURVE_WITH_KNOTS('',1,(#4376,#4377),.UNSPECIFIED.,.F.,
  .F.,(2,2),(0.,6.28318530718),.PIECEWISE_BEZIER_KNOTS.);
#4376 = CARTESIAN_POINT('',(0.,0.));
#4377 = CARTESIAN_POINT('',(6.28318530718,0.));
#4378 = ( GEOMETRIC_REPRESENTATION_CONTEXT(2) 
PARAMETRIC_REPRESENTATION_CONTEXT() REPRESENTATION_CONTEXT('2D SPACE',''
  ) );
#4379 = ADVANCED_FACE('',(#4380),#4369,.T.);
#4380 = FACE_BOUND('',#4381,.T.);
#4381 = EDGE_LOOP('',(#4382,#4405,#4432,#4433));
#4382 = ORIENTED_EDGE('',*,*,#4383,.T.);
#4383 = EDGE_CURVE('',#4297,#4384,#4386,.T.);
#4384 = VERTEX_POINT('',#4385);
#4385 = CARTESIAN_POINT('',(-6.,165.6099566944,269.30268891073));
#4386 = SEAM_CURVE('',#4387,(#4391,#4398),.PCURVE_S1.);
#4387 = LINE('',#4388,#4389);
#4388 = CARTESIAN_POINT('',(0.,165.6099566944,269.30268891073));
#4389 = VECTOR('',#4390,1.);
#4390 = DIRECTION('',(-1.,-0.,-0.));
#4391 = PCURVE('',#4369,#4392);
#4392 = DEFINITIONAL_REPRESENTATION('',(#4393),#4397);
#4393 = LINE('',#4394,#4395);
#4394 = CARTESIAN_POINT('',(0.,0.));
#4395 = VECTOR('',#4396,1.);
#4396 = DIRECTION('',(0.,-1.));
#4397 = ( GEOMETRIC_REPRESENTATION_CONTEXT(2) 
PARAMETRIC_REPRESENTATION_CONTEXT() REPRESENTATION_CONTEXT('2D SPACE',''
  ) );
#4398 = PCURVE('',#4369,#4399);
#4399 = DEFINITIONAL_REPRESENTATION('',(#4400),#4404);
#4400 = LINE('',#4401,#4402);
#4401 = CARTESIAN_POINT('',(6.28318530718,0.));
#4402 = VECTOR('',#4403,1.);
#4403 = DIRECTION('',(0.,-1.));
#4404 = ( GEOMETRIC_REPRESENTATION_CONTEXT(2) 
PARAMETRIC_REPRESENTATION_CONTEXT() REPRESENTATION_CONTEXT('2D SPACE',''
  ) );
#4405 = ORIENTED_EDGE('',*,*,#4406,.T.);
#4406 = EDGE_CURVE('',#4384,#4384,#4407,.T.);
#4407 = SURFACE_CURVE('',#4408,(#4413,#4420),.PCURVE_S1.);
#4408 = CIRCLE('',#4409,15.);
#4409 = AXIS2_PLACEMENT_3D('',#4410,#4411,#4412);
#4410 = CARTESIAN_POINT('',(-6.,175.,281.));
#4411 = DIRECTION('',(1.,0.,0.));
#4412 = DIRECTION('',(0.,-0.62600288704,-0.779820739284));
#4413 = PCURVE('',#4369,#4414);
#4414 = DEFINITIONAL_REPRESENTATION('',(#4415),#4419);
#4415 = LINE('',#4416,#4417);
#4416 = CARTESIAN_POINT('',(0.,-6.));
#4417 = VECTOR('',#4418,1.);
#4418 = DIRECTION('',(1.,0.));
#4419 = ( GEOMETRIC_REPRESENTATION_CONTEXT(2) 
PARAMETRIC_REPRESENTATION_CONTEXT() REPRESENTATION_CONTEXT('2D SPACE',''
  ) );
#4420 = PCURVE('',#4421,#4426);
#4421 = PLANE('',#4422);
#4422 = AXIS2_PLACEMENT_3D('',#4423,#4424,#4425);
#4423 = CARTESIAN_POINT('',(-6.,175.,281.));
#4424 = DIRECTION('',(1.,0.,0.));
#4425 = DIRECTION('',(-0.,0.,1.));
#4426 = DEFINITIONAL_REPRESENTATION('',(#4427),#4431);
#4427 = CIRCLE('',#4428,15.);
#4428 = AXIS2_PLACEMENT_2D('',#4429,#4430);
#4429 = CARTESIAN_POINT('',(0.,0.));
#4430 = DIRECTION('',(-0.779820739284,0.62600288704));
#4431 = ( GEOMETRIC_REPRESENTATION_CONTEXT(2) 
PARAMETRIC_REPRESENTATION_CONTEXT() REPRESENTATION_CONTEXT('2D SPACE',''
  ) );
#4432 = ORIENTED_EDGE('',*,*,#4383,.F.);
#4433 = ORIENTED_EDGE('',*,*,#4354,.F.);
#4434 = ADVANCED_FACE('',(#4435,#4438),#4341,.T.);
#4435 = FACE_BOUND('',#4436,.T.);
#4436 = EDGE_LOOP('',(#4437));
#4437 = ORIENTED_EDGE('',*,*,#4326,.T.);
#4438 = FACE_BOUND('',#4439,.T.);
#4439 = EDGE_LOOP('',(#4440));
#4440 = ORIENTED_EDGE('',*,*,#4441,.F.);
#4441 = EDGE_CURVE('',#4442,#4442,#4444,.T.);
#4442 = VERTEX_POINT('',#4443);
#4443 = CARTESIAN_POINT('',(6.,168.02789284559,272.31474651622));
#4444 = SURFACE_CURVE('',#4445,(#4450,#4457),.PCURVE_S1.);
#4445 = CIRCLE('',#4446,11.1375);
#4446 = AXIS2_PLACEMENT_3D('',#4447,#4448,#4449);
#4447 = CARTESIAN_POINT('',(6.,175.,281.));
#4448 = DIRECTION('',(1.,0.,0.));
#4449 = DIRECTION('',(0.,-0.62600288704,-0.779820739284));
#4450 = PCURVE('',#4341,#4451);
#4451 = DEFINITIONAL_REPRESENTATION('',(#4452),#4456);
#4452 = CIRCLE('',#4453,11.1375);
#4453 = AXIS2_PLACEMENT_2D('',#4454,#4455);
#4454 = CARTESIAN_POINT('',(-5.684341886081E-14,0.));
#4455 = DIRECTION('',(-0.779820739284,0.62600288704));
#4456 = ( GEOMETRIC_REPRESENTATION_CONTEXT(2) 
PARAMETRIC_REPRESENTATION_CONTEXT() REPRESENTATION_CONTEXT('2D SPACE',''
  ) );
#4457 = PCURVE('',#4458,#4463);
#4458 = CYLINDRICAL_SURFACE('',#4459,11.1375);
#4459 = AXIS2_PLACEMENT_3D('',#4460,#4461,#4462);
#4460 = CARTESIAN_POINT('',(0.,175.,281.));
#4461 = DIRECTION('',(-1.,-0.,-0.));
#4462 = DIRECTION('',(0.,-0.62600288704,-0.779820739284));
#4463 = DEFINITIONAL_REPRESENTATION('',(#4464),#4468);
#4464 = LINE('',#4465,#4466);
#4465 = CARTESIAN_POINT('',(-0.,-6.));
#4466 = VECTOR('',#4467,1.);
#4467 = DIRECTION('',(-1.,0.));
#4468 = ( GEOMETRIC_REPRESENTATION_CONTEXT(2) 
PARAMETRIC_REPRESENTATION_CONTEXT() REPRESENTATION_CONTEXT('2D SPACE',''
  ) );
#4469 = ADVANCED_FACE('',(#4470,#4473),#4421,.F.);
#4470 = FACE_BOUND('',#4471,.F.);
#4471 = EDGE_LOOP('',(#4472));
#4472 = ORIENTED_EDGE('',*,*,#4406,.T.);
#4473 = FACE_BOUND('',#4474,.F.);
#4474 = EDGE_LOOP('',(#4475));
#4475 = ORIENTED_EDGE('',*,*,#4476,.F.);
#4476 = EDGE_CURVE('',#4477,#4477,#4479,.T.);
#4477 = VERTEX_POINT('',#4478);
#4478 = CARTESIAN_POINT('',(-6.,168.02789284559,272.31474651622));
#4479 = SURFACE_CURVE('',#4480,(#4485,#4492),.PCURVE_S1.);
#4480 = CIRCLE('',#4481,11.1375);
#4481 = AXIS2_PLACEMENT_3D('',#4482,#4483,#4484);
#4482 = CARTESIAN_POINT('',(-6.,175.,281.));
#4483 = DIRECTION('',(1.,0.,0.));
#4484 = DIRECTION('',(0.,-0.62600288704,-0.779820739284));
#4485 = PCURVE('',#4421,#4486);
#4486 = DEFINITIONAL_REPRESENTATION('',(#4487),#4491);
#4487 = CIRCLE('',#4488,11.1375);
#4488 = AXIS2_PLACEMENT_2D('',#4489,#4490);
#4489 = CARTESIAN_POINT('',(-5.684341886081E-14,0.));
#4490 = DIRECTION('',(-0.779820739284,0.62600288704));
#4491 = ( GEOMETRIC_REPRESENTATION_CONTEXT(2) 
PARAMETRIC_REPRESENTATION_CONTEXT() REPRESENTATION_CONTEXT('2D SPACE',''
  ) );
#4492 = PCURVE('',#4493,#4498);
#4493 = CYLINDRICAL_SURFACE('',#4494,11.1375);
#4494 = AXIS2_PLACEMENT_3D('',#4495,#4496,#4497);
#4495 = CARTESIAN_POINT('',(0.,175.,281.));
#4496 = DIRECTION('',(1.,0.,0.));
#4497 = DIRECTION('',(0.,-0.62600288704,-0.779820739284));
#4498 = DEFINITIONAL_REPRESENTATION('',(#4499),#4503);
#4499 = LINE('',#4500,#4501);
#4500 = CARTESIAN_POINT('',(0.,-6.));
#4501 = VECTOR('',#4502,1.);
#4502 = DIRECTION('',(1.,0.));
#4503 = ( GEOMETRIC_REPRESENTATION_CONTEXT(2) 
PARAMETRIC_REPRESENTATION_CONTEXT() REPRESENTATION_CONTEXT('2D SPACE',''
  ) );
#4504 = ADVANCED_FACE('',(#4505),#4458,.F.);
#4505 = FACE_BOUND('',#4506,.T.);
#4506 = EDGE_LOOP('',(#4507,#4530,#4531,#4532));
#4507 = ORIENTED_EDGE('',*,*,#4508,.T.);
#4508 = EDGE_CURVE('',#4509,#4442,#4511,.T.);
#4509 = VERTEX_POINT('',#4510);
#4510 = CARTESIAN_POINT('',(0.,168.02789284559,272.31474651622));
#4511 = SEAM_CURVE('',#4512,(#4516,#4523),.PCURVE_S1.);
#4512 = LINE('',#4513,#4514);
#4513 = CARTESIAN_POINT('',(0.,168.02789284559,272.31474651622));
#4514 = VECTOR('',#4515,1.);
#4515 = DIRECTION('',(1.,0.,0.));
#4516 = PCURVE('',#4458,#4517);
#4517 = DEFINITIONAL_REPRESENTATION('',(#4518),#4522);
#4518 = LINE('',#4519,#4520);
#4519 = CARTESIAN_POINT('',(-0.,0.));
#4520 = VECTOR('',#4521,1.);
#4521 = DIRECTION('',(-0.,-1.));
#4522 = ( GEOMETRIC_REPRESENTATION_CONTEXT(2) 
PARAMETRIC_REPRESENTATION_CONTEXT() REPRESENTATION_CONTEXT('2D SPACE',''
  ) );
#4523 = PCURVE('',#4458,#4524);
#4524 = DEFINITIONAL_REPRESENTATION('',(#4525),#4529);
#4525 = LINE('',#4526,#4527);
#4526 = CARTESIAN_POINT('',(-6.28318530718,0.));
#4527 = VECTOR('',#4528,1.);
#4528 = DIRECTION('',(-0.,-1.));
#4529 = ( GEOMETRIC_REPRESENTATION_CONTEXT(2) 
PARAMETRIC_REPRESENTATION_CONTEXT() REPRESENTATION_CONTEXT('2D SPACE',''
  ) );
#4530 = ORIENTED_EDGE('',*,*,#4441,.T.);
#4531 = ORIENTED_EDGE('',*,*,#4508,.F.);
#4532 = ORIENTED_EDGE('',*,*,#4533,.F.);
#4533 = EDGE_CURVE('',#4509,#4509,#4534,.T.);
#4534 = SURFACE_CURVE('',#4535,(#4540,#4547),.PCURVE_S1.);
#4535 = CIRCLE('',#4536,11.1375);
#4536 = AXIS2_PLACEMENT_3D('',#4537,#4538,#4539);
#4537 = CARTESIAN_POINT('',(0.,175.,281.));
#4538 = DIRECTION('',(1.,0.,0.));
#4539 = DIRECTION('',(0.,-0.62600288704,-0.779820739284));
#4540 = PCURVE('',#4458,#4541);
#4541 = DEFINITIONAL_REPRESENTATION('',(#4542),#4546);
#4542 = LINE('',#4543,#4544);
#4543 = CARTESIAN_POINT('',(-0.,0.));
#4544 = VECTOR('',#4545,1.);
#4545 = DIRECTION('',(-1.,0.));
#4546 = ( GEOMETRIC_REPRESENTATION_CONTEXT(2) 
PARAMETRIC_REPRESENTATION_CONTEXT() REPRESENTATION_CONTEXT('2D SPACE',''
  ) );
#4547 = PCURVE('',#4493,#4548);
#4548 = DEFINITIONAL_REPRESENTATION('',(#4549),#4552);
#4549 = B_SPLINE_CURVE_WITH_KNOTS('',1,(#4550,#4551),.UNSPECIFIED.,.F.,
  .F.,(2,2),(0.,6.28318530718),.PIECEWISE_BEZIER_KNOTS.);
#4550 = CARTESIAN_POINT('',(0.,0.));
#4551 = CARTESIAN_POINT('',(6.28318530718,0.));
#4552 = ( GEOMETRIC_REPRESENTATION_CONTEXT(2) 
PARAMETRIC_REPRESENTATION_CONTEXT() REPRESENTATION_CONTEXT('2D SPACE',''
  ) );
#4553 = ADVANCED_FACE('',(#4554),#4493,.F.);
#4554 = FACE_BOUND('',#4555,.F.);
#4555 = EDGE_LOOP('',(#4556,#4577,#4578,#4579));
#4556 = ORIENTED_EDGE('',*,*,#4557,.T.);
#4557 = EDGE_CURVE('',#4509,#4477,#4558,.T.);
#4558 = SEAM_CURVE('',#4559,(#4563,#4570),.PCURVE_S1.);
#4559 = LINE('',#4560,#4561);
#4560 = CARTESIAN_POINT('',(0.,168.02789284559,272.31474651622));
#4561 = VECTOR('',#4562,1.);
#4562 = DIRECTION('',(-1.,-0.,-0.));
#4563 = PCURVE('',#4493,#4564);
#4564 = DEFINITIONAL_REPRESENTATION('',(#4565),#4569);
#4565 = LINE('',#4566,#4567);
#4566 = CARTESIAN_POINT('',(0.,0.));
#4567 = VECTOR('',#4568,1.);
#4568 = DIRECTION('',(0.,-1.));
#4569 = ( GEOMETRIC_REPRESENTATION_CONTEXT(2) 
PARAMETRIC_REPRESENTATION_CONTEXT() REPRESENTATION_CONTEXT('2D SPACE',''
  ) );
#4570 = PCURVE('',#4493,#4571);
#4571 = DEFINITIONAL_REPRESENTATION('',(#4572),#4576);
#4572 = LINE('',#4573,#4574);
#4573 = CARTESIAN_POINT('',(6.28318530718,0.));
#4574 = VECTOR('',#4575,1.);
#4575 = DIRECTION('',(0.,-1.));
#4576 = ( GEOMETRIC_REPRESENTATION_CONTEXT(2) 
PARAMETRIC_REPRESENTATION_CONTEXT() REPRESENTATION_CONTEXT('2D SPACE',''
  ) );
#4577 = ORIENTED_EDGE('',*,*,#4476,.T.);
#4578 = ORIENTED_EDGE('',*,*,#4557,.F.);
#4579 = ORIENTED_EDGE('',*,*,#4533,.F.);
#4580 = MANIFOLD_SOLID_BREP('',#4581);
#4581 = CLOSED_SHELL('',(#4582,#4670,#4674));
#4582 = ADVANCED_FACE('',(#4583),#4597,.T.);
#4583 = FACE_BOUND('',#4584,.F.);
#4584 = EDGE_LOOP('',(#4585,#4615,#4642,#4643));
#4585 = ORIENTED_EDGE('',*,*,#4586,.T.);
#4586 = EDGE_CURVE('',#4587,#4589,#4591,.T.);
#4587 = VERTEX_POINT('',#4588);
#4588 = CARTESIAN_POINT('',(8.75,166.86196246848,270.8623303893));
#4589 = VERTEX_POINT('',#4590);
#4590 = CARTESIAN_POINT('',(8.75,147.45587297024,246.6878874715));
#4591 = SEAM_CURVE('',#4592,(#4596,#4608),.PCURVE_S1.);
#4592 = LINE('',#4593,#4594);
#4593 = CARTESIAN_POINT('',(8.75,166.86196246848,270.8623303893));
#4594 = VECTOR('',#4595,1.);
#4595 = DIRECTION('',(0.,-0.62600288704,-0.779820739284));
#4596 = PCURVE('',#4597,#4602);
#4597 = CYLINDRICAL_SURFACE('',#4598,8.75);
#4598 = AXIS2_PLACEMENT_3D('',#4599,#4600,#4601);
#4599 = CARTESIAN_POINT('',(0.,166.86196246848,270.8623303893));
#4600 = DIRECTION('',(-0.,0.62600288704,0.779820739284));
#4601 = DIRECTION('',(1.,0.,0.));
#4602 = DEFINITIONAL_REPRESENTATION('',(#4603),#4607);
#4603 = LINE('',#4604,#4605);
#4604 = CARTESIAN_POINT('',(-0.,0.));
#4605 = VECTOR('',#4606,1.);
#4606 = DIRECTION('',(-0.,-1.));
#4607 = ( GEOMETRIC_REPRESENTATION_CONTEXT(2) 
PARAMETRIC_REPRESENTATION_CONTEXT() REPRESENTATION_CONTEXT('2D SPACE',''
  ) );
#4608 = PCURVE('',#4597,#4609);
#4609 = DEFINITIONAL_REPRESENTATION('',(#4610),#4614);
#4610 = LINE('',#4611,#4612);
#4611 = CARTESIAN_POINT('',(-6.28318530718,0.));
#4612 = VECTOR('',#4613,1.);
#4613 = DIRECTION('',(-0.,-1.));
#4614 = ( GEOMETRIC_REPRESENTATION_CONTEXT(2) 
PARAMETRIC_REPRESENTATION_CONTEXT() REPRESENTATION_CONTEXT('2D SPACE',''
  ) );
#4615 = ORIENTED_EDGE('',*,*,#4616,.T.);
#4616 = EDGE_CURVE('',#4589,#4589,#4617,.T.);
#4617 = SURFACE_CURVE('',#4618,(#4623,#4630),.PCURVE_S1.);
#4618 = CIRCLE('',#4619,8.75);
#4619 = AXIS2_PLACEMENT_3D('',#4620,#4621,#4622);
#4620 = CARTESIAN_POINT('',(0.,147.45587297024,246.6878874715));
#4621 = DIRECTION('',(0.,-0.62600288704,-0.779820739284));
#4622 = DIRECTION('',(1.,0.,0.));
#4623 = PCURVE('',#4597,#4624);
#4624 = DEFINITIONAL_REPRESENTATION('',(#4625),#4629);
#4625 = LINE('',#4626,#4627);
#4626 = CARTESIAN_POINT('',(-0.,-31.));
#4627 = VECTOR('',#4628,1.);
#4628 = DIRECTION('',(-1.,0.));
#4629 = ( GEOMETRIC_REPRESENTATION_CONTEXT(2) 
PARAMETRIC_REPRESENTATION_CONTEXT() REPRESENTATION_CONTEXT('2D SPACE',''
  ) );
#4630 = PCURVE('',#4631,#4636);
#4631 = PLANE('',#4632);
#4632 = AXIS2_PLACEMENT_3D('',#4633,#4634,#4635);
#4633 = CARTESIAN_POINT('',(-3.125577445804E-16,147.45587297024,
    246.6878874715));
#4634 = DIRECTION('',(0.,-0.62600288704,-0.779820739284));
#4635 = DIRECTION('',(1.,0.,0.));
#4636 = DEFINITIONAL_REPRESENTATION('',(#4637),#4641);
#4637 = CIRCLE('',#4638,8.75);
#4638 = AXIS2_PLACEMENT_2D('',#4639,#4640);
#4639 = CARTESIAN_POINT('',(3.125577445804E-16,0.));
#4640 = DIRECTION('',(1.,0.));
#4641 = ( GEOMETRIC_REPRESENTATION_CONTEXT(2) 
PARAMETRIC_REPRESENTATION_CONTEXT() REPRESENTATION_CONTEXT('2D SPACE',''
  ) );
#4642 = ORIENTED_EDGE('',*,*,#4586,.F.);
#4643 = ORIENTED_EDGE('',*,*,#4644,.F.);
#4644 = EDGE_CURVE('',#4587,#4587,#4645,.T.);
#4645 = SURFACE_CURVE('',#4646,(#4651,#4658),.PCURVE_S1.);
#4646 = CIRCLE('',#4647,8.75);
#4647 = AXIS2_PLACEMENT_3D('',#4648,#4649,#4650);
#4648 = CARTESIAN_POINT('',(0.,166.86196246848,270.8623303893));
#4649 = DIRECTION('',(0.,-0.62600288704,-0.779820739284));
#4650 = DIRECTION('',(1.,0.,0.));
#4651 = PCURVE('',#4597,#4652);
#4652 = DEFINITIONAL_REPRESENTATION('',(#4653),#4657);
#4653 = LINE('',#4654,#4655);
#4654 = CARTESIAN_POINT('',(-0.,0.));
#4655 = VECTOR('',#4656,1.);
#4656 = DIRECTION('',(-1.,0.));
#4657 = ( GEOMETRIC_REPRESENTATION_CONTEXT(2) 
PARAMETRIC_REPRESENTATION_CONTEXT() REPRESENTATION_CONTEXT('2D SPACE',''
  ) );
#4658 = PCURVE('',#4659,#4664);
#4659 = PLANE('',#4660);
#4660 = AXIS2_PLACEMENT_3D('',#4661,#4662,#4663);
#4661 = CARTESIAN_POINT('',(-3.125577445804E-16,166.86196246848,
    270.8623303893));
#4662 = DIRECTION('',(0.,-0.62600288704,-0.779820739284));
#4663 = DIRECTION('',(1.,0.,0.));
#4664 = DEFINITIONAL_REPRESENTATION('',(#4665),#4669);
#4665 = CIRCLE('',#4666,8.75);
#4666 = AXIS2_PLACEMENT_2D('',#4667,#4668);
#4667 = CARTESIAN_POINT('',(3.125577445804E-16,0.));
#4668 = DIRECTION('',(1.,0.));
#4669 = ( GEOMETRIC_REPRESENTATION_CONTEXT(2) 
PARAMETRIC_REPRESENTATION_CONTEXT() REPRESENTATION_CONTEXT('2D SPACE',''
  ) );
#4670 = ADVANCED_FACE('',(#4671),#4659,.F.);
#4671 = FACE_BOUND('',#4672,.F.);
#4672 = EDGE_LOOP('',(#4673));
#4673 = ORIENTED_EDGE('',*,*,#4644,.T.);
#4674 = ADVANCED_FACE('',(#4675),#4631,.T.);
#4675 = FACE_BOUND('',#4676,.T.);
#4676 = EDGE_LOOP('',(#4677));
#4677 = ORIENTED_EDGE('',*,*,#4616,.T.);
#4678 = MANIFOLD_SOLID_BREP('',#4679);
#4679 = CLOSED_SHELL('',(#4680,#4800,#4876,#4952,#5028,#5099,#5146,#5155
    ));
#4680 = ADVANCED_FACE('',(#4681),#4695,.F.);
#4681 = FACE_BOUND('',#4682,.F.);
#4682 = EDGE_LOOP('',(#4683,#4718,#4746,#4774));
#4683 = ORIENTED_EDGE('',*,*,#4684,.T.);
#4684 = EDGE_CURVE('',#4685,#4687,#4689,.T.);
#4685 = VERTEX_POINT('',#4686);
#4686 = CARTESIAN_POINT('',(11.,147.45587297024,246.6878874715));
#4687 = VERTEX_POINT('',#4688);
#4688 = CARTESIAN_POINT('',(11.,143.699855648,242.00896303579));
#4689 = SURFACE_CURVE('',#4690,(#4694,#4706),.PCURVE_S1.);
#4690 = LINE('',#4691,#4692);
#4691 = CARTESIAN_POINT('',(11.,147.45587297024,246.6878874715));
#4692 = VECTOR('',#4693,1.);
#4693 = DIRECTION('',(0.,-0.62600288704,-0.779820739284));
#4694 = PCURVE('',#4695,#4700);
#4695 = PLANE('',#4696);
#4696 = AXIS2_PLACEMENT_3D('',#4697,#4698,#4699);
#4697 = CARTESIAN_POINT('',(11.,147.45587297024,246.6878874715));
#4698 = DIRECTION('',(-0.866025403784,0.389910369642,-0.31300144352));
#4699 = DIRECTION('',(-0.5,-0.675344570618,0.542134403019));
#4700 = DEFINITIONAL_REPRESENTATION('',(#4701),#4705);
#4701 = LINE('',#4702,#4703);
#4702 = CARTESIAN_POINT('',(0.,0.));
#4703 = VECTOR('',#4704,1.);
#4704 = DIRECTION('',(0.,-1.));
#4705 = ( GEOMETRIC_REPRESENTATION_CONTEXT(2) 
PARAMETRIC_REPRESENTATION_CONTEXT() REPRESENTATION_CONTEXT('2D SPACE',''
  ) );
#4706 = PCURVE('',#4707,#4712);
#4707 = PLANE('',#4708);
#4708 = AXIS2_PLACEMENT_3D('',#4709,#4710,#4711);
#4709 = CARTESIAN_POINT('',(5.5,154.88466324703,240.72440903829));
#4710 = DIRECTION('',(-0.866025403784,-0.389910369642,0.31300144352));
#4711 = DIRECTION('',(0.5,-0.675344570618,0.542134403019));
#4712 = DEFINITIONAL_REPRESENTATION('',(#4713),#4717);
#4713 = LINE('',#4714,#4715);
#4714 = CARTESIAN_POINT('',(11.,3.552713678801E-15));
#4715 = VECTOR('',#4716,1.);
#4716 = DIRECTION('',(-5.551115123126E-17,-1.));
#4717 = ( GEOMETRIC_REPRESENTATION_CONTEXT(2) 
PARAMETRIC_REPRESENTATION_CONTEXT() REPRESENTATION_CONTEXT('2D SPACE',''
  ) );
#4718 = ORIENTED_EDGE('',*,*,#4719,.T.);
#4719 = EDGE_CURVE('',#4687,#4720,#4722,.T.);
#4720 = VERTEX_POINT('',#4721);
#4721 = CARTESIAN_POINT('',(5.5,136.2710653712,247.972441469));
#4722 = SURFACE_CURVE('',#4723,(#4727,#4734),.PCURVE_S1.);
#4723 = LINE('',#4724,#4725);
#4724 = CARTESIAN_POINT('',(11.,143.699855648,242.00896303579));
#4725 = VECTOR('',#4726,1.);
#4726 = DIRECTION('',(-0.5,-0.675344570618,0.542134403019));
#4727 = PCURVE('',#4695,#4728);
#4728 = DEFINITIONAL_REPRESENTATION('',(#4729),#4733);
#4729 = LINE('',#4730,#4731);
#4730 = CARTESIAN_POINT('',(0.,-6.));
#4731 = VECTOR('',#4732,1.);
#4732 = DIRECTION('',(1.,0.));
#4733 = ( GEOMETRIC_REPRESENTATION_CONTEXT(2) 
PARAMETRIC_REPRESENTATION_CONTEXT() REPRESENTATION_CONTEXT('2D SPACE',''
  ) );
#4734 = PCURVE('',#4735,#4740);
#4735 = PLANE('',#4736);
#4736 = AXIS2_PLACEMENT_3D('',#4737,#4738,#4739);
#4737 = CARTESIAN_POINT('',(-1.076579902667E-15,143.699855648,
    242.00896303579));
#4738 = DIRECTION('',(-0.,-0.62600288704,-0.779820739284));
#4739 = DIRECTION('',(0.,-0.779820739284,0.62600288704));
#4740 = DEFINITIONAL_REPRESENTATION('',(#4741),#4745);
#4741 = LINE('',#4742,#4743);
#4742 = CARTESIAN_POINT('',(-3.995591061778E-14,-11.));
#4743 = VECTOR('',#4744,1.);
#4744 = DIRECTION('',(0.866025403784,0.5));
#4745 = ( GEOMETRIC_REPRESENTATION_CONTEXT(2) 
PARAMETRIC_REPRESENTATION_CONTEXT() REPRESENTATION_CONTEXT('2D SPACE',''
  ) );
#4746 = ORIENTED_EDGE('',*,*,#4747,.F.);
#4747 = EDGE_CURVE('',#4748,#4720,#4750,.T.);
#4748 = VERTEX_POINT('',#4749);
#4749 = CARTESIAN_POINT('',(5.5,140.02708269344,252.6513659047));
#4750 = SURFACE_CURVE('',#4751,(#4755,#4762),.PCURVE_S1.);
#4751 = LINE('',#4752,#4753);
#4752 = CARTESIAN_POINT('',(5.5,140.02708269344,252.6513659047));
#4753 = VECTOR('',#4754,1.);
#4754 = DIRECTION('',(0.,-0.62600288704,-0.779820739284));
#4755 = PCURVE('',#4695,#4756);
#4756 = DEFINITIONAL_REPRESENTATION('',(#4757),#4761);
#4757 = LINE('',#4758,#4759);
#4758 = CARTESIAN_POINT('',(11.,4.440892098501E-15));
#4759 = VECTOR('',#4760,1.);
#4760 = DIRECTION('',(0.,-1.));
#4761 = ( GEOMETRIC_REPRESENTATION_CONTEXT(2) 
PARAMETRIC_REPRESENTATION_CONTEXT() REPRESENTATION_CONTEXT('2D SPACE',''
  ) );
#4762 = PCURVE('',#4763,#4768);
#4763 = PLANE('',#4764);
#4764 = AXIS2_PLACEMENT_3D('',#4765,#4766,#4767);
#4765 = CARTESIAN_POINT('',(5.5,140.02708269344,252.6513659047));
#4766 = DIRECTION('',(-1.614869854E-16,0.779820739284,-0.62600288704));
#4767 = DIRECTION('',(-1.,-1.259309003394E-16,1.010913190798E-16));
#4768 = DEFINITIONAL_REPRESENTATION('',(#4769),#4773);
#4769 = LINE('',#4770,#4771);
#4770 = CARTESIAN_POINT('',(0.,0.));
#4771 = VECTOR('',#4772,1.);
#4772 = DIRECTION('',(1.232595164408E-32,-1.));
#4773 = ( GEOMETRIC_REPRESENTATION_CONTEXT(2) 
PARAMETRIC_REPRESENTATION_CONTEXT() REPRESENTATION_CONTEXT('2D SPACE',''
  ) );
#4774 = ORIENTED_EDGE('',*,*,#4775,.F.);
#4775 = EDGE_CURVE('',#4685,#4748,#4776,.T.);
#4776 = SURFACE_CURVE('',#4777,(#4781,#4788),.PCURVE_S1.);
#4777 = LINE('',#4778,#4779);
#4778 = CARTESIAN_POINT('',(11.,147.45587297024,246.6878874715));
#4779 = VECTOR('',#4780,1.);
#4780 = DIRECTION('',(-0.5,-0.675344570618,0.542134403019));
#4781 = PCURVE('',#4695,#4782);
#4782 = DEFINITIONAL_REPRESENTATION('',(#4783),#4787);
#4783 = LINE('',#4784,#4785);
#4784 = CARTESIAN_POINT('',(0.,0.));
#4785 = VECTOR('',#4786,1.);
#4786 = DIRECTION('',(1.,0.));
#4787 = ( GEOMETRIC_REPRESENTATION_CONTEXT(2) 
PARAMETRIC_REPRESENTATION_CONTEXT() REPRESENTATION_CONTEXT('2D SPACE',''
  ) );
#4788 = PCURVE('',#4789,#4794);
#4789 = PLANE('',#4790);
#4790 = AXIS2_PLACEMENT_3D('',#4791,#4792,#4793);
#4791 = CARTESIAN_POINT('',(-1.076579902667E-15,147.45587297024,
    246.6878874715));
#4792 = DIRECTION('',(-0.,-0.62600288704,-0.779820739284));
#4793 = DIRECTION('',(0.,-0.779820739284,0.62600288704));
#4794 = DEFINITIONAL_REPRESENTATION('',(#4795),#4799);
#4795 = LINE('',#4796,#4797);
#4796 = CARTESIAN_POINT('',(-3.995591061778E-14,-11.));
#4797 = VECTOR('',#4798,1.);
#4798 = DIRECTION('',(0.866025403784,0.5));
#4799 = ( GEOMETRIC_REPRESENTATION_CONTEXT(2) 
PARAMETRIC_REPRESENTATION_CONTEXT() REPRESENTATION_CONTEXT('2D SPACE',''
  ) );
#4800 = ADVANCED_FACE('',(#4801),#4763,.F.);
#4801 = FACE_BOUND('',#4802,.F.);
#4802 = EDGE_LOOP('',(#4803,#4804,#4827,#4855));
#4803 = ORIENTED_EDGE('',*,*,#4747,.T.);
#4804 = ORIENTED_EDGE('',*,*,#4805,.T.);
#4805 = EDGE_CURVE('',#4720,#4806,#4808,.T.);
#4806 = VERTEX_POINT('',#4807);
#4807 = CARTESIAN_POINT('',(-5.5,136.2710653712,247.972441469));
#4808 = SURFACE_CURVE('',#4809,(#4813,#4820),.PCURVE_S1.);
#4809 = LINE('',#4810,#4811);
#4810 = CARTESIAN_POINT('',(5.5,136.2710653712,247.972441469));
#4811 = VECTOR('',#4812,1.);
#4812 = DIRECTION('',(-1.,-1.259309003394E-16,1.010913190798E-16));
#4813 = PCURVE('',#4763,#4814);
#4814 = DEFINITIONAL_REPRESENTATION('',(#4815),#4819);
#4815 = LINE('',#4816,#4817);
#4816 = CARTESIAN_POINT('',(9.860761315263E-32,-6.));
#4817 = VECTOR('',#4818,1.);
#4818 = DIRECTION('',(1.,0.));
#4819 = ( GEOMETRIC_REPRESENTATION_CONTEXT(2) 
PARAMETRIC_REPRESENTATION_CONTEXT() REPRESENTATION_CONTEXT('2D SPACE',''
  ) );
#4820 = PCURVE('',#4735,#4821);
#4821 = DEFINITIONAL_REPRESENTATION('',(#4822),#4826);
#4822 = LINE('',#4823,#4824);
#4823 = CARTESIAN_POINT('',(9.526279441629,-5.5));
#4824 = VECTOR('',#4825,1.);
#4825 = DIRECTION('',(1.614869854E-16,1.));
#4826 = ( GEOMETRIC_REPRESENTATION_CONTEXT(2) 
PARAMETRIC_REPRESENTATION_CONTEXT() REPRESENTATION_CONTEXT('2D SPACE',''
  ) );
#4827 = ORIENTED_EDGE('',*,*,#4828,.F.);
#4828 = EDGE_CURVE('',#4829,#4806,#4831,.T.);
#4829 = VERTEX_POINT('',#4830);
#4830 = CARTESIAN_POINT('',(-5.5,140.02708269344,252.6513659047));
#4831 = SURFACE_CURVE('',#4832,(#4836,#4843),.PCURVE_S1.);
#4832 = LINE('',#4833,#4834);
#4833 = CARTESIAN_POINT('',(-5.5,140.02708269344,252.6513659047));
#4834 = VECTOR('',#4835,1.);
#4835 = DIRECTION('',(0.,-0.62600288704,-0.779820739284));
#4836 = PCURVE('',#4763,#4837);
#4837 = DEFINITIONAL_REPRESENTATION('',(#4838),#4842);
#4838 = LINE('',#4839,#4840);
#4839 = CARTESIAN_POINT('',(11.,1.355854680849E-31));
#4840 = VECTOR('',#4841,1.);
#4841 = DIRECTION('',(1.232595164408E-32,-1.));
#4842 = ( GEOMETRIC_REPRESENTATION_CONTEXT(2) 
PARAMETRIC_REPRESENTATION_CONTEXT() REPRESENTATION_CONTEXT('2D SPACE',''
  ) );
#4843 = PCURVE('',#4844,#4849);
#4844 = PLANE('',#4845);
#4845 = AXIS2_PLACEMENT_3D('',#4846,#4847,#4848);
#4846 = CARTESIAN_POINT('',(-5.5,140.02708269344,252.6513659047));
#4847 = DIRECTION('',(0.866025403784,0.389910369642,-0.31300144352));
#4848 = DIRECTION('',(-0.5,0.675344570618,-0.542134403019));
#4849 = DEFINITIONAL_REPRESENTATION('',(#4850),#4854);
#4850 = LINE('',#4851,#4852);
#4851 = CARTESIAN_POINT('',(0.,0.));
#4852 = VECTOR('',#4853,1.);
#4853 = DIRECTION('',(-5.551115123126E-17,-1.));
#4854 = ( GEOMETRIC_REPRESENTATION_CONTEXT(2) 
PARAMETRIC_REPRESENTATION_CONTEXT() REPRESENTATION_CONTEXT('2D SPACE',''
  ) );
#4855 = ORIENTED_EDGE('',*,*,#4856,.F.);
#4856 = EDGE_CURVE('',#4748,#4829,#4857,.T.);
#4857 = SURFACE_CURVE('',#4858,(#4862,#4869),.PCURVE_S1.);
#4858 = LINE('',#4859,#4860);
#4859 = CARTESIAN_POINT('',(5.5,140.02708269344,252.6513659047));
#4860 = VECTOR('',#4861,1.);
#4861 = DIRECTION('',(-1.,-1.259309003394E-16,1.010913190798E-16));
#4862 = PCURVE('',#4763,#4863);
#4863 = DEFINITIONAL_REPRESENTATION('',(#4864),#4868);
#4864 = LINE('',#4865,#4866);
#4865 = CARTESIAN_POINT('',(0.,0.));
#4866 = VECTOR('',#4867,1.);
#4867 = DIRECTION('',(1.,0.));
#4868 = ( GEOMETRIC_REPRESENTATION_CONTEXT(2) 
PARAMETRIC_REPRESENTATION_CONTEXT() REPRESENTATION_CONTEXT('2D SPACE',''
  ) );
#4869 = PCURVE('',#4789,#4870);
#4870 = DEFINITIONAL_REPRESENTATION('',(#4871),#4875);
#4871 = LINE('',#4872,#4873);
#4872 = CARTESIAN_POINT('',(9.526279441629,-5.5));
#4873 = VECTOR('',#4874,1.);
#4874 = DIRECTION('',(1.614869854E-16,1.));
#4875 = ( GEOMETRIC_REPRESENTATION_CONTEXT(2) 
PARAMETRIC_REPRESENTATION_CONTEXT() REPRESENTATION_CONTEXT('2D SPACE',''
  ) );
#4876 = ADVANCED_FACE('',(#4877),#4844,.F.);
#4877 = FACE_BOUND('',#4878,.F.);
#4878 = EDGE_LOOP('',(#4879,#4880,#4903,#4931));
#4879 = ORIENTED_EDGE('',*,*,#4828,.T.);
#4880 = ORIENTED_EDGE('',*,*,#4881,.T.);
#4881 = EDGE_CURVE('',#4806,#4882,#4884,.T.);
#4882 = VERTEX_POINT('',#4883);
#4883 = CARTESIAN_POINT('',(-11.,143.699855648,242.00896303579));
#4884 = SURFACE_CURVE('',#4885,(#4889,#4896),.PCURVE_S1.);
#4885 = LINE('',#4886,#4887);
#4886 = CARTESIAN_POINT('',(-5.5,136.2710653712,247.972441469));
#4887 = VECTOR('',#4888,1.);
#4888 = DIRECTION('',(-0.5,0.675344570618,-0.542134403019));
#4889 = PCURVE('',#4844,#4890);
#4890 = DEFINITIONAL_REPRESENTATION('',(#4891),#4895);
#4891 = LINE('',#4892,#4893);
#4892 = CARTESIAN_POINT('',(-4.440892098501E-16,-6.));
#4893 = VECTOR('',#4894,1.);
#4894 = DIRECTION('',(1.,-1.110223024625E-16));
#4895 = ( GEOMETRIC_REPRESENTATION_CONTEXT(2) 
PARAMETRIC_REPRESENTATION_CONTEXT() REPRESENTATION_CONTEXT('2D SPACE',''
  ) );
#4896 = PCURVE('',#4735,#4897);
#4897 = DEFINITIONAL_REPRESENTATION('',(#4898),#4902);
#4898 = LINE('',#4899,#4900);
#4899 = CARTESIAN_POINT('',(9.526279441629,5.5));
#4900 = VECTOR('',#4901,1.);
#4901 = DIRECTION('',(-0.866025403784,0.5));
#4902 = ( GEOMETRIC_REPRESENTATION_CONTEXT(2) 
PARAMETRIC_REPRESENTATION_CONTEXT() REPRESENTATION_CONTEXT('2D SPACE',''
  ) );
#4903 = ORIENTED_EDGE('',*,*,#4904,.F.);
#4904 = EDGE_CURVE('',#4905,#4882,#4907,.T.);
#4905 = VERTEX_POINT('',#4906);
#4906 = CARTESIAN_POINT('',(-11.,147.45587297024,246.6878874715));
#4907 = SURFACE_CURVE('',#4908,(#4912,#4919),.PCURVE_S1.);
#4908 = LINE('',#4909,#4910);
#4909 = CARTESIAN_POINT('',(-11.,147.45587297024,246.6878874715));
#4910 = VECTOR('',#4911,1.);
#4911 = DIRECTION('',(0.,-0.62600288704,-0.779820739284));
#4912 = PCURVE('',#4844,#4913);
#4913 = DEFINITIONAL_REPRESENTATION('',(#4914),#4918);
#4914 = LINE('',#4915,#4916);
#4915 = CARTESIAN_POINT('',(11.,-5.329070518201E-15));
#4916 = VECTOR('',#4917,1.);
#4917 = DIRECTION('',(-5.551115123126E-17,-1.));
#4918 = ( GEOMETRIC_REPRESENTATION_CONTEXT(2) 
PARAMETRIC_REPRESENTATION_CONTEXT() REPRESENTATION_CONTEXT('2D SPACE',''
  ) );
#4919 = PCURVE('',#4920,#4925);
#4920 = PLANE('',#4921);
#4921 = AXIS2_PLACEMENT_3D('',#4922,#4923,#4924);
#4922 = CARTESIAN_POINT('',(-11.,147.45587297024,246.6878874715));
#4923 = DIRECTION('',(0.866025403784,-0.389910369642,0.31300144352));
#4924 = DIRECTION('',(0.5,0.675344570618,-0.542134403019));
#4925 = DEFINITIONAL_REPRESENTATION('',(#4926),#4930);
#4926 = LINE('',#4927,#4928);
#4927 = CARTESIAN_POINT('',(0.,0.));
#4928 = VECTOR('',#4929,1.);
#4929 = DIRECTION('',(0.,-1.));
#4930 = ( GEOMETRIC_REPRESENTATION_CONTEXT(2) 
PARAMETRIC_REPRESENTATION_CONTEXT() REPRESENTATION_CONTEXT('2D SPACE',''
  ) );
#4931 = ORIENTED_EDGE('',*,*,#4932,.F.);
#4932 = EDGE_CURVE('',#4829,#4905,#4933,.T.);
#4933 = SURFACE_CURVE('',#4934,(#4938,#4945),.PCURVE_S1.);
#4934 = LINE('',#4935,#4936);
#4935 = CARTESIAN_POINT('',(-5.5,140.02708269344,252.6513659047));
#4936 = VECTOR('',#4937,1.);
#4937 = DIRECTION('',(-0.5,0.675344570618,-0.542134403019));
#4938 = PCURVE('',#4844,#4939);
#4939 = DEFINITIONAL_REPRESENTATION('',(#4940),#4944);
#4940 = LINE('',#4941,#4942);
#4941 = CARTESIAN_POINT('',(0.,0.));
#4942 = VECTOR('',#4943,1.);
#4943 = DIRECTION('',(1.,-1.110223024625E-16));
#4944 = ( GEOMETRIC_REPRESENTATION_CONTEXT(2) 
PARAMETRIC_REPRESENTATION_CONTEXT() REPRESENTATION_CONTEXT('2D SPACE',''
  ) );
#4945 = PCURVE('',#4789,#4946);
#4946 = DEFINITIONAL_REPRESENTATION('',(#4947),#4951);
#4947 = LINE('',#4948,#4949);
#4948 = CARTESIAN_POINT('',(9.526279441629,5.5));
#4949 = VECTOR('',#4950,1.);
#4950 = DIRECTION('',(-0.866025403784,0.5));
#4951 = ( GEOMETRIC_REPRESENTATION_CONTEXT(2) 
PARAMETRIC_REPRESENTATION_CONTEXT() REPRESENTATION_CONTEXT('2D SPACE',''
  ) );
#4952 = ADVANCED_FACE('',(#4953),#4920,.F.);
#4953 = FACE_BOUND('',#4954,.F.);
#4954 = EDGE_LOOP('',(#4955,#4956,#4979,#5007));
#4955 = ORIENTED_EDGE('',*,*,#4904,.T.);
#4956 = ORIENTED_EDGE('',*,*,#4957,.T.);
#4957 = EDGE_CURVE('',#4882,#4958,#4960,.T.);
#4958 = VERTEX_POINT('',#4959);
#4959 = CARTESIAN_POINT('',(-5.5,151.12864592479,236.04548460258));
#4960 = SURFACE_CURVE('',#4961,(#4965,#4972),.PCURVE_S1.);
#4961 = LINE('',#4962,#4963);
#4962 = CARTESIAN_POINT('',(-11.,143.699855648,242.00896303579));
#4963 = VECTOR('',#4964,1.);
#4964 = DIRECTION('',(0.5,0.675344570618,-0.542134403019));
#4965 = PCURVE('',#4920,#4966);
#4966 = DEFINITIONAL_REPRESENTATION('',(#4967),#4971);
#4967 = LINE('',#4968,#4969);
#4968 = CARTESIAN_POINT('',(0.,-6.));
#4969 = VECTOR('',#4970,1.);
#4970 = DIRECTION('',(1.,1.110223024625E-16));
#4971 = ( GEOMETRIC_REPRESENTATION_CONTEXT(2) 
PARAMETRIC_REPRESENTATION_CONTEXT() REPRESENTATION_CONTEXT('2D SPACE',''
  ) );
#4972 = PCURVE('',#4735,#4973);
#4973 = DEFINITIONAL_REPRESENTATION('',(#4974),#4978);
#4974 = LINE('',#4975,#4976);
#4975 = CARTESIAN_POINT('',(-3.995591061778E-14,11.));
#4976 = VECTOR('',#4977,1.);
#4977 = DIRECTION('',(-0.866025403784,-0.5));
#4978 = ( GEOMETRIC_REPRESENTATION_CONTEXT(2) 
PARAMETRIC_REPRESENTATION_CONTEXT() REPRESENTATION_CONTEXT('2D SPACE',''
  ) );
#4979 = ORIENTED_EDGE('',*,*,#4980,.F.);
#4980 = EDGE_CURVE('',#4981,#4958,#4983,.T.);
#4981 = VERTEX_POINT('',#4982);
#4982 = CARTESIAN_POINT('',(-5.5,154.88466324703,240.72440903829));
#4983 = SURFACE_CURVE('',#4984,(#4988,#4995),.PCURVE_S1.);
#4984 = LINE('',#4985,#4986);
#4985 = CARTESIAN_POINT('',(-5.5,154.88466324703,240.72440903829));
#4986 = VECTOR('',#4987,1.);
#4987 = DIRECTION('',(0.,-0.62600288704,-0.779820739284));
#4988 = PCURVE('',#4920,#4989);
#4989 = DEFINITIONAL_REPRESENTATION('',(#4990),#4994);
#4990 = LINE('',#4991,#4992);
#4991 = CARTESIAN_POINT('',(11.,-4.440892098501E-15));
#4992 = VECTOR('',#4993,1.);
#4993 = DIRECTION('',(0.,-1.));
#4994 = ( GEOMETRIC_REPRESENTATION_CONTEXT(2) 
PARAMETRIC_REPRESENTATION_CONTEXT() REPRESENTATION_CONTEXT('2D SPACE',''
  ) );
#4995 = PCURVE('',#4996,#5001);
#4996 = PLANE('',#4997);
#4997 = AXIS2_PLACEMENT_3D('',#4998,#4999,#5000);
#4998 = CARTESIAN_POINT('',(-5.5,154.88466324703,240.72440903829));
#4999 = DIRECTION('',(6.459479416001E-16,-0.779820739284,0.62600288704)
  );
#5000 = DIRECTION('',(1.,5.037236013576E-16,-4.043652763192E-16));
#5001 = DEFINITIONAL_REPRESENTATION('',(#5002),#5006);
#5002 = LINE('',#5003,#5004);
#5003 = CARTESIAN_POINT('',(0.,0.));
#5004 = VECTOR('',#5005,1.);
#5005 = DIRECTION('',(-4.930380657631E-32,-1.));
#5006 = ( GEOMETRIC_REPRESENTATION_CONTEXT(2) 
PARAMETRIC_REPRESENTATION_CONTEXT() REPRESENTATION_CONTEXT('2D SPACE',''
  ) );
#5007 = ORIENTED_EDGE('',*,*,#5008,.F.);
#5008 = EDGE_CURVE('',#4905,#4981,#5009,.T.);
#5009 = SURFACE_CURVE('',#5010,(#5014,#5021),.PCURVE_S1.);
#5010 = LINE('',#5011,#5012);
#5011 = CARTESIAN_POINT('',(-11.,147.45587297024,246.6878874715));
#5012 = VECTOR('',#5013,1.);
#5013 = DIRECTION('',(0.5,0.675344570618,-0.542134403019));
#5014 = PCURVE('',#4920,#5015);
#5015 = DEFINITIONAL_REPRESENTATION('',(#5016),#5020);
#5016 = LINE('',#5017,#5018);
#5017 = CARTESIAN_POINT('',(0.,0.));
#5018 = VECTOR('',#5019,1.);
#5019 = DIRECTION('',(1.,1.110223024625E-16));
#5020 = ( GEOMETRIC_REPRESENTATION_CONTEXT(2) 
PARAMETRIC_REPRESENTATION_CONTEXT() REPRESENTATION_CONTEXT('2D SPACE',''
  ) );
#5021 = PCURVE('',#4789,#5022);
#5022 = DEFINITIONAL_REPRESENTATION('',(#5023),#5027);
#5023 = LINE('',#5024,#5025);
#5024 = CARTESIAN_POINT('',(-3.995591061778E-14,11.));
#5025 = VECTOR('',#5026,1.);
#5026 = DIRECTION('',(-0.866025403784,-0.5));
#5027 = ( GEOMETRIC_REPRESENTATION_CONTEXT(2) 
PARAMETRIC_REPRESENTATION_CONTEXT() REPRESENTATION_CONTEXT('2D SPACE',''
  ) );
#5028 = ADVANCED_FACE('',(#5029),#4996,.F.);
#5029 = FACE_BOUND('',#5030,.F.);
#5030 = EDGE_LOOP('',(#5031,#5032,#5055,#5078));
#5031 = ORIENTED_EDGE('',*,*,#4980,.T.);
#5032 = ORIENTED_EDGE('',*,*,#5033,.T.);
#5033 = EDGE_CURVE('',#4958,#5034,#5036,.T.);
#5034 = VERTEX_POINT('',#5035);
#5035 = CARTESIAN_POINT('',(5.5,151.12864592479,236.04548460258));
#5036 = SURFACE_CURVE('',#5037,(#5041,#5048),.PCURVE_S1.);
#5037 = LINE('',#5038,#5039);
#5038 = CARTESIAN_POINT('',(-5.5,151.12864592479,236.04548460258));
#5039 = VECTOR('',#5040,1.);
#5040 = DIRECTION('',(1.,5.037236013576E-16,-4.043652763192E-16));
#5041 = PCURVE('',#4996,#5042);
#5042 = DEFINITIONAL_REPRESENTATION('',(#5043),#5047);
#5043 = LINE('',#5044,#5045);
#5044 = CARTESIAN_POINT('',(-3.944304526105E-31,-6.));
#5045 = VECTOR('',#5046,1.);
#5046 = DIRECTION('',(1.,0.));
#5047 = ( GEOMETRIC_REPRESENTATION_CONTEXT(2) 
PARAMETRIC_REPRESENTATION_CONTEXT() REPRESENTATION_CONTEXT('2D SPACE',''
  ) );
#5048 = PCURVE('',#4735,#5049);
#5049 = DEFINITIONAL_REPRESENTATION('',(#5050),#5054);
#5050 = LINE('',#5051,#5052);
#5051 = CARTESIAN_POINT('',(-9.526279441629,5.5));
#5052 = VECTOR('',#5053,1.);
#5053 = DIRECTION('',(-6.459479416001E-16,-1.));
#5054 = ( GEOMETRIC_REPRESENTATION_CONTEXT(2) 
PARAMETRIC_REPRESENTATION_CONTEXT() REPRESENTATION_CONTEXT('2D SPACE',''
  ) );
#5055 = ORIENTED_EDGE('',*,*,#5056,.F.);
#5056 = EDGE_CURVE('',#5057,#5034,#5059,.T.);
#5057 = VERTEX_POINT('',#5058);
#5058 = CARTESIAN_POINT('',(5.5,154.88466324703,240.72440903829));
#5059 = SURFACE_CURVE('',#5060,(#5064,#5071),.PCURVE_S1.);
#5060 = LINE('',#5061,#5062);
#5061 = CARTESIAN_POINT('',(5.5,154.88466324703,240.72440903829));
#5062 = VECTOR('',#5063,1.);
#5063 = DIRECTION('',(0.,-0.62600288704,-0.779820739284));
#5064 = PCURVE('',#4996,#5065);
#5065 = DEFINITIONAL_REPRESENTATION('',(#5066),#5070);
#5066 = LINE('',#5067,#5068);
#5067 = CARTESIAN_POINT('',(11.,-5.423418723394E-31));
#5068 = VECTOR('',#5069,1.);
#5069 = DIRECTION('',(-4.930380657631E-32,-1.));
#5070 = ( GEOMETRIC_REPRESENTATION_CONTEXT(2) 
PARAMETRIC_REPRESENTATION_CONTEXT() REPRESENTATION_CONTEXT('2D SPACE',''
  ) );
#5071 = PCURVE('',#4707,#5072);
#5072 = DEFINITIONAL_REPRESENTATION('',(#5073),#5077);
#5073 = LINE('',#5074,#5075);
#5074 = CARTESIAN_POINT('',(0.,0.));
#5075 = VECTOR('',#5076,1.);
#5076 = DIRECTION('',(-5.551115123126E-17,-1.));
#5077 = ( GEOMETRIC_REPRESENTATION_CONTEXT(2) 
PARAMETRIC_REPRESENTATION_CONTEXT() REPRESENTATION_CONTEXT('2D SPACE',''
  ) );
#5078 = ORIENTED_EDGE('',*,*,#5079,.F.);
#5079 = EDGE_CURVE('',#4981,#5057,#5080,.T.);
#5080 = SURFACE_CURVE('',#5081,(#5085,#5092),.PCURVE_S1.);
#5081 = LINE('',#5082,#5083);
#5082 = CARTESIAN_POINT('',(-5.5,154.88466324703,240.72440903829));
#5083 = VECTOR('',#5084,1.);
#5084 = DIRECTION('',(1.,5.037236013576E-16,-4.043652763192E-16));
#5085 = PCURVE('',#4996,#5086);
#5086 = DEFINITIONAL_REPRESENTATION('',(#5087),#5091);
#5087 = LINE('',#5088,#5089);
#5088 = CARTESIAN_POINT('',(0.,0.));
#5089 = VECTOR('',#5090,1.);
#5090 = DIRECTION('',(1.,0.));
#5091 = ( GEOMETRIC_REPRESENTATION_CONTEXT(2) 
PARAMETRIC_REPRESENTATION_CONTEXT() REPRESENTATION_CONTEXT('2D SPACE',''
  ) );
#5092 = PCURVE('',#4789,#5093);
#5093 = DEFINITIONAL_REPRESENTATION('',(#5094),#5098);
#5094 = LINE('',#5095,#5096);
#5095 = CARTESIAN_POINT('',(-9.526279441629,5.5));
#5096 = VECTOR('',#5097,1.);
#5097 = DIRECTION('',(-6.459479416001E-16,-1.));
#5098 = ( GEOMETRIC_REPRESENTATION_CONTEXT(2) 
PARAMETRIC_REPRESENTATION_CONTEXT() REPRESENTATION_CONTEXT('2D SPACE',''
  ) );
#5099 = ADVANCED_FACE('',(#5100),#4707,.F.);
#5100 = FACE_BOUND('',#5101,.F.);
#5101 = EDGE_LOOP('',(#5102,#5103,#5124,#5125));
#5102 = ORIENTED_EDGE('',*,*,#5056,.T.);
#5103 = ORIENTED_EDGE('',*,*,#5104,.T.);
#5104 = EDGE_CURVE('',#5034,#4687,#5105,.T.);
#5105 = SURFACE_CURVE('',#5106,(#5110,#5117),.PCURVE_S1.);
#5106 = LINE('',#5107,#5108);
#5107 = CARTESIAN_POINT('',(5.5,151.12864592479,236.04548460258));
#5108 = VECTOR('',#5109,1.);
#5109 = DIRECTION('',(0.5,-0.675344570618,0.542134403019));
#5110 = PCURVE('',#4707,#5111);
#5111 = DEFINITIONAL_REPRESENTATION('',(#5112),#5116);
#5112 = LINE('',#5113,#5114);
#5113 = CARTESIAN_POINT('',(-4.440892098501E-16,-6.));
#5114 = VECTOR('',#5115,1.);
#5115 = DIRECTION('',(1.,-1.110223024625E-16));
#5116 = ( GEOMETRIC_REPRESENTATION_CONTEXT(2) 
PARAMETRIC_REPRESENTATION_CONTEXT() REPRESENTATION_CONTEXT('2D SPACE',''
  ) );
#5117 = PCURVE('',#4735,#5118);
#5118 = DEFINITIONAL_REPRESENTATION('',(#5119),#5123);
#5119 = LINE('',#5120,#5121);
#5120 = CARTESIAN_POINT('',(-9.526279441629,-5.5));
#5121 = VECTOR('',#5122,1.);
#5122 = DIRECTION('',(0.866025403784,-0.5));
#5123 = ( GEOMETRIC_REPRESENTATION_CONTEXT(2) 
PARAMETRIC_REPRESENTATION_CONTEXT() REPRESENTATION_CONTEXT('2D SPACE',''
  ) );
#5124 = ORIENTED_EDGE('',*,*,#4684,.F.);
#5125 = ORIENTED_EDGE('',*,*,#5126,.F.);
#5126 = EDGE_CURVE('',#5057,#4685,#5127,.T.);
#5127 = SURFACE_CURVE('',#5128,(#5132,#5139),.PCURVE_S1.);
#5128 = LINE('',#5129,#5130);
#5129 = CARTESIAN_POINT('',(5.5,154.88466324703,240.72440903829));
#5130 = VECTOR('',#5131,1.);
#5131 = DIRECTION('',(0.5,-0.675344570618,0.542134403019));
#5132 = PCURVE('',#4707,#5133);
#5133 = DEFINITIONAL_REPRESENTATION('',(#5134),#5138);
#5134 = LINE('',#5135,#5136);
#5135 = CARTESIAN_POINT('',(0.,0.));
#5136 = VECTOR('',#5137,1.);
#5137 = DIRECTION('',(1.,-1.110223024625E-16));
#5138 = ( GEOMETRIC_REPRESENTATION_CONTEXT(2) 
PARAMETRIC_REPRESENTATION_CONTEXT() REPRESENTATION_CONTEXT('2D SPACE',''
  ) );
#5139 = PCURVE('',#4789,#5140);
#5140 = DEFINITIONAL_REPRESENTATION('',(#5141),#5145);
#5141 = LINE('',#5142,#5143);
#5142 = CARTESIAN_POINT('',(-9.526279441629,-5.5));
#5143 = VECTOR('',#5144,1.);
#5144 = DIRECTION('',(0.866025403784,-0.5));
#5145 = ( GEOMETRIC_REPRESENTATION_CONTEXT(2) 
PARAMETRIC_REPRESENTATION_CONTEXT() REPRESENTATION_CONTEXT('2D SPACE',''
  ) );
#5146 = ADVANCED_FACE('',(#5147),#4789,.F.);
#5147 = FACE_BOUND('',#5148,.F.);
#5148 = EDGE_LOOP('',(#5149,#5150,#5151,#5152,#5153,#5154));
#5149 = ORIENTED_EDGE('',*,*,#4775,.T.);
#5150 = ORIENTED_EDGE('',*,*,#4856,.T.);
#5151 = ORIENTED_EDGE('',*,*,#4932,.T.);
#5152 = ORIENTED_EDGE('',*,*,#5008,.T.);
#5153 = ORIENTED_EDGE('',*,*,#5079,.T.);
#5154 = ORIENTED_EDGE('',*,*,#5126,.T.);
#5155 = ADVANCED_FACE('',(#5156),#4735,.T.);
#5156 = FACE_BOUND('',#5157,.T.);
#5157 = EDGE_LOOP('',(#5158,#5159,#5160,#5161,#5162,#5163));
#5158 = ORIENTED_EDGE('',*,*,#4719,.T.);
#5159 = ORIENTED_EDGE('',*,*,#4805,.T.);
#5160 = ORIENTED_EDGE('',*,*,#4881,.T.);
#5161 = ORIENTED_EDGE('',*,*,#4957,.T.);
#5162 = ORIENTED_EDGE('',*,*,#5033,.T.);
#5163 = ORIENTED_EDGE('',*,*,#5104,.T.);
#5164 = ( GEOMETRIC_REPRESENTATION_CONTEXT(3) 
GLOBAL_UNCERTAINTY_ASSIGNED_CONTEXT((#5168)) 
GLOBAL_UNIT_ASSIGNED_CONTEXT((#5165,#5166,#5167)) REPRESENTATION_CONTEXT
('Context #1','3D Context with UNIT and UNCERTAINTY') );
#5165 = ( LENGTH_UNIT() NAMED_UNIT(*) SI_UNIT(.MILLI.,.METRE.) );
#5166 = ( NAMED_UNIT(*) PLANE_ANGLE_UNIT() SI_UNIT($,.RADIAN.) );
#5167 = ( NAMED_UNIT(*) SI_UNIT($,.STERADIAN.) SOLID_ANGLE_UNIT() );
#5168 = UNCERTAINTY_MEASURE_WITH_UNIT(LENGTH_MEASURE(1.E-07),#5165,
  'distance_accuracy_value','confusion accuracy');
#5169 = CONTEXT_DEPENDENT_SHAPE_REPRESENTATION(#5170,#5172);
#5170 = ( REPRESENTATION_RELATIONSHIP('','',#4289,#10) 
REPRESENTATION_RELATIONSHIP_WITH_TRANSFORMATION(#5171) 
SHAPE_REPRESENTATION_RELATIONSHIP() );
#5171 = ITEM_DEFINED_TRANSFORMATION('','',#11,#19);
#5172 = PRODUCT_DEFINITION_SHAPE('Placement','Placement of an item',
  #5173);
#5173 = NEXT_ASSEMBLY_USAGE_OCCURRENCE('71','PHS12L_HOLDER','',#5,#4284,
  $);
#5174 = PRODUCT_RELATED_PRODUCT_CATEGORY('part',$,(#4286));
#5175 = SHAPE_DEFINITION_REPRESENTATION(#5176,#5182);
#5176 = PRODUCT_DEFINITION_SHAPE('','',#5177);
#5177 = PRODUCT_DEFINITION('design','',#5178,#5181);
#5178 = PRODUCT_DEFINITION_FORMATION('','',#5179);
#5179 = PRODUCT('PHS12L_INNER_RING','PHS12L_INNER_RING','',(#5180));
#5180 = PRODUCT_CONTEXT('',#2,'mechanical');
#5181 = PRODUCT_DEFINITION_CONTEXT('part definition',#2,'design');
#5182 = ADVANCED_BREP_SHAPE_REPRESENTATION('',(#11,#5183),#5366);
#5183 = MANIFOLD_SOLID_BREP('',#5184);
#5184 = CLOSED_SHELL('',(#5185,#5253,#5309,#5339));
#5185 = ADVANCED_FACE('',(#5186,#5222),#5199,.F.);
#5186 = FACE_BOUND('',#5187,.T.);
#5187 = EDGE_LOOP('',(#5188));
#5188 = ORIENTED_EDGE('',*,*,#5189,.T.);
#5189 = EDGE_CURVE('',#5190,#5190,#5192,.T.);
#5190 = VERTEX_POINT('',#5191);
#5191 = CARTESIAN_POINT('',(-8.,169.,281.));
#5192 = SURFACE_CURVE('',#5193,(#5198,#5210),.PCURVE_S1.);
#5193 = CIRCLE('',#5194,6.);
#5194 = AXIS2_PLACEMENT_3D('',#5195,#5196,#5197);
#5195 = CARTESIAN_POINT('',(-8.,175.,281.));
#5196 = DIRECTION('',(1.,1.110223024625E-16,0.));
#5197 = DIRECTION('',(1.110223024625E-16,-1.,0.));
#5198 = PCURVE('',#5199,#5204);
#5199 = PLANE('',#5200);
#5200 = AXIS2_PLACEMENT_3D('',#5201,#5202,#5203);
#5201 = CARTESIAN_POINT('',(-8.,175.,281.));
#5202 = DIRECTION('',(1.,1.110223024625E-16,0.));
#5203 = DIRECTION('',(1.110223024625E-16,-1.,0.));
#5204 = DEFINITIONAL_REPRESENTATION('',(#5205),#5209);
#5205 = CIRCLE('',#5206,6.);
#5206 = AXIS2_PLACEMENT_2D('',#5207,#5208);
#5207 = CARTESIAN_POINT('',(0.,0.));
#5208 = DIRECTION('',(1.,-0.));
#5209 = ( GEOMETRIC_REPRESENTATION_CONTEXT(2) 
PARAMETRIC_REPRESENTATION_CONTEXT() REPRESENTATION_CONTEXT('2D SPACE',''
  ) );
#5210 = PCURVE('',#5211,#5216);
#5211 = CYLINDRICAL_SURFACE('',#5212,6.);
#5212 = AXIS2_PLACEMENT_3D('',#5213,#5214,#5215);
#5213 = CARTESIAN_POINT('',(8.,175.,281.));
#5214 = DIRECTION('',(-1.,-1.110223024625E-16,-0.));
#5215 = DIRECTION('',(1.110223024625E-16,-1.,0.));
#5216 = DEFINITIONAL_REPRESENTATION('',(#5217),#5221);
#5217 = LINE('',#5218,#5219);
#5218 = CARTESIAN_POINT('',(-0.,16.));
#5219 = VECTOR('',#5220,1.);
#5220 = DIRECTION('',(-1.,0.));
#5221 = ( GEOMETRIC_REPRESENTATION_CONTEXT(2) 
PARAMETRIC_REPRESENTATION_CONTEXT() REPRESENTATION_CONTEXT('2D SPACE',''
  ) );
#5222 = FACE_BOUND('',#5223,.T.);
#5223 = EDGE_LOOP('',(#5224));
#5224 = ORIENTED_EDGE('',*,*,#5225,.F.);
#5225 = EDGE_CURVE('',#5226,#5226,#5228,.T.);
#5226 = VERTEX_POINT('',#5227);
#5227 = CARTESIAN_POINT('',(-8.,167.2871758577,281.));
#5228 = SURFACE_CURVE('',#5229,(#5234,#5241),.PCURVE_S1.);
#5229 = CIRCLE('',#5230,7.712824142297);
#5230 = AXIS2_PLACEMENT_3D('',#5231,#5232,#5233);
#5231 = CARTESIAN_POINT('',(-8.,175.,281.));
#5232 = DIRECTION('',(1.,1.110223024625E-16,0.));
#5233 = DIRECTION('',(1.110223024625E-16,-1.,0.));
#5234 = PCURVE('',#5199,#5235);
#5235 = DEFINITIONAL_REPRESENTATION('',(#5236),#5240);
#5236 = CIRCLE('',#5237,7.712824142297);
#5237 = AXIS2_PLACEMENT_2D('',#5238,#5239);
#5238 = CARTESIAN_POINT('',(0.,0.));
#5239 = DIRECTION('',(1.,-0.));
#5240 = ( GEOMETRIC_REPRESENTATION_CONTEXT(2) 
PARAMETRIC_REPRESENTATION_CONTEXT() REPRESENTATION_CONTEXT('2D SPACE',''
  ) );
#5241 = PCURVE('',#5242,#5247);
#5242 = SPHERICAL_SURFACE('',#5243,11.1125);
#5243 = AXIS2_PLACEMENT_3D('',#5244,#5245,#5246);
#5244 = CARTESIAN_POINT('',(2.22044604925E-16,175.,281.));
#5245 = DIRECTION('',(1.,1.110223024625E-16,0.));
#5246 = DIRECTION('',(1.110223024625E-16,-1.,0.));
#5247 = DEFINITIONAL_REPRESENTATION('',(#5248),#5252);
#5248 = LINE('',#5249,#5250);
#5249 = CARTESIAN_POINT('',(0.,-0.803672656019));
#5250 = VECTOR('',#5251,1.);
#5251 = DIRECTION('',(1.,0.));
#5252 = ( GEOMETRIC_REPRESENTATION_CONTEXT(2) 
PARAMETRIC_REPRESENTATION_CONTEXT() REPRESENTATION_CONTEXT('2D SPACE',''
  ) );
#5253 = ADVANCED_FACE('',(#5254),#5242,.T.);
#5254 = FACE_BOUND('',#5255,.T.);
#5255 = EDGE_LOOP('',(#5256,#5257,#5281,#5308));
#5256 = ORIENTED_EDGE('',*,*,#5225,.T.);
#5257 = ORIENTED_EDGE('',*,*,#5258,.T.);
#5258 = EDGE_CURVE('',#5226,#5259,#5261,.T.);
#5259 = VERTEX_POINT('',#5260);
#5260 = CARTESIAN_POINT('',(8.,167.2871758577,281.));
#5261 = SEAM_CURVE('',#5262,(#5267,#5274),.PCURVE_S1.);
#5262 = CIRCLE('',#5263,11.1125);
#5263 = AXIS2_PLACEMENT_3D('',#5264,#5265,#5266);
#5264 = CARTESIAN_POINT('',(2.22044604925E-16,175.,281.));
#5265 = DIRECTION('',(0.,0.,1.));
#5266 = DIRECTION('',(-0.719910011249,-0.69406741438,0.));
#5267 = PCURVE('',#5242,#5268);
#5268 = DEFINITIONAL_REPRESENTATION('',(#5269),#5273);
#5269 = LINE('',#5270,#5271);
#5270 = CARTESIAN_POINT('',(0.,-0.803672656019));
#5271 = VECTOR('',#5272,1.);
#5272 = DIRECTION('',(0.,1.));
#5273 = ( GEOMETRIC_REPRESENTATION_CONTEXT(2) 
PARAMETRIC_REPRESENTATION_CONTEXT() REPRESENTATION_CONTEXT('2D SPACE',''
  ) );
#5274 = PCURVE('',#5242,#5275);
#5275 = DEFINITIONAL_REPRESENTATION('',(#5276),#5280);
#5276 = LINE('',#5277,#5278);
#5277 = CARTESIAN_POINT('',(6.28318530718,-0.803672656019));
#5278 = VECTOR('',#5279,1.);
#5279 = DIRECTION('',(0.,1.));
#5280 = ( GEOMETRIC_REPRESENTATION_CONTEXT(2) 
PARAMETRIC_REPRESENTATION_CONTEXT() REPRESENTATION_CONTEXT('2D SPACE',''
  ) );
#5281 = ORIENTED_EDGE('',*,*,#5282,.F.);
#5282 = EDGE_CURVE('',#5259,#5259,#5283,.T.);
#5283 = SURFACE_CURVE('',#5284,(#5289,#5296),.PCURVE_S1.);
#5284 = CIRCLE('',#5285,7.712824142297);
#5285 = AXIS2_PLACEMENT_3D('',#5286,#5287,#5288);
#5286 = CARTESIAN_POINT('',(8.,175.,281.));
#5287 = DIRECTION('',(1.,1.110223024625E-16,0.));
#5288 = DIRECTION('',(1.110223024625E-16,-1.,0.));
#5289 = PCURVE('',#5242,#5290);
#5290 = DEFINITIONAL_REPRESENTATION('',(#5291),#5295);
#5291 = LINE('',#5292,#5293);
#5292 = CARTESIAN_POINT('',(0.,0.803672656019));
#5293 = VECTOR('',#5294,1.);
#5294 = DIRECTION('',(1.,0.));
#5295 = ( GEOMETRIC_REPRESENTATION_CONTEXT(2) 
PARAMETRIC_REPRESENTATION_CONTEXT() REPRESENTATION_CONTEXT('2D SPACE',''
  ) );
#5296 = PCURVE('',#5297,#5302);
#5297 = PLANE('',#5298);
#5298 = AXIS2_PLACEMENT_3D('',#5299,#5300,#5301);
#5299 = CARTESIAN_POINT('',(8.,175.,281.));
#5300 = DIRECTION('',(1.,1.110223024625E-16,0.));
#5301 = DIRECTION('',(1.110223024625E-16,-1.,0.));
#5302 = DEFINITIONAL_REPRESENTATION('',(#5303),#5307);
#5303 = CIRCLE('',#5304,7.712824142297);
#5304 = AXIS2_PLACEMENT_2D('',#5305,#5306);
#5305 = CARTESIAN_POINT('',(0.,0.));
#5306 = DIRECTION('',(1.,0.));
#5307 = ( GEOMETRIC_REPRESENTATION_CONTEXT(2) 
PARAMETRIC_REPRESENTATION_CONTEXT() REPRESENTATION_CONTEXT('2D SPACE',''
  ) );
#5308 = ORIENTED_EDGE('',*,*,#5258,.F.);
#5309 = ADVANCED_FACE('',(#5310,#5313),#5297,.T.);
#5310 = FACE_BOUND('',#5311,.T.);
#5311 = EDGE_LOOP('',(#5312));
#5312 = ORIENTED_EDGE('',*,*,#5282,.T.);
#5313 = FACE_BOUND('',#5314,.T.);
#5314 = EDGE_LOOP('',(#5315));
#5315 = ORIENTED_EDGE('',*,*,#5316,.F.);
#5316 = EDGE_CURVE('',#5317,#5317,#5319,.T.);
#5317 = VERTEX_POINT('',#5318);
#5318 = CARTESIAN_POINT('',(8.,169.,281.));
#5319 = SURFACE_CURVE('',#5320,(#5325,#5332),.PCURVE_S1.);
#5320 = CIRCLE('',#5321,6.);
#5321 = AXIS2_PLACEMENT_3D('',#5322,#5323,#5324);
#5322 = CARTESIAN_POINT('',(8.,175.,281.));
#5323 = DIRECTION('',(1.,1.110223024625E-16,0.));
#5324 = DIRECTION('',(1.110223024625E-16,-1.,0.));
#5325 = PCURVE('',#5297,#5326);
#5326 = DEFINITIONAL_REPRESENTATION('',(#5327),#5331);
#5327 = CIRCLE('',#5328,6.);
#5328 = AXIS2_PLACEMENT_2D('',#5329,#5330);
#5329 = CARTESIAN_POINT('',(0.,0.));
#5330 = DIRECTION('',(1.,0.));
#5331 = ( GEOMETRIC_REPRESENTATION_CONTEXT(2) 
PARAMETRIC_REPRESENTATION_CONTEXT() REPRESENTATION_CONTEXT('2D SPACE',''
  ) );
#5332 = PCURVE('',#5211,#5333);
#5333 = DEFINITIONAL_REPRESENTATION('',(#5334),#5338);
#5334 = LINE('',#5335,#5336);
#5335 = CARTESIAN_POINT('',(-0.,0.));
#5336 = VECTOR('',#5337,1.);
#5337 = DIRECTION('',(-1.,0.));
#5338 = ( GEOMETRIC_REPRESENTATION_CONTEXT(2) 
PARAMETRIC_REPRESENTATION_CONTEXT() REPRESENTATION_CONTEXT('2D SPACE',''
  ) );
#5339 = ADVANCED_FACE('',(#5340),#5211,.F.);
#5340 = FACE_BOUND('',#5341,.T.);
#5341 = EDGE_LOOP('',(#5342,#5343,#5364,#5365));
#5342 = ORIENTED_EDGE('',*,*,#5316,.T.);
#5343 = ORIENTED_EDGE('',*,*,#5344,.T.);
#5344 = EDGE_CURVE('',#5317,#5190,#5345,.T.);
#5345 = SEAM_CURVE('',#5346,(#5350,#5357),.PCURVE_S1.);
#5346 = LINE('',#5347,#5348);
#5347 = CARTESIAN_POINT('',(8.,169.,281.));
#5348 = VECTOR('',#5349,1.);
#5349 = DIRECTION('',(-1.,-1.110223024625E-16,0.));
#5350 = PCURVE('',#5211,#5351);
#5351 = DEFINITIONAL_REPRESENTATION('',(#5352),#5356);
#5352 = LINE('',#5353,#5354);
#5353 = CARTESIAN_POINT('',(-0.,0.));
#5354 = VECTOR('',#5355,1.);
#5355 = DIRECTION('',(-0.,1.));
#5356 = ( GEOMETRIC_REPRESENTATION_CONTEXT(2) 
PARAMETRIC_REPRESENTATION_CONTEXT() REPRESENTATION_CONTEXT('2D SPACE',''
  ) );
#5357 = PCURVE('',#5211,#5358);
#5358 = DEFINITIONAL_REPRESENTATION('',(#5359),#5363);
#5359 = LINE('',#5360,#5361);
#5360 = CARTESIAN_POINT('',(-6.28318530718,0.));
#5361 = VECTOR('',#5362,1.);
#5362 = DIRECTION('',(-0.,1.));
#5363 = ( GEOMETRIC_REPRESENTATION_CONTEXT(2) 
PARAMETRIC_REPRESENTATION_CONTEXT() REPRESENTATION_CONTEXT('2D SPACE',''
  ) );
#5364 = ORIENTED_EDGE('',*,*,#5189,.F.);
#5365 = ORIENTED_EDGE('',*,*,#5344,.F.);
#5366 = ( GEOMETRIC_REPRESENTATION_CONTEXT(3) 
GLOBAL_UNCERTAINTY_ASSIGNED_CONTEXT((#5370)) 
GLOBAL_UNIT_ASSIGNED_CONTEXT((#5367,#5368,#5369)) REPRESENTATION_CONTEXT
('Context #1','3D Context with UNIT and UNCERTAINTY') );
#5367 = ( LENGTH_UNIT() NAMED_UNIT(*) SI_UNIT(.MILLI.,.METRE.) );
#5368 = ( NAMED_UNIT(*) PLANE_ANGLE_UNIT() SI_UNIT($,.RADIAN.) );
#5369 = ( NAMED_UNIT(*) SI_UNIT($,.STERADIAN.) SOLID_ANGLE_UNIT() );
#5370 = UNCERTAINTY_MEASURE_WITH_UNIT(LENGTH_MEASURE(1.E-07),#5367,
  'distance_accuracy_value','confusion accuracy');
#5371 = CONTEXT_DEPENDENT_SHAPE_REPRESENTATION(#5372,#5374);
#5372 = ( REPRESENTATION_RELATIONSHIP('','',#5182,#10) 
REPRESENTATION_RELATIONSHIP_WITH_TRANSFORMATION(#5373) 
SHAPE_REPRESENTATION_RELATIONSHIP() );
#5373 = ITEM_DEFINED_TRANSFORMATION('','',#11,#23);
#5374 = PRODUCT_DEFINITION_SHAPE('Placement','Placement of an item',
  #5375);
#5375 = NEXT_ASSEMBLY_USAGE_OCCURRENCE('72','PHS12L_INNER_RING','',#5,
  #5177,$);
#5376 = PRODUCT_RELATED_PRODUCT_CATEGORY('part',$,(#5179));
#5377 = SHAPE_DEFINITION_REPRESENTATION(#5378,#5384);
#5378 = PRODUCT_DEFINITION_SHAPE('','',#5379);
#5379 = PRODUCT_DEFINITION('design','',#5380,#5383);
#5380 = PRODUCT_DEFINITION_FORMATION('','',#5381);
#5381 = PRODUCT('U1_SHAT12_L','U1_SHAT12_L','',(#5382));
#5382 = PRODUCT_CONTEXT('',#2,'mechanical');
#5383 = PRODUCT_DEFINITION_CONTEXT('part definition',#2,'design');
#5384 = ADVANCED_BREP_SHAPE_REPRESENTATION('',(#11,#5385),#6529);
#5385 = MANIFOLD_SOLID_BREP('',#5386);
#5386 = CLOSED_SHELL('',(#5387,#5507,#5653,#5712,#5815,#5891,#5967,#6043
    ,#6125,#6201,#6277,#6348,#6402,#6449,#6484,#6514));
#5387 = ADVANCED_FACE('',(#5388),#5402,.F.);
#5388 = FACE_BOUND('',#5389,.F.);
#5389 = EDGE_LOOP('',(#5390,#5425,#5453,#5481));
#5390 = ORIENTED_EDGE('',*,*,#5391,.F.);
#5391 = EDGE_CURVE('',#5392,#5394,#5396,.T.);
#5392 = VERTEX_POINT('',#5393);
#5393 = CARTESIAN_POINT('',(27.,196.,304.));
#5394 = VERTEX_POINT('',#5395);
#5395 = CARTESIAN_POINT('',(27.,196.,298.));
#5396 = SURFACE_CURVE('',#5397,(#5401,#5413),.PCURVE_S1.);
#5397 = LINE('',#5398,#5399);
#5398 = CARTESIAN_POINT('',(27.,196.,304.));
#5399 = VECTOR('',#5400,1.);
#5400 = DIRECTION('',(-1.224646799147E-16,-1.359631073447E-32,-1.));
#5401 = PCURVE('',#5402,#5407);
#5402 = PLANE('',#5403);
#5403 = AXIS2_PLACEMENT_3D('',#5404,#5405,#5406);
#5404 = CARTESIAN_POINT('',(27.,196.,304.));
#5405 = DIRECTION('',(1.110223024625E-16,-1.,0.));
#5406 = DIRECTION('',(-1.224646799147E-16,-1.359631073447E-32,-1.));
#5407 = DEFINITIONAL_REPRESENTATION('',(#5408),#5412);
#5408 = LINE('',#5409,#5410);
#5409 = CARTESIAN_POINT('',(-0.,0.));
#5410 = VECTOR('',#5411,1.);
#5411 = DIRECTION('',(1.,0.));
#5412 = ( GEOMETRIC_REPRESENTATION_CONTEXT(2) 
PARAMETRIC_REPRESENTATION_CONTEXT() REPRESENTATION_CONTEXT('2D SPACE',''
  ) );
#5413 = PCURVE('',#5414,#5419);
#5414 = PLANE('',#5415);
#5415 = AXIS2_PLACEMENT_3D('',#5416,#5417,#5418);
#5416 = CARTESIAN_POINT('',(27.,196.,304.));
#5417 = DIRECTION('',(-1.,-1.110223024625E-16,1.224646799147E-16));
#5418 = DIRECTION('',(-1.224646799147E-16,-1.359631073447E-32,-1.));
#5419 = DEFINITIONAL_REPRESENTATION('',(#5420),#5424);
#5420 = LINE('',#5421,#5422);
#5421 = CARTESIAN_POINT('',(-0.,0.));
#5422 = VECTOR('',#5423,1.);
#5423 = DIRECTION('',(1.,0.));
#5424 = ( GEOMETRIC_REPRESENTATION_CONTEXT(2) 
PARAMETRIC_REPRESENTATION_CONTEXT() REPRESENTATION_CONTEXT('2D SPACE',''
  ) );
#5425 = ORIENTED_EDGE('',*,*,#5426,.T.);
#5426 = EDGE_CURVE('',#5392,#5427,#5429,.T.);
#5427 = VERTEX_POINT('',#5428);
#5428 = CARTESIAN_POINT('',(13.,196.,304.));
#5429 = SURFACE_CURVE('',#5430,(#5434,#5441),.PCURVE_S1.);
#5430 = LINE('',#5431,#5432);
#5431 = CARTESIAN_POINT('',(27.,196.,304.));
#5432 = VECTOR('',#5433,1.);
#5433 = DIRECTION('',(-1.,-1.110223024625E-16,1.224646799147E-16));
#5434 = PCURVE('',#5402,#5435);
#5435 = DEFINITIONAL_REPRESENTATION('',(#5436),#5440);
#5436 = LINE('',#5437,#5438);
#5437 = CARTESIAN_POINT('',(-0.,0.));
#5438 = VECTOR('',#5439,1.);
#5439 = DIRECTION('',(0.,-1.));
#5440 = ( GEOMETRIC_REPRESENTATION_CONTEXT(2) 
PARAMETRIC_REPRESENTATION_CONTEXT() REPRESENTATION_CONTEXT('2D SPACE',''
  ) );
#5441 = PCURVE('',#5442,#5447);
#5442 = PLANE('',#5443);
#5443 = AXIS2_PLACEMENT_3D('',#5444,#5445,#5446);
#5444 = CARTESIAN_POINT('',(27.,196.,304.));
#5445 = DIRECTION('',(-1.224646799147E-16,-1.359631073447E-32,-1.));
#5446 = DIRECTION('',(1.110223024625E-16,-1.,0.));
#5447 = DEFINITIONAL_REPRESENTATION('',(#5448),#5452);
#5448 = LINE('',#5449,#5450);
#5449 = CARTESIAN_POINT('',(0.,0.));
#5450 = VECTOR('',#5451,1.);
#5451 = DIRECTION('',(0.,1.));
#5452 = ( GEOMETRIC_REPRESENTATION_CONTEXT(2) 
PARAMETRIC_REPRESENTATION_CONTEXT() REPRESENTATION_CONTEXT('2D SPACE',''
  ) );
#5453 = ORIENTED_EDGE('',*,*,#5454,.T.);
#5454 = EDGE_CURVE('',#5427,#5455,#5457,.T.);
#5455 = VERTEX_POINT('',#5456);
#5456 = CARTESIAN_POINT('',(13.,196.,298.));
#5457 = SURFACE_CURVE('',#5458,(#5462,#5469),.PCURVE_S1.);
#5458 = LINE('',#5459,#5460);
#5459 = CARTESIAN_POINT('',(13.,196.,304.));
#5460 = VECTOR('',#5461,1.);
#5461 = DIRECTION('',(-1.224646799147E-16,-1.359631073447E-32,-1.));
#5462 = PCURVE('',#5402,#5463);
#5463 = DEFINITIONAL_REPRESENTATION('',(#5464),#5468);
#5464 = LINE('',#5465,#5466);
#5465 = CARTESIAN_POINT('',(1.714505518806E-15,-14.));
#5466 = VECTOR('',#5467,1.);
#5467 = DIRECTION('',(1.,0.));
#5468 = ( GEOMETRIC_REPRESENTATION_CONTEXT(2) 
PARAMETRIC_REPRESENTATION_CONTEXT() REPRESENTATION_CONTEXT('2D SPACE',''
  ) );
#5469 = PCURVE('',#5470,#5475);
#5470 = PLANE('',#5471);
#5471 = AXIS2_PLACEMENT_3D('',#5472,#5473,#5474);
#5472 = CARTESIAN_POINT('',(13.,196.,304.));
#5473 = DIRECTION('',(-1.,-1.110223024625E-16,1.224646799147E-16));
#5474 = DIRECTION('',(-1.224646799147E-16,-1.359631073447E-32,-1.));
#5475 = DEFINITIONAL_REPRESENTATION('',(#5476),#5480);
#5476 = LINE('',#5477,#5478);
#5477 = CARTESIAN_POINT('',(-0.,0.));
#5478 = VECTOR('',#5479,1.);
#5479 = DIRECTION('',(1.,0.));
#5480 = ( GEOMETRIC_REPRESENTATION_CONTEXT(2) 
PARAMETRIC_REPRESENTATION_CONTEXT() REPRESENTATION_CONTEXT('2D SPACE',''
  ) );
#5481 = ORIENTED_EDGE('',*,*,#5482,.F.);
#5482 = EDGE_CURVE('',#5394,#5455,#5483,.T.);
#5483 = SURFACE_CURVE('',#5484,(#5488,#5495),.PCURVE_S1.);
#5484 = LINE('',#5485,#5486);
#5485 = CARTESIAN_POINT('',(27.,196.,298.));
#5486 = VECTOR('',#5487,1.);
#5487 = DIRECTION('',(-1.,-1.110223024625E-16,1.224646799147E-16));
#5488 = PCURVE('',#5402,#5489);
#5489 = DEFINITIONAL_REPRESENTATION('',(#5490),#5494);
#5490 = LINE('',#5491,#5492);
#5491 = CARTESIAN_POINT('',(6.,7.347880794884E-16));
#5492 = VECTOR('',#5493,1.);
#5493 = DIRECTION('',(0.,-1.));
#5494 = ( GEOMETRIC_REPRESENTATION_CONTEXT(2) 
PARAMETRIC_REPRESENTATION_CONTEXT() REPRESENTATION_CONTEXT('2D SPACE',''
  ) );
#5495 = PCURVE('',#5496,#5501);
#5496 = PLANE('',#5497);
#5497 = AXIS2_PLACEMENT_3D('',#5498,#5499,#5500);
#5498 = CARTESIAN_POINT('',(27.,196.,298.));
#5499 = DIRECTION('',(-1.224646799147E-16,-1.359631073447E-32,-1.));
#5500 = DIRECTION('',(1.110223024625E-16,-1.,0.));
#5501 = DEFINITIONAL_REPRESENTATION('',(#5502),#5506);
#5502 = LINE('',#5503,#5504);
#5503 = CARTESIAN_POINT('',(0.,0.));
#5504 = VECTOR('',#5505,1.);
#5505 = DIRECTION('',(0.,1.));
#5506 = ( GEOMETRIC_REPRESENTATION_CONTEXT(2) 
PARAMETRIC_REPRESENTATION_CONTEXT() REPRESENTATION_CONTEXT('2D SPACE',''
  ) );
#5507 = ADVANCED_FACE('',(#5508,#5583,#5618),#5442,.F.);
#5508 = FACE_BOUND('',#5509,.F.);
#5509 = EDGE_LOOP('',(#5510,#5511,#5534,#5562));
#5510 = ORIENTED_EDGE('',*,*,#5426,.F.);
#5511 = ORIENTED_EDGE('',*,*,#5512,.T.);
#5512 = EDGE_CURVE('',#5392,#5513,#5515,.T.);
#5513 = VERTEX_POINT('',#5514);
#5514 = CARTESIAN_POINT('',(27.,154.,304.));
#5515 = SURFACE_CURVE('',#5516,(#5520,#5527),.PCURVE_S1.);
#5516 = LINE('',#5517,#5518);
#5517 = CARTESIAN_POINT('',(27.,196.,304.));
#5518 = VECTOR('',#5519,1.);
#5519 = DIRECTION('',(1.110223024625E-16,-1.,0.));
#5520 = PCURVE('',#5442,#5521);
#5521 = DEFINITIONAL_REPRESENTATION('',(#5522),#5526);
#5522 = LINE('',#5523,#5524);
#5523 = CARTESIAN_POINT('',(0.,0.));
#5524 = VECTOR('',#5525,1.);
#5525 = DIRECTION('',(1.,0.));
#5526 = ( GEOMETRIC_REPRESENTATION_CONTEXT(2) 
PARAMETRIC_REPRESENTATION_CONTEXT() REPRESENTATION_CONTEXT('2D SPACE',''
  ) );
#5527 = PCURVE('',#5414,#5528);
#5528 = DEFINITIONAL_REPRESENTATION('',(#5529),#5533);
#5529 = LINE('',#5530,#5531);
#5530 = CARTESIAN_POINT('',(-0.,0.));
#5531 = VECTOR('',#5532,1.);
#5532 = DIRECTION('',(0.,1.));
#5533 = ( GEOMETRIC_REPRESENTATION_CONTEXT(2) 
PARAMETRIC_REPRESENTATION_CONTEXT() REPRESENTATION_CONTEXT('2D SPACE',''
  ) );
#5534 = ORIENTED_EDGE('',*,*,#5535,.T.);
#5535 = EDGE_CURVE('',#5513,#5536,#5538,.T.);
#5536 = VERTEX_POINT('',#5537);
#5537 = CARTESIAN_POINT('',(13.,154.,304.));
#5538 = SURFACE_CURVE('',#5539,(#5543,#5550),.PCURVE_S1.);
#5539 = LINE('',#5540,#5541);
#5540 = CARTESIAN_POINT('',(27.,154.,304.));
#5541 = VECTOR('',#5542,1.);
#5542 = DIRECTION('',(-1.,-1.110223024625E-16,1.224646799147E-16));
#5543 = PCURVE('',#5442,#5544);
#5544 = DEFINITIONAL_REPRESENTATION('',(#5545),#5549);
#5545 = LINE('',#5546,#5547);
#5546 = CARTESIAN_POINT('',(42.,-2.442490654175E-15));
#5547 = VECTOR('',#5548,1.);
#5548 = DIRECTION('',(0.,1.));
#5549 = ( GEOMETRIC_REPRESENTATION_CONTEXT(2) 
PARAMETRIC_REPRESENTATION_CONTEXT() REPRESENTATION_CONTEXT('2D SPACE',''
  ) );
#5550 = PCURVE('',#5551,#5556);
#5551 = PLANE('',#5552);
#5552 = AXIS2_PLACEMENT_3D('',#5553,#5554,#5555);
#5553 = CARTESIAN_POINT('',(27.,154.,304.));
#5554 = DIRECTION('',(1.110223024625E-16,-1.,0.));
#5555 = DIRECTION('',(-1.224646799147E-16,-1.359631073447E-32,-1.));
#5556 = DEFINITIONAL_REPRESENTATION('',(#5557),#5561);
#5557 = LINE('',#5558,#5559);
#5558 = CARTESIAN_POINT('',(-0.,0.));
#5559 = VECTOR('',#5560,1.);
#5560 = DIRECTION('',(0.,-1.));
#5561 = ( GEOMETRIC_REPRESENTATION_CONTEXT(2) 
PARAMETRIC_REPRESENTATION_CONTEXT() REPRESENTATION_CONTEXT('2D SPACE',''
  ) );
#5562 = ORIENTED_EDGE('',*,*,#5563,.F.);
#5563 = EDGE_CURVE('',#5427,#5536,#5564,.T.);
#5564 = SURFACE_CURVE('',#5565,(#5569,#5576),.PCURVE_S1.);
#5565 = LINE('',#5566,#5567);
#5566 = CARTESIAN_POINT('',(13.,196.,304.));
#5567 = VECTOR('',#5568,1.);
#5568 = DIRECTION('',(1.110223024625E-16,-1.,0.));
#5569 = PCURVE('',#5442,#5570);
#5570 = DEFINITIONAL_REPRESENTATION('',(#5571),#5575);
#5571 = LINE('',#5572,#5573);
#5572 = CARTESIAN_POINT('',(-1.554312234475E-15,14.));
#5573 = VECTOR('',#5574,1.);
#5574 = DIRECTION('',(1.,0.));
#5575 = ( GEOMETRIC_REPRESENTATION_CONTEXT(2) 
PARAMETRIC_REPRESENTATION_CONTEXT() REPRESENTATION_CONTEXT('2D SPACE',''
  ) );
#5576 = PCURVE('',#5470,#5577);
#5577 = DEFINITIONAL_REPRESENTATION('',(#5578),#5582);
#5578 = LINE('',#5579,#5580);
#5579 = CARTESIAN_POINT('',(-0.,0.));
#5580 = VECTOR('',#5581,1.);
#5581 = DIRECTION('',(0.,1.));
#5582 = ( GEOMETRIC_REPRESENTATION_CONTEXT(2) 
PARAMETRIC_REPRESENTATION_CONTEXT() REPRESENTATION_CONTEXT('2D SPACE',''
  ) );
#5583 = FACE_BOUND('',#5584,.F.);
#5584 = EDGE_LOOP('',(#5585));
#5585 = ORIENTED_EDGE('',*,*,#5586,.T.);
#5586 = EDGE_CURVE('',#5587,#5587,#5589,.T.);
#5587 = VERTEX_POINT('',#5588);
#5588 = CARTESIAN_POINT('',(20.,188.25,304.));
#5589 = SURFACE_CURVE('',#5590,(#5595,#5606),.PCURVE_S1.);
#5590 = CIRCLE('',#5591,2.75);
#5591 = AXIS2_PLACEMENT_3D('',#5592,#5593,#5594);
#5592 = CARTESIAN_POINT('',(20.,191.,304.));
#5593 = DIRECTION('',(1.224646799147E-16,1.359631073447E-32,1.));
#5594 = DIRECTION('',(1.110223024625E-16,-1.,0.));
#5595 = PCURVE('',#5442,#5596);
#5596 = DEFINITIONAL_REPRESENTATION('',(#5597),#5605);
#5597 = ( BOUNDED_CURVE() B_SPLINE_CURVE(2,(#5598,#5599,#5600,#5601,
#5602,#5603,#5604),.UNSPECIFIED.,.T.,.F.) B_SPLINE_CURVE_WITH_KNOTS((1,2
    ,2,2,2,1),(-2.094395102393,0.,2.094395102393,4.188790204786,
6.28318530718,8.377580409573),.UNSPECIFIED.) CURVE() 
GEOMETRIC_REPRESENTATION_ITEM() RATIONAL_B_SPLINE_CURVE((1.,0.5,1.,0.5,
1.,0.5,1.)) REPRESENTATION_ITEM('') );
#5598 = CARTESIAN_POINT('',(7.75,7.));
#5599 = CARTESIAN_POINT('',(7.75,2.236860279186));
#5600 = CARTESIAN_POINT('',(3.625,4.618430139593));
#5601 = CARTESIAN_POINT('',(-0.5,7.));
#5602 = CARTESIAN_POINT('',(3.625,9.381569860407));
#5603 = CARTESIAN_POINT('',(7.75,11.763139720814));
#5604 = CARTESIAN_POINT('',(7.75,7.));
#5605 = ( GEOMETRIC_REPRESENTATION_CONTEXT(2) 
PARAMETRIC_REPRESENTATION_CONTEXT() REPRESENTATION_CONTEXT('2D SPACE',''
  ) );
#5606 = PCURVE('',#5607,#5612);
#5607 = CYLINDRICAL_SURFACE('',#5608,2.75);
#5608 = AXIS2_PLACEMENT_3D('',#5609,#5610,#5611);
#5609 = CARTESIAN_POINT('',(20.,191.,305.));
#5610 = DIRECTION('',(1.224646799147E-16,1.359631073447E-32,1.));
#5611 = DIRECTION('',(1.110223024625E-16,-1.,0.));
#5612 = DEFINITIONAL_REPRESENTATION('',(#5613),#5617);
#5613 = LINE('',#5614,#5615);
#5614 = CARTESIAN_POINT('',(-6.28318530718,-1.));
#5615 = VECTOR('',#5616,1.);
#5616 = DIRECTION('',(1.,-0.));
#5617 = ( GEOMETRIC_REPRESENTATION_CONTEXT(2) 
PARAMETRIC_REPRESENTATION_CONTEXT() REPRESENTATION_CONTEXT('2D SPACE',''
  ) );
#5618 = FACE_BOUND('',#5619,.F.);
#5619 = EDGE_LOOP('',(#5620));
#5620 = ORIENTED_EDGE('',*,*,#5621,.T.);
#5621 = EDGE_CURVE('',#5622,#5622,#5624,.T.);
#5622 = VERTEX_POINT('',#5623);
#5623 = CARTESIAN_POINT('',(20.,156.25,304.));
#5624 = SURFACE_CURVE('',#5625,(#5630,#5641),.PCURVE_S1.);
#5625 = CIRCLE('',#5626,2.75);
#5626 = AXIS2_PLACEMENT_3D('',#5627,#5628,#5629);
#5627 = CARTESIAN_POINT('',(20.,159.,304.));
#5628 = DIRECTION('',(1.224646799147E-16,1.359631073447E-32,1.));
#5629 = DIRECTION('',(1.110223024625E-16,-1.,0.));
#5630 = PCURVE('',#5442,#5631);
#5631 = DEFINITIONAL_REPRESENTATION('',(#5632),#5640);
#5632 = ( BOUNDED_CURVE() B_SPLINE_CURVE(2,(#5633,#5634,#5635,#5636,
#5637,#5638,#5639),.UNSPECIFIED.,.T.,.F.) B_SPLINE_CURVE_WITH_KNOTS((1,2
    ,2,2,2,1),(-2.094395102393,0.,2.094395102393,4.188790204786,
6.28318530718,8.377580409573),.UNSPECIFIED.) CURVE() 
GEOMETRIC_REPRESENTATION_ITEM() RATIONAL_B_SPLINE_CURVE((1.,0.5,1.,0.5,
1.,0.5,1.)) REPRESENTATION_ITEM('') );
#5633 = CARTESIAN_POINT('',(39.75,7.));
#5634 = CARTESIAN_POINT('',(39.75,2.236860279186));
#5635 = CARTESIAN_POINT('',(35.625,4.618430139593));
#5636 = CARTESIAN_POINT('',(31.5,7.));
#5637 = CARTESIAN_POINT('',(35.625,9.381569860407));
#5638 = CARTESIAN_POINT('',(39.75,11.763139720814));
#5639 = CARTESIAN_POINT('',(39.75,7.));
#5640 = ( GEOMETRIC_REPRESENTATION_CONTEXT(2) 
PARAMETRIC_REPRESENTATION_CONTEXT() REPRESENTATION_CONTEXT('2D SPACE',''
  ) );
#5641 = PCURVE('',#5642,#5647);
#5642 = CYLINDRICAL_SURFACE('',#5643,2.75);
#5643 = AXIS2_PLACEMENT_3D('',#5644,#5645,#5646);
#5644 = CARTESIAN_POINT('',(20.,159.,305.));
#5645 = DIRECTION('',(1.224646799147E-16,1.359631073447E-32,1.));
#5646 = DIRECTION('',(1.110223024625E-16,-1.,0.));
#5647 = DEFINITIONAL_REPRESENTATION('',(#5648),#5652);
#5648 = LINE('',#5649,#5650);
#5649 = CARTESIAN_POINT('',(-6.28318530718,-1.));
#5650 = VECTOR('',#5651,1.);
#5651 = DIRECTION('',(1.,-0.));
#5652 = ( GEOMETRIC_REPRESENTATION_CONTEXT(2) 
PARAMETRIC_REPRESENTATION_CONTEXT() REPRESENTATION_CONTEXT('2D SPACE',''
  ) );
#5653 = ADVANCED_FACE('',(#5654),#5642,.F.);
#5654 = FACE_BOUND('',#5655,.T.);
#5655 = EDGE_LOOP('',(#5656,#5657,#5680,#5711));
#5656 = ORIENTED_EDGE('',*,*,#5621,.T.);
#5657 = ORIENTED_EDGE('',*,*,#5658,.T.);
#5658 = EDGE_CURVE('',#5622,#5659,#5661,.T.);
#5659 = VERTEX_POINT('',#5660);
#5660 = CARTESIAN_POINT('',(20.,156.25,298.));
#5661 = SEAM_CURVE('',#5662,(#5666,#5673),.PCURVE_S1.);
#5662 = LINE('',#5663,#5664);
#5663 = CARTESIAN_POINT('',(20.,156.25,305.));
#5664 = VECTOR('',#5665,1.);
#5665 = DIRECTION('',(-1.224646799147E-16,-1.359631073447E-32,-1.));
#5666 = PCURVE('',#5642,#5667);
#5667 = DEFINITIONAL_REPRESENTATION('',(#5668),#5672);
#5668 = LINE('',#5669,#5670);
#5669 = CARTESIAN_POINT('',(-6.28318530718,0.));
#5670 = VECTOR('',#5671,1.);
#5671 = DIRECTION('',(-0.,-1.));
#5672 = ( GEOMETRIC_REPRESENTATION_CONTEXT(2) 
PARAMETRIC_REPRESENTATION_CONTEXT() REPRESENTATION_CONTEXT('2D SPACE',''
  ) );
#5673 = PCURVE('',#5642,#5674);
#5674 = DEFINITIONAL_REPRESENTATION('',(#5675),#5679);
#5675 = LINE('',#5676,#5677);
#5676 = CARTESIAN_POINT('',(-0.,0.));
#5677 = VECTOR('',#5678,1.);
#5678 = DIRECTION('',(-0.,-1.));
#5679 = ( GEOMETRIC_REPRESENTATION_CONTEXT(2) 
PARAMETRIC_REPRESENTATION_CONTEXT() REPRESENTATION_CONTEXT('2D SPACE',''
  ) );
#5680 = ORIENTED_EDGE('',*,*,#5681,.F.);
#5681 = EDGE_CURVE('',#5659,#5659,#5682,.T.);
#5682 = SURFACE_CURVE('',#5683,(#5688,#5695),.PCURVE_S1.);
#5683 = CIRCLE('',#5684,2.75);
#5684 = AXIS2_PLACEMENT_3D('',#5685,#5686,#5687);
#5685 = CARTESIAN_POINT('',(20.,159.,298.));
#5686 = DIRECTION('',(1.224646799147E-16,1.359631073447E-32,1.));
#5687 = DIRECTION('',(1.110223024625E-16,-1.,0.));
#5688 = PCURVE('',#5642,#5689);
#5689 = DEFINITIONAL_REPRESENTATION('',(#5690),#5694);
#5690 = LINE('',#5691,#5692);
#5691 = CARTESIAN_POINT('',(-6.28318530718,-7.));
#5692 = VECTOR('',#5693,1.);
#5693 = DIRECTION('',(1.,-0.));
#5694 = ( GEOMETRIC_REPRESENTATION_CONTEXT(2) 
PARAMETRIC_REPRESENTATION_CONTEXT() REPRESENTATION_CONTEXT('2D SPACE',''
  ) );
#5695 = PCURVE('',#5696,#5701);
#5696 = PLANE('',#5697);
#5697 = AXIS2_PLACEMENT_3D('',#5698,#5699,#5700);
#5698 = CARTESIAN_POINT('',(27.,196.,298.));
#5699 = DIRECTION('',(-1.224646799147E-16,-1.359631073447E-32,-1.));
#5700 = DIRECTION('',(1.110223024625E-16,-1.,0.));
#5701 = DEFINITIONAL_REPRESENTATION('',(#5702),#5710);
#5702 = ( BOUNDED_CURVE() B_SPLINE_CURVE(2,(#5703,#5704,#5705,#5706,
#5707,#5708,#5709),.UNSPECIFIED.,.T.,.F.) B_SPLINE_CURVE_WITH_KNOTS((1,2
    ,2,2,2,1),(-2.094395102393,0.,2.094395102393,4.188790204786,
6.28318530718,8.377580409573),.UNSPECIFIED.) CURVE() 
GEOMETRIC_REPRESENTATION_ITEM() RATIONAL_B_SPLINE_CURVE((1.,0.5,1.,0.5,
1.,0.5,1.)) REPRESENTATION_ITEM('') );
#5703 = CARTESIAN_POINT('',(39.75,7.));
#5704 = CARTESIAN_POINT('',(39.75,2.236860279186));
#5705 = CARTESIAN_POINT('',(35.625,4.618430139593));
#5706 = CARTESIAN_POINT('',(31.5,7.));
#5707 = CARTESIAN_POINT('',(35.625,9.381569860407));
#5708 = CARTESIAN_POINT('',(39.75,11.763139720814));
#5709 = CARTESIAN_POINT('',(39.75,7.));
#5710 = ( GEOMETRIC_REPRESENTATION_CONTEXT(2) 
PARAMETRIC_REPRESENTATION_CONTEXT() REPRESENTATION_CONTEXT('2D SPACE',''
  ) );
#5711 = ORIENTED_EDGE('',*,*,#5658,.F.);
#5712 = ADVANCED_FACE('',(#5713,#5812),#5696,.T.);
#5713 = FACE_BOUND('',#5714,.T.);
#5714 = EDGE_LOOP('',(#5715,#5740,#5768,#5791));
#5715 = ORIENTED_EDGE('',*,*,#5716,.F.);
#5716 = EDGE_CURVE('',#5717,#5719,#5721,.T.);
#5717 = VERTEX_POINT('',#5718);
#5718 = CARTESIAN_POINT('',(13.,165.,298.));
#5719 = VERTEX_POINT('',#5720);
#5720 = CARTESIAN_POINT('',(13.,154.,298.));
#5721 = SURFACE_CURVE('',#5722,(#5726,#5733),.PCURVE_S1.);
#5722 = LINE('',#5723,#5724);
#5723 = CARTESIAN_POINT('',(13.,196.,298.));
#5724 = VECTOR('',#5725,1.);
#5725 = DIRECTION('',(1.110223024625E-16,-1.,0.));
#5726 = PCURVE('',#5696,#5727);
#5727 = DEFINITIONAL_REPRESENTATION('',(#5728),#5732);
#5728 = LINE('',#5729,#5730);
#5729 = CARTESIAN_POINT('',(-1.554312234475E-15,14.));
#5730 = VECTOR('',#5731,1.);
#5731 = DIRECTION('',(1.,0.));
#5732 = ( GEOMETRIC_REPRESENTATION_CONTEXT(2) 
PARAMETRIC_REPRESENTATION_CONTEXT() REPRESENTATION_CONTEXT('2D SPACE',''
  ) );
#5733 = PCURVE('',#5470,#5734);
#5734 = DEFINITIONAL_REPRESENTATION('',(#5735),#5739);
#5735 = LINE('',#5736,#5737);
#5736 = CARTESIAN_POINT('',(6.,0.));
#5737 = VECTOR('',#5738,1.);
#5738 = DIRECTION('',(0.,1.));
#5739 = ( GEOMETRIC_REPRESENTATION_CONTEXT(2) 
PARAMETRIC_REPRESENTATION_CONTEXT() REPRESENTATION_CONTEXT('2D SPACE',''
  ) );
#5740 = ORIENTED_EDGE('',*,*,#5741,.F.);
#5741 = EDGE_CURVE('',#5742,#5717,#5744,.T.);
#5742 = VERTEX_POINT('',#5743);
#5743 = CARTESIAN_POINT('',(27.,165.,298.));
#5744 = SURFACE_CURVE('',#5745,(#5749,#5756),.PCURVE_S1.);
#5745 = LINE('',#5746,#5747);
#5746 = CARTESIAN_POINT('',(27.,165.,298.));
#5747 = VECTOR('',#5748,1.);
#5748 = DIRECTION('',(-1.,-1.110223024625E-16,1.224646799147E-16));
#5749 = PCURVE('',#5696,#5750);
#5750 = DEFINITIONAL_REPRESENTATION('',(#5751),#5755);
#5751 = LINE('',#5752,#5753);
#5752 = CARTESIAN_POINT('',(31.,-1.110223024625E-16));
#5753 = VECTOR('',#5754,1.);
#5754 = DIRECTION('',(0.,1.));
#5755 = ( GEOMETRIC_REPRESENTATION_CONTEXT(2) 
PARAMETRIC_REPRESENTATION_CONTEXT() REPRESENTATION_CONTEXT('2D SPACE',''
  ) );
#5756 = PCURVE('',#5757,#5762);
#5757 = PLANE('',#5758);
#5758 = AXIS2_PLACEMENT_3D('',#5759,#5760,#5761);
#5759 = CARTESIAN_POINT('',(27.,165.,298.));
#5760 = DIRECTION('',(1.110223024625E-16,-1.,0.));
#5761 = DIRECTION('',(-1.224646799147E-16,-1.359631073447E-32,-1.));
#5762 = DEFINITIONAL_REPRESENTATION('',(#5763),#5767);
#5763 = LINE('',#5764,#5765);
#5764 = CARTESIAN_POINT('',(-0.,0.));
#5765 = VECTOR('',#5766,1.);
#5766 = DIRECTION('',(0.,-1.));
#5767 = ( GEOMETRIC_REPRESENTATION_CONTEXT(2) 
PARAMETRIC_REPRESENTATION_CONTEXT() REPRESENTATION_CONTEXT('2D SPACE',''
  ) );
#5768 = ORIENTED_EDGE('',*,*,#5769,.T.);
#5769 = EDGE_CURVE('',#5742,#5770,#5772,.T.);
#5770 = VERTEX_POINT('',#5771);
#5771 = CARTESIAN_POINT('',(27.,154.,298.));
#5772 = SURFACE_CURVE('',#5773,(#5777,#5784),.PCURVE_S1.);
#5773 = LINE('',#5774,#5775);
#5774 = CARTESIAN_POINT('',(27.,196.,298.));
#5775 = VECTOR('',#5776,1.);
#5776 = DIRECTION('',(1.110223024625E-16,-1.,0.));
#5777 = PCURVE('',#5696,#5778);
#5778 = DEFINITIONAL_REPRESENTATION('',(#5779),#5783);
#5779 = LINE('',#5780,#5781);
#5780 = CARTESIAN_POINT('',(0.,0.));
#5781 = VECTOR('',#5782,1.);
#5782 = DIRECTION('',(1.,0.));
#5783 = ( GEOMETRIC_REPRESENTATION_CONTEXT(2) 
PARAMETRIC_REPRESENTATION_CONTEXT() REPRESENTATION_CONTEXT('2D SPACE',''
  ) );
#5784 = PCURVE('',#5414,#5785);
#5785 = DEFINITIONAL_REPRESENTATION('',(#5786),#5790);
#5786 = LINE('',#5787,#5788);
#5787 = CARTESIAN_POINT('',(6.,0.));
#5788 = VECTOR('',#5789,1.);
#5789 = DIRECTION('',(0.,1.));
#5790 = ( GEOMETRIC_REPRESENTATION_CONTEXT(2) 
PARAMETRIC_REPRESENTATION_CONTEXT() REPRESENTATION_CONTEXT('2D SPACE',''
  ) );
#5791 = ORIENTED_EDGE('',*,*,#5792,.T.);
#5792 = EDGE_CURVE('',#5770,#5719,#5793,.T.);
#5793 = SURFACE_CURVE('',#5794,(#5798,#5805),.PCURVE_S1.);
#5794 = LINE('',#5795,#5796);
#5795 = CARTESIAN_POINT('',(27.,154.,298.));
#5796 = VECTOR('',#5797,1.);
#5797 = DIRECTION('',(-1.,-1.110223024625E-16,1.224646799147E-16));
#5798 = PCURVE('',#5696,#5799);
#5799 = DEFINITIONAL_REPRESENTATION('',(#5800),#5804);
#5800 = LINE('',#5801,#5802);
#5801 = CARTESIAN_POINT('',(42.,-2.442490654175E-15));
#5802 = VECTOR('',#5803,1.);
#5803 = DIRECTION('',(0.,1.));
#5804 = ( GEOMETRIC_REPRESENTATION_CONTEXT(2) 
PARAMETRIC_REPRESENTATION_CONTEXT() REPRESENTATION_CONTEXT('2D SPACE',''
  ) );
#5805 = PCURVE('',#5551,#5806);
#5806 = DEFINITIONAL_REPRESENTATION('',(#5807),#5811);
#5807 = LINE('',#5808,#5809);
#5808 = CARTESIAN_POINT('',(6.,7.347880794884E-16));
#5809 = VECTOR('',#5810,1.);
#5810 = DIRECTION('',(0.,-1.));
#5811 = ( GEOMETRIC_REPRESENTATION_CONTEXT(2) 
PARAMETRIC_REPRESENTATION_CONTEXT() REPRESENTATION_CONTEXT('2D SPACE',''
  ) );
#5812 = FACE_BOUND('',#5813,.T.);
#5813 = EDGE_LOOP('',(#5814));
#5814 = ORIENTED_EDGE('',*,*,#5681,.T.);
#5815 = ADVANCED_FACE('',(#5816),#5757,.T.);
#5816 = FACE_BOUND('',#5817,.T.);
#5817 = EDGE_LOOP('',(#5818,#5841,#5842,#5865));
#5818 = ORIENTED_EDGE('',*,*,#5819,.F.);
#5819 = EDGE_CURVE('',#5742,#5820,#5822,.T.);
#5820 = VERTEX_POINT('',#5821);
#5821 = CARTESIAN_POINT('',(27.,165.,266.5));
#5822 = SURFACE_CURVE('',#5823,(#5827,#5834),.PCURVE_S1.);
#5823 = LINE('',#5824,#5825);
#5824 = CARTESIAN_POINT('',(27.,165.,298.));
#5825 = VECTOR('',#5826,1.);
#5826 = DIRECTION('',(-1.224646799147E-16,-1.359631073447E-32,-1.));
#5827 = PCURVE('',#5757,#5828);
#5828 = DEFINITIONAL_REPRESENTATION('',(#5829),#5833);
#5829 = LINE('',#5830,#5831);
#5830 = CARTESIAN_POINT('',(-0.,0.));
#5831 = VECTOR('',#5832,1.);
#5832 = DIRECTION('',(1.,0.));
#5833 = ( GEOMETRIC_REPRESENTATION_CONTEXT(2) 
PARAMETRIC_REPRESENTATION_CONTEXT() REPRESENTATION_CONTEXT('2D SPACE',''
  ) );
#5834 = PCURVE('',#5414,#5835);
#5835 = DEFINITIONAL_REPRESENTATION('',(#5836),#5840);
#5836 = LINE('',#5837,#5838);
#5837 = CARTESIAN_POINT('',(6.,31.));
#5838 = VECTOR('',#5839,1.);
#5839 = DIRECTION('',(1.,0.));
#5840 = ( GEOMETRIC_REPRESENTATION_CONTEXT(2) 
PARAMETRIC_REPRESENTATION_CONTEXT() REPRESENTATION_CONTEXT('2D SPACE',''
  ) );
#5841 = ORIENTED_EDGE('',*,*,#5741,.T.);
#5842 = ORIENTED_EDGE('',*,*,#5843,.T.);
#5843 = EDGE_CURVE('',#5717,#5844,#5846,.T.);
#5844 = VERTEX_POINT('',#5845);
#5845 = CARTESIAN_POINT('',(13.,165.,266.5));
#5846 = SURFACE_CURVE('',#5847,(#5851,#5858),.PCURVE_S1.);
#5847 = LINE('',#5848,#5849);
#5848 = CARTESIAN_POINT('',(13.,165.,298.));
#5849 = VECTOR('',#5850,1.);
#5850 = DIRECTION('',(-1.224646799147E-16,-1.359631073447E-32,-1.));
#5851 = PCURVE('',#5757,#5852);
#5852 = DEFINITIONAL_REPRESENTATION('',(#5853),#5857);
#5853 = LINE('',#5854,#5855);
#5854 = CARTESIAN_POINT('',(1.714505518806E-15,-14.));
#5855 = VECTOR('',#5856,1.);
#5856 = DIRECTION('',(1.,0.));
#5857 = ( GEOMETRIC_REPRESENTATION_CONTEXT(2) 
PARAMETRIC_REPRESENTATION_CONTEXT() REPRESENTATION_CONTEXT('2D SPACE',''
  ) );
#5858 = PCURVE('',#5470,#5859);
#5859 = DEFINITIONAL_REPRESENTATION('',(#5860),#5864);
#5860 = LINE('',#5861,#5862);
#5861 = CARTESIAN_POINT('',(6.,31.));
#5862 = VECTOR('',#5863,1.);
#5863 = DIRECTION('',(1.,0.));
#5864 = ( GEOMETRIC_REPRESENTATION_CONTEXT(2) 
PARAMETRIC_REPRESENTATION_CONTEXT() REPRESENTATION_CONTEXT('2D SPACE',''
  ) );
#5865 = ORIENTED_EDGE('',*,*,#5866,.F.);
#5866 = EDGE_CURVE('',#5820,#5844,#5867,.T.);
#5867 = SURFACE_CURVE('',#5868,(#5872,#5879),.PCURVE_S1.);
#5868 = LINE('',#5869,#5870);
#5869 = CARTESIAN_POINT('',(27.,165.,266.5));
#5870 = VECTOR('',#5871,1.);
#5871 = DIRECTION('',(-1.,-1.110223024625E-16,1.224646799147E-16));
#5872 = PCURVE('',#5757,#5873);
#5873 = DEFINITIONAL_REPRESENTATION('',(#5874),#5878);
#5874 = LINE('',#5875,#5876);
#5875 = CARTESIAN_POINT('',(31.5,3.049237385137E-16));
#5876 = VECTOR('',#5877,1.);
#5877 = DIRECTION('',(0.,-1.));
#5878 = ( GEOMETRIC_REPRESENTATION_CONTEXT(2) 
PARAMETRIC_REPRESENTATION_CONTEXT() REPRESENTATION_CONTEXT('2D SPACE',''
  ) );
#5879 = PCURVE('',#5880,#5885);
#5880 = PLANE('',#5881);
#5881 = AXIS2_PLACEMENT_3D('',#5882,#5883,#5884);
#5882 = CARTESIAN_POINT('',(27.,185.,266.5));
#5883 = DIRECTION('',(-1.224646799147E-16,-1.359631073447E-32,-1.));
#5884 = DIRECTION('',(1.110223024625E-16,-1.,0.));
#5885 = DEFINITIONAL_REPRESENTATION('',(#5886),#5890);
#5886 = LINE('',#5887,#5888);
#5887 = CARTESIAN_POINT('',(20.,2.22044604925E-15));
#5888 = VECTOR('',#5889,1.);
#5889 = DIRECTION('',(0.,1.));
#5890 = ( GEOMETRIC_REPRESENTATION_CONTEXT(2) 
PARAMETRIC_REPRESENTATION_CONTEXT() REPRESENTATION_CONTEXT('2D SPACE',''
  ) );
#5891 = ADVANCED_FACE('',(#5892),#5880,.T.);
#5892 = FACE_BOUND('',#5893,.T.);
#5893 = EDGE_LOOP('',(#5894,#5917,#5945,#5966));
#5894 = ORIENTED_EDGE('',*,*,#5895,.F.);
#5895 = EDGE_CURVE('',#5896,#5844,#5898,.T.);
#5896 = VERTEX_POINT('',#5897);
#5897 = CARTESIAN_POINT('',(13.,174.5,266.5));
#5898 = SURFACE_CURVE('',#5899,(#5903,#5910),.PCURVE_S1.);
#5899 = LINE('',#5900,#5901);
#5900 = CARTESIAN_POINT('',(13.,185.,266.5));
#5901 = VECTOR('',#5902,1.);
#5902 = DIRECTION('',(1.110223024625E-16,-1.,0.));
#5903 = PCURVE('',#5880,#5904);
#5904 = DEFINITIONAL_REPRESENTATION('',(#5905),#5909);
#5905 = LINE('',#5906,#5907);
#5906 = CARTESIAN_POINT('',(-1.554312234475E-15,14.));
#5907 = VECTOR('',#5908,1.);
#5908 = DIRECTION('',(1.,0.));
#5909 = ( GEOMETRIC_REPRESENTATION_CONTEXT(2) 
PARAMETRIC_REPRESENTATION_CONTEXT() REPRESENTATION_CONTEXT('2D SPACE',''
  ) );
#5910 = PCURVE('',#5470,#5911);
#5911 = DEFINITIONAL_REPRESENTATION('',(#5912),#5916);
#5912 = LINE('',#5913,#5914);
#5913 = CARTESIAN_POINT('',(37.5,11.));
#5914 = VECTOR('',#5915,1.);
#5915 = DIRECTION('',(0.,1.));
#5916 = ( GEOMETRIC_REPRESENTATION_CONTEXT(2) 
PARAMETRIC_REPRESENTATION_CONTEXT() REPRESENTATION_CONTEXT('2D SPACE',''
  ) );
#5917 = ORIENTED_EDGE('',*,*,#5918,.F.);
#5918 = EDGE_CURVE('',#5919,#5896,#5921,.T.);
#5919 = VERTEX_POINT('',#5920);
#5920 = CARTESIAN_POINT('',(27.,174.5,266.5));
#5921 = SURFACE_CURVE('',#5922,(#5926,#5933),.PCURVE_S1.);
#5922 = LINE('',#5923,#5924);
#5923 = CARTESIAN_POINT('',(27.5,174.5,266.5));
#5924 = VECTOR('',#5925,1.);
#5925 = DIRECTION('',(-1.,-1.110223024625E-16,1.224646799147E-16));
#5926 = PCURVE('',#5880,#5927);
#5927 = DEFINITIONAL_REPRESENTATION('',(#5928),#5932);
#5928 = LINE('',#5929,#5930);
#5929 = CARTESIAN_POINT('',(10.5,-0.5));
#5930 = VECTOR('',#5931,1.);
#5931 = DIRECTION('',(0.,1.));
#5932 = ( GEOMETRIC_REPRESENTATION_CONTEXT(2) 
PARAMETRIC_REPRESENTATION_CONTEXT() REPRESENTATION_CONTEXT('2D SPACE',''
  ) );
#5933 = PCURVE('',#5934,#5939);
#5934 = PLANE('',#5935);
#5935 = AXIS2_PLACEMENT_3D('',#5936,#5937,#5938);
#5936 = CARTESIAN_POINT('',(28.,174.5,281.));
#5937 = DIRECTION('',(1.110223024625E-16,-1.,0.));
#5938 = DIRECTION('',(-1.224646799147E-16,-1.359631073447E-32,-1.));
#5939 = DEFINITIONAL_REPRESENTATION('',(#5940),#5944);
#5940 = LINE('',#5941,#5942);
#5941 = CARTESIAN_POINT('',(14.5,-0.5));
#5942 = VECTOR('',#5943,1.);
#5943 = DIRECTION('',(0.,-1.));
#5944 = ( GEOMETRIC_REPRESENTATION_CONTEXT(2) 
PARAMETRIC_REPRESENTATION_CONTEXT() REPRESENTATION_CONTEXT('2D SPACE',''
  ) );
#5945 = ORIENTED_EDGE('',*,*,#5946,.T.);
#5946 = EDGE_CURVE('',#5919,#5820,#5947,.T.);
#5947 = SURFACE_CURVE('',#5948,(#5952,#5959),.PCURVE_S1.);
#5948 = LINE('',#5949,#5950);
#5949 = CARTESIAN_POINT('',(27.,185.,266.5));
#5950 = VECTOR('',#5951,1.);
#5951 = DIRECTION('',(1.110223024625E-16,-1.,0.));
#5952 = PCURVE('',#5880,#5953);
#5953 = DEFINITIONAL_REPRESENTATION('',(#5954),#5958);
#5954 = LINE('',#5955,#5956);
#5955 = CARTESIAN_POINT('',(0.,0.));
#5956 = VECTOR('',#5957,1.);
#5957 = DIRECTION('',(1.,0.));
#5958 = ( GEOMETRIC_REPRESENTATION_CONTEXT(2) 
PARAMETRIC_REPRESENTATION_CONTEXT() REPRESENTATION_CONTEXT('2D SPACE',''
  ) );
#5959 = PCURVE('',#5414,#5960);
#5960 = DEFINITIONAL_REPRESENTATION('',(#5961),#5965);
#5961 = LINE('',#5962,#5963);
#5962 = CARTESIAN_POINT('',(37.5,11.));
#5963 = VECTOR('',#5964,1.);
#5964 = DIRECTION('',(0.,1.));
#5965 = ( GEOMETRIC_REPRESENTATION_CONTEXT(2) 
PARAMETRIC_REPRESENTATION_CONTEXT() REPRESENTATION_CONTEXT('2D SPACE',''
  ) );
#5966 = ORIENTED_EDGE('',*,*,#5866,.T.);
#5967 = ADVANCED_FACE('',(#5968),#5934,.F.);
#5968 = FACE_BOUND('',#5969,.F.);
#5969 = EDGE_LOOP('',(#5970,#5971,#5994,#6022));
#5970 = ORIENTED_EDGE('',*,*,#5918,.F.);
#5971 = ORIENTED_EDGE('',*,*,#5972,.T.);
#5972 = EDGE_CURVE('',#5919,#5973,#5975,.T.);
#5973 = VERTEX_POINT('',#5974);
#5974 = CARTESIAN_POINT('',(27.,174.5,275.02086962844));
#5975 = SURFACE_CURVE('',#5976,(#5980,#5987),.PCURVE_S1.);
#5976 = LINE('',#5977,#5978);
#5977 = CARTESIAN_POINT('',(27.,174.5,289.5));
#5978 = VECTOR('',#5979,1.);
#5979 = DIRECTION('',(1.224646799147E-16,1.359631073447E-32,1.));
#5980 = PCURVE('',#5934,#5981);
#5981 = DEFINITIONAL_REPRESENTATION('',(#5982),#5986);
#5982 = LINE('',#5983,#5984);
#5983 = CARTESIAN_POINT('',(-8.5,-1.));
#5984 = VECTOR('',#5985,1.);
#5985 = DIRECTION('',(-1.,0.));
#5986 = ( GEOMETRIC_REPRESENTATION_CONTEXT(2) 
PARAMETRIC_REPRESENTATION_CONTEXT() REPRESENTATION_CONTEXT('2D SPACE',''
  ) );
#5987 = PCURVE('',#5414,#5988);
#5988 = DEFINITIONAL_REPRESENTATION('',(#5989),#5993);
#5989 = LINE('',#5990,#5991);
#5990 = CARTESIAN_POINT('',(14.5,21.5));
#5991 = VECTOR('',#5992,1.);
#5992 = DIRECTION('',(-1.,0.));
#5993 = ( GEOMETRIC_REPRESENTATION_CONTEXT(2) 
PARAMETRIC_REPRESENTATION_CONTEXT() REPRESENTATION_CONTEXT('2D SPACE',''
  ) );
#5994 = ORIENTED_EDGE('',*,*,#5995,.F.);
#5995 = EDGE_CURVE('',#5996,#5973,#5998,.T.);
#5996 = VERTEX_POINT('',#5997);
#5997 = CARTESIAN_POINT('',(13.,174.5,275.02086962844));
#5998 = SURFACE_CURVE('',#5999,(#6003,#6010),.PCURVE_S1.);
#5999 = LINE('',#6000,#6001);
#6000 = CARTESIAN_POINT('',(28.,174.5,275.02086962844));
#6001 = VECTOR('',#6002,1.);
#6002 = DIRECTION('',(1.,1.110223024625E-16,-1.144237745222E-17));
#6003 = PCURVE('',#5934,#6004);
#6004 = DEFINITIONAL_REPRESENTATION('',(#6005),#6009);
#6005 = LINE('',#6006,#6007);
#6006 = CARTESIAN_POINT('',(5.979130371551,7.322322871204E-16));
#6007 = VECTOR('',#6008,1.);
#6008 = DIRECTION('',(-1.110223024625E-16,1.));
#6009 = ( GEOMETRIC_REPRESENTATION_CONTEXT(2) 
PARAMETRIC_REPRESENTATION_CONTEXT() REPRESENTATION_CONTEXT('2D SPACE',''
  ) );
#6010 = PCURVE('',#6011,#6016);
#6011 = CYLINDRICAL_SURFACE('',#6012,6.);
#6012 = AXIS2_PLACEMENT_3D('',#6013,#6014,#6015);
#6013 = CARTESIAN_POINT('',(28.,175.,281.));
#6014 = DIRECTION('',(1.,1.110223024625E-16,-1.144237745222E-17));
#6015 = DIRECTION('',(1.110223024625E-16,-1.,0.));
#6016 = DEFINITIONAL_REPRESENTATION('',(#6017),#6021);
#6017 = LINE('',#6018,#6019);
#6018 = CARTESIAN_POINT('',(-4.795819066995,-6.638168205731E-16));
#6019 = VECTOR('',#6020,1.);
#6020 = DIRECTION('',(-0.,1.));
#6021 = ( GEOMETRIC_REPRESENTATION_CONTEXT(2) 
PARAMETRIC_REPRESENTATION_CONTEXT() REPRESENTATION_CONTEXT('2D SPACE',''
  ) );
#6022 = ORIENTED_EDGE('',*,*,#6023,.F.);
#6023 = EDGE_CURVE('',#5896,#5996,#6024,.T.);
#6024 = SURFACE_CURVE('',#6025,(#6029,#6036),.PCURVE_S1.);
#6025 = LINE('',#6026,#6027);
#6026 = CARTESIAN_POINT('',(13.,174.5,289.5));
#6027 = VECTOR('',#6028,1.);
#6028 = DIRECTION('',(1.224646799147E-16,1.359631073447E-32,1.));
#6029 = PCURVE('',#5934,#6030);
#6030 = DEFINITIONAL_REPRESENTATION('',(#6031),#6035);
#6031 = LINE('',#6032,#6033);
#6032 = CARTESIAN_POINT('',(-8.5,-15.));
#6033 = VECTOR('',#6034,1.);
#6034 = DIRECTION('',(-1.,0.));
#6035 = ( GEOMETRIC_REPRESENTATION_CONTEXT(2) 
PARAMETRIC_REPRESENTATION_CONTEXT() REPRESENTATION_CONTEXT('2D SPACE',''
  ) );
#6036 = PCURVE('',#5470,#6037);
#6037 = DEFINITIONAL_REPRESENTATION('',(#6038),#6042);
#6038 = LINE('',#6039,#6040);
#6039 = CARTESIAN_POINT('',(14.5,21.5));
#6040 = VECTOR('',#6041,1.);
#6041 = DIRECTION('',(-1.,0.));
#6042 = ( GEOMETRIC_REPRESENTATION_CONTEXT(2) 
PARAMETRIC_REPRESENTATION_CONTEXT() REPRESENTATION_CONTEXT('2D SPACE',''
  ) );
#6043 = ADVANCED_FACE('',(#6044),#6011,.F.);
#6044 = FACE_BOUND('',#6045,.T.);
#6045 = EDGE_LOOP('',(#6046,#6074,#6102,#6124));
#6046 = ORIENTED_EDGE('',*,*,#6047,.F.);
#6047 = EDGE_CURVE('',#6048,#5996,#6050,.T.);
#6048 = VERTEX_POINT('',#6049);
#6049 = CARTESIAN_POINT('',(13.,175.5,275.02086962844));
#6050 = SURFACE_CURVE('',#6051,(#6056,#6063),.PCURVE_S1.);
#6051 = CIRCLE('',#6052,6.);
#6052 = AXIS2_PLACEMENT_3D('',#6053,#6054,#6055);
#6053 = CARTESIAN_POINT('',(13.,175.,281.));
#6054 = DIRECTION('',(1.,1.634257767295E-16,3.046394013749E-17));
#6055 = DIRECTION('',(1.673916355807E-17,8.333333333333E-02,
    -0.996521728592));
#6056 = PCURVE('',#6011,#6057);
#6057 = DEFINITIONAL_REPRESENTATION('',(#6058),#6062);
#6058 = LINE('',#6059,#6060);
#6059 = CARTESIAN_POINT('',(-10.91214420095,-15.));
#6060 = VECTOR('',#6061,1.);
#6061 = DIRECTION('',(1.,-0.));
#6062 = ( GEOMETRIC_REPRESENTATION_CONTEXT(2) 
PARAMETRIC_REPRESENTATION_CONTEXT() REPRESENTATION_CONTEXT('2D SPACE',''
  ) );
#6063 = PCURVE('',#5470,#6064);
#6064 = DEFINITIONAL_REPRESENTATION('',(#6065),#6073);
#6065 = ( BOUNDED_CURVE() B_SPLINE_CURVE(2,(#6066,#6067,#6068,#6069,
#6070,#6071,#6072),.UNSPECIFIED.,.T.,.F.) B_SPLINE_CURVE_WITH_KNOTS((1,2
    ,2,2,2,1),(-2.094395102393,0.,2.094395102393,4.188790204786,
6.28318530718,8.377580409573),.UNSPECIFIED.) CURVE() 
GEOMETRIC_REPRESENTATION_ITEM() RATIONAL_B_SPLINE_CURVE((1.,0.5,1.,0.5,
1.,0.5,1.)) REPRESENTATION_ITEM('') );
#6066 = CARTESIAN_POINT('',(28.979130371551,20.5));
#6067 = CARTESIAN_POINT('',(28.113104967766,10.143842411396));
#6068 = CARTESIAN_POINT('',(19.577422112332,16.071921205698));
#6069 = CARTESIAN_POINT('',(11.041739256899,22.));
#6070 = CARTESIAN_POINT('',(20.443447516117,26.428078794302));
#6071 = CARTESIAN_POINT('',(29.845155775335,30.856157588604));
#6072 = CARTESIAN_POINT('',(28.979130371551,20.5));
#6073 = ( GEOMETRIC_REPRESENTATION_CONTEXT(2) 
PARAMETRIC_REPRESENTATION_CONTEXT() REPRESENTATION_CONTEXT('2D SPACE',''
  ) );
#6074 = ORIENTED_EDGE('',*,*,#6075,.T.);
#6075 = EDGE_CURVE('',#6048,#6076,#6078,.T.);
#6076 = VERTEX_POINT('',#6077);
#6077 = CARTESIAN_POINT('',(27.,175.5,275.02086962844));
#6078 = SURFACE_CURVE('',#6079,(#6083,#6090),.PCURVE_S1.);
#6079 = LINE('',#6080,#6081);
#6080 = CARTESIAN_POINT('',(28.,175.5,275.02086962844));
#6081 = VECTOR('',#6082,1.);
#6082 = DIRECTION('',(1.,1.110223024625E-16,-1.144237745222E-17));
#6083 = PCURVE('',#6011,#6084);
#6084 = DEFINITIONAL_REPRESENTATION('',(#6085),#6089);
#6085 = LINE('',#6086,#6087);
#6086 = CARTESIAN_POINT('',(-10.91214420095,-6.638168205731E-16));
#6087 = VECTOR('',#6088,1.);
#6088 = DIRECTION('',(-0.,1.));
#6089 = ( GEOMETRIC_REPRESENTATION_CONTEXT(2) 
PARAMETRIC_REPRESENTATION_CONTEXT() REPRESENTATION_CONTEXT('2D SPACE',''
  ) );
#6090 = PCURVE('',#6091,#6096);
#6091 = PLANE('',#6092);
#6092 = AXIS2_PLACEMENT_3D('',#6093,#6094,#6095);
#6093 = CARTESIAN_POINT('',(28.,175.5,281.));
#6094 = DIRECTION('',(1.110223024625E-16,-1.,0.));
#6095 = DIRECTION('',(-1.224646799147E-16,-1.359631073447E-32,-1.));
#6096 = DEFINITIONAL_REPRESENTATION('',(#6097),#6101);
#6097 = LINE('',#6098,#6099);
#6098 = CARTESIAN_POINT('',(5.979130371551,7.322322871204E-16));
#6099 = VECTOR('',#6100,1.);
#6100 = DIRECTION('',(-1.110223024625E-16,1.));
#6101 = ( GEOMETRIC_REPRESENTATION_CONTEXT(2) 
PARAMETRIC_REPRESENTATION_CONTEXT() REPRESENTATION_CONTEXT('2D SPACE',''
  ) );
#6102 = ORIENTED_EDGE('',*,*,#6103,.F.);
#6103 = EDGE_CURVE('',#5973,#6076,#6104,.T.);
#6104 = SURFACE_CURVE('',#6105,(#6110,#6117),.PCURVE_S1.);
#6105 = CIRCLE('',#6106,6.);
#6106 = AXIS2_PLACEMENT_3D('',#6107,#6108,#6109);
#6107 = CARTESIAN_POINT('',(27.,175.,281.));
#6108 = DIRECTION('',(-1.,-1.110223024625E-16,-2.608174147226E-17));
#6109 = DIRECTION('',(3.524288063516E-17,-8.333333333333E-02,
    -0.996521728592));
#6110 = PCURVE('',#6011,#6111);
#6111 = DEFINITIONAL_REPRESENTATION('',(#6112),#6116);
#6112 = LINE('',#6113,#6114);
#6113 = CARTESIAN_POINT('',(-4.795819066995,-1.));
#6114 = VECTOR('',#6115,1.);
#6115 = DIRECTION('',(-1.,-0.));
#6116 = ( GEOMETRIC_REPRESENTATION_CONTEXT(2) 
PARAMETRIC_REPRESENTATION_CONTEXT() REPRESENTATION_CONTEXT('2D SPACE',''
  ) );
#6117 = PCURVE('',#5414,#6118);
#6118 = DEFINITIONAL_REPRESENTATION('',(#6119),#6123);
#6119 = CIRCLE('',#6120,6.);
#6120 = AXIS2_PLACEMENT_2D('',#6121,#6122);
#6121 = CARTESIAN_POINT('',(23.,21.));
#6122 = DIRECTION('',(0.996521728592,8.333333333333E-02));
#6123 = ( GEOMETRIC_REPRESENTATION_CONTEXT(2) 
PARAMETRIC_REPRESENTATION_CONTEXT() REPRESENTATION_CONTEXT('2D SPACE',''
  ) );
#6124 = ORIENTED_EDGE('',*,*,#5995,.F.);
#6125 = ADVANCED_FACE('',(#6126),#6091,.T.);
#6126 = FACE_BOUND('',#6127,.T.);
#6127 = EDGE_LOOP('',(#6128,#6158,#6179,#6180));
#6128 = ORIENTED_EDGE('',*,*,#6129,.F.);
#6129 = EDGE_CURVE('',#6130,#6132,#6134,.T.);
#6130 = VERTEX_POINT('',#6131);
#6131 = CARTESIAN_POINT('',(27.,175.5,266.5));
#6132 = VERTEX_POINT('',#6133);
#6133 = CARTESIAN_POINT('',(13.,175.5,266.5));
#6134 = SURFACE_CURVE('',#6135,(#6139,#6146),.PCURVE_S1.);
#6135 = LINE('',#6136,#6137);
#6136 = CARTESIAN_POINT('',(27.5,175.5,266.5));
#6137 = VECTOR('',#6138,1.);
#6138 = DIRECTION('',(-1.,-1.110223024625E-16,1.224646799147E-16));
#6139 = PCURVE('',#6091,#6140);
#6140 = DEFINITIONAL_REPRESENTATION('',(#6141),#6145);
#6141 = LINE('',#6142,#6143);
#6142 = CARTESIAN_POINT('',(14.5,-0.5));
#6143 = VECTOR('',#6144,1.);
#6144 = DIRECTION('',(0.,-1.));
#6145 = ( GEOMETRIC_REPRESENTATION_CONTEXT(2) 
PARAMETRIC_REPRESENTATION_CONTEXT() REPRESENTATION_CONTEXT('2D SPACE',''
  ) );
#6146 = PCURVE('',#6147,#6152);
#6147 = PLANE('',#6148);
#6148 = AXIS2_PLACEMENT_3D('',#6149,#6150,#6151);
#6149 = CARTESIAN_POINT('',(27.,185.,266.5));
#6150 = DIRECTION('',(-1.224646799147E-16,-1.359631073447E-32,-1.));
#6151 = DIRECTION('',(1.110223024625E-16,-1.,0.));
#6152 = DEFINITIONAL_REPRESENTATION('',(#6153),#6157);
#6153 = LINE('',#6154,#6155);
#6154 = CARTESIAN_POINT('',(9.5,-0.5));
#6155 = VECTOR('',#6156,1.);
#6156 = DIRECTION('',(0.,1.));
#6157 = ( GEOMETRIC_REPRESENTATION_CONTEXT(2) 
PARAMETRIC_REPRESENTATION_CONTEXT() REPRESENTATION_CONTEXT('2D SPACE',''
  ) );
#6158 = ORIENTED_EDGE('',*,*,#6159,.T.);
#6159 = EDGE_CURVE('',#6130,#6076,#6160,.T.);
#6160 = SURFACE_CURVE('',#6161,(#6165,#6172),.PCURVE_S1.);
#6161 = LINE('',#6162,#6163);
#6162 = CARTESIAN_POINT('',(27.,175.5,289.5));
#6163 = VECTOR('',#6164,1.);
#6164 = DIRECTION('',(1.224646799147E-16,1.359631073447E-32,1.));
#6165 = PCURVE('',#6091,#6166);
#6166 = DEFINITIONAL_REPRESENTATION('',(#6167),#6171);
#6167 = LINE('',#6168,#6169);
#6168 = CARTESIAN_POINT('',(-8.5,-1.));
#6169 = VECTOR('',#6170,1.);
#6170 = DIRECTION('',(-1.,0.));
#6171 = ( GEOMETRIC_REPRESENTATION_CONTEXT(2) 
PARAMETRIC_REPRESENTATION_CONTEXT() REPRESENTATION_CONTEXT('2D SPACE',''
  ) );
#6172 = PCURVE('',#5414,#6173);
#6173 = DEFINITIONAL_REPRESENTATION('',(#6174),#6178);
#6174 = LINE('',#6175,#6176);
#6175 = CARTESIAN_POINT('',(14.5,20.5));
#6176 = VECTOR('',#6177,1.);
#6177 = DIRECTION('',(-1.,0.));
#6178 = ( GEOMETRIC_REPRESENTATION_CONTEXT(2) 
PARAMETRIC_REPRESENTATION_CONTEXT() REPRESENTATION_CONTEXT('2D SPACE',''
  ) );
#6179 = ORIENTED_EDGE('',*,*,#6075,.F.);
#6180 = ORIENTED_EDGE('',*,*,#6181,.F.);
#6181 = EDGE_CURVE('',#6132,#6048,#6182,.T.);
#6182 = SURFACE_CURVE('',#6183,(#6187,#6194),.PCURVE_S1.);
#6183 = LINE('',#6184,#6185);
#6184 = CARTESIAN_POINT('',(13.,175.5,289.5));
#6185 = VECTOR('',#6186,1.);
#6186 = DIRECTION('',(1.224646799147E-16,1.359631073447E-32,1.));
#6187 = PCURVE('',#6091,#6188);
#6188 = DEFINITIONAL_REPRESENTATION('',(#6189),#6193);
#6189 = LINE('',#6190,#6191);
#6190 = CARTESIAN_POINT('',(-8.5,-15.));
#6191 = VECTOR('',#6192,1.);
#6192 = DIRECTION('',(-1.,0.));
#6193 = ( GEOMETRIC_REPRESENTATION_CONTEXT(2) 
PARAMETRIC_REPRESENTATION_CONTEXT() REPRESENTATION_CONTEXT('2D SPACE',''
  ) );
#6194 = PCURVE('',#5470,#6195);
#6195 = DEFINITIONAL_REPRESENTATION('',(#6196),#6200);
#6196 = LINE('',#6197,#6198);
#6197 = CARTESIAN_POINT('',(14.5,20.5));
#6198 = VECTOR('',#6199,1.);
#6199 = DIRECTION('',(-1.,0.));
#6200 = ( GEOMETRIC_REPRESENTATION_CONTEXT(2) 
PARAMETRIC_REPRESENTATION_CONTEXT() REPRESENTATION_CONTEXT('2D SPACE',''
  ) );
#6201 = ADVANCED_FACE('',(#6202),#6147,.T.);
#6202 = FACE_BOUND('',#6203,.T.);
#6203 = EDGE_LOOP('',(#6204,#6227,#6255,#6276));
#6204 = ORIENTED_EDGE('',*,*,#6205,.F.);
#6205 = EDGE_CURVE('',#6206,#6132,#6208,.T.);
#6206 = VERTEX_POINT('',#6207);
#6207 = CARTESIAN_POINT('',(13.,185.,266.5));
#6208 = SURFACE_CURVE('',#6209,(#6213,#6220),.PCURVE_S1.);
#6209 = LINE('',#6210,#6211);
#6210 = CARTESIAN_POINT('',(13.,185.,266.5));
#6211 = VECTOR('',#6212,1.);
#6212 = DIRECTION('',(1.110223024625E-16,-1.,0.));
#6213 = PCURVE('',#6147,#6214);
#6214 = DEFINITIONAL_REPRESENTATION('',(#6215),#6219);
#6215 = LINE('',#6216,#6217);
#6216 = CARTESIAN_POINT('',(-1.554312234475E-15,14.));
#6217 = VECTOR('',#6218,1.);
#6218 = DIRECTION('',(1.,0.));
#6219 = ( GEOMETRIC_REPRESENTATION_CONTEXT(2) 
PARAMETRIC_REPRESENTATION_CONTEXT() REPRESENTATION_CONTEXT('2D SPACE',''
  ) );
#6220 = PCURVE('',#5470,#6221);
#6221 = DEFINITIONAL_REPRESENTATION('',(#6222),#6226);
#6222 = LINE('',#6223,#6224);
#6223 = CARTESIAN_POINT('',(37.5,11.));
#6224 = VECTOR('',#6225,1.);
#6225 = DIRECTION('',(0.,1.));
#6226 = ( GEOMETRIC_REPRESENTATION_CONTEXT(2) 
PARAMETRIC_REPRESENTATION_CONTEXT() REPRESENTATION_CONTEXT('2D SPACE',''
  ) );
#6227 = ORIENTED_EDGE('',*,*,#6228,.F.);
#6228 = EDGE_CURVE('',#6229,#6206,#6231,.T.);
#6229 = VERTEX_POINT('',#6230);
#6230 = CARTESIAN_POINT('',(27.,185.,266.5));
#6231 = SURFACE_CURVE('',#6232,(#6236,#6243),.PCURVE_S1.);
#6232 = LINE('',#6233,#6234);
#6233 = CARTESIAN_POINT('',(27.,185.,266.5));
#6234 = VECTOR('',#6235,1.);
#6235 = DIRECTION('',(-1.,-1.110223024625E-16,1.224646799147E-16));
#6236 = PCURVE('',#6147,#6237);
#6237 = DEFINITIONAL_REPRESENTATION('',(#6238),#6242);
#6238 = LINE('',#6239,#6240);
#6239 = CARTESIAN_POINT('',(0.,0.));
#6240 = VECTOR('',#6241,1.);
#6241 = DIRECTION('',(0.,1.));
#6242 = ( GEOMETRIC_REPRESENTATION_CONTEXT(2) 
PARAMETRIC_REPRESENTATION_CONTEXT() REPRESENTATION_CONTEXT('2D SPACE',''
  ) );
#6243 = PCURVE('',#6244,#6249);
#6244 = PLANE('',#6245);
#6245 = AXIS2_PLACEMENT_3D('',#6246,#6247,#6248);
#6246 = CARTESIAN_POINT('',(27.,185.,298.));
#6247 = DIRECTION('',(1.110223024625E-16,-1.,0.));
#6248 = DIRECTION('',(-1.224646799147E-16,-1.359631073447E-32,-1.));
#6249 = DEFINITIONAL_REPRESENTATION('',(#6250),#6254);
#6250 = LINE('',#6251,#6252);
#6251 = CARTESIAN_POINT('',(31.5,3.049237385137E-16));
#6252 = VECTOR('',#6253,1.);
#6253 = DIRECTION('',(0.,-1.));
#6254 = ( GEOMETRIC_REPRESENTATION_CONTEXT(2) 
PARAMETRIC_REPRESENTATION_CONTEXT() REPRESENTATION_CONTEXT('2D SPACE',''
  ) );
#6255 = ORIENTED_EDGE('',*,*,#6256,.T.);
#6256 = EDGE_CURVE('',#6229,#6130,#6257,.T.);
#6257 = SURFACE_CURVE('',#6258,(#6262,#6269),.PCURVE_S1.);
#6258 = LINE('',#6259,#6260);
#6259 = CARTESIAN_POINT('',(27.,185.,266.5));
#6260 = VECTOR('',#6261,1.);
#6261 = DIRECTION('',(1.110223024625E-16,-1.,0.));
#6262 = PCURVE('',#6147,#6263);
#6263 = DEFINITIONAL_REPRESENTATION('',(#6264),#6268);
#6264 = LINE('',#6265,#6266);
#6265 = CARTESIAN_POINT('',(0.,0.));
#6266 = VECTOR('',#6267,1.);
#6267 = DIRECTION('',(1.,0.));
#6268 = ( GEOMETRIC_REPRESENTATION_CONTEXT(2) 
PARAMETRIC_REPRESENTATION_CONTEXT() REPRESENTATION_CONTEXT('2D SPACE',''
  ) );
#6269 = PCURVE('',#5414,#6270);
#6270 = DEFINITIONAL_REPRESENTATION('',(#6271),#6275);
#6271 = LINE('',#6272,#6273);
#6272 = CARTESIAN_POINT('',(37.5,11.));
#6273 = VECTOR('',#6274,1.);
#6274 = DIRECTION('',(0.,1.));
#6275 = ( GEOMETRIC_REPRESENTATION_CONTEXT(2) 
PARAMETRIC_REPRESENTATION_CONTEXT() REPRESENTATION_CONTEXT('2D SPACE',''
  ) );
#6276 = ORIENTED_EDGE('',*,*,#6129,.T.);
#6277 = ADVANCED_FACE('',(#6278),#6244,.F.);
#6278 = FACE_BOUND('',#6279,.F.);
#6279 = EDGE_LOOP('',(#6280,#6303,#6326,#6347));
#6280 = ORIENTED_EDGE('',*,*,#6281,.F.);
#6281 = EDGE_CURVE('',#6282,#6229,#6284,.T.);
#6282 = VERTEX_POINT('',#6283);
#6283 = CARTESIAN_POINT('',(27.,185.,298.));
#6284 = SURFACE_CURVE('',#6285,(#6289,#6296),.PCURVE_S1.);
#6285 = LINE('',#6286,#6287);
#6286 = CARTESIAN_POINT('',(27.,185.,298.));
#6287 = VECTOR('',#6288,1.);
#6288 = DIRECTION('',(-1.224646799147E-16,-1.359631073447E-32,-1.));
#6289 = PCURVE('',#6244,#6290);
#6290 = DEFINITIONAL_REPRESENTATION('',(#6291),#6295);
#6291 = LINE('',#6292,#6293);
#6292 = CARTESIAN_POINT('',(-0.,0.));
#6293 = VECTOR('',#6294,1.);
#6294 = DIRECTION('',(1.,0.));
#6295 = ( GEOMETRIC_REPRESENTATION_CONTEXT(2) 
PARAMETRIC_REPRESENTATION_CONTEXT() REPRESENTATION_CONTEXT('2D SPACE',''
  ) );
#6296 = PCURVE('',#5414,#6297);
#6297 = DEFINITIONAL_REPRESENTATION('',(#6298),#6302);
#6298 = LINE('',#6299,#6300);
#6299 = CARTESIAN_POINT('',(6.,11.));
#6300 = VECTOR('',#6301,1.);
#6301 = DIRECTION('',(1.,0.));
#6302 = ( GEOMETRIC_REPRESENTATION_CONTEXT(2) 
PARAMETRIC_REPRESENTATION_CONTEXT() REPRESENTATION_CONTEXT('2D SPACE',''
  ) );
#6303 = ORIENTED_EDGE('',*,*,#6304,.T.);
#6304 = EDGE_CURVE('',#6282,#6305,#6307,.T.);
#6305 = VERTEX_POINT('',#6306);
#6306 = CARTESIAN_POINT('',(13.,185.,298.));
#6307 = SURFACE_CURVE('',#6308,(#6312,#6319),.PCURVE_S1.);
#6308 = LINE('',#6309,#6310);
#6309 = CARTESIAN_POINT('',(27.,185.,298.));
#6310 = VECTOR('',#6311,1.);
#6311 = DIRECTION('',(-1.,-1.110223024625E-16,1.224646799147E-16));
#6312 = PCURVE('',#6244,#6313);
#6313 = DEFINITIONAL_REPRESENTATION('',(#6314),#6318);
#6314 = LINE('',#6315,#6316);
#6315 = CARTESIAN_POINT('',(-0.,0.));
#6316 = VECTOR('',#6317,1.);
#6317 = DIRECTION('',(0.,-1.));
#6318 = ( GEOMETRIC_REPRESENTATION_CONTEXT(2) 
PARAMETRIC_REPRESENTATION_CONTEXT() REPRESENTATION_CONTEXT('2D SPACE',''
  ) );
#6319 = PCURVE('',#5496,#6320);
#6320 = DEFINITIONAL_REPRESENTATION('',(#6321),#6325);
#6321 = LINE('',#6322,#6323);
#6322 = CARTESIAN_POINT('',(11.,-2.331468351713E-15));
#6323 = VECTOR('',#6324,1.);
#6324 = DIRECTION('',(0.,1.));
#6325 = ( GEOMETRIC_REPRESENTATION_CONTEXT(2) 
PARAMETRIC_REPRESENTATION_CONTEXT() REPRESENTATION_CONTEXT('2D SPACE',''
  ) );
#6326 = ORIENTED_EDGE('',*,*,#6327,.T.);
#6327 = EDGE_CURVE('',#6305,#6206,#6328,.T.);
#6328 = SURFACE_CURVE('',#6329,(#6333,#6340),.PCURVE_S1.);
#6329 = LINE('',#6330,#6331);
#6330 = CARTESIAN_POINT('',(13.,185.,298.));
#6331 = VECTOR('',#6332,1.);
#6332 = DIRECTION('',(-1.224646799147E-16,-1.359631073447E-32,-1.));
#6333 = PCURVE('',#6244,#6334);
#6334 = DEFINITIONAL_REPRESENTATION('',(#6335),#6339);
#6335 = LINE('',#6336,#6337);
#6336 = CARTESIAN_POINT('',(1.714505518806E-15,-14.));
#6337 = VECTOR('',#6338,1.);
#6338 = DIRECTION('',(1.,0.));
#6339 = ( GEOMETRIC_REPRESENTATION_CONTEXT(2) 
PARAMETRIC_REPRESENTATION_CONTEXT() REPRESENTATION_CONTEXT('2D SPACE',''
  ) );
#6340 = PCURVE('',#5470,#6341);
#6341 = DEFINITIONAL_REPRESENTATION('',(#6342),#6346);
#6342 = LINE('',#6343,#6344);
#6343 = CARTESIAN_POINT('',(6.,11.));
#6344 = VECTOR('',#6345,1.);
#6345 = DIRECTION('',(1.,0.));
#6346 = ( GEOMETRIC_REPRESENTATION_CONTEXT(2) 
PARAMETRIC_REPRESENTATION_CONTEXT() REPRESENTATION_CONTEXT('2D SPACE',''
  ) );
#6347 = ORIENTED_EDGE('',*,*,#6228,.F.);
#6348 = ADVANCED_FACE('',(#6349),#5607,.F.);
#6349 = FACE_BOUND('',#6350,.T.);
#6350 = EDGE_LOOP('',(#6351,#6352,#6375,#6401));
#6351 = ORIENTED_EDGE('',*,*,#5586,.T.);
#6352 = ORIENTED_EDGE('',*,*,#6353,.T.);
#6353 = EDGE_CURVE('',#5587,#6354,#6356,.T.);
#6354 = VERTEX_POINT('',#6355);
#6355 = CARTESIAN_POINT('',(20.,188.25,298.));
#6356 = SEAM_CURVE('',#6357,(#6361,#6368),.PCURVE_S1.);
#6357 = LINE('',#6358,#6359);
#6358 = CARTESIAN_POINT('',(20.,188.25,305.));
#6359 = VECTOR('',#6360,1.);
#6360 = DIRECTION('',(-1.224646799147E-16,-1.359631073447E-32,-1.));
#6361 = PCURVE('',#5607,#6362);
#6362 = DEFINITIONAL_REPRESENTATION('',(#6363),#6367);
#6363 = LINE('',#6364,#6365);
#6364 = CARTESIAN_POINT('',(-6.28318530718,0.));
#6365 = VECTOR('',#6366,1.);
#6366 = DIRECTION('',(-0.,-1.));
#6367 = ( GEOMETRIC_REPRESENTATION_CONTEXT(2) 
PARAMETRIC_REPRESENTATION_CONTEXT() REPRESENTATION_CONTEXT('2D SPACE',''
  ) );
#6368 = PCURVE('',#5607,#6369);
#6369 = DEFINITIONAL_REPRESENTATION('',(#6370),#6374);
#6370 = LINE('',#6371,#6372);
#6371 = CARTESIAN_POINT('',(-0.,0.));
#6372 = VECTOR('',#6373,1.);
#6373 = DIRECTION('',(-0.,-1.));
#6374 = ( GEOMETRIC_REPRESENTATION_CONTEXT(2) 
PARAMETRIC_REPRESENTATION_CONTEXT() REPRESENTATION_CONTEXT('2D SPACE',''
  ) );
#6375 = ORIENTED_EDGE('',*,*,#6376,.F.);
#6376 = EDGE_CURVE('',#6354,#6354,#6377,.T.);
#6377 = SURFACE_CURVE('',#6378,(#6383,#6390),.PCURVE_S1.);
#6378 = CIRCLE('',#6379,2.75);
#6379 = AXIS2_PLACEMENT_3D('',#6380,#6381,#6382);
#6380 = CARTESIAN_POINT('',(20.,191.,298.));
#6381 = DIRECTION('',(1.224646799147E-16,1.359631073447E-32,1.));
#6382 = DIRECTION('',(1.110223024625E-16,-1.,0.));
#6383 = PCURVE('',#5607,#6384);
#6384 = DEFINITIONAL_REPRESENTATION('',(#6385),#6389);
#6385 = LINE('',#6386,#6387);
#6386 = CARTESIAN_POINT('',(-6.28318530718,-7.));
#6387 = VECTOR('',#6388,1.);
#6388 = DIRECTION('',(1.,-0.));
#6389 = ( GEOMETRIC_REPRESENTATION_CONTEXT(2) 
PARAMETRIC_REPRESENTATION_CONTEXT() REPRESENTATION_CONTEXT('2D SPACE',''
  ) );
#6390 = PCURVE('',#5496,#6391);
#6391 = DEFINITIONAL_REPRESENTATION('',(#6392),#6400);
#6392 = ( BOUNDED_CURVE() B_SPLINE_CURVE(2,(#6393,#6394,#6395,#6396,
#6397,#6398,#6399),.UNSPECIFIED.,.T.,.F.) B_SPLINE_CURVE_WITH_KNOTS((1,2
    ,2,2,2,1),(-2.094395102393,0.,2.094395102393,4.188790204786,
6.28318530718,8.377580409573),.UNSPECIFIED.) CURVE() 
GEOMETRIC_REPRESENTATION_ITEM() RATIONAL_B_SPLINE_CURVE((1.,0.5,1.,0.5,
1.,0.5,1.)) REPRESENTATION_ITEM('') );
#6393 = CARTESIAN_POINT('',(7.75,7.));
#6394 = CARTESIAN_POINT('',(7.75,2.236860279186));
#6395 = CARTESIAN_POINT('',(3.625,4.618430139593));
#6396 = CARTESIAN_POINT('',(-0.5,7.));
#6397 = CARTESIAN_POINT('',(3.625,9.381569860407));
#6398 = CARTESIAN_POINT('',(7.75,11.763139720814));
#6399 = CARTESIAN_POINT('',(7.75,7.));
#6400 = ( GEOMETRIC_REPRESENTATION_CONTEXT(2) 
PARAMETRIC_REPRESENTATION_CONTEXT() REPRESENTATION_CONTEXT('2D SPACE',''
  ) );
#6401 = ORIENTED_EDGE('',*,*,#6353,.F.);
#6402 = ADVANCED_FACE('',(#6403),#5551,.T.);
#6403 = FACE_BOUND('',#6404,.T.);
#6404 = EDGE_LOOP('',(#6405,#6426,#6427,#6448));
#6405 = ORIENTED_EDGE('',*,*,#6406,.F.);
#6406 = EDGE_CURVE('',#5513,#5770,#6407,.T.);
#6407 = SURFACE_CURVE('',#6408,(#6412,#6419),.PCURVE_S1.);
#6408 = LINE('',#6409,#6410);
#6409 = CARTESIAN_POINT('',(27.,154.,304.));
#6410 = VECTOR('',#6411,1.);
#6411 = DIRECTION('',(-1.224646799147E-16,-1.359631073447E-32,-1.));
#6412 = PCURVE('',#5551,#6413);
#6413 = DEFINITIONAL_REPRESENTATION('',(#6414),#6418);
#6414 = LINE('',#6415,#6416);
#6415 = CARTESIAN_POINT('',(-0.,0.));
#6416 = VECTOR('',#6417,1.);
#6417 = DIRECTION('',(1.,0.));
#6418 = ( GEOMETRIC_REPRESENTATION_CONTEXT(2) 
PARAMETRIC_REPRESENTATION_CONTEXT() REPRESENTATION_CONTEXT('2D SPACE',''
  ) );
#6419 = PCURVE('',#5414,#6420);
#6420 = DEFINITIONAL_REPRESENTATION('',(#6421),#6425);
#6421 = LINE('',#6422,#6423);
#6422 = CARTESIAN_POINT('',(1.359631073447E-31,42.));
#6423 = VECTOR('',#6424,1.);
#6424 = DIRECTION('',(1.,0.));
#6425 = ( GEOMETRIC_REPRESENTATION_CONTEXT(2) 
PARAMETRIC_REPRESENTATION_CONTEXT() REPRESENTATION_CONTEXT('2D SPACE',''
  ) );
#6426 = ORIENTED_EDGE('',*,*,#5535,.T.);
#6427 = ORIENTED_EDGE('',*,*,#6428,.T.);
#6428 = EDGE_CURVE('',#5536,#5719,#6429,.T.);
#6429 = SURFACE_CURVE('',#6430,(#6434,#6441),.PCURVE_S1.);
#6430 = LINE('',#6431,#6432);
#6431 = CARTESIAN_POINT('',(13.,154.,304.));
#6432 = VECTOR('',#6433,1.);
#6433 = DIRECTION('',(-1.224646799147E-16,-1.359631073447E-32,-1.));
#6434 = PCURVE('',#5551,#6435);
#6435 = DEFINITIONAL_REPRESENTATION('',(#6436),#6440);
#6436 = LINE('',#6437,#6438);
#6437 = CARTESIAN_POINT('',(1.714505518806E-15,-14.));
#6438 = VECTOR('',#6439,1.);
#6439 = DIRECTION('',(1.,0.));
#6440 = ( GEOMETRIC_REPRESENTATION_CONTEXT(2) 
PARAMETRIC_REPRESENTATION_CONTEXT() REPRESENTATION_CONTEXT('2D SPACE',''
  ) );
#6441 = PCURVE('',#5470,#6442);
#6442 = DEFINITIONAL_REPRESENTATION('',(#6443),#6447);
#6443 = LINE('',#6444,#6445);
#6444 = CARTESIAN_POINT('',(-8.157786440681E-32,42.));
#6445 = VECTOR('',#6446,1.);
#6446 = DIRECTION('',(1.,0.));
#6447 = ( GEOMETRIC_REPRESENTATION_CONTEXT(2) 
PARAMETRIC_REPRESENTATION_CONTEXT() REPRESENTATION_CONTEXT('2D SPACE',''
  ) );
#6448 = ORIENTED_EDGE('',*,*,#5792,.F.);
#6449 = ADVANCED_FACE('',(#6450),#5470,.T.);
#6450 = FACE_BOUND('',#6451,.T.);
#6451 = EDGE_LOOP('',(#6452,#6453,#6454,#6475,#6476,#6477,#6478,#6479,
    #6480,#6481,#6482,#6483));
#6452 = ORIENTED_EDGE('',*,*,#5563,.F.);
#6453 = ORIENTED_EDGE('',*,*,#5454,.T.);
#6454 = ORIENTED_EDGE('',*,*,#6455,.T.);
#6455 = EDGE_CURVE('',#5455,#6305,#6456,.T.);
#6456 = SURFACE_CURVE('',#6457,(#6461,#6468),.PCURVE_S1.);
#6457 = LINE('',#6458,#6459);
#6458 = CARTESIAN_POINT('',(13.,196.,298.));
#6459 = VECTOR('',#6460,1.);
#6460 = DIRECTION('',(1.110223024625E-16,-1.,0.));
#6461 = PCURVE('',#5470,#6462);
#6462 = DEFINITIONAL_REPRESENTATION('',(#6463),#6467);
#6463 = LINE('',#6464,#6465);
#6464 = CARTESIAN_POINT('',(6.,0.));
#6465 = VECTOR('',#6466,1.);
#6466 = DIRECTION('',(0.,1.));
#6467 = ( GEOMETRIC_REPRESENTATION_CONTEXT(2) 
PARAMETRIC_REPRESENTATION_CONTEXT() REPRESENTATION_CONTEXT('2D SPACE',''
  ) );
#6468 = PCURVE('',#5496,#6469);
#6469 = DEFINITIONAL_REPRESENTATION('',(#6470),#6474);
#6470 = LINE('',#6471,#6472);
#6471 = CARTESIAN_POINT('',(-1.554312234475E-15,14.));
#6472 = VECTOR('',#6473,1.);
#6473 = DIRECTION('',(1.,0.));
#6474 = ( GEOMETRIC_REPRESENTATION_CONTEXT(2) 
PARAMETRIC_REPRESENTATION_CONTEXT() REPRESENTATION_CONTEXT('2D SPACE',''
  ) );
#6475 = ORIENTED_EDGE('',*,*,#6327,.T.);
#6476 = ORIENTED_EDGE('',*,*,#6205,.T.);
#6477 = ORIENTED_EDGE('',*,*,#6181,.T.);
#6478 = ORIENTED_EDGE('',*,*,#6047,.T.);
#6479 = ORIENTED_EDGE('',*,*,#6023,.F.);
#6480 = ORIENTED_EDGE('',*,*,#5895,.T.);
#6481 = ORIENTED_EDGE('',*,*,#5843,.F.);
#6482 = ORIENTED_EDGE('',*,*,#5716,.T.);
#6483 = ORIENTED_EDGE('',*,*,#6428,.F.);
#6484 = ADVANCED_FACE('',(#6485,#6511),#5496,.T.);
#6485 = FACE_BOUND('',#6486,.T.);
#6486 = EDGE_LOOP('',(#6487,#6488,#6489,#6510));
#6487 = ORIENTED_EDGE('',*,*,#6455,.F.);
#6488 = ORIENTED_EDGE('',*,*,#5482,.F.);
#6489 = ORIENTED_EDGE('',*,*,#6490,.T.);
#6490 = EDGE_CURVE('',#5394,#6282,#6491,.T.);
#6491 = SURFACE_CURVE('',#6492,(#6496,#6503),.PCURVE_S1.);
#6492 = LINE('',#6493,#6494);
#6493 = CARTESIAN_POINT('',(27.,196.,298.));
#6494 = VECTOR('',#6495,1.);
#6495 = DIRECTION('',(1.110223024625E-16,-1.,0.));
#6496 = PCURVE('',#5496,#6497);
#6497 = DEFINITIONAL_REPRESENTATION('',(#6498),#6502);
#6498 = LINE('',#6499,#6500);
#6499 = CARTESIAN_POINT('',(0.,0.));
#6500 = VECTOR('',#6501,1.);
#6501 = DIRECTION('',(1.,0.));
#6502 = ( GEOMETRIC_REPRESENTATION_CONTEXT(2) 
PARAMETRIC_REPRESENTATION_CONTEXT() REPRESENTATION_CONTEXT('2D SPACE',''
  ) );
#6503 = PCURVE('',#5414,#6504);
#6504 = DEFINITIONAL_REPRESENTATION('',(#6505),#6509);
#6505 = LINE('',#6506,#6507);
#6506 = CARTESIAN_POINT('',(6.,0.));
#6507 = VECTOR('',#6508,1.);
#6508 = DIRECTION('',(0.,1.));
#6509 = ( GEOMETRIC_REPRESENTATION_CONTEXT(2) 
PARAMETRIC_REPRESENTATION_CONTEXT() REPRESENTATION_CONTEXT('2D SPACE',''
  ) );
#6510 = ORIENTED_EDGE('',*,*,#6304,.T.);
#6511 = FACE_BOUND('',#6512,.T.);
#6512 = EDGE_LOOP('',(#6513));
#6513 = ORIENTED_EDGE('',*,*,#6376,.T.);
#6514 = ADVANCED_FACE('',(#6515),#5414,.F.);
#6515 = FACE_BOUND('',#6516,.F.);
#6516 = EDGE_LOOP('',(#6517,#6518,#6519,#6520,#6521,#6522,#6523,#6524,
    #6525,#6526,#6527,#6528));
#6517 = ORIENTED_EDGE('',*,*,#5512,.F.);
#6518 = ORIENTED_EDGE('',*,*,#5391,.T.);
#6519 = ORIENTED_EDGE('',*,*,#6490,.T.);
#6520 = ORIENTED_EDGE('',*,*,#6281,.T.);
#6521 = ORIENTED_EDGE('',*,*,#6256,.T.);
#6522 = ORIENTED_EDGE('',*,*,#6159,.T.);
#6523 = ORIENTED_EDGE('',*,*,#6103,.F.);
#6524 = ORIENTED_EDGE('',*,*,#5972,.F.);
#6525 = ORIENTED_EDGE('',*,*,#5946,.T.);
#6526 = ORIENTED_EDGE('',*,*,#5819,.F.);
#6527 = ORIENTED_EDGE('',*,*,#5769,.T.);
#6528 = ORIENTED_EDGE('',*,*,#6406,.F.);
#6529 = ( GEOMETRIC_REPRESENTATION_CONTEXT(3) 
GLOBAL_UNCERTAINTY_ASSIGNED_CONTEXT((#6533)) 
GLOBAL_UNIT_ASSIGNED_CONTEXT((#6530,#6531,#6532)) REPRESENTATION_CONTEXT
('Context #1','3D Context with UNIT and UNCERTAINTY') );
#6530 = ( LENGTH_UNIT() NAMED_UNIT(*) SI_UNIT(.MILLI.,.METRE.) );
#6531 = ( NAMED_UNIT(*) PLANE_ANGLE_UNIT() SI_UNIT($,.RADIAN.) );
#6532 = ( NAMED_UNIT(*) SI_UNIT($,.STERADIAN.) SOLID_ANGLE_UNIT() );
#6533 = UNCERTAINTY_MEASURE_WITH_UNIT(LENGTH_MEASURE(1.E-07),#6530,
  'distance_accuracy_value','confusion accuracy');
#6534 = CONTEXT_DEPENDENT_SHAPE_REPRESENTATION(#6535,#6537);
#6535 = ( REPRESENTATION_RELATIONSHIP('','',#5384,#10) 
REPRESENTATION_RELATIONSHIP_WITH_TRANSFORMATION(#6536) 
SHAPE_REPRESENTATION_RELATIONSHIP() );
#6536 = ITEM_DEFINED_TRANSFORMATION('','',#11,#27);
#6537 = PRODUCT_DEFINITION_SHAPE('Placement','Placement of an item',
  #6538);
#6538 = NEXT_ASSEMBLY_USAGE_OCCURRENCE('73','U1_SHAT12_L','',#5,#5379,$
  );
#6539 = PRODUCT_RELATED_PRODUCT_CATEGORY('part',$,(#5381));
#6540 = SHAPE_DEFINITION_REPRESENTATION(#6541,#6547);
#6541 = PRODUCT_DEFINITION_SHAPE('','',#6542);
#6542 = PRODUCT_DEFINITION('design','',#6543,#6546);
#6543 = PRODUCT_DEFINITION_FORMATION('','',#6544);
#6544 = PRODUCT('U1_L_M5X16_1','U1_L_M5X16_1','',(#6545));
#6545 = PRODUCT_CONTEXT('',#2,'mechanical');
#6546 = PRODUCT_DEFINITION_CONTEXT('part definition',#2,'design');
#6547 = ADVANCED_BREP_SHAPE_REPRESENTATION('',(#11,#6548),#6736);
#6548 = MANIFOLD_SOLID_BREP('',#6549);
#6549 = CLOSED_SHELL('',(#6550,#6638,#6673,#6677,#6732));
#6550 = ADVANCED_FACE('',(#6551),#6565,.T.);
#6551 = FACE_BOUND('',#6552,.F.);
#6552 = EDGE_LOOP('',(#6553,#6583,#6610,#6611));
#6553 = ORIENTED_EDGE('',*,*,#6554,.T.);
#6554 = EDGE_CURVE('',#6555,#6557,#6559,.T.);
#6555 = VERTEX_POINT('',#6556);
#6556 = CARTESIAN_POINT('',(20.,186.75,297.));
#6557 = VERTEX_POINT('',#6558);
#6558 = CARTESIAN_POINT('',(20.,186.75,292.));
#6559 = SEAM_CURVE('',#6560,(#6564,#6576),.PCURVE_S1.);
#6560 = LINE('',#6561,#6562);
#6561 = CARTESIAN_POINT('',(20.,186.75,297.));
#6562 = VECTOR('',#6563,1.);
#6563 = DIRECTION('',(-1.224646799147E-16,-1.359631073447E-32,-1.));
#6564 = PCURVE('',#6565,#6570);
#6565 = CYLINDRICAL_SURFACE('',#6566,4.25);
#6566 = AXIS2_PLACEMENT_3D('',#6567,#6568,#6569);
#6567 = CARTESIAN_POINT('',(20.,191.,297.));
#6568 = DIRECTION('',(1.224646799147E-16,1.359631073447E-32,1.));
#6569 = DIRECTION('',(1.110223024625E-16,-1.,0.));
#6570 = DEFINITIONAL_REPRESENTATION('',(#6571),#6575);
#6571 = LINE('',#6572,#6573);
#6572 = CARTESIAN_POINT('',(-0.,0.));
#6573 = VECTOR('',#6574,1.);
#6574 = DIRECTION('',(-0.,-1.));
#6575 = ( GEOMETRIC_REPRESENTATION_CONTEXT(2) 
PARAMETRIC_REPRESENTATION_CONTEXT() REPRESENTATION_CONTEXT('2D SPACE',''
  ) );
#6576 = PCURVE('',#6565,#6577);
#6577 = DEFINITIONAL_REPRESENTATION('',(#6578),#6582);
#6578 = LINE('',#6579,#6580);
#6579 = CARTESIAN_POINT('',(-6.28318530718,0.));
#6580 = VECTOR('',#6581,1.);
#6581 = DIRECTION('',(-0.,-1.));
#6582 = ( GEOMETRIC_REPRESENTATION_CONTEXT(2) 
PARAMETRIC_REPRESENTATION_CONTEXT() REPRESENTATION_CONTEXT('2D SPACE',''
  ) );
#6583 = ORIENTED_EDGE('',*,*,#6584,.T.);
#6584 = EDGE_CURVE('',#6557,#6557,#6585,.T.);
#6585 = SURFACE_CURVE('',#6586,(#6591,#6598),.PCURVE_S1.);
#6586 = CIRCLE('',#6587,4.25);
#6587 = AXIS2_PLACEMENT_3D('',#6588,#6589,#6590);
#6588 = CARTESIAN_POINT('',(20.,191.,292.));
#6589 = DIRECTION('',(-1.224646799147E-16,-1.359631073447E-32,-1.));
#6590 = DIRECTION('',(1.110223024625E-16,-1.,0.));
#6591 = PCURVE('',#6565,#6592);
#6592 = DEFINITIONAL_REPRESENTATION('',(#6593),#6597);
#6593 = LINE('',#6594,#6595);
#6594 = CARTESIAN_POINT('',(-0.,-5.));
#6595 = VECTOR('',#6596,1.);
#6596 = DIRECTION('',(-1.,0.));
#6597 = ( GEOMETRIC_REPRESENTATION_CONTEXT(2) 
PARAMETRIC_REPRESENTATION_CONTEXT() REPRESENTATION_CONTEXT('2D SPACE',''
  ) );
#6598 = PCURVE('',#6599,#6604);
#6599 = PLANE('',#6600);
#6600 = AXIS2_PLACEMENT_3D('',#6601,#6602,#6603);
#6601 = CARTESIAN_POINT('',(20.,191.,292.));
#6602 = DIRECTION('',(-1.224646799147E-16,-1.359631073447E-32,-1.));
#6603 = DIRECTION('',(1.110223024625E-16,-1.,0.));
#6604 = DEFINITIONAL_REPRESENTATION('',(#6605),#6609);
#6605 = CIRCLE('',#6606,4.25);
#6606 = AXIS2_PLACEMENT_2D('',#6607,#6608);
#6607 = CARTESIAN_POINT('',(0.,0.));
#6608 = DIRECTION('',(1.,0.));
#6609 = ( GEOMETRIC_REPRESENTATION_CONTEXT(2) 
PARAMETRIC_REPRESENTATION_CONTEXT() REPRESENTATION_CONTEXT('2D SPACE',''
  ) );
#6610 = ORIENTED_EDGE('',*,*,#6554,.F.);
#6611 = ORIENTED_EDGE('',*,*,#6612,.F.);
#6612 = EDGE_CURVE('',#6555,#6555,#6613,.T.);
#6613 = SURFACE_CURVE('',#6614,(#6619,#6626),.PCURVE_S1.);
#6614 = CIRCLE('',#6615,4.25);
#6615 = AXIS2_PLACEMENT_3D('',#6616,#6617,#6618);
#6616 = CARTESIAN_POINT('',(20.,191.,297.));
#6617 = DIRECTION('',(-1.224646799147E-16,-1.359631073447E-32,-1.));
#6618 = DIRECTION('',(1.110223024625E-16,-1.,0.));
#6619 = PCURVE('',#6565,#6620);
#6620 = DEFINITIONAL_REPRESENTATION('',(#6621),#6625);
#6621 = LINE('',#6622,#6623);
#6622 = CARTESIAN_POINT('',(-0.,0.));
#6623 = VECTOR('',#6624,1.);
#6624 = DIRECTION('',(-1.,0.));
#6625 = ( GEOMETRIC_REPRESENTATION_CONTEXT(2) 
PARAMETRIC_REPRESENTATION_CONTEXT() REPRESENTATION_CONTEXT('2D SPACE',''
  ) );
#6626 = PCURVE('',#6627,#6632);
#6627 = PLANE('',#6628);
#6628 = AXIS2_PLACEMENT_3D('',#6629,#6630,#6631);
#6629 = CARTESIAN_POINT('',(20.,191.,297.));
#6630 = DIRECTION('',(-1.224646799147E-16,-1.359631073447E-32,-1.));
#6631 = DIRECTION('',(1.110223024625E-16,-1.,0.));
#6632 = DEFINITIONAL_REPRESENTATION('',(#6633),#6637);
#6633 = CIRCLE('',#6634,4.25);
#6634 = AXIS2_PLACEMENT_2D('',#6635,#6636);
#6635 = CARTESIAN_POINT('',(0.,0.));
#6636 = DIRECTION('',(1.,0.));
#6637 = ( GEOMETRIC_REPRESENTATION_CONTEXT(2) 
PARAMETRIC_REPRESENTATION_CONTEXT() REPRESENTATION_CONTEXT('2D SPACE',''
  ) );
#6638 = ADVANCED_FACE('',(#6639,#6642),#6627,.F.);
#6639 = FACE_BOUND('',#6640,.F.);
#6640 = EDGE_LOOP('',(#6641));
#6641 = ORIENTED_EDGE('',*,*,#6612,.T.);
#6642 = FACE_BOUND('',#6643,.F.);
#6643 = EDGE_LOOP('',(#6644));
#6644 = ORIENTED_EDGE('',*,*,#6645,.F.);
#6645 = EDGE_CURVE('',#6646,#6646,#6648,.T.);
#6646 = VERTEX_POINT('',#6647);
#6647 = CARTESIAN_POINT('',(20.,188.55,297.));
#6648 = SURFACE_CURVE('',#6649,(#6654,#6661),.PCURVE_S1.);
#6649 = CIRCLE('',#6650,2.45);
#6650 = AXIS2_PLACEMENT_3D('',#6651,#6652,#6653);
#6651 = CARTESIAN_POINT('',(20.,191.,297.));
#6652 = DIRECTION('',(-1.224646799147E-16,-1.359631073447E-32,-1.));
#6653 = DIRECTION('',(1.110223024625E-16,-1.,0.));
#6654 = PCURVE('',#6627,#6655);
#6655 = DEFINITIONAL_REPRESENTATION('',(#6656),#6660);
#6656 = CIRCLE('',#6657,2.45);
#6657 = AXIS2_PLACEMENT_2D('',#6658,#6659);
#6658 = CARTESIAN_POINT('',(0.,0.));
#6659 = DIRECTION('',(1.,0.));
#6660 = ( GEOMETRIC_REPRESENTATION_CONTEXT(2) 
PARAMETRIC_REPRESENTATION_CONTEXT() REPRESENTATION_CONTEXT('2D SPACE',''
  ) );
#6661 = PCURVE('',#6662,#6667);
#6662 = CYLINDRICAL_SURFACE('',#6663,2.45);
#6663 = AXIS2_PLACEMENT_3D('',#6664,#6665,#6666);
#6664 = CARTESIAN_POINT('',(20.,191.,313.));
#6665 = DIRECTION('',(1.224646799147E-16,1.359631073447E-32,1.));
#6666 = DIRECTION('',(1.110223024625E-16,-1.,0.));
#6667 = DEFINITIONAL_REPRESENTATION('',(#6668),#6672);
#6668 = LINE('',#6669,#6670);
#6669 = CARTESIAN_POINT('',(-0.,-16.));
#6670 = VECTOR('',#6671,1.);
#6671 = DIRECTION('',(-1.,0.));
#6672 = ( GEOMETRIC_REPRESENTATION_CONTEXT(2) 
PARAMETRIC_REPRESENTATION_CONTEXT() REPRESENTATION_CONTEXT('2D SPACE',''
  ) );
#6673 = ADVANCED_FACE('',(#6674),#6599,.T.);
#6674 = FACE_BOUND('',#6675,.T.);
#6675 = EDGE_LOOP('',(#6676));
#6676 = ORIENTED_EDGE('',*,*,#6584,.T.);
#6677 = ADVANCED_FACE('',(#6678),#6662,.T.);
#6678 = FACE_BOUND('',#6679,.F.);
#6679 = EDGE_LOOP('',(#6680,#6703,#6704,#6705));
#6680 = ORIENTED_EDGE('',*,*,#6681,.T.);
#6681 = EDGE_CURVE('',#6682,#6646,#6684,.T.);
#6682 = VERTEX_POINT('',#6683);
#6683 = CARTESIAN_POINT('',(20.,188.55,313.));
#6684 = SEAM_CURVE('',#6685,(#6689,#6696),.PCURVE_S1.);
#6685 = LINE('',#6686,#6687);
#6686 = CARTESIAN_POINT('',(20.,188.55,313.));
#6687 = VECTOR('',#6688,1.);
#6688 = DIRECTION('',(-1.224646799147E-16,-1.359631073447E-32,-1.));
#6689 = PCURVE('',#6662,#6690);
#6690 = DEFINITIONAL_REPRESENTATION('',(#6691),#6695);
#6691 = LINE('',#6692,#6693);
#6692 = CARTESIAN_POINT('',(-0.,0.));
#6693 = VECTOR('',#6694,1.);
#6694 = DIRECTION('',(-0.,-1.));
#6695 = ( GEOMETRIC_REPRESENTATION_CONTEXT(2) 
PARAMETRIC_REPRESENTATION_CONTEXT() REPRESENTATION_CONTEXT('2D SPACE',''
  ) );
#6696 = PCURVE('',#6662,#6697);
#6697 = DEFINITIONAL_REPRESENTATION('',(#6698),#6702);
#6698 = LINE('',#6699,#6700);
#6699 = CARTESIAN_POINT('',(-6.28318530718,0.));
#6700 = VECTOR('',#6701,1.);
#6701 = DIRECTION('',(-0.,-1.));
#6702 = ( GEOMETRIC_REPRESENTATION_CONTEXT(2) 
PARAMETRIC_REPRESENTATION_CONTEXT() REPRESENTATION_CONTEXT('2D SPACE',''
  ) );
#6703 = ORIENTED_EDGE('',*,*,#6645,.T.);
#6704 = ORIENTED_EDGE('',*,*,#6681,.F.);
#6705 = ORIENTED_EDGE('',*,*,#6706,.F.);
#6706 = EDGE_CURVE('',#6682,#6682,#6707,.T.);
#6707 = SURFACE_CURVE('',#6708,(#6713,#6720),.PCURVE_S1.);
#6708 = CIRCLE('',#6709,2.45);
#6709 = AXIS2_PLACEMENT_3D('',#6710,#6711,#6712);
#6710 = CARTESIAN_POINT('',(20.,191.,313.));
#6711 = DIRECTION('',(-1.224646799147E-16,-1.359631073447E-32,-1.));
#6712 = DIRECTION('',(1.110223024625E-16,-1.,0.));
#6713 = PCURVE('',#6662,#6714);
#6714 = DEFINITIONAL_REPRESENTATION('',(#6715),#6719);
#6715 = LINE('',#6716,#6717);
#6716 = CARTESIAN_POINT('',(-0.,0.));
#6717 = VECTOR('',#6718,1.);
#6718 = DIRECTION('',(-1.,0.));
#6719 = ( GEOMETRIC_REPRESENTATION_CONTEXT(2) 
PARAMETRIC_REPRESENTATION_CONTEXT() REPRESENTATION_CONTEXT('2D SPACE',''
  ) );
#6720 = PCURVE('',#6721,#6726);
#6721 = PLANE('',#6722);
#6722 = AXIS2_PLACEMENT_3D('',#6723,#6724,#6725);
#6723 = CARTESIAN_POINT('',(20.,191.,313.));
#6724 = DIRECTION('',(-1.224646799147E-16,-1.359631073447E-32,-1.));
#6725 = DIRECTION('',(1.110223024625E-16,-1.,0.));
#6726 = DEFINITIONAL_REPRESENTATION('',(#6727),#6731);
#6727 = CIRCLE('',#6728,2.45);
#6728 = AXIS2_PLACEMENT_2D('',#6729,#6730);
#6729 = CARTESIAN_POINT('',(0.,0.));
#6730 = DIRECTION('',(1.,0.));
#6731 = ( GEOMETRIC_REPRESENTATION_CONTEXT(2) 
PARAMETRIC_REPRESENTATION_CONTEXT() REPRESENTATION_CONTEXT('2D SPACE',''
  ) );
#6732 = ADVANCED_FACE('',(#6733),#6721,.F.);
#6733 = FACE_BOUND('',#6734,.F.);
#6734 = EDGE_LOOP('',(#6735));
#6735 = ORIENTED_EDGE('',*,*,#6706,.T.);
#6736 = ( GEOMETRIC_REPRESENTATION_CONTEXT(3) 
GLOBAL_UNCERTAINTY_ASSIGNED_CONTEXT((#6740)) 
GLOBAL_UNIT_ASSIGNED_CONTEXT((#6737,#6738,#6739)) REPRESENTATION_CONTEXT
('Context #1','3D Context with UNIT and UNCERTAINTY') );
#6737 = ( LENGTH_UNIT() NAMED_UNIT(*) SI_UNIT(.MILLI.,.METRE.) );
#6738 = ( NAMED_UNIT(*) PLANE_ANGLE_UNIT() SI_UNIT($,.RADIAN.) );
#6739 = ( NAMED_UNIT(*) SI_UNIT($,.STERADIAN.) SOLID_ANGLE_UNIT() );
#6740 = UNCERTAINTY_MEASURE_WITH_UNIT(LENGTH_MEASURE(1.E-07),#6737,
  'distance_accuracy_value','confusion accuracy');
#6741 = CONTEXT_DEPENDENT_SHAPE_REPRESENTATION(#6742,#6744);
#6742 = ( REPRESENTATION_RELATIONSHIP('','',#6547,#10) 
REPRESENTATION_RELATIONSHIP_WITH_TRANSFORMATION(#6743) 
SHAPE_REPRESENTATION_RELATIONSHIP() );
#6743 = ITEM_DEFINED_TRANSFORMATION('','',#11,#31);
#6744 = PRODUCT_DEFINITION_SHAPE('Placement','Placement of an item',
  #6745);
#6745 = NEXT_ASSEMBLY_USAGE_OCCURRENCE('74','U1_L_M5X16_1','',#5,#6542,$
  );
#6746 = PRODUCT_RELATED_PRODUCT_CATEGORY('part',$,(#6544));
#6747 = SHAPE_DEFINITION_REPRESENTATION(#6748,#6754);
#6748 = PRODUCT_DEFINITION_SHAPE('','',#6749);
#6749 = PRODUCT_DEFINITION('design','',#6750,#6753);
#6750 = PRODUCT_DEFINITION_FORMATION('','',#6751);
#6751 = PRODUCT('U1_L_W5_1','U1_L_W5_1','',(#6752));
#6752 = PRODUCT_CONTEXT('',#2,'mechanical');
#6753 = PRODUCT_DEFINITION_CONTEXT('part definition',#2,'design');
#6754 = ADVANCED_BREP_SHAPE_REPRESENTATION('',(#11,#6755),#7047);
#6755 = MANIFOLD_SOLID_BREP('',#6756);
#6756 = CLOSED_SHELL('',(#6757,#6845,#6900,#6935,#6970,#7020));
#6757 = ADVANCED_FACE('',(#6758),#6772,.T.);
#6758 = FACE_BOUND('',#6759,.F.);
#6759 = EDGE_LOOP('',(#6760,#6790,#6817,#6818));
#6760 = ORIENTED_EDGE('',*,*,#6761,.T.);
#6761 = EDGE_CURVE('',#6762,#6764,#6766,.T.);
#6762 = VERTEX_POINT('',#6763);
#6763 = CARTESIAN_POINT('',(20.,186.5,297.5));
#6764 = VERTEX_POINT('',#6765);
#6765 = CARTESIAN_POINT('',(20.,186.5,297.));
#6766 = SEAM_CURVE('',#6767,(#6771,#6783),.PCURVE_S1.);
#6767 = LINE('',#6768,#6769);
#6768 = CARTESIAN_POINT('',(20.,186.5,297.5));
#6769 = VECTOR('',#6770,1.);
#6770 = DIRECTION('',(-1.224646799147E-16,-1.359631073447E-32,-1.));
#6771 = PCURVE('',#6772,#6777);
#6772 = CYLINDRICAL_SURFACE('',#6773,4.5);
#6773 = AXIS2_PLACEMENT_3D('',#6774,#6775,#6776);
#6774 = CARTESIAN_POINT('',(20.,191.,297.5));
#6775 = DIRECTION('',(1.224646799147E-16,1.359631073447E-32,1.));
#6776 = DIRECTION('',(1.110223024625E-16,-1.,0.));
#6777 = DEFINITIONAL_REPRESENTATION('',(#6778),#6782);
#6778 = LINE('',#6779,#6780);
#6779 = CARTESIAN_POINT('',(-0.,0.));
#6780 = VECTOR('',#6781,1.);
#6781 = DIRECTION('',(-0.,-1.));
#6782 = ( GEOMETRIC_REPRESENTATION_CONTEXT(2) 
PARAMETRIC_REPRESENTATION_CONTEXT() REPRESENTATION_CONTEXT('2D SPACE',''
  ) );
#6783 = PCURVE('',#6772,#6784);
#6784 = DEFINITIONAL_REPRESENTATION('',(#6785),#6789);
#6785 = LINE('',#6786,#6787);
#6786 = CARTESIAN_POINT('',(-6.28318530718,0.));
#6787 = VECTOR('',#6788,1.);
#6788 = DIRECTION('',(-0.,-1.));
#6789 = ( GEOMETRIC_REPRESENTATION_CONTEXT(2) 
PARAMETRIC_REPRESENTATION_CONTEXT() REPRESENTATION_CONTEXT('2D SPACE',''
  ) );
#6790 = ORIENTED_EDGE('',*,*,#6791,.T.);
#6791 = EDGE_CURVE('',#6764,#6764,#6792,.T.);
#6792 = SURFACE_CURVE('',#6793,(#6798,#6805),.PCURVE_S1.);
#6793 = CIRCLE('',#6794,4.5);
#6794 = AXIS2_PLACEMENT_3D('',#6795,#6796,#6797);
#6795 = CARTESIAN_POINT('',(20.,191.,297.));
#6796 = DIRECTION('',(-1.224646799147E-16,-1.359631073447E-32,-1.));
#6797 = DIRECTION('',(1.110223024625E-16,-1.,0.));
#6798 = PCURVE('',#6772,#6799);
#6799 = DEFINITIONAL_REPRESENTATION('',(#6800),#6804);
#6800 = LINE('',#6801,#6802);
#6801 = CARTESIAN_POINT('',(-0.,-0.5));
#6802 = VECTOR('',#6803,1.);
#6803 = DIRECTION('',(-1.,0.));
#6804 = ( GEOMETRIC_REPRESENTATION_CONTEXT(2) 
PARAMETRIC_REPRESENTATION_CONTEXT() REPRESENTATION_CONTEXT('2D SPACE',''
  ) );
#6805 = PCURVE('',#6806,#6811);
#6806 = PLANE('',#6807);
#6807 = AXIS2_PLACEMENT_3D('',#6808,#6809,#6810);
#6808 = CARTESIAN_POINT('',(20.,191.,297.));
#6809 = DIRECTION('',(-1.224646799147E-16,-1.359631073447E-32,-1.));
#6810 = DIRECTION('',(1.110223024625E-16,-1.,0.));
#6811 = DEFINITIONAL_REPRESENTATION('',(#6812),#6816);
#6812 = CIRCLE('',#6813,4.5);
#6813 = AXIS2_PLACEMENT_2D('',#6814,#6815);
#6814 = CARTESIAN_POINT('',(0.,0.));
#6815 = DIRECTION('',(1.,0.));
#6816 = ( GEOMETRIC_REPRESENTATION_CONTEXT(2) 
PARAMETRIC_REPRESENTATION_CONTEXT() REPRESENTATION_CONTEXT('2D SPACE',''
  ) );
#6817 = ORIENTED_EDGE('',*,*,#6761,.F.);
#6818 = ORIENTED_EDGE('',*,*,#6819,.F.);
#6819 = EDGE_CURVE('',#6762,#6762,#6820,.T.);
#6820 = SURFACE_CURVE('',#6821,(#6826,#6833),.PCURVE_S1.);
#6821 = CIRCLE('',#6822,4.5);
#6822 = AXIS2_PLACEMENT_3D('',#6823,#6824,#6825);
#6823 = CARTESIAN_POINT('',(20.,191.,297.5));
#6824 = DIRECTION('',(-1.224646799147E-16,-1.359631073447E-32,-1.));
#6825 = DIRECTION('',(1.110223024625E-16,-1.,0.));
#6826 = PCURVE('',#6772,#6827);
#6827 = DEFINITIONAL_REPRESENTATION('',(#6828),#6832);
#6828 = LINE('',#6829,#6830);
#6829 = CARTESIAN_POINT('',(-0.,0.));
#6830 = VECTOR('',#6831,1.);
#6831 = DIRECTION('',(-1.,0.));
#6832 = ( GEOMETRIC_REPRESENTATION_CONTEXT(2) 
PARAMETRIC_REPRESENTATION_CONTEXT() REPRESENTATION_CONTEXT('2D SPACE',''
  ) );
#6833 = PCURVE('',#6834,#6839);
#6834 = CYLINDRICAL_SURFACE('',#6835,4.5);
#6835 = AXIS2_PLACEMENT_3D('',#6836,#6837,#6838);
#6836 = CARTESIAN_POINT('',(20.,191.,297.5));
#6837 = DIRECTION('',(-1.224646799147E-16,-1.359631073447E-32,-1.));
#6838 = DIRECTION('',(1.110223024625E-16,-1.,0.));
#6839 = DEFINITIONAL_REPRESENTATION('',(#6840),#6844);
#6840 = LINE('',#6841,#6842);
#6841 = CARTESIAN_POINT('',(0.,0.));
#6842 = VECTOR('',#6843,1.);
#6843 = DIRECTION('',(1.,0.));
#6844 = ( GEOMETRIC_REPRESENTATION_CONTEXT(2) 
PARAMETRIC_REPRESENTATION_CONTEXT() REPRESENTATION_CONTEXT('2D SPACE',''
  ) );
#6845 = ADVANCED_FACE('',(#6846),#6834,.T.);
#6846 = FACE_BOUND('',#6847,.T.);
#6847 = EDGE_LOOP('',(#6848,#6871,#6898,#6899));
#6848 = ORIENTED_EDGE('',*,*,#6849,.T.);
#6849 = EDGE_CURVE('',#6762,#6850,#6852,.T.);
#6850 = VERTEX_POINT('',#6851);
#6851 = CARTESIAN_POINT('',(20.,186.5,298.));
#6852 = SEAM_CURVE('',#6853,(#6857,#6864),.PCURVE_S1.);
#6853 = LINE('',#6854,#6855);
#6854 = CARTESIAN_POINT('',(20.,186.5,297.5));
#6855 = VECTOR('',#6856,1.);
#6856 = DIRECTION('',(1.224646799147E-16,1.359631073447E-32,1.));
#6857 = PCURVE('',#6834,#6858);
#6858 = DEFINITIONAL_REPRESENTATION('',(#6859),#6863);
#6859 = LINE('',#6860,#6861);
#6860 = CARTESIAN_POINT('',(0.,0.));
#6861 = VECTOR('',#6862,1.);
#6862 = DIRECTION('',(0.,-1.));
#6863 = ( GEOMETRIC_REPRESENTATION_CONTEXT(2) 
PARAMETRIC_REPRESENTATION_CONTEXT() REPRESENTATION_CONTEXT('2D SPACE',''
  ) );
#6864 = PCURVE('',#6834,#6865);
#6865 = DEFINITIONAL_REPRESENTATION('',(#6866),#6870);
#6866 = LINE('',#6867,#6868);
#6867 = CARTESIAN_POINT('',(6.28318530718,0.));
#6868 = VECTOR('',#6869,1.);
#6869 = DIRECTION('',(0.,-1.));
#6870 = ( GEOMETRIC_REPRESENTATION_CONTEXT(2) 
PARAMETRIC_REPRESENTATION_CONTEXT() REPRESENTATION_CONTEXT('2D SPACE',''
  ) );
#6871 = ORIENTED_EDGE('',*,*,#6872,.T.);
#6872 = EDGE_CURVE('',#6850,#6850,#6873,.T.);
#6873 = SURFACE_CURVE('',#6874,(#6879,#6886),.PCURVE_S1.);
#6874 = CIRCLE('',#6875,4.5);
#6875 = AXIS2_PLACEMENT_3D('',#6876,#6877,#6878);
#6876 = CARTESIAN_POINT('',(20.,191.,298.));
#6877 = DIRECTION('',(-1.224646799147E-16,-1.359631073447E-32,-1.));
#6878 = DIRECTION('',(1.110223024625E-16,-1.,0.));
#6879 = PCURVE('',#6834,#6880);
#6880 = DEFINITIONAL_REPRESENTATION('',(#6881),#6885);
#6881 = LINE('',#6882,#6883);
#6882 = CARTESIAN_POINT('',(0.,-0.5));
#6883 = VECTOR('',#6884,1.);
#6884 = DIRECTION('',(1.,0.));
#6885 = ( GEOMETRIC_REPRESENTATION_CONTEXT(2) 
PARAMETRIC_REPRESENTATION_CONTEXT() REPRESENTATION_CONTEXT('2D SPACE',''
  ) );
#6886 = PCURVE('',#6887,#6892);
#6887 = PLANE('',#6888);
#6888 = AXIS2_PLACEMENT_3D('',#6889,#6890,#6891);
#6889 = CARTESIAN_POINT('',(20.,191.,298.));
#6890 = DIRECTION('',(-1.224646799147E-16,-1.359631073447E-32,-1.));
#6891 = DIRECTION('',(1.110223024625E-16,-1.,0.));
#6892 = DEFINITIONAL_REPRESENTATION('',(#6893),#6897);
#6893 = CIRCLE('',#6894,4.5);
#6894 = AXIS2_PLACEMENT_2D('',#6895,#6896);
#6895 = CARTESIAN_POINT('',(0.,0.));
#6896 = DIRECTION('',(1.,0.));
#6897 = ( GEOMETRIC_REPRESENTATION_CONTEXT(2) 
PARAMETRIC_REPRESENTATION_CONTEXT() REPRESENTATION_CONTEXT('2D SPACE',''
  ) );
#6898 = ORIENTED_EDGE('',*,*,#6849,.F.);
#6899 = ORIENTED_EDGE('',*,*,#6819,.F.);
#6900 = ADVANCED_FACE('',(#6901,#6904),#6806,.T.);
#6901 = FACE_BOUND('',#6902,.T.);
#6902 = EDGE_LOOP('',(#6903));
#6903 = ORIENTED_EDGE('',*,*,#6791,.T.);
#6904 = FACE_BOUND('',#6905,.T.);
#6905 = EDGE_LOOP('',(#6906));
#6906 = ORIENTED_EDGE('',*,*,#6907,.F.);
#6907 = EDGE_CURVE('',#6908,#6908,#6910,.T.);
#6908 = VERTEX_POINT('',#6909);
#6909 = CARTESIAN_POINT('',(20.,188.35,297.));
#6910 = SURFACE_CURVE('',#6911,(#6916,#6923),.PCURVE_S1.);
#6911 = CIRCLE('',#6912,2.65);
#6912 = AXIS2_PLACEMENT_3D('',#6913,#6914,#6915);
#6913 = CARTESIAN_POINT('',(20.,191.,297.));
#6914 = DIRECTION('',(-1.224646799147E-16,-1.359631073447E-32,-1.));
#6915 = DIRECTION('',(1.110223024625E-16,-1.,0.));
#6916 = PCURVE('',#6806,#6917);
#6917 = DEFINITIONAL_REPRESENTATION('',(#6918),#6922);
#6918 = CIRCLE('',#6919,2.65);
#6919 = AXIS2_PLACEMENT_2D('',#6920,#6921);
#6920 = CARTESIAN_POINT('',(2.84217094304E-14,-3.5527136788E-15));
#6921 = DIRECTION('',(1.,0.));
#6922 = ( GEOMETRIC_REPRESENTATION_CONTEXT(2) 
PARAMETRIC_REPRESENTATION_CONTEXT() REPRESENTATION_CONTEXT('2D SPACE',''
  ) );
#6923 = PCURVE('',#6924,#6929);
#6924 = CYLINDRICAL_SURFACE('',#6925,2.65);
#6925 = AXIS2_PLACEMENT_3D('',#6926,#6927,#6928);
#6926 = CARTESIAN_POINT('',(20.,191.,297.5));
#6927 = DIRECTION('',(1.224646799147E-16,1.359631073447E-32,1.));
#6928 = DIRECTION('',(1.110223024625E-16,-1.,0.));
#6929 = DEFINITIONAL_REPRESENTATION('',(#6930),#6934);
#6930 = LINE('',#6931,#6932);
#6931 = CARTESIAN_POINT('',(-0.,-0.5));
#6932 = VECTOR('',#6933,1.);
#6933 = DIRECTION('',(-1.,0.));
#6934 = ( GEOMETRIC_REPRESENTATION_CONTEXT(2) 
PARAMETRIC_REPRESENTATION_CONTEXT() REPRESENTATION_CONTEXT('2D SPACE',''
  ) );
#6935 = ADVANCED_FACE('',(#6936,#6939),#6887,.F.);
#6936 = FACE_BOUND('',#6937,.F.);
#6937 = EDGE_LOOP('',(#6938));
#6938 = ORIENTED_EDGE('',*,*,#6872,.T.);
#6939 = FACE_BOUND('',#6940,.F.);
#6940 = EDGE_LOOP('',(#6941));
#6941 = ORIENTED_EDGE('',*,*,#6942,.F.);
#6942 = EDGE_CURVE('',#6943,#6943,#6945,.T.);
#6943 = VERTEX_POINT('',#6944);
#6944 = CARTESIAN_POINT('',(20.,188.35,298.));
#6945 = SURFACE_CURVE('',#6946,(#6951,#6958),.PCURVE_S1.);
#6946 = CIRCLE('',#6947,2.65);
#6947 = AXIS2_PLACEMENT_3D('',#6948,#6949,#6950);
#6948 = CARTESIAN_POINT('',(20.,191.,298.));
#6949 = DIRECTION('',(-1.224646799147E-16,-1.359631073447E-32,-1.));
#6950 = DIRECTION('',(1.110223024625E-16,-1.,0.));
#6951 = PCURVE('',#6887,#6952);
#6952 = DEFINITIONAL_REPRESENTATION('',(#6953),#6957);
#6953 = CIRCLE('',#6954,2.65);
#6954 = AXIS2_PLACEMENT_2D('',#6955,#6956);
#6955 = CARTESIAN_POINT('',(2.84217094304E-14,-3.5527136788E-15));
#6956 = DIRECTION('',(1.,0.));
#6957 = ( GEOMETRIC_REPRESENTATION_CONTEXT(2) 
PARAMETRIC_REPRESENTATION_CONTEXT() REPRESENTATION_CONTEXT('2D SPACE',''
  ) );
#6958 = PCURVE('',#6959,#6964);
#6959 = CYLINDRICAL_SURFACE('',#6960,2.65);
#6960 = AXIS2_PLACEMENT_3D('',#6961,#6962,#6963);
#6961 = CARTESIAN_POINT('',(20.,191.,297.5));
#6962 = DIRECTION('',(-1.224646799147E-16,-1.359631073447E-32,-1.));
#6963 = DIRECTION('',(1.110223024625E-16,-1.,0.));
#6964 = DEFINITIONAL_REPRESENTATION('',(#6965),#6969);
#6965 = LINE('',#6966,#6967);
#6966 = CARTESIAN_POINT('',(0.,-0.5));
#6967 = VECTOR('',#6968,1.);
#6968 = DIRECTION('',(1.,0.));
#6969 = ( GEOMETRIC_REPRESENTATION_CONTEXT(2) 
PARAMETRIC_REPRESENTATION_CONTEXT() REPRESENTATION_CONTEXT('2D SPACE',''
  ) );
#6970 = ADVANCED_FACE('',(#6971),#6924,.F.);
#6971 = FACE_BOUND('',#6972,.T.);
#6972 = EDGE_LOOP('',(#6973,#6996,#6997,#6998));
#6973 = ORIENTED_EDGE('',*,*,#6974,.T.);
#6974 = EDGE_CURVE('',#6975,#6908,#6977,.T.);
#6975 = VERTEX_POINT('',#6976);
#6976 = CARTESIAN_POINT('',(20.,188.35,297.5));
#6977 = SEAM_CURVE('',#6978,(#6982,#6989),.PCURVE_S1.);
#6978 = LINE('',#6979,#6980);
#6979 = CARTESIAN_POINT('',(20.,188.35,297.5));
#6980 = VECTOR('',#6981,1.);
#6981 = DIRECTION('',(-1.224646799147E-16,-1.359631073447E-32,-1.));
#6982 = PCURVE('',#6924,#6983);
#6983 = DEFINITIONAL_REPRESENTATION('',(#6984),#6988);
#6984 = LINE('',#6985,#6986);
#6985 = CARTESIAN_POINT('',(-0.,0.));
#6986 = VECTOR('',#6987,1.);
#6987 = DIRECTION('',(-0.,-1.));
#6988 = ( GEOMETRIC_REPRESENTATION_CONTEXT(2) 
PARAMETRIC_REPRESENTATION_CONTEXT() REPRESENTATION_CONTEXT('2D SPACE',''
  ) );
#6989 = PCURVE('',#6924,#6990);
#6990 = DEFINITIONAL_REPRESENTATION('',(#6991),#6995);
#6991 = LINE('',#6992,#6993);
#6992 = CARTESIAN_POINT('',(-6.28318530718,0.));
#6993 = VECTOR('',#6994,1.);
#6994 = DIRECTION('',(-0.,-1.));
#6995 = ( GEOMETRIC_REPRESENTATION_CONTEXT(2) 
PARAMETRIC_REPRESENTATION_CONTEXT() REPRESENTATION_CONTEXT('2D SPACE',''
  ) );
#6996 = ORIENTED_EDGE('',*,*,#6907,.T.);
#6997 = ORIENTED_EDGE('',*,*,#6974,.F.);
#6998 = ORIENTED_EDGE('',*,*,#6999,.F.);
#6999 = EDGE_CURVE('',#6975,#6975,#7000,.T.);
#7000 = SURFACE_CURVE('',#7001,(#7006,#7013),.PCURVE_S1.);
#7001 = CIRCLE('',#7002,2.65);
#7002 = AXIS2_PLACEMENT_3D('',#7003,#7004,#7005);
#7003 = CARTESIAN_POINT('',(20.,191.,297.5));
#7004 = DIRECTION('',(-1.224646799147E-16,-1.359631073447E-32,-1.));
#7005 = DIRECTION('',(1.110223024625E-16,-1.,0.));
#7006 = PCURVE('',#6924,#7007);
#7007 = DEFINITIONAL_REPRESENTATION('',(#7008),#7012);
#7008 = LINE('',#7009,#7010);
#7009 = CARTESIAN_POINT('',(-0.,0.));
#7010 = VECTOR('',#7011,1.);
#7011 = DIRECTION('',(-1.,0.));
#7012 = ( GEOMETRIC_REPRESENTATION_CONTEXT(2) 
PARAMETRIC_REPRESENTATION_CONTEXT() REPRESENTATION_CONTEXT('2D SPACE',''
  ) );
#7013 = PCURVE('',#6959,#7014);
#7014 = DEFINITIONAL_REPRESENTATION('',(#7015),#7019);
#7015 = LINE('',#7016,#7017);
#7016 = CARTESIAN_POINT('',(0.,0.));
#7017 = VECTOR('',#7018,1.);
#7018 = DIRECTION('',(1.,0.));
#7019 = ( GEOMETRIC_REPRESENTATION_CONTEXT(2) 
PARAMETRIC_REPRESENTATION_CONTEXT() REPRESENTATION_CONTEXT('2D SPACE',''
  ) );
#7020 = ADVANCED_FACE('',(#7021),#6959,.F.);
#7021 = FACE_BOUND('',#7022,.F.);
#7022 = EDGE_LOOP('',(#7023,#7044,#7045,#7046));
#7023 = ORIENTED_EDGE('',*,*,#7024,.T.);
#7024 = EDGE_CURVE('',#6975,#6943,#7025,.T.);
#7025 = SEAM_CURVE('',#7026,(#7030,#7037),.PCURVE_S1.);
#7026 = LINE('',#7027,#7028);
#7027 = CARTESIAN_POINT('',(20.,188.35,297.5));
#7028 = VECTOR('',#7029,1.);
#7029 = DIRECTION('',(1.224646799147E-16,1.359631073447E-32,1.));
#7030 = PCURVE('',#6959,#7031);
#7031 = DEFINITIONAL_REPRESENTATION('',(#7032),#7036);
#7032 = LINE('',#7033,#7034);
#7033 = CARTESIAN_POINT('',(0.,0.));
#7034 = VECTOR('',#7035,1.);
#7035 = DIRECTION('',(0.,-1.));
#7036 = ( GEOMETRIC_REPRESENTATION_CONTEXT(2) 
PARAMETRIC_REPRESENTATION_CONTEXT() REPRESENTATION_CONTEXT('2D SPACE',''
  ) );
#7037 = PCURVE('',#6959,#7038);
#7038 = DEFINITIONAL_REPRESENTATION('',(#7039),#7043);
#7039 = LINE('',#7040,#7041);
#7040 = CARTESIAN_POINT('',(6.28318530718,0.));
#7041 = VECTOR('',#7042,1.);
#7042 = DIRECTION('',(0.,-1.));
#7043 = ( GEOMETRIC_REPRESENTATION_CONTEXT(2) 
PARAMETRIC_REPRESENTATION_CONTEXT() REPRESENTATION_CONTEXT('2D SPACE',''
  ) );
#7044 = ORIENTED_EDGE('',*,*,#6942,.T.);
#7045 = ORIENTED_EDGE('',*,*,#7024,.F.);
#7046 = ORIENTED_EDGE('',*,*,#6999,.F.);
#7047 = ( GEOMETRIC_REPRESENTATION_CONTEXT(3) 
GLOBAL_UNCERTAINTY_ASSIGNED_CONTEXT((#7051)) 
GLOBAL_UNIT_ASSIGNED_CONTEXT((#7048,#7049,#7050)) REPRESENTATION_CONTEXT
('Context #1','3D Context with UNIT and UNCERTAINTY') );
#7048 = ( LENGTH_UNIT() NAMED_UNIT(*) SI_UNIT(.MILLI.,.METRE.) );
#7049 = ( NAMED_UNIT(*) PLANE_ANGLE_UNIT() SI_UNIT($,.RADIAN.) );
#7050 = ( NAMED_UNIT(*) SI_UNIT($,.STERADIAN.) SOLID_ANGLE_UNIT() );
#7051 = UNCERTAINTY_MEASURE_WITH_UNIT(LENGTH_MEASURE(1.E-07),#7048,
  'distance_accuracy_value','confusion accuracy');
#7052 = CONTEXT_DEPENDENT_SHAPE_REPRESENTATION(#7053,#7055);
#7053 = ( REPRESENTATION_RELATIONSHIP('','',#6754,#10) 
REPRESENTATION_RELATIONSHIP_WITH_TRANSFORMATION(#7054) 
SHAPE_REPRESENTATION_RELATIONSHIP() );
#7054 = ITEM_DEFINED_TRANSFORMATION('','',#11,#35);
#7055 = PRODUCT_DEFINITION_SHAPE('Placement','Placement of an item',
  #7056);
#7056 = NEXT_ASSEMBLY_USAGE_OCCURRENCE('75','U1_L_W5_1','',#5,#6749,$);
#7057 = PRODUCT_RELATED_PRODUCT_CATEGORY('part',$,(#6751));
#7058 = SHAPE_DEFINITION_REPRESENTATION(#7059,#7065);
#7059 = PRODUCT_DEFINITION_SHAPE('','',#7060);
#7060 = PRODUCT_DEFINITION('design','',#7061,#7064);
#7061 = PRODUCT_DEFINITION_FORMATION('','',#7062);
#7062 = PRODUCT('U1_L_HNTT8_5_1','U1_L_HNTT8_5_1','',(#7063));
#7063 = PRODUCT_CONTEXT('',#2,'mechanical');
#7064 = PRODUCT_DEFINITION_CONTEXT('part definition',#2,'design');
#7065 = ADVANCED_BREP_SHAPE_REPRESENTATION('',(#11,#7066),#7800);
#7066 = MANIFOLD_SOLID_BREP('',#7067);
#7067 = CLOSED_SHELL('',(#7068,#7300,#7376,#7425,#7496,#7545,#7607,#7682
    ,#7709,#7766,#7773));
#7068 = ADVANCED_FACE('',(#7069),#7083,.F.);
#7069 = FACE_BOUND('',#7070,.F.);
#7070 = EDGE_LOOP('',(#7071,#7106,#7134,#7162,#7190,#7218,#7246,#7274));
#7071 = ORIENTED_EDGE('',*,*,#7072,.F.);
#7072 = EDGE_CURVE('',#7073,#7075,#7077,.T.);
#7073 = VERTEX_POINT('',#7074);
#7074 = CARTESIAN_POINT('',(28.5,199.5,315.5));
#7075 = VERTEX_POINT('',#7076);
#7076 = CARTESIAN_POINT('',(28.5,199.5,309.5));
#7077 = SURFACE_CURVE('',#7078,(#7082,#7094),.PCURVE_S1.);
#7078 = LINE('',#7079,#7080);
#7079 = CARTESIAN_POINT('',(28.5,199.5,315.5));
#7080 = VECTOR('',#7081,1.);
#7081 = DIRECTION('',(-1.224646799147E-16,-1.359631073447E-32,-1.));
#7082 = PCURVE('',#7083,#7088);
#7083 = PLANE('',#7084);
#7084 = AXIS2_PLACEMENT_3D('',#7085,#7086,#7087);
#7085 = CARTESIAN_POINT('',(28.5,199.5,315.5));
#7086 = DIRECTION('',(1.110223024625E-16,-1.,0.));
#7087 = DIRECTION('',(-1.224646799147E-16,-1.359631073447E-32,-1.));
#7088 = DEFINITIONAL_REPRESENTATION('',(#7089),#7093);
#7089 = LINE('',#7090,#7091);
#7090 = CARTESIAN_POINT('',(-0.,0.));
#7091 = VECTOR('',#7092,1.);
#7092 = DIRECTION('',(1.,0.));
#7093 = ( GEOMETRIC_REPRESENTATION_CONTEXT(2) 
PARAMETRIC_REPRESENTATION_CONTEXT() REPRESENTATION_CONTEXT('2D SPACE',''
  ) );
#7094 = PCURVE('',#7095,#7100);
#7095 = PLANE('',#7096);
#7096 = AXIS2_PLACEMENT_3D('',#7097,#7098,#7099);
#7097 = CARTESIAN_POINT('',(28.5,199.5,315.5));
#7098 = DIRECTION('',(-1.,-1.110223024625E-16,1.224646799147E-16));
#7099 = DIRECTION('',(-1.224646799147E-16,-1.359631073447E-32,-1.));
#7100 = DEFINITIONAL_REPRESENTATION('',(#7101),#7105);
#7101 = LINE('',#7102,#7103);
#7102 = CARTESIAN_POINT('',(-0.,0.));
#7103 = VECTOR('',#7104,1.);
#7104 = DIRECTION('',(1.,0.));
#7105 = ( GEOMETRIC_REPRESENTATION_CONTEXT(2) 
PARAMETRIC_REPRESENTATION_CONTEXT() REPRESENTATION_CONTEXT('2D SPACE',''
  ) );
#7106 = ORIENTED_EDGE('',*,*,#7107,.T.);
#7107 = EDGE_CURVE('',#7073,#7108,#7110,.T.);
#7108 = VERTEX_POINT('',#7109);
#7109 = CARTESIAN_POINT('',(11.5,199.5,315.5));
#7110 = SURFACE_CURVE('',#7111,(#7115,#7122),.PCURVE_S1.);
#7111 = LINE('',#7112,#7113);
#7112 = CARTESIAN_POINT('',(28.5,199.5,315.5));
#7113 = VECTOR('',#7114,1.);
#7114 = DIRECTION('',(-1.,-1.110223024625E-16,1.224646799147E-16));
#7115 = PCURVE('',#7083,#7116);
#7116 = DEFINITIONAL_REPRESENTATION('',(#7117),#7121);
#7117 = LINE('',#7118,#7119);
#7118 = CARTESIAN_POINT('',(-0.,0.));
#7119 = VECTOR('',#7120,1.);
#7120 = DIRECTION('',(0.,-1.));
#7121 = ( GEOMETRIC_REPRESENTATION_CONTEXT(2) 
PARAMETRIC_REPRESENTATION_CONTEXT() REPRESENTATION_CONTEXT('2D SPACE',''
  ) );
#7122 = PCURVE('',#7123,#7128);
#7123 = PLANE('',#7124);
#7124 = AXIS2_PLACEMENT_3D('',#7125,#7126,#7127);
#7125 = CARTESIAN_POINT('',(28.5,199.5,315.5));
#7126 = DIRECTION('',(-1.224646799147E-16,-1.359631073447E-32,-1.));
#7127 = DIRECTION('',(1.110223024625E-16,-1.,0.));
#7128 = DEFINITIONAL_REPRESENTATION('',(#7129),#7133);
#7129 = LINE('',#7130,#7131);
#7130 = CARTESIAN_POINT('',(0.,0.));
#7131 = VECTOR('',#7132,1.);
#7132 = DIRECTION('',(0.,1.));
#7133 = ( GEOMETRIC_REPRESENTATION_CONTEXT(2) 
PARAMETRIC_REPRESENTATION_CONTEXT() REPRESENTATION_CONTEXT('2D SPACE',''
  ) );
#7134 = ORIENTED_EDGE('',*,*,#7135,.T.);
#7135 = EDGE_CURVE('',#7108,#7136,#7138,.T.);
#7136 = VERTEX_POINT('',#7137);
#7137 = CARTESIAN_POINT('',(11.5,199.5,309.5));
#7138 = SURFACE_CURVE('',#7139,(#7143,#7150),.PCURVE_S1.);
#7139 = LINE('',#7140,#7141);
#7140 = CARTESIAN_POINT('',(11.5,199.5,315.5));
#7141 = VECTOR('',#7142,1.);
#7142 = DIRECTION('',(-1.224646799147E-16,-1.359631073447E-32,-1.));
#7143 = PCURVE('',#7083,#7144);
#7144 = DEFINITIONAL_REPRESENTATION('',(#7145),#7149);
#7145 = LINE('',#7146,#7147);
#7146 = CARTESIAN_POINT('',(2.081899558551E-15,-17.));
#7147 = VECTOR('',#7148,1.);
#7148 = DIRECTION('',(1.,0.));
#7149 = ( GEOMETRIC_REPRESENTATION_CONTEXT(2) 
PARAMETRIC_REPRESENTATION_CONTEXT() REPRESENTATION_CONTEXT('2D SPACE',''
  ) );
#7150 = PCURVE('',#7151,#7156);
#7151 = PLANE('',#7152);
#7152 = AXIS2_PLACEMENT_3D('',#7153,#7154,#7155);
#7153 = CARTESIAN_POINT('',(11.5,199.5,315.5));
#7154 = DIRECTION('',(-1.,-1.110223024625E-16,1.224646799147E-16));
#7155 = DIRECTION('',(-1.224646799147E-16,-1.359631073447E-32,-1.));
#7156 = DEFINITIONAL_REPRESENTATION('',(#7157),#7161);
#7157 = LINE('',#7158,#7159);
#7158 = CARTESIAN_POINT('',(-0.,0.));
#7159 = VECTOR('',#7160,1.);
#7160 = DIRECTION('',(1.,0.));
#7161 = ( GEOMETRIC_REPRESENTATION_CONTEXT(2) 
PARAMETRIC_REPRESENTATION_CONTEXT() REPRESENTATION_CONTEXT('2D SPACE',''
  ) );
#7162 = ORIENTED_EDGE('',*,*,#7163,.F.);
#7163 = EDGE_CURVE('',#7164,#7136,#7166,.T.);
#7164 = VERTEX_POINT('',#7165);
#7165 = CARTESIAN_POINT('',(15.1,199.5,309.5));
#7166 = SURFACE_CURVE('',#7167,(#7171,#7178),.PCURVE_S1.);
#7167 = LINE('',#7168,#7169);
#7168 = CARTESIAN_POINT('',(28.5,199.5,309.5));
#7169 = VECTOR('',#7170,1.);
#7170 = DIRECTION('',(-1.,-1.110223024625E-16,1.224646799147E-16));
#7171 = PCURVE('',#7083,#7172);
#7172 = DEFINITIONAL_REPRESENTATION('',(#7173),#7177);
#7173 = LINE('',#7174,#7175);
#7174 = CARTESIAN_POINT('',(6.,7.347880794884E-16));
#7175 = VECTOR('',#7176,1.);
#7176 = DIRECTION('',(0.,-1.));
#7177 = ( GEOMETRIC_REPRESENTATION_CONTEXT(2) 
PARAMETRIC_REPRESENTATION_CONTEXT() REPRESENTATION_CONTEXT('2D SPACE',''
  ) );
#7178 = PCURVE('',#7179,#7184);
#7179 = PLANE('',#7180);
#7180 = AXIS2_PLACEMENT_3D('',#7181,#7182,#7183);
#7181 = CARTESIAN_POINT('',(28.5,199.5,309.5));
#7182 = DIRECTION('',(-1.224646799147E-16,-1.359631073447E-32,-1.));
#7183 = DIRECTION('',(1.110223024625E-16,-1.,0.));
#7184 = DEFINITIONAL_REPRESENTATION('',(#7185),#7189);
#7185 = LINE('',#7186,#7187);
#7186 = CARTESIAN_POINT('',(0.,0.));
#7187 = VECTOR('',#7188,1.);
#7188 = DIRECTION('',(0.,1.));
#7189 = ( GEOMETRIC_REPRESENTATION_CONTEXT(2) 
PARAMETRIC_REPRESENTATION_CONTEXT() REPRESENTATION_CONTEXT('2D SPACE',''
  ) );
#7190 = ORIENTED_EDGE('',*,*,#7191,.T.);
#7191 = EDGE_CURVE('',#7164,#7192,#7194,.T.);
#7192 = VERTEX_POINT('',#7193);
#7193 = CARTESIAN_POINT('',(15.1,199.5,306.5));
#7194 = SURFACE_CURVE('',#7195,(#7199,#7206),.PCURVE_S1.);
#7195 = LINE('',#7196,#7197);
#7196 = CARTESIAN_POINT('',(15.1,199.5,309.5));
#7197 = VECTOR('',#7198,1.);
#7198 = DIRECTION('',(-1.224646799147E-16,-1.359631073447E-32,-1.));
#7199 = PCURVE('',#7083,#7200);
#7200 = DEFINITIONAL_REPRESENTATION('',(#7201),#7205);
#7201 = LINE('',#7202,#7203);
#7202 = CARTESIAN_POINT('',(6.,-13.4));
#7203 = VECTOR('',#7204,1.);
#7204 = DIRECTION('',(1.,0.));
#7205 = ( GEOMETRIC_REPRESENTATION_CONTEXT(2) 
PARAMETRIC_REPRESENTATION_CONTEXT() REPRESENTATION_CONTEXT('2D SPACE',''
  ) );
#7206 = PCURVE('',#7207,#7212);
#7207 = PLANE('',#7208);
#7208 = AXIS2_PLACEMENT_3D('',#7209,#7210,#7211);
#7209 = CARTESIAN_POINT('',(15.1,199.5,309.5));
#7210 = DIRECTION('',(-1.,-1.110223024625E-16,1.224646799147E-16));
#7211 = DIRECTION('',(-1.224646799147E-16,-1.359631073447E-32,-1.));
#7212 = DEFINITIONAL_REPRESENTATION('',(#7213),#7217);
#7213 = LINE('',#7214,#7215);
#7214 = CARTESIAN_POINT('',(-0.,0.));
#7215 = VECTOR('',#7216,1.);
#7216 = DIRECTION('',(1.,0.));
#7217 = ( GEOMETRIC_REPRESENTATION_CONTEXT(2) 
PARAMETRIC_REPRESENTATION_CONTEXT() REPRESENTATION_CONTEXT('2D SPACE',''
  ) );
#7218 = ORIENTED_EDGE('',*,*,#7219,.F.);
#7219 = EDGE_CURVE('',#7220,#7192,#7222,.T.);
#7220 = VERTEX_POINT('',#7221);
#7221 = CARTESIAN_POINT('',(24.9,199.5,306.5));
#7222 = SURFACE_CURVE('',#7223,(#7227,#7234),.PCURVE_S1.);
#7223 = LINE('',#7224,#7225);
#7224 = CARTESIAN_POINT('',(24.9,199.5,306.5));
#7225 = VECTOR('',#7226,1.);
#7226 = DIRECTION('',(-1.,-1.110223024625E-16,1.224646799147E-16));
#7227 = PCURVE('',#7083,#7228);
#7228 = DEFINITIONAL_REPRESENTATION('',(#7229),#7233);
#7229 = LINE('',#7230,#7231);
#7230 = CARTESIAN_POINT('',(9.,-3.6));
#7231 = VECTOR('',#7232,1.);
#7232 = DIRECTION('',(0.,-1.));
#7233 = ( GEOMETRIC_REPRESENTATION_CONTEXT(2) 
PARAMETRIC_REPRESENTATION_CONTEXT() REPRESENTATION_CONTEXT('2D SPACE',''
  ) );
#7234 = PCURVE('',#7235,#7240);
#7235 = PLANE('',#7236);
#7236 = AXIS2_PLACEMENT_3D('',#7237,#7238,#7239);
#7237 = CARTESIAN_POINT('',(24.9,199.5,306.5));
#7238 = DIRECTION('',(-1.224646799147E-16,-1.359631073447E-32,-1.));
#7239 = DIRECTION('',(1.110223024625E-16,-1.,0.));
#7240 = DEFINITIONAL_REPRESENTATION('',(#7241),#7245);
#7241 = LINE('',#7242,#7243);
#7242 = CARTESIAN_POINT('',(0.,0.));
#7243 = VECTOR('',#7244,1.);
#7244 = DIRECTION('',(0.,1.));
#7245 = ( GEOMETRIC_REPRESENTATION_CONTEXT(2) 
PARAMETRIC_REPRESENTATION_CONTEXT() REPRESENTATION_CONTEXT('2D SPACE',''
  ) );
#7246 = ORIENTED_EDGE('',*,*,#7247,.F.);
#7247 = EDGE_CURVE('',#7248,#7220,#7250,.T.);
#7248 = VERTEX_POINT('',#7249);
#7249 = CARTESIAN_POINT('',(24.9,199.5,309.5));
#7250 = SURFACE_CURVE('',#7251,(#7255,#7262),.PCURVE_S1.);
#7251 = LINE('',#7252,#7253);
#7252 = CARTESIAN_POINT('',(24.9,199.5,309.5));
#7253 = VECTOR('',#7254,1.);
#7254 = DIRECTION('',(-1.224646799147E-16,-1.359631073447E-32,-1.));
#7255 = PCURVE('',#7083,#7256);
#7256 = DEFINITIONAL_REPRESENTATION('',(#7257),#7261);
#7257 = LINE('',#7258,#7259);
#7258 = CARTESIAN_POINT('',(6.,-3.6));
#7259 = VECTOR('',#7260,1.);
#7260 = DIRECTION('',(1.,0.));
#7261 = ( GEOMETRIC_REPRESENTATION_CONTEXT(2) 
PARAMETRIC_REPRESENTATION_CONTEXT() REPRESENTATION_CONTEXT('2D SPACE',''
  ) );
#7262 = PCURVE('',#7263,#7268);
#7263 = PLANE('',#7264);
#7264 = AXIS2_PLACEMENT_3D('',#7265,#7266,#7267);
#7265 = CARTESIAN_POINT('',(24.9,199.5,309.5));
#7266 = DIRECTION('',(-1.,-1.110223024625E-16,1.224646799147E-16));
#7267 = DIRECTION('',(-1.224646799147E-16,-1.359631073447E-32,-1.));
#7268 = DEFINITIONAL_REPRESENTATION('',(#7269),#7273);
#7269 = LINE('',#7270,#7271);
#7270 = CARTESIAN_POINT('',(-0.,0.));
#7271 = VECTOR('',#7272,1.);
#7272 = DIRECTION('',(1.,0.));
#7273 = ( GEOMETRIC_REPRESENTATION_CONTEXT(2) 
PARAMETRIC_REPRESENTATION_CONTEXT() REPRESENTATION_CONTEXT('2D SPACE',''
  ) );
#7274 = ORIENTED_EDGE('',*,*,#7275,.F.);
#7275 = EDGE_CURVE('',#7075,#7248,#7276,.T.);
#7276 = SURFACE_CURVE('',#7277,(#7281,#7288),.PCURVE_S1.);
#7277 = LINE('',#7278,#7279);
#7278 = CARTESIAN_POINT('',(28.5,199.5,309.5));
#7279 = VECTOR('',#7280,1.);
#7280 = DIRECTION('',(-1.,-1.110223024625E-16,1.224646799147E-16));
#7281 = PCURVE('',#7083,#7282);
#7282 = DEFINITIONAL_REPRESENTATION('',(#7283),#7287);
#7283 = LINE('',#7284,#7285);
#7284 = CARTESIAN_POINT('',(6.,7.347880794884E-16));
#7285 = VECTOR('',#7286,1.);
#7286 = DIRECTION('',(0.,-1.));
#7287 = ( GEOMETRIC_REPRESENTATION_CONTEXT(2) 
PARAMETRIC_REPRESENTATION_CONTEXT() REPRESENTATION_CONTEXT('2D SPACE',''
  ) );
#7288 = PCURVE('',#7289,#7294);
#7289 = PLANE('',#7290);
#7290 = AXIS2_PLACEMENT_3D('',#7291,#7292,#7293);
#7291 = CARTESIAN_POINT('',(28.5,199.5,309.5));
#7292 = DIRECTION('',(-1.224646799147E-16,-1.359631073447E-32,-1.));
#7293 = DIRECTION('',(1.110223024625E-16,-1.,0.));
#7294 = DEFINITIONAL_REPRESENTATION('',(#7295),#7299);
#7295 = LINE('',#7296,#7297);
#7296 = CARTESIAN_POINT('',(0.,0.));
#7297 = VECTOR('',#7298,1.);
#7298 = DIRECTION('',(0.,1.));
#7299 = ( GEOMETRIC_REPRESENTATION_CONTEXT(2) 
PARAMETRIC_REPRESENTATION_CONTEXT() REPRESENTATION_CONTEXT('2D SPACE',''
  ) );
#7300 = ADVANCED_FACE('',(#7301),#7095,.F.);
#7301 = FACE_BOUND('',#7302,.F.);
#7302 = EDGE_LOOP('',(#7303,#7326,#7327,#7350));
#7303 = ORIENTED_EDGE('',*,*,#7304,.F.);
#7304 = EDGE_CURVE('',#7073,#7305,#7307,.T.);
#7305 = VERTEX_POINT('',#7306);
#7306 = CARTESIAN_POINT('',(28.5,182.5,315.5));
#7307 = SURFACE_CURVE('',#7308,(#7312,#7319),.PCURVE_S1.);
#7308 = LINE('',#7309,#7310);
#7309 = CARTESIAN_POINT('',(28.5,199.5,315.5));
#7310 = VECTOR('',#7311,1.);
#7311 = DIRECTION('',(1.110223024625E-16,-1.,0.));
#7312 = PCURVE('',#7095,#7313);
#7313 = DEFINITIONAL_REPRESENTATION('',(#7314),#7318);
#7314 = LINE('',#7315,#7316);
#7315 = CARTESIAN_POINT('',(-0.,0.));
#7316 = VECTOR('',#7317,1.);
#7317 = DIRECTION('',(0.,1.));
#7318 = ( GEOMETRIC_REPRESENTATION_CONTEXT(2) 
PARAMETRIC_REPRESENTATION_CONTEXT() REPRESENTATION_CONTEXT('2D SPACE',''
  ) );
#7319 = PCURVE('',#7123,#7320);
#7320 = DEFINITIONAL_REPRESENTATION('',(#7321),#7325);
#7321 = LINE('',#7322,#7323);
#7322 = CARTESIAN_POINT('',(0.,0.));
#7323 = VECTOR('',#7324,1.);
#7324 = DIRECTION('',(1.,0.));
#7325 = ( GEOMETRIC_REPRESENTATION_CONTEXT(2) 
PARAMETRIC_REPRESENTATION_CONTEXT() REPRESENTATION_CONTEXT('2D SPACE',''
  ) );
#7326 = ORIENTED_EDGE('',*,*,#7072,.T.);
#7327 = ORIENTED_EDGE('',*,*,#7328,.T.);
#7328 = EDGE_CURVE('',#7075,#7329,#7331,.T.);
#7329 = VERTEX_POINT('',#7330);
#7330 = CARTESIAN_POINT('',(28.5,182.5,309.5));
#7331 = SURFACE_CURVE('',#7332,(#7336,#7343),.PCURVE_S1.);
#7332 = LINE('',#7333,#7334);
#7333 = CARTESIAN_POINT('',(28.5,199.5,309.5));
#7334 = VECTOR('',#7335,1.);
#7335 = DIRECTION('',(1.110223024625E-16,-1.,0.));
#7336 = PCURVE('',#7095,#7337);
#7337 = DEFINITIONAL_REPRESENTATION('',(#7338),#7342);
#7338 = LINE('',#7339,#7340);
#7339 = CARTESIAN_POINT('',(6.,0.));
#7340 = VECTOR('',#7341,1.);
#7341 = DIRECTION('',(0.,1.));
#7342 = ( GEOMETRIC_REPRESENTATION_CONTEXT(2) 
PARAMETRIC_REPRESENTATION_CONTEXT() REPRESENTATION_CONTEXT('2D SPACE',''
  ) );
#7343 = PCURVE('',#7289,#7344);
#7344 = DEFINITIONAL_REPRESENTATION('',(#7345),#7349);
#7345 = LINE('',#7346,#7347);
#7346 = CARTESIAN_POINT('',(0.,0.));
#7347 = VECTOR('',#7348,1.);
#7348 = DIRECTION('',(1.,0.));
#7349 = ( GEOMETRIC_REPRESENTATION_CONTEXT(2) 
PARAMETRIC_REPRESENTATION_CONTEXT() REPRESENTATION_CONTEXT('2D SPACE',''
  ) );
#7350 = ORIENTED_EDGE('',*,*,#7351,.F.);
#7351 = EDGE_CURVE('',#7305,#7329,#7352,.T.);
#7352 = SURFACE_CURVE('',#7353,(#7357,#7364),.PCURVE_S1.);
#7353 = LINE('',#7354,#7355);
#7354 = CARTESIAN_POINT('',(28.5,182.5,315.5));
#7355 = VECTOR('',#7356,1.);
#7356 = DIRECTION('',(-1.224646799147E-16,-1.359631073447E-32,-1.));
#7357 = PCURVE('',#7095,#7358);
#7358 = DEFINITIONAL_REPRESENTATION('',(#7359),#7363);
#7359 = LINE('',#7360,#7361);
#7360 = CARTESIAN_POINT('',(-2.03944661017E-31,17.));
#7361 = VECTOR('',#7362,1.);
#7362 = DIRECTION('',(1.,0.));
#7363 = ( GEOMETRIC_REPRESENTATION_CONTEXT(2) 
PARAMETRIC_REPRESENTATION_CONTEXT() REPRESENTATION_CONTEXT('2D SPACE',''
  ) );
#7364 = PCURVE('',#7365,#7370);
#7365 = PLANE('',#7366);
#7366 = AXIS2_PLACEMENT_3D('',#7367,#7368,#7369);
#7367 = CARTESIAN_POINT('',(28.5,182.5,315.5));
#7368 = DIRECTION('',(1.110223024625E-16,-1.,0.));
#7369 = DIRECTION('',(-1.224646799147E-16,-1.359631073447E-32,-1.));
#7370 = DEFINITIONAL_REPRESENTATION('',(#7371),#7375);
#7371 = LINE('',#7372,#7373);
#7372 = CARTESIAN_POINT('',(-0.,0.));
#7373 = VECTOR('',#7374,1.);
#7374 = DIRECTION('',(1.,0.));
#7375 = ( GEOMETRIC_REPRESENTATION_CONTEXT(2) 
PARAMETRIC_REPRESENTATION_CONTEXT() REPRESENTATION_CONTEXT('2D SPACE',''
  ) );
#7376 = ADVANCED_FACE('',(#7377),#7289,.T.);
#7377 = FACE_BOUND('',#7378,.T.);
#7378 = EDGE_LOOP('',(#7379,#7380,#7381,#7404));
#7379 = ORIENTED_EDGE('',*,*,#7275,.F.);
#7380 = ORIENTED_EDGE('',*,*,#7328,.T.);
#7381 = ORIENTED_EDGE('',*,*,#7382,.T.);
#7382 = EDGE_CURVE('',#7329,#7383,#7385,.T.);
#7383 = VERTEX_POINT('',#7384);
#7384 = CARTESIAN_POINT('',(24.9,182.5,309.5));
#7385 = SURFACE_CURVE('',#7386,(#7390,#7397),.PCURVE_S1.);
#7386 = LINE('',#7387,#7388);
#7387 = CARTESIAN_POINT('',(28.5,182.5,309.5));
#7388 = VECTOR('',#7389,1.);
#7389 = DIRECTION('',(-1.,-1.110223024625E-16,1.224646799147E-16));
#7390 = PCURVE('',#7289,#7391);
#7391 = DEFINITIONAL_REPRESENTATION('',(#7392),#7396);
#7392 = LINE('',#7393,#7394);
#7393 = CARTESIAN_POINT('',(17.,-1.665334536938E-15));
#7394 = VECTOR('',#7395,1.);
#7395 = DIRECTION('',(0.,1.));
#7396 = ( GEOMETRIC_REPRESENTATION_CONTEXT(2) 
PARAMETRIC_REPRESENTATION_CONTEXT() REPRESENTATION_CONTEXT('2D SPACE',''
  ) );
#7397 = PCURVE('',#7365,#7398);
#7398 = DEFINITIONAL_REPRESENTATION('',(#7399),#7403);
#7399 = LINE('',#7400,#7401);
#7400 = CARTESIAN_POINT('',(6.,7.347880794884E-16));
#7401 = VECTOR('',#7402,1.);
#7402 = DIRECTION('',(0.,-1.));
#7403 = ( GEOMETRIC_REPRESENTATION_CONTEXT(2) 
PARAMETRIC_REPRESENTATION_CONTEXT() REPRESENTATION_CONTEXT('2D SPACE',''
  ) );
#7404 = ORIENTED_EDGE('',*,*,#7405,.F.);
#7405 = EDGE_CURVE('',#7248,#7383,#7406,.T.);
#7406 = SURFACE_CURVE('',#7407,(#7411,#7418),.PCURVE_S1.);
#7407 = LINE('',#7408,#7409);
#7408 = CARTESIAN_POINT('',(24.9,199.5,309.5));
#7409 = VECTOR('',#7410,1.);
#7410 = DIRECTION('',(1.110223024625E-16,-1.,0.));
#7411 = PCURVE('',#7289,#7412);
#7412 = DEFINITIONAL_REPRESENTATION('',(#7413),#7417);
#7413 = LINE('',#7414,#7415);
#7414 = CARTESIAN_POINT('',(-3.996802888651E-16,3.6));
#7415 = VECTOR('',#7416,1.);
#7416 = DIRECTION('',(1.,0.));
#7417 = ( GEOMETRIC_REPRESENTATION_CONTEXT(2) 
PARAMETRIC_REPRESENTATION_CONTEXT() REPRESENTATION_CONTEXT('2D SPACE',''
  ) );
#7418 = PCURVE('',#7263,#7419);
#7419 = DEFINITIONAL_REPRESENTATION('',(#7420),#7424);
#7420 = LINE('',#7421,#7422);
#7421 = CARTESIAN_POINT('',(-0.,0.));
#7422 = VECTOR('',#7423,1.);
#7423 = DIRECTION('',(0.,1.));
#7424 = ( GEOMETRIC_REPRESENTATION_CONTEXT(2) 
PARAMETRIC_REPRESENTATION_CONTEXT() REPRESENTATION_CONTEXT('2D SPACE',''
  ) );
#7425 = ADVANCED_FACE('',(#7426),#7179,.T.);
#7426 = FACE_BOUND('',#7427,.T.);
#7427 = EDGE_LOOP('',(#7428,#7429,#7452,#7475));
#7428 = ORIENTED_EDGE('',*,*,#7163,.F.);
#7429 = ORIENTED_EDGE('',*,*,#7430,.T.);
#7430 = EDGE_CURVE('',#7164,#7431,#7433,.T.);
#7431 = VERTEX_POINT('',#7432);
#7432 = CARTESIAN_POINT('',(15.1,182.5,309.5));
#7433 = SURFACE_CURVE('',#7434,(#7438,#7445),.PCURVE_S1.);
#7434 = LINE('',#7435,#7436);
#7435 = CARTESIAN_POINT('',(15.1,199.5,309.5));
#7436 = VECTOR('',#7437,1.);
#7437 = DIRECTION('',(1.110223024625E-16,-1.,0.));
#7438 = PCURVE('',#7179,#7439);
#7439 = DEFINITIONAL_REPRESENTATION('',(#7440),#7444);
#7440 = LINE('',#7441,#7442);
#7441 = CARTESIAN_POINT('',(-1.487698852998E-15,13.4));
#7442 = VECTOR('',#7443,1.);
#7443 = DIRECTION('',(1.,0.));
#7444 = ( GEOMETRIC_REPRESENTATION_CONTEXT(2) 
PARAMETRIC_REPRESENTATION_CONTEXT() REPRESENTATION_CONTEXT('2D SPACE',''
  ) );
#7445 = PCURVE('',#7207,#7446);
#7446 = DEFINITIONAL_REPRESENTATION('',(#7447),#7451);
#7447 = LINE('',#7448,#7449);
#7448 = CARTESIAN_POINT('',(-0.,0.));
#7449 = VECTOR('',#7450,1.);
#7450 = DIRECTION('',(0.,1.));
#7451 = ( GEOMETRIC_REPRESENTATION_CONTEXT(2) 
PARAMETRIC_REPRESENTATION_CONTEXT() REPRESENTATION_CONTEXT('2D SPACE',''
  ) );
#7452 = ORIENTED_EDGE('',*,*,#7453,.T.);
#7453 = EDGE_CURVE('',#7431,#7454,#7456,.T.);
#7454 = VERTEX_POINT('',#7455);
#7455 = CARTESIAN_POINT('',(11.5,182.5,309.5));
#7456 = SURFACE_CURVE('',#7457,(#7461,#7468),.PCURVE_S1.);
#7457 = LINE('',#7458,#7459);
#7458 = CARTESIAN_POINT('',(28.5,182.5,309.5));
#7459 = VECTOR('',#7460,1.);
#7460 = DIRECTION('',(-1.,-1.110223024625E-16,1.224646799147E-16));
#7461 = PCURVE('',#7179,#7462);
#7462 = DEFINITIONAL_REPRESENTATION('',(#7463),#7467);
#7463 = LINE('',#7464,#7465);
#7464 = CARTESIAN_POINT('',(17.,-1.665334536938E-15));
#7465 = VECTOR('',#7466,1.);
#7466 = DIRECTION('',(0.,1.));
#7467 = ( GEOMETRIC_REPRESENTATION_CONTEXT(2) 
PARAMETRIC_REPRESENTATION_CONTEXT() REPRESENTATION_CONTEXT('2D SPACE',''
  ) );
#7468 = PCURVE('',#7365,#7469);
#7469 = DEFINITIONAL_REPRESENTATION('',(#7470),#7474);
#7470 = LINE('',#7471,#7472);
#7471 = CARTESIAN_POINT('',(6.,7.347880794884E-16));
#7472 = VECTOR('',#7473,1.);
#7473 = DIRECTION('',(0.,-1.));
#7474 = ( GEOMETRIC_REPRESENTATION_CONTEXT(2) 
PARAMETRIC_REPRESENTATION_CONTEXT() REPRESENTATION_CONTEXT('2D SPACE',''
  ) );
#7475 = ORIENTED_EDGE('',*,*,#7476,.F.);
#7476 = EDGE_CURVE('',#7136,#7454,#7477,.T.);
#7477 = SURFACE_CURVE('',#7478,(#7482,#7489),.PCURVE_S1.);
#7478 = LINE('',#7479,#7480);
#7479 = CARTESIAN_POINT('',(11.5,199.5,309.5));
#7480 = VECTOR('',#7481,1.);
#7481 = DIRECTION('',(1.110223024625E-16,-1.,0.));
#7482 = PCURVE('',#7179,#7483);
#7483 = DEFINITIONAL_REPRESENTATION('',(#7484),#7488);
#7484 = LINE('',#7485,#7486);
#7485 = CARTESIAN_POINT('',(-1.887379141863E-15,17.));
#7486 = VECTOR('',#7487,1.);
#7487 = DIRECTION('',(1.,0.));
#7488 = ( GEOMETRIC_REPRESENTATION_CONTEXT(2) 
PARAMETRIC_REPRESENTATION_CONTEXT() REPRESENTATION_CONTEXT('2D SPACE',''
  ) );
#7489 = PCURVE('',#7151,#7490);
#7490 = DEFINITIONAL_REPRESENTATION('',(#7491),#7495);
#7491 = LINE('',#7492,#7493);
#7492 = CARTESIAN_POINT('',(6.,0.));
#7493 = VECTOR('',#7494,1.);
#7494 = DIRECTION('',(0.,1.));
#7495 = ( GEOMETRIC_REPRESENTATION_CONTEXT(2) 
PARAMETRIC_REPRESENTATION_CONTEXT() REPRESENTATION_CONTEXT('2D SPACE',''
  ) );
#7496 = ADVANCED_FACE('',(#7497),#7151,.T.);
#7497 = FACE_BOUND('',#7498,.T.);
#7498 = EDGE_LOOP('',(#7499,#7522,#7523,#7524));
#7499 = ORIENTED_EDGE('',*,*,#7500,.F.);
#7500 = EDGE_CURVE('',#7108,#7501,#7503,.T.);
#7501 = VERTEX_POINT('',#7502);
#7502 = CARTESIAN_POINT('',(11.5,182.5,315.5));
#7503 = SURFACE_CURVE('',#7504,(#7508,#7515),.PCURVE_S1.);
#7504 = LINE('',#7505,#7506);
#7505 = CARTESIAN_POINT('',(11.5,199.5,315.5));
#7506 = VECTOR('',#7507,1.);
#7507 = DIRECTION('',(1.110223024625E-16,-1.,0.));
#7508 = PCURVE('',#7151,#7509);
#7509 = DEFINITIONAL_REPRESENTATION('',(#7510),#7514);
#7510 = LINE('',#7511,#7512);
#7511 = CARTESIAN_POINT('',(-0.,0.));
#7512 = VECTOR('',#7513,1.);
#7513 = DIRECTION('',(0.,1.));
#7514 = ( GEOMETRIC_REPRESENTATION_CONTEXT(2) 
PARAMETRIC_REPRESENTATION_CONTEXT() REPRESENTATION_CONTEXT('2D SPACE',''
  ) );
#7515 = PCURVE('',#7123,#7516);
#7516 = DEFINITIONAL_REPRESENTATION('',(#7517),#7521);
#7517 = LINE('',#7518,#7519);
#7518 = CARTESIAN_POINT('',(-1.887379141863E-15,17.));
#7519 = VECTOR('',#7520,1.);
#7520 = DIRECTION('',(1.,0.));
#7521 = ( GEOMETRIC_REPRESENTATION_CONTEXT(2) 
PARAMETRIC_REPRESENTATION_CONTEXT() REPRESENTATION_CONTEXT('2D SPACE',''
  ) );
#7522 = ORIENTED_EDGE('',*,*,#7135,.T.);
#7523 = ORIENTED_EDGE('',*,*,#7476,.T.);
#7524 = ORIENTED_EDGE('',*,*,#7525,.F.);
#7525 = EDGE_CURVE('',#7501,#7454,#7526,.T.);
#7526 = SURFACE_CURVE('',#7527,(#7531,#7538),.PCURVE_S1.);
#7527 = LINE('',#7528,#7529);
#7528 = CARTESIAN_POINT('',(11.5,182.5,315.5));
#7529 = VECTOR('',#7530,1.);
#7530 = DIRECTION('',(-1.224646799147E-16,-1.359631073447E-32,-1.));
#7531 = PCURVE('',#7151,#7532);
#7532 = DEFINITIONAL_REPRESENTATION('',(#7533),#7537);
#7533 = LINE('',#7534,#7535);
#7534 = CARTESIAN_POINT('',(1.359631073447E-32,17.));
#7535 = VECTOR('',#7536,1.);
#7536 = DIRECTION('',(1.,0.));
#7537 = ( GEOMETRIC_REPRESENTATION_CONTEXT(2) 
PARAMETRIC_REPRESENTATION_CONTEXT() REPRESENTATION_CONTEXT('2D SPACE',''
  ) );
#7538 = PCURVE('',#7365,#7539);
#7539 = DEFINITIONAL_REPRESENTATION('',(#7540),#7544);
#7540 = LINE('',#7541,#7542);
#7541 = CARTESIAN_POINT('',(2.081899558551E-15,-17.));
#7542 = VECTOR('',#7543,1.);
#7543 = DIRECTION('',(1.,0.));
#7544 = ( GEOMETRIC_REPRESENTATION_CONTEXT(2) 
PARAMETRIC_REPRESENTATION_CONTEXT() REPRESENTATION_CONTEXT('2D SPACE',''
  ) );
#7545 = ADVANCED_FACE('',(#7546,#7572),#7123,.F.);
#7546 = FACE_BOUND('',#7547,.F.);
#7547 = EDGE_LOOP('',(#7548,#7549,#7550,#7571));
#7548 = ORIENTED_EDGE('',*,*,#7107,.F.);
#7549 = ORIENTED_EDGE('',*,*,#7304,.T.);
#7550 = ORIENTED_EDGE('',*,*,#7551,.T.);
#7551 = EDGE_CURVE('',#7305,#7501,#7552,.T.);
#7552 = SURFACE_CURVE('',#7553,(#7557,#7564),.PCURVE_S1.);
#7553 = LINE('',#7554,#7555);
#7554 = CARTESIAN_POINT('',(28.5,182.5,315.5));
#7555 = VECTOR('',#7556,1.);
#7556 = DIRECTION('',(-1.,-1.110223024625E-16,1.224646799147E-16));
#7557 = PCURVE('',#7123,#7558);
#7558 = DEFINITIONAL_REPRESENTATION('',(#7559),#7563);
#7559 = LINE('',#7560,#7561);
#7560 = CARTESIAN_POINT('',(17.,-1.665334536938E-15));
#7561 = VECTOR('',#7562,1.);
#7562 = DIRECTION('',(0.,1.));
#7563 = ( GEOMETRIC_REPRESENTATION_CONTEXT(2) 
PARAMETRIC_REPRESENTATION_CONTEXT() REPRESENTATION_CONTEXT('2D SPACE',''
  ) );
#7564 = PCURVE('',#7365,#7565);
#7565 = DEFINITIONAL_REPRESENTATION('',(#7566),#7570);
#7566 = LINE('',#7567,#7568);
#7567 = CARTESIAN_POINT('',(-0.,0.));
#7568 = VECTOR('',#7569,1.);
#7569 = DIRECTION('',(0.,-1.));
#7570 = ( GEOMETRIC_REPRESENTATION_CONTEXT(2) 
PARAMETRIC_REPRESENTATION_CONTEXT() REPRESENTATION_CONTEXT('2D SPACE',''
  ) );
#7571 = ORIENTED_EDGE('',*,*,#7500,.F.);
#7572 = FACE_BOUND('',#7573,.F.);
#7573 = EDGE_LOOP('',(#7574));
#7574 = ORIENTED_EDGE('',*,*,#7575,.T.);
#7575 = EDGE_CURVE('',#7576,#7576,#7578,.T.);
#7576 = VERTEX_POINT('',#7577);
#7577 = CARTESIAN_POINT('',(20.,188.47,315.5));
#7578 = SURFACE_CURVE('',#7579,(#7584,#7595),.PCURVE_S1.);
#7579 = CIRCLE('',#7580,2.53);
#7580 = AXIS2_PLACEMENT_3D('',#7581,#7582,#7583);
#7581 = CARTESIAN_POINT('',(20.,191.,315.5));
#7582 = DIRECTION('',(1.224646799147E-16,1.359631073447E-32,1.));
#7583 = DIRECTION('',(1.110223024625E-16,-1.,0.));
#7584 = PCURVE('',#7123,#7585);
#7585 = DEFINITIONAL_REPRESENTATION('',(#7586),#7594);
#7586 = ( BOUNDED_CURVE() B_SPLINE_CURVE(2,(#7587,#7588,#7589,#7590,
#7591,#7592,#7593),.UNSPECIFIED.,.T.,.F.) B_SPLINE_CURVE_WITH_KNOTS((1,2
    ,2,2,2,1),(-2.094395102393,0.,2.094395102393,4.188790204786,
6.28318530718,8.377580409573),.UNSPECIFIED.) CURVE() 
GEOMETRIC_REPRESENTATION_ITEM() RATIONAL_B_SPLINE_CURVE((1.,0.5,1.,0.5,
1.,0.5,1.)) REPRESENTATION_ITEM('') );
#7587 = CARTESIAN_POINT('',(11.03,8.5));
#7588 = CARTESIAN_POINT('',(11.03,4.117911456851));
#7589 = CARTESIAN_POINT('',(7.235,6.308955728425));
#7590 = CARTESIAN_POINT('',(3.44,8.5));
#7591 = CARTESIAN_POINT('',(7.235,10.691044271575));
#7592 = CARTESIAN_POINT('',(11.03,12.882088543149));
#7593 = CARTESIAN_POINT('',(11.03,8.5));
#7594 = ( GEOMETRIC_REPRESENTATION_CONTEXT(2) 
PARAMETRIC_REPRESENTATION_CONTEXT() REPRESENTATION_CONTEXT('2D SPACE',''
  ) );
#7595 = PCURVE('',#7596,#7601);
#7596 = CYLINDRICAL_SURFACE('',#7597,2.53);
#7597 = AXIS2_PLACEMENT_3D('',#7598,#7599,#7600);
#7598 = CARTESIAN_POINT('',(20.,191.,316.));
#7599 = DIRECTION('',(1.224646799147E-16,1.359631073447E-32,1.));
#7600 = DIRECTION('',(1.110223024625E-16,-1.,0.));
#7601 = DEFINITIONAL_REPRESENTATION('',(#7602),#7606);
#7602 = LINE('',#7603,#7604);
#7603 = CARTESIAN_POINT('',(-6.28318530718,-0.5));
#7604 = VECTOR('',#7605,1.);
#7605 = DIRECTION('',(1.,-0.));
#7606 = ( GEOMETRIC_REPRESENTATION_CONTEXT(2) 
PARAMETRIC_REPRESENTATION_CONTEXT() REPRESENTATION_CONTEXT('2D SPACE',''
  ) );
#7607 = ADVANCED_FACE('',(#7608),#7365,.T.);
#7608 = FACE_BOUND('',#7609,.T.);
#7609 = EDGE_LOOP('',(#7610,#7611,#7612,#7613,#7614,#7637,#7660,#7681));
#7610 = ORIENTED_EDGE('',*,*,#7351,.F.);
#7611 = ORIENTED_EDGE('',*,*,#7551,.T.);
#7612 = ORIENTED_EDGE('',*,*,#7525,.T.);
#7613 = ORIENTED_EDGE('',*,*,#7453,.F.);
#7614 = ORIENTED_EDGE('',*,*,#7615,.T.);
#7615 = EDGE_CURVE('',#7431,#7616,#7618,.T.);
#7616 = VERTEX_POINT('',#7617);
#7617 = CARTESIAN_POINT('',(15.1,182.5,306.5));
#7618 = SURFACE_CURVE('',#7619,(#7623,#7630),.PCURVE_S1.);
#7619 = LINE('',#7620,#7621);
#7620 = CARTESIAN_POINT('',(15.1,182.5,309.5));
#7621 = VECTOR('',#7622,1.);
#7622 = DIRECTION('',(-1.224646799147E-16,-1.359631073447E-32,-1.));
#7623 = PCURVE('',#7365,#7624);
#7624 = DEFINITIONAL_REPRESENTATION('',(#7625),#7629);
#7625 = LINE('',#7626,#7627);
#7626 = CARTESIAN_POINT('',(6.,-13.4));
#7627 = VECTOR('',#7628,1.);
#7628 = DIRECTION('',(1.,0.));
#7629 = ( GEOMETRIC_REPRESENTATION_CONTEXT(2) 
PARAMETRIC_REPRESENTATION_CONTEXT() REPRESENTATION_CONTEXT('2D SPACE',''
  ) );
#7630 = PCURVE('',#7207,#7631);
#7631 = DEFINITIONAL_REPRESENTATION('',(#7632),#7636);
#7632 = LINE('',#7633,#7634);
#7633 = CARTESIAN_POINT('',(1.359631073447E-32,17.));
#7634 = VECTOR('',#7635,1.);
#7635 = DIRECTION('',(1.,0.));
#7636 = ( GEOMETRIC_REPRESENTATION_CONTEXT(2) 
PARAMETRIC_REPRESENTATION_CONTEXT() REPRESENTATION_CONTEXT('2D SPACE',''
  ) );
#7637 = ORIENTED_EDGE('',*,*,#7638,.F.);
#7638 = EDGE_CURVE('',#7639,#7616,#7641,.T.);
#7639 = VERTEX_POINT('',#7640);
#7640 = CARTESIAN_POINT('',(24.9,182.5,306.5));
#7641 = SURFACE_CURVE('',#7642,(#7646,#7653),.PCURVE_S1.);
#7642 = LINE('',#7643,#7644);
#7643 = CARTESIAN_POINT('',(24.9,182.5,306.5));
#7644 = VECTOR('',#7645,1.);
#7645 = DIRECTION('',(-1.,-1.110223024625E-16,1.224646799147E-16));
#7646 = PCURVE('',#7365,#7647);
#7647 = DEFINITIONAL_REPRESENTATION('',(#7648),#7652);
#7648 = LINE('',#7649,#7650);
#7649 = CARTESIAN_POINT('',(9.,-3.6));
#7650 = VECTOR('',#7651,1.);
#7651 = DIRECTION('',(0.,-1.));
#7652 = ( GEOMETRIC_REPRESENTATION_CONTEXT(2) 
PARAMETRIC_REPRESENTATION_CONTEXT() REPRESENTATION_CONTEXT('2D SPACE',''
  ) );
#7653 = PCURVE('',#7235,#7654);
#7654 = DEFINITIONAL_REPRESENTATION('',(#7655),#7659);
#7655 = LINE('',#7656,#7657);
#7656 = CARTESIAN_POINT('',(17.,-1.665334536938E-15));
#7657 = VECTOR('',#7658,1.);
#7658 = DIRECTION('',(0.,1.));
#7659 = ( GEOMETRIC_REPRESENTATION_CONTEXT(2) 
PARAMETRIC_REPRESENTATION_CONTEXT() REPRESENTATION_CONTEXT('2D SPACE',''
  ) );
#7660 = ORIENTED_EDGE('',*,*,#7661,.F.);
#7661 = EDGE_CURVE('',#7383,#7639,#7662,.T.);
#7662 = SURFACE_CURVE('',#7663,(#7667,#7674),.PCURVE_S1.);
#7663 = LINE('',#7664,#7665);
#7664 = CARTESIAN_POINT('',(24.9,182.5,309.5));
#7665 = VECTOR('',#7666,1.);
#7666 = DIRECTION('',(-1.224646799147E-16,-1.359631073447E-32,-1.));
#7667 = PCURVE('',#7365,#7668);
#7668 = DEFINITIONAL_REPRESENTATION('',(#7669),#7673);
#7669 = LINE('',#7670,#7671);
#7670 = CARTESIAN_POINT('',(6.,-3.6));
#7671 = VECTOR('',#7672,1.);
#7672 = DIRECTION('',(1.,0.));
#7673 = ( GEOMETRIC_REPRESENTATION_CONTEXT(2) 
PARAMETRIC_REPRESENTATION_CONTEXT() REPRESENTATION_CONTEXT('2D SPACE',''
  ) );
#7674 = PCURVE('',#7263,#7675);
#7675 = DEFINITIONAL_REPRESENTATION('',(#7676),#7680);
#7676 = LINE('',#7677,#7678);
#7677 = CARTESIAN_POINT('',(-2.03944661017E-31,17.));
#7678 = VECTOR('',#7679,1.);
#7679 = DIRECTION('',(1.,0.));
#7680 = ( GEOMETRIC_REPRESENTATION_CONTEXT(2) 
PARAMETRIC_REPRESENTATION_CONTEXT() REPRESENTATION_CONTEXT('2D SPACE',''
  ) );
#7681 = ORIENTED_EDGE('',*,*,#7382,.F.);
#7682 = ADVANCED_FACE('',(#7683),#7263,.F.);
#7683 = FACE_BOUND('',#7684,.F.);
#7684 = EDGE_LOOP('',(#7685,#7686,#7687,#7708));
#7685 = ORIENTED_EDGE('',*,*,#7405,.F.);
#7686 = ORIENTED_EDGE('',*,*,#7247,.T.);
#7687 = ORIENTED_EDGE('',*,*,#7688,.T.);
#7688 = EDGE_CURVE('',#7220,#7639,#7689,.T.);
#7689 = SURFACE_CURVE('',#7690,(#7694,#7701),.PCURVE_S1.);
#7690 = LINE('',#7691,#7692);
#7691 = CARTESIAN_POINT('',(24.9,199.5,306.5));
#7692 = VECTOR('',#7693,1.);
#7693 = DIRECTION('',(1.110223024625E-16,-1.,0.));
#7694 = PCURVE('',#7263,#7695);
#7695 = DEFINITIONAL_REPRESENTATION('',(#7696),#7700);
#7696 = LINE('',#7697,#7698);
#7697 = CARTESIAN_POINT('',(3.,0.));
#7698 = VECTOR('',#7699,1.);
#7699 = DIRECTION('',(0.,1.));
#7700 = ( GEOMETRIC_REPRESENTATION_CONTEXT(2) 
PARAMETRIC_REPRESENTATION_CONTEXT() REPRESENTATION_CONTEXT('2D SPACE',''
  ) );
#7701 = PCURVE('',#7235,#7702);
#7702 = DEFINITIONAL_REPRESENTATION('',(#7703),#7707);
#7703 = LINE('',#7704,#7705);
#7704 = CARTESIAN_POINT('',(0.,0.));
#7705 = VECTOR('',#7706,1.);
#7706 = DIRECTION('',(1.,0.));
#7707 = ( GEOMETRIC_REPRESENTATION_CONTEXT(2) 
PARAMETRIC_REPRESENTATION_CONTEXT() REPRESENTATION_CONTEXT('2D SPACE',''
  ) );
#7708 = ORIENTED_EDGE('',*,*,#7661,.F.);
#7709 = ADVANCED_FACE('',(#7710,#7736),#7235,.T.);
#7710 = FACE_BOUND('',#7711,.T.);
#7711 = EDGE_LOOP('',(#7712,#7713,#7714,#7715));
#7712 = ORIENTED_EDGE('',*,*,#7219,.F.);
#7713 = ORIENTED_EDGE('',*,*,#7688,.T.);
#7714 = ORIENTED_EDGE('',*,*,#7638,.T.);
#7715 = ORIENTED_EDGE('',*,*,#7716,.F.);
#7716 = EDGE_CURVE('',#7192,#7616,#7717,.T.);
#7717 = SURFACE_CURVE('',#7718,(#7722,#7729),.PCURVE_S1.);
#7718 = LINE('',#7719,#7720);
#7719 = CARTESIAN_POINT('',(15.1,199.5,306.5));
#7720 = VECTOR('',#7721,1.);
#7721 = DIRECTION('',(1.110223024625E-16,-1.,0.));
#7722 = PCURVE('',#7235,#7723);
#7723 = DEFINITIONAL_REPRESENTATION('',(#7724),#7728);
#7724 = LINE('',#7725,#7726);
#7725 = CARTESIAN_POINT('',(-1.088018564133E-15,9.8));
#7726 = VECTOR('',#7727,1.);
#7727 = DIRECTION('',(1.,0.));
#7728 = ( GEOMETRIC_REPRESENTATION_CONTEXT(2) 
PARAMETRIC_REPRESENTATION_CONTEXT() REPRESENTATION_CONTEXT('2D SPACE',''
  ) );
#7729 = PCURVE('',#7207,#7730);
#7730 = DEFINITIONAL_REPRESENTATION('',(#7731),#7735);
#7731 = LINE('',#7732,#7733);
#7732 = CARTESIAN_POINT('',(3.,0.));
#7733 = VECTOR('',#7734,1.);
#7734 = DIRECTION('',(0.,1.));
#7735 = ( GEOMETRIC_REPRESENTATION_CONTEXT(2) 
PARAMETRIC_REPRESENTATION_CONTEXT() REPRESENTATION_CONTEXT('2D SPACE',''
  ) );
#7736 = FACE_BOUND('',#7737,.T.);
#7737 = EDGE_LOOP('',(#7738));
#7738 = ORIENTED_EDGE('',*,*,#7739,.T.);
#7739 = EDGE_CURVE('',#7740,#7740,#7742,.T.);
#7740 = VERTEX_POINT('',#7741);
#7741 = CARTESIAN_POINT('',(20.,188.47,306.5));
#7742 = SURFACE_CURVE('',#7743,(#7748,#7759),.PCURVE_S1.);
#7743 = CIRCLE('',#7744,2.53);
#7744 = AXIS2_PLACEMENT_3D('',#7745,#7746,#7747);
#7745 = CARTESIAN_POINT('',(20.,191.,306.5));
#7746 = DIRECTION('',(1.224646799147E-16,1.359631073447E-32,1.));
#7747 = DIRECTION('',(1.110223024625E-16,-1.,0.));
#7748 = PCURVE('',#7235,#7749);
#7749 = DEFINITIONAL_REPRESENTATION('',(#7750),#7758);
#7750 = ( BOUNDED_CURVE() B_SPLINE_CURVE(2,(#7751,#7752,#7753,#7754,
#7755,#7756,#7757),.UNSPECIFIED.,.T.,.F.) B_SPLINE_CURVE_WITH_KNOTS((1,2
    ,2,2,2,1),(-2.094395102393,0.,2.094395102393,4.188790204786,
6.28318530718,8.377580409573),.UNSPECIFIED.) CURVE() 
GEOMETRIC_REPRESENTATION_ITEM() RATIONAL_B_SPLINE_CURVE((1.,0.5,1.,0.5,
1.,0.5,1.)) REPRESENTATION_ITEM('') );
#7751 = CARTESIAN_POINT('',(11.03,4.9));
#7752 = CARTESIAN_POINT('',(11.03,0.517911456851));
#7753 = CARTESIAN_POINT('',(7.235,2.708955728425));
#7754 = CARTESIAN_POINT('',(3.44,4.9));
#7755 = CARTESIAN_POINT('',(7.235,7.091044271575));
#7756 = CARTESIAN_POINT('',(11.03,9.282088543149));
#7757 = CARTESIAN_POINT('',(11.03,4.9));
#7758 = ( GEOMETRIC_REPRESENTATION_CONTEXT(2) 
PARAMETRIC_REPRESENTATION_CONTEXT() REPRESENTATION_CONTEXT('2D SPACE',''
  ) );
#7759 = PCURVE('',#7596,#7760);
#7760 = DEFINITIONAL_REPRESENTATION('',(#7761),#7765);
#7761 = LINE('',#7762,#7763);
#7762 = CARTESIAN_POINT('',(-6.28318530718,-9.5));
#7763 = VECTOR('',#7764,1.);
#7764 = DIRECTION('',(1.,-0.));
#7765 = ( GEOMETRIC_REPRESENTATION_CONTEXT(2) 
PARAMETRIC_REPRESENTATION_CONTEXT() REPRESENTATION_CONTEXT('2D SPACE',''
  ) );
#7766 = ADVANCED_FACE('',(#7767),#7207,.T.);
#7767 = FACE_BOUND('',#7768,.T.);
#7768 = EDGE_LOOP('',(#7769,#7770,#7771,#7772));
#7769 = ORIENTED_EDGE('',*,*,#7430,.F.);
#7770 = ORIENTED_EDGE('',*,*,#7191,.T.);
#7771 = ORIENTED_EDGE('',*,*,#7716,.T.);
#7772 = ORIENTED_EDGE('',*,*,#7615,.F.);
#7773 = ADVANCED_FACE('',(#7774),#7596,.F.);
#7774 = FACE_BOUND('',#7775,.T.);
#7775 = EDGE_LOOP('',(#7776,#7777,#7798,#7799));
#7776 = ORIENTED_EDGE('',*,*,#7575,.T.);
#7777 = ORIENTED_EDGE('',*,*,#7778,.T.);
#7778 = EDGE_CURVE('',#7576,#7740,#7779,.T.);
#7779 = SEAM_CURVE('',#7780,(#7784,#7791),.PCURVE_S1.);
#7780 = LINE('',#7781,#7782);
#7781 = CARTESIAN_POINT('',(20.,188.47,316.));
#7782 = VECTOR('',#7783,1.);
#7783 = DIRECTION('',(-1.224646799147E-16,-1.359631073447E-32,-1.));
#7784 = PCURVE('',#7596,#7785);
#7785 = DEFINITIONAL_REPRESENTATION('',(#7786),#7790);
#7786 = LINE('',#7787,#7788);
#7787 = CARTESIAN_POINT('',(-6.28318530718,0.));
#7788 = VECTOR('',#7789,1.);
#7789 = DIRECTION('',(-0.,-1.));
#7790 = ( GEOMETRIC_REPRESENTATION_CONTEXT(2) 
PARAMETRIC_REPRESENTATION_CONTEXT() REPRESENTATION_CONTEXT('2D SPACE',''
  ) );
#7791 = PCURVE('',#7596,#7792);
#7792 = DEFINITIONAL_REPRESENTATION('',(#7793),#7797);
#7793 = LINE('',#7794,#7795);
#7794 = CARTESIAN_POINT('',(-0.,0.));
#7795 = VECTOR('',#7796,1.);
#7796 = DIRECTION('',(-0.,-1.));
#7797 = ( GEOMETRIC_REPRESENTATION_CONTEXT(2) 
PARAMETRIC_REPRESENTATION_CONTEXT() REPRESENTATION_CONTEXT('2D SPACE',''
  ) );
#7798 = ORIENTED_EDGE('',*,*,#7739,.F.);
#7799 = ORIENTED_EDGE('',*,*,#7778,.F.);
#7800 = ( GEOMETRIC_REPRESENTATION_CONTEXT(3) 
GLOBAL_UNCERTAINTY_ASSIGNED_CONTEXT((#7804)) 
GLOBAL_UNIT_ASSIGNED_CONTEXT((#7801,#7802,#7803)) REPRESENTATION_CONTEXT
('Context #1','3D Context with UNIT and UNCERTAINTY') );
#7801 = ( LENGTH_UNIT() NAMED_UNIT(*) SI_UNIT(.MILLI.,.METRE.) );
#7802 = ( NAMED_UNIT(*) PLANE_ANGLE_UNIT() SI_UNIT($,.RADIAN.) );
#7803 = ( NAMED_UNIT(*) SI_UNIT($,.STERADIAN.) SOLID_ANGLE_UNIT() );
#7804 = UNCERTAINTY_MEASURE_WITH_UNIT(LENGTH_MEASURE(1.E-07),#7801,
  'distance_accuracy_value','confusion accuracy');
#7805 = CONTEXT_DEPENDENT_SHAPE_REPRESENTATION(#7806,#7808);
#7806 = ( REPRESENTATION_RELATIONSHIP('','',#7065,#10) 
REPRESENTATION_RELATIONSHIP_WITH_TRANSFORMATION(#7807) 
SHAPE_REPRESENTATION_RELATIONSHIP() );
#7807 = ITEM_DEFINED_TRANSFORMATION('','',#11,#39);
#7808 = PRODUCT_DEFINITION_SHAPE('Placement','Placement of an item',
  #7809);
#7809 = NEXT_ASSEMBLY_USAGE_OCCURRENCE('76','U1_L_HNTT8_5_1','',#5,#7060
  ,$);
#7810 = PRODUCT_RELATED_PRODUCT_CATEGORY('part',$,(#7062));
#7811 = SHAPE_DEFINITION_REPRESENTATION(#7812,#7818);
#7812 = PRODUCT_DEFINITION_SHAPE('','',#7813);
#7813 = PRODUCT_DEFINITION('design','',#7814,#7817);
#7814 = PRODUCT_DEFINITION_FORMATION('','',#7815);
#7815 = PRODUCT('U1_L_M5X16_2','U1_L_M5X16_2','',(#7816));
#7816 = PRODUCT_CONTEXT('',#2,'mechanical');
#7817 = PRODUCT_DEFINITION_CONTEXT('part definition',#2,'design');
#7818 = ADVANCED_BREP_SHAPE_REPRESENTATION('',(#11,#7819),#8007);
#7819 = MANIFOLD_SOLID_BREP('',#7820);
#7820 = CLOSED_SHELL('',(#7821,#7909,#7944,#7948,#8003));
#7821 = ADVANCED_FACE('',(#7822),#7836,.T.);
#7822 = FACE_BOUND('',#7823,.F.);
#7823 = EDGE_LOOP('',(#7824,#7854,#7881,#7882));
#7824 = ORIENTED_EDGE('',*,*,#7825,.T.);
#7825 = EDGE_CURVE('',#7826,#7828,#7830,.T.);
#7826 = VERTEX_POINT('',#7827);
#7827 = CARTESIAN_POINT('',(20.,154.75,297.));
#7828 = VERTEX_POINT('',#7829);
#7829 = CARTESIAN_POINT('',(20.,154.75,292.));
#7830 = SEAM_CURVE('',#7831,(#7835,#7847),.PCURVE_S1.);
#7831 = LINE('',#7832,#7833);
#7832 = CARTESIAN_POINT('',(20.,154.75,297.));
#7833 = VECTOR('',#7834,1.);
#7834 = DIRECTION('',(-1.224646799147E-16,-1.359631073447E-32,-1.));
#7835 = PCURVE('',#7836,#7841);
#7836 = CYLINDRICAL_SURFACE('',#7837,4.25);
#7837 = AXIS2_PLACEMENT_3D('',#7838,#7839,#7840);
#7838 = CARTESIAN_POINT('',(20.,159.,297.));
#7839 = DIRECTION('',(1.224646799147E-16,1.359631073447E-32,1.));
#7840 = DIRECTION('',(1.110223024625E-16,-1.,0.));
#7841 = DEFINITIONAL_REPRESENTATION('',(#7842),#7846);
#7842 = LINE('',#7843,#7844);
#7843 = CARTESIAN_POINT('',(-0.,0.));
#7844 = VECTOR('',#7845,1.);
#7845 = DIRECTION('',(-0.,-1.));
#7846 = ( GEOMETRIC_REPRESENTATION_CONTEXT(2) 
PARAMETRIC_REPRESENTATION_CONTEXT() REPRESENTATION_CONTEXT('2D SPACE',''
  ) );
#7847 = PCURVE('',#7836,#7848);
#7848 = DEFINITIONAL_REPRESENTATION('',(#7849),#7853);
#7849 = LINE('',#7850,#7851);
#7850 = CARTESIAN_POINT('',(-6.28318530718,0.));
#7851 = VECTOR('',#7852,1.);
#7852 = DIRECTION('',(-0.,-1.));
#7853 = ( GEOMETRIC_REPRESENTATION_CONTEXT(2) 
PARAMETRIC_REPRESENTATION_CONTEXT() REPRESENTATION_CONTEXT('2D SPACE',''
  ) );
#7854 = ORIENTED_EDGE('',*,*,#7855,.T.);
#7855 = EDGE_CURVE('',#7828,#7828,#7856,.T.);
#7856 = SURFACE_CURVE('',#7857,(#7862,#7869),.PCURVE_S1.);
#7857 = CIRCLE('',#7858,4.25);
#7858 = AXIS2_PLACEMENT_3D('',#7859,#7860,#7861);
#7859 = CARTESIAN_POINT('',(20.,159.,292.));
#7860 = DIRECTION('',(-1.224646799147E-16,-1.359631073447E-32,-1.));
#7861 = DIRECTION('',(1.110223024625E-16,-1.,0.));
#7862 = PCURVE('',#7836,#7863);
#7863 = DEFINITIONAL_REPRESENTATION('',(#7864),#7868);
#7864 = LINE('',#7865,#7866);
#7865 = CARTESIAN_POINT('',(-0.,-5.));
#7866 = VECTOR('',#7867,1.);
#7867 = DIRECTION('',(-1.,0.));
#7868 = ( GEOMETRIC_REPRESENTATION_CONTEXT(2) 
PARAMETRIC_REPRESENTATION_CONTEXT() REPRESENTATION_CONTEXT('2D SPACE',''
  ) );
#7869 = PCURVE('',#7870,#7875);
#7870 = PLANE('',#7871);
#7871 = AXIS2_PLACEMENT_3D('',#7872,#7873,#7874);
#7872 = CARTESIAN_POINT('',(20.,159.,292.));
#7873 = DIRECTION('',(-1.224646799147E-16,-1.359631073447E-32,-1.));
#7874 = DIRECTION('',(1.110223024625E-16,-1.,0.));
#7875 = DEFINITIONAL_REPRESENTATION('',(#7876),#7880);
#7876 = CIRCLE('',#7877,4.25);
#7877 = AXIS2_PLACEMENT_2D('',#7878,#7879);
#7878 = CARTESIAN_POINT('',(0.,0.));
#7879 = DIRECTION('',(1.,0.));
#7880 = ( GEOMETRIC_REPRESENTATION_CONTEXT(2) 
PARAMETRIC_REPRESENTATION_CONTEXT() REPRESENTATION_CONTEXT('2D SPACE',''
  ) );
#7881 = ORIENTED_EDGE('',*,*,#7825,.F.);
#7882 = ORIENTED_EDGE('',*,*,#7883,.F.);
#7883 = EDGE_CURVE('',#7826,#7826,#7884,.T.);
#7884 = SURFACE_CURVE('',#7885,(#7890,#7897),.PCURVE_S1.);
#7885 = CIRCLE('',#7886,4.25);
#7886 = AXIS2_PLACEMENT_3D('',#7887,#7888,#7889);
#7887 = CARTESIAN_POINT('',(20.,159.,297.));
#7888 = DIRECTION('',(-1.224646799147E-16,-1.359631073447E-32,-1.));
#7889 = DIRECTION('',(1.110223024625E-16,-1.,0.));
#7890 = PCURVE('',#7836,#7891);
#7891 = DEFINITIONAL_REPRESENTATION('',(#7892),#7896);
#7892 = LINE('',#7893,#7894);
#7893 = CARTESIAN_POINT('',(-0.,0.));
#7894 = VECTOR('',#7895,1.);
#7895 = DIRECTION('',(-1.,0.));
#7896 = ( GEOMETRIC_REPRESENTATION_CONTEXT(2) 
PARAMETRIC_REPRESENTATION_CONTEXT() REPRESENTATION_CONTEXT('2D SPACE',''
  ) );
#7897 = PCURVE('',#7898,#7903);
#7898 = PLANE('',#7899);
#7899 = AXIS2_PLACEMENT_3D('',#7900,#7901,#7902);
#7900 = CARTESIAN_POINT('',(20.,159.,297.));
#7901 = DIRECTION('',(-1.224646799147E-16,-1.359631073447E-32,-1.));
#7902 = DIRECTION('',(1.110223024625E-16,-1.,0.));
#7903 = DEFINITIONAL_REPRESENTATION('',(#7904),#7908);
#7904 = CIRCLE('',#7905,4.25);
#7905 = AXIS2_PLACEMENT_2D('',#7906,#7907);
#7906 = CARTESIAN_POINT('',(0.,0.));
#7907 = DIRECTION('',(1.,0.));
#7908 = ( GEOMETRIC_REPRESENTATION_CONTEXT(2) 
PARAMETRIC_REPRESENTATION_CONTEXT() REPRESENTATION_CONTEXT('2D SPACE',''
  ) );
#7909 = ADVANCED_FACE('',(#7910,#7913),#7898,.F.);
#7910 = FACE_BOUND('',#7911,.F.);
#7911 = EDGE_LOOP('',(#7912));
#7912 = ORIENTED_EDGE('',*,*,#7883,.T.);
#7913 = FACE_BOUND('',#7914,.F.);
#7914 = EDGE_LOOP('',(#7915));
#7915 = ORIENTED_EDGE('',*,*,#7916,.F.);
#7916 = EDGE_CURVE('',#7917,#7917,#7919,.T.);
#7917 = VERTEX_POINT('',#7918);
#7918 = CARTESIAN_POINT('',(20.,156.55,297.));
#7919 = SURFACE_CURVE('',#7920,(#7925,#7932),.PCURVE_S1.);
#7920 = CIRCLE('',#7921,2.45);
#7921 = AXIS2_PLACEMENT_3D('',#7922,#7923,#7924);
#7922 = CARTESIAN_POINT('',(20.,159.,297.));
#7923 = DIRECTION('',(-1.224646799147E-16,-1.359631073447E-32,-1.));
#7924 = DIRECTION('',(1.110223024625E-16,-1.,0.));
#7925 = PCURVE('',#7898,#7926);
#7926 = DEFINITIONAL_REPRESENTATION('',(#7927),#7931);
#7927 = CIRCLE('',#7928,2.45);
#7928 = AXIS2_PLACEMENT_2D('',#7929,#7930);
#7929 = CARTESIAN_POINT('',(0.,0.));
#7930 = DIRECTION('',(1.,0.));
#7931 = ( GEOMETRIC_REPRESENTATION_CONTEXT(2) 
PARAMETRIC_REPRESENTATION_CONTEXT() REPRESENTATION_CONTEXT('2D SPACE',''
  ) );
#7932 = PCURVE('',#7933,#7938);
#7933 = CYLINDRICAL_SURFACE('',#7934,2.45);
#7934 = AXIS2_PLACEMENT_3D('',#7935,#7936,#7937);
#7935 = CARTESIAN_POINT('',(20.,159.,313.));
#7936 = DIRECTION('',(1.224646799147E-16,1.359631073447E-32,1.));
#7937 = DIRECTION('',(1.110223024625E-16,-1.,0.));
#7938 = DEFINITIONAL_REPRESENTATION('',(#7939),#7943);
#7939 = LINE('',#7940,#7941);
#7940 = CARTESIAN_POINT('',(-0.,-16.));
#7941 = VECTOR('',#7942,1.);
#7942 = DIRECTION('',(-1.,0.));
#7943 = ( GEOMETRIC_REPRESENTATION_CONTEXT(2) 
PARAMETRIC_REPRESENTATION_CONTEXT() REPRESENTATION_CONTEXT('2D SPACE',''
  ) );
#7944 = ADVANCED_FACE('',(#7945),#7870,.T.);
#7945 = FACE_BOUND('',#7946,.T.);
#7946 = EDGE_LOOP('',(#7947));
#7947 = ORIENTED_EDGE('',*,*,#7855,.T.);
#7948 = ADVANCED_FACE('',(#7949),#7933,.T.);
#7949 = FACE_BOUND('',#7950,.F.);
#7950 = EDGE_LOOP('',(#7951,#7974,#7975,#7976));
#7951 = ORIENTED_EDGE('',*,*,#7952,.T.);
#7952 = EDGE_CURVE('',#7953,#7917,#7955,.T.);
#7953 = VERTEX_POINT('',#7954);
#7954 = CARTESIAN_POINT('',(20.,156.55,313.));
#7955 = SEAM_CURVE('',#7956,(#7960,#7967),.PCURVE_S1.);
#7956 = LINE('',#7957,#7958);
#7957 = CARTESIAN_POINT('',(20.,156.55,313.));
#7958 = VECTOR('',#7959,1.);
#7959 = DIRECTION('',(-1.224646799147E-16,-1.359631073447E-32,-1.));
#7960 = PCURVE('',#7933,#7961);
#7961 = DEFINITIONAL_REPRESENTATION('',(#7962),#7966);
#7962 = LINE('',#7963,#7964);
#7963 = CARTESIAN_POINT('',(-0.,0.));
#7964 = VECTOR('',#7965,1.);
#7965 = DIRECTION('',(-0.,-1.));
#7966 = ( GEOMETRIC_REPRESENTATION_CONTEXT(2) 
PARAMETRIC_REPRESENTATION_CONTEXT() REPRESENTATION_CONTEXT('2D SPACE',''
  ) );
#7967 = PCURVE('',#7933,#7968);
#7968 = DEFINITIONAL_REPRESENTATION('',(#7969),#7973);
#7969 = LINE('',#7970,#7971);
#7970 = CARTESIAN_POINT('',(-6.28318530718,0.));
#7971 = VECTOR('',#7972,1.);
#7972 = DIRECTION('',(-0.,-1.));
#7973 = ( GEOMETRIC_REPRESENTATION_CONTEXT(2) 
PARAMETRIC_REPRESENTATION_CONTEXT() REPRESENTATION_CONTEXT('2D SPACE',''
  ) );
#7974 = ORIENTED_EDGE('',*,*,#7916,.T.);
#7975 = ORIENTED_EDGE('',*,*,#7952,.F.);
#7976 = ORIENTED_EDGE('',*,*,#7977,.F.);
#7977 = EDGE_CURVE('',#7953,#7953,#7978,.T.);
#7978 = SURFACE_CURVE('',#7979,(#7984,#7991),.PCURVE_S1.);
#7979 = CIRCLE('',#7980,2.45);
#7980 = AXIS2_PLACEMENT_3D('',#7981,#7982,#7983);
#7981 = CARTESIAN_POINT('',(20.,159.,313.));
#7982 = DIRECTION('',(-1.224646799147E-16,-1.359631073447E-32,-1.));
#7983 = DIRECTION('',(1.110223024625E-16,-1.,0.));
#7984 = PCURVE('',#7933,#7985);
#7985 = DEFINITIONAL_REPRESENTATION('',(#7986),#7990);
#7986 = LINE('',#7987,#7988);
#7987 = CARTESIAN_POINT('',(-0.,0.));
#7988 = VECTOR('',#7989,1.);
#7989 = DIRECTION('',(-1.,0.));
#7990 = ( GEOMETRIC_REPRESENTATION_CONTEXT(2) 
PARAMETRIC_REPRESENTATION_CONTEXT() REPRESENTATION_CONTEXT('2D SPACE',''
  ) );
#7991 = PCURVE('',#7992,#7997);
#7992 = PLANE('',#7993);
#7993 = AXIS2_PLACEMENT_3D('',#7994,#7995,#7996);
#7994 = CARTESIAN_POINT('',(20.,159.,313.));
#7995 = DIRECTION('',(-1.224646799147E-16,-1.359631073447E-32,-1.));
#7996 = DIRECTION('',(1.110223024625E-16,-1.,0.));
#7997 = DEFINITIONAL_REPRESENTATION('',(#7998),#8002);
#7998 = CIRCLE('',#7999,2.45);
#7999 = AXIS2_PLACEMENT_2D('',#8000,#8001);
#8000 = CARTESIAN_POINT('',(0.,0.));
#8001 = DIRECTION('',(1.,0.));
#8002 = ( GEOMETRIC_REPRESENTATION_CONTEXT(2) 
PARAMETRIC_REPRESENTATION_CONTEXT() REPRESENTATION_CONTEXT('2D SPACE',''
  ) );
#8003 = ADVANCED_FACE('',(#8004),#7992,.F.);
#8004 = FACE_BOUND('',#8005,.F.);
#8005 = EDGE_LOOP('',(#8006));
#8006 = ORIENTED_EDGE('',*,*,#7977,.T.);
#8007 = ( GEOMETRIC_REPRESENTATION_CONTEXT(3) 
GLOBAL_UNCERTAINTY_ASSIGNED_CONTEXT((#8011)) 
GLOBAL_UNIT_ASSIGNED_CONTEXT((#8008,#8009,#8010)) REPRESENTATION_CONTEXT
('Context #1','3D Context with UNIT and UNCERTAINTY') );
#8008 = ( LENGTH_UNIT() NAMED_UNIT(*) SI_UNIT(.MILLI.,.METRE.) );
#8009 = ( NAMED_UNIT(*) PLANE_ANGLE_UNIT() SI_UNIT($,.RADIAN.) );
#8010 = ( NAMED_UNIT(*) SI_UNIT($,.STERADIAN.) SOLID_ANGLE_UNIT() );
#8011 = UNCERTAINTY_MEASURE_WITH_UNIT(LENGTH_MEASURE(1.E-07),#8008,
  'distance_accuracy_value','confusion accuracy');
#8012 = CONTEXT_DEPENDENT_SHAPE_REPRESENTATION(#8013,#8015);
#8013 = ( REPRESENTATION_RELATIONSHIP('','',#7818,#10) 
REPRESENTATION_RELATIONSHIP_WITH_TRANSFORMATION(#8014) 
SHAPE_REPRESENTATION_RELATIONSHIP() );
#8014 = ITEM_DEFINED_TRANSFORMATION('','',#11,#43);
#8015 = PRODUCT_DEFINITION_SHAPE('Placement','Placement of an item',
  #8016);
#8016 = NEXT_ASSEMBLY_USAGE_OCCURRENCE('77','U1_L_M5X16_2','',#5,#7813,$
  );
#8017 = PRODUCT_RELATED_PRODUCT_CATEGORY('part',$,(#7815));
#8018 = SHAPE_DEFINITION_REPRESENTATION(#8019,#8025);
#8019 = PRODUCT_DEFINITION_SHAPE('','',#8020);
#8020 = PRODUCT_DEFINITION('design','',#8021,#8024);
#8021 = PRODUCT_DEFINITION_FORMATION('','',#8022);
#8022 = PRODUCT('U1_L_W5_2','U1_L_W5_2','',(#8023));
#8023 = PRODUCT_CONTEXT('',#2,'mechanical');
#8024 = PRODUCT_DEFINITION_CONTEXT('part definition',#2,'design');
#8025 = ADVANCED_BREP_SHAPE_REPRESENTATION('',(#11,#8026),#8318);
#8026 = MANIFOLD_SOLID_BREP('',#8027);
#8027 = CLOSED_SHELL('',(#8028,#8116,#8171,#8206,#8241,#8291));
#8028 = ADVANCED_FACE('',(#8029),#8043,.T.);
#8029 = FACE_BOUND('',#8030,.F.);
#8030 = EDGE_LOOP('',(#8031,#8061,#8088,#8089));
#8031 = ORIENTED_EDGE('',*,*,#8032,.T.);
#8032 = EDGE_CURVE('',#8033,#8035,#8037,.T.);
#8033 = VERTEX_POINT('',#8034);
#8034 = CARTESIAN_POINT('',(20.,154.5,297.5));
#8035 = VERTEX_POINT('',#8036);
#8036 = CARTESIAN_POINT('',(20.,154.5,297.));
#8037 = SEAM_CURVE('',#8038,(#8042,#8054),.PCURVE_S1.);
#8038 = LINE('',#8039,#8040);
#8039 = CARTESIAN_POINT('',(20.,154.5,297.5));
#8040 = VECTOR('',#8041,1.);
#8041 = DIRECTION('',(-1.224646799147E-16,-1.359631073447E-32,-1.));
#8042 = PCURVE('',#8043,#8048);
#8043 = CYLINDRICAL_SURFACE('',#8044,4.5);
#8044 = AXIS2_PLACEMENT_3D('',#8045,#8046,#8047);
#8045 = CARTESIAN_POINT('',(20.,159.,297.5));
#8046 = DIRECTION('',(1.224646799147E-16,1.359631073447E-32,1.));
#8047 = DIRECTION('',(1.110223024625E-16,-1.,0.));
#8048 = DEFINITIONAL_REPRESENTATION('',(#8049),#8053);
#8049 = LINE('',#8050,#8051);
#8050 = CARTESIAN_POINT('',(-0.,0.));
#8051 = VECTOR('',#8052,1.);
#8052 = DIRECTION('',(-0.,-1.));
#8053 = ( GEOMETRIC_REPRESENTATION_CONTEXT(2) 
PARAMETRIC_REPRESENTATION_CONTEXT() REPRESENTATION_CONTEXT('2D SPACE',''
  ) );
#8054 = PCURVE('',#8043,#8055);
#8055 = DEFINITIONAL_REPRESENTATION('',(#8056),#8060);
#8056 = LINE('',#8057,#8058);
#8057 = CARTESIAN_POINT('',(-6.28318530718,0.));
#8058 = VECTOR('',#8059,1.);
#8059 = DIRECTION('',(-0.,-1.));
#8060 = ( GEOMETRIC_REPRESENTATION_CONTEXT(2) 
PARAMETRIC_REPRESENTATION_CONTEXT() REPRESENTATION_CONTEXT('2D SPACE',''
  ) );
#8061 = ORIENTED_EDGE('',*,*,#8062,.T.);
#8062 = EDGE_CURVE('',#8035,#8035,#8063,.T.);
#8063 = SURFACE_CURVE('',#8064,(#8069,#8076),.PCURVE_S1.);
#8064 = CIRCLE('',#8065,4.5);
#8065 = AXIS2_PLACEMENT_3D('',#8066,#8067,#8068);
#8066 = CARTESIAN_POINT('',(20.,159.,297.));
#8067 = DIRECTION('',(-1.224646799147E-16,-1.359631073447E-32,-1.));
#8068 = DIRECTION('',(1.110223024625E-16,-1.,0.));
#8069 = PCURVE('',#8043,#8070);
#8070 = DEFINITIONAL_REPRESENTATION('',(#8071),#8075);
#8071 = LINE('',#8072,#8073);
#8072 = CARTESIAN_POINT('',(-0.,-0.5));
#8073 = VECTOR('',#8074,1.);
#8074 = DIRECTION('',(-1.,0.));
#8075 = ( GEOMETRIC_REPRESENTATION_CONTEXT(2) 
PARAMETRIC_REPRESENTATION_CONTEXT() REPRESENTATION_CONTEXT('2D SPACE',''
  ) );
#8076 = PCURVE('',#8077,#8082);
#8077 = PLANE('',#8078);
#8078 = AXIS2_PLACEMENT_3D('',#8079,#8080,#8081);
#8079 = CARTESIAN_POINT('',(20.,159.,297.));
#8080 = DIRECTION('',(-1.224646799147E-16,-1.359631073447E-32,-1.));
#8081 = DIRECTION('',(1.110223024625E-16,-1.,0.));
#8082 = DEFINITIONAL_REPRESENTATION('',(#8083),#8087);
#8083 = CIRCLE('',#8084,4.5);
#8084 = AXIS2_PLACEMENT_2D('',#8085,#8086);
#8085 = CARTESIAN_POINT('',(0.,0.));
#8086 = DIRECTION('',(1.,0.));
#8087 = ( GEOMETRIC_REPRESENTATION_CONTEXT(2) 
PARAMETRIC_REPRESENTATION_CONTEXT() REPRESENTATION_CONTEXT('2D SPACE',''
  ) );
#8088 = ORIENTED_EDGE('',*,*,#8032,.F.);
#8089 = ORIENTED_EDGE('',*,*,#8090,.F.);
#8090 = EDGE_CURVE('',#8033,#8033,#8091,.T.);
#8091 = SURFACE_CURVE('',#8092,(#8097,#8104),.PCURVE_S1.);
#8092 = CIRCLE('',#8093,4.5);
#8093 = AXIS2_PLACEMENT_3D('',#8094,#8095,#8096);
#8094 = CARTESIAN_POINT('',(20.,159.,297.5));
#8095 = DIRECTION('',(-1.224646799147E-16,-1.359631073447E-32,-1.));
#8096 = DIRECTION('',(1.110223024625E-16,-1.,0.));
#8097 = PCURVE('',#8043,#8098);
#8098 = DEFINITIONAL_REPRESENTATION('',(#8099),#8103);
#8099 = LINE('',#8100,#8101);
#8100 = CARTESIAN_POINT('',(-0.,0.));
#8101 = VECTOR('',#8102,1.);
#8102 = DIRECTION('',(-1.,0.));
#8103 = ( GEOMETRIC_REPRESENTATION_CONTEXT(2) 
PARAMETRIC_REPRESENTATION_CONTEXT() REPRESENTATION_CONTEXT('2D SPACE',''
  ) );
#8104 = PCURVE('',#8105,#8110);
#8105 = CYLINDRICAL_SURFACE('',#8106,4.5);
#8106 = AXIS2_PLACEMENT_3D('',#8107,#8108,#8109);
#8107 = CARTESIAN_POINT('',(20.,159.,297.5));
#8108 = DIRECTION('',(-1.224646799147E-16,-1.359631073447E-32,-1.));
#8109 = DIRECTION('',(1.110223024625E-16,-1.,0.));
#8110 = DEFINITIONAL_REPRESENTATION('',(#8111),#8115);
#8111 = LINE('',#8112,#8113);
#8112 = CARTESIAN_POINT('',(0.,0.));
#8113 = VECTOR('',#8114,1.);
#8114 = DIRECTION('',(1.,0.));
#8115 = ( GEOMETRIC_REPRESENTATION_CONTEXT(2) 
PARAMETRIC_REPRESENTATION_CONTEXT() REPRESENTATION_CONTEXT('2D SPACE',''
  ) );
#8116 = ADVANCED_FACE('',(#8117),#8105,.T.);
#8117 = FACE_BOUND('',#8118,.T.);
#8118 = EDGE_LOOP('',(#8119,#8142,#8169,#8170));
#8119 = ORIENTED_EDGE('',*,*,#8120,.T.);
#8120 = EDGE_CURVE('',#8033,#8121,#8123,.T.);
#8121 = VERTEX_POINT('',#8122);
#8122 = CARTESIAN_POINT('',(20.,154.5,298.));
#8123 = SEAM_CURVE('',#8124,(#8128,#8135),.PCURVE_S1.);
#8124 = LINE('',#8125,#8126);
#8125 = CARTESIAN_POINT('',(20.,154.5,297.5));
#8126 = VECTOR('',#8127,1.);
#8127 = DIRECTION('',(1.224646799147E-16,1.359631073447E-32,1.));
#8128 = PCURVE('',#8105,#8129);
#8129 = DEFINITIONAL_REPRESENTATION('',(#8130),#8134);
#8130 = LINE('',#8131,#8132);
#8131 = CARTESIAN_POINT('',(0.,0.));
#8132 = VECTOR('',#8133,1.);
#8133 = DIRECTION('',(0.,-1.));
#8134 = ( GEOMETRIC_REPRESENTATION_CONTEXT(2) 
PARAMETRIC_REPRESENTATION_CONTEXT() REPRESENTATION_CONTEXT('2D SPACE',''
  ) );
#8135 = PCURVE('',#8105,#8136);
#8136 = DEFINITIONAL_REPRESENTATION('',(#8137),#8141);
#8137 = LINE('',#8138,#8139);
#8138 = CARTESIAN_POINT('',(6.28318530718,0.));
#8139 = VECTOR('',#8140,1.);
#8140 = DIRECTION('',(0.,-1.));
#8141 = ( GEOMETRIC_REPRESENTATION_CONTEXT(2) 
PARAMETRIC_REPRESENTATION_CONTEXT() REPRESENTATION_CONTEXT('2D SPACE',''
  ) );
#8142 = ORIENTED_EDGE('',*,*,#8143,.T.);
#8143 = EDGE_CURVE('',#8121,#8121,#8144,.T.);
#8144 = SURFACE_CURVE('',#8145,(#8150,#8157),.PCURVE_S1.);
#8145 = CIRCLE('',#8146,4.5);
#8146 = AXIS2_PLACEMENT_3D('',#8147,#8148,#8149);
#8147 = CARTESIAN_POINT('',(20.,159.,298.));
#8148 = DIRECTION('',(-1.224646799147E-16,-1.359631073447E-32,-1.));
#8149 = DIRECTION('',(1.110223024625E-16,-1.,0.));
#8150 = PCURVE('',#8105,#8151);
#8151 = DEFINITIONAL_REPRESENTATION('',(#8152),#8156);
#8152 = LINE('',#8153,#8154);
#8153 = CARTESIAN_POINT('',(0.,-0.5));
#8154 = VECTOR('',#8155,1.);
#8155 = DIRECTION('',(1.,0.));
#8156 = ( GEOMETRIC_REPRESENTATION_CONTEXT(2) 
PARAMETRIC_REPRESENTATION_CONTEXT() REPRESENTATION_CONTEXT('2D SPACE',''
  ) );
#8157 = PCURVE('',#8158,#8163);
#8158 = PLANE('',#8159);
#8159 = AXIS2_PLACEMENT_3D('',#8160,#8161,#8162);
#8160 = CARTESIAN_POINT('',(20.,159.,298.));
#8161 = DIRECTION('',(-1.224646799147E-16,-1.359631073447E-32,-1.));
#8162 = DIRECTION('',(1.110223024625E-16,-1.,0.));
#8163 = DEFINITIONAL_REPRESENTATION('',(#8164),#8168);
#8164 = CIRCLE('',#8165,4.5);
#8165 = AXIS2_PLACEMENT_2D('',#8166,#8167);
#8166 = CARTESIAN_POINT('',(0.,0.));
#8167 = DIRECTION('',(1.,0.));
#8168 = ( GEOMETRIC_REPRESENTATION_CONTEXT(2) 
PARAMETRIC_REPRESENTATION_CONTEXT() REPRESENTATION_CONTEXT('2D SPACE',''
  ) );
#8169 = ORIENTED_EDGE('',*,*,#8120,.F.);
#8170 = ORIENTED_EDGE('',*,*,#8090,.F.);
#8171 = ADVANCED_FACE('',(#8172,#8175),#8077,.T.);
#8172 = FACE_BOUND('',#8173,.T.);
#8173 = EDGE_LOOP('',(#8174));
#8174 = ORIENTED_EDGE('',*,*,#8062,.T.);
#8175 = FACE_BOUND('',#8176,.T.);
#8176 = EDGE_LOOP('',(#8177));
#8177 = ORIENTED_EDGE('',*,*,#8178,.F.);
#8178 = EDGE_CURVE('',#8179,#8179,#8181,.T.);
#8179 = VERTEX_POINT('',#8180);
#8180 = CARTESIAN_POINT('',(20.,156.35,297.));
#8181 = SURFACE_CURVE('',#8182,(#8187,#8194),.PCURVE_S1.);
#8182 = CIRCLE('',#8183,2.65);
#8183 = AXIS2_PLACEMENT_3D('',#8184,#8185,#8186);
#8184 = CARTESIAN_POINT('',(20.,159.,297.));
#8185 = DIRECTION('',(-1.224646799147E-16,-1.359631073447E-32,-1.));
#8186 = DIRECTION('',(1.110223024625E-16,-1.,0.));
#8187 = PCURVE('',#8077,#8188);
#8188 = DEFINITIONAL_REPRESENTATION('',(#8189),#8193);
#8189 = CIRCLE('',#8190,2.65);
#8190 = AXIS2_PLACEMENT_2D('',#8191,#8192);
#8191 = CARTESIAN_POINT('',(2.84217094304E-14,3.155443620884E-30));
#8192 = DIRECTION('',(1.,0.));
#8193 = ( GEOMETRIC_REPRESENTATION_CONTEXT(2) 
PARAMETRIC_REPRESENTATION_CONTEXT() REPRESENTATION_CONTEXT('2D SPACE',''
  ) );
#8194 = PCURVE('',#8195,#8200);
#8195 = CYLINDRICAL_SURFACE('',#8196,2.65);
#8196 = AXIS2_PLACEMENT_3D('',#8197,#8198,#8199);
#8197 = CARTESIAN_POINT('',(20.,159.,297.5));
#8198 = DIRECTION('',(1.224646799147E-16,1.359631073447E-32,1.));
#8199 = DIRECTION('',(1.110223024625E-16,-1.,0.));
#8200 = DEFINITIONAL_REPRESENTATION('',(#8201),#8205);
#8201 = LINE('',#8202,#8203);
#8202 = CARTESIAN_POINT('',(-0.,-0.5));
#8203 = VECTOR('',#8204,1.);
#8204 = DIRECTION('',(-1.,0.));
#8205 = ( GEOMETRIC_REPRESENTATION_CONTEXT(2) 
PARAMETRIC_REPRESENTATION_CONTEXT() REPRESENTATION_CONTEXT('2D SPACE',''
  ) );
#8206 = ADVANCED_FACE('',(#8207,#8210),#8158,.F.);
#8207 = FACE_BOUND('',#8208,.F.);
#8208 = EDGE_LOOP('',(#8209));
#8209 = ORIENTED_EDGE('',*,*,#8143,.T.);
#8210 = FACE_BOUND('',#8211,.F.);
#8211 = EDGE_LOOP('',(#8212));
#8212 = ORIENTED_EDGE('',*,*,#8213,.F.);
#8213 = EDGE_CURVE('',#8214,#8214,#8216,.T.);
#8214 = VERTEX_POINT('',#8215);
#8215 = CARTESIAN_POINT('',(20.,156.35,298.));
#8216 = SURFACE_CURVE('',#8217,(#8222,#8229),.PCURVE_S1.);
#8217 = CIRCLE('',#8218,2.65);
#8218 = AXIS2_PLACEMENT_3D('',#8219,#8220,#8221);
#8219 = CARTESIAN_POINT('',(20.,159.,298.));
#8220 = DIRECTION('',(-1.224646799147E-16,-1.359631073447E-32,-1.));
#8221 = DIRECTION('',(1.110223024625E-16,-1.,0.));
#8222 = PCURVE('',#8158,#8223);
#8223 = DEFINITIONAL_REPRESENTATION('',(#8224),#8228);
#8224 = CIRCLE('',#8225,2.65);
#8225 = AXIS2_PLACEMENT_2D('',#8226,#8227);
#8226 = CARTESIAN_POINT('',(2.84217094304E-14,3.155443620884E-30));
#8227 = DIRECTION('',(1.,0.));
#8228 = ( GEOMETRIC_REPRESENTATION_CONTEXT(2) 
PARAMETRIC_REPRESENTATION_CONTEXT() REPRESENTATION_CONTEXT('2D SPACE',''
  ) );
#8229 = PCURVE('',#8230,#8235);
#8230 = CYLINDRICAL_SURFACE('',#8231,2.65);
#8231 = AXIS2_PLACEMENT_3D('',#8232,#8233,#8234);
#8232 = CARTESIAN_POINT('',(20.,159.,297.5));
#8233 = DIRECTION('',(-1.224646799147E-16,-1.359631073447E-32,-1.));
#8234 = DIRECTION('',(1.110223024625E-16,-1.,0.));
#8235 = DEFINITIONAL_REPRESENTATION('',(#8236),#8240);
#8236 = LINE('',#8237,#8238);
#8237 = CARTESIAN_POINT('',(0.,-0.5));
#8238 = VECTOR('',#8239,1.);
#8239 = DIRECTION('',(1.,0.));
#8240 = ( GEOMETRIC_REPRESENTATION_CONTEXT(2) 
PARAMETRIC_REPRESENTATION_CONTEXT() REPRESENTATION_CONTEXT('2D SPACE',''
  ) );
#8241 = ADVANCED_FACE('',(#8242),#8195,.F.);
#8242 = FACE_BOUND('',#8243,.T.);
#8243 = EDGE_LOOP('',(#8244,#8267,#8268,#8269));
#8244 = ORIENTED_EDGE('',*,*,#8245,.T.);
#8245 = EDGE_CURVE('',#8246,#8179,#8248,.T.);
#8246 = VERTEX_POINT('',#8247);
#8247 = CARTESIAN_POINT('',(20.,156.35,297.5));
#8248 = SEAM_CURVE('',#8249,(#8253,#8260),.PCURVE_S1.);
#8249 = LINE('',#8250,#8251);
#8250 = CARTESIAN_POINT('',(20.,156.35,297.5));
#8251 = VECTOR('',#8252,1.);
#8252 = DIRECTION('',(-1.224646799147E-16,-1.359631073447E-32,-1.));
#8253 = PCURVE('',#8195,#8254);
#8254 = DEFINITIONAL_REPRESENTATION('',(#8255),#8259);
#8255 = LINE('',#8256,#8257);
#8256 = CARTESIAN_POINT('',(-0.,0.));
#8257 = VECTOR('',#8258,1.);
#8258 = DIRECTION('',(-0.,-1.));
#8259 = ( GEOMETRIC_REPRESENTATION_CONTEXT(2) 
PARAMETRIC_REPRESENTATION_CONTEXT() REPRESENTATION_CONTEXT('2D SPACE',''
  ) );
#8260 = PCURVE('',#8195,#8261);
#8261 = DEFINITIONAL_REPRESENTATION('',(#8262),#8266);
#8262 = LINE('',#8263,#8264);
#8263 = CARTESIAN_POINT('',(-6.28318530718,0.));
#8264 = VECTOR('',#8265,1.);
#8265 = DIRECTION('',(-0.,-1.));
#8266 = ( GEOMETRIC_REPRESENTATION_CONTEXT(2) 
PARAMETRIC_REPRESENTATION_CONTEXT() REPRESENTATION_CONTEXT('2D SPACE',''
  ) );
#8267 = ORIENTED_EDGE('',*,*,#8178,.T.);
#8268 = ORIENTED_EDGE('',*,*,#8245,.F.);
#8269 = ORIENTED_EDGE('',*,*,#8270,.F.);
#8270 = EDGE_CURVE('',#8246,#8246,#8271,.T.);
#8271 = SURFACE_CURVE('',#8272,(#8277,#8284),.PCURVE_S1.);
#8272 = CIRCLE('',#8273,2.65);
#8273 = AXIS2_PLACEMENT_3D('',#8274,#8275,#8276);
#8274 = CARTESIAN_POINT('',(20.,159.,297.5));
#8275 = DIRECTION('',(-1.224646799147E-16,-1.359631073447E-32,-1.));
#8276 = DIRECTION('',(1.110223024625E-16,-1.,0.));
#8277 = PCURVE('',#8195,#8278);
#8278 = DEFINITIONAL_REPRESENTATION('',(#8279),#8283);
#8279 = LINE('',#8280,#8281);
#8280 = CARTESIAN_POINT('',(-0.,0.));
#8281 = VECTOR('',#8282,1.);
#8282 = DIRECTION('',(-1.,0.));
#8283 = ( GEOMETRIC_REPRESENTATION_CONTEXT(2) 
PARAMETRIC_REPRESENTATION_CONTEXT() REPRESENTATION_CONTEXT('2D SPACE',''
  ) );
#8284 = PCURVE('',#8230,#8285);
#8285 = DEFINITIONAL_REPRESENTATION('',(#8286),#8290);
#8286 = LINE('',#8287,#8288);
#8287 = CARTESIAN_POINT('',(0.,0.));
#8288 = VECTOR('',#8289,1.);
#8289 = DIRECTION('',(1.,0.));
#8290 = ( GEOMETRIC_REPRESENTATION_CONTEXT(2) 
PARAMETRIC_REPRESENTATION_CONTEXT() REPRESENTATION_CONTEXT('2D SPACE',''
  ) );
#8291 = ADVANCED_FACE('',(#8292),#8230,.F.);
#8292 = FACE_BOUND('',#8293,.F.);
#8293 = EDGE_LOOP('',(#8294,#8315,#8316,#8317));
#8294 = ORIENTED_EDGE('',*,*,#8295,.T.);
#8295 = EDGE_CURVE('',#8246,#8214,#8296,.T.);
#8296 = SEAM_CURVE('',#8297,(#8301,#8308),.PCURVE_S1.);
#8297 = LINE('',#8298,#8299);
#8298 = CARTESIAN_POINT('',(20.,156.35,297.5));
#8299 = VECTOR('',#8300,1.);
#8300 = DIRECTION('',(1.224646799147E-16,1.359631073447E-32,1.));
#8301 = PCURVE('',#8230,#8302);
#8302 = DEFINITIONAL_REPRESENTATION('',(#8303),#8307);
#8303 = LINE('',#8304,#8305);
#8304 = CARTESIAN_POINT('',(0.,0.));
#8305 = VECTOR('',#8306,1.);
#8306 = DIRECTION('',(0.,-1.));
#8307 = ( GEOMETRIC_REPRESENTATION_CONTEXT(2) 
PARAMETRIC_REPRESENTATION_CONTEXT() REPRESENTATION_CONTEXT('2D SPACE',''
  ) );
#8308 = PCURVE('',#8230,#8309);
#8309 = DEFINITIONAL_REPRESENTATION('',(#8310),#8314);
#8310 = LINE('',#8311,#8312);
#8311 = CARTESIAN_POINT('',(6.28318530718,0.));
#8312 = VECTOR('',#8313,1.);
#8313 = DIRECTION('',(0.,-1.));
#8314 = ( GEOMETRIC_REPRESENTATION_CONTEXT(2) 
PARAMETRIC_REPRESENTATION_CONTEXT() REPRESENTATION_CONTEXT('2D SPACE',''
  ) );
#8315 = ORIENTED_EDGE('',*,*,#8213,.T.);
#8316 = ORIENTED_EDGE('',*,*,#8295,.F.);
#8317 = ORIENTED_EDGE('',*,*,#8270,.F.);
#8318 = ( GEOMETRIC_REPRESENTATION_CONTEXT(3) 
GLOBAL_UNCERTAINTY_ASSIGNED_CONTEXT((#8322)) 
GLOBAL_UNIT_ASSIGNED_CONTEXT((#8319,#8320,#8321)) REPRESENTATION_CONTEXT
('Context #1','3D Context with UNIT and UNCERTAINTY') );
#8319 = ( LENGTH_UNIT() NAMED_UNIT(*) SI_UNIT(.MILLI.,.METRE.) );
#8320 = ( NAMED_UNIT(*) PLANE_ANGLE_UNIT() SI_UNIT($,.RADIAN.) );
#8321 = ( NAMED_UNIT(*) SI_UNIT($,.STERADIAN.) SOLID_ANGLE_UNIT() );
#8322 = UNCERTAINTY_MEASURE_WITH_UNIT(LENGTH_MEASURE(1.E-07),#8319,
  'distance_accuracy_value','confusion accuracy');
#8323 = CONTEXT_DEPENDENT_SHAPE_REPRESENTATION(#8324,#8326);
#8324 = ( REPRESENTATION_RELATIONSHIP('','',#8025,#10) 
REPRESENTATION_RELATIONSHIP_WITH_TRANSFORMATION(#8325) 
SHAPE_REPRESENTATION_RELATIONSHIP() );
#8325 = ITEM_DEFINED_TRANSFORMATION('','',#11,#47);
#8326 = PRODUCT_DEFINITION_SHAPE('Placement','Placement of an item',
  #8327);
#8327 = NEXT_ASSEMBLY_USAGE_OCCURRENCE('78','U1_L_W5_2','',#5,#8020,$);
#8328 = PRODUCT_RELATED_PRODUCT_CATEGORY('part',$,(#8022));
#8329 = SHAPE_DEFINITION_REPRESENTATION(#8330,#8336);
#8330 = PRODUCT_DEFINITION_SHAPE('','',#8331);
#8331 = PRODUCT_DEFINITION('design','',#8332,#8335);
#8332 = PRODUCT_DEFINITION_FORMATION('','',#8333);
#8333 = PRODUCT('U1_L_HNTT8_5_2','U1_L_HNTT8_5_2','',(#8334));
#8334 = PRODUCT_CONTEXT('',#2,'mechanical');
#8335 = PRODUCT_DEFINITION_CONTEXT('part definition',#2,'design');
#8336 = ADVANCED_BREP_SHAPE_REPRESENTATION('',(#11,#8337),#9071);
#8337 = MANIFOLD_SOLID_BREP('',#8338);
#8338 = CLOSED_SHELL('',(#8339,#8571,#8647,#8696,#8767,#8816,#8878,#8953
    ,#8980,#9037,#9044));
#8339 = ADVANCED_FACE('',(#8340),#8354,.F.);
#8340 = FACE_BOUND('',#8341,.F.);
#8341 = EDGE_LOOP('',(#8342,#8377,#8405,#8433,#8461,#8489,#8517,#8545));
#8342 = ORIENTED_EDGE('',*,*,#8343,.F.);
#8343 = EDGE_CURVE('',#8344,#8346,#8348,.T.);
#8344 = VERTEX_POINT('',#8345);
#8345 = CARTESIAN_POINT('',(28.5,167.5,315.5));
#8346 = VERTEX_POINT('',#8347);
#8347 = CARTESIAN_POINT('',(28.5,167.5,309.5));
#8348 = SURFACE_CURVE('',#8349,(#8353,#8365),.PCURVE_S1.);
#8349 = LINE('',#8350,#8351);
#8350 = CARTESIAN_POINT('',(28.5,167.5,315.5));
#8351 = VECTOR('',#8352,1.);
#8352 = DIRECTION('',(-1.224646799147E-16,-1.359631073447E-32,-1.));
#8353 = PCURVE('',#8354,#8359);
#8354 = PLANE('',#8355);
#8355 = AXIS2_PLACEMENT_3D('',#8356,#8357,#8358);
#8356 = CARTESIAN_POINT('',(28.5,167.5,315.5));
#8357 = DIRECTION('',(1.110223024625E-16,-1.,0.));
#8358 = DIRECTION('',(-1.224646799147E-16,-1.359631073447E-32,-1.));
#8359 = DEFINITIONAL_REPRESENTATION('',(#8360),#8364);
#8360 = LINE('',#8361,#8362);
#8361 = CARTESIAN_POINT('',(-0.,0.));
#8362 = VECTOR('',#8363,1.);
#8363 = DIRECTION('',(1.,0.));
#8364 = ( GEOMETRIC_REPRESENTATION_CONTEXT(2) 
PARAMETRIC_REPRESENTATION_CONTEXT() REPRESENTATION_CONTEXT('2D SPACE',''
  ) );
#8365 = PCURVE('',#8366,#8371);
#8366 = PLANE('',#8367);
#8367 = AXIS2_PLACEMENT_3D('',#8368,#8369,#8370);
#8368 = CARTESIAN_POINT('',(28.5,167.5,315.5));
#8369 = DIRECTION('',(-1.,-1.110223024625E-16,1.224646799147E-16));
#8370 = DIRECTION('',(-1.224646799147E-16,-1.359631073447E-32,-1.));
#8371 = DEFINITIONAL_REPRESENTATION('',(#8372),#8376);
#8372 = LINE('',#8373,#8374);
#8373 = CARTESIAN_POINT('',(-0.,0.));
#8374 = VECTOR('',#8375,1.);
#8375 = DIRECTION('',(1.,0.));
#8376 = ( GEOMETRIC_REPRESENTATION_CONTEXT(2) 
PARAMETRIC_REPRESENTATION_CONTEXT() REPRESENTATION_CONTEXT('2D SPACE',''
  ) );
#8377 = ORIENTED_EDGE('',*,*,#8378,.T.);
#8378 = EDGE_CURVE('',#8344,#8379,#8381,.T.);
#8379 = VERTEX_POINT('',#8380);
#8380 = CARTESIAN_POINT('',(11.5,167.5,315.5));
#8381 = SURFACE_CURVE('',#8382,(#8386,#8393),.PCURVE_S1.);
#8382 = LINE('',#8383,#8384);
#8383 = CARTESIAN_POINT('',(28.5,167.5,315.5));
#8384 = VECTOR('',#8385,1.);
#8385 = DIRECTION('',(-1.,-1.110223024625E-16,1.224646799147E-16));
#8386 = PCURVE('',#8354,#8387);
#8387 = DEFINITIONAL_REPRESENTATION('',(#8388),#8392);
#8388 = LINE('',#8389,#8390);
#8389 = CARTESIAN_POINT('',(-0.,0.));
#8390 = VECTOR('',#8391,1.);
#8391 = DIRECTION('',(0.,-1.));
#8392 = ( GEOMETRIC_REPRESENTATION_CONTEXT(2) 
PARAMETRIC_REPRESENTATION_CONTEXT() REPRESENTATION_CONTEXT('2D SPACE',''
  ) );
#8393 = PCURVE('',#8394,#8399);
#8394 = PLANE('',#8395);
#8395 = AXIS2_PLACEMENT_3D('',#8396,#8397,#8398);
#8396 = CARTESIAN_POINT('',(28.5,167.5,315.5));
#8397 = DIRECTION('',(-1.224646799147E-16,-1.359631073447E-32,-1.));
#8398 = DIRECTION('',(1.110223024625E-16,-1.,0.));
#8399 = DEFINITIONAL_REPRESENTATION('',(#8400),#8404);
#8400 = LINE('',#8401,#8402);
#8401 = CARTESIAN_POINT('',(0.,0.));
#8402 = VECTOR('',#8403,1.);
#8403 = DIRECTION('',(0.,1.));
#8404 = ( GEOMETRIC_REPRESENTATION_CONTEXT(2) 
PARAMETRIC_REPRESENTATION_CONTEXT() REPRESENTATION_CONTEXT('2D SPACE',''
  ) );
#8405 = ORIENTED_EDGE('',*,*,#8406,.T.);
#8406 = EDGE_CURVE('',#8379,#8407,#8409,.T.);
#8407 = VERTEX_POINT('',#8408);
#8408 = CARTESIAN_POINT('',(11.5,167.5,309.5));
#8409 = SURFACE_CURVE('',#8410,(#8414,#8421),.PCURVE_S1.);
#8410 = LINE('',#8411,#8412);
#8411 = CARTESIAN_POINT('',(11.5,167.5,315.5));
#8412 = VECTOR('',#8413,1.);
#8413 = DIRECTION('',(-1.224646799147E-16,-1.359631073447E-32,-1.));
#8414 = PCURVE('',#8354,#8415);
#8415 = DEFINITIONAL_REPRESENTATION('',(#8416),#8420);
#8416 = LINE('',#8417,#8418);
#8417 = CARTESIAN_POINT('',(2.081899558551E-15,-17.));
#8418 = VECTOR('',#8419,1.);
#8419 = DIRECTION('',(1.,0.));
#8420 = ( GEOMETRIC_REPRESENTATION_CONTEXT(2) 
PARAMETRIC_REPRESENTATION_CONTEXT() REPRESENTATION_CONTEXT('2D SPACE',''
  ) );
#8421 = PCURVE('',#8422,#8427);
#8422 = PLANE('',#8423);
#8423 = AXIS2_PLACEMENT_3D('',#8424,#8425,#8426);
#8424 = CARTESIAN_POINT('',(11.5,167.5,315.5));
#8425 = DIRECTION('',(-1.,-1.110223024625E-16,1.224646799147E-16));
#8426 = DIRECTION('',(-1.224646799147E-16,-1.359631073447E-32,-1.));
#8427 = DEFINITIONAL_REPRESENTATION('',(#8428),#8432);
#8428 = LINE('',#8429,#8430);
#8429 = CARTESIAN_POINT('',(-0.,0.));
#8430 = VECTOR('',#8431,1.);
#8431 = DIRECTION('',(1.,0.));
#8432 = ( GEOMETRIC_REPRESENTATION_CONTEXT(2) 
PARAMETRIC_REPRESENTATION_CONTEXT() REPRESENTATION_CONTEXT('2D SPACE',''
  ) );
#8433 = ORIENTED_EDGE('',*,*,#8434,.F.);
#8434 = EDGE_CURVE('',#8435,#8407,#8437,.T.);
#8435 = VERTEX_POINT('',#8436);
#8436 = CARTESIAN_POINT('',(15.1,167.5,309.5));
#8437 = SURFACE_CURVE('',#8438,(#8442,#8449),.PCURVE_S1.);
#8438 = LINE('',#8439,#8440);
#8439 = CARTESIAN_POINT('',(28.5,167.5,309.5));
#8440 = VECTOR('',#8441,1.);
#8441 = DIRECTION('',(-1.,-1.110223024625E-16,1.224646799147E-16));
#8442 = PCURVE('',#8354,#8443);
#8443 = DEFINITIONAL_REPRESENTATION('',(#8444),#8448);
#8444 = LINE('',#8445,#8446);
#8445 = CARTESIAN_POINT('',(6.,7.347880794884E-16));
#8446 = VECTOR('',#8447,1.);
#8447 = DIRECTION('',(0.,-1.));
#8448 = ( GEOMETRIC_REPRESENTATION_CONTEXT(2) 
PARAMETRIC_REPRESENTATION_CONTEXT() REPRESENTATION_CONTEXT('2D SPACE',''
  ) );
#8449 = PCURVE('',#8450,#8455);
#8450 = PLANE('',#8451);
#8451 = AXIS2_PLACEMENT_3D('',#8452,#8453,#8454);
#8452 = CARTESIAN_POINT('',(28.5,167.5,309.5));
#8453 = DIRECTION('',(-1.224646799147E-16,-1.359631073447E-32,-1.));
#8454 = DIRECTION('',(1.110223024625E-16,-1.,0.));
#8455 = DEFINITIONAL_REPRESENTATION('',(#8456),#8460);
#8456 = LINE('',#8457,#8458);
#8457 = CARTESIAN_POINT('',(0.,0.));
#8458 = VECTOR('',#8459,1.);
#8459 = DIRECTION('',(0.,1.));
#8460 = ( GEOMETRIC_REPRESENTATION_CONTEXT(2) 
PARAMETRIC_REPRESENTATION_CONTEXT() REPRESENTATION_CONTEXT('2D SPACE',''
  ) );
#8461 = ORIENTED_EDGE('',*,*,#8462,.T.);
#8462 = EDGE_CURVE('',#8435,#8463,#8465,.T.);
#8463 = VERTEX_POINT('',#8464);
#8464 = CARTESIAN_POINT('',(15.1,167.5,306.5));
#8465 = SURFACE_CURVE('',#8466,(#8470,#8477),.PCURVE_S1.);
#8466 = LINE('',#8467,#8468);
#8467 = CARTESIAN_POINT('',(15.1,167.5,309.5));
#8468 = VECTOR('',#8469,1.);
#8469 = DIRECTION('',(-1.224646799147E-16,-1.359631073447E-32,-1.));
#8470 = PCURVE('',#8354,#8471);
#8471 = DEFINITIONAL_REPRESENTATION('',(#8472),#8476);
#8472 = LINE('',#8473,#8474);
#8473 = CARTESIAN_POINT('',(6.,-13.4));
#8474 = VECTOR('',#8475,1.);
#8475 = DIRECTION('',(1.,0.));
#8476 = ( GEOMETRIC_REPRESENTATION_CONTEXT(2) 
PARAMETRIC_REPRESENTATION_CONTEXT() REPRESENTATION_CONTEXT('2D SPACE',''
  ) );
#8477 = PCURVE('',#8478,#8483);
#8478 = PLANE('',#8479);
#8479 = AXIS2_PLACEMENT_3D('',#8480,#8481,#8482);
#8480 = CARTESIAN_POINT('',(15.1,167.5,309.5));
#8481 = DIRECTION('',(-1.,-1.110223024625E-16,1.224646799147E-16));
#8482 = DIRECTION('',(-1.224646799147E-16,-1.359631073447E-32,-1.));
#8483 = DEFINITIONAL_REPRESENTATION('',(#8484),#8488);
#8484 = LINE('',#8485,#8486);
#8485 = CARTESIAN_POINT('',(-0.,0.));
#8486 = VECTOR('',#8487,1.);
#8487 = DIRECTION('',(1.,0.));
#8488 = ( GEOMETRIC_REPRESENTATION_CONTEXT(2) 
PARAMETRIC_REPRESENTATION_CONTEXT() REPRESENTATION_CONTEXT('2D SPACE',''
  ) );
#8489 = ORIENTED_EDGE('',*,*,#8490,.F.);
#8490 = EDGE_CURVE('',#8491,#8463,#8493,.T.);
#8491 = VERTEX_POINT('',#8492);
#8492 = CARTESIAN_POINT('',(24.9,167.5,306.5));
#8493 = SURFACE_CURVE('',#8494,(#8498,#8505),.PCURVE_S1.);
#8494 = LINE('',#8495,#8496);
#8495 = CARTESIAN_POINT('',(24.9,167.5,306.5));
#8496 = VECTOR('',#8497,1.);
#8497 = DIRECTION('',(-1.,-1.110223024625E-16,1.224646799147E-16));
#8498 = PCURVE('',#8354,#8499);
#8499 = DEFINITIONAL_REPRESENTATION('',(#8500),#8504);
#8500 = LINE('',#8501,#8502);
#8501 = CARTESIAN_POINT('',(9.,-3.6));
#8502 = VECTOR('',#8503,1.);
#8503 = DIRECTION('',(0.,-1.));
#8504 = ( GEOMETRIC_REPRESENTATION_CONTEXT(2) 
PARAMETRIC_REPRESENTATION_CONTEXT() REPRESENTATION_CONTEXT('2D SPACE',''
  ) );
#8505 = PCURVE('',#8506,#8511);
#8506 = PLANE('',#8507);
#8507 = AXIS2_PLACEMENT_3D('',#8508,#8509,#8510);
#8508 = CARTESIAN_POINT('',(24.9,167.5,306.5));
#8509 = DIRECTION('',(-1.224646799147E-16,-1.359631073447E-32,-1.));
#8510 = DIRECTION('',(1.110223024625E-16,-1.,0.));
#8511 = DEFINITIONAL_REPRESENTATION('',(#8512),#8516);
#8512 = LINE('',#8513,#8514);
#8513 = CARTESIAN_POINT('',(0.,0.));
#8514 = VECTOR('',#8515,1.);
#8515 = DIRECTION('',(0.,1.));
#8516 = ( GEOMETRIC_REPRESENTATION_CONTEXT(2) 
PARAMETRIC_REPRESENTATION_CONTEXT() REPRESENTATION_CONTEXT('2D SPACE',''
  ) );
#8517 = ORIENTED_EDGE('',*,*,#8518,.F.);
#8518 = EDGE_CURVE('',#8519,#8491,#8521,.T.);
#8519 = VERTEX_POINT('',#8520);
#8520 = CARTESIAN_POINT('',(24.9,167.5,309.5));
#8521 = SURFACE_CURVE('',#8522,(#8526,#8533),.PCURVE_S1.);
#8522 = LINE('',#8523,#8524);
#8523 = CARTESIAN_POINT('',(24.9,167.5,309.5));
#8524 = VECTOR('',#8525,1.);
#8525 = DIRECTION('',(-1.224646799147E-16,-1.359631073447E-32,-1.));
#8526 = PCURVE('',#8354,#8527);
#8527 = DEFINITIONAL_REPRESENTATION('',(#8528),#8532);
#8528 = LINE('',#8529,#8530);
#8529 = CARTESIAN_POINT('',(6.,-3.6));
#8530 = VECTOR('',#8531,1.);
#8531 = DIRECTION('',(1.,0.));
#8532 = ( GEOMETRIC_REPRESENTATION_CONTEXT(2) 
PARAMETRIC_REPRESENTATION_CONTEXT() REPRESENTATION_CONTEXT('2D SPACE',''
  ) );
#8533 = PCURVE('',#8534,#8539);
#8534 = PLANE('',#8535);
#8535 = AXIS2_PLACEMENT_3D('',#8536,#8537,#8538);
#8536 = CARTESIAN_POINT('',(24.9,167.5,309.5));
#8537 = DIRECTION('',(-1.,-1.110223024625E-16,1.224646799147E-16));
#8538 = DIRECTION('',(-1.224646799147E-16,-1.359631073447E-32,-1.));
#8539 = DEFINITIONAL_REPRESENTATION('',(#8540),#8544);
#8540 = LINE('',#8541,#8542);
#8541 = CARTESIAN_POINT('',(-0.,0.));
#8542 = VECTOR('',#8543,1.);
#8543 = DIRECTION('',(1.,0.));
#8544 = ( GEOMETRIC_REPRESENTATION_CONTEXT(2) 
PARAMETRIC_REPRESENTATION_CONTEXT() REPRESENTATION_CONTEXT('2D SPACE',''
  ) );
#8545 = ORIENTED_EDGE('',*,*,#8546,.F.);
#8546 = EDGE_CURVE('',#8346,#8519,#8547,.T.);
#8547 = SURFACE_CURVE('',#8548,(#8552,#8559),.PCURVE_S1.);
#8548 = LINE('',#8549,#8550);
#8549 = CARTESIAN_POINT('',(28.5,167.5,309.5));
#8550 = VECTOR('',#8551,1.);
#8551 = DIRECTION('',(-1.,-1.110223024625E-16,1.224646799147E-16));
#8552 = PCURVE('',#8354,#8553);
#8553 = DEFINITIONAL_REPRESENTATION('',(#8554),#8558);
#8554 = LINE('',#8555,#8556);
#8555 = CARTESIAN_POINT('',(6.,7.347880794884E-16));
#8556 = VECTOR('',#8557,1.);
#8557 = DIRECTION('',(0.,-1.));
#8558 = ( GEOMETRIC_REPRESENTATION_CONTEXT(2) 
PARAMETRIC_REPRESENTATION_CONTEXT() REPRESENTATION_CONTEXT('2D SPACE',''
  ) );
#8559 = PCURVE('',#8560,#8565);
#8560 = PLANE('',#8561);
#8561 = AXIS2_PLACEMENT_3D('',#8562,#8563,#8564);
#8562 = CARTESIAN_POINT('',(28.5,167.5,309.5));
#8563 = DIRECTION('',(-1.224646799147E-16,-1.359631073447E-32,-1.));
#8564 = DIRECTION('',(1.110223024625E-16,-1.,0.));
#8565 = DEFINITIONAL_REPRESENTATION('',(#8566),#8570);
#8566 = LINE('',#8567,#8568);
#8567 = CARTESIAN_POINT('',(0.,0.));
#8568 = VECTOR('',#8569,1.);
#8569 = DIRECTION('',(0.,1.));
#8570 = ( GEOMETRIC_REPRESENTATION_CONTEXT(2) 
PARAMETRIC_REPRESENTATION_CONTEXT() REPRESENTATION_CONTEXT('2D SPACE',''
  ) );
#8571 = ADVANCED_FACE('',(#8572),#8366,.F.);
#8572 = FACE_BOUND('',#8573,.F.);
#8573 = EDGE_LOOP('',(#8574,#8597,#8598,#8621));
#8574 = ORIENTED_EDGE('',*,*,#8575,.F.);
#8575 = EDGE_CURVE('',#8344,#8576,#8578,.T.);
#8576 = VERTEX_POINT('',#8577);
#8577 = CARTESIAN_POINT('',(28.5,150.5,315.5));
#8578 = SURFACE_CURVE('',#8579,(#8583,#8590),.PCURVE_S1.);
#8579 = LINE('',#8580,#8581);
#8580 = CARTESIAN_POINT('',(28.5,167.5,315.5));
#8581 = VECTOR('',#8582,1.);
#8582 = DIRECTION('',(1.110223024625E-16,-1.,0.));
#8583 = PCURVE('',#8366,#8584);
#8584 = DEFINITIONAL_REPRESENTATION('',(#8585),#8589);
#8585 = LINE('',#8586,#8587);
#8586 = CARTESIAN_POINT('',(-0.,0.));
#8587 = VECTOR('',#8588,1.);
#8588 = DIRECTION('',(0.,1.));
#8589 = ( GEOMETRIC_REPRESENTATION_CONTEXT(2) 
PARAMETRIC_REPRESENTATION_CONTEXT() REPRESENTATION_CONTEXT('2D SPACE',''
  ) );
#8590 = PCURVE('',#8394,#8591);
#8591 = DEFINITIONAL_REPRESENTATION('',(#8592),#8596);
#8592 = LINE('',#8593,#8594);
#8593 = CARTESIAN_POINT('',(0.,0.));
#8594 = VECTOR('',#8595,1.);
#8595 = DIRECTION('',(1.,0.));
#8596 = ( GEOMETRIC_REPRESENTATION_CONTEXT(2) 
PARAMETRIC_REPRESENTATION_CONTEXT() REPRESENTATION_CONTEXT('2D SPACE',''
  ) );
#8597 = ORIENTED_EDGE('',*,*,#8343,.T.);
#8598 = ORIENTED_EDGE('',*,*,#8599,.T.);
#8599 = EDGE_CURVE('',#8346,#8600,#8602,.T.);
#8600 = VERTEX_POINT('',#8601);
#8601 = CARTESIAN_POINT('',(28.5,150.5,309.5));
#8602 = SURFACE_CURVE('',#8603,(#8607,#8614),.PCURVE_S1.);
#8603 = LINE('',#8604,#8605);
#8604 = CARTESIAN_POINT('',(28.5,167.5,309.5));
#8605 = VECTOR('',#8606,1.);
#8606 = DIRECTION('',(1.110223024625E-16,-1.,0.));
#8607 = PCURVE('',#8366,#8608);
#8608 = DEFINITIONAL_REPRESENTATION('',(#8609),#8613);
#8609 = LINE('',#8610,#8611);
#8610 = CARTESIAN_POINT('',(6.,0.));
#8611 = VECTOR('',#8612,1.);
#8612 = DIRECTION('',(0.,1.));
#8613 = ( GEOMETRIC_REPRESENTATION_CONTEXT(2) 
PARAMETRIC_REPRESENTATION_CONTEXT() REPRESENTATION_CONTEXT('2D SPACE',''
  ) );
#8614 = PCURVE('',#8560,#8615);
#8615 = DEFINITIONAL_REPRESENTATION('',(#8616),#8620);
#8616 = LINE('',#8617,#8618);
#8617 = CARTESIAN_POINT('',(0.,0.));
#8618 = VECTOR('',#8619,1.);
#8619 = DIRECTION('',(1.,0.));
#8620 = ( GEOMETRIC_REPRESENTATION_CONTEXT(2) 
PARAMETRIC_REPRESENTATION_CONTEXT() REPRESENTATION_CONTEXT('2D SPACE',''
  ) );
#8621 = ORIENTED_EDGE('',*,*,#8622,.F.);
#8622 = EDGE_CURVE('',#8576,#8600,#8623,.T.);
#8623 = SURFACE_CURVE('',#8624,(#8628,#8635),.PCURVE_S1.);
#8624 = LINE('',#8625,#8626);
#8625 = CARTESIAN_POINT('',(28.5,150.5,315.5));
#8626 = VECTOR('',#8627,1.);
#8627 = DIRECTION('',(-1.224646799147E-16,-1.359631073447E-32,-1.));
#8628 = PCURVE('',#8366,#8629);
#8629 = DEFINITIONAL_REPRESENTATION('',(#8630),#8634);
#8630 = LINE('',#8631,#8632);
#8631 = CARTESIAN_POINT('',(-2.03944661017E-31,17.));
#8632 = VECTOR('',#8633,1.);
#8633 = DIRECTION('',(1.,0.));
#8634 = ( GEOMETRIC_REPRESENTATION_CONTEXT(2) 
PARAMETRIC_REPRESENTATION_CONTEXT() REPRESENTATION_CONTEXT('2D SPACE',''
  ) );
#8635 = PCURVE('',#8636,#8641);
#8636 = PLANE('',#8637);
#8637 = AXIS2_PLACEMENT_3D('',#8638,#8639,#8640);
#8638 = CARTESIAN_POINT('',(28.5,150.5,315.5));
#8639 = DIRECTION('',(1.110223024625E-16,-1.,0.));
#8640 = DIRECTION('',(-1.224646799147E-16,-1.359631073447E-32,-1.));
#8641 = DEFINITIONAL_REPRESENTATION('',(#8642),#8646);
#8642 = LINE('',#8643,#8644);
#8643 = CARTESIAN_POINT('',(-0.,0.));
#8644 = VECTOR('',#8645,1.);
#8645 = DIRECTION('',(1.,0.));
#8646 = ( GEOMETRIC_REPRESENTATION_CONTEXT(2) 
PARAMETRIC_REPRESENTATION_CONTEXT() REPRESENTATION_CONTEXT('2D SPACE',''
  ) );
#8647 = ADVANCED_FACE('',(#8648),#8560,.T.);
#8648 = FACE_BOUND('',#8649,.T.);
#8649 = EDGE_LOOP('',(#8650,#8651,#8652,#8675));
#8650 = ORIENTED_EDGE('',*,*,#8546,.F.);
#8651 = ORIENTED_EDGE('',*,*,#8599,.T.);
#8652 = ORIENTED_EDGE('',*,*,#8653,.T.);
#8653 = EDGE_CURVE('',#8600,#8654,#8656,.T.);
#8654 = VERTEX_POINT('',#8655);
#8655 = CARTESIAN_POINT('',(24.9,150.5,309.5));
#8656 = SURFACE_CURVE('',#8657,(#8661,#8668),.PCURVE_S1.);
#8657 = LINE('',#8658,#8659);
#8658 = CARTESIAN_POINT('',(28.5,150.5,309.5));
#8659 = VECTOR('',#8660,1.);
#8660 = DIRECTION('',(-1.,-1.110223024625E-16,1.224646799147E-16));
#8661 = PCURVE('',#8560,#8662);
#8662 = DEFINITIONAL_REPRESENTATION('',(#8663),#8667);
#8663 = LINE('',#8664,#8665);
#8664 = CARTESIAN_POINT('',(17.,-1.665334536938E-15));
#8665 = VECTOR('',#8666,1.);
#8666 = DIRECTION('',(0.,1.));
#8667 = ( GEOMETRIC_REPRESENTATION_CONTEXT(2) 
PARAMETRIC_REPRESENTATION_CONTEXT() REPRESENTATION_CONTEXT('2D SPACE',''
  ) );
#8668 = PCURVE('',#8636,#8669);
#8669 = DEFINITIONAL_REPRESENTATION('',(#8670),#8674);
#8670 = LINE('',#8671,#8672);
#8671 = CARTESIAN_POINT('',(6.,7.347880794884E-16));
#8672 = VECTOR('',#8673,1.);
#8673 = DIRECTION('',(0.,-1.));
#8674 = ( GEOMETRIC_REPRESENTATION_CONTEXT(2) 
PARAMETRIC_REPRESENTATION_CONTEXT() REPRESENTATION_CONTEXT('2D SPACE',''
  ) );
#8675 = ORIENTED_EDGE('',*,*,#8676,.F.);
#8676 = EDGE_CURVE('',#8519,#8654,#8677,.T.);
#8677 = SURFACE_CURVE('',#8678,(#8682,#8689),.PCURVE_S1.);
#8678 = LINE('',#8679,#8680);
#8679 = CARTESIAN_POINT('',(24.9,167.5,309.5));
#8680 = VECTOR('',#8681,1.);
#8681 = DIRECTION('',(1.110223024625E-16,-1.,0.));
#8682 = PCURVE('',#8560,#8683);
#8683 = DEFINITIONAL_REPRESENTATION('',(#8684),#8688);
#8684 = LINE('',#8685,#8686);
#8685 = CARTESIAN_POINT('',(-3.996802888651E-16,3.6));
#8686 = VECTOR('',#8687,1.);
#8687 = DIRECTION('',(1.,0.));
#8688 = ( GEOMETRIC_REPRESENTATION_CONTEXT(2) 
PARAMETRIC_REPRESENTATION_CONTEXT() REPRESENTATION_CONTEXT('2D SPACE',''
  ) );
#8689 = PCURVE('',#8534,#8690);
#8690 = DEFINITIONAL_REPRESENTATION('',(#8691),#8695);
#8691 = LINE('',#8692,#8693);
#8692 = CARTESIAN_POINT('',(-0.,0.));
#8693 = VECTOR('',#8694,1.);
#8694 = DIRECTION('',(0.,1.));
#8695 = ( GEOMETRIC_REPRESENTATION_CONTEXT(2) 
PARAMETRIC_REPRESENTATION_CONTEXT() REPRESENTATION_CONTEXT('2D SPACE',''
  ) );
#8696 = ADVANCED_FACE('',(#8697),#8450,.T.);
#8697 = FACE_BOUND('',#8698,.T.);
#8698 = EDGE_LOOP('',(#8699,#8700,#8723,#8746));
#8699 = ORIENTED_EDGE('',*,*,#8434,.F.);
#8700 = ORIENTED_EDGE('',*,*,#8701,.T.);
#8701 = EDGE_CURVE('',#8435,#8702,#8704,.T.);
#8702 = VERTEX_POINT('',#8703);
#8703 = CARTESIAN_POINT('',(15.1,150.5,309.5));
#8704 = SURFACE_CURVE('',#8705,(#8709,#8716),.PCURVE_S1.);
#8705 = LINE('',#8706,#8707);
#8706 = CARTESIAN_POINT('',(15.1,167.5,309.5));
#8707 = VECTOR('',#8708,1.);
#8708 = DIRECTION('',(1.110223024625E-16,-1.,0.));
#8709 = PCURVE('',#8450,#8710);
#8710 = DEFINITIONAL_REPRESENTATION('',(#8711),#8715);
#8711 = LINE('',#8712,#8713);
#8712 = CARTESIAN_POINT('',(-1.487698852998E-15,13.4));
#8713 = VECTOR('',#8714,1.);
#8714 = DIRECTION('',(1.,0.));
#8715 = ( GEOMETRIC_REPRESENTATION_CONTEXT(2) 
PARAMETRIC_REPRESENTATION_CONTEXT() REPRESENTATION_CONTEXT('2D SPACE',''
  ) );
#8716 = PCURVE('',#8478,#8717);
#8717 = DEFINITIONAL_REPRESENTATION('',(#8718),#8722);
#8718 = LINE('',#8719,#8720);
#8719 = CARTESIAN_POINT('',(-0.,0.));
#8720 = VECTOR('',#8721,1.);
#8721 = DIRECTION('',(0.,1.));
#8722 = ( GEOMETRIC_REPRESENTATION_CONTEXT(2) 
PARAMETRIC_REPRESENTATION_CONTEXT() REPRESENTATION_CONTEXT('2D SPACE',''
  ) );
#8723 = ORIENTED_EDGE('',*,*,#8724,.T.);
#8724 = EDGE_CURVE('',#8702,#8725,#8727,.T.);
#8725 = VERTEX_POINT('',#8726);
#8726 = CARTESIAN_POINT('',(11.5,150.5,309.5));
#8727 = SURFACE_CURVE('',#8728,(#8732,#8739),.PCURVE_S1.);
#8728 = LINE('',#8729,#8730);
#8729 = CARTESIAN_POINT('',(28.5,150.5,309.5));
#8730 = VECTOR('',#8731,1.);
#8731 = DIRECTION('',(-1.,-1.110223024625E-16,1.224646799147E-16));
#8732 = PCURVE('',#8450,#8733);
#8733 = DEFINITIONAL_REPRESENTATION('',(#8734),#8738);
#8734 = LINE('',#8735,#8736);
#8735 = CARTESIAN_POINT('',(17.,-1.665334536938E-15));
#8736 = VECTOR('',#8737,1.);
#8737 = DIRECTION('',(0.,1.));
#8738 = ( GEOMETRIC_REPRESENTATION_CONTEXT(2) 
PARAMETRIC_REPRESENTATION_CONTEXT() REPRESENTATION_CONTEXT('2D SPACE',''
  ) );
#8739 = PCURVE('',#8636,#8740);
#8740 = DEFINITIONAL_REPRESENTATION('',(#8741),#8745);
#8741 = LINE('',#8742,#8743);
#8742 = CARTESIAN_POINT('',(6.,7.347880794884E-16));
#8743 = VECTOR('',#8744,1.);
#8744 = DIRECTION('',(0.,-1.));
#8745 = ( GEOMETRIC_REPRESENTATION_CONTEXT(2) 
PARAMETRIC_REPRESENTATION_CONTEXT() REPRESENTATION_CONTEXT('2D SPACE',''
  ) );
#8746 = ORIENTED_EDGE('',*,*,#8747,.F.);
#8747 = EDGE_CURVE('',#8407,#8725,#8748,.T.);
#8748 = SURFACE_CURVE('',#8749,(#8753,#8760),.PCURVE_S1.);
#8749 = LINE('',#8750,#8751);
#8750 = CARTESIAN_POINT('',(11.5,167.5,309.5));
#8751 = VECTOR('',#8752,1.);
#8752 = DIRECTION('',(1.110223024625E-16,-1.,0.));
#8753 = PCURVE('',#8450,#8754);
#8754 = DEFINITIONAL_REPRESENTATION('',(#8755),#8759);
#8755 = LINE('',#8756,#8757);
#8756 = CARTESIAN_POINT('',(-1.887379141863E-15,17.));
#8757 = VECTOR('',#8758,1.);
#8758 = DIRECTION('',(1.,0.));
#8759 = ( GEOMETRIC_REPRESENTATION_CONTEXT(2) 
PARAMETRIC_REPRESENTATION_CONTEXT() REPRESENTATION_CONTEXT('2D SPACE',''
  ) );
#8760 = PCURVE('',#8422,#8761);
#8761 = DEFINITIONAL_REPRESENTATION('',(#8762),#8766);
#8762 = LINE('',#8763,#8764);
#8763 = CARTESIAN_POINT('',(6.,0.));
#8764 = VECTOR('',#8765,1.);
#8765 = DIRECTION('',(0.,1.));
#8766 = ( GEOMETRIC_REPRESENTATION_CONTEXT(2) 
PARAMETRIC_REPRESENTATION_CONTEXT() REPRESENTATION_CONTEXT('2D SPACE',''
  ) );
#8767 = ADVANCED_FACE('',(#8768),#8422,.T.);
#8768 = FACE_BOUND('',#8769,.T.);
#8769 = EDGE_LOOP('',(#8770,#8793,#8794,#8795));
#8770 = ORIENTED_EDGE('',*,*,#8771,.F.);
#8771 = EDGE_CURVE('',#8379,#8772,#8774,.T.);
#8772 = VERTEX_POINT('',#8773);
#8773 = CARTESIAN_POINT('',(11.5,150.5,315.5));
#8774 = SURFACE_CURVE('',#8775,(#8779,#8786),.PCURVE_S1.);
#8775 = LINE('',#8776,#8777);
#8776 = CARTESIAN_POINT('',(11.5,167.5,315.5));
#8777 = VECTOR('',#8778,1.);
#8778 = DIRECTION('',(1.110223024625E-16,-1.,0.));
#8779 = PCURVE('',#8422,#8780);
#8780 = DEFINITIONAL_REPRESENTATION('',(#8781),#8785);
#8781 = LINE('',#8782,#8783);
#8782 = CARTESIAN_POINT('',(-0.,0.));
#8783 = VECTOR('',#8784,1.);
#8784 = DIRECTION('',(0.,1.));
#8785 = ( GEOMETRIC_REPRESENTATION_CONTEXT(2) 
PARAMETRIC_REPRESENTATION_CONTEXT() REPRESENTATION_CONTEXT('2D SPACE',''
  ) );
#8786 = PCURVE('',#8394,#8787);
#8787 = DEFINITIONAL_REPRESENTATION('',(#8788),#8792);
#8788 = LINE('',#8789,#8790);
#8789 = CARTESIAN_POINT('',(-1.887379141863E-15,17.));
#8790 = VECTOR('',#8791,1.);
#8791 = DIRECTION('',(1.,0.));
#8792 = ( GEOMETRIC_REPRESENTATION_CONTEXT(2) 
PARAMETRIC_REPRESENTATION_CONTEXT() REPRESENTATION_CONTEXT('2D SPACE',''
  ) );
#8793 = ORIENTED_EDGE('',*,*,#8406,.T.);
#8794 = ORIENTED_EDGE('',*,*,#8747,.T.);
#8795 = ORIENTED_EDGE('',*,*,#8796,.F.);
#8796 = EDGE_CURVE('',#8772,#8725,#8797,.T.);
#8797 = SURFACE_CURVE('',#8798,(#8802,#8809),.PCURVE_S1.);
#8798 = LINE('',#8799,#8800);
#8799 = CARTESIAN_POINT('',(11.5,150.5,315.5));
#8800 = VECTOR('',#8801,1.);
#8801 = DIRECTION('',(-1.224646799147E-16,-1.359631073447E-32,-1.));
#8802 = PCURVE('',#8422,#8803);
#8803 = DEFINITIONAL_REPRESENTATION('',(#8804),#8808);
#8804 = LINE('',#8805,#8806);
#8805 = CARTESIAN_POINT('',(1.359631073447E-32,17.));
#8806 = VECTOR('',#8807,1.);
#8807 = DIRECTION('',(1.,0.));
#8808 = ( GEOMETRIC_REPRESENTATION_CONTEXT(2) 
PARAMETRIC_REPRESENTATION_CONTEXT() REPRESENTATION_CONTEXT('2D SPACE',''
  ) );
#8809 = PCURVE('',#8636,#8810);
#8810 = DEFINITIONAL_REPRESENTATION('',(#8811),#8815);
#8811 = LINE('',#8812,#8813);
#8812 = CARTESIAN_POINT('',(2.081899558551E-15,-17.));
#8813 = VECTOR('',#8814,1.);
#8814 = DIRECTION('',(1.,0.));
#8815 = ( GEOMETRIC_REPRESENTATION_CONTEXT(2) 
PARAMETRIC_REPRESENTATION_CONTEXT() REPRESENTATION_CONTEXT('2D SPACE',''
  ) );
#8816 = ADVANCED_FACE('',(#8817,#8843),#8394,.F.);
#8817 = FACE_BOUND('',#8818,.F.);
#8818 = EDGE_LOOP('',(#8819,#8820,#8821,#8842));
#8819 = ORIENTED_EDGE('',*,*,#8378,.F.);
#8820 = ORIENTED_EDGE('',*,*,#8575,.T.);
#8821 = ORIENTED_EDGE('',*,*,#8822,.T.);
#8822 = EDGE_CURVE('',#8576,#8772,#8823,.T.);
#8823 = SURFACE_CURVE('',#8824,(#8828,#8835),.PCURVE_S1.);
#8824 = LINE('',#8825,#8826);
#8825 = CARTESIAN_POINT('',(28.5,150.5,315.5));
#8826 = VECTOR('',#8827,1.);
#8827 = DIRECTION('',(-1.,-1.110223024625E-16,1.224646799147E-16));
#8828 = PCURVE('',#8394,#8829);
#8829 = DEFINITIONAL_REPRESENTATION('',(#8830),#8834);
#8830 = LINE('',#8831,#8832);
#8831 = CARTESIAN_POINT('',(17.,-1.665334536938E-15));
#8832 = VECTOR('',#8833,1.);
#8833 = DIRECTION('',(0.,1.));
#8834 = ( GEOMETRIC_REPRESENTATION_CONTEXT(2) 
PARAMETRIC_REPRESENTATION_CONTEXT() REPRESENTATION_CONTEXT('2D SPACE',''
  ) );
#8835 = PCURVE('',#8636,#8836);
#8836 = DEFINITIONAL_REPRESENTATION('',(#8837),#8841);
#8837 = LINE('',#8838,#8839);
#8838 = CARTESIAN_POINT('',(-0.,0.));
#8839 = VECTOR('',#8840,1.);
#8840 = DIRECTION('',(0.,-1.));
#8841 = ( GEOMETRIC_REPRESENTATION_CONTEXT(2) 
PARAMETRIC_REPRESENTATION_CONTEXT() REPRESENTATION_CONTEXT('2D SPACE',''
  ) );
#8842 = ORIENTED_EDGE('',*,*,#8771,.F.);
#8843 = FACE_BOUND('',#8844,.F.);
#8844 = EDGE_LOOP('',(#8845));
#8845 = ORIENTED_EDGE('',*,*,#8846,.T.);
#8846 = EDGE_CURVE('',#8847,#8847,#8849,.T.);
#8847 = VERTEX_POINT('',#8848);
#8848 = CARTESIAN_POINT('',(20.,156.47,315.5));
#8849 = SURFACE_CURVE('',#8850,(#8855,#8866),.PCURVE_S1.);
#8850 = CIRCLE('',#8851,2.53);
#8851 = AXIS2_PLACEMENT_3D('',#8852,#8853,#8854);
#8852 = CARTESIAN_POINT('',(20.,159.,315.5));
#8853 = DIRECTION('',(1.224646799147E-16,1.359631073447E-32,1.));
#8854 = DIRECTION('',(1.110223024625E-16,-1.,0.));
#8855 = PCURVE('',#8394,#8856);
#8856 = DEFINITIONAL_REPRESENTATION('',(#8857),#8865);
#8857 = ( BOUNDED_CURVE() B_SPLINE_CURVE(2,(#8858,#8859,#8860,#8861,
#8862,#8863,#8864),.UNSPECIFIED.,.T.,.F.) B_SPLINE_CURVE_WITH_KNOTS((1,2
    ,2,2,2,1),(-2.094395102393,0.,2.094395102393,4.188790204786,
6.28318530718,8.377580409573),.UNSPECIFIED.) CURVE() 
GEOMETRIC_REPRESENTATION_ITEM() RATIONAL_B_SPLINE_CURVE((1.,0.5,1.,0.5,
1.,0.5,1.)) REPRESENTATION_ITEM('') );
#8858 = CARTESIAN_POINT('',(11.03,8.5));
#8859 = CARTESIAN_POINT('',(11.03,4.117911456851));
#8860 = CARTESIAN_POINT('',(7.235,6.308955728425));
#8861 = CARTESIAN_POINT('',(3.44,8.5));
#8862 = CARTESIAN_POINT('',(7.235,10.691044271575));
#8863 = CARTESIAN_POINT('',(11.03,12.882088543149));
#8864 = CARTESIAN_POINT('',(11.03,8.5));
#8865 = ( GEOMETRIC_REPRESENTATION_CONTEXT(2) 
PARAMETRIC_REPRESENTATION_CONTEXT() REPRESENTATION_CONTEXT('2D SPACE',''
  ) );
#8866 = PCURVE('',#8867,#8872);
#8867 = CYLINDRICAL_SURFACE('',#8868,2.53);
#8868 = AXIS2_PLACEMENT_3D('',#8869,#8870,#8871);
#8869 = CARTESIAN_POINT('',(20.,159.,316.));
#8870 = DIRECTION('',(1.224646799147E-16,1.359631073447E-32,1.));
#8871 = DIRECTION('',(1.110223024625E-16,-1.,0.));
#8872 = DEFINITIONAL_REPRESENTATION('',(#8873),#8877);
#8873 = LINE('',#8874,#8875);
#8874 = CARTESIAN_POINT('',(-6.28318530718,-0.5));
#8875 = VECTOR('',#8876,1.);
#8876 = DIRECTION('',(1.,-0.));
#8877 = ( GEOMETRIC_REPRESENTATION_CONTEXT(2) 
PARAMETRIC_REPRESENTATION_CONTEXT() REPRESENTATION_CONTEXT('2D SPACE',''
  ) );
#8878 = ADVANCED_FACE('',(#8879),#8636,.T.);
#8879 = FACE_BOUND('',#8880,.T.);
#8880 = EDGE_LOOP('',(#8881,#8882,#8883,#8884,#8885,#8908,#8931,#8952));
#8881 = ORIENTED_EDGE('',*,*,#8622,.F.);
#8882 = ORIENTED_EDGE('',*,*,#8822,.T.);
#8883 = ORIENTED_EDGE('',*,*,#8796,.T.);
#8884 = ORIENTED_EDGE('',*,*,#8724,.F.);
#8885 = ORIENTED_EDGE('',*,*,#8886,.T.);
#8886 = EDGE_CURVE('',#8702,#8887,#8889,.T.);
#8887 = VERTEX_POINT('',#8888);
#8888 = CARTESIAN_POINT('',(15.1,150.5,306.5));
#8889 = SURFACE_CURVE('',#8890,(#8894,#8901),.PCURVE_S1.);
#8890 = LINE('',#8891,#8892);
#8891 = CARTESIAN_POINT('',(15.1,150.5,309.5));
#8892 = VECTOR('',#8893,1.);
#8893 = DIRECTION('',(-1.224646799147E-16,-1.359631073447E-32,-1.));
#8894 = PCURVE('',#8636,#8895);
#8895 = DEFINITIONAL_REPRESENTATION('',(#8896),#8900);
#8896 = LINE('',#8897,#8898);
#8897 = CARTESIAN_POINT('',(6.,-13.4));
#8898 = VECTOR('',#8899,1.);
#8899 = DIRECTION('',(1.,0.));
#8900 = ( GEOMETRIC_REPRESENTATION_CONTEXT(2) 
PARAMETRIC_REPRESENTATION_CONTEXT() REPRESENTATION_CONTEXT('2D SPACE',''
  ) );
#8901 = PCURVE('',#8478,#8902);
#8902 = DEFINITIONAL_REPRESENTATION('',(#8903),#8907);
#8903 = LINE('',#8904,#8905);
#8904 = CARTESIAN_POINT('',(1.359631073447E-32,17.));
#8905 = VECTOR('',#8906,1.);
#8906 = DIRECTION('',(1.,0.));
#8907 = ( GEOMETRIC_REPRESENTATION_CONTEXT(2) 
PARAMETRIC_REPRESENTATION_CONTEXT() REPRESENTATION_CONTEXT('2D SPACE',''
  ) );
#8908 = ORIENTED_EDGE('',*,*,#8909,.F.);
#8909 = EDGE_CURVE('',#8910,#8887,#8912,.T.);
#8910 = VERTEX_POINT('',#8911);
#8911 = CARTESIAN_POINT('',(24.9,150.5,306.5));
#8912 = SURFACE_CURVE('',#8913,(#8917,#8924),.PCURVE_S1.);
#8913 = LINE('',#8914,#8915);
#8914 = CARTESIAN_POINT('',(24.9,150.5,306.5));
#8915 = VECTOR('',#8916,1.);
#8916 = DIRECTION('',(-1.,-1.110223024625E-16,1.224646799147E-16));
#8917 = PCURVE('',#8636,#8918);
#8918 = DEFINITIONAL_REPRESENTATION('',(#8919),#8923);
#8919 = LINE('',#8920,#8921);
#8920 = CARTESIAN_POINT('',(9.,-3.6));
#8921 = VECTOR('',#8922,1.);
#8922 = DIRECTION('',(0.,-1.));
#8923 = ( GEOMETRIC_REPRESENTATION_CONTEXT(2) 
PARAMETRIC_REPRESENTATION_CONTEXT() REPRESENTATION_CONTEXT('2D SPACE',''
  ) );
#8924 = PCURVE('',#8506,#8925);
#8925 = DEFINITIONAL_REPRESENTATION('',(#8926),#8930);
#8926 = LINE('',#8927,#8928);
#8927 = CARTESIAN_POINT('',(17.,-1.665334536938E-15));
#8928 = VECTOR('',#8929,1.);
#8929 = DIRECTION('',(0.,1.));
#8930 = ( GEOMETRIC_REPRESENTATION_CONTEXT(2) 
PARAMETRIC_REPRESENTATION_CONTEXT() REPRESENTATION_CONTEXT('2D SPACE',''
  ) );
#8931 = ORIENTED_EDGE('',*,*,#8932,.F.);
#8932 = EDGE_CURVE('',#8654,#8910,#8933,.T.);
#8933 = SURFACE_CURVE('',#8934,(#8938,#8945),.PCURVE_S1.);
#8934 = LINE('',#8935,#8936);
#8935 = CARTESIAN_POINT('',(24.9,150.5,309.5));
#8936 = VECTOR('',#8937,1.);
#8937 = DIRECTION('',(-1.224646799147E-16,-1.359631073447E-32,-1.));
#8938 = PCURVE('',#8636,#8939);
#8939 = DEFINITIONAL_REPRESENTATION('',(#8940),#8944);
#8940 = LINE('',#8941,#8942);
#8941 = CARTESIAN_POINT('',(6.,-3.6));
#8942 = VECTOR('',#8943,1.);
#8943 = DIRECTION('',(1.,0.));
#8944 = ( GEOMETRIC_REPRESENTATION_CONTEXT(2) 
PARAMETRIC_REPRESENTATION_CONTEXT() REPRESENTATION_CONTEXT('2D SPACE',''
  ) );
#8945 = PCURVE('',#8534,#8946);
#8946 = DEFINITIONAL_REPRESENTATION('',(#8947),#8951);
#8947 = LINE('',#8948,#8949);
#8948 = CARTESIAN_POINT('',(-2.03944661017E-31,17.));
#8949 = VECTOR('',#8950,1.);
#8950 = DIRECTION('',(1.,0.));
#8951 = ( GEOMETRIC_REPRESENTATION_CONTEXT(2) 
PARAMETRIC_REPRESENTATION_CONTEXT() REPRESENTATION_CONTEXT('2D SPACE',''
  ) );
#8952 = ORIENTED_EDGE('',*,*,#8653,.F.);
#8953 = ADVANCED_FACE('',(#8954),#8534,.F.);
#8954 = FACE_BOUND('',#8955,.F.);
#8955 = EDGE_LOOP('',(#8956,#8957,#8958,#8979));
#8956 = ORIENTED_EDGE('',*,*,#8676,.F.);
#8957 = ORIENTED_EDGE('',*,*,#8518,.T.);
#8958 = ORIENTED_EDGE('',*,*,#8959,.T.);
#8959 = EDGE_CURVE('',#8491,#8910,#8960,.T.);
#8960 = SURFACE_CURVE('',#8961,(#8965,#8972),.PCURVE_S1.);
#8961 = LINE('',#8962,#8963);
#8962 = CARTESIAN_POINT('',(24.9,167.5,306.5));
#8963 = VECTOR('',#8964,1.);
#8964 = DIRECTION('',(1.110223024625E-16,-1.,0.));
#8965 = PCURVE('',#8534,#8966);
#8966 = DEFINITIONAL_REPRESENTATION('',(#8967),#8971);
#8967 = LINE('',#8968,#8969);
#8968 = CARTESIAN_POINT('',(3.,0.));
#8969 = VECTOR('',#8970,1.);
#8970 = DIRECTION('',(0.,1.));
#8971 = ( GEOMETRIC_REPRESENTATION_CONTEXT(2) 
PARAMETRIC_REPRESENTATION_CONTEXT() REPRESENTATION_CONTEXT('2D SPACE',''
  ) );
#8972 = PCURVE('',#8506,#8973);
#8973 = DEFINITIONAL_REPRESENTATION('',(#8974),#8978);
#8974 = LINE('',#8975,#8976);
#8975 = CARTESIAN_POINT('',(0.,0.));
#8976 = VECTOR('',#8977,1.);
#8977 = DIRECTION('',(1.,0.));
#8978 = ( GEOMETRIC_REPRESENTATION_CONTEXT(2) 
PARAMETRIC_REPRESENTATION_CONTEXT() REPRESENTATION_CONTEXT('2D SPACE',''
  ) );
#8979 = ORIENTED_EDGE('',*,*,#8932,.F.);
#8980 = ADVANCED_FACE('',(#8981,#9007),#8506,.T.);
#8981 = FACE_BOUND('',#8982,.T.);
#8982 = EDGE_LOOP('',(#8983,#8984,#8985,#8986));
#8983 = ORIENTED_EDGE('',*,*,#8490,.F.);
#8984 = ORIENTED_EDGE('',*,*,#8959,.T.);
#8985 = ORIENTED_EDGE('',*,*,#8909,.T.);
#8986 = ORIENTED_EDGE('',*,*,#8987,.F.);
#8987 = EDGE_CURVE('',#8463,#8887,#8988,.T.);
#8988 = SURFACE_CURVE('',#8989,(#8993,#9000),.PCURVE_S1.);
#8989 = LINE('',#8990,#8991);
#8990 = CARTESIAN_POINT('',(15.1,167.5,306.5));
#8991 = VECTOR('',#8992,1.);
#8992 = DIRECTION('',(1.110223024625E-16,-1.,0.));
#8993 = PCURVE('',#8506,#8994);
#8994 = DEFINITIONAL_REPRESENTATION('',(#8995),#8999);
#8995 = LINE('',#8996,#8997);
#8996 = CARTESIAN_POINT('',(-1.088018564133E-15,9.8));
#8997 = VECTOR('',#8998,1.);
#8998 = DIRECTION('',(1.,0.));
#8999 = ( GEOMETRIC_REPRESENTATION_CONTEXT(2) 
PARAMETRIC_REPRESENTATION_CONTEXT() REPRESENTATION_CONTEXT('2D SPACE',''
  ) );
#9000 = PCURVE('',#8478,#9001);
#9001 = DEFINITIONAL_REPRESENTATION('',(#9002),#9006);
#9002 = LINE('',#9003,#9004);
#9003 = CARTESIAN_POINT('',(3.,0.));
#9004 = VECTOR('',#9005,1.);
#9005 = DIRECTION('',(0.,1.));
#9006 = ( GEOMETRIC_REPRESENTATION_CONTEXT(2) 
PARAMETRIC_REPRESENTATION_CONTEXT() REPRESENTATION_CONTEXT('2D SPACE',''
  ) );
#9007 = FACE_BOUND('',#9008,.T.);
#9008 = EDGE_LOOP('',(#9009));
#9009 = ORIENTED_EDGE('',*,*,#9010,.T.);
#9010 = EDGE_CURVE('',#9011,#9011,#9013,.T.);
#9011 = VERTEX_POINT('',#9012);
#9012 = CARTESIAN_POINT('',(20.,156.47,306.5));
#9013 = SURFACE_CURVE('',#9014,(#9019,#9030),.PCURVE_S1.);
#9014 = CIRCLE('',#9015,2.53);
#9015 = AXIS2_PLACEMENT_3D('',#9016,#9017,#9018);
#9016 = CARTESIAN_POINT('',(20.,159.,306.5));
#9017 = DIRECTION('',(1.224646799147E-16,1.359631073447E-32,1.));
#9018 = DIRECTION('',(1.110223024625E-16,-1.,0.));
#9019 = PCURVE('',#8506,#9020);
#9020 = DEFINITIONAL_REPRESENTATION('',(#9021),#9029);
#9021 = ( BOUNDED_CURVE() B_SPLINE_CURVE(2,(#9022,#9023,#9024,#9025,
#9026,#9027,#9028),.UNSPECIFIED.,.T.,.F.) B_SPLINE_CURVE_WITH_KNOTS((1,2
    ,2,2,2,1),(-2.094395102393,0.,2.094395102393,4.188790204786,
6.28318530718,8.377580409573),.UNSPECIFIED.) CURVE() 
GEOMETRIC_REPRESENTATION_ITEM() RATIONAL_B_SPLINE_CURVE((1.,0.5,1.,0.5,
1.,0.5,1.)) REPRESENTATION_ITEM('') );
#9022 = CARTESIAN_POINT('',(11.03,4.9));
#9023 = CARTESIAN_POINT('',(11.03,0.517911456851));
#9024 = CARTESIAN_POINT('',(7.235,2.708955728425));
#9025 = CARTESIAN_POINT('',(3.44,4.9));
#9026 = CARTESIAN_POINT('',(7.235,7.091044271575));
#9027 = CARTESIAN_POINT('',(11.03,9.282088543149));
#9028 = CARTESIAN_POINT('',(11.03,4.9));
#9029 = ( GEOMETRIC_REPRESENTATION_CONTEXT(2) 
PARAMETRIC_REPRESENTATION_CONTEXT() REPRESENTATION_CONTEXT('2D SPACE',''
  ) );
#9030 = PCURVE('',#8867,#9031);
#9031 = DEFINITIONAL_REPRESENTATION('',(#9032),#9036);
#9032 = LINE('',#9033,#9034);
#9033 = CARTESIAN_POINT('',(-6.28318530718,-9.5));
#9034 = VECTOR('',#9035,1.);
#9035 = DIRECTION('',(1.,-0.));
#9036 = ( GEOMETRIC_REPRESENTATION_CONTEXT(2) 
PARAMETRIC_REPRESENTATION_CONTEXT() REPRESENTATION_CONTEXT('2D SPACE',''
  ) );
#9037 = ADVANCED_FACE('',(#9038),#8478,.T.);
#9038 = FACE_BOUND('',#9039,.T.);
#9039 = EDGE_LOOP('',(#9040,#9041,#9042,#9043));
#9040 = ORIENTED_EDGE('',*,*,#8701,.F.);
#9041 = ORIENTED_EDGE('',*,*,#8462,.T.);
#9042 = ORIENTED_EDGE('',*,*,#8987,.T.);
#9043 = ORIENTED_EDGE('',*,*,#8886,.F.);
#9044 = ADVANCED_FACE('',(#9045),#8867,.F.);
#9045 = FACE_BOUND('',#9046,.T.);
#9046 = EDGE_LOOP('',(#9047,#9048,#9069,#9070));
#9047 = ORIENTED_EDGE('',*,*,#8846,.T.);
#9048 = ORIENTED_EDGE('',*,*,#9049,.T.);
#9049 = EDGE_CURVE('',#8847,#9011,#9050,.T.);
#9050 = SEAM_CURVE('',#9051,(#9055,#9062),.PCURVE_S1.);
#9051 = LINE('',#9052,#9053);
#9052 = CARTESIAN_POINT('',(20.,156.47,316.));
#9053 = VECTOR('',#9054,1.);
#9054 = DIRECTION('',(-1.224646799147E-16,-1.359631073447E-32,-1.));
#9055 = PCURVE('',#8867,#9056);
#9056 = DEFINITIONAL_REPRESENTATION('',(#9057),#9061);
#9057 = LINE('',#9058,#9059);
#9058 = CARTESIAN_POINT('',(-6.28318530718,0.));
#9059 = VECTOR('',#9060,1.);
#9060 = DIRECTION('',(-0.,-1.));
#9061 = ( GEOMETRIC_REPRESENTATION_CONTEXT(2) 
PARAMETRIC_REPRESENTATION_CONTEXT() REPRESENTATION_CONTEXT('2D SPACE',''
  ) );
#9062 = PCURVE('',#8867,#9063);
#9063 = DEFINITIONAL_REPRESENTATION('',(#9064),#9068);
#9064 = LINE('',#9065,#9066);
#9065 = CARTESIAN_POINT('',(-0.,0.));
#9066 = VECTOR('',#9067,1.);
#9067 = DIRECTION('',(-0.,-1.));
#9068 = ( GEOMETRIC_REPRESENTATION_CONTEXT(2) 
PARAMETRIC_REPRESENTATION_CONTEXT() REPRESENTATION_CONTEXT('2D SPACE',''
  ) );
#9069 = ORIENTED_EDGE('',*,*,#9010,.F.);
#9070 = ORIENTED_EDGE('',*,*,#9049,.F.);
#9071 = ( GEOMETRIC_REPRESENTATION_CONTEXT(3) 
GLOBAL_UNCERTAINTY_ASSIGNED_CONTEXT((#9075)) 
GLOBAL_UNIT_ASSIGNED_CONTEXT((#9072,#9073,#9074)) REPRESENTATION_CONTEXT
('Context #1','3D Context with UNIT and UNCERTAINTY') );
#9072 = ( LENGTH_UNIT() NAMED_UNIT(*) SI_UNIT(.MILLI.,.METRE.) );
#9073 = ( NAMED_UNIT(*) PLANE_ANGLE_UNIT() SI_UNIT($,.RADIAN.) );
#9074 = ( NAMED_UNIT(*) SI_UNIT($,.STERADIAN.) SOLID_ANGLE_UNIT() );
#9075 = UNCERTAINTY_MEASURE_WITH_UNIT(LENGTH_MEASURE(1.E-07),#9072,
  'distance_accuracy_value','confusion accuracy');
#9076 = CONTEXT_DEPENDENT_SHAPE_REPRESENTATION(#9077,#9079);
#9077 = ( REPRESENTATION_RELATIONSHIP('','',#8336,#10) 
REPRESENTATION_RELATIONSHIP_WITH_TRANSFORMATION(#9078) 
SHAPE_REPRESENTATION_RELATIONSHIP() );
#9078 = ITEM_DEFINED_TRANSFORMATION('','',#11,#51);
#9079 = PRODUCT_DEFINITION_SHAPE('Placement','Placement of an item',
  #9080);
#9080 = NEXT_ASSEMBLY_USAGE_OCCURRENCE('79','U1_L_HNTT8_5_2','',#5,#8331
  ,$);
#9081 = PRODUCT_RELATED_PRODUCT_CATEGORY('part',$,(#8333));
#9082 = SHAPE_DEFINITION_REPRESENTATION(#9083,#9089);
#9083 = PRODUCT_DEFINITION_SHAPE('','',#9084);
#9084 = PRODUCT_DEFINITION('design','',#9085,#9088);
#9085 = PRODUCT_DEFINITION_FORMATION('','',#9086);
#9086 = PRODUCT('U1_SHAT_CLAMP_HEAD_L','U1_SHAT_CLAMP_HEAD_L','',(#9087)
  );
#9087 = PRODUCT_CONTEXT('',#2,'mechanical');
#9088 = PRODUCT_DEFINITION_CONTEXT('part definition',#2,'design');
#9089 = ADVANCED_BREP_SHAPE_REPRESENTATION('',(#11,#9090),#9188);
#9090 = MANIFOLD_SOLID_BREP('',#9091);
#9091 = CLOSED_SHELL('',(#9092,#9180,#9184));
#9092 = ADVANCED_FACE('',(#9093),#9107,.T.);
#9093 = FACE_BOUND('',#9094,.F.);
#9094 = EDGE_LOOP('',(#9095,#9125,#9152,#9153));
#9095 = ORIENTED_EDGE('',*,*,#9096,.T.);
#9096 = EDGE_CURVE('',#9097,#9099,#9101,.T.);
#9097 = VERTEX_POINT('',#9098);
#9098 = CARTESIAN_POINT('',(20.,165.,275.));
#9099 = VERTEX_POINT('',#9100);
#9100 = CARTESIAN_POINT('',(20.,161.,275.));
#9101 = SEAM_CURVE('',#9102,(#9106,#9118),.PCURVE_S1.);
#9102 = LINE('',#9103,#9104);
#9103 = CARTESIAN_POINT('',(20.,165.,275.));
#9104 = VECTOR('',#9105,1.);
#9105 = DIRECTION('',(1.110223024625E-16,-1.,-1.110223024625E-16));
#9106 = PCURVE('',#9107,#9112);
#9107 = CYLINDRICAL_SURFACE('',#9108,3.5);
#9108 = AXIS2_PLACEMENT_3D('',#9109,#9110,#9111);
#9109 = CARTESIAN_POINT('',(20.,165.,271.5));
#9110 = DIRECTION('',(-1.110223024625E-16,1.,1.110223024625E-16));
#9111 = DIRECTION('',(1.224646799147E-16,-1.110223024625E-16,1.));
#9112 = DEFINITIONAL_REPRESENTATION('',(#9113),#9117);
#9113 = LINE('',#9114,#9115);
#9114 = CARTESIAN_POINT('',(-0.,0.));
#9115 = VECTOR('',#9116,1.);
#9116 = DIRECTION('',(-0.,-1.));
#9117 = ( GEOMETRIC_REPRESENTATION_CONTEXT(2) 
PARAMETRIC_REPRESENTATION_CONTEXT() REPRESENTATION_CONTEXT('2D SPACE',''
  ) );
#9118 = PCURVE('',#9107,#9119);
#9119 = DEFINITIONAL_REPRESENTATION('',(#9120),#9124);
#9120 = LINE('',#9121,#9122);
#9121 = CARTESIAN_POINT('',(-6.28318530718,0.));
#9122 = VECTOR('',#9123,1.);
#9123 = DIRECTION('',(-0.,-1.));
#9124 = ( GEOMETRIC_REPRESENTATION_CONTEXT(2) 
PARAMETRIC_REPRESENTATION_CONTEXT() REPRESENTATION_CONTEXT('2D SPACE',''
  ) );
#9125 = ORIENTED_EDGE('',*,*,#9126,.T.);
#9126 = EDGE_CURVE('',#9099,#9099,#9127,.T.);
#9127 = SURFACE_CURVE('',#9128,(#9133,#9140),.PCURVE_S1.);
#9128 = CIRCLE('',#9129,3.5);
#9129 = AXIS2_PLACEMENT_3D('',#9130,#9131,#9132);
#9130 = CARTESIAN_POINT('',(20.,161.,271.5));
#9131 = DIRECTION('',(1.110223024625E-16,-1.,-1.110223024625E-16));
#9132 = DIRECTION('',(1.224646799147E-16,-1.110223024625E-16,1.));
#9133 = PCURVE('',#9107,#9134);
#9134 = DEFINITIONAL_REPRESENTATION('',(#9135),#9139);
#9135 = LINE('',#9136,#9137);
#9136 = CARTESIAN_POINT('',(-0.,-4.));
#9137 = VECTOR('',#9138,1.);
#9138 = DIRECTION('',(-1.,0.));
#9139 = ( GEOMETRIC_REPRESENTATION_CONTEXT(2) 
PARAMETRIC_REPRESENTATION_CONTEXT() REPRESENTATION_CONTEXT('2D SPACE',''
  ) );
#9140 = PCURVE('',#9141,#9146);
#9141 = PLANE('',#9142);
#9142 = AXIS2_PLACEMENT_3D('',#9143,#9144,#9145);
#9143 = CARTESIAN_POINT('',(20.,161.,271.5));
#9144 = DIRECTION('',(1.110223024625E-16,-1.,-1.110223024625E-16));
#9145 = DIRECTION('',(1.224646799147E-16,-1.110223024625E-16,1.));
#9146 = DEFINITIONAL_REPRESENTATION('',(#9147),#9151);
#9147 = CIRCLE('',#9148,3.5);
#9148 = AXIS2_PLACEMENT_2D('',#9149,#9150);
#9149 = CARTESIAN_POINT('',(0.,0.));
#9150 = DIRECTION('',(1.,-2.465190328816E-32));
#9151 = ( GEOMETRIC_REPRESENTATION_CONTEXT(2) 
PARAMETRIC_REPRESENTATION_CONTEXT() REPRESENTATION_CONTEXT('2D SPACE',''
  ) );
#9152 = ORIENTED_EDGE('',*,*,#9096,.F.);
#9153 = ORIENTED_EDGE('',*,*,#9154,.F.);
#9154 = EDGE_CURVE('',#9097,#9097,#9155,.T.);
#9155 = SURFACE_CURVE('',#9156,(#9161,#9168),.PCURVE_S1.);
#9156 = CIRCLE('',#9157,3.5);
#9157 = AXIS2_PLACEMENT_3D('',#9158,#9159,#9160);
#9158 = CARTESIAN_POINT('',(20.,165.,271.5));
#9159 = DIRECTION('',(1.110223024625E-16,-1.,-1.110223024625E-16));
#9160 = DIRECTION('',(1.224646799147E-16,-1.110223024625E-16,1.));
#9161 = PCURVE('',#9107,#9162);
#9162 = DEFINITIONAL_REPRESENTATION('',(#9163),#9167);
#9163 = LINE('',#9164,#9165);
#9164 = CARTESIAN_POINT('',(-0.,0.));
#9165 = VECTOR('',#9166,1.);
#9166 = DIRECTION('',(-1.,0.));
#9167 = ( GEOMETRIC_REPRESENTATION_CONTEXT(2) 
PARAMETRIC_REPRESENTATION_CONTEXT() REPRESENTATION_CONTEXT('2D SPACE',''
  ) );
#9168 = PCURVE('',#9169,#9174);
#9169 = PLANE('',#9170);
#9170 = AXIS2_PLACEMENT_3D('',#9171,#9172,#9173);
#9171 = CARTESIAN_POINT('',(20.,165.,271.5));
#9172 = DIRECTION('',(1.110223024625E-16,-1.,-1.110223024625E-16));
#9173 = DIRECTION('',(1.224646799147E-16,-1.110223024625E-16,1.));
#9174 = DEFINITIONAL_REPRESENTATION('',(#9175),#9179);
#9175 = CIRCLE('',#9176,3.5);
#9176 = AXIS2_PLACEMENT_2D('',#9177,#9178);
#9177 = CARTESIAN_POINT('',(0.,0.));
#9178 = DIRECTION('',(1.,-2.465190328816E-32));
#9179 = ( GEOMETRIC_REPRESENTATION_CONTEXT(2) 
PARAMETRIC_REPRESENTATION_CONTEXT() REPRESENTATION_CONTEXT('2D SPACE',''
  ) );
#9180 = ADVANCED_FACE('',(#9181),#9169,.F.);
#9181 = FACE_BOUND('',#9182,.F.);
#9182 = EDGE_LOOP('',(#9183));
#9183 = ORIENTED_EDGE('',*,*,#9154,.T.);
#9184 = ADVANCED_FACE('',(#9185),#9141,.T.);
#9185 = FACE_BOUND('',#9186,.T.);
#9186 = EDGE_LOOP('',(#9187));
#9187 = ORIENTED_EDGE('',*,*,#9126,.T.);
#9188 = ( GEOMETRIC_REPRESENTATION_CONTEXT(3) 
GLOBAL_UNCERTAINTY_ASSIGNED_CONTEXT((#9192)) 
GLOBAL_UNIT_ASSIGNED_CONTEXT((#9189,#9190,#9191)) REPRESENTATION_CONTEXT
('Context #1','3D Context with UNIT and UNCERTAINTY') );
#9189 = ( LENGTH_UNIT() NAMED_UNIT(*) SI_UNIT(.MILLI.,.METRE.) );
#9190 = ( NAMED_UNIT(*) PLANE_ANGLE_UNIT() SI_UNIT($,.RADIAN.) );
#9191 = ( NAMED_UNIT(*) SI_UNIT($,.STERADIAN.) SOLID_ANGLE_UNIT() );
#9192 = UNCERTAINTY_MEASURE_WITH_UNIT(LENGTH_MEASURE(1.E-07),#9189,
  'distance_accuracy_value','confusion accuracy');
#9193 = CONTEXT_DEPENDENT_SHAPE_REPRESENTATION(#9194,#9196);
#9194 = ( REPRESENTATION_RELATIONSHIP('','',#9089,#10) 
REPRESENTATION_RELATIONSHIP_WITH_TRANSFORMATION(#9195) 
SHAPE_REPRESENTATION_RELATIONSHIP() );
#9195 = ITEM_DEFINED_TRANSFORMATION('','',#11,#55);
#9196 = PRODUCT_DEFINITION_SHAPE('Placement','Placement of an item',
  #9197);
#9197 = NEXT_ASSEMBLY_USAGE_OCCURRENCE('80','U1_SHAT_CLAMP_HEAD_L','',#5
  ,#9084,$);
#9198 = PRODUCT_RELATED_PRODUCT_CATEGORY('part',$,(#9086));
#9199 = SHAPE_DEFINITION_REPRESENTATION(#9200,#9206);
#9200 = PRODUCT_DEFINITION_SHAPE('','',#9201);
#9201 = PRODUCT_DEFINITION('design','',#9202,#9205);
#9202 = PRODUCT_DEFINITION_FORMATION('','',#9203);
#9203 = PRODUCT('U1_SHIM_STACK_L','U1_SHIM_STACK_L','',(#9204));
#9204 = PRODUCT_CONTEXT('',#2,'mechanical');
#9205 = PRODUCT_DEFINITION_CONTEXT('part definition',#2,'design');
#9206 = ADVANCED_BREP_SHAPE_REPRESENTATION('',(#11,#9207),#9499);
#9207 = MANIFOLD_SOLID_BREP('',#9208);
#9208 = CLOSED_SHELL('',(#9209,#9297,#9352,#9387,#9422,#9472));
#9209 = ADVANCED_FACE('',(#9210),#9224,.T.);
#9210 = FACE_BOUND('',#9211,.F.);
#9211 = EDGE_LOOP('',(#9212,#9242,#9269,#9270));
#9212 = ORIENTED_EDGE('',*,*,#9213,.T.);
#9213 = EDGE_CURVE('',#9214,#9216,#9218,.T.);
#9214 = VERTEX_POINT('',#9215);
#9215 = CARTESIAN_POINT('',(10.5,166.,281.));
#9216 = VERTEX_POINT('',#9217);
#9217 = CARTESIAN_POINT('',(8.,166.,281.));
#9218 = SEAM_CURVE('',#9219,(#9223,#9235),.PCURVE_S1.);
#9219 = LINE('',#9220,#9221);
#9220 = CARTESIAN_POINT('',(10.5,166.,281.));
#9221 = VECTOR('',#9222,1.);
#9222 = DIRECTION('',(-1.,-1.110223024625E-16,1.224646799147E-16));
#9223 = PCURVE('',#9224,#9229);
#9224 = CYLINDRICAL_SURFACE('',#9225,9.);
#9225 = AXIS2_PLACEMENT_3D('',#9226,#9227,#9228);
#9226 = CARTESIAN_POINT('',(10.5,175.,281.));
#9227 = DIRECTION('',(1.,1.110223024625E-16,-1.224646799147E-16));
#9228 = DIRECTION('',(1.110223024625E-16,-1.,0.));
#9229 = DEFINITIONAL_REPRESENTATION('',(#9230),#9234);
#9230 = LINE('',#9231,#9232);
#9231 = CARTESIAN_POINT('',(-0.,0.));
#9232 = VECTOR('',#9233,1.);
#9233 = DIRECTION('',(-0.,-1.));
#9234 = ( GEOMETRIC_REPRESENTATION_CONTEXT(2) 
PARAMETRIC_REPRESENTATION_CONTEXT() REPRESENTATION_CONTEXT('2D SPACE',''
  ) );
#9235 = PCURVE('',#9224,#9236);
#9236 = DEFINITIONAL_REPRESENTATION('',(#9237),#9241);
#9237 = LINE('',#9238,#9239);
#9238 = CARTESIAN_POINT('',(-6.28318530718,0.));
#9239 = VECTOR('',#9240,1.);
#9240 = DIRECTION('',(-0.,-1.));
#9241 = ( GEOMETRIC_REPRESENTATION_CONTEXT(2) 
PARAMETRIC_REPRESENTATION_CONTEXT() REPRESENTATION_CONTEXT('2D SPACE',''
  ) );
#9242 = ORIENTED_EDGE('',*,*,#9243,.T.);
#9243 = EDGE_CURVE('',#9216,#9216,#9244,.T.);
#9244 = SURFACE_CURVE('',#9245,(#9250,#9257),.PCURVE_S1.);
#9245 = CIRCLE('',#9246,9.);
#9246 = AXIS2_PLACEMENT_3D('',#9247,#9248,#9249);
#9247 = CARTESIAN_POINT('',(8.,175.,281.));
#9248 = DIRECTION('',(-1.,-1.110223024625E-16,1.224646799147E-16));
#9249 = DIRECTION('',(1.110223024625E-16,-1.,0.));
#9250 = PCURVE('',#9224,#9251);
#9251 = DEFINITIONAL_REPRESENTATION('',(#9252),#9256);
#9252 = LINE('',#9253,#9254);
#9253 = CARTESIAN_POINT('',(-0.,-2.5));
#9254 = VECTOR('',#9255,1.);
#9255 = DIRECTION('',(-1.,0.));
#9256 = ( GEOMETRIC_REPRESENTATION_CONTEXT(2) 
PARAMETRIC_REPRESENTATION_CONTEXT() REPRESENTATION_CONTEXT('2D SPACE',''
  ) );
#9257 = PCURVE('',#9258,#9263);
#9258 = PLANE('',#9259);
#9259 = AXIS2_PLACEMENT_3D('',#9260,#9261,#9262);
#9260 = CARTESIAN_POINT('',(8.,175.,281.));
#9261 = DIRECTION('',(-1.,-1.110223024625E-16,1.224646799147E-16));
#9262 = DIRECTION('',(-1.224646799147E-16,-1.359631073447E-32,-1.));
#9263 = DEFINITIONAL_REPRESENTATION('',(#9264),#9268);
#9264 = CIRCLE('',#9265,9.);
#9265 = AXIS2_PLACEMENT_2D('',#9266,#9267);
#9266 = CARTESIAN_POINT('',(0.,0.));
#9267 = DIRECTION('',(0.,1.));
#9268 = ( GEOMETRIC_REPRESENTATION_CONTEXT(2) 
PARAMETRIC_REPRESENTATION_CONTEXT() REPRESENTATION_CONTEXT('2D SPACE',''
  ) );
#9269 = ORIENTED_EDGE('',*,*,#9213,.F.);
#9270 = ORIENTED_EDGE('',*,*,#9271,.F.);
#9271 = EDGE_CURVE('',#9214,#9214,#9272,.T.);
#9272 = SURFACE_CURVE('',#9273,(#9278,#9285),.PCURVE_S1.);
#9273 = CIRCLE('',#9274,9.);
#9274 = AXIS2_PLACEMENT_3D('',#9275,#9276,#9277);
#9275 = CARTESIAN_POINT('',(10.5,175.,281.));
#9276 = DIRECTION('',(-1.,-1.110223024625E-16,1.224646799147E-16));
#9277 = DIRECTION('',(1.110223024625E-16,-1.,0.));
#9278 = PCURVE('',#9224,#9279);
#9279 = DEFINITIONAL_REPRESENTATION('',(#9280),#9284);
#9280 = LINE('',#9281,#9282);
#9281 = CARTESIAN_POINT('',(-0.,0.));
#9282 = VECTOR('',#9283,1.);
#9283 = DIRECTION('',(-1.,0.));
#9284 = ( GEOMETRIC_REPRESENTATION_CONTEXT(2) 
PARAMETRIC_REPRESENTATION_CONTEXT() REPRESENTATION_CONTEXT('2D SPACE',''
  ) );
#9285 = PCURVE('',#9286,#9291);
#9286 = CYLINDRICAL_SURFACE('',#9287,9.);
#9287 = AXIS2_PLACEMENT_3D('',#9288,#9289,#9290);
#9288 = CARTESIAN_POINT('',(10.5,175.,281.));
#9289 = DIRECTION('',(-1.,-1.110223024625E-16,1.224646799147E-16));
#9290 = DIRECTION('',(1.110223024625E-16,-1.,0.));
#9291 = DEFINITIONAL_REPRESENTATION('',(#9292),#9296);
#9292 = LINE('',#9293,#9294);
#9293 = CARTESIAN_POINT('',(0.,0.));
#9294 = VECTOR('',#9295,1.);
#9295 = DIRECTION('',(1.,0.));
#9296 = ( GEOMETRIC_REPRESENTATION_CONTEXT(2) 
PARAMETRIC_REPRESENTATION_CONTEXT() REPRESENTATION_CONTEXT('2D SPACE',''
  ) );
#9297 = ADVANCED_FACE('',(#9298),#9286,.T.);
#9298 = FACE_BOUND('',#9299,.T.);
#9299 = EDGE_LOOP('',(#9300,#9323,#9350,#9351));
#9300 = ORIENTED_EDGE('',*,*,#9301,.T.);
#9301 = EDGE_CURVE('',#9214,#9302,#9304,.T.);
#9302 = VERTEX_POINT('',#9303);
#9303 = CARTESIAN_POINT('',(13.,166.,281.));
#9304 = SEAM_CURVE('',#9305,(#9309,#9316),.PCURVE_S1.);
#9305 = LINE('',#9306,#9307);
#9306 = CARTESIAN_POINT('',(10.5,166.,281.));
#9307 = VECTOR('',#9308,1.);
#9308 = DIRECTION('',(1.,1.110223024625E-16,-1.224646799147E-16));
#9309 = PCURVE('',#9286,#9310);
#9310 = DEFINITIONAL_REPRESENTATION('',(#9311),#9315);
#9311 = LINE('',#9312,#9313);
#9312 = CARTESIAN_POINT('',(0.,0.));
#9313 = VECTOR('',#9314,1.);
#9314 = DIRECTION('',(0.,-1.));
#9315 = ( GEOMETRIC_REPRESENTATION_CONTEXT(2) 
PARAMETRIC_REPRESENTATION_CONTEXT() REPRESENTATION_CONTEXT('2D SPACE',''
  ) );
#9316 = PCURVE('',#9286,#9317);
#9317 = DEFINITIONAL_REPRESENTATION('',(#9318),#9322);
#9318 = LINE('',#9319,#9320);
#9319 = CARTESIAN_POINT('',(6.28318530718,0.));
#9320 = VECTOR('',#9321,1.);
#9321 = DIRECTION('',(0.,-1.));
#9322 = ( GEOMETRIC_REPRESENTATION_CONTEXT(2) 
PARAMETRIC_REPRESENTATION_CONTEXT() REPRESENTATION_CONTEXT('2D SPACE',''
  ) );
#9323 = ORIENTED_EDGE('',*,*,#9324,.T.);
#9324 = EDGE_CURVE('',#9302,#9302,#9325,.T.);
#9325 = SURFACE_CURVE('',#9326,(#9331,#9338),.PCURVE_S1.);
#9326 = CIRCLE('',#9327,9.);
#9327 = AXIS2_PLACEMENT_3D('',#9328,#9329,#9330);
#9328 = CARTESIAN_POINT('',(13.,175.,281.));
#9329 = DIRECTION('',(-1.,-1.110223024625E-16,1.224646799147E-16));
#9330 = DIRECTION('',(1.110223024625E-16,-1.,0.));
#9331 = PCURVE('',#9286,#9332);
#9332 = DEFINITIONAL_REPRESENTATION('',(#9333),#9337);
#9333 = LINE('',#9334,#9335);
#9334 = CARTESIAN_POINT('',(0.,-2.5));
#9335 = VECTOR('',#9336,1.);
#9336 = DIRECTION('',(1.,0.));
#9337 = ( GEOMETRIC_REPRESENTATION_CONTEXT(2) 
PARAMETRIC_REPRESENTATION_CONTEXT() REPRESENTATION_CONTEXT('2D SPACE',''
  ) );
#9338 = PCURVE('',#9339,#9344);
#9339 = PLANE('',#9340);
#9340 = AXIS2_PLACEMENT_3D('',#9341,#9342,#9343);
#9341 = CARTESIAN_POINT('',(13.,175.,281.));
#9342 = DIRECTION('',(-1.,-1.110223024625E-16,1.224646799147E-16));
#9343 = DIRECTION('',(-1.224646799147E-16,-1.359631073447E-32,-1.));
#9344 = DEFINITIONAL_REPRESENTATION('',(#9345),#9349);
#9345 = CIRCLE('',#9346,9.);
#9346 = AXIS2_PLACEMENT_2D('',#9347,#9348);
#9347 = CARTESIAN_POINT('',(0.,0.));
#9348 = DIRECTION('',(0.,1.));
#9349 = ( GEOMETRIC_REPRESENTATION_CONTEXT(2) 
PARAMETRIC_REPRESENTATION_CONTEXT() REPRESENTATION_CONTEXT('2D SPACE',''
  ) );
#9350 = ORIENTED_EDGE('',*,*,#9301,.F.);
#9351 = ORIENTED_EDGE('',*,*,#9271,.F.);
#9352 = ADVANCED_FACE('',(#9353,#9356),#9258,.T.);
#9353 = FACE_BOUND('',#9354,.T.);
#9354 = EDGE_LOOP('',(#9355));
#9355 = ORIENTED_EDGE('',*,*,#9243,.T.);
#9356 = FACE_BOUND('',#9357,.T.);
#9357 = EDGE_LOOP('',(#9358));
#9358 = ORIENTED_EDGE('',*,*,#9359,.F.);
#9359 = EDGE_CURVE('',#9360,#9360,#9362,.T.);
#9360 = VERTEX_POINT('',#9361);
#9361 = CARTESIAN_POINT('',(8.,168.95,281.));
#9362 = SURFACE_CURVE('',#9363,(#9368,#9375),.PCURVE_S1.);
#9363 = CIRCLE('',#9364,6.05);
#9364 = AXIS2_PLACEMENT_3D('',#9365,#9366,#9367);
#9365 = CARTESIAN_POINT('',(8.,175.,281.));
#9366 = DIRECTION('',(-1.,-1.110223024625E-16,1.224646799147E-16));
#9367 = DIRECTION('',(1.110223024625E-16,-1.,0.));
#9368 = PCURVE('',#9258,#9369);
#9369 = DEFINITIONAL_REPRESENTATION('',(#9370),#9374);
#9370 = CIRCLE('',#9371,6.05);
#9371 = AXIS2_PLACEMENT_2D('',#9372,#9373);
#9372 = CARTESIAN_POINT('',(3.864303930206E-46,2.84217094304E-14));
#9373 = DIRECTION('',(0.,1.));
#9374 = ( GEOMETRIC_REPRESENTATION_CONTEXT(2) 
PARAMETRIC_REPRESENTATION_CONTEXT() REPRESENTATION_CONTEXT('2D SPACE',''
  ) );
#9375 = PCURVE('',#9376,#9381);
#9376 = CYLINDRICAL_SURFACE('',#9377,6.05);
#9377 = AXIS2_PLACEMENT_3D('',#9378,#9379,#9380);
#9378 = CARTESIAN_POINT('',(10.5,175.,281.));
#9379 = DIRECTION('',(1.,1.110223024625E-16,-1.224646799147E-16));
#9380 = DIRECTION('',(1.110223024625E-16,-1.,0.));
#9381 = DEFINITIONAL_REPRESENTATION('',(#9382),#9386);
#9382 = LINE('',#9383,#9384);
#9383 = CARTESIAN_POINT('',(-0.,-2.5));
#9384 = VECTOR('',#9385,1.);
#9385 = DIRECTION('',(-1.,0.));
#9386 = ( GEOMETRIC_REPRESENTATION_CONTEXT(2) 
PARAMETRIC_REPRESENTATION_CONTEXT() REPRESENTATION_CONTEXT('2D SPACE',''
  ) );
#9387 = ADVANCED_FACE('',(#9388,#9391),#9339,.F.);
#9388 = FACE_BOUND('',#9389,.F.);
#9389 = EDGE_LOOP('',(#9390));
#9390 = ORIENTED_EDGE('',*,*,#9324,.T.);
#9391 = FACE_BOUND('',#9392,.F.);
#9392 = EDGE_LOOP('',(#9393));
#9393 = ORIENTED_EDGE('',*,*,#9394,.F.);
#9394 = EDGE_CURVE('',#9395,#9395,#9397,.T.);
#9395 = VERTEX_POINT('',#9396);
#9396 = CARTESIAN_POINT('',(13.,168.95,281.));
#9397 = SURFACE_CURVE('',#9398,(#9403,#9410),.PCURVE_S1.);
#9398 = CIRCLE('',#9399,6.05);
#9399 = AXIS2_PLACEMENT_3D('',#9400,#9401,#9402);
#9400 = CARTESIAN_POINT('',(13.,175.,281.));
#9401 = DIRECTION('',(-1.,-1.110223024625E-16,1.224646799147E-16));
#9402 = DIRECTION('',(1.110223024625E-16,-1.,0.));
#9403 = PCURVE('',#9339,#9404);
#9404 = DEFINITIONAL_REPRESENTATION('',(#9405),#9409);
#9405 = CIRCLE('',#9406,6.05);
#9406 = AXIS2_PLACEMENT_2D('',#9407,#9408);
#9407 = CARTESIAN_POINT('',(3.864303930206E-46,2.84217094304E-14));
#9408 = DIRECTION('',(0.,1.));
#9409 = ( GEOMETRIC_REPRESENTATION_CONTEXT(2) 
PARAMETRIC_REPRESENTATION_CONTEXT() REPRESENTATION_CONTEXT('2D SPACE',''
  ) );
#9410 = PCURVE('',#9411,#9416);
#9411 = CYLINDRICAL_SURFACE('',#9412,6.05);
#9412 = AXIS2_PLACEMENT_3D('',#9413,#9414,#9415);
#9413 = CARTESIAN_POINT('',(10.5,175.,281.));
#9414 = DIRECTION('',(-1.,-1.110223024625E-16,1.224646799147E-16));
#9415 = DIRECTION('',(1.110223024625E-16,-1.,0.));
#9416 = DEFINITIONAL_REPRESENTATION('',(#9417),#9421);
#9417 = LINE('',#9418,#9419);
#9418 = CARTESIAN_POINT('',(0.,-2.5));
#9419 = VECTOR('',#9420,1.);
#9420 = DIRECTION('',(1.,0.));
#9421 = ( GEOMETRIC_REPRESENTATION_CONTEXT(2) 
PARAMETRIC_REPRESENTATION_CONTEXT() REPRESENTATION_CONTEXT('2D SPACE',''
  ) );
#9422 = ADVANCED_FACE('',(#9423),#9376,.F.);
#9423 = FACE_BOUND('',#9424,.T.);
#9424 = EDGE_LOOP('',(#9425,#9448,#9449,#9450));
#9425 = ORIENTED_EDGE('',*,*,#9426,.T.);
#9426 = EDGE_CURVE('',#9427,#9360,#9429,.T.);
#9427 = VERTEX_POINT('',#9428);
#9428 = CARTESIAN_POINT('',(10.5,168.95,281.));
#9429 = SEAM_CURVE('',#9430,(#9434,#9441),.PCURVE_S1.);
#9430 = LINE('',#9431,#9432);
#9431 = CARTESIAN_POINT('',(10.5,168.95,281.));
#9432 = VECTOR('',#9433,1.);
#9433 = DIRECTION('',(-1.,-1.110223024625E-16,1.224646799147E-16));
#9434 = PCURVE('',#9376,#9435);
#9435 = DEFINITIONAL_REPRESENTATION('',(#9436),#9440);
#9436 = LINE('',#9437,#9438);
#9437 = CARTESIAN_POINT('',(-0.,0.));
#9438 = VECTOR('',#9439,1.);
#9439 = DIRECTION('',(-0.,-1.));
#9440 = ( GEOMETRIC_REPRESENTATION_CONTEXT(2) 
PARAMETRIC_REPRESENTATION_CONTEXT() REPRESENTATION_CONTEXT('2D SPACE',''
  ) );
#9441 = PCURVE('',#9376,#9442);
#9442 = DEFINITIONAL_REPRESENTATION('',(#9443),#9447);
#9443 = LINE('',#9444,#9445);
#9444 = CARTESIAN_POINT('',(-6.28318530718,0.));
#9445 = VECTOR('',#9446,1.);
#9446 = DIRECTION('',(-0.,-1.));
#9447 = ( GEOMETRIC_REPRESENTATION_CONTEXT(2) 
PARAMETRIC_REPRESENTATION_CONTEXT() REPRESENTATION_CONTEXT('2D SPACE',''
  ) );
#9448 = ORIENTED_EDGE('',*,*,#9359,.T.);
#9449 = ORIENTED_EDGE('',*,*,#9426,.F.);
#9450 = ORIENTED_EDGE('',*,*,#9451,.F.);
#9451 = EDGE_CURVE('',#9427,#9427,#9452,.T.);
#9452 = SURFACE_CURVE('',#9453,(#9458,#9465),.PCURVE_S1.);
#9453 = CIRCLE('',#9454,6.05);
#9454 = AXIS2_PLACEMENT_3D('',#9455,#9456,#9457);
#9455 = CARTESIAN_POINT('',(10.5,175.,281.));
#9456 = DIRECTION('',(-1.,-1.110223024625E-16,1.224646799147E-16));
#9457 = DIRECTION('',(1.110223024625E-16,-1.,0.));
#9458 = PCURVE('',#9376,#9459);
#9459 = DEFINITIONAL_REPRESENTATION('',(#9460),#9464);
#9460 = LINE('',#9461,#9462);
#9461 = CARTESIAN_POINT('',(-0.,0.));
#9462 = VECTOR('',#9463,1.);
#9463 = DIRECTION('',(-1.,0.));
#9464 = ( GEOMETRIC_REPRESENTATION_CONTEXT(2) 
PARAMETRIC_REPRESENTATION_CONTEXT() REPRESENTATION_CONTEXT('2D SPACE',''
  ) );
#9465 = PCURVE('',#9411,#9466);
#9466 = DEFINITIONAL_REPRESENTATION('',(#9467),#9471);
#9467 = LINE('',#9468,#9469);
#9468 = CARTESIAN_POINT('',(0.,0.));
#9469 = VECTOR('',#9470,1.);
#9470 = DIRECTION('',(1.,0.));
#9471 = ( GEOMETRIC_REPRESENTATION_CONTEXT(2) 
PARAMETRIC_REPRESENTATION_CONTEXT() REPRESENTATION_CONTEXT('2D SPACE',''
  ) );
#9472 = ADVANCED_FACE('',(#9473),#9411,.F.);
#9473 = FACE_BOUND('',#9474,.F.);
#9474 = EDGE_LOOP('',(#9475,#9496,#9497,#9498));
#9475 = ORIENTED_EDGE('',*,*,#9476,.T.);
#9476 = EDGE_CURVE('',#9427,#9395,#9477,.T.);
#9477 = SEAM_CURVE('',#9478,(#9482,#9489),.PCURVE_S1.);
#9478 = LINE('',#9479,#9480);
#9479 = CARTESIAN_POINT('',(10.5,168.95,281.));
#9480 = VECTOR('',#9481,1.);
#9481 = DIRECTION('',(1.,1.110223024625E-16,-1.224646799147E-16));
#9482 = PCURVE('',#9411,#9483);
#9483 = DEFINITIONAL_REPRESENTATION('',(#9484),#9488);
#9484 = LINE('',#9485,#9486);
#9485 = CARTESIAN_POINT('',(0.,0.));
#9486 = VECTOR('',#9487,1.);
#9487 = DIRECTION('',(0.,-1.));
#9488 = ( GEOMETRIC_REPRESENTATION_CONTEXT(2) 
PARAMETRIC_REPRESENTATION_CONTEXT() REPRESENTATION_CONTEXT('2D SPACE',''
  ) );
#9489 = PCURVE('',#9411,#9490);
#9490 = DEFINITIONAL_REPRESENTATION('',(#9491),#9495);
#9491 = LINE('',#9492,#9493);
#9492 = CARTESIAN_POINT('',(6.28318530718,0.));
#9493 = VECTOR('',#9494,1.);
#9494 = DIRECTION('',(0.,-1.));
#9495 = ( GEOMETRIC_REPRESENTATION_CONTEXT(2) 
PARAMETRIC_REPRESENTATION_CONTEXT() REPRESENTATION_CONTEXT('2D SPACE',''
  ) );
#9496 = ORIENTED_EDGE('',*,*,#9394,.T.);
#9497 = ORIENTED_EDGE('',*,*,#9476,.F.);
#9498 = ORIENTED_EDGE('',*,*,#9451,.F.);
#9499 = ( GEOMETRIC_REPRESENTATION_CONTEXT(3) 
GLOBAL_UNCERTAINTY_ASSIGNED_CONTEXT((#9503)) 
GLOBAL_UNIT_ASSIGNED_CONTEXT((#9500,#9501,#9502)) REPRESENTATION_CONTEXT
('Context #1','3D Context with UNIT and UNCERTAINTY') );
#9500 = ( LENGTH_UNIT() NAMED_UNIT(*) SI_UNIT(.MILLI.,.METRE.) );
#9501 = ( NAMED_UNIT(*) PLANE_ANGLE_UNIT() SI_UNIT($,.RADIAN.) );
#9502 = ( NAMED_UNIT(*) SI_UNIT($,.STERADIAN.) SOLID_ANGLE_UNIT() );
#9503 = UNCERTAINTY_MEASURE_WITH_UNIT(LENGTH_MEASURE(1.E-07),#9500,
  'distance_accuracy_value','confusion accuracy');
#9504 = CONTEXT_DEPENDENT_SHAPE_REPRESENTATION(#9505,#9507);
#9505 = ( REPRESENTATION_RELATIONSHIP('','',#9206,#10) 
REPRESENTATION_RELATIONSHIP_WITH_TRANSFORMATION(#9506) 
SHAPE_REPRESENTATION_RELATIONSHIP() );
#9506 = ITEM_DEFINED_TRANSFORMATION('','',#11,#59);
#9507 = PRODUCT_DEFINITION_SHAPE('Placement','Placement of an item',
  #9508);
#9508 = NEXT_ASSEMBLY_USAGE_OCCURRENCE('81','U1_SHIM_STACK_L','',#5,
  #9201,$);
#9509 = PRODUCT_RELATED_PRODUCT_CATEGORY('part',$,(#9203));
#9510 = SHAPE_DEFINITION_REPRESENTATION(#9511,#9517);
#9511 = PRODUCT_DEFINITION_SHAPE('','',#9512);
#9512 = PRODUCT_DEFINITION('design','',#9513,#9516);
#9513 = PRODUCT_DEFINITION_FORMATION('','',#9514);
#9514 = PRODUCT('U1_MCL12F_L','U1_MCL12F_L','',(#9515));
#9515 = PRODUCT_CONTEXT('',#2,'mechanical');
#9516 = PRODUCT_DEFINITION_CONTEXT('part definition',#2,'design');
#9517 = ADVANCED_BREP_SHAPE_REPRESENTATION('',(#11,#9518),#9810);
#9518 = MANIFOLD_SOLID_BREP('',#9519);
#9519 = CLOSED_SHELL('',(#9520,#9608,#9663,#9698,#9733,#9783));
#9520 = ADVANCED_FACE('',(#9521),#9535,.T.);
#9521 = FACE_BOUND('',#9522,.F.);
#9522 = EDGE_LOOP('',(#9523,#9553,#9580,#9581));
#9523 = ORIENTED_EDGE('',*,*,#9524,.T.);
#9524 = EDGE_CURVE('',#9525,#9527,#9529,.T.);
#9525 = VERTEX_POINT('',#9526);
#9526 = CARTESIAN_POINT('',(32.5,161.,281.));
#9527 = VERTEX_POINT('',#9528);
#9528 = CARTESIAN_POINT('',(27.,161.,281.));
#9529 = SEAM_CURVE('',#9530,(#9534,#9546),.PCURVE_S1.);
#9530 = LINE('',#9531,#9532);
#9531 = CARTESIAN_POINT('',(32.5,161.,281.));
#9532 = VECTOR('',#9533,1.);
#9533 = DIRECTION('',(-1.,-1.110223024625E-16,1.224646799147E-16));
#9534 = PCURVE('',#9535,#9540);
#9535 = CYLINDRICAL_SURFACE('',#9536,14.);
#9536 = AXIS2_PLACEMENT_3D('',#9537,#9538,#9539);
#9537 = CARTESIAN_POINT('',(32.5,175.,281.));
#9538 = DIRECTION('',(1.,1.110223024625E-16,-1.224646799147E-16));
#9539 = DIRECTION('',(1.110223024625E-16,-1.,0.));
#9540 = DEFINITIONAL_REPRESENTATION('',(#9541),#9545);
#9541 = LINE('',#9542,#9543);
#9542 = CARTESIAN_POINT('',(-0.,0.));
#9543 = VECTOR('',#9544,1.);
#9544 = DIRECTION('',(-0.,-1.));
#9545 = ( GEOMETRIC_REPRESENTATION_CONTEXT(2) 
PARAMETRIC_REPRESENTATION_CONTEXT() REPRESENTATION_CONTEXT('2D SPACE',''
  ) );
#9546 = PCURVE('',#9535,#9547);
#9547 = DEFINITIONAL_REPRESENTATION('',(#9548),#9552);
#9548 = LINE('',#9549,#9550);
#9549 = CARTESIAN_POINT('',(-6.28318530718,0.));
#9550 = VECTOR('',#9551,1.);
#9551 = DIRECTION('',(-0.,-1.));
#9552 = ( GEOMETRIC_REPRESENTATION_CONTEXT(2) 
PARAMETRIC_REPRESENTATION_CONTEXT() REPRESENTATION_CONTEXT('2D SPACE',''
  ) );
#9553 = ORIENTED_EDGE('',*,*,#9554,.T.);
#9554 = EDGE_CURVE('',#9527,#9527,#9555,.T.);
#9555 = SURFACE_CURVE('',#9556,(#9561,#9568),.PCURVE_S1.);
#9556 = CIRCLE('',#9557,14.);
#9557 = AXIS2_PLACEMENT_3D('',#9558,#9559,#9560);
#9558 = CARTESIAN_POINT('',(27.,175.,281.));
#9559 = DIRECTION('',(-1.,-1.110223024625E-16,1.224646799147E-16));
#9560 = DIRECTION('',(1.110223024625E-16,-1.,0.));
#9561 = PCURVE('',#9535,#9562);
#9562 = DEFINITIONAL_REPRESENTATION('',(#9563),#9567);
#9563 = LINE('',#9564,#9565);
#9564 = CARTESIAN_POINT('',(-0.,-5.5));
#9565 = VECTOR('',#9566,1.);
#9566 = DIRECTION('',(-1.,0.));
#9567 = ( GEOMETRIC_REPRESENTATION_CONTEXT(2) 
PARAMETRIC_REPRESENTATION_CONTEXT() REPRESENTATION_CONTEXT('2D SPACE',''
  ) );
#9568 = PCURVE('',#9569,#9574);
#9569 = PLANE('',#9570);
#9570 = AXIS2_PLACEMENT_3D('',#9571,#9572,#9573);
#9571 = CARTESIAN_POINT('',(27.,175.,281.));
#9572 = DIRECTION('',(-1.,-1.110223024625E-16,1.224646799147E-16));
#9573 = DIRECTION('',(-1.224646799147E-16,-1.359631073447E-32,-1.));
#9574 = DEFINITIONAL_REPRESENTATION('',(#9575),#9579);
#9575 = CIRCLE('',#9576,14.);
#9576 = AXIS2_PLACEMENT_2D('',#9577,#9578);
#9577 = CARTESIAN_POINT('',(0.,0.));
#9578 = DIRECTION('',(0.,1.));
#9579 = ( GEOMETRIC_REPRESENTATION_CONTEXT(2) 
PARAMETRIC_REPRESENTATION_CONTEXT() REPRESENTATION_CONTEXT('2D SPACE',''
  ) );
#9580 = ORIENTED_EDGE('',*,*,#9524,.F.);
#9581 = ORIENTED_EDGE('',*,*,#9582,.F.);
#9582 = EDGE_CURVE('',#9525,#9525,#9583,.T.);
#9583 = SURFACE_CURVE('',#9584,(#9589,#9596),.PCURVE_S1.);
#9584 = CIRCLE('',#9585,14.);
#9585 = AXIS2_PLACEMENT_3D('',#9586,#9587,#9588);
#9586 = CARTESIAN_POINT('',(32.5,175.,281.));
#9587 = DIRECTION('',(-1.,-1.110223024625E-16,1.224646799147E-16));
#9588 = DIRECTION('',(1.110223024625E-16,-1.,0.));
#9589 = PCURVE('',#9535,#9590);
#9590 = DEFINITIONAL_REPRESENTATION('',(#9591),#9595);
#9591 = LINE('',#9592,#9593);
#9592 = CARTESIAN_POINT('',(-0.,0.));
#9593 = VECTOR('',#9594,1.);
#9594 = DIRECTION('',(-1.,0.));
#9595 = ( GEOMETRIC_REPRESENTATION_CONTEXT(2) 
PARAMETRIC_REPRESENTATION_CONTEXT() REPRESENTATION_CONTEXT('2D SPACE',''
  ) );
#9596 = PCURVE('',#9597,#9602);
#9597 = CYLINDRICAL_SURFACE('',#9598,14.);
#9598 = AXIS2_PLACEMENT_3D('',#9599,#9600,#9601);
#9599 = CARTESIAN_POINT('',(32.5,175.,281.));
#9600 = DIRECTION('',(-1.,-1.110223024625E-16,1.224646799147E-16));
#9601 = DIRECTION('',(1.110223024625E-16,-1.,0.));
#9602 = DEFINITIONAL_REPRESENTATION('',(#9603),#9607);
#9603 = LINE('',#9604,#9605);
#9604 = CARTESIAN_POINT('',(0.,0.));
#9605 = VECTOR('',#9606,1.);
#9606 = DIRECTION('',(1.,0.));
#9607 = ( GEOMETRIC_REPRESENTATION_CONTEXT(2) 
PARAMETRIC_REPRESENTATION_CONTEXT() REPRESENTATION_CONTEXT('2D SPACE',''
  ) );
#9608 = ADVANCED_FACE('',(#9609),#9597,.T.);
#9609 = FACE_BOUND('',#9610,.T.);
#9610 = EDGE_LOOP('',(#9611,#9634,#9661,#9662));
#9611 = ORIENTED_EDGE('',*,*,#9612,.T.);
#9612 = EDGE_CURVE('',#9525,#9613,#9615,.T.);
#9613 = VERTEX_POINT('',#9614);
#9614 = CARTESIAN_POINT('',(38.,161.,281.));
#9615 = SEAM_CURVE('',#9616,(#9620,#9627),.PCURVE_S1.);
#9616 = LINE('',#9617,#9618);
#9617 = CARTESIAN_POINT('',(32.5,161.,281.));
#9618 = VECTOR('',#9619,1.);
#9619 = DIRECTION('',(1.,1.110223024625E-16,-1.224646799147E-16));
#9620 = PCURVE('',#9597,#9621);
#9621 = DEFINITIONAL_REPRESENTATION('',(#9622),#9626);
#9622 = LINE('',#9623,#9624);
#9623 = CARTESIAN_POINT('',(0.,0.));
#9624 = VECTOR('',#9625,1.);
#9625 = DIRECTION('',(0.,-1.));
#9626 = ( GEOMETRIC_REPRESENTATION_CONTEXT(2) 
PARAMETRIC_REPRESENTATION_CONTEXT() REPRESENTATION_CONTEXT('2D SPACE',''
  ) );
#9627 = PCURVE('',#9597,#9628);
#9628 = DEFINITIONAL_REPRESENTATION('',(#9629),#9633);
#9629 = LINE('',#9630,#9631);
#9630 = CARTESIAN_POINT('',(6.28318530718,0.));
#9631 = VECTOR('',#9632,1.);
#9632 = DIRECTION('',(0.,-1.));
#9633 = ( GEOMETRIC_REPRESENTATION_CONTEXT(2) 
PARAMETRIC_REPRESENTATION_CONTEXT() REPRESENTATION_CONTEXT('2D SPACE',''
  ) );
#9634 = ORIENTED_EDGE('',*,*,#9635,.T.);
#9635 = EDGE_CURVE('',#9613,#9613,#9636,.T.);
#9636 = SURFACE_CURVE('',#9637,(#9642,#9649),.PCURVE_S1.);
#9637 = CIRCLE('',#9638,14.);
#9638 = AXIS2_PLACEMENT_3D('',#9639,#9640,#9641);
#9639 = CARTESIAN_POINT('',(38.,175.,281.));
#9640 = DIRECTION('',(-1.,-1.110223024625E-16,1.224646799147E-16));
#9641 = DIRECTION('',(1.110223024625E-16,-1.,0.));
#9642 = PCURVE('',#9597,#9643);
#9643 = DEFINITIONAL_REPRESENTATION('',(#9644),#9648);
#9644 = LINE('',#9645,#9646);
#9645 = CARTESIAN_POINT('',(0.,-5.5));
#9646 = VECTOR('',#9647,1.);
#9647 = DIRECTION('',(1.,0.));
#9648 = ( GEOMETRIC_REPRESENTATION_CONTEXT(2) 
PARAMETRIC_REPRESENTATION_CONTEXT() REPRESENTATION_CONTEXT('2D SPACE',''
  ) );
#9649 = PCURVE('',#9650,#9655);
#9650 = PLANE('',#9651);
#9651 = AXIS2_PLACEMENT_3D('',#9652,#9653,#9654);
#9652 = CARTESIAN_POINT('',(38.,175.,281.));
#9653 = DIRECTION('',(-1.,-1.110223024625E-16,1.224646799147E-16));
#9654 = DIRECTION('',(-1.224646799147E-16,-1.359631073447E-32,-1.));
#9655 = DEFINITIONAL_REPRESENTATION('',(#9656),#9660);
#9656 = CIRCLE('',#9657,14.);
#9657 = AXIS2_PLACEMENT_2D('',#9658,#9659);
#9658 = CARTESIAN_POINT('',(0.,0.));
#9659 = DIRECTION('',(0.,1.));
#9660 = ( GEOMETRIC_REPRESENTATION_CONTEXT(2) 
PARAMETRIC_REPRESENTATION_CONTEXT() REPRESENTATION_CONTEXT('2D SPACE',''
  ) );
#9661 = ORIENTED_EDGE('',*,*,#9612,.F.);
#9662 = ORIENTED_EDGE('',*,*,#9582,.F.);
#9663 = ADVANCED_FACE('',(#9664,#9667),#9569,.T.);
#9664 = FACE_BOUND('',#9665,.T.);
#9665 = EDGE_LOOP('',(#9666));
#9666 = ORIENTED_EDGE('',*,*,#9554,.T.);
#9667 = FACE_BOUND('',#9668,.T.);
#9668 = EDGE_LOOP('',(#9669));
#9669 = ORIENTED_EDGE('',*,*,#9670,.F.);
#9670 = EDGE_CURVE('',#9671,#9671,#9673,.T.);
#9671 = VERTEX_POINT('',#9672);
#9672 = CARTESIAN_POINT('',(27.,168.995,281.));
#9673 = SURFACE_CURVE('',#9674,(#9679,#9686),.PCURVE_S1.);
#9674 = CIRCLE('',#9675,6.005);
#9675 = AXIS2_PLACEMENT_3D('',#9676,#9677,#9678);
#9676 = CARTESIAN_POINT('',(27.,175.,281.));
#9677 = DIRECTION('',(-1.,-1.110223024625E-16,1.224646799147E-16));
#9678 = DIRECTION('',(1.110223024625E-16,-1.,0.));
#9679 = PCURVE('',#9569,#9680);
#9680 = DEFINITIONAL_REPRESENTATION('',(#9681),#9685);
#9681 = CIRCLE('',#9682,6.005);
#9682 = AXIS2_PLACEMENT_2D('',#9683,#9684);
#9683 = CARTESIAN_POINT('',(7.728607860411E-46,5.684341886081E-14));
#9684 = DIRECTION('',(0.,1.));
#9685 = ( GEOMETRIC_REPRESENTATION_CONTEXT(2) 
PARAMETRIC_REPRESENTATION_CONTEXT() REPRESENTATION_CONTEXT('2D SPACE',''
  ) );
#9686 = PCURVE('',#9687,#9692);
#9687 = CYLINDRICAL_SURFACE('',#9688,6.005);
#9688 = AXIS2_PLACEMENT_3D('',#9689,#9690,#9691);
#9689 = CARTESIAN_POINT('',(32.5,175.,281.));
#9690 = DIRECTION('',(1.,1.110223024625E-16,-1.224646799147E-16));
#9691 = DIRECTION('',(1.110223024625E-16,-1.,0.));
#9692 = DEFINITIONAL_REPRESENTATION('',(#9693),#9697);
#9693 = LINE('',#9694,#9695);
#9694 = CARTESIAN_POINT('',(-0.,-5.5));
#9695 = VECTOR('',#9696,1.);
#9696 = DIRECTION('',(-1.,0.));
#9697 = ( GEOMETRIC_REPRESENTATION_CONTEXT(2) 
PARAMETRIC_REPRESENTATION_CONTEXT() REPRESENTATION_CONTEXT('2D SPACE',''
  ) );
#9698 = ADVANCED_FACE('',(#9699,#9702),#9650,.F.);
#9699 = FACE_BOUND('',#9700,.F.);
#9700 = EDGE_LOOP('',(#9701));
#9701 = ORIENTED_EDGE('',*,*,#9635,.T.);
#9702 = FACE_BOUND('',#9703,.F.);
#9703 = EDGE_LOOP('',(#9704));
#9704 = ORIENTED_EDGE('',*,*,#9705,.F.);
#9705 = EDGE_CURVE('',#9706,#9706,#9708,.T.);
#9706 = VERTEX_POINT('',#9707);
#9707 = CARTESIAN_POINT('',(38.,168.995,281.));
#9708 = SURFACE_CURVE('',#9709,(#9714,#9721),.PCURVE_S1.);
#9709 = CIRCLE('',#9710,6.005);
#9710 = AXIS2_PLACEMENT_3D('',#9711,#9712,#9713);
#9711 = CARTESIAN_POINT('',(38.,175.,281.));
#9712 = DIRECTION('',(-1.,-1.110223024625E-16,1.224646799147E-16));
#9713 = DIRECTION('',(1.110223024625E-16,-1.,0.));
#9714 = PCURVE('',#9650,#9715);
#9715 = DEFINITIONAL_REPRESENTATION('',(#9716),#9720);
#9716 = CIRCLE('',#9717,6.005);
#9717 = AXIS2_PLACEMENT_2D('',#9718,#9719);
#9718 = CARTESIAN_POINT('',(7.728607860411E-46,5.684341886081E-14));
#9719 = DIRECTION('',(0.,1.));
#9720 = ( GEOMETRIC_REPRESENTATION_CONTEXT(2) 
PARAMETRIC_REPRESENTATION_CONTEXT() REPRESENTATION_CONTEXT('2D SPACE',''
  ) );
#9721 = PCURVE('',#9722,#9727);
#9722 = CYLINDRICAL_SURFACE('',#9723,6.005);
#9723 = AXIS2_PLACEMENT_3D('',#9724,#9725,#9726);
#9724 = CARTESIAN_POINT('',(32.5,175.,281.));
#9725 = DIRECTION('',(-1.,-1.110223024625E-16,1.224646799147E-16));
#9726 = DIRECTION('',(1.110223024625E-16,-1.,0.));
#9727 = DEFINITIONAL_REPRESENTATION('',(#9728),#9732);
#9728 = LINE('',#9729,#9730);
#9729 = CARTESIAN_POINT('',(0.,-5.5));
#9730 = VECTOR('',#9731,1.);
#9731 = DIRECTION('',(1.,0.));
#9732 = ( GEOMETRIC_REPRESENTATION_CONTEXT(2) 
PARAMETRIC_REPRESENTATION_CONTEXT() REPRESENTATION_CONTEXT('2D SPACE',''
  ) );
#9733 = ADVANCED_FACE('',(#9734),#9687,.F.);
#9734 = FACE_BOUND('',#9735,.T.);
#9735 = EDGE_LOOP('',(#9736,#9759,#9760,#9761));
#9736 = ORIENTED_EDGE('',*,*,#9737,.T.);
#9737 = EDGE_CURVE('',#9738,#9671,#9740,.T.);
#9738 = VERTEX_POINT('',#9739);
#9739 = CARTESIAN_POINT('',(32.5,168.995,281.));
#9740 = SEAM_CURVE('',#9741,(#9745,#9752),.PCURVE_S1.);
#9741 = LINE('',#9742,#9743);
#9742 = CARTESIAN_POINT('',(32.5,168.995,281.));
#9743 = VECTOR('',#9744,1.);
#9744 = DIRECTION('',(-1.,-1.110223024625E-16,1.224646799147E-16));
#9745 = PCURVE('',#9687,#9746);
#9746 = DEFINITIONAL_REPRESENTATION('',(#9747),#9751);
#9747 = LINE('',#9748,#9749);
#9748 = CARTESIAN_POINT('',(-0.,0.));
#9749 = VECTOR('',#9750,1.);
#9750 = DIRECTION('',(-0.,-1.));
#9751 = ( GEOMETRIC_REPRESENTATION_CONTEXT(2) 
PARAMETRIC_REPRESENTATION_CONTEXT() REPRESENTATION_CONTEXT('2D SPACE',''
  ) );
#9752 = PCURVE('',#9687,#9753);
#9753 = DEFINITIONAL_REPRESENTATION('',(#9754),#9758);
#9754 = LINE('',#9755,#9756);
#9755 = CARTESIAN_POINT('',(-6.28318530718,0.));
#9756 = VECTOR('',#9757,1.);
#9757 = DIRECTION('',(-0.,-1.));
#9758 = ( GEOMETRIC_REPRESENTATION_CONTEXT(2) 
PARAMETRIC_REPRESENTATION_CONTEXT() REPRESENTATION_CONTEXT('2D SPACE',''
  ) );
#9759 = ORIENTED_EDGE('',*,*,#9670,.T.);
#9760 = ORIENTED_EDGE('',*,*,#9737,.F.);
#9761 = ORIENTED_EDGE('',*,*,#9762,.F.);
#9762 = EDGE_CURVE('',#9738,#9738,#9763,.T.);
#9763 = SURFACE_CURVE('',#9764,(#9769,#9776),.PCURVE_S1.);
#9764 = CIRCLE('',#9765,6.005);
#9765 = AXIS2_PLACEMENT_3D('',#9766,#9767,#9768);
#9766 = CARTESIAN_POINT('',(32.5,175.,281.));
#9767 = DIRECTION('',(-1.,-1.110223024625E-16,1.224646799147E-16));
#9768 = DIRECTION('',(1.110223024625E-16,-1.,0.));
#9769 = PCURVE('',#9687,#9770);
#9770 = DEFINITIONAL_REPRESENTATION('',(#9771),#9775);
#9771 = LINE('',#9772,#9773);
#9772 = CARTESIAN_POINT('',(-0.,0.));
#9773 = VECTOR('',#9774,1.);
#9774 = DIRECTION('',(-1.,0.));
#9775 = ( GEOMETRIC_REPRESENTATION_CONTEXT(2) 
PARAMETRIC_REPRESENTATION_CONTEXT() REPRESENTATION_CONTEXT('2D SPACE',''
  ) );
#9776 = PCURVE('',#9722,#9777);
#9777 = DEFINITIONAL_REPRESENTATION('',(#9778),#9782);
#9778 = LINE('',#9779,#9780);
#9779 = CARTESIAN_POINT('',(0.,0.));
#9780 = VECTOR('',#9781,1.);
#9781 = DIRECTION('',(1.,0.));
#9782 = ( GEOMETRIC_REPRESENTATION_CONTEXT(2) 
PARAMETRIC_REPRESENTATION_CONTEXT() REPRESENTATION_CONTEXT('2D SPACE',''
  ) );
#9783 = ADVANCED_FACE('',(#9784),#9722,.F.);
#9784 = FACE_BOUND('',#9785,.F.);
#9785 = EDGE_LOOP('',(#9786,#9807,#9808,#9809));
#9786 = ORIENTED_EDGE('',*,*,#9787,.T.);
#9787 = EDGE_CURVE('',#9738,#9706,#9788,.T.);
#9788 = SEAM_CURVE('',#9789,(#9793,#9800),.PCURVE_S1.);
#9789 = LINE('',#9790,#9791);
#9790 = CARTESIAN_POINT('',(32.5,168.995,281.));
#9791 = VECTOR('',#9792,1.);
#9792 = DIRECTION('',(1.,1.110223024625E-16,-1.224646799147E-16));
#9793 = PCURVE('',#9722,#9794);
#9794 = DEFINITIONAL_REPRESENTATION('',(#9795),#9799);
#9795 = LINE('',#9796,#9797);
#9796 = CARTESIAN_POINT('',(0.,0.));
#9797 = VECTOR('',#9798,1.);
#9798 = DIRECTION('',(0.,-1.));
#9799 = ( GEOMETRIC_REPRESENTATION_CONTEXT(2) 
PARAMETRIC_REPRESENTATION_CONTEXT() REPRESENTATION_CONTEXT('2D SPACE',''
  ) );
#9800 = PCURVE('',#9722,#9801);
#9801 = DEFINITIONAL_REPRESENTATION('',(#9802),#9806);
#9802 = LINE('',#9803,#9804);
#9803 = CARTESIAN_POINT('',(6.28318530718,0.));
#9804 = VECTOR('',#9805,1.);
#9805 = DIRECTION('',(0.,-1.));
#9806 = ( GEOMETRIC_REPRESENTATION_CONTEXT(2) 
PARAMETRIC_REPRESENTATION_CONTEXT() REPRESENTATION_CONTEXT('2D SPACE',''
  ) );
#9807 = ORIENTED_EDGE('',*,*,#9705,.T.);
#9808 = ORIENTED_EDGE('',*,*,#9787,.F.);
#9809 = ORIENTED_EDGE('',*,*,#9762,.F.);
#9810 = ( GEOMETRIC_REPRESENTATION_CONTEXT(3) 
GLOBAL_UNCERTAINTY_ASSIGNED_CONTEXT((#9814)) 
GLOBAL_UNIT_ASSIGNED_CONTEXT((#9811,#9812,#9813)) REPRESENTATION_CONTEXT
('Context #1','3D Context with UNIT and UNCERTAINTY') );
#9811 = ( LENGTH_UNIT() NAMED_UNIT(*) SI_UNIT(.MILLI.,.METRE.) );
#9812 = ( NAMED_UNIT(*) PLANE_ANGLE_UNIT() SI_UNIT($,.RADIAN.) );
#9813 = ( NAMED_UNIT(*) SI_UNIT($,.STERADIAN.) SOLID_ANGLE_UNIT() );
#9814 = UNCERTAINTY_MEASURE_WITH_UNIT(LENGTH_MEASURE(1.E-07),#9811,
  'distance_accuracy_value','confusion accuracy');
#9815 = CONTEXT_DEPENDENT_SHAPE_REPRESENTATION(#9816,#9818);
#9816 = ( REPRESENTATION_RELATIONSHIP('','',#9517,#10) 
REPRESENTATION_RELATIONSHIP_WITH_TRANSFORMATION(#9817) 
SHAPE_REPRESENTATION_RELATIONSHIP() );
#9817 = ITEM_DEFINED_TRANSFORMATION('','',#11,#63);
#9818 = PRODUCT_DEFINITION_SHAPE('Placement','Placement of an item',
  #9819);
#9819 = NEXT_ASSEMBLY_USAGE_OCCURRENCE('82','U1_MCL12F_L','',#5,#9512,$
  );
#9820 = PRODUCT_RELATED_PRODUCT_CATEGORY('part',$,(#9514));
#9821 = SHAPE_DEFINITION_REPRESENTATION(#9822,#9828);
#9822 = PRODUCT_DEFINITION_SHAPE('','',#9823);
#9823 = PRODUCT_DEFINITION('design','',#9824,#9827);
#9824 = PRODUCT_DEFINITION_FORMATION('','',#9825);
#9825 = PRODUCT('U1_SHAT12_R','U1_SHAT12_R','',(#9826));
#9826 = PRODUCT_CONTEXT('',#2,'mechanical');
#9827 = PRODUCT_DEFINITION_CONTEXT('part definition',#2,'design');
#9828 = ADVANCED_BREP_SHAPE_REPRESENTATION('',(#11,#9829),#10973);
#9829 = MANIFOLD_SOLID_BREP('',#9830);
#9830 = CLOSED_SHELL('',(#9831,#9951,#10097,#10156,#10259,#10335,#10411,
    #10487,#10569,#10645,#10721,#10792,#10846,#10893,#10928,#10958));
#9831 = ADVANCED_FACE('',(#9832),#9846,.F.);
#9832 = FACE_BOUND('',#9833,.F.);
#9833 = EDGE_LOOP('',(#9834,#9869,#9897,#9925));
#9834 = ORIENTED_EDGE('',*,*,#9835,.F.);
#9835 = EDGE_CURVE('',#9836,#9838,#9840,.T.);
#9836 = VERTEX_POINT('',#9837);
#9837 = CARTESIAN_POINT('',(-13.,196.,304.));
#9838 = VERTEX_POINT('',#9839);
#9839 = CARTESIAN_POINT('',(-13.,196.,298.));
#9840 = SURFACE_CURVE('',#9841,(#9845,#9857),.PCURVE_S1.);
#9841 = LINE('',#9842,#9843);
#9842 = CARTESIAN_POINT('',(-13.,196.,304.));
#9843 = VECTOR('',#9844,1.);
#9844 = DIRECTION('',(-1.224646799147E-16,-1.359631073447E-32,-1.));
#9845 = PCURVE('',#9846,#9851);
#9846 = PLANE('',#9847);
#9847 = AXIS2_PLACEMENT_3D('',#9848,#9849,#9850);
#9848 = CARTESIAN_POINT('',(-13.,196.,304.));
#9849 = DIRECTION('',(1.110223024625E-16,-1.,0.));
#9850 = DIRECTION('',(-1.224646799147E-16,-1.359631073447E-32,-1.));
#9851 = DEFINITIONAL_REPRESENTATION('',(#9852),#9856);
#9852 = LINE('',#9853,#9854);
#9853 = CARTESIAN_POINT('',(-0.,0.));
#9854 = VECTOR('',#9855,1.);
#9855 = DIRECTION('',(1.,0.));
#9856 = ( GEOMETRIC_REPRESENTATION_CONTEXT(2) 
PARAMETRIC_REPRESENTATION_CONTEXT() REPRESENTATION_CONTEXT('2D SPACE',''
  ) );
#9857 = PCURVE('',#9858,#9863);
#9858 = PLANE('',#9859);
#9859 = AXIS2_PLACEMENT_3D('',#9860,#9861,#9862);
#9860 = CARTESIAN_POINT('',(-13.,196.,304.));
#9861 = DIRECTION('',(-1.,-1.110223024625E-16,1.224646799147E-16));
#9862 = DIRECTION('',(-1.224646799147E-16,-1.359631073447E-32,-1.));
#9863 = DEFINITIONAL_REPRESENTATION('',(#9864),#9868);
#9864 = LINE('',#9865,#9866);
#9865 = CARTESIAN_POINT('',(-0.,0.));
#9866 = VECTOR('',#9867,1.);
#9867 = DIRECTION('',(1.,0.));
#9868 = ( GEOMETRIC_REPRESENTATION_CONTEXT(2) 
PARAMETRIC_REPRESENTATION_CONTEXT() REPRESENTATION_CONTEXT('2D SPACE',''
  ) );
#9869 = ORIENTED_EDGE('',*,*,#9870,.T.);
#9870 = EDGE_CURVE('',#9836,#9871,#9873,.T.);
#9871 = VERTEX_POINT('',#9872);
#9872 = CARTESIAN_POINT('',(-27.,196.,304.));
#9873 = SURFACE_CURVE('',#9874,(#9878,#9885),.PCURVE_S1.);
#9874 = LINE('',#9875,#9876);
#9875 = CARTESIAN_POINT('',(-13.,196.,304.));
#9876 = VECTOR('',#9877,1.);
#9877 = DIRECTION('',(-1.,-1.110223024625E-16,1.224646799147E-16));
#9878 = PCURVE('',#9846,#9879);
#9879 = DEFINITIONAL_REPRESENTATION('',(#9880),#9884);
#9880 = LINE('',#9881,#9882);
#9881 = CARTESIAN_POINT('',(-0.,0.));
#9882 = VECTOR('',#9883,1.);
#9883 = DIRECTION('',(0.,-1.));
#9884 = ( GEOMETRIC_REPRESENTATION_CONTEXT(2) 
PARAMETRIC_REPRESENTATION_CONTEXT() REPRESENTATION_CONTEXT('2D SPACE',''
  ) );
#9885 = PCURVE('',#9886,#9891);
#9886 = PLANE('',#9887);
#9887 = AXIS2_PLACEMENT_3D('',#9888,#9889,#9890);
#9888 = CARTESIAN_POINT('',(-13.,196.,304.));
#9889 = DIRECTION('',(-1.224646799147E-16,-1.359631073447E-32,-1.));
#9890 = DIRECTION('',(1.110223024625E-16,-1.,0.));
#9891 = DEFINITIONAL_REPRESENTATION('',(#9892),#9896);
#9892 = LINE('',#9893,#9894);
#9893 = CARTESIAN_POINT('',(0.,0.));
#9894 = VECTOR('',#9895,1.);
#9895 = DIRECTION('',(0.,1.));
#9896 = ( GEOMETRIC_REPRESENTATION_CONTEXT(2) 
PARAMETRIC_REPRESENTATION_CONTEXT() REPRESENTATION_CONTEXT('2D SPACE',''
  ) );
#9897 = ORIENTED_EDGE('',*,*,#9898,.T.);
#9898 = EDGE_CURVE('',#9871,#9899,#9901,.T.);
#9899 = VERTEX_POINT('',#9900);
#9900 = CARTESIAN_POINT('',(-27.,196.,298.));
#9901 = SURFACE_CURVE('',#9902,(#9906,#9913),.PCURVE_S1.);
#9902 = LINE('',#9903,#9904);
#9903 = CARTESIAN_POINT('',(-27.,196.,304.));
#9904 = VECTOR('',#9905,1.);
#9905 = DIRECTION('',(-1.224646799147E-16,-1.359631073447E-32,-1.));
#9906 = PCURVE('',#9846,#9907);
#9907 = DEFINITIONAL_REPRESENTATION('',(#9908),#9912);
#9908 = LINE('',#9909,#9910);
#9909 = CARTESIAN_POINT('',(1.714505518806E-15,-14.));
#9910 = VECTOR('',#9911,1.);
#9911 = DIRECTION('',(1.,0.));
#9912 = ( GEOMETRIC_REPRESENTATION_CONTEXT(2) 
PARAMETRIC_REPRESENTATION_CONTEXT() REPRESENTATION_CONTEXT('2D SPACE',''
  ) );
#9913 = PCURVE('',#9914,#9919);
#9914 = PLANE('',#9915);
#9915 = AXIS2_PLACEMENT_3D('',#9916,#9917,#9918);
#9916 = CARTESIAN_POINT('',(-27.,196.,304.));
#9917 = DIRECTION('',(-1.,-1.110223024625E-16,1.224646799147E-16));
#9918 = DIRECTION('',(-1.224646799147E-16,-1.359631073447E-32,-1.));
#9919 = DEFINITIONAL_REPRESENTATION('',(#9920),#9924);
#9920 = LINE('',#9921,#9922);
#9921 = CARTESIAN_POINT('',(-0.,0.));
#9922 = VECTOR('',#9923,1.);
#9923 = DIRECTION('',(1.,0.));
#9924 = ( GEOMETRIC_REPRESENTATION_CONTEXT(2) 
PARAMETRIC_REPRESENTATION_CONTEXT() REPRESENTATION_CONTEXT('2D SPACE',''
  ) );
#9925 = ORIENTED_EDGE('',*,*,#9926,.F.);
#9926 = EDGE_CURVE('',#9838,#9899,#9927,.T.);
#9927 = SURFACE_CURVE('',#9928,(#9932,#9939),.PCURVE_S1.);
#9928 = LINE('',#9929,#9930);
#9929 = CARTESIAN_POINT('',(-13.,196.,298.));
#9930 = VECTOR('',#9931,1.);
#9931 = DIRECTION('',(-1.,-1.110223024625E-16,1.224646799147E-16));
#9932 = PCURVE('',#9846,#9933);
#9933 = DEFINITIONAL_REPRESENTATION('',(#9934),#9938);
#9934 = LINE('',#9935,#9936);
#9935 = CARTESIAN_POINT('',(6.,-1.041568759912E-15));
#9936 = VECTOR('',#9937,1.);
#9937 = DIRECTION('',(0.,-1.));
#9938 = ( GEOMETRIC_REPRESENTATION_CONTEXT(2) 
PARAMETRIC_REPRESENTATION_CONTEXT() REPRESENTATION_CONTEXT('2D SPACE',''
  ) );
#9939 = PCURVE('',#9940,#9945);
#9940 = PLANE('',#9941);
#9941 = AXIS2_PLACEMENT_3D('',#9942,#9943,#9944);
#9942 = CARTESIAN_POINT('',(-13.,196.,298.));
#9943 = DIRECTION('',(-1.224646799147E-16,-1.359631073447E-32,-1.));
#9944 = DIRECTION('',(1.110223024625E-16,-1.,0.));
#9945 = DEFINITIONAL_REPRESENTATION('',(#9946),#9950);
#9946 = LINE('',#9947,#9948);
#9947 = CARTESIAN_POINT('',(0.,0.));
#9948 = VECTOR('',#9949,1.);
#9949 = DIRECTION('',(0.,1.));
#9950 = ( GEOMETRIC_REPRESENTATION_CONTEXT(2) 
PARAMETRIC_REPRESENTATION_CONTEXT() REPRESENTATION_CONTEXT('2D SPACE',''
  ) );
#9951 = ADVANCED_FACE('',(#9952,#10027,#10062),#9886,.F.);
#9952 = FACE_BOUND('',#9953,.F.);
#9953 = EDGE_LOOP('',(#9954,#9955,#9978,#10006));
#9954 = ORIENTED_EDGE('',*,*,#9870,.F.);
#9955 = ORIENTED_EDGE('',*,*,#9956,.T.);
#9956 = EDGE_CURVE('',#9836,#9957,#9959,.T.);
#9957 = VERTEX_POINT('',#9958);
#9958 = CARTESIAN_POINT('',(-13.,154.,304.));
#9959 = SURFACE_CURVE('',#9960,(#9964,#9971),.PCURVE_S1.);
#9960 = LINE('',#9961,#9962);
#9961 = CARTESIAN_POINT('',(-13.,196.,304.));
#9962 = VECTOR('',#9963,1.);
#9963 = DIRECTION('',(1.110223024625E-16,-1.,0.));
#9964 = PCURVE('',#9886,#9965);
#9965 = DEFINITIONAL_REPRESENTATION('',(#9966),#9970);
#9966 = LINE('',#9967,#9968);
#9967 = CARTESIAN_POINT('',(0.,0.));
#9968 = VECTOR('',#9969,1.);
#9969 = DIRECTION('',(1.,0.));
#9970 = ( GEOMETRIC_REPRESENTATION_CONTEXT(2) 
PARAMETRIC_REPRESENTATION_CONTEXT() REPRESENTATION_CONTEXT('2D SPACE',''
  ) );
#9971 = PCURVE('',#9858,#9972);
#9972 = DEFINITIONAL_REPRESENTATION('',(#9973),#9977);
#9973 = LINE('',#9974,#9975);
#9974 = CARTESIAN_POINT('',(-0.,0.));
#9975 = VECTOR('',#9976,1.);
#9976 = DIRECTION('',(0.,1.));
#9977 = ( GEOMETRIC_REPRESENTATION_CONTEXT(2) 
PARAMETRIC_REPRESENTATION_CONTEXT() REPRESENTATION_CONTEXT('2D SPACE',''
  ) );
#9978 = ORIENTED_EDGE('',*,*,#9979,.T.);
#9979 = EDGE_CURVE('',#9957,#9980,#9982,.T.);
#9980 = VERTEX_POINT('',#9981);
#9981 = CARTESIAN_POINT('',(-27.,154.,304.));
#9982 = SURFACE_CURVE('',#9983,(#9987,#9994),.PCURVE_S1.);
#9983 = LINE('',#9984,#9985);
#9984 = CARTESIAN_POINT('',(-13.,154.,304.));
#9985 = VECTOR('',#9986,1.);
#9986 = DIRECTION('',(-1.,-1.110223024625E-16,1.224646799147E-16));
#9987 = PCURVE('',#9886,#9988);
#9988 = DEFINITIONAL_REPRESENTATION('',(#9989),#9993);
#9989 = LINE('',#9990,#9991);
#9990 = CARTESIAN_POINT('',(42.,1.110223024625E-15));
#9991 = VECTOR('',#9992,1.);
#9992 = DIRECTION('',(0.,1.));
#9993 = ( GEOMETRIC_REPRESENTATION_CONTEXT(2) 
PARAMETRIC_REPRESENTATION_CONTEXT() REPRESENTATION_CONTEXT('2D SPACE',''
  ) );
#9994 = PCURVE('',#9995,#10000);
#9995 = PLANE('',#9996);
#9996 = AXIS2_PLACEMENT_3D('',#9997,#9998,#9999);
#9997 = CARTESIAN_POINT('',(-13.,154.,304.));
#9998 = DIRECTION('',(1.110223024625E-16,-1.,0.));
#9999 = DIRECTION('',(-1.224646799147E-16,-1.359631073447E-32,-1.));
#10000 = DEFINITIONAL_REPRESENTATION('',(#10001),#10005);
#10001 = LINE('',#10002,#10003);
#10002 = CARTESIAN_POINT('',(-0.,0.));
#10003 = VECTOR('',#10004,1.);
#10004 = DIRECTION('',(0.,-1.));
#10005 = ( GEOMETRIC_REPRESENTATION_CONTEXT(2) 
PARAMETRIC_REPRESENTATION_CONTEXT() REPRESENTATION_CONTEXT('2D SPACE',''
  ) );
#10006 = ORIENTED_EDGE('',*,*,#10007,.F.);
#10007 = EDGE_CURVE('',#9871,#9980,#10008,.T.);
#10008 = SURFACE_CURVE('',#10009,(#10013,#10020),.PCURVE_S1.);
#10009 = LINE('',#10010,#10011);
#10010 = CARTESIAN_POINT('',(-27.,196.,304.));
#10011 = VECTOR('',#10012,1.);
#10012 = DIRECTION('',(1.110223024625E-16,-1.,0.));
#10013 = PCURVE('',#9886,#10014);
#10014 = DEFINITIONAL_REPRESENTATION('',(#10015),#10019);
#10015 = LINE('',#10016,#10017);
#10016 = CARTESIAN_POINT('',(-1.554312234475E-15,14.));
#10017 = VECTOR('',#10018,1.);
#10018 = DIRECTION('',(1.,0.));
#10019 = ( GEOMETRIC_REPRESENTATION_CONTEXT(2) 
PARAMETRIC_REPRESENTATION_CONTEXT() REPRESENTATION_CONTEXT('2D SPACE',''
  ) );
#10020 = PCURVE('',#9914,#10021);
#10021 = DEFINITIONAL_REPRESENTATION('',(#10022),#10026);
#10022 = LINE('',#10023,#10024);
#10023 = CARTESIAN_POINT('',(-0.,0.));
#10024 = VECTOR('',#10025,1.);
#10025 = DIRECTION('',(0.,1.));
#10026 = ( GEOMETRIC_REPRESENTATION_CONTEXT(2) 
PARAMETRIC_REPRESENTATION_CONTEXT() REPRESENTATION_CONTEXT('2D SPACE',''
  ) );
#10027 = FACE_BOUND('',#10028,.F.);
#10028 = EDGE_LOOP('',(#10029));
#10029 = ORIENTED_EDGE('',*,*,#10030,.T.);
#10030 = EDGE_CURVE('',#10031,#10031,#10033,.T.);
#10031 = VERTEX_POINT('',#10032);
#10032 = CARTESIAN_POINT('',(-20.,188.25,304.));
#10033 = SURFACE_CURVE('',#10034,(#10039,#10050),.PCURVE_S1.);
#10034 = CIRCLE('',#10035,2.75);
#10035 = AXIS2_PLACEMENT_3D('',#10036,#10037,#10038);
#10036 = CARTESIAN_POINT('',(-20.,191.,304.));
#10037 = DIRECTION('',(1.224646799147E-16,1.359631073447E-32,1.));
#10038 = DIRECTION('',(1.110223024625E-16,-1.,0.));
#10039 = PCURVE('',#9886,#10040);
#10040 = DEFINITIONAL_REPRESENTATION('',(#10041),#10049);
#10041 = ( BOUNDED_CURVE() B_SPLINE_CURVE(2,(#10042,#10043,#10044,#10045
    ,#10046,#10047,#10048),.UNSPECIFIED.,.T.,.F.) 
B_SPLINE_CURVE_WITH_KNOTS((1,2,2,2,2,1),(-2.094395102393,0.,
    2.094395102393,4.188790204786,6.28318530718,8.377580409573),
.UNSPECIFIED.) CURVE() GEOMETRIC_REPRESENTATION_ITEM() 
RATIONAL_B_SPLINE_CURVE((1.,0.5,1.,0.5,1.,0.5,1.)) REPRESENTATION_ITEM(
  '') );
#10042 = CARTESIAN_POINT('',(7.75,7.));
#10043 = CARTESIAN_POINT('',(7.75,2.236860279186));
#10044 = CARTESIAN_POINT('',(3.625,4.618430139593));
#10045 = CARTESIAN_POINT('',(-0.5,7.));
#10046 = CARTESIAN_POINT('',(3.625,9.381569860407));
#10047 = CARTESIAN_POINT('',(7.75,11.763139720814));
#10048 = CARTESIAN_POINT('',(7.75,7.));
#10049 = ( GEOMETRIC_REPRESENTATION_CONTEXT(2) 
PARAMETRIC_REPRESENTATION_CONTEXT() REPRESENTATION_CONTEXT('2D SPACE',''
  ) );
#10050 = PCURVE('',#10051,#10056);
#10051 = CYLINDRICAL_SURFACE('',#10052,2.75);
#10052 = AXIS2_PLACEMENT_3D('',#10053,#10054,#10055);
#10053 = CARTESIAN_POINT('',(-20.,191.,305.));
#10054 = DIRECTION('',(1.224646799147E-16,1.359631073447E-32,1.));
#10055 = DIRECTION('',(1.110223024625E-16,-1.,0.));
#10056 = DEFINITIONAL_REPRESENTATION('',(#10057),#10061);
#10057 = LINE('',#10058,#10059);
#10058 = CARTESIAN_POINT('',(-6.28318530718,-1.));
#10059 = VECTOR('',#10060,1.);
#10060 = DIRECTION('',(1.,-0.));
#10061 = ( GEOMETRIC_REPRESENTATION_CONTEXT(2) 
PARAMETRIC_REPRESENTATION_CONTEXT() REPRESENTATION_CONTEXT('2D SPACE',''
  ) );
#10062 = FACE_BOUND('',#10063,.F.);
#10063 = EDGE_LOOP('',(#10064));
#10064 = ORIENTED_EDGE('',*,*,#10065,.T.);
#10065 = EDGE_CURVE('',#10066,#10066,#10068,.T.);
#10066 = VERTEX_POINT('',#10067);
#10067 = CARTESIAN_POINT('',(-20.,156.25,304.));
#10068 = SURFACE_CURVE('',#10069,(#10074,#10085),.PCURVE_S1.);
#10069 = CIRCLE('',#10070,2.75);
#10070 = AXIS2_PLACEMENT_3D('',#10071,#10072,#10073);
#10071 = CARTESIAN_POINT('',(-20.,159.,304.));
#10072 = DIRECTION('',(1.224646799147E-16,1.359631073447E-32,1.));
#10073 = DIRECTION('',(1.110223024625E-16,-1.,0.));
#10074 = PCURVE('',#9886,#10075);
#10075 = DEFINITIONAL_REPRESENTATION('',(#10076),#10084);
#10076 = ( BOUNDED_CURVE() B_SPLINE_CURVE(2,(#10077,#10078,#10079,#10080
    ,#10081,#10082,#10083),.UNSPECIFIED.,.T.,.F.) 
B_SPLINE_CURVE_WITH_KNOTS((1,2,2,2,2,1),(-2.094395102393,0.,
    2.094395102393,4.188790204786,6.28318530718,8.377580409573),
.UNSPECIFIED.) CURVE() GEOMETRIC_REPRESENTATION_ITEM() 
RATIONAL_B_SPLINE_CURVE((1.,0.5,1.,0.5,1.,0.5,1.)) REPRESENTATION_ITEM(
  '') );
#10077 = CARTESIAN_POINT('',(39.75,7.));
#10078 = CARTESIAN_POINT('',(39.75,2.236860279186));
#10079 = CARTESIAN_POINT('',(35.625,4.618430139593));
#10080 = CARTESIAN_POINT('',(31.5,7.));
#10081 = CARTESIAN_POINT('',(35.625,9.381569860407));
#10082 = CARTESIAN_POINT('',(39.75,11.763139720814));
#10083 = CARTESIAN_POINT('',(39.75,7.));
#10084 = ( GEOMETRIC_REPRESENTATION_CONTEXT(2) 
PARAMETRIC_REPRESENTATION_CONTEXT() REPRESENTATION_CONTEXT('2D SPACE',''
  ) );
#10085 = PCURVE('',#10086,#10091);
#10086 = CYLINDRICAL_SURFACE('',#10087,2.75);
#10087 = AXIS2_PLACEMENT_3D('',#10088,#10089,#10090);
#10088 = CARTESIAN_POINT('',(-20.,159.,305.));
#10089 = DIRECTION('',(1.224646799147E-16,1.359631073447E-32,1.));
#10090 = DIRECTION('',(1.110223024625E-16,-1.,0.));
#10091 = DEFINITIONAL_REPRESENTATION('',(#10092),#10096);
#10092 = LINE('',#10093,#10094);
#10093 = CARTESIAN_POINT('',(-6.28318530718,-1.));
#10094 = VECTOR('',#10095,1.);
#10095 = DIRECTION('',(1.,-0.));
#10096 = ( GEOMETRIC_REPRESENTATION_CONTEXT(2) 
PARAMETRIC_REPRESENTATION_CONTEXT() REPRESENTATION_CONTEXT('2D SPACE',''
  ) );
#10097 = ADVANCED_FACE('',(#10098),#10086,.F.);
#10098 = FACE_BOUND('',#10099,.T.);
#10099 = EDGE_LOOP('',(#10100,#10101,#10124,#10155));
#10100 = ORIENTED_EDGE('',*,*,#10065,.T.);
#10101 = ORIENTED_EDGE('',*,*,#10102,.T.);
#10102 = EDGE_CURVE('',#10066,#10103,#10105,.T.);
#10103 = VERTEX_POINT('',#10104);
#10104 = CARTESIAN_POINT('',(-20.,156.25,298.));
#10105 = SEAM_CURVE('',#10106,(#10110,#10117),.PCURVE_S1.);
#10106 = LINE('',#10107,#10108);
#10107 = CARTESIAN_POINT('',(-20.,156.25,305.));
#10108 = VECTOR('',#10109,1.);
#10109 = DIRECTION('',(-1.224646799147E-16,-1.359631073447E-32,-1.));
#10110 = PCURVE('',#10086,#10111);
#10111 = DEFINITIONAL_REPRESENTATION('',(#10112),#10116);
#10112 = LINE('',#10113,#10114);
#10113 = CARTESIAN_POINT('',(-6.28318530718,0.));
#10114 = VECTOR('',#10115,1.);
#10115 = DIRECTION('',(-0.,-1.));
#10116 = ( GEOMETRIC_REPRESENTATION_CONTEXT(2) 
PARAMETRIC_REPRESENTATION_CONTEXT() REPRESENTATION_CONTEXT('2D SPACE',''
  ) );
#10117 = PCURVE('',#10086,#10118);
#10118 = DEFINITIONAL_REPRESENTATION('',(#10119),#10123);
#10119 = LINE('',#10120,#10121);
#10120 = CARTESIAN_POINT('',(-0.,0.));
#10121 = VECTOR('',#10122,1.);
#10122 = DIRECTION('',(-0.,-1.));
#10123 = ( GEOMETRIC_REPRESENTATION_CONTEXT(2) 
PARAMETRIC_REPRESENTATION_CONTEXT() REPRESENTATION_CONTEXT('2D SPACE',''
  ) );
#10124 = ORIENTED_EDGE('',*,*,#10125,.F.);
#10125 = EDGE_CURVE('',#10103,#10103,#10126,.T.);
#10126 = SURFACE_CURVE('',#10127,(#10132,#10139),.PCURVE_S1.);
#10127 = CIRCLE('',#10128,2.75);
#10128 = AXIS2_PLACEMENT_3D('',#10129,#10130,#10131);
#10129 = CARTESIAN_POINT('',(-20.,159.,298.));
#10130 = DIRECTION('',(1.224646799147E-16,1.359631073447E-32,1.));
#10131 = DIRECTION('',(1.110223024625E-16,-1.,0.));
#10132 = PCURVE('',#10086,#10133);
#10133 = DEFINITIONAL_REPRESENTATION('',(#10134),#10138);
#10134 = LINE('',#10135,#10136);
#10135 = CARTESIAN_POINT('',(-6.28318530718,-7.));
#10136 = VECTOR('',#10137,1.);
#10137 = DIRECTION('',(1.,-0.));
#10138 = ( GEOMETRIC_REPRESENTATION_CONTEXT(2) 
PARAMETRIC_REPRESENTATION_CONTEXT() REPRESENTATION_CONTEXT('2D SPACE',''
  ) );
#10139 = PCURVE('',#10140,#10145);
#10140 = PLANE('',#10141);
#10141 = AXIS2_PLACEMENT_3D('',#10142,#10143,#10144);
#10142 = CARTESIAN_POINT('',(-13.,196.,298.));
#10143 = DIRECTION('',(-1.224646799147E-16,-1.359631073447E-32,-1.));
#10144 = DIRECTION('',(1.110223024625E-16,-1.,0.));
#10145 = DEFINITIONAL_REPRESENTATION('',(#10146),#10154);
#10146 = ( BOUNDED_CURVE() B_SPLINE_CURVE(2,(#10147,#10148,#10149,#10150
    ,#10151,#10152,#10153),.UNSPECIFIED.,.T.,.F.) 
B_SPLINE_CURVE_WITH_KNOTS((1,2,2,2,2,1),(-2.094395102393,0.,
    2.094395102393,4.188790204786,6.28318530718,8.377580409573),
.UNSPECIFIED.) CURVE() GEOMETRIC_REPRESENTATION_ITEM() 
RATIONAL_B_SPLINE_CURVE((1.,0.5,1.,0.5,1.,0.5,1.)) REPRESENTATION_ITEM(
  '') );
#10147 = CARTESIAN_POINT('',(39.75,7.));
#10148 = CARTESIAN_POINT('',(39.75,2.236860279186));
#10149 = CARTESIAN_POINT('',(35.625,4.618430139593));
#10150 = CARTESIAN_POINT('',(31.5,7.));
#10151 = CARTESIAN_POINT('',(35.625,9.381569860407));
#10152 = CARTESIAN_POINT('',(39.75,11.763139720814));
#10153 = CARTESIAN_POINT('',(39.75,7.));
#10154 = ( GEOMETRIC_REPRESENTATION_CONTEXT(2) 
PARAMETRIC_REPRESENTATION_CONTEXT() REPRESENTATION_CONTEXT('2D SPACE',''
  ) );
#10155 = ORIENTED_EDGE('',*,*,#10102,.F.);
#10156 = ADVANCED_FACE('',(#10157,#10256),#10140,.T.);
#10157 = FACE_BOUND('',#10158,.T.);
#10158 = EDGE_LOOP('',(#10159,#10184,#10212,#10235));
#10159 = ORIENTED_EDGE('',*,*,#10160,.F.);
#10160 = EDGE_CURVE('',#10161,#10163,#10165,.T.);
#10161 = VERTEX_POINT('',#10162);
#10162 = CARTESIAN_POINT('',(-27.,165.,298.));
#10163 = VERTEX_POINT('',#10164);
#10164 = CARTESIAN_POINT('',(-27.,154.,298.));
#10165 = SURFACE_CURVE('',#10166,(#10170,#10177),.PCURVE_S1.);
#10166 = LINE('',#10167,#10168);
#10167 = CARTESIAN_POINT('',(-27.,196.,298.));
#10168 = VECTOR('',#10169,1.);
#10169 = DIRECTION('',(1.110223024625E-16,-1.,0.));
#10170 = PCURVE('',#10140,#10171);
#10171 = DEFINITIONAL_REPRESENTATION('',(#10172),#10176);
#10172 = LINE('',#10173,#10174);
#10173 = CARTESIAN_POINT('',(-1.554312234475E-15,14.));
#10174 = VECTOR('',#10175,1.);
#10175 = DIRECTION('',(1.,0.));
#10176 = ( GEOMETRIC_REPRESENTATION_CONTEXT(2) 
PARAMETRIC_REPRESENTATION_CONTEXT() REPRESENTATION_CONTEXT('2D SPACE',''
  ) );
#10177 = PCURVE('',#9914,#10178);
#10178 = DEFINITIONAL_REPRESENTATION('',(#10179),#10183);
#10179 = LINE('',#10180,#10181);
#10180 = CARTESIAN_POINT('',(6.,0.));
#10181 = VECTOR('',#10182,1.);
#10182 = DIRECTION('',(0.,1.));
#10183 = ( GEOMETRIC_REPRESENTATION_CONTEXT(2) 
PARAMETRIC_REPRESENTATION_CONTEXT() REPRESENTATION_CONTEXT('2D SPACE',''
  ) );
#10184 = ORIENTED_EDGE('',*,*,#10185,.F.);
#10185 = EDGE_CURVE('',#10186,#10161,#10188,.T.);
#10186 = VERTEX_POINT('',#10187);
#10187 = CARTESIAN_POINT('',(-13.,165.,298.));
#10188 = SURFACE_CURVE('',#10189,(#10193,#10200),.PCURVE_S1.);
#10189 = LINE('',#10190,#10191);
#10190 = CARTESIAN_POINT('',(-13.,165.,298.));
#10191 = VECTOR('',#10192,1.);
#10192 = DIRECTION('',(-1.,-1.110223024625E-16,1.224646799147E-16));
#10193 = PCURVE('',#10140,#10194);
#10194 = DEFINITIONAL_REPRESENTATION('',(#10195),#10199);
#10195 = LINE('',#10196,#10197);
#10196 = CARTESIAN_POINT('',(31.,-1.110223024625E-16));
#10197 = VECTOR('',#10198,1.);
#10198 = DIRECTION('',(0.,1.));
#10199 = ( GEOMETRIC_REPRESENTATION_CONTEXT(2) 
PARAMETRIC_REPRESENTATION_CONTEXT() REPRESENTATION_CONTEXT('2D SPACE',''
  ) );
#10200 = PCURVE('',#10201,#10206);
#10201 = PLANE('',#10202);
#10202 = AXIS2_PLACEMENT_3D('',#10203,#10204,#10205);
#10203 = CARTESIAN_POINT('',(-13.,165.,298.));
#10204 = DIRECTION('',(1.110223024625E-16,-1.,0.));
#10205 = DIRECTION('',(-1.224646799147E-16,-1.359631073447E-32,-1.));
#10206 = DEFINITIONAL_REPRESENTATION('',(#10207),#10211);
#10207 = LINE('',#10208,#10209);
#10208 = CARTESIAN_POINT('',(-0.,0.));
#10209 = VECTOR('',#10210,1.);
#10210 = DIRECTION('',(0.,-1.));
#10211 = ( GEOMETRIC_REPRESENTATION_CONTEXT(2) 
PARAMETRIC_REPRESENTATION_CONTEXT() REPRESENTATION_CONTEXT('2D SPACE',''
  ) );
#10212 = ORIENTED_EDGE('',*,*,#10213,.T.);
#10213 = EDGE_CURVE('',#10186,#10214,#10216,.T.);
#10214 = VERTEX_POINT('',#10215);
#10215 = CARTESIAN_POINT('',(-13.,154.,298.));
#10216 = SURFACE_CURVE('',#10217,(#10221,#10228),.PCURVE_S1.);
#10217 = LINE('',#10218,#10219);
#10218 = CARTESIAN_POINT('',(-13.,196.,298.));
#10219 = VECTOR('',#10220,1.);
#10220 = DIRECTION('',(1.110223024625E-16,-1.,0.));
#10221 = PCURVE('',#10140,#10222);
#10222 = DEFINITIONAL_REPRESENTATION('',(#10223),#10227);
#10223 = LINE('',#10224,#10225);
#10224 = CARTESIAN_POINT('',(0.,0.));
#10225 = VECTOR('',#10226,1.);
#10226 = DIRECTION('',(1.,0.));
#10227 = ( GEOMETRIC_REPRESENTATION_CONTEXT(2) 
PARAMETRIC_REPRESENTATION_CONTEXT() REPRESENTATION_CONTEXT('2D SPACE',''
  ) );
#10228 = PCURVE('',#9858,#10229);
#10229 = DEFINITIONAL_REPRESENTATION('',(#10230),#10234);
#10230 = LINE('',#10231,#10232);
#10231 = CARTESIAN_POINT('',(6.,0.));
#10232 = VECTOR('',#10233,1.);
#10233 = DIRECTION('',(0.,1.));
#10234 = ( GEOMETRIC_REPRESENTATION_CONTEXT(2) 
PARAMETRIC_REPRESENTATION_CONTEXT() REPRESENTATION_CONTEXT('2D SPACE',''
  ) );
#10235 = ORIENTED_EDGE('',*,*,#10236,.T.);
#10236 = EDGE_CURVE('',#10214,#10163,#10237,.T.);
#10237 = SURFACE_CURVE('',#10238,(#10242,#10249),.PCURVE_S1.);
#10238 = LINE('',#10239,#10240);
#10239 = CARTESIAN_POINT('',(-13.,154.,298.));
#10240 = VECTOR('',#10241,1.);
#10241 = DIRECTION('',(-1.,-1.110223024625E-16,1.224646799147E-16));
#10242 = PCURVE('',#10140,#10243);
#10243 = DEFINITIONAL_REPRESENTATION('',(#10244),#10248);
#10244 = LINE('',#10245,#10246);
#10245 = CARTESIAN_POINT('',(42.,1.110223024625E-15));
#10246 = VECTOR('',#10247,1.);
#10247 = DIRECTION('',(0.,1.));
#10248 = ( GEOMETRIC_REPRESENTATION_CONTEXT(2) 
PARAMETRIC_REPRESENTATION_CONTEXT() REPRESENTATION_CONTEXT('2D SPACE',''
  ) );
#10249 = PCURVE('',#9995,#10250);
#10250 = DEFINITIONAL_REPRESENTATION('',(#10251),#10255);
#10251 = LINE('',#10252,#10253);
#10252 = CARTESIAN_POINT('',(6.,-1.041568759912E-15));
#10253 = VECTOR('',#10254,1.);
#10254 = DIRECTION('',(0.,-1.));
#10255 = ( GEOMETRIC_REPRESENTATION_CONTEXT(2) 
PARAMETRIC_REPRESENTATION_CONTEXT() REPRESENTATION_CONTEXT('2D SPACE',''
  ) );
#10256 = FACE_BOUND('',#10257,.T.);
#10257 = EDGE_LOOP('',(#10258));
#10258 = ORIENTED_EDGE('',*,*,#10125,.T.);
#10259 = ADVANCED_FACE('',(#10260),#10201,.T.);
#10260 = FACE_BOUND('',#10261,.T.);
#10261 = EDGE_LOOP('',(#10262,#10285,#10286,#10309));
#10262 = ORIENTED_EDGE('',*,*,#10263,.F.);
#10263 = EDGE_CURVE('',#10186,#10264,#10266,.T.);
#10264 = VERTEX_POINT('',#10265);
#10265 = CARTESIAN_POINT('',(-13.,165.,266.5));
#10266 = SURFACE_CURVE('',#10267,(#10271,#10278),.PCURVE_S1.);
#10267 = LINE('',#10268,#10269);
#10268 = CARTESIAN_POINT('',(-13.,165.,298.));
#10269 = VECTOR('',#10270,1.);
#10270 = DIRECTION('',(-1.224646799147E-16,-1.359631073447E-32,-1.));
#10271 = PCURVE('',#10201,#10272);
#10272 = DEFINITIONAL_REPRESENTATION('',(#10273),#10277);
#10273 = LINE('',#10274,#10275);
#10274 = CARTESIAN_POINT('',(-0.,0.));
#10275 = VECTOR('',#10276,1.);
#10276 = DIRECTION('',(1.,0.));
#10277 = ( GEOMETRIC_REPRESENTATION_CONTEXT(2) 
PARAMETRIC_REPRESENTATION_CONTEXT() REPRESENTATION_CONTEXT('2D SPACE',''
  ) );
#10278 = PCURVE('',#9858,#10279);
#10279 = DEFINITIONAL_REPRESENTATION('',(#10280),#10284);
#10280 = LINE('',#10281,#10282);
#10281 = CARTESIAN_POINT('',(6.,31.));
#10282 = VECTOR('',#10283,1.);
#10283 = DIRECTION('',(1.,0.));
#10284 = ( GEOMETRIC_REPRESENTATION_CONTEXT(2) 
PARAMETRIC_REPRESENTATION_CONTEXT() REPRESENTATION_CONTEXT('2D SPACE',''
  ) );
#10285 = ORIENTED_EDGE('',*,*,#10185,.T.);
#10286 = ORIENTED_EDGE('',*,*,#10287,.T.);
#10287 = EDGE_CURVE('',#10161,#10288,#10290,.T.);
#10288 = VERTEX_POINT('',#10289);
#10289 = CARTESIAN_POINT('',(-27.,165.,266.5));
#10290 = SURFACE_CURVE('',#10291,(#10295,#10302),.PCURVE_S1.);
#10291 = LINE('',#10292,#10293);
#10292 = CARTESIAN_POINT('',(-27.,165.,298.));
#10293 = VECTOR('',#10294,1.);
#10294 = DIRECTION('',(-1.224646799147E-16,-1.359631073447E-32,-1.));
#10295 = PCURVE('',#10201,#10296);
#10296 = DEFINITIONAL_REPRESENTATION('',(#10297),#10301);
#10297 = LINE('',#10298,#10299);
#10298 = CARTESIAN_POINT('',(1.714505518806E-15,-14.));
#10299 = VECTOR('',#10300,1.);
#10300 = DIRECTION('',(1.,0.));
#10301 = ( GEOMETRIC_REPRESENTATION_CONTEXT(2) 
PARAMETRIC_REPRESENTATION_CONTEXT() REPRESENTATION_CONTEXT('2D SPACE',''
  ) );
#10302 = PCURVE('',#9914,#10303);
#10303 = DEFINITIONAL_REPRESENTATION('',(#10304),#10308);
#10304 = LINE('',#10305,#10306);
#10305 = CARTESIAN_POINT('',(6.,31.));
#10306 = VECTOR('',#10307,1.);
#10307 = DIRECTION('',(1.,0.));
#10308 = ( GEOMETRIC_REPRESENTATION_CONTEXT(2) 
PARAMETRIC_REPRESENTATION_CONTEXT() REPRESENTATION_CONTEXT('2D SPACE',''
  ) );
#10309 = ORIENTED_EDGE('',*,*,#10310,.F.);
#10310 = EDGE_CURVE('',#10264,#10288,#10311,.T.);
#10311 = SURFACE_CURVE('',#10312,(#10316,#10323),.PCURVE_S1.);
#10312 = LINE('',#10313,#10314);
#10313 = CARTESIAN_POINT('',(-13.,165.,266.5));
#10314 = VECTOR('',#10315,1.);
#10315 = DIRECTION('',(-1.,-1.110223024625E-16,1.224646799147E-16));
#10316 = PCURVE('',#10201,#10317);
#10317 = DEFINITIONAL_REPRESENTATION('',(#10318),#10322);
#10318 = LINE('',#10319,#10320);
#10319 = CARTESIAN_POINT('',(31.5,3.049237385137E-16));
#10320 = VECTOR('',#10321,1.);
#10321 = DIRECTION('',(0.,-1.));
#10322 = ( GEOMETRIC_REPRESENTATION_CONTEXT(2) 
PARAMETRIC_REPRESENTATION_CONTEXT() REPRESENTATION_CONTEXT('2D SPACE',''
  ) );
#10323 = PCURVE('',#10324,#10329);
#10324 = PLANE('',#10325);
#10325 = AXIS2_PLACEMENT_3D('',#10326,#10327,#10328);
#10326 = CARTESIAN_POINT('',(-13.,185.,266.5));
#10327 = DIRECTION('',(-1.224646799147E-16,-1.359631073447E-32,-1.));
#10328 = DIRECTION('',(1.110223024625E-16,-1.,0.));
#10329 = DEFINITIONAL_REPRESENTATION('',(#10330),#10334);
#10330 = LINE('',#10331,#10332);
#10331 = CARTESIAN_POINT('',(20.,-1.33226762955E-15));
#10332 = VECTOR('',#10333,1.);
#10333 = DIRECTION('',(0.,1.));
#10334 = ( GEOMETRIC_REPRESENTATION_CONTEXT(2) 
PARAMETRIC_REPRESENTATION_CONTEXT() REPRESENTATION_CONTEXT('2D SPACE',''
  ) );
#10335 = ADVANCED_FACE('',(#10336),#10324,.T.);
#10336 = FACE_BOUND('',#10337,.T.);
#10337 = EDGE_LOOP('',(#10338,#10361,#10389,#10410));
#10338 = ORIENTED_EDGE('',*,*,#10339,.F.);
#10339 = EDGE_CURVE('',#10340,#10288,#10342,.T.);
#10340 = VERTEX_POINT('',#10341);
#10341 = CARTESIAN_POINT('',(-27.,174.5,266.5));
#10342 = SURFACE_CURVE('',#10343,(#10347,#10354),.PCURVE_S1.);
#10343 = LINE('',#10344,#10345);
#10344 = CARTESIAN_POINT('',(-27.,185.,266.5));
#10345 = VECTOR('',#10346,1.);
#10346 = DIRECTION('',(1.110223024625E-16,-1.,0.));
#10347 = PCURVE('',#10324,#10348);
#10348 = DEFINITIONAL_REPRESENTATION('',(#10349),#10353);
#10349 = LINE('',#10350,#10351);
#10350 = CARTESIAN_POINT('',(-1.554312234475E-15,14.));
#10351 = VECTOR('',#10352,1.);
#10352 = DIRECTION('',(1.,0.));
#10353 = ( GEOMETRIC_REPRESENTATION_CONTEXT(2) 
PARAMETRIC_REPRESENTATION_CONTEXT() REPRESENTATION_CONTEXT('2D SPACE',''
  ) );
#10354 = PCURVE('',#9914,#10355);
#10355 = DEFINITIONAL_REPRESENTATION('',(#10356),#10360);
#10356 = LINE('',#10357,#10358);
#10357 = CARTESIAN_POINT('',(37.5,11.));
#10358 = VECTOR('',#10359,1.);
#10359 = DIRECTION('',(0.,1.));
#10360 = ( GEOMETRIC_REPRESENTATION_CONTEXT(2) 
PARAMETRIC_REPRESENTATION_CONTEXT() REPRESENTATION_CONTEXT('2D SPACE',''
  ) );
#10361 = ORIENTED_EDGE('',*,*,#10362,.F.);
#10362 = EDGE_CURVE('',#10363,#10340,#10365,.T.);
#10363 = VERTEX_POINT('',#10364);
#10364 = CARTESIAN_POINT('',(-13.,174.5,266.5));
#10365 = SURFACE_CURVE('',#10366,(#10370,#10377),.PCURVE_S1.);
#10366 = LINE('',#10367,#10368);
#10367 = CARTESIAN_POINT('',(-12.5,174.5,266.5));
#10368 = VECTOR('',#10369,1.);
#10369 = DIRECTION('',(-1.,-1.110223024625E-16,1.224646799147E-16));
#10370 = PCURVE('',#10324,#10371);
#10371 = DEFINITIONAL_REPRESENTATION('',(#10372),#10376);
#10372 = LINE('',#10373,#10374);
#10373 = CARTESIAN_POINT('',(10.5,-0.5));
#10374 = VECTOR('',#10375,1.);
#10375 = DIRECTION('',(0.,1.));
#10376 = ( GEOMETRIC_REPRESENTATION_CONTEXT(2) 
PARAMETRIC_REPRESENTATION_CONTEXT() REPRESENTATION_CONTEXT('2D SPACE',''
  ) );
#10377 = PCURVE('',#10378,#10383);
#10378 = PLANE('',#10379);
#10379 = AXIS2_PLACEMENT_3D('',#10380,#10381,#10382);
#10380 = CARTESIAN_POINT('',(-12.,174.5,281.));
#10381 = DIRECTION('',(1.110223024625E-16,-1.,0.));
#10382 = DIRECTION('',(-1.224646799147E-16,-1.359631073447E-32,-1.));
#10383 = DEFINITIONAL_REPRESENTATION('',(#10384),#10388);
#10384 = LINE('',#10385,#10386);
#10385 = CARTESIAN_POINT('',(14.5,-0.5));
#10386 = VECTOR('',#10387,1.);
#10387 = DIRECTION('',(0.,-1.));
#10388 = ( GEOMETRIC_REPRESENTATION_CONTEXT(2) 
PARAMETRIC_REPRESENTATION_CONTEXT() REPRESENTATION_CONTEXT('2D SPACE',''
  ) );
#10389 = ORIENTED_EDGE('',*,*,#10390,.T.);
#10390 = EDGE_CURVE('',#10363,#10264,#10391,.T.);
#10391 = SURFACE_CURVE('',#10392,(#10396,#10403),.PCURVE_S1.);
#10392 = LINE('',#10393,#10394);
#10393 = CARTESIAN_POINT('',(-13.,185.,266.5));
#10394 = VECTOR('',#10395,1.);
#10395 = DIRECTION('',(1.110223024625E-16,-1.,0.));
#10396 = PCURVE('',#10324,#10397);
#10397 = DEFINITIONAL_REPRESENTATION('',(#10398),#10402);
#10398 = LINE('',#10399,#10400);
#10399 = CARTESIAN_POINT('',(0.,0.));
#10400 = VECTOR('',#10401,1.);
#10401 = DIRECTION('',(1.,0.));
#10402 = ( GEOMETRIC_REPRESENTATION_CONTEXT(2) 
PARAMETRIC_REPRESENTATION_CONTEXT() REPRESENTATION_CONTEXT('2D SPACE',''
  ) );
#10403 = PCURVE('',#9858,#10404);
#10404 = DEFINITIONAL_REPRESENTATION('',(#10405),#10409);
#10405 = LINE('',#10406,#10407);
#10406 = CARTESIAN_POINT('',(37.5,11.));
#10407 = VECTOR('',#10408,1.);
#10408 = DIRECTION('',(0.,1.));
#10409 = ( GEOMETRIC_REPRESENTATION_CONTEXT(2) 
PARAMETRIC_REPRESENTATION_CONTEXT() REPRESENTATION_CONTEXT('2D SPACE',''
  ) );
#10410 = ORIENTED_EDGE('',*,*,#10310,.T.);
#10411 = ADVANCED_FACE('',(#10412),#10378,.F.);
#10412 = FACE_BOUND('',#10413,.F.);
#10413 = EDGE_LOOP('',(#10414,#10415,#10438,#10466));
#10414 = ORIENTED_EDGE('',*,*,#10362,.F.);
#10415 = ORIENTED_EDGE('',*,*,#10416,.T.);
#10416 = EDGE_CURVE('',#10363,#10417,#10419,.T.);
#10417 = VERTEX_POINT('',#10418);
#10418 = CARTESIAN_POINT('',(-13.,174.5,275.02086962844));
#10419 = SURFACE_CURVE('',#10420,(#10424,#10431),.PCURVE_S1.);
#10420 = LINE('',#10421,#10422);
#10421 = CARTESIAN_POINT('',(-13.,174.5,289.5));
#10422 = VECTOR('',#10423,1.);
#10423 = DIRECTION('',(1.224646799147E-16,1.359631073447E-32,1.));
#10424 = PCURVE('',#10378,#10425);
#10425 = DEFINITIONAL_REPRESENTATION('',(#10426),#10430);
#10426 = LINE('',#10427,#10428);
#10427 = CARTESIAN_POINT('',(-8.5,-1.));
#10428 = VECTOR('',#10429,1.);
#10429 = DIRECTION('',(-1.,0.));
#10430 = ( GEOMETRIC_REPRESENTATION_CONTEXT(2) 
PARAMETRIC_REPRESENTATION_CONTEXT() REPRESENTATION_CONTEXT('2D SPACE',''
  ) );
#10431 = PCURVE('',#9858,#10432);
#10432 = DEFINITIONAL_REPRESENTATION('',(#10433),#10437);
#10433 = LINE('',#10434,#10435);
#10434 = CARTESIAN_POINT('',(14.5,21.5));
#10435 = VECTOR('',#10436,1.);
#10436 = DIRECTION('',(-1.,0.));
#10437 = ( GEOMETRIC_REPRESENTATION_CONTEXT(2) 
PARAMETRIC_REPRESENTATION_CONTEXT() REPRESENTATION_CONTEXT('2D SPACE',''
  ) );
#10438 = ORIENTED_EDGE('',*,*,#10439,.F.);
#10439 = EDGE_CURVE('',#10440,#10417,#10442,.T.);
#10440 = VERTEX_POINT('',#10441);
#10441 = CARTESIAN_POINT('',(-27.,174.5,275.02086962844));
#10442 = SURFACE_CURVE('',#10443,(#10447,#10454),.PCURVE_S1.);
#10443 = LINE('',#10444,#10445);
#10444 = CARTESIAN_POINT('',(-12.,174.5,275.02086962844));
#10445 = VECTOR('',#10446,1.);
#10446 = DIRECTION('',(1.,1.110223024625E-16,-1.144237745222E-17));
#10447 = PCURVE('',#10378,#10448);
#10448 = DEFINITIONAL_REPRESENTATION('',(#10449),#10453);
#10449 = LINE('',#10450,#10451);
#10450 = CARTESIAN_POINT('',(5.979130371551,7.322322871204E-16));
#10451 = VECTOR('',#10452,1.);
#10452 = DIRECTION('',(-1.110223024625E-16,1.));
#10453 = ( GEOMETRIC_REPRESENTATION_CONTEXT(2) 
PARAMETRIC_REPRESENTATION_CONTEXT() REPRESENTATION_CONTEXT('2D SPACE',''
  ) );
#10454 = PCURVE('',#10455,#10460);
#10455 = CYLINDRICAL_SURFACE('',#10456,6.);
#10456 = AXIS2_PLACEMENT_3D('',#10457,#10458,#10459);
#10457 = CARTESIAN_POINT('',(-12.,175.,281.));
#10458 = DIRECTION('',(1.,1.110223024625E-16,-1.144237745222E-17));
#10459 = DIRECTION('',(1.110223024625E-16,-1.,0.));
#10460 = DEFINITIONAL_REPRESENTATION('',(#10461),#10465);
#10461 = LINE('',#10462,#10463);
#10462 = CARTESIAN_POINT('',(-4.795819066995,-6.638168205731E-16));
#10463 = VECTOR('',#10464,1.);
#10464 = DIRECTION('',(-0.,1.));
#10465 = ( GEOMETRIC_REPRESENTATION_CONTEXT(2) 
PARAMETRIC_REPRESENTATION_CONTEXT() REPRESENTATION_CONTEXT('2D SPACE',''
  ) );
#10466 = ORIENTED_EDGE('',*,*,#10467,.F.);
#10467 = EDGE_CURVE('',#10340,#10440,#10468,.T.);
#10468 = SURFACE_CURVE('',#10469,(#10473,#10480),.PCURVE_S1.);
#10469 = LINE('',#10470,#10471);
#10470 = CARTESIAN_POINT('',(-27.,174.5,289.5));
#10471 = VECTOR('',#10472,1.);
#10472 = DIRECTION('',(1.224646799147E-16,1.359631073447E-32,1.));
#10473 = PCURVE('',#10378,#10474);
#10474 = DEFINITIONAL_REPRESENTATION('',(#10475),#10479);
#10475 = LINE('',#10476,#10477);
#10476 = CARTESIAN_POINT('',(-8.5,-15.));
#10477 = VECTOR('',#10478,1.);
#10478 = DIRECTION('',(-1.,0.));
#10479 = ( GEOMETRIC_REPRESENTATION_CONTEXT(2) 
PARAMETRIC_REPRESENTATION_CONTEXT() REPRESENTATION_CONTEXT('2D SPACE',''
  ) );
#10480 = PCURVE('',#9914,#10481);
#10481 = DEFINITIONAL_REPRESENTATION('',(#10482),#10486);
#10482 = LINE('',#10483,#10484);
#10483 = CARTESIAN_POINT('',(14.5,21.5));
#10484 = VECTOR('',#10485,1.);
#10485 = DIRECTION('',(-1.,0.));
#10486 = ( GEOMETRIC_REPRESENTATION_CONTEXT(2) 
PARAMETRIC_REPRESENTATION_CONTEXT() REPRESENTATION_CONTEXT('2D SPACE',''
  ) );
#10487 = ADVANCED_FACE('',(#10488),#10455,.F.);
#10488 = FACE_BOUND('',#10489,.T.);
#10489 = EDGE_LOOP('',(#10490,#10518,#10546,#10568));
#10490 = ORIENTED_EDGE('',*,*,#10491,.F.);
#10491 = EDGE_CURVE('',#10492,#10440,#10494,.T.);
#10492 = VERTEX_POINT('',#10493);
#10493 = CARTESIAN_POINT('',(-27.,175.5,275.02086962844));
#10494 = SURFACE_CURVE('',#10495,(#10500,#10507),.PCURVE_S1.);
#10495 = CIRCLE('',#10496,6.);
#10496 = AXIS2_PLACEMENT_3D('',#10497,#10498,#10499);
#10497 = CARTESIAN_POINT('',(-27.,175.,281.));
#10498 = DIRECTION('',(1.,1.634257767295E-16,3.046394013749E-17));
#10499 = DIRECTION('',(1.673916355807E-17,8.333333333333E-02,
    -0.996521728592));
#10500 = PCURVE('',#10455,#10501);
#10501 = DEFINITIONAL_REPRESENTATION('',(#10502),#10506);
#10502 = LINE('',#10503,#10504);
#10503 = CARTESIAN_POINT('',(-10.91214420095,-15.));
#10504 = VECTOR('',#10505,1.);
#10505 = DIRECTION('',(1.,-0.));
#10506 = ( GEOMETRIC_REPRESENTATION_CONTEXT(2) 
PARAMETRIC_REPRESENTATION_CONTEXT() REPRESENTATION_CONTEXT('2D SPACE',''
  ) );
#10507 = PCURVE('',#9914,#10508);
#10508 = DEFINITIONAL_REPRESENTATION('',(#10509),#10517);
#10509 = ( BOUNDED_CURVE() B_SPLINE_CURVE(2,(#10510,#10511,#10512,#10513
    ,#10514,#10515,#10516),.UNSPECIFIED.,.T.,.F.) 
B_SPLINE_CURVE_WITH_KNOTS((1,2,2,2,2,1),(-2.094395102393,0.,
    2.094395102393,4.188790204786,6.28318530718,8.377580409573),
.UNSPECIFIED.) CURVE() GEOMETRIC_REPRESENTATION_ITEM() 
RATIONAL_B_SPLINE_CURVE((1.,0.5,1.,0.5,1.,0.5,1.)) REPRESENTATION_ITEM(
  '') );
#10510 = CARTESIAN_POINT('',(28.979130371551,20.5));
#10511 = CARTESIAN_POINT('',(28.113104967766,10.143842411396));
#10512 = CARTESIAN_POINT('',(19.577422112332,16.071921205698));
#10513 = CARTESIAN_POINT('',(11.041739256899,22.));
#10514 = CARTESIAN_POINT('',(20.443447516117,26.428078794302));
#10515 = CARTESIAN_POINT('',(29.845155775335,30.856157588604));
#10516 = CARTESIAN_POINT('',(28.979130371551,20.5));
#10517 = ( GEOMETRIC_REPRESENTATION_CONTEXT(2) 
PARAMETRIC_REPRESENTATION_CONTEXT() REPRESENTATION_CONTEXT('2D SPACE',''
  ) );
#10518 = ORIENTED_EDGE('',*,*,#10519,.T.);
#10519 = EDGE_CURVE('',#10492,#10520,#10522,.T.);
#10520 = VERTEX_POINT('',#10521);
#10521 = CARTESIAN_POINT('',(-13.,175.5,275.02086962844));
#10522 = SURFACE_CURVE('',#10523,(#10527,#10534),.PCURVE_S1.);
#10523 = LINE('',#10524,#10525);
#10524 = CARTESIAN_POINT('',(-12.,175.5,275.02086962844));
#10525 = VECTOR('',#10526,1.);
#10526 = DIRECTION('',(1.,1.110223024625E-16,-1.144237745222E-17));
#10527 = PCURVE('',#10455,#10528);
#10528 = DEFINITIONAL_REPRESENTATION('',(#10529),#10533);
#10529 = LINE('',#10530,#10531);
#10530 = CARTESIAN_POINT('',(-10.91214420095,-6.638168205731E-16));
#10531 = VECTOR('',#10532,1.);
#10532 = DIRECTION('',(-0.,1.));
#10533 = ( GEOMETRIC_REPRESENTATION_CONTEXT(2) 
PARAMETRIC_REPRESENTATION_CONTEXT() REPRESENTATION_CONTEXT('2D SPACE',''
  ) );
#10534 = PCURVE('',#10535,#10540);
#10535 = PLANE('',#10536);
#10536 = AXIS2_PLACEMENT_3D('',#10537,#10538,#10539);
#10537 = CARTESIAN_POINT('',(-12.,175.5,281.));
#10538 = DIRECTION('',(1.110223024625E-16,-1.,0.));
#10539 = DIRECTION('',(-1.224646799147E-16,-1.359631073447E-32,-1.));
#10540 = DEFINITIONAL_REPRESENTATION('',(#10541),#10545);
#10541 = LINE('',#10542,#10543);
#10542 = CARTESIAN_POINT('',(5.979130371551,7.322322871204E-16));
#10543 = VECTOR('',#10544,1.);
#10544 = DIRECTION('',(-1.110223024625E-16,1.));
#10545 = ( GEOMETRIC_REPRESENTATION_CONTEXT(2) 
PARAMETRIC_REPRESENTATION_CONTEXT() REPRESENTATION_CONTEXT('2D SPACE',''
  ) );
#10546 = ORIENTED_EDGE('',*,*,#10547,.F.);
#10547 = EDGE_CURVE('',#10417,#10520,#10548,.T.);
#10548 = SURFACE_CURVE('',#10549,(#10554,#10561),.PCURVE_S1.);
#10549 = CIRCLE('',#10550,6.);
#10550 = AXIS2_PLACEMENT_3D('',#10551,#10552,#10553);
#10551 = CARTESIAN_POINT('',(-13.,175.,281.));
#10552 = DIRECTION('',(-1.,-1.110223024625E-16,-2.608174147226E-17));
#10553 = DIRECTION('',(3.524288063516E-17,-8.333333333333E-02,
    -0.996521728592));
#10554 = PCURVE('',#10455,#10555);
#10555 = DEFINITIONAL_REPRESENTATION('',(#10556),#10560);
#10556 = LINE('',#10557,#10558);
#10557 = CARTESIAN_POINT('',(-4.795819066995,-1.));
#10558 = VECTOR('',#10559,1.);
#10559 = DIRECTION('',(-1.,-0.));
#10560 = ( GEOMETRIC_REPRESENTATION_CONTEXT(2) 
PARAMETRIC_REPRESENTATION_CONTEXT() REPRESENTATION_CONTEXT('2D SPACE',''
  ) );
#10561 = PCURVE('',#9858,#10562);
#10562 = DEFINITIONAL_REPRESENTATION('',(#10563),#10567);
#10563 = CIRCLE('',#10564,6.);
#10564 = AXIS2_PLACEMENT_2D('',#10565,#10566);
#10565 = CARTESIAN_POINT('',(23.,21.));
#10566 = DIRECTION('',(0.996521728592,8.333333333333E-02));
#10567 = ( GEOMETRIC_REPRESENTATION_CONTEXT(2) 
PARAMETRIC_REPRESENTATION_CONTEXT() REPRESENTATION_CONTEXT('2D SPACE',''
  ) );
#10568 = ORIENTED_EDGE('',*,*,#10439,.F.);
#10569 = ADVANCED_FACE('',(#10570),#10535,.T.);
#10570 = FACE_BOUND('',#10571,.T.);
#10571 = EDGE_LOOP('',(#10572,#10602,#10623,#10624));
#10572 = ORIENTED_EDGE('',*,*,#10573,.F.);
#10573 = EDGE_CURVE('',#10574,#10576,#10578,.T.);
#10574 = VERTEX_POINT('',#10575);
#10575 = CARTESIAN_POINT('',(-13.,175.5,266.5));
#10576 = VERTEX_POINT('',#10577);
#10577 = CARTESIAN_POINT('',(-27.,175.5,266.5));
#10578 = SURFACE_CURVE('',#10579,(#10583,#10590),.PCURVE_S1.);
#10579 = LINE('',#10580,#10581);
#10580 = CARTESIAN_POINT('',(-12.5,175.5,266.5));
#10581 = VECTOR('',#10582,1.);
#10582 = DIRECTION('',(-1.,-1.110223024625E-16,1.224646799147E-16));
#10583 = PCURVE('',#10535,#10584);
#10584 = DEFINITIONAL_REPRESENTATION('',(#10585),#10589);
#10585 = LINE('',#10586,#10587);
#10586 = CARTESIAN_POINT('',(14.5,-0.5));
#10587 = VECTOR('',#10588,1.);
#10588 = DIRECTION('',(0.,-1.));
#10589 = ( GEOMETRIC_REPRESENTATION_CONTEXT(2) 
PARAMETRIC_REPRESENTATION_CONTEXT() REPRESENTATION_CONTEXT('2D SPACE',''
  ) );
#10590 = PCURVE('',#10591,#10596);
#10591 = PLANE('',#10592);
#10592 = AXIS2_PLACEMENT_3D('',#10593,#10594,#10595);
#10593 = CARTESIAN_POINT('',(-13.,185.,266.5));
#10594 = DIRECTION('',(-1.224646799147E-16,-1.359631073447E-32,-1.));
#10595 = DIRECTION('',(1.110223024625E-16,-1.,0.));
#10596 = DEFINITIONAL_REPRESENTATION('',(#10597),#10601);
#10597 = LINE('',#10598,#10599);
#10598 = CARTESIAN_POINT('',(9.5,-0.5));
#10599 = VECTOR('',#10600,1.);
#10600 = DIRECTION('',(0.,1.));
#10601 = ( GEOMETRIC_REPRESENTATION_CONTEXT(2) 
PARAMETRIC_REPRESENTATION_CONTEXT() REPRESENTATION_CONTEXT('2D SPACE',''
  ) );
#10602 = ORIENTED_EDGE('',*,*,#10603,.T.);
#10603 = EDGE_CURVE('',#10574,#10520,#10604,.T.);
#10604 = SURFACE_CURVE('',#10605,(#10609,#10616),.PCURVE_S1.);
#10605 = LINE('',#10606,#10607);
#10606 = CARTESIAN_POINT('',(-13.,175.5,289.5));
#10607 = VECTOR('',#10608,1.);
#10608 = DIRECTION('',(1.224646799147E-16,1.359631073447E-32,1.));
#10609 = PCURVE('',#10535,#10610);
#10610 = DEFINITIONAL_REPRESENTATION('',(#10611),#10615);
#10611 = LINE('',#10612,#10613);
#10612 = CARTESIAN_POINT('',(-8.5,-1.));
#10613 = VECTOR('',#10614,1.);
#10614 = DIRECTION('',(-1.,0.));
#10615 = ( GEOMETRIC_REPRESENTATION_CONTEXT(2) 
PARAMETRIC_REPRESENTATION_CONTEXT() REPRESENTATION_CONTEXT('2D SPACE',''
  ) );
#10616 = PCURVE('',#9858,#10617);
#10617 = DEFINITIONAL_REPRESENTATION('',(#10618),#10622);
#10618 = LINE('',#10619,#10620);
#10619 = CARTESIAN_POINT('',(14.5,20.5));
#10620 = VECTOR('',#10621,1.);
#10621 = DIRECTION('',(-1.,0.));
#10622 = ( GEOMETRIC_REPRESENTATION_CONTEXT(2) 
PARAMETRIC_REPRESENTATION_CONTEXT() REPRESENTATION_CONTEXT('2D SPACE',''
  ) );
#10623 = ORIENTED_EDGE('',*,*,#10519,.F.);
#10624 = ORIENTED_EDGE('',*,*,#10625,.F.);
#10625 = EDGE_CURVE('',#10576,#10492,#10626,.T.);
#10626 = SURFACE_CURVE('',#10627,(#10631,#10638),.PCURVE_S1.);
#10627 = LINE('',#10628,#10629);
#10628 = CARTESIAN_POINT('',(-27.,175.5,289.5));
#10629 = VECTOR('',#10630,1.);
#10630 = DIRECTION('',(1.224646799147E-16,1.359631073447E-32,1.));
#10631 = PCURVE('',#10535,#10632);
#10632 = DEFINITIONAL_REPRESENTATION('',(#10633),#10637);
#10633 = LINE('',#10634,#10635);
#10634 = CARTESIAN_POINT('',(-8.5,-15.));
#10635 = VECTOR('',#10636,1.);
#10636 = DIRECTION('',(-1.,0.));
#10637 = ( GEOMETRIC_REPRESENTATION_CONTEXT(2) 
PARAMETRIC_REPRESENTATION_CONTEXT() REPRESENTATION_CONTEXT('2D SPACE',''
  ) );
#10638 = PCURVE('',#9914,#10639);
#10639 = DEFINITIONAL_REPRESENTATION('',(#10640),#10644);
#10640 = LINE('',#10641,#10642);
#10641 = CARTESIAN_POINT('',(14.5,20.5));
#10642 = VECTOR('',#10643,1.);
#10643 = DIRECTION('',(-1.,0.));
#10644 = ( GEOMETRIC_REPRESENTATION_CONTEXT(2) 
PARAMETRIC_REPRESENTATION_CONTEXT() REPRESENTATION_CONTEXT('2D SPACE',''
  ) );
#10645 = ADVANCED_FACE('',(#10646),#10591,.T.);
#10646 = FACE_BOUND('',#10647,.T.);
#10647 = EDGE_LOOP('',(#10648,#10671,#10699,#10720));
#10648 = ORIENTED_EDGE('',*,*,#10649,.F.);
#10649 = EDGE_CURVE('',#10650,#10576,#10652,.T.);
#10650 = VERTEX_POINT('',#10651);
#10651 = CARTESIAN_POINT('',(-27.,185.,266.5));
#10652 = SURFACE_CURVE('',#10653,(#10657,#10664),.PCURVE_S1.);
#10653 = LINE('',#10654,#10655);
#10654 = CARTESIAN_POINT('',(-27.,185.,266.5));
#10655 = VECTOR('',#10656,1.);
#10656 = DIRECTION('',(1.110223024625E-16,-1.,0.));
#10657 = PCURVE('',#10591,#10658);
#10658 = DEFINITIONAL_REPRESENTATION('',(#10659),#10663);
#10659 = LINE('',#10660,#10661);
#10660 = CARTESIAN_POINT('',(-1.554312234475E-15,14.));
#10661 = VECTOR('',#10662,1.);
#10662 = DIRECTION('',(1.,0.));
#10663 = ( GEOMETRIC_REPRESENTATION_CONTEXT(2) 
PARAMETRIC_REPRESENTATION_CONTEXT() REPRESENTATION_CONTEXT('2D SPACE',''
  ) );
#10664 = PCURVE('',#9914,#10665);
#10665 = DEFINITIONAL_REPRESENTATION('',(#10666),#10670);
#10666 = LINE('',#10667,#10668);
#10667 = CARTESIAN_POINT('',(37.5,11.));
#10668 = VECTOR('',#10669,1.);
#10669 = DIRECTION('',(0.,1.));
#10670 = ( GEOMETRIC_REPRESENTATION_CONTEXT(2) 
PARAMETRIC_REPRESENTATION_CONTEXT() REPRESENTATION_CONTEXT('2D SPACE',''
  ) );
#10671 = ORIENTED_EDGE('',*,*,#10672,.F.);
#10672 = EDGE_CURVE('',#10673,#10650,#10675,.T.);
#10673 = VERTEX_POINT('',#10674);
#10674 = CARTESIAN_POINT('',(-13.,185.,266.5));
#10675 = SURFACE_CURVE('',#10676,(#10680,#10687),.PCURVE_S1.);
#10676 = LINE('',#10677,#10678);
#10677 = CARTESIAN_POINT('',(-13.,185.,266.5));
#10678 = VECTOR('',#10679,1.);
#10679 = DIRECTION('',(-1.,-1.110223024625E-16,1.224646799147E-16));
#10680 = PCURVE('',#10591,#10681);
#10681 = DEFINITIONAL_REPRESENTATION('',(#10682),#10686);
#10682 = LINE('',#10683,#10684);
#10683 = CARTESIAN_POINT('',(0.,0.));
#10684 = VECTOR('',#10685,1.);
#10685 = DIRECTION('',(0.,1.));
#10686 = ( GEOMETRIC_REPRESENTATION_CONTEXT(2) 
PARAMETRIC_REPRESENTATION_CONTEXT() REPRESENTATION_CONTEXT('2D SPACE',''
  ) );
#10687 = PCURVE('',#10688,#10693);
#10688 = PLANE('',#10689);
#10689 = AXIS2_PLACEMENT_3D('',#10690,#10691,#10692);
#10690 = CARTESIAN_POINT('',(-13.,185.,298.));
#10691 = DIRECTION('',(1.110223024625E-16,-1.,0.));
#10692 = DIRECTION('',(-1.224646799147E-16,-1.359631073447E-32,-1.));
#10693 = DEFINITIONAL_REPRESENTATION('',(#10694),#10698);
#10694 = LINE('',#10695,#10696);
#10695 = CARTESIAN_POINT('',(31.5,3.049237385137E-16));
#10696 = VECTOR('',#10697,1.);
#10697 = DIRECTION('',(0.,-1.));
#10698 = ( GEOMETRIC_REPRESENTATION_CONTEXT(2) 
PARAMETRIC_REPRESENTATION_CONTEXT() REPRESENTATION_CONTEXT('2D SPACE',''
  ) );
#10699 = ORIENTED_EDGE('',*,*,#10700,.T.);
#10700 = EDGE_CURVE('',#10673,#10574,#10701,.T.);
#10701 = SURFACE_CURVE('',#10702,(#10706,#10713),.PCURVE_S1.);
#10702 = LINE('',#10703,#10704);
#10703 = CARTESIAN_POINT('',(-13.,185.,266.5));
#10704 = VECTOR('',#10705,1.);
#10705 = DIRECTION('',(1.110223024625E-16,-1.,0.));
#10706 = PCURVE('',#10591,#10707);
#10707 = DEFINITIONAL_REPRESENTATION('',(#10708),#10712);
#10708 = LINE('',#10709,#10710);
#10709 = CARTESIAN_POINT('',(0.,0.));
#10710 = VECTOR('',#10711,1.);
#10711 = DIRECTION('',(1.,0.));
#10712 = ( GEOMETRIC_REPRESENTATION_CONTEXT(2) 
PARAMETRIC_REPRESENTATION_CONTEXT() REPRESENTATION_CONTEXT('2D SPACE',''
  ) );
#10713 = PCURVE('',#9858,#10714);
#10714 = DEFINITIONAL_REPRESENTATION('',(#10715),#10719);
#10715 = LINE('',#10716,#10717);
#10716 = CARTESIAN_POINT('',(37.5,11.));
#10717 = VECTOR('',#10718,1.);
#10718 = DIRECTION('',(0.,1.));
#10719 = ( GEOMETRIC_REPRESENTATION_CONTEXT(2) 
PARAMETRIC_REPRESENTATION_CONTEXT() REPRESENTATION_CONTEXT('2D SPACE',''
  ) );
#10720 = ORIENTED_EDGE('',*,*,#10573,.T.);
#10721 = ADVANCED_FACE('',(#10722),#10688,.F.);
#10722 = FACE_BOUND('',#10723,.F.);
#10723 = EDGE_LOOP('',(#10724,#10747,#10770,#10791));
#10724 = ORIENTED_EDGE('',*,*,#10725,.F.);
#10725 = EDGE_CURVE('',#10726,#10673,#10728,.T.);
#10726 = VERTEX_POINT('',#10727);
#10727 = CARTESIAN_POINT('',(-13.,185.,298.));
#10728 = SURFACE_CURVE('',#10729,(#10733,#10740),.PCURVE_S1.);
#10729 = LINE('',#10730,#10731);
#10730 = CARTESIAN_POINT('',(-13.,185.,298.));
#10731 = VECTOR('',#10732,1.);
#10732 = DIRECTION('',(-1.224646799147E-16,-1.359631073447E-32,-1.));
#10733 = PCURVE('',#10688,#10734);
#10734 = DEFINITIONAL_REPRESENTATION('',(#10735),#10739);
#10735 = LINE('',#10736,#10737);
#10736 = CARTESIAN_POINT('',(-0.,0.));
#10737 = VECTOR('',#10738,1.);
#10738 = DIRECTION('',(1.,0.));
#10739 = ( GEOMETRIC_REPRESENTATION_CONTEXT(2) 
PARAMETRIC_REPRESENTATION_CONTEXT() REPRESENTATION_CONTEXT('2D SPACE',''
  ) );
#10740 = PCURVE('',#9858,#10741);
#10741 = DEFINITIONAL_REPRESENTATION('',(#10742),#10746);
#10742 = LINE('',#10743,#10744);
#10743 = CARTESIAN_POINT('',(6.,11.));
#10744 = VECTOR('',#10745,1.);
#10745 = DIRECTION('',(1.,0.));
#10746 = ( GEOMETRIC_REPRESENTATION_CONTEXT(2) 
PARAMETRIC_REPRESENTATION_CONTEXT() REPRESENTATION_CONTEXT('2D SPACE',''
  ) );
#10747 = ORIENTED_EDGE('',*,*,#10748,.T.);
#10748 = EDGE_CURVE('',#10726,#10749,#10751,.T.);
#10749 = VERTEX_POINT('',#10750);
#10750 = CARTESIAN_POINT('',(-27.,185.,298.));
#10751 = SURFACE_CURVE('',#10752,(#10756,#10763),.PCURVE_S1.);
#10752 = LINE('',#10753,#10754);
#10753 = CARTESIAN_POINT('',(-13.,185.,298.));
#10754 = VECTOR('',#10755,1.);
#10755 = DIRECTION('',(-1.,-1.110223024625E-16,1.224646799147E-16));
#10756 = PCURVE('',#10688,#10757);
#10757 = DEFINITIONAL_REPRESENTATION('',(#10758),#10762);
#10758 = LINE('',#10759,#10760);
#10759 = CARTESIAN_POINT('',(-0.,0.));
#10760 = VECTOR('',#10761,1.);
#10761 = DIRECTION('',(0.,-1.));
#10762 = ( GEOMETRIC_REPRESENTATION_CONTEXT(2) 
PARAMETRIC_REPRESENTATION_CONTEXT() REPRESENTATION_CONTEXT('2D SPACE',''
  ) );
#10763 = PCURVE('',#9940,#10764);
#10764 = DEFINITIONAL_REPRESENTATION('',(#10765),#10769);
#10765 = LINE('',#10766,#10767);
#10766 = CARTESIAN_POINT('',(11.,1.221245327088E-15));
#10767 = VECTOR('',#10768,1.);
#10768 = DIRECTION('',(0.,1.));
#10769 = ( GEOMETRIC_REPRESENTATION_CONTEXT(2) 
PARAMETRIC_REPRESENTATION_CONTEXT() REPRESENTATION_CONTEXT('2D SPACE',''
  ) );
#10770 = ORIENTED_EDGE('',*,*,#10771,.T.);
#10771 = EDGE_CURVE('',#10749,#10650,#10772,.T.);
#10772 = SURFACE_CURVE('',#10773,(#10777,#10784),.PCURVE_S1.);
#10773 = LINE('',#10774,#10775);
#10774 = CARTESIAN_POINT('',(-27.,185.,298.));
#10775 = VECTOR('',#10776,1.);
#10776 = DIRECTION('',(-1.224646799147E-16,-1.359631073447E-32,-1.));
#10777 = PCURVE('',#10688,#10778);
#10778 = DEFINITIONAL_REPRESENTATION('',(#10779),#10783);
#10779 = LINE('',#10780,#10781);
#10780 = CARTESIAN_POINT('',(1.714505518806E-15,-14.));
#10781 = VECTOR('',#10782,1.);
#10782 = DIRECTION('',(1.,0.));
#10783 = ( GEOMETRIC_REPRESENTATION_CONTEXT(2) 
PARAMETRIC_REPRESENTATION_CONTEXT() REPRESENTATION_CONTEXT('2D SPACE',''
  ) );
#10784 = PCURVE('',#9914,#10785);
#10785 = DEFINITIONAL_REPRESENTATION('',(#10786),#10790);
#10786 = LINE('',#10787,#10788);
#10787 = CARTESIAN_POINT('',(6.,11.));
#10788 = VECTOR('',#10789,1.);
#10789 = DIRECTION('',(1.,0.));
#10790 = ( GEOMETRIC_REPRESENTATION_CONTEXT(2) 
PARAMETRIC_REPRESENTATION_CONTEXT() REPRESENTATION_CONTEXT('2D SPACE',''
  ) );
#10791 = ORIENTED_EDGE('',*,*,#10672,.F.);
#10792 = ADVANCED_FACE('',(#10793),#10051,.F.);
#10793 = FACE_BOUND('',#10794,.T.);
#10794 = EDGE_LOOP('',(#10795,#10796,#10819,#10845));
#10795 = ORIENTED_EDGE('',*,*,#10030,.T.);
#10796 = ORIENTED_EDGE('',*,*,#10797,.T.);
#10797 = EDGE_CURVE('',#10031,#10798,#10800,.T.);
#10798 = VERTEX_POINT('',#10799);
#10799 = CARTESIAN_POINT('',(-20.,188.25,298.));
#10800 = SEAM_CURVE('',#10801,(#10805,#10812),.PCURVE_S1.);
#10801 = LINE('',#10802,#10803);
#10802 = CARTESIAN_POINT('',(-20.,188.25,305.));
#10803 = VECTOR('',#10804,1.);
#10804 = DIRECTION('',(-1.224646799147E-16,-1.359631073447E-32,-1.));
#10805 = PCURVE('',#10051,#10806);
#10806 = DEFINITIONAL_REPRESENTATION('',(#10807),#10811);
#10807 = LINE('',#10808,#10809);
#10808 = CARTESIAN_POINT('',(-6.28318530718,0.));
#10809 = VECTOR('',#10810,1.);
#10810 = DIRECTION('',(-0.,-1.));
#10811 = ( GEOMETRIC_REPRESENTATION_CONTEXT(2) 
PARAMETRIC_REPRESENTATION_CONTEXT() REPRESENTATION_CONTEXT('2D SPACE',''
  ) );
#10812 = PCURVE('',#10051,#10813);
#10813 = DEFINITIONAL_REPRESENTATION('',(#10814),#10818);
#10814 = LINE('',#10815,#10816);
#10815 = CARTESIAN_POINT('',(-0.,0.));
#10816 = VECTOR('',#10817,1.);
#10817 = DIRECTION('',(-0.,-1.));
#10818 = ( GEOMETRIC_REPRESENTATION_CONTEXT(2) 
PARAMETRIC_REPRESENTATION_CONTEXT() REPRESENTATION_CONTEXT('2D SPACE',''
  ) );
#10819 = ORIENTED_EDGE('',*,*,#10820,.F.);
#10820 = EDGE_CURVE('',#10798,#10798,#10821,.T.);
#10821 = SURFACE_CURVE('',#10822,(#10827,#10834),.PCURVE_S1.);
#10822 = CIRCLE('',#10823,2.75);
#10823 = AXIS2_PLACEMENT_3D('',#10824,#10825,#10826);
#10824 = CARTESIAN_POINT('',(-20.,191.,298.));
#10825 = DIRECTION('',(1.224646799147E-16,1.359631073447E-32,1.));
#10826 = DIRECTION('',(1.110223024625E-16,-1.,0.));
#10827 = PCURVE('',#10051,#10828);
#10828 = DEFINITIONAL_REPRESENTATION('',(#10829),#10833);
#10829 = LINE('',#10830,#10831);
#10830 = CARTESIAN_POINT('',(-6.28318530718,-7.));
#10831 = VECTOR('',#10832,1.);
#10832 = DIRECTION('',(1.,-0.));
#10833 = ( GEOMETRIC_REPRESENTATION_CONTEXT(2) 
PARAMETRIC_REPRESENTATION_CONTEXT() REPRESENTATION_CONTEXT('2D SPACE',''
  ) );
#10834 = PCURVE('',#9940,#10835);
#10835 = DEFINITIONAL_REPRESENTATION('',(#10836),#10844);
#10836 = ( BOUNDED_CURVE() B_SPLINE_CURVE(2,(#10837,#10838,#10839,#10840
    ,#10841,#10842,#10843),.UNSPECIFIED.,.T.,.F.) 
B_SPLINE_CURVE_WITH_KNOTS((1,2,2,2,2,1),(-2.094395102393,0.,
    2.094395102393,4.188790204786,6.28318530718,8.377580409573),
.UNSPECIFIED.) CURVE() GEOMETRIC_REPRESENTATION_ITEM() 
RATIONAL_B_SPLINE_CURVE((1.,0.5,1.,0.5,1.,0.5,1.)) REPRESENTATION_ITEM(
  '') );
#10837 = CARTESIAN_POINT('',(7.75,7.));
#10838 = CARTESIAN_POINT('',(7.75,2.236860279186));
#10839 = CARTESIAN_POINT('',(3.625,4.618430139593));
#10840 = CARTESIAN_POINT('',(-0.5,7.));
#10841 = CARTESIAN_POINT('',(3.625,9.381569860407));
#10842 = CARTESIAN_POINT('',(7.75,11.763139720814));
#10843 = CARTESIAN_POINT('',(7.75,7.));
#10844 = ( GEOMETRIC_REPRESENTATION_CONTEXT(2) 
PARAMETRIC_REPRESENTATION_CONTEXT() REPRESENTATION_CONTEXT('2D SPACE',''
  ) );
#10845 = ORIENTED_EDGE('',*,*,#10797,.F.);
#10846 = ADVANCED_FACE('',(#10847),#9995,.T.);
#10847 = FACE_BOUND('',#10848,.T.);
#10848 = EDGE_LOOP('',(#10849,#10870,#10871,#10892));
#10849 = ORIENTED_EDGE('',*,*,#10850,.F.);
#10850 = EDGE_CURVE('',#9957,#10214,#10851,.T.);
#10851 = SURFACE_CURVE('',#10852,(#10856,#10863),.PCURVE_S1.);
#10852 = LINE('',#10853,#10854);
#10853 = CARTESIAN_POINT('',(-13.,154.,304.));
#10854 = VECTOR('',#10855,1.);
#10855 = DIRECTION('',(-1.224646799147E-16,-1.359631073447E-32,-1.));
#10856 = PCURVE('',#9995,#10857);
#10857 = DEFINITIONAL_REPRESENTATION('',(#10858),#10862);
#10858 = LINE('',#10859,#10860);
#10859 = CARTESIAN_POINT('',(-0.,0.));
#10860 = VECTOR('',#10861,1.);
#10861 = DIRECTION('',(1.,0.));
#10862 = ( GEOMETRIC_REPRESENTATION_CONTEXT(2) 
PARAMETRIC_REPRESENTATION_CONTEXT() REPRESENTATION_CONTEXT('2D SPACE',''
  ) );
#10863 = PCURVE('',#9858,#10864);
#10864 = DEFINITIONAL_REPRESENTATION('',(#10865),#10869);
#10865 = LINE('',#10866,#10867);
#10866 = CARTESIAN_POINT('',(-8.157786440681E-32,42.));
#10867 = VECTOR('',#10868,1.);
#10868 = DIRECTION('',(1.,0.));
#10869 = ( GEOMETRIC_REPRESENTATION_CONTEXT(2) 
PARAMETRIC_REPRESENTATION_CONTEXT() REPRESENTATION_CONTEXT('2D SPACE',''
  ) );
#10870 = ORIENTED_EDGE('',*,*,#9979,.T.);
#10871 = ORIENTED_EDGE('',*,*,#10872,.T.);
#10872 = EDGE_CURVE('',#9980,#10163,#10873,.T.);
#10873 = SURFACE_CURVE('',#10874,(#10878,#10885),.PCURVE_S1.);
#10874 = LINE('',#10875,#10876);
#10875 = CARTESIAN_POINT('',(-27.,154.,304.));
#10876 = VECTOR('',#10877,1.);
#10877 = DIRECTION('',(-1.224646799147E-16,-1.359631073447E-32,-1.));
#10878 = PCURVE('',#9995,#10879);
#10879 = DEFINITIONAL_REPRESENTATION('',(#10880),#10884);
#10880 = LINE('',#10881,#10882);
#10881 = CARTESIAN_POINT('',(1.714505518806E-15,-14.));
#10882 = VECTOR('',#10883,1.);
#10883 = DIRECTION('',(1.,0.));
#10884 = ( GEOMETRIC_REPRESENTATION_CONTEXT(2) 
PARAMETRIC_REPRESENTATION_CONTEXT() REPRESENTATION_CONTEXT('2D SPACE',''
  ) );
#10885 = PCURVE('',#9914,#10886);
#10886 = DEFINITIONAL_REPRESENTATION('',(#10887),#10891);
#10887 = LINE('',#10888,#10889);
#10888 = CARTESIAN_POINT('',(1.359631073447E-31,42.));
#10889 = VECTOR('',#10890,1.);
#10890 = DIRECTION('',(1.,0.));
#10891 = ( GEOMETRIC_REPRESENTATION_CONTEXT(2) 
PARAMETRIC_REPRESENTATION_CONTEXT() REPRESENTATION_CONTEXT('2D SPACE',''
  ) );
#10892 = ORIENTED_EDGE('',*,*,#10236,.F.);
#10893 = ADVANCED_FACE('',(#10894),#9914,.T.);
#10894 = FACE_BOUND('',#10895,.T.);
#10895 = EDGE_LOOP('',(#10896,#10897,#10898,#10919,#10920,#10921,#10922,
    #10923,#10924,#10925,#10926,#10927));
#10896 = ORIENTED_EDGE('',*,*,#10007,.F.);
#10897 = ORIENTED_EDGE('',*,*,#9898,.T.);
#10898 = ORIENTED_EDGE('',*,*,#10899,.T.);
#10899 = EDGE_CURVE('',#9899,#10749,#10900,.T.);
#10900 = SURFACE_CURVE('',#10901,(#10905,#10912),.PCURVE_S1.);
#10901 = LINE('',#10902,#10903);
#10902 = CARTESIAN_POINT('',(-27.,196.,298.));
#10903 = VECTOR('',#10904,1.);
#10904 = DIRECTION('',(1.110223024625E-16,-1.,0.));
#10905 = PCURVE('',#9914,#10906);
#10906 = DEFINITIONAL_REPRESENTATION('',(#10907),#10911);
#10907 = LINE('',#10908,#10909);
#10908 = CARTESIAN_POINT('',(6.,0.));
#10909 = VECTOR('',#10910,1.);
#10910 = DIRECTION('',(0.,1.));
#10911 = ( GEOMETRIC_REPRESENTATION_CONTEXT(2) 
PARAMETRIC_REPRESENTATION_CONTEXT() REPRESENTATION_CONTEXT('2D SPACE',''
  ) );
#10912 = PCURVE('',#9940,#10913);
#10913 = DEFINITIONAL_REPRESENTATION('',(#10914),#10918);
#10914 = LINE('',#10915,#10916);
#10915 = CARTESIAN_POINT('',(-1.554312234475E-15,14.));
#10916 = VECTOR('',#10917,1.);
#10917 = DIRECTION('',(1.,0.));
#10918 = ( GEOMETRIC_REPRESENTATION_CONTEXT(2) 
PARAMETRIC_REPRESENTATION_CONTEXT() REPRESENTATION_CONTEXT('2D SPACE',''
  ) );
#10919 = ORIENTED_EDGE('',*,*,#10771,.T.);
#10920 = ORIENTED_EDGE('',*,*,#10649,.T.);
#10921 = ORIENTED_EDGE('',*,*,#10625,.T.);
#10922 = ORIENTED_EDGE('',*,*,#10491,.T.);
#10923 = ORIENTED_EDGE('',*,*,#10467,.F.);
#10924 = ORIENTED_EDGE('',*,*,#10339,.T.);
#10925 = ORIENTED_EDGE('',*,*,#10287,.F.);
#10926 = ORIENTED_EDGE('',*,*,#10160,.T.);
#10927 = ORIENTED_EDGE('',*,*,#10872,.F.);
#10928 = ADVANCED_FACE('',(#10929,#10955),#9940,.T.);
#10929 = FACE_BOUND('',#10930,.T.);
#10930 = EDGE_LOOP('',(#10931,#10932,#10933,#10954));
#10931 = ORIENTED_EDGE('',*,*,#10899,.F.);
#10932 = ORIENTED_EDGE('',*,*,#9926,.F.);
#10933 = ORIENTED_EDGE('',*,*,#10934,.T.);
#10934 = EDGE_CURVE('',#9838,#10726,#10935,.T.);
#10935 = SURFACE_CURVE('',#10936,(#10940,#10947),.PCURVE_S1.);
#10936 = LINE('',#10937,#10938);
#10937 = CARTESIAN_POINT('',(-13.,196.,298.));
#10938 = VECTOR('',#10939,1.);
#10939 = DIRECTION('',(1.110223024625E-16,-1.,0.));
#10940 = PCURVE('',#9940,#10941);
#10941 = DEFINITIONAL_REPRESENTATION('',(#10942),#10946);
#10942 = LINE('',#10943,#10944);
#10943 = CARTESIAN_POINT('',(0.,0.));
#10944 = VECTOR('',#10945,1.);
#10945 = DIRECTION('',(1.,0.));
#10946 = ( GEOMETRIC_REPRESENTATION_CONTEXT(2) 
PARAMETRIC_REPRESENTATION_CONTEXT() REPRESENTATION_CONTEXT('2D SPACE',''
  ) );
#10947 = PCURVE('',#9858,#10948);
#10948 = DEFINITIONAL_REPRESENTATION('',(#10949),#10953);
#10949 = LINE('',#10950,#10951);
#10950 = CARTESIAN_POINT('',(6.,0.));
#10951 = VECTOR('',#10952,1.);
#10952 = DIRECTION('',(0.,1.));
#10953 = ( GEOMETRIC_REPRESENTATION_CONTEXT(2) 
PARAMETRIC_REPRESENTATION_CONTEXT() REPRESENTATION_CONTEXT('2D SPACE',''
  ) );
#10954 = ORIENTED_EDGE('',*,*,#10748,.T.);
#10955 = FACE_BOUND('',#10956,.T.);
#10956 = EDGE_LOOP('',(#10957));
#10957 = ORIENTED_EDGE('',*,*,#10820,.T.);
#10958 = ADVANCED_FACE('',(#10959),#9858,.F.);
#10959 = FACE_BOUND('',#10960,.F.);
#10960 = EDGE_LOOP('',(#10961,#10962,#10963,#10964,#10965,#10966,#10967,
    #10968,#10969,#10970,#10971,#10972));
#10961 = ORIENTED_EDGE('',*,*,#9956,.F.);
#10962 = ORIENTED_EDGE('',*,*,#9835,.T.);
#10963 = ORIENTED_EDGE('',*,*,#10934,.T.);
#10964 = ORIENTED_EDGE('',*,*,#10725,.T.);
#10965 = ORIENTED_EDGE('',*,*,#10700,.T.);
#10966 = ORIENTED_EDGE('',*,*,#10603,.T.);
#10967 = ORIENTED_EDGE('',*,*,#10547,.F.);
#10968 = ORIENTED_EDGE('',*,*,#10416,.F.);
#10969 = ORIENTED_EDGE('',*,*,#10390,.T.);
#10970 = ORIENTED_EDGE('',*,*,#10263,.F.);
#10971 = ORIENTED_EDGE('',*,*,#10213,.T.);
#10972 = ORIENTED_EDGE('',*,*,#10850,.F.);
#10973 = ( GEOMETRIC_REPRESENTATION_CONTEXT(3) 
GLOBAL_UNCERTAINTY_ASSIGNED_CONTEXT((#10977)) 
GLOBAL_UNIT_ASSIGNED_CONTEXT((#10974,#10975,#10976)) 
REPRESENTATION_CONTEXT('Context #1',
  '3D Context with UNIT and UNCERTAINTY') );
#10974 = ( LENGTH_UNIT() NAMED_UNIT(*) SI_UNIT(.MILLI.,.METRE.) );
#10975 = ( NAMED_UNIT(*) PLANE_ANGLE_UNIT() SI_UNIT($,.RADIAN.) );
#10976 = ( NAMED_UNIT(*) SI_UNIT($,.STERADIAN.) SOLID_ANGLE_UNIT() );
#10977 = UNCERTAINTY_MEASURE_WITH_UNIT(LENGTH_MEASURE(1.E-07),#10974,
  'distance_accuracy_value','confusion accuracy');
#10978 = CONTEXT_DEPENDENT_SHAPE_REPRESENTATION(#10979,#10981);
#10979 = ( REPRESENTATION_RELATIONSHIP('','',#9828,#10) 
REPRESENTATION_RELATIONSHIP_WITH_TRANSFORMATION(#10980) 
SHAPE_REPRESENTATION_RELATIONSHIP() );
#10980 = ITEM_DEFINED_TRANSFORMATION('','',#11,#67);
#10981 = PRODUCT_DEFINITION_SHAPE('Placement','Placement of an item',
  #10982);
#10982 = NEXT_ASSEMBLY_USAGE_OCCURRENCE('83','U1_SHAT12_R','',#5,#9823,$
  );
#10983 = PRODUCT_RELATED_PRODUCT_CATEGORY('part',$,(#9825));
#10984 = SHAPE_DEFINITION_REPRESENTATION(#10985,#10991);
#10985 = PRODUCT_DEFINITION_SHAPE('','',#10986);
#10986 = PRODUCT_DEFINITION('design','',#10987,#10990);
#10987 = PRODUCT_DEFINITION_FORMATION('','',#10988);
#10988 = PRODUCT('U1_R_M5X16_1','U1_R_M5X16_1','',(#10989));
#10989 = PRODUCT_CONTEXT('',#2,'mechanical');
#10990 = PRODUCT_DEFINITION_CONTEXT('part definition',#2,'design');
#10991 = ADVANCED_BREP_SHAPE_REPRESENTATION('',(#11,#10992),#11180);
#10992 = MANIFOLD_SOLID_BREP('',#10993);
#10993 = CLOSED_SHELL('',(#10994,#11082,#11117,#11121,#11176));
#10994 = ADVANCED_FACE('',(#10995),#11009,.T.);
#10995 = FACE_BOUND('',#10996,.F.);
#10996 = EDGE_LOOP('',(#10997,#11027,#11054,#11055));
#10997 = ORIENTED_EDGE('',*,*,#10998,.T.);
#10998 = EDGE_CURVE('',#10999,#11001,#11003,.T.);
#10999 = VERTEX_POINT('',#11000);
#11000 = CARTESIAN_POINT('',(-20.,186.75,297.));
#11001 = VERTEX_POINT('',#11002);
#11002 = CARTESIAN_POINT('',(-20.,186.75,292.));
#11003 = SEAM_CURVE('',#11004,(#11008,#11020),.PCURVE_S1.);
#11004 = LINE('',#11005,#11006);
#11005 = CARTESIAN_POINT('',(-20.,186.75,297.));
#11006 = VECTOR('',#11007,1.);
#11007 = DIRECTION('',(-1.224646799147E-16,-1.359631073447E-32,-1.));
#11008 = PCURVE('',#11009,#11014);
#11009 = CYLINDRICAL_SURFACE('',#11010,4.25);
#11010 = AXIS2_PLACEMENT_3D('',#11011,#11012,#11013);
#11011 = CARTESIAN_POINT('',(-20.,191.,297.));
#11012 = DIRECTION('',(1.224646799147E-16,1.359631073447E-32,1.));
#11013 = DIRECTION('',(1.110223024625E-16,-1.,0.));
#11014 = DEFINITIONAL_REPRESENTATION('',(#11015),#11019);
#11015 = LINE('',#11016,#11017);
#11016 = CARTESIAN_POINT('',(-0.,0.));
#11017 = VECTOR('',#11018,1.);
#11018 = DIRECTION('',(-0.,-1.));
#11019 = ( GEOMETRIC_REPRESENTATION_CONTEXT(2) 
PARAMETRIC_REPRESENTATION_CONTEXT() REPRESENTATION_CONTEXT('2D SPACE',''
  ) );
#11020 = PCURVE('',#11009,#11021);
#11021 = DEFINITIONAL_REPRESENTATION('',(#11022),#11026);
#11022 = LINE('',#11023,#11024);
#11023 = CARTESIAN_POINT('',(-6.28318530718,0.));
#11024 = VECTOR('',#11025,1.);
#11025 = DIRECTION('',(-0.,-1.));
#11026 = ( GEOMETRIC_REPRESENTATION_CONTEXT(2) 
PARAMETRIC_REPRESENTATION_CONTEXT() REPRESENTATION_CONTEXT('2D SPACE',''
  ) );
#11027 = ORIENTED_EDGE('',*,*,#11028,.T.);
#11028 = EDGE_CURVE('',#11001,#11001,#11029,.T.);
#11029 = SURFACE_CURVE('',#11030,(#11035,#11042),.PCURVE_S1.);
#11030 = CIRCLE('',#11031,4.25);
#11031 = AXIS2_PLACEMENT_3D('',#11032,#11033,#11034);
#11032 = CARTESIAN_POINT('',(-20.,191.,292.));
#11033 = DIRECTION('',(-1.224646799147E-16,-1.359631073447E-32,-1.));
#11034 = DIRECTION('',(1.110223024625E-16,-1.,0.));
#11035 = PCURVE('',#11009,#11036);
#11036 = DEFINITIONAL_REPRESENTATION('',(#11037),#11041);
#11037 = LINE('',#11038,#11039);
#11038 = CARTESIAN_POINT('',(-0.,-5.));
#11039 = VECTOR('',#11040,1.);
#11040 = DIRECTION('',(-1.,0.));
#11041 = ( GEOMETRIC_REPRESENTATION_CONTEXT(2) 
PARAMETRIC_REPRESENTATION_CONTEXT() REPRESENTATION_CONTEXT('2D SPACE',''
  ) );
#11042 = PCURVE('',#11043,#11048);
#11043 = PLANE('',#11044);
#11044 = AXIS2_PLACEMENT_3D('',#11045,#11046,#11047);
#11045 = CARTESIAN_POINT('',(-20.,191.,292.));
#11046 = DIRECTION('',(-1.224646799147E-16,-1.359631073447E-32,-1.));
#11047 = DIRECTION('',(1.110223024625E-16,-1.,0.));
#11048 = DEFINITIONAL_REPRESENTATION('',(#11049),#11053);
#11049 = CIRCLE('',#11050,4.25);
#11050 = AXIS2_PLACEMENT_2D('',#11051,#11052);
#11051 = CARTESIAN_POINT('',(0.,0.));
#11052 = DIRECTION('',(1.,0.));
#11053 = ( GEOMETRIC_REPRESENTATION_CONTEXT(2) 
PARAMETRIC_REPRESENTATION_CONTEXT() REPRESENTATION_CONTEXT('2D SPACE',''
  ) );
#11054 = ORIENTED_EDGE('',*,*,#10998,.F.);
#11055 = ORIENTED_EDGE('',*,*,#11056,.F.);
#11056 = EDGE_CURVE('',#10999,#10999,#11057,.T.);
#11057 = SURFACE_CURVE('',#11058,(#11063,#11070),.PCURVE_S1.);
#11058 = CIRCLE('',#11059,4.25);
#11059 = AXIS2_PLACEMENT_3D('',#11060,#11061,#11062);
#11060 = CARTESIAN_POINT('',(-20.,191.,297.));
#11061 = DIRECTION('',(-1.224646799147E-16,-1.359631073447E-32,-1.));
#11062 = DIRECTION('',(1.110223024625E-16,-1.,0.));
#11063 = PCURVE('',#11009,#11064);
#11064 = DEFINITIONAL_REPRESENTATION('',(#11065),#11069);
#11065 = LINE('',#11066,#11067);
#11066 = CARTESIAN_POINT('',(-0.,0.));
#11067 = VECTOR('',#11068,1.);
#11068 = DIRECTION('',(-1.,0.));
#11069 = ( GEOMETRIC_REPRESENTATION_CONTEXT(2) 
PARAMETRIC_REPRESENTATION_CONTEXT() REPRESENTATION_CONTEXT('2D SPACE',''
  ) );
#11070 = PCURVE('',#11071,#11076);
#11071 = PLANE('',#11072);
#11072 = AXIS2_PLACEMENT_3D('',#11073,#11074,#11075);
#11073 = CARTESIAN_POINT('',(-20.,191.,297.));
#11074 = DIRECTION('',(-1.224646799147E-16,-1.359631073447E-32,-1.));
#11075 = DIRECTION('',(1.110223024625E-16,-1.,0.));
#11076 = DEFINITIONAL_REPRESENTATION('',(#11077),#11081);
#11077 = CIRCLE('',#11078,4.25);
#11078 = AXIS2_PLACEMENT_2D('',#11079,#11080);
#11079 = CARTESIAN_POINT('',(0.,0.));
#11080 = DIRECTION('',(1.,0.));
#11081 = ( GEOMETRIC_REPRESENTATION_CONTEXT(2) 
PARAMETRIC_REPRESENTATION_CONTEXT() REPRESENTATION_CONTEXT('2D SPACE',''
  ) );
#11082 = ADVANCED_FACE('',(#11083,#11086),#11071,.F.);
#11083 = FACE_BOUND('',#11084,.F.);
#11084 = EDGE_LOOP('',(#11085));
#11085 = ORIENTED_EDGE('',*,*,#11056,.T.);
#11086 = FACE_BOUND('',#11087,.F.);
#11087 = EDGE_LOOP('',(#11088));
#11088 = ORIENTED_EDGE('',*,*,#11089,.F.);
#11089 = EDGE_CURVE('',#11090,#11090,#11092,.T.);
#11090 = VERTEX_POINT('',#11091);
#11091 = CARTESIAN_POINT('',(-20.,188.55,297.));
#11092 = SURFACE_CURVE('',#11093,(#11098,#11105),.PCURVE_S1.);
#11093 = CIRCLE('',#11094,2.45);
#11094 = AXIS2_PLACEMENT_3D('',#11095,#11096,#11097);
#11095 = CARTESIAN_POINT('',(-20.,191.,297.));
#11096 = DIRECTION('',(-1.224646799147E-16,-1.359631073447E-32,-1.));
#11097 = DIRECTION('',(1.110223024625E-16,-1.,0.));
#11098 = PCURVE('',#11071,#11099);
#11099 = DEFINITIONAL_REPRESENTATION('',(#11100),#11104);
#11100 = CIRCLE('',#11101,2.45);
#11101 = AXIS2_PLACEMENT_2D('',#11102,#11103);
#11102 = CARTESIAN_POINT('',(0.,0.));
#11103 = DIRECTION('',(1.,0.));
#11104 = ( GEOMETRIC_REPRESENTATION_CONTEXT(2) 
PARAMETRIC_REPRESENTATION_CONTEXT() REPRESENTATION_CONTEXT('2D SPACE',''
  ) );
#11105 = PCURVE('',#11106,#11111);
#11106 = CYLINDRICAL_SURFACE('',#11107,2.45);
#11107 = AXIS2_PLACEMENT_3D('',#11108,#11109,#11110);
#11108 = CARTESIAN_POINT('',(-20.,191.,313.));
#11109 = DIRECTION('',(1.224646799147E-16,1.359631073447E-32,1.));
#11110 = DIRECTION('',(1.110223024625E-16,-1.,0.));
#11111 = DEFINITIONAL_REPRESENTATION('',(#11112),#11116);
#11112 = LINE('',#11113,#11114);
#11113 = CARTESIAN_POINT('',(-0.,-16.));
#11114 = VECTOR('',#11115,1.);
#11115 = DIRECTION('',(-1.,0.));
#11116 = ( GEOMETRIC_REPRESENTATION_CONTEXT(2) 
PARAMETRIC_REPRESENTATION_CONTEXT() REPRESENTATION_CONTEXT('2D SPACE',''
  ) );
#11117 = ADVANCED_FACE('',(#11118),#11043,.T.);
#11118 = FACE_BOUND('',#11119,.T.);
#11119 = EDGE_LOOP('',(#11120));
#11120 = ORIENTED_EDGE('',*,*,#11028,.T.);
#11121 = ADVANCED_FACE('',(#11122),#11106,.T.);
#11122 = FACE_BOUND('',#11123,.F.);
#11123 = EDGE_LOOP('',(#11124,#11147,#11148,#11149));
#11124 = ORIENTED_EDGE('',*,*,#11125,.T.);
#11125 = EDGE_CURVE('',#11126,#11090,#11128,.T.);
#11126 = VERTEX_POINT('',#11127);
#11127 = CARTESIAN_POINT('',(-20.,188.55,313.));
#11128 = SEAM_CURVE('',#11129,(#11133,#11140),.PCURVE_S1.);
#11129 = LINE('',#11130,#11131);
#11130 = CARTESIAN_POINT('',(-20.,188.55,313.));
#11131 = VECTOR('',#11132,1.);
#11132 = DIRECTION('',(-1.224646799147E-16,-1.359631073447E-32,-1.));
#11133 = PCURVE('',#11106,#11134);
#11134 = DEFINITIONAL_REPRESENTATION('',(#11135),#11139);
#11135 = LINE('',#11136,#11137);
#11136 = CARTESIAN_POINT('',(-0.,0.));
#11137 = VECTOR('',#11138,1.);
#11138 = DIRECTION('',(-0.,-1.));
#11139 = ( GEOMETRIC_REPRESENTATION_CONTEXT(2) 
PARAMETRIC_REPRESENTATION_CONTEXT() REPRESENTATION_CONTEXT('2D SPACE',''
  ) );
#11140 = PCURVE('',#11106,#11141);
#11141 = DEFINITIONAL_REPRESENTATION('',(#11142),#11146);
#11142 = LINE('',#11143,#11144);
#11143 = CARTESIAN_POINT('',(-6.28318530718,0.));
#11144 = VECTOR('',#11145,1.);
#11145 = DIRECTION('',(-0.,-1.));
#11146 = ( GEOMETRIC_REPRESENTATION_CONTEXT(2) 
PARAMETRIC_REPRESENTATION_CONTEXT() REPRESENTATION_CONTEXT('2D SPACE',''
  ) );
#11147 = ORIENTED_EDGE('',*,*,#11089,.T.);
#11148 = ORIENTED_EDGE('',*,*,#11125,.F.);
#11149 = ORIENTED_EDGE('',*,*,#11150,.F.);
#11150 = EDGE_CURVE('',#11126,#11126,#11151,.T.);
#11151 = SURFACE_CURVE('',#11152,(#11157,#11164),.PCURVE_S1.);
#11152 = CIRCLE('',#11153,2.45);
#11153 = AXIS2_PLACEMENT_3D('',#11154,#11155,#11156);
#11154 = CARTESIAN_POINT('',(-20.,191.,313.));
#11155 = DIRECTION('',(-1.224646799147E-16,-1.359631073447E-32,-1.));
#11156 = DIRECTION('',(1.110223024625E-16,-1.,0.));
#11157 = PCURVE('',#11106,#11158);
#11158 = DEFINITIONAL_REPRESENTATION('',(#11159),#11163);
#11159 = LINE('',#11160,#11161);
#11160 = CARTESIAN_POINT('',(-0.,0.));
#11161 = VECTOR('',#11162,1.);
#11162 = DIRECTION('',(-1.,0.));
#11163 = ( GEOMETRIC_REPRESENTATION_CONTEXT(2) 
PARAMETRIC_REPRESENTATION_CONTEXT() REPRESENTATION_CONTEXT('2D SPACE',''
  ) );
#11164 = PCURVE('',#11165,#11170);
#11165 = PLANE('',#11166);
#11166 = AXIS2_PLACEMENT_3D('',#11167,#11168,#11169);
#11167 = CARTESIAN_POINT('',(-20.,191.,313.));
#11168 = DIRECTION('',(-1.224646799147E-16,-1.359631073447E-32,-1.));
#11169 = DIRECTION('',(1.110223024625E-16,-1.,0.));
#11170 = DEFINITIONAL_REPRESENTATION('',(#11171),#11175);
#11171 = CIRCLE('',#11172,2.45);
#11172 = AXIS2_PLACEMENT_2D('',#11173,#11174);
#11173 = CARTESIAN_POINT('',(0.,0.));
#11174 = DIRECTION('',(1.,0.));
#11175 = ( GEOMETRIC_REPRESENTATION_CONTEXT(2) 
PARAMETRIC_REPRESENTATION_CONTEXT() REPRESENTATION_CONTEXT('2D SPACE',''
  ) );
#11176 = ADVANCED_FACE('',(#11177),#11165,.F.);
#11177 = FACE_BOUND('',#11178,.F.);
#11178 = EDGE_LOOP('',(#11179));
#11179 = ORIENTED_EDGE('',*,*,#11150,.T.);
#11180 = ( GEOMETRIC_REPRESENTATION_CONTEXT(3) 
GLOBAL_UNCERTAINTY_ASSIGNED_CONTEXT((#11184)) 
GLOBAL_UNIT_ASSIGNED_CONTEXT((#11181,#11182,#11183)) 
REPRESENTATION_CONTEXT('Context #1',
  '3D Context with UNIT and UNCERTAINTY') );
#11181 = ( LENGTH_UNIT() NAMED_UNIT(*) SI_UNIT(.MILLI.,.METRE.) );
#11182 = ( NAMED_UNIT(*) PLANE_ANGLE_UNIT() SI_UNIT($,.RADIAN.) );
#11183 = ( NAMED_UNIT(*) SI_UNIT($,.STERADIAN.) SOLID_ANGLE_UNIT() );
#11184 = UNCERTAINTY_MEASURE_WITH_UNIT(LENGTH_MEASURE(1.E-07),#11181,
  'distance_accuracy_value','confusion accuracy');
#11185 = CONTEXT_DEPENDENT_SHAPE_REPRESENTATION(#11186,#11188);
#11186 = ( REPRESENTATION_RELATIONSHIP('','',#10991,#10) 
REPRESENTATION_RELATIONSHIP_WITH_TRANSFORMATION(#11187) 
SHAPE_REPRESENTATION_RELATIONSHIP() );
#11187 = ITEM_DEFINED_TRANSFORMATION('','',#11,#71);
#11188 = PRODUCT_DEFINITION_SHAPE('Placement','Placement of an item',
  #11189);
#11189 = NEXT_ASSEMBLY_USAGE_OCCURRENCE('84','U1_R_M5X16_1','',#5,#10986
  ,$);
#11190 = PRODUCT_RELATED_PRODUCT_CATEGORY('part',$,(#10988));
#11191 = SHAPE_DEFINITION_REPRESENTATION(#11192,#11198);
#11192 = PRODUCT_DEFINITION_SHAPE('','',#11193);
#11193 = PRODUCT_DEFINITION('design','',#11194,#11197);
#11194 = PRODUCT_DEFINITION_FORMATION('','',#11195);
#11195 = PRODUCT('U1_R_W5_1','U1_R_W5_1','',(#11196));
#11196 = PRODUCT_CONTEXT('',#2,'mechanical');
#11197 = PRODUCT_DEFINITION_CONTEXT('part definition',#2,'design');
#11198 = ADVANCED_BREP_SHAPE_REPRESENTATION('',(#11,#11199),#11491);
#11199 = MANIFOLD_SOLID_BREP('',#11200);
#11200 = CLOSED_SHELL('',(#11201,#11289,#11344,#11379,#11414,#11464));
#11201 = ADVANCED_FACE('',(#11202),#11216,.T.);
#11202 = FACE_BOUND('',#11203,.F.);
#11203 = EDGE_LOOP('',(#11204,#11234,#11261,#11262));
#11204 = ORIENTED_EDGE('',*,*,#11205,.T.);
#11205 = EDGE_CURVE('',#11206,#11208,#11210,.T.);
#11206 = VERTEX_POINT('',#11207);
#11207 = CARTESIAN_POINT('',(-20.,186.5,297.5));
#11208 = VERTEX_POINT('',#11209);
#11209 = CARTESIAN_POINT('',(-20.,186.5,297.));
#11210 = SEAM_CURVE('',#11211,(#11215,#11227),.PCURVE_S1.);
#11211 = LINE('',#11212,#11213);
#11212 = CARTESIAN_POINT('',(-20.,186.5,297.5));
#11213 = VECTOR('',#11214,1.);
#11214 = DIRECTION('',(-1.224646799147E-16,-1.359631073447E-32,-1.));
#11215 = PCURVE('',#11216,#11221);
#11216 = CYLINDRICAL_SURFACE('',#11217,4.5);
#11217 = AXIS2_PLACEMENT_3D('',#11218,#11219,#11220);
#11218 = CARTESIAN_POINT('',(-20.,191.,297.5));
#11219 = DIRECTION('',(1.224646799147E-16,1.359631073447E-32,1.));
#11220 = DIRECTION('',(1.110223024625E-16,-1.,0.));
#11221 = DEFINITIONAL_REPRESENTATION('',(#11222),#11226);
#11222 = LINE('',#11223,#11224);
#11223 = CARTESIAN_POINT('',(-0.,0.));
#11224 = VECTOR('',#11225,1.);
#11225 = DIRECTION('',(-0.,-1.));
#11226 = ( GEOMETRIC_REPRESENTATION_CONTEXT(2) 
PARAMETRIC_REPRESENTATION_CONTEXT() REPRESENTATION_CONTEXT('2D SPACE',''
  ) );
#11227 = PCURVE('',#11216,#11228);
#11228 = DEFINITIONAL_REPRESENTATION('',(#11229),#11233);
#11229 = LINE('',#11230,#11231);
#11230 = CARTESIAN_POINT('',(-6.28318530718,0.));
#11231 = VECTOR('',#11232,1.);
#11232 = DIRECTION('',(-0.,-1.));
#11233 = ( GEOMETRIC_REPRESENTATION_CONTEXT(2) 
PARAMETRIC_REPRESENTATION_CONTEXT() REPRESENTATION_CONTEXT('2D SPACE',''
  ) );
#11234 = ORIENTED_EDGE('',*,*,#11235,.T.);
#11235 = EDGE_CURVE('',#11208,#11208,#11236,.T.);
#11236 = SURFACE_CURVE('',#11237,(#11242,#11249),.PCURVE_S1.);
#11237 = CIRCLE('',#11238,4.5);
#11238 = AXIS2_PLACEMENT_3D('',#11239,#11240,#11241);
#11239 = CARTESIAN_POINT('',(-20.,191.,297.));
#11240 = DIRECTION('',(-1.224646799147E-16,-1.359631073447E-32,-1.));
#11241 = DIRECTION('',(1.110223024625E-16,-1.,0.));
#11242 = PCURVE('',#11216,#11243);
#11243 = DEFINITIONAL_REPRESENTATION('',(#11244),#11248);
#11244 = LINE('',#11245,#11246);
#11245 = CARTESIAN_POINT('',(-0.,-0.5));
#11246 = VECTOR('',#11247,1.);
#11247 = DIRECTION('',(-1.,0.));
#11248 = ( GEOMETRIC_REPRESENTATION_CONTEXT(2) 
PARAMETRIC_REPRESENTATION_CONTEXT() REPRESENTATION_CONTEXT('2D SPACE',''
  ) );
#11249 = PCURVE('',#11250,#11255);
#11250 = PLANE('',#11251);
#11251 = AXIS2_PLACEMENT_3D('',#11252,#11253,#11254);
#11252 = CARTESIAN_POINT('',(-20.,191.,297.));
#11253 = DIRECTION('',(-1.224646799147E-16,-1.359631073447E-32,-1.));
#11254 = DIRECTION('',(1.110223024625E-16,-1.,0.));
#11255 = DEFINITIONAL_REPRESENTATION('',(#11256),#11260);
#11256 = CIRCLE('',#11257,4.5);
#11257 = AXIS2_PLACEMENT_2D('',#11258,#11259);
#11258 = CARTESIAN_POINT('',(0.,0.));
#11259 = DIRECTION('',(1.,0.));
#11260 = ( GEOMETRIC_REPRESENTATION_CONTEXT(2) 
PARAMETRIC_REPRESENTATION_CONTEXT() REPRESENTATION_CONTEXT('2D SPACE',''
  ) );
#11261 = ORIENTED_EDGE('',*,*,#11205,.F.);
#11262 = ORIENTED_EDGE('',*,*,#11263,.F.);
#11263 = EDGE_CURVE('',#11206,#11206,#11264,.T.);
#11264 = SURFACE_CURVE('',#11265,(#11270,#11277),.PCURVE_S1.);
#11265 = CIRCLE('',#11266,4.5);
#11266 = AXIS2_PLACEMENT_3D('',#11267,#11268,#11269);
#11267 = CARTESIAN_POINT('',(-20.,191.,297.5));
#11268 = DIRECTION('',(-1.224646799147E-16,-1.359631073447E-32,-1.));
#11269 = DIRECTION('',(1.110223024625E-16,-1.,0.));
#11270 = PCURVE('',#11216,#11271);
#11271 = DEFINITIONAL_REPRESENTATION('',(#11272),#11276);
#11272 = LINE('',#11273,#11274);
#11273 = CARTESIAN_POINT('',(-0.,0.));
#11274 = VECTOR('',#11275,1.);
#11275 = DIRECTION('',(-1.,0.));
#11276 = ( GEOMETRIC_REPRESENTATION_CONTEXT(2) 
PARAMETRIC_REPRESENTATION_CONTEXT() REPRESENTATION_CONTEXT('2D SPACE',''
  ) );
#11277 = PCURVE('',#11278,#11283);
#11278 = CYLINDRICAL_SURFACE('',#11279,4.5);
#11279 = AXIS2_PLACEMENT_3D('',#11280,#11281,#11282);
#11280 = CARTESIAN_POINT('',(-20.,191.,297.5));
#11281 = DIRECTION('',(-1.224646799147E-16,-1.359631073447E-32,-1.));
#11282 = DIRECTION('',(1.110223024625E-16,-1.,0.));
#11283 = DEFINITIONAL_REPRESENTATION('',(#11284),#11288);
#11284 = LINE('',#11285,#11286);
#11285 = CARTESIAN_POINT('',(0.,0.));
#11286 = VECTOR('',#11287,1.);
#11287 = DIRECTION('',(1.,0.));
#11288 = ( GEOMETRIC_REPRESENTATION_CONTEXT(2) 
PARAMETRIC_REPRESENTATION_CONTEXT() REPRESENTATION_CONTEXT('2D SPACE',''
  ) );
#11289 = ADVANCED_FACE('',(#11290),#11278,.T.);
#11290 = FACE_BOUND('',#11291,.T.);
#11291 = EDGE_LOOP('',(#11292,#11315,#11342,#11343));
#11292 = ORIENTED_EDGE('',*,*,#11293,.T.);
#11293 = EDGE_CURVE('',#11206,#11294,#11296,.T.);
#11294 = VERTEX_POINT('',#11295);
#11295 = CARTESIAN_POINT('',(-20.,186.5,298.));
#11296 = SEAM_CURVE('',#11297,(#11301,#11308),.PCURVE_S1.);
#11297 = LINE('',#11298,#11299);
#11298 = CARTESIAN_POINT('',(-20.,186.5,297.5));
#11299 = VECTOR('',#11300,1.);
#11300 = DIRECTION('',(1.224646799147E-16,1.359631073447E-32,1.));
#11301 = PCURVE('',#11278,#11302);
#11302 = DEFINITIONAL_REPRESENTATION('',(#11303),#11307);
#11303 = LINE('',#11304,#11305);
#11304 = CARTESIAN_POINT('',(0.,0.));
#11305 = VECTOR('',#11306,1.);
#11306 = DIRECTION('',(0.,-1.));
#11307 = ( GEOMETRIC_REPRESENTATION_CONTEXT(2) 
PARAMETRIC_REPRESENTATION_CONTEXT() REPRESENTATION_CONTEXT('2D SPACE',''
  ) );
#11308 = PCURVE('',#11278,#11309);
#11309 = DEFINITIONAL_REPRESENTATION('',(#11310),#11314);
#11310 = LINE('',#11311,#11312);
#11311 = CARTESIAN_POINT('',(6.28318530718,0.));
#11312 = VECTOR('',#11313,1.);
#11313 = DIRECTION('',(0.,-1.));
#11314 = ( GEOMETRIC_REPRESENTATION_CONTEXT(2) 
PARAMETRIC_REPRESENTATION_CONTEXT() REPRESENTATION_CONTEXT('2D SPACE',''
  ) );
#11315 = ORIENTED_EDGE('',*,*,#11316,.T.);
#11316 = EDGE_CURVE('',#11294,#11294,#11317,.T.);
#11317 = SURFACE_CURVE('',#11318,(#11323,#11330),.PCURVE_S1.);
#11318 = CIRCLE('',#11319,4.5);
#11319 = AXIS2_PLACEMENT_3D('',#11320,#11321,#11322);
#11320 = CARTESIAN_POINT('',(-20.,191.,298.));
#11321 = DIRECTION('',(-1.224646799147E-16,-1.359631073447E-32,-1.));
#11322 = DIRECTION('',(1.110223024625E-16,-1.,0.));
#11323 = PCURVE('',#11278,#11324);
#11324 = DEFINITIONAL_REPRESENTATION('',(#11325),#11329);
#11325 = LINE('',#11326,#11327);
#11326 = CARTESIAN_POINT('',(0.,-0.5));
#11327 = VECTOR('',#11328,1.);
#11328 = DIRECTION('',(1.,0.));
#11329 = ( GEOMETRIC_REPRESENTATION_CONTEXT(2) 
PARAMETRIC_REPRESENTATION_CONTEXT() REPRESENTATION_CONTEXT('2D SPACE',''
  ) );
#11330 = PCURVE('',#11331,#11336);
#11331 = PLANE('',#11332);
#11332 = AXIS2_PLACEMENT_3D('',#11333,#11334,#11335);
#11333 = CARTESIAN_POINT('',(-20.,191.,298.));
#11334 = DIRECTION('',(-1.224646799147E-16,-1.359631073447E-32,-1.));
#11335 = DIRECTION('',(1.110223024625E-16,-1.,0.));
#11336 = DEFINITIONAL_REPRESENTATION('',(#11337),#11341);
#11337 = CIRCLE('',#11338,4.5);
#11338 = AXIS2_PLACEMENT_2D('',#11339,#11340);
#11339 = CARTESIAN_POINT('',(0.,0.));
#11340 = DIRECTION('',(1.,0.));
#11341 = ( GEOMETRIC_REPRESENTATION_CONTEXT(2) 
PARAMETRIC_REPRESENTATION_CONTEXT() REPRESENTATION_CONTEXT('2D SPACE',''
  ) );
#11342 = ORIENTED_EDGE('',*,*,#11293,.F.);
#11343 = ORIENTED_EDGE('',*,*,#11263,.F.);
#11344 = ADVANCED_FACE('',(#11345,#11348),#11250,.T.);
#11345 = FACE_BOUND('',#11346,.T.);
#11346 = EDGE_LOOP('',(#11347));
#11347 = ORIENTED_EDGE('',*,*,#11235,.T.);
#11348 = FACE_BOUND('',#11349,.T.);
#11349 = EDGE_LOOP('',(#11350));
#11350 = ORIENTED_EDGE('',*,*,#11351,.F.);
#11351 = EDGE_CURVE('',#11352,#11352,#11354,.T.);
#11352 = VERTEX_POINT('',#11353);
#11353 = CARTESIAN_POINT('',(-20.,188.35,297.));
#11354 = SURFACE_CURVE('',#11355,(#11360,#11367),.PCURVE_S1.);
#11355 = CIRCLE('',#11356,2.65);
#11356 = AXIS2_PLACEMENT_3D('',#11357,#11358,#11359);
#11357 = CARTESIAN_POINT('',(-20.,191.,297.));
#11358 = DIRECTION('',(-1.224646799147E-16,-1.359631073447E-32,-1.));
#11359 = DIRECTION('',(1.110223024625E-16,-1.,0.));
#11360 = PCURVE('',#11250,#11361);
#11361 = DEFINITIONAL_REPRESENTATION('',(#11362),#11366);
#11362 = CIRCLE('',#11363,2.65);
#11363 = AXIS2_PLACEMENT_2D('',#11364,#11365);
#11364 = CARTESIAN_POINT('',(2.84217094304E-14,-3.5527136788E-15));
#11365 = DIRECTION('',(1.,0.));
#11366 = ( GEOMETRIC_REPRESENTATION_CONTEXT(2) 
PARAMETRIC_REPRESENTATION_CONTEXT() REPRESENTATION_CONTEXT('2D SPACE',''
  ) );
#11367 = PCURVE('',#11368,#11373);
#11368 = CYLINDRICAL_SURFACE('',#11369,2.65);
#11369 = AXIS2_PLACEMENT_3D('',#11370,#11371,#11372);
#11370 = CARTESIAN_POINT('',(-20.,191.,297.5));
#11371 = DIRECTION('',(1.224646799147E-16,1.359631073447E-32,1.));
#11372 = DIRECTION('',(1.110223024625E-16,-1.,0.));
#11373 = DEFINITIONAL_REPRESENTATION('',(#11374),#11378);
#11374 = LINE('',#11375,#11376);
#11375 = CARTESIAN_POINT('',(-0.,-0.5));
#11376 = VECTOR('',#11377,1.);
#11377 = DIRECTION('',(-1.,0.));
#11378 = ( GEOMETRIC_REPRESENTATION_CONTEXT(2) 
PARAMETRIC_REPRESENTATION_CONTEXT() REPRESENTATION_CONTEXT('2D SPACE',''
  ) );
#11379 = ADVANCED_FACE('',(#11380,#11383),#11331,.F.);
#11380 = FACE_BOUND('',#11381,.F.);
#11381 = EDGE_LOOP('',(#11382));
#11382 = ORIENTED_EDGE('',*,*,#11316,.T.);
#11383 = FACE_BOUND('',#11384,.F.);
#11384 = EDGE_LOOP('',(#11385));
#11385 = ORIENTED_EDGE('',*,*,#11386,.F.);
#11386 = EDGE_CURVE('',#11387,#11387,#11389,.T.);
#11387 = VERTEX_POINT('',#11388);
#11388 = CARTESIAN_POINT('',(-20.,188.35,298.));
#11389 = SURFACE_CURVE('',#11390,(#11395,#11402),.PCURVE_S1.);
#11390 = CIRCLE('',#11391,2.65);
#11391 = AXIS2_PLACEMENT_3D('',#11392,#11393,#11394);
#11392 = CARTESIAN_POINT('',(-20.,191.,298.));
#11393 = DIRECTION('',(-1.224646799147E-16,-1.359631073447E-32,-1.));
#11394 = DIRECTION('',(1.110223024625E-16,-1.,0.));
#11395 = PCURVE('',#11331,#11396);
#11396 = DEFINITIONAL_REPRESENTATION('',(#11397),#11401);
#11397 = CIRCLE('',#11398,2.65);
#11398 = AXIS2_PLACEMENT_2D('',#11399,#11400);
#11399 = CARTESIAN_POINT('',(2.84217094304E-14,-3.5527136788E-15));
#11400 = DIRECTION('',(1.,0.));
#11401 = ( GEOMETRIC_REPRESENTATION_CONTEXT(2) 
PARAMETRIC_REPRESENTATION_CONTEXT() REPRESENTATION_CONTEXT('2D SPACE',''
  ) );
#11402 = PCURVE('',#11403,#11408);
#11403 = CYLINDRICAL_SURFACE('',#11404,2.65);
#11404 = AXIS2_PLACEMENT_3D('',#11405,#11406,#11407);
#11405 = CARTESIAN_POINT('',(-20.,191.,297.5));
#11406 = DIRECTION('',(-1.224646799147E-16,-1.359631073447E-32,-1.));
#11407 = DIRECTION('',(1.110223024625E-16,-1.,0.));
#11408 = DEFINITIONAL_REPRESENTATION('',(#11409),#11413);
#11409 = LINE('',#11410,#11411);
#11410 = CARTESIAN_POINT('',(0.,-0.5));
#11411 = VECTOR('',#11412,1.);
#11412 = DIRECTION('',(1.,0.));
#11413 = ( GEOMETRIC_REPRESENTATION_CONTEXT(2) 
PARAMETRIC_REPRESENTATION_CONTEXT() REPRESENTATION_CONTEXT('2D SPACE',''
  ) );
#11414 = ADVANCED_FACE('',(#11415),#11368,.F.);
#11415 = FACE_BOUND('',#11416,.T.);
#11416 = EDGE_LOOP('',(#11417,#11440,#11441,#11442));
#11417 = ORIENTED_EDGE('',*,*,#11418,.T.);
#11418 = EDGE_CURVE('',#11419,#11352,#11421,.T.);
#11419 = VERTEX_POINT('',#11420);
#11420 = CARTESIAN_POINT('',(-20.,188.35,297.5));
#11421 = SEAM_CURVE('',#11422,(#11426,#11433),.PCURVE_S1.);
#11422 = LINE('',#11423,#11424);
#11423 = CARTESIAN_POINT('',(-20.,188.35,297.5));
#11424 = VECTOR('',#11425,1.);
#11425 = DIRECTION('',(-1.224646799147E-16,-1.359631073447E-32,-1.));
#11426 = PCURVE('',#11368,#11427);
#11427 = DEFINITIONAL_REPRESENTATION('',(#11428),#11432);
#11428 = LINE('',#11429,#11430);
#11429 = CARTESIAN_POINT('',(-0.,0.));
#11430 = VECTOR('',#11431,1.);
#11431 = DIRECTION('',(-0.,-1.));
#11432 = ( GEOMETRIC_REPRESENTATION_CONTEXT(2) 
PARAMETRIC_REPRESENTATION_CONTEXT() REPRESENTATION_CONTEXT('2D SPACE',''
  ) );
#11433 = PCURVE('',#11368,#11434);
#11434 = DEFINITIONAL_REPRESENTATION('',(#11435),#11439);
#11435 = LINE('',#11436,#11437);
#11436 = CARTESIAN_POINT('',(-6.28318530718,0.));
#11437 = VECTOR('',#11438,1.);
#11438 = DIRECTION('',(-0.,-1.));
#11439 = ( GEOMETRIC_REPRESENTATION_CONTEXT(2) 
PARAMETRIC_REPRESENTATION_CONTEXT() REPRESENTATION_CONTEXT('2D SPACE',''
  ) );
#11440 = ORIENTED_EDGE('',*,*,#11351,.T.);
#11441 = ORIENTED_EDGE('',*,*,#11418,.F.);
#11442 = ORIENTED_EDGE('',*,*,#11443,.F.);
#11443 = EDGE_CURVE('',#11419,#11419,#11444,.T.);
#11444 = SURFACE_CURVE('',#11445,(#11450,#11457),.PCURVE_S1.);
#11445 = CIRCLE('',#11446,2.65);
#11446 = AXIS2_PLACEMENT_3D('',#11447,#11448,#11449);
#11447 = CARTESIAN_POINT('',(-20.,191.,297.5));
#11448 = DIRECTION('',(-1.224646799147E-16,-1.359631073447E-32,-1.));
#11449 = DIRECTION('',(1.110223024625E-16,-1.,0.));
#11450 = PCURVE('',#11368,#11451);
#11451 = DEFINITIONAL_REPRESENTATION('',(#11452),#11456);
#11452 = LINE('',#11453,#11454);
#11453 = CARTESIAN_POINT('',(-0.,0.));
#11454 = VECTOR('',#11455,1.);
#11455 = DIRECTION('',(-1.,0.));
#11456 = ( GEOMETRIC_REPRESENTATION_CONTEXT(2) 
PARAMETRIC_REPRESENTATION_CONTEXT() REPRESENTATION_CONTEXT('2D SPACE',''
  ) );
#11457 = PCURVE('',#11403,#11458);
#11458 = DEFINITIONAL_REPRESENTATION('',(#11459),#11463);
#11459 = LINE('',#11460,#11461);
#11460 = CARTESIAN_POINT('',(0.,0.));
#11461 = VECTOR('',#11462,1.);
#11462 = DIRECTION('',(1.,0.));
#11463 = ( GEOMETRIC_REPRESENTATION_CONTEXT(2) 
PARAMETRIC_REPRESENTATION_CONTEXT() REPRESENTATION_CONTEXT('2D SPACE',''
  ) );
#11464 = ADVANCED_FACE('',(#11465),#11403,.F.);
#11465 = FACE_BOUND('',#11466,.F.);
#11466 = EDGE_LOOP('',(#11467,#11488,#11489,#11490));
#11467 = ORIENTED_EDGE('',*,*,#11468,.T.);
#11468 = EDGE_CURVE('',#11419,#11387,#11469,.T.);
#11469 = SEAM_CURVE('',#11470,(#11474,#11481),.PCURVE_S1.);
#11470 = LINE('',#11471,#11472);
#11471 = CARTESIAN_POINT('',(-20.,188.35,297.5));
#11472 = VECTOR('',#11473,1.);
#11473 = DIRECTION('',(1.224646799147E-16,1.359631073447E-32,1.));
#11474 = PCURVE('',#11403,#11475);
#11475 = DEFINITIONAL_REPRESENTATION('',(#11476),#11480);
#11476 = LINE('',#11477,#11478);
#11477 = CARTESIAN_POINT('',(0.,0.));
#11478 = VECTOR('',#11479,1.);
#11479 = DIRECTION('',(0.,-1.));
#11480 = ( GEOMETRIC_REPRESENTATION_CONTEXT(2) 
PARAMETRIC_REPRESENTATION_CONTEXT() REPRESENTATION_CONTEXT('2D SPACE',''
  ) );
#11481 = PCURVE('',#11403,#11482);
#11482 = DEFINITIONAL_REPRESENTATION('',(#11483),#11487);
#11483 = LINE('',#11484,#11485);
#11484 = CARTESIAN_POINT('',(6.28318530718,0.));
#11485 = VECTOR('',#11486,1.);
#11486 = DIRECTION('',(0.,-1.));
#11487 = ( GEOMETRIC_REPRESENTATION_CONTEXT(2) 
PARAMETRIC_REPRESENTATION_CONTEXT() REPRESENTATION_CONTEXT('2D SPACE',''
  ) );
#11488 = ORIENTED_EDGE('',*,*,#11386,.T.);
#11489 = ORIENTED_EDGE('',*,*,#11468,.F.);
#11490 = ORIENTED_EDGE('',*,*,#11443,.F.);
#11491 = ( GEOMETRIC_REPRESENTATION_CONTEXT(3) 
GLOBAL_UNCERTAINTY_ASSIGNED_CONTEXT((#11495)) 
GLOBAL_UNIT_ASSIGNED_CONTEXT((#11492,#11493,#11494)) 
REPRESENTATION_CONTEXT('Context #1',
  '3D Context with UNIT and UNCERTAINTY') );
#11492 = ( LENGTH_UNIT() NAMED_UNIT(*) SI_UNIT(.MILLI.,.METRE.) );
#11493 = ( NAMED_UNIT(*) PLANE_ANGLE_UNIT() SI_UNIT($,.RADIAN.) );
#11494 = ( NAMED_UNIT(*) SI_UNIT($,.STERADIAN.) SOLID_ANGLE_UNIT() );
#11495 = UNCERTAINTY_MEASURE_WITH_UNIT(LENGTH_MEASURE(1.E-07),#11492,
  'distance_accuracy_value','confusion accuracy');
#11496 = CONTEXT_DEPENDENT_SHAPE_REPRESENTATION(#11497,#11499);
#11497 = ( REPRESENTATION_RELATIONSHIP('','',#11198,#10) 
REPRESENTATION_RELATIONSHIP_WITH_TRANSFORMATION(#11498) 
SHAPE_REPRESENTATION_RELATIONSHIP() );
#11498 = ITEM_DEFINED_TRANSFORMATION('','',#11,#75);
#11499 = PRODUCT_DEFINITION_SHAPE('Placement','Placement of an item',
  #11500);
#11500 = NEXT_ASSEMBLY_USAGE_OCCURRENCE('85','U1_R_W5_1','',#5,#11193,$
  );
#11501 = PRODUCT_RELATED_PRODUCT_CATEGORY('part',$,(#11195));
#11502 = SHAPE_DEFINITION_REPRESENTATION(#11503,#11509);
#11503 = PRODUCT_DEFINITION_SHAPE('','',#11504);
#11504 = PRODUCT_DEFINITION('design','',#11505,#11508);
#11505 = PRODUCT_DEFINITION_FORMATION('','',#11506);
#11506 = PRODUCT('U1_R_HNTT8_5_1','U1_R_HNTT8_5_1','',(#11507));
#11507 = PRODUCT_CONTEXT('',#2,'mechanical');
#11508 = PRODUCT_DEFINITION_CONTEXT('part definition',#2,'design');
#11509 = ADVANCED_BREP_SHAPE_REPRESENTATION('',(#11,#11510),#12244);
#11510 = MANIFOLD_SOLID_BREP('',#11511);
#11511 = CLOSED_SHELL('',(#11512,#11744,#11820,#11869,#11940,#11989,
    #12051,#12126,#12153,#12210,#12217));
#11512 = ADVANCED_FACE('',(#11513),#11527,.F.);
#11513 = FACE_BOUND('',#11514,.F.);
#11514 = EDGE_LOOP('',(#11515,#11550,#11578,#11606,#11634,#11662,#11690,
    #11718));
#11515 = ORIENTED_EDGE('',*,*,#11516,.F.);
#11516 = EDGE_CURVE('',#11517,#11519,#11521,.T.);
#11517 = VERTEX_POINT('',#11518);
#11518 = CARTESIAN_POINT('',(-11.5,199.5,315.5));
#11519 = VERTEX_POINT('',#11520);
#11520 = CARTESIAN_POINT('',(-11.5,199.5,309.5));
#11521 = SURFACE_CURVE('',#11522,(#11526,#11538),.PCURVE_S1.);
#11522 = LINE('',#11523,#11524);
#11523 = CARTESIAN_POINT('',(-11.5,199.5,315.5));
#11524 = VECTOR('',#11525,1.);
#11525 = DIRECTION('',(-1.224646799147E-16,-1.359631073447E-32,-1.));
#11526 = PCURVE('',#11527,#11532);
#11527 = PLANE('',#11528);
#11528 = AXIS2_PLACEMENT_3D('',#11529,#11530,#11531);
#11529 = CARTESIAN_POINT('',(-11.5,199.5,315.5));
#11530 = DIRECTION('',(1.110223024625E-16,-1.,0.));
#11531 = DIRECTION('',(-1.224646799147E-16,-1.359631073447E-32,-1.));
#11532 = DEFINITIONAL_REPRESENTATION('',(#11533),#11537);
#11533 = LINE('',#11534,#11535);
#11534 = CARTESIAN_POINT('',(-0.,0.));
#11535 = VECTOR('',#11536,1.);
#11536 = DIRECTION('',(1.,0.));
#11537 = ( GEOMETRIC_REPRESENTATION_CONTEXT(2) 
PARAMETRIC_REPRESENTATION_CONTEXT() REPRESENTATION_CONTEXT('2D SPACE',''
  ) );
#11538 = PCURVE('',#11539,#11544);
#11539 = PLANE('',#11540);
#11540 = AXIS2_PLACEMENT_3D('',#11541,#11542,#11543);
#11541 = CARTESIAN_POINT('',(-11.5,199.5,315.5));
#11542 = DIRECTION('',(-1.,-1.110223024625E-16,1.224646799147E-16));
#11543 = DIRECTION('',(-1.224646799147E-16,-1.359631073447E-32,-1.));
#11544 = DEFINITIONAL_REPRESENTATION('',(#11545),#11549);
#11545 = LINE('',#11546,#11547);
#11546 = CARTESIAN_POINT('',(-0.,0.));
#11547 = VECTOR('',#11548,1.);
#11548 = DIRECTION('',(1.,0.));
#11549 = ( GEOMETRIC_REPRESENTATION_CONTEXT(2) 
PARAMETRIC_REPRESENTATION_CONTEXT() REPRESENTATION_CONTEXT('2D SPACE',''
  ) );
#11550 = ORIENTED_EDGE('',*,*,#11551,.T.);
#11551 = EDGE_CURVE('',#11517,#11552,#11554,.T.);
#11552 = VERTEX_POINT('',#11553);
#11553 = CARTESIAN_POINT('',(-28.5,199.5,315.5));
#11554 = SURFACE_CURVE('',#11555,(#11559,#11566),.PCURVE_S1.);
#11555 = LINE('',#11556,#11557);
#11556 = CARTESIAN_POINT('',(-11.5,199.5,315.5));
#11557 = VECTOR('',#11558,1.);
#11558 = DIRECTION('',(-1.,-1.110223024625E-16,1.224646799147E-16));
#11559 = PCURVE('',#11527,#11560);
#11560 = DEFINITIONAL_REPRESENTATION('',(#11561),#11565);
#11561 = LINE('',#11562,#11563);
#11562 = CARTESIAN_POINT('',(-0.,0.));
#11563 = VECTOR('',#11564,1.);
#11564 = DIRECTION('',(0.,-1.));
#11565 = ( GEOMETRIC_REPRESENTATION_CONTEXT(2) 
PARAMETRIC_REPRESENTATION_CONTEXT() REPRESENTATION_CONTEXT('2D SPACE',''
  ) );
#11566 = PCURVE('',#11567,#11572);
#11567 = PLANE('',#11568);
#11568 = AXIS2_PLACEMENT_3D('',#11569,#11570,#11571);
#11569 = CARTESIAN_POINT('',(-11.5,199.5,315.5));
#11570 = DIRECTION('',(-1.224646799147E-16,-1.359631073447E-32,-1.));
#11571 = DIRECTION('',(1.110223024625E-16,-1.,0.));
#11572 = DEFINITIONAL_REPRESENTATION('',(#11573),#11577);
#11573 = LINE('',#11574,#11575);
#11574 = CARTESIAN_POINT('',(0.,0.));
#11575 = VECTOR('',#11576,1.);
#11576 = DIRECTION('',(0.,1.));
#11577 = ( GEOMETRIC_REPRESENTATION_CONTEXT(2) 
PARAMETRIC_REPRESENTATION_CONTEXT() REPRESENTATION_CONTEXT('2D SPACE',''
  ) );
#11578 = ORIENTED_EDGE('',*,*,#11579,.T.);
#11579 = EDGE_CURVE('',#11552,#11580,#11582,.T.);
#11580 = VERTEX_POINT('',#11581);
#11581 = CARTESIAN_POINT('',(-28.5,199.5,309.5));
#11582 = SURFACE_CURVE('',#11583,(#11587,#11594),.PCURVE_S1.);
#11583 = LINE('',#11584,#11585);
#11584 = CARTESIAN_POINT('',(-28.5,199.5,315.5));
#11585 = VECTOR('',#11586,1.);
#11586 = DIRECTION('',(-1.224646799147E-16,-1.359631073447E-32,-1.));
#11587 = PCURVE('',#11527,#11588);
#11588 = DEFINITIONAL_REPRESENTATION('',(#11589),#11593);
#11589 = LINE('',#11590,#11591);
#11590 = CARTESIAN_POINT('',(2.081899558551E-15,-17.));
#11591 = VECTOR('',#11592,1.);
#11592 = DIRECTION('',(1.,0.));
#11593 = ( GEOMETRIC_REPRESENTATION_CONTEXT(2) 
PARAMETRIC_REPRESENTATION_CONTEXT() REPRESENTATION_CONTEXT('2D SPACE',''
  ) );
#11594 = PCURVE('',#11595,#11600);
#11595 = PLANE('',#11596);
#11596 = AXIS2_PLACEMENT_3D('',#11597,#11598,#11599);
#11597 = CARTESIAN_POINT('',(-28.5,199.5,315.5));
#11598 = DIRECTION('',(-1.,-1.110223024625E-16,1.224646799147E-16));
#11599 = DIRECTION('',(-1.224646799147E-16,-1.359631073447E-32,-1.));
#11600 = DEFINITIONAL_REPRESENTATION('',(#11601),#11605);
#11601 = LINE('',#11602,#11603);
#11602 = CARTESIAN_POINT('',(-0.,0.));
#11603 = VECTOR('',#11604,1.);
#11604 = DIRECTION('',(1.,0.));
#11605 = ( GEOMETRIC_REPRESENTATION_CONTEXT(2) 
PARAMETRIC_REPRESENTATION_CONTEXT() REPRESENTATION_CONTEXT('2D SPACE',''
  ) );
#11606 = ORIENTED_EDGE('',*,*,#11607,.F.);
#11607 = EDGE_CURVE('',#11608,#11580,#11610,.T.);
#11608 = VERTEX_POINT('',#11609);
#11609 = CARTESIAN_POINT('',(-24.9,199.5,309.5));
#11610 = SURFACE_CURVE('',#11611,(#11615,#11622),.PCURVE_S1.);
#11611 = LINE('',#11612,#11613);
#11612 = CARTESIAN_POINT('',(-11.5,199.5,309.5));
#11613 = VECTOR('',#11614,1.);
#11614 = DIRECTION('',(-1.,-1.110223024625E-16,1.224646799147E-16));
#11615 = PCURVE('',#11527,#11616);
#11616 = DEFINITIONAL_REPRESENTATION('',(#11617),#11621);
#11617 = LINE('',#11618,#11619);
#11618 = CARTESIAN_POINT('',(6.,7.347880794884E-16));
#11619 = VECTOR('',#11620,1.);
#11620 = DIRECTION('',(0.,-1.));
#11621 = ( GEOMETRIC_REPRESENTATION_CONTEXT(2) 
PARAMETRIC_REPRESENTATION_CONTEXT() REPRESENTATION_CONTEXT('2D SPACE',''
  ) );
#11622 = PCURVE('',#11623,#11628);
#11623 = PLANE('',#11624);
#11624 = AXIS2_PLACEMENT_3D('',#11625,#11626,#11627);
#11625 = CARTESIAN_POINT('',(-11.5,199.5,309.5));
#11626 = DIRECTION('',(-1.224646799147E-16,-1.359631073447E-32,-1.));
#11627 = DIRECTION('',(1.110223024625E-16,-1.,0.));
#11628 = DEFINITIONAL_REPRESENTATION('',(#11629),#11633);
#11629 = LINE('',#11630,#11631);
#11630 = CARTESIAN_POINT('',(0.,0.));
#11631 = VECTOR('',#11632,1.);
#11632 = DIRECTION('',(0.,1.));
#11633 = ( GEOMETRIC_REPRESENTATION_CONTEXT(2) 
PARAMETRIC_REPRESENTATION_CONTEXT() REPRESENTATION_CONTEXT('2D SPACE',''
  ) );
#11634 = ORIENTED_EDGE('',*,*,#11635,.T.);
#11635 = EDGE_CURVE('',#11608,#11636,#11638,.T.);
#11636 = VERTEX_POINT('',#11637);
#11637 = CARTESIAN_POINT('',(-24.9,199.5,306.5));
#11638 = SURFACE_CURVE('',#11639,(#11643,#11650),.PCURVE_S1.);
#11639 = LINE('',#11640,#11641);
#11640 = CARTESIAN_POINT('',(-24.9,199.5,309.5));
#11641 = VECTOR('',#11642,1.);
#11642 = DIRECTION('',(-1.224646799147E-16,-1.359631073447E-32,-1.));
#11643 = PCURVE('',#11527,#11644);
#11644 = DEFINITIONAL_REPRESENTATION('',(#11645),#11649);
#11645 = LINE('',#11646,#11647);
#11646 = CARTESIAN_POINT('',(6.,-13.4));
#11647 = VECTOR('',#11648,1.);
#11648 = DIRECTION('',(1.,0.));
#11649 = ( GEOMETRIC_REPRESENTATION_CONTEXT(2) 
PARAMETRIC_REPRESENTATION_CONTEXT() REPRESENTATION_CONTEXT('2D SPACE',''
  ) );
#11650 = PCURVE('',#11651,#11656);
#11651 = PLANE('',#11652);
#11652 = AXIS2_PLACEMENT_3D('',#11653,#11654,#11655);
#11653 = CARTESIAN_POINT('',(-24.9,199.5,309.5));
#11654 = DIRECTION('',(-1.,-1.110223024625E-16,1.224646799147E-16));
#11655 = DIRECTION('',(-1.224646799147E-16,-1.359631073447E-32,-1.));
#11656 = DEFINITIONAL_REPRESENTATION('',(#11657),#11661);
#11657 = LINE('',#11658,#11659);
#11658 = CARTESIAN_POINT('',(-0.,0.));
#11659 = VECTOR('',#11660,1.);
#11660 = DIRECTION('',(1.,0.));
#11661 = ( GEOMETRIC_REPRESENTATION_CONTEXT(2) 
PARAMETRIC_REPRESENTATION_CONTEXT() REPRESENTATION_CONTEXT('2D SPACE',''
  ) );
#11662 = ORIENTED_EDGE('',*,*,#11663,.F.);
#11663 = EDGE_CURVE('',#11664,#11636,#11666,.T.);
#11664 = VERTEX_POINT('',#11665);
#11665 = CARTESIAN_POINT('',(-15.1,199.5,306.5));
#11666 = SURFACE_CURVE('',#11667,(#11671,#11678),.PCURVE_S1.);
#11667 = LINE('',#11668,#11669);
#11668 = CARTESIAN_POINT('',(-15.1,199.5,306.5));
#11669 = VECTOR('',#11670,1.);
#11670 = DIRECTION('',(-1.,-1.110223024625E-16,1.224646799147E-16));
#11671 = PCURVE('',#11527,#11672);
#11672 = DEFINITIONAL_REPRESENTATION('',(#11673),#11677);
#11673 = LINE('',#11674,#11675);
#11674 = CARTESIAN_POINT('',(9.,-3.6));
#11675 = VECTOR('',#11676,1.);
#11676 = DIRECTION('',(0.,-1.));
#11677 = ( GEOMETRIC_REPRESENTATION_CONTEXT(2) 
PARAMETRIC_REPRESENTATION_CONTEXT() REPRESENTATION_CONTEXT('2D SPACE',''
  ) );
#11678 = PCURVE('',#11679,#11684);
#11679 = PLANE('',#11680);
#11680 = AXIS2_PLACEMENT_3D('',#11681,#11682,#11683);
#11681 = CARTESIAN_POINT('',(-15.1,199.5,306.5));
#11682 = DIRECTION('',(-1.224646799147E-16,-1.359631073447E-32,-1.));
#11683 = DIRECTION('',(1.110223024625E-16,-1.,0.));
#11684 = DEFINITIONAL_REPRESENTATION('',(#11685),#11689);
#11685 = LINE('',#11686,#11687);
#11686 = CARTESIAN_POINT('',(0.,0.));
#11687 = VECTOR('',#11688,1.);
#11688 = DIRECTION('',(0.,1.));
#11689 = ( GEOMETRIC_REPRESENTATION_CONTEXT(2) 
PARAMETRIC_REPRESENTATION_CONTEXT() REPRESENTATION_CONTEXT('2D SPACE',''
  ) );
#11690 = ORIENTED_EDGE('',*,*,#11691,.F.);
#11691 = EDGE_CURVE('',#11692,#11664,#11694,.T.);
#11692 = VERTEX_POINT('',#11693);
#11693 = CARTESIAN_POINT('',(-15.1,199.5,309.5));
#11694 = SURFACE_CURVE('',#11695,(#11699,#11706),.PCURVE_S1.);
#11695 = LINE('',#11696,#11697);
#11696 = CARTESIAN_POINT('',(-15.1,199.5,309.5));
#11697 = VECTOR('',#11698,1.);
#11698 = DIRECTION('',(-1.224646799147E-16,-1.359631073447E-32,-1.));
#11699 = PCURVE('',#11527,#11700);
#11700 = DEFINITIONAL_REPRESENTATION('',(#11701),#11705);
#11701 = LINE('',#11702,#11703);
#11702 = CARTESIAN_POINT('',(6.,-3.6));
#11703 = VECTOR('',#11704,1.);
#11704 = DIRECTION('',(1.,0.));
#11705 = ( GEOMETRIC_REPRESENTATION_CONTEXT(2) 
PARAMETRIC_REPRESENTATION_CONTEXT() REPRESENTATION_CONTEXT('2D SPACE',''
  ) );
#11706 = PCURVE('',#11707,#11712);
#11707 = PLANE('',#11708);
#11708 = AXIS2_PLACEMENT_3D('',#11709,#11710,#11711);
#11709 = CARTESIAN_POINT('',(-15.1,199.5,309.5));
#11710 = DIRECTION('',(-1.,-1.110223024625E-16,1.224646799147E-16));
#11711 = DIRECTION('',(-1.224646799147E-16,-1.359631073447E-32,-1.));
#11712 = DEFINITIONAL_REPRESENTATION('',(#11713),#11717);
#11713 = LINE('',#11714,#11715);
#11714 = CARTESIAN_POINT('',(-0.,0.));
#11715 = VECTOR('',#11716,1.);
#11716 = DIRECTION('',(1.,0.));
#11717 = ( GEOMETRIC_REPRESENTATION_CONTEXT(2) 
PARAMETRIC_REPRESENTATION_CONTEXT() REPRESENTATION_CONTEXT('2D SPACE',''
  ) );
#11718 = ORIENTED_EDGE('',*,*,#11719,.F.);
#11719 = EDGE_CURVE('',#11519,#11692,#11720,.T.);
#11720 = SURFACE_CURVE('',#11721,(#11725,#11732),.PCURVE_S1.);
#11721 = LINE('',#11722,#11723);
#11722 = CARTESIAN_POINT('',(-11.5,199.5,309.5));
#11723 = VECTOR('',#11724,1.);
#11724 = DIRECTION('',(-1.,-1.110223024625E-16,1.224646799147E-16));
#11725 = PCURVE('',#11527,#11726);
#11726 = DEFINITIONAL_REPRESENTATION('',(#11727),#11731);
#11727 = LINE('',#11728,#11729);
#11728 = CARTESIAN_POINT('',(6.,7.347880794884E-16));
#11729 = VECTOR('',#11730,1.);
#11730 = DIRECTION('',(0.,-1.));
#11731 = ( GEOMETRIC_REPRESENTATION_CONTEXT(2) 
PARAMETRIC_REPRESENTATION_CONTEXT() REPRESENTATION_CONTEXT('2D SPACE',''
  ) );
#11732 = PCURVE('',#11733,#11738);
#11733 = PLANE('',#11734);
#11734 = AXIS2_PLACEMENT_3D('',#11735,#11736,#11737);
#11735 = CARTESIAN_POINT('',(-11.5,199.5,309.5));
#11736 = DIRECTION('',(-1.224646799147E-16,-1.359631073447E-32,-1.));
#11737 = DIRECTION('',(1.110223024625E-16,-1.,0.));
#11738 = DEFINITIONAL_REPRESENTATION('',(#11739),#11743);
#11739 = LINE('',#11740,#11741);
#11740 = CARTESIAN_POINT('',(0.,0.));
#11741 = VECTOR('',#11742,1.);
#11742 = DIRECTION('',(0.,1.));
#11743 = ( GEOMETRIC_REPRESENTATION_CONTEXT(2) 
PARAMETRIC_REPRESENTATION_CONTEXT() REPRESENTATION_CONTEXT('2D SPACE',''
  ) );
#11744 = ADVANCED_FACE('',(#11745),#11539,.F.);
#11745 = FACE_BOUND('',#11746,.F.);
#11746 = EDGE_LOOP('',(#11747,#11770,#11771,#11794));
#11747 = ORIENTED_EDGE('',*,*,#11748,.F.);
#11748 = EDGE_CURVE('',#11517,#11749,#11751,.T.);
#11749 = VERTEX_POINT('',#11750);
#11750 = CARTESIAN_POINT('',(-11.5,182.5,315.5));
#11751 = SURFACE_CURVE('',#11752,(#11756,#11763),.PCURVE_S1.);
#11752 = LINE('',#11753,#11754);
#11753 = CARTESIAN_POINT('',(-11.5,199.5,315.5));
#11754 = VECTOR('',#11755,1.);
#11755 = DIRECTION('',(1.110223024625E-16,-1.,0.));
#11756 = PCURVE('',#11539,#11757);
#11757 = DEFINITIONAL_REPRESENTATION('',(#11758),#11762);
#11758 = LINE('',#11759,#11760);
#11759 = CARTESIAN_POINT('',(-0.,0.));
#11760 = VECTOR('',#11761,1.);
#11761 = DIRECTION('',(0.,1.));
#11762 = ( GEOMETRIC_REPRESENTATION_CONTEXT(2) 
PARAMETRIC_REPRESENTATION_CONTEXT() REPRESENTATION_CONTEXT('2D SPACE',''
  ) );
#11763 = PCURVE('',#11567,#11764);
#11764 = DEFINITIONAL_REPRESENTATION('',(#11765),#11769);
#11765 = LINE('',#11766,#11767);
#11766 = CARTESIAN_POINT('',(0.,0.));
#11767 = VECTOR('',#11768,1.);
#11768 = DIRECTION('',(1.,0.));
#11769 = ( GEOMETRIC_REPRESENTATION_CONTEXT(2) 
PARAMETRIC_REPRESENTATION_CONTEXT() REPRESENTATION_CONTEXT('2D SPACE',''
  ) );
#11770 = ORIENTED_EDGE('',*,*,#11516,.T.);
#11771 = ORIENTED_EDGE('',*,*,#11772,.T.);
#11772 = EDGE_CURVE('',#11519,#11773,#11775,.T.);
#11773 = VERTEX_POINT('',#11774);
#11774 = CARTESIAN_POINT('',(-11.5,182.5,309.5));
#11775 = SURFACE_CURVE('',#11776,(#11780,#11787),.PCURVE_S1.);
#11776 = LINE('',#11777,#11778);
#11777 = CARTESIAN_POINT('',(-11.5,199.5,309.5));
#11778 = VECTOR('',#11779,1.);
#11779 = DIRECTION('',(1.110223024625E-16,-1.,0.));
#11780 = PCURVE('',#11539,#11781);
#11781 = DEFINITIONAL_REPRESENTATION('',(#11782),#11786);
#11782 = LINE('',#11783,#11784);
#11783 = CARTESIAN_POINT('',(6.,0.));
#11784 = VECTOR('',#11785,1.);
#11785 = DIRECTION('',(0.,1.));
#11786 = ( GEOMETRIC_REPRESENTATION_CONTEXT(2) 
PARAMETRIC_REPRESENTATION_CONTEXT() REPRESENTATION_CONTEXT('2D SPACE',''
  ) );
#11787 = PCURVE('',#11733,#11788);
#11788 = DEFINITIONAL_REPRESENTATION('',(#11789),#11793);
#11789 = LINE('',#11790,#11791);
#11790 = CARTESIAN_POINT('',(0.,0.));
#11791 = VECTOR('',#11792,1.);
#11792 = DIRECTION('',(1.,0.));
#11793 = ( GEOMETRIC_REPRESENTATION_CONTEXT(2) 
PARAMETRIC_REPRESENTATION_CONTEXT() REPRESENTATION_CONTEXT('2D SPACE',''
  ) );
#11794 = ORIENTED_EDGE('',*,*,#11795,.F.);
#11795 = EDGE_CURVE('',#11749,#11773,#11796,.T.);
#11796 = SURFACE_CURVE('',#11797,(#11801,#11808),.PCURVE_S1.);
#11797 = LINE('',#11798,#11799);
#11798 = CARTESIAN_POINT('',(-11.5,182.5,315.5));
#11799 = VECTOR('',#11800,1.);
#11800 = DIRECTION('',(-1.224646799147E-16,-1.359631073447E-32,-1.));
#11801 = PCURVE('',#11539,#11802);
#11802 = DEFINITIONAL_REPRESENTATION('',(#11803),#11807);
#11803 = LINE('',#11804,#11805);
#11804 = CARTESIAN_POINT('',(1.359631073447E-32,17.));
#11805 = VECTOR('',#11806,1.);
#11806 = DIRECTION('',(1.,0.));
#11807 = ( GEOMETRIC_REPRESENTATION_CONTEXT(2) 
PARAMETRIC_REPRESENTATION_CONTEXT() REPRESENTATION_CONTEXT('2D SPACE',''
  ) );
#11808 = PCURVE('',#11809,#11814);
#11809 = PLANE('',#11810);
#11810 = AXIS2_PLACEMENT_3D('',#11811,#11812,#11813);
#11811 = CARTESIAN_POINT('',(-11.5,182.5,315.5));
#11812 = DIRECTION('',(1.110223024625E-16,-1.,0.));
#11813 = DIRECTION('',(-1.224646799147E-16,-1.359631073447E-32,-1.));
#11814 = DEFINITIONAL_REPRESENTATION('',(#11815),#11819);
#11815 = LINE('',#11816,#11817);
#11816 = CARTESIAN_POINT('',(-0.,0.));
#11817 = VECTOR('',#11818,1.);
#11818 = DIRECTION('',(1.,0.));
#11819 = ( GEOMETRIC_REPRESENTATION_CONTEXT(2) 
PARAMETRIC_REPRESENTATION_CONTEXT() REPRESENTATION_CONTEXT('2D SPACE',''
  ) );
#11820 = ADVANCED_FACE('',(#11821),#11733,.T.);
#11821 = FACE_BOUND('',#11822,.T.);
#11822 = EDGE_LOOP('',(#11823,#11824,#11825,#11848));
#11823 = ORIENTED_EDGE('',*,*,#11719,.F.);
#11824 = ORIENTED_EDGE('',*,*,#11772,.T.);
#11825 = ORIENTED_EDGE('',*,*,#11826,.T.);
#11826 = EDGE_CURVE('',#11773,#11827,#11829,.T.);
#11827 = VERTEX_POINT('',#11828);
#11828 = CARTESIAN_POINT('',(-15.1,182.5,309.5));
#11829 = SURFACE_CURVE('',#11830,(#11834,#11841),.PCURVE_S1.);
#11830 = LINE('',#11831,#11832);
#11831 = CARTESIAN_POINT('',(-11.5,182.5,309.5));
#11832 = VECTOR('',#11833,1.);
#11833 = DIRECTION('',(-1.,-1.110223024625E-16,1.224646799147E-16));
#11834 = PCURVE('',#11733,#11835);
#11835 = DEFINITIONAL_REPRESENTATION('',(#11836),#11840);
#11836 = LINE('',#11837,#11838);
#11837 = CARTESIAN_POINT('',(17.,-1.665334536938E-15));
#11838 = VECTOR('',#11839,1.);
#11839 = DIRECTION('',(0.,1.));
#11840 = ( GEOMETRIC_REPRESENTATION_CONTEXT(2) 
PARAMETRIC_REPRESENTATION_CONTEXT() REPRESENTATION_CONTEXT('2D SPACE',''
  ) );
#11841 = PCURVE('',#11809,#11842);
#11842 = DEFINITIONAL_REPRESENTATION('',(#11843),#11847);
#11843 = LINE('',#11844,#11845);
#11844 = CARTESIAN_POINT('',(6.,7.347880794884E-16));
#11845 = VECTOR('',#11846,1.);
#11846 = DIRECTION('',(0.,-1.));
#11847 = ( GEOMETRIC_REPRESENTATION_CONTEXT(2) 
PARAMETRIC_REPRESENTATION_CONTEXT() REPRESENTATION_CONTEXT('2D SPACE',''
  ) );
#11848 = ORIENTED_EDGE('',*,*,#11849,.F.);
#11849 = EDGE_CURVE('',#11692,#11827,#11850,.T.);
#11850 = SURFACE_CURVE('',#11851,(#11855,#11862),.PCURVE_S1.);
#11851 = LINE('',#11852,#11853);
#11852 = CARTESIAN_POINT('',(-15.1,199.5,309.5));
#11853 = VECTOR('',#11854,1.);
#11854 = DIRECTION('',(1.110223024625E-16,-1.,0.));
#11855 = PCURVE('',#11733,#11856);
#11856 = DEFINITIONAL_REPRESENTATION('',(#11857),#11861);
#11857 = LINE('',#11858,#11859);
#11858 = CARTESIAN_POINT('',(-3.996802888651E-16,3.6));
#11859 = VECTOR('',#11860,1.);
#11860 = DIRECTION('',(1.,0.));
#11861 = ( GEOMETRIC_REPRESENTATION_CONTEXT(2) 
PARAMETRIC_REPRESENTATION_CONTEXT() REPRESENTATION_CONTEXT('2D SPACE',''
  ) );
#11862 = PCURVE('',#11707,#11863);
#11863 = DEFINITIONAL_REPRESENTATION('',(#11864),#11868);
#11864 = LINE('',#11865,#11866);
#11865 = CARTESIAN_POINT('',(-0.,0.));
#11866 = VECTOR('',#11867,1.);
#11867 = DIRECTION('',(0.,1.));
#11868 = ( GEOMETRIC_REPRESENTATION_CONTEXT(2) 
PARAMETRIC_REPRESENTATION_CONTEXT() REPRESENTATION_CONTEXT('2D SPACE',''
  ) );
#11869 = ADVANCED_FACE('',(#11870),#11623,.T.);
#11870 = FACE_BOUND('',#11871,.T.);
#11871 = EDGE_LOOP('',(#11872,#11873,#11896,#11919));
#11872 = ORIENTED_EDGE('',*,*,#11607,.F.);
#11873 = ORIENTED_EDGE('',*,*,#11874,.T.);
#11874 = EDGE_CURVE('',#11608,#11875,#11877,.T.);
#11875 = VERTEX_POINT('',#11876);
#11876 = CARTESIAN_POINT('',(-24.9,182.5,309.5));
#11877 = SURFACE_CURVE('',#11878,(#11882,#11889),.PCURVE_S1.);
#11878 = LINE('',#11879,#11880);
#11879 = CARTESIAN_POINT('',(-24.9,199.5,309.5));
#11880 = VECTOR('',#11881,1.);
#11881 = DIRECTION('',(1.110223024625E-16,-1.,0.));
#11882 = PCURVE('',#11623,#11883);
#11883 = DEFINITIONAL_REPRESENTATION('',(#11884),#11888);
#11884 = LINE('',#11885,#11886);
#11885 = CARTESIAN_POINT('',(-1.487698852998E-15,13.4));
#11886 = VECTOR('',#11887,1.);
#11887 = DIRECTION('',(1.,0.));
#11888 = ( GEOMETRIC_REPRESENTATION_CONTEXT(2) 
PARAMETRIC_REPRESENTATION_CONTEXT() REPRESENTATION_CONTEXT('2D SPACE',''
  ) );
#11889 = PCURVE('',#11651,#11890);
#11890 = DEFINITIONAL_REPRESENTATION('',(#11891),#11895);
#11891 = LINE('',#11892,#11893);
#11892 = CARTESIAN_POINT('',(-0.,0.));
#11893 = VECTOR('',#11894,1.);
#11894 = DIRECTION('',(0.,1.));
#11895 = ( GEOMETRIC_REPRESENTATION_CONTEXT(2) 
PARAMETRIC_REPRESENTATION_CONTEXT() REPRESENTATION_CONTEXT('2D SPACE',''
  ) );
#11896 = ORIENTED_EDGE('',*,*,#11897,.T.);
#11897 = EDGE_CURVE('',#11875,#11898,#11900,.T.);
#11898 = VERTEX_POINT('',#11899);
#11899 = CARTESIAN_POINT('',(-28.5,182.5,309.5));
#11900 = SURFACE_CURVE('',#11901,(#11905,#11912),.PCURVE_S1.);
#11901 = LINE('',#11902,#11903);
#11902 = CARTESIAN_POINT('',(-11.5,182.5,309.5));
#11903 = VECTOR('',#11904,1.);
#11904 = DIRECTION('',(-1.,-1.110223024625E-16,1.224646799147E-16));
#11905 = PCURVE('',#11623,#11906);
#11906 = DEFINITIONAL_REPRESENTATION('',(#11907),#11911);
#11907 = LINE('',#11908,#11909);
#11908 = CARTESIAN_POINT('',(17.,-1.665334536938E-15));
#11909 = VECTOR('',#11910,1.);
#11910 = DIRECTION('',(0.,1.));
#11911 = ( GEOMETRIC_REPRESENTATION_CONTEXT(2) 
PARAMETRIC_REPRESENTATION_CONTEXT() REPRESENTATION_CONTEXT('2D SPACE',''
  ) );
#11912 = PCURVE('',#11809,#11913);
#11913 = DEFINITIONAL_REPRESENTATION('',(#11914),#11918);
#11914 = LINE('',#11915,#11916);
#11915 = CARTESIAN_POINT('',(6.,7.347880794884E-16));
#11916 = VECTOR('',#11917,1.);
#11917 = DIRECTION('',(0.,-1.));
#11918 = ( GEOMETRIC_REPRESENTATION_CONTEXT(2) 
PARAMETRIC_REPRESENTATION_CONTEXT() REPRESENTATION_CONTEXT('2D SPACE',''
  ) );
#11919 = ORIENTED_EDGE('',*,*,#11920,.F.);
#11920 = EDGE_CURVE('',#11580,#11898,#11921,.T.);
#11921 = SURFACE_CURVE('',#11922,(#11926,#11933),.PCURVE_S1.);
#11922 = LINE('',#11923,#11924);
#11923 = CARTESIAN_POINT('',(-28.5,199.5,309.5));
#11924 = VECTOR('',#11925,1.);
#11925 = DIRECTION('',(1.110223024625E-16,-1.,0.));
#11926 = PCURVE('',#11623,#11927);
#11927 = DEFINITIONAL_REPRESENTATION('',(#11928),#11932);
#11928 = LINE('',#11929,#11930);
#11929 = CARTESIAN_POINT('',(-1.887379141863E-15,17.));
#11930 = VECTOR('',#11931,1.);
#11931 = DIRECTION('',(1.,0.));
#11932 = ( GEOMETRIC_REPRESENTATION_CONTEXT(2) 
PARAMETRIC_REPRESENTATION_CONTEXT() REPRESENTATION_CONTEXT('2D SPACE',''
  ) );
#11933 = PCURVE('',#11595,#11934);
#11934 = DEFINITIONAL_REPRESENTATION('',(#11935),#11939);
#11935 = LINE('',#11936,#11937);
#11936 = CARTESIAN_POINT('',(6.,0.));
#11937 = VECTOR('',#11938,1.);
#11938 = DIRECTION('',(0.,1.));
#11939 = ( GEOMETRIC_REPRESENTATION_CONTEXT(2) 
PARAMETRIC_REPRESENTATION_CONTEXT() REPRESENTATION_CONTEXT('2D SPACE',''
  ) );
#11940 = ADVANCED_FACE('',(#11941),#11595,.T.);
#11941 = FACE_BOUND('',#11942,.T.);
#11942 = EDGE_LOOP('',(#11943,#11966,#11967,#11968));
#11943 = ORIENTED_EDGE('',*,*,#11944,.F.);
#11944 = EDGE_CURVE('',#11552,#11945,#11947,.T.);
#11945 = VERTEX_POINT('',#11946);
#11946 = CARTESIAN_POINT('',(-28.5,182.5,315.5));
#11947 = SURFACE_CURVE('',#11948,(#11952,#11959),.PCURVE_S1.);
#11948 = LINE('',#11949,#11950);
#11949 = CARTESIAN_POINT('',(-28.5,199.5,315.5));
#11950 = VECTOR('',#11951,1.);
#11951 = DIRECTION('',(1.110223024625E-16,-1.,0.));
#11952 = PCURVE('',#11595,#11953);
#11953 = DEFINITIONAL_REPRESENTATION('',(#11954),#11958);
#11954 = LINE('',#11955,#11956);
#11955 = CARTESIAN_POINT('',(-0.,0.));
#11956 = VECTOR('',#11957,1.);
#11957 = DIRECTION('',(0.,1.));
#11958 = ( GEOMETRIC_REPRESENTATION_CONTEXT(2) 
PARAMETRIC_REPRESENTATION_CONTEXT() REPRESENTATION_CONTEXT('2D SPACE',''
  ) );
#11959 = PCURVE('',#11567,#11960);
#11960 = DEFINITIONAL_REPRESENTATION('',(#11961),#11965);
#11961 = LINE('',#11962,#11963);
#11962 = CARTESIAN_POINT('',(-1.887379141863E-15,17.));
#11963 = VECTOR('',#11964,1.);
#11964 = DIRECTION('',(1.,0.));
#11965 = ( GEOMETRIC_REPRESENTATION_CONTEXT(2) 
PARAMETRIC_REPRESENTATION_CONTEXT() REPRESENTATION_CONTEXT('2D SPACE',''
  ) );
#11966 = ORIENTED_EDGE('',*,*,#11579,.T.);
#11967 = ORIENTED_EDGE('',*,*,#11920,.T.);
#11968 = ORIENTED_EDGE('',*,*,#11969,.F.);
#11969 = EDGE_CURVE('',#11945,#11898,#11970,.T.);
#11970 = SURFACE_CURVE('',#11971,(#11975,#11982),.PCURVE_S1.);
#11971 = LINE('',#11972,#11973);
#11972 = CARTESIAN_POINT('',(-28.5,182.5,315.5));
#11973 = VECTOR('',#11974,1.);
#11974 = DIRECTION('',(-1.224646799147E-16,-1.359631073447E-32,-1.));
#11975 = PCURVE('',#11595,#11976);
#11976 = DEFINITIONAL_REPRESENTATION('',(#11977),#11981);
#11977 = LINE('',#11978,#11979);
#11978 = CARTESIAN_POINT('',(-2.03944661017E-31,17.));
#11979 = VECTOR('',#11980,1.);
#11980 = DIRECTION('',(1.,0.));
#11981 = ( GEOMETRIC_REPRESENTATION_CONTEXT(2) 
PARAMETRIC_REPRESENTATION_CONTEXT() REPRESENTATION_CONTEXT('2D SPACE',''
  ) );
#11982 = PCURVE('',#11809,#11983);
#11983 = DEFINITIONAL_REPRESENTATION('',(#11984),#11988);
#11984 = LINE('',#11985,#11986);
#11985 = CARTESIAN_POINT('',(2.081899558551E-15,-17.));
#11986 = VECTOR('',#11987,1.);
#11987 = DIRECTION('',(1.,0.));
#11988 = ( GEOMETRIC_REPRESENTATION_CONTEXT(2) 
PARAMETRIC_REPRESENTATION_CONTEXT() REPRESENTATION_CONTEXT('2D SPACE',''
  ) );
#11989 = ADVANCED_FACE('',(#11990,#12016),#11567,.F.);
#11990 = FACE_BOUND('',#11991,.F.);
#11991 = EDGE_LOOP('',(#11992,#11993,#11994,#12015));
#11992 = ORIENTED_EDGE('',*,*,#11551,.F.);
#11993 = ORIENTED_EDGE('',*,*,#11748,.T.);
#11994 = ORIENTED_EDGE('',*,*,#11995,.T.);
#11995 = EDGE_CURVE('',#11749,#11945,#11996,.T.);
#11996 = SURFACE_CURVE('',#11997,(#12001,#12008),.PCURVE_S1.);
#11997 = LINE('',#11998,#11999);
#11998 = CARTESIAN_POINT('',(-11.5,182.5,315.5));
#11999 = VECTOR('',#12000,1.);
#12000 = DIRECTION('',(-1.,-1.110223024625E-16,1.224646799147E-16));
#12001 = PCURVE('',#11567,#12002);
#12002 = DEFINITIONAL_REPRESENTATION('',(#12003),#12007);
#12003 = LINE('',#12004,#12005);
#12004 = CARTESIAN_POINT('',(17.,-1.665334536938E-15));
#12005 = VECTOR('',#12006,1.);
#12006 = DIRECTION('',(0.,1.));
#12007 = ( GEOMETRIC_REPRESENTATION_CONTEXT(2) 
PARAMETRIC_REPRESENTATION_CONTEXT() REPRESENTATION_CONTEXT('2D SPACE',''
  ) );
#12008 = PCURVE('',#11809,#12009);
#12009 = DEFINITIONAL_REPRESENTATION('',(#12010),#12014);
#12010 = LINE('',#12011,#12012);
#12011 = CARTESIAN_POINT('',(-0.,0.));
#12012 = VECTOR('',#12013,1.);
#12013 = DIRECTION('',(0.,-1.));
#12014 = ( GEOMETRIC_REPRESENTATION_CONTEXT(2) 
PARAMETRIC_REPRESENTATION_CONTEXT() REPRESENTATION_CONTEXT('2D SPACE',''
  ) );
#12015 = ORIENTED_EDGE('',*,*,#11944,.F.);
#12016 = FACE_BOUND('',#12017,.F.);
#12017 = EDGE_LOOP('',(#12018));
#12018 = ORIENTED_EDGE('',*,*,#12019,.T.);
#12019 = EDGE_CURVE('',#12020,#12020,#12022,.T.);
#12020 = VERTEX_POINT('',#12021);
#12021 = CARTESIAN_POINT('',(-20.,188.47,315.5));
#12022 = SURFACE_CURVE('',#12023,(#12028,#12039),.PCURVE_S1.);
#12023 = CIRCLE('',#12024,2.53);
#12024 = AXIS2_PLACEMENT_3D('',#12025,#12026,#12027);
#12025 = CARTESIAN_POINT('',(-20.,191.,315.5));
#12026 = DIRECTION('',(1.224646799147E-16,1.359631073447E-32,1.));
#12027 = DIRECTION('',(1.110223024625E-16,-1.,0.));
#12028 = PCURVE('',#11567,#12029);
#12029 = DEFINITIONAL_REPRESENTATION('',(#12030),#12038);
#12030 = ( BOUNDED_CURVE() B_SPLINE_CURVE(2,(#12031,#12032,#12033,#12034
    ,#12035,#12036,#12037),.UNSPECIFIED.,.T.,.F.) 
B_SPLINE_CURVE_WITH_KNOTS((1,2,2,2,2,1),(-2.094395102393,0.,
    2.094395102393,4.188790204786,6.28318530718,8.377580409573),
.UNSPECIFIED.) CURVE() GEOMETRIC_REPRESENTATION_ITEM() 
RATIONAL_B_SPLINE_CURVE((1.,0.5,1.,0.5,1.,0.5,1.)) REPRESENTATION_ITEM(
  '') );
#12031 = CARTESIAN_POINT('',(11.03,8.5));
#12032 = CARTESIAN_POINT('',(11.03,4.117911456851));
#12033 = CARTESIAN_POINT('',(7.235,6.308955728425));
#12034 = CARTESIAN_POINT('',(3.44,8.5));
#12035 = CARTESIAN_POINT('',(7.235,10.691044271575));
#12036 = CARTESIAN_POINT('',(11.03,12.882088543149));
#12037 = CARTESIAN_POINT('',(11.03,8.5));
#12038 = ( GEOMETRIC_REPRESENTATION_CONTEXT(2) 
PARAMETRIC_REPRESENTATION_CONTEXT() REPRESENTATION_CONTEXT('2D SPACE',''
  ) );
#12039 = PCURVE('',#12040,#12045);
#12040 = CYLINDRICAL_SURFACE('',#12041,2.53);
#12041 = AXIS2_PLACEMENT_3D('',#12042,#12043,#12044);
#12042 = CARTESIAN_POINT('',(-20.,191.,316.));
#12043 = DIRECTION('',(1.224646799147E-16,1.359631073447E-32,1.));
#12044 = DIRECTION('',(1.110223024625E-16,-1.,0.));
#12045 = DEFINITIONAL_REPRESENTATION('',(#12046),#12050);
#12046 = LINE('',#12047,#12048);
#12047 = CARTESIAN_POINT('',(-6.28318530718,-0.5));
#12048 = VECTOR('',#12049,1.);
#12049 = DIRECTION('',(1.,-0.));
#12050 = ( GEOMETRIC_REPRESENTATION_CONTEXT(2) 
PARAMETRIC_REPRESENTATION_CONTEXT() REPRESENTATION_CONTEXT('2D SPACE',''
  ) );
#12051 = ADVANCED_FACE('',(#12052),#11809,.T.);
#12052 = FACE_BOUND('',#12053,.T.);
#12053 = EDGE_LOOP('',(#12054,#12055,#12056,#12057,#12058,#12081,#12104,
    #12125));
#12054 = ORIENTED_EDGE('',*,*,#11795,.F.);
#12055 = ORIENTED_EDGE('',*,*,#11995,.T.);
#12056 = ORIENTED_EDGE('',*,*,#11969,.T.);
#12057 = ORIENTED_EDGE('',*,*,#11897,.F.);
#12058 = ORIENTED_EDGE('',*,*,#12059,.T.);
#12059 = EDGE_CURVE('',#11875,#12060,#12062,.T.);
#12060 = VERTEX_POINT('',#12061);
#12061 = CARTESIAN_POINT('',(-24.9,182.5,306.5));
#12062 = SURFACE_CURVE('',#12063,(#12067,#12074),.PCURVE_S1.);
#12063 = LINE('',#12064,#12065);
#12064 = CARTESIAN_POINT('',(-24.9,182.5,309.5));
#12065 = VECTOR('',#12066,1.);
#12066 = DIRECTION('',(-1.224646799147E-16,-1.359631073447E-32,-1.));
#12067 = PCURVE('',#11809,#12068);
#12068 = DEFINITIONAL_REPRESENTATION('',(#12069),#12073);
#12069 = LINE('',#12070,#12071);
#12070 = CARTESIAN_POINT('',(6.,-13.4));
#12071 = VECTOR('',#12072,1.);
#12072 = DIRECTION('',(1.,0.));
#12073 = ( GEOMETRIC_REPRESENTATION_CONTEXT(2) 
PARAMETRIC_REPRESENTATION_CONTEXT() REPRESENTATION_CONTEXT('2D SPACE',''
  ) );
#12074 = PCURVE('',#11651,#12075);
#12075 = DEFINITIONAL_REPRESENTATION('',(#12076),#12080);
#12076 = LINE('',#12077,#12078);
#12077 = CARTESIAN_POINT('',(-2.03944661017E-31,17.));
#12078 = VECTOR('',#12079,1.);
#12079 = DIRECTION('',(1.,0.));
#12080 = ( GEOMETRIC_REPRESENTATION_CONTEXT(2) 
PARAMETRIC_REPRESENTATION_CONTEXT() REPRESENTATION_CONTEXT('2D SPACE',''
  ) );
#12081 = ORIENTED_EDGE('',*,*,#12082,.F.);
#12082 = EDGE_CURVE('',#12083,#12060,#12085,.T.);
#12083 = VERTEX_POINT('',#12084);
#12084 = CARTESIAN_POINT('',(-15.1,182.5,306.5));
#12085 = SURFACE_CURVE('',#12086,(#12090,#12097),.PCURVE_S1.);
#12086 = LINE('',#12087,#12088);
#12087 = CARTESIAN_POINT('',(-15.1,182.5,306.5));
#12088 = VECTOR('',#12089,1.);
#12089 = DIRECTION('',(-1.,-1.110223024625E-16,1.224646799147E-16));
#12090 = PCURVE('',#11809,#12091);
#12091 = DEFINITIONAL_REPRESENTATION('',(#12092),#12096);
#12092 = LINE('',#12093,#12094);
#12093 = CARTESIAN_POINT('',(9.,-3.6));
#12094 = VECTOR('',#12095,1.);
#12095 = DIRECTION('',(0.,-1.));
#12096 = ( GEOMETRIC_REPRESENTATION_CONTEXT(2) 
PARAMETRIC_REPRESENTATION_CONTEXT() REPRESENTATION_CONTEXT('2D SPACE',''
  ) );
#12097 = PCURVE('',#11679,#12098);
#12098 = DEFINITIONAL_REPRESENTATION('',(#12099),#12103);
#12099 = LINE('',#12100,#12101);
#12100 = CARTESIAN_POINT('',(17.,-1.665334536938E-15));
#12101 = VECTOR('',#12102,1.);
#12102 = DIRECTION('',(0.,1.));
#12103 = ( GEOMETRIC_REPRESENTATION_CONTEXT(2) 
PARAMETRIC_REPRESENTATION_CONTEXT() REPRESENTATION_CONTEXT('2D SPACE',''
  ) );
#12104 = ORIENTED_EDGE('',*,*,#12105,.F.);
#12105 = EDGE_CURVE('',#11827,#12083,#12106,.T.);
#12106 = SURFACE_CURVE('',#12107,(#12111,#12118),.PCURVE_S1.);
#12107 = LINE('',#12108,#12109);
#12108 = CARTESIAN_POINT('',(-15.1,182.5,309.5));
#12109 = VECTOR('',#12110,1.);
#12110 = DIRECTION('',(-1.224646799147E-16,-1.359631073447E-32,-1.));
#12111 = PCURVE('',#11809,#12112);
#12112 = DEFINITIONAL_REPRESENTATION('',(#12113),#12117);
#12113 = LINE('',#12114,#12115);
#12114 = CARTESIAN_POINT('',(6.,-3.6));
#12115 = VECTOR('',#12116,1.);
#12116 = DIRECTION('',(1.,0.));
#12117 = ( GEOMETRIC_REPRESENTATION_CONTEXT(2) 
PARAMETRIC_REPRESENTATION_CONTEXT() REPRESENTATION_CONTEXT('2D SPACE',''
  ) );
#12118 = PCURVE('',#11707,#12119);
#12119 = DEFINITIONAL_REPRESENTATION('',(#12120),#12124);
#12120 = LINE('',#12121,#12122);
#12121 = CARTESIAN_POINT('',(1.359631073447E-32,17.));
#12122 = VECTOR('',#12123,1.);
#12123 = DIRECTION('',(1.,0.));
#12124 = ( GEOMETRIC_REPRESENTATION_CONTEXT(2) 
PARAMETRIC_REPRESENTATION_CONTEXT() REPRESENTATION_CONTEXT('2D SPACE',''
  ) );
#12125 = ORIENTED_EDGE('',*,*,#11826,.F.);
#12126 = ADVANCED_FACE('',(#12127),#11707,.F.);
#12127 = FACE_BOUND('',#12128,.F.);
#12128 = EDGE_LOOP('',(#12129,#12130,#12131,#12152));
#12129 = ORIENTED_EDGE('',*,*,#11849,.F.);
#12130 = ORIENTED_EDGE('',*,*,#11691,.T.);
#12131 = ORIENTED_EDGE('',*,*,#12132,.T.);
#12132 = EDGE_CURVE('',#11664,#12083,#12133,.T.);
#12133 = SURFACE_CURVE('',#12134,(#12138,#12145),.PCURVE_S1.);
#12134 = LINE('',#12135,#12136);
#12135 = CARTESIAN_POINT('',(-15.1,199.5,306.5));
#12136 = VECTOR('',#12137,1.);
#12137 = DIRECTION('',(1.110223024625E-16,-1.,0.));
#12138 = PCURVE('',#11707,#12139);
#12139 = DEFINITIONAL_REPRESENTATION('',(#12140),#12144);
#12140 = LINE('',#12141,#12142);
#12141 = CARTESIAN_POINT('',(3.,0.));
#12142 = VECTOR('',#12143,1.);
#12143 = DIRECTION('',(0.,1.));
#12144 = ( GEOMETRIC_REPRESENTATION_CONTEXT(2) 
PARAMETRIC_REPRESENTATION_CONTEXT() REPRESENTATION_CONTEXT('2D SPACE',''
  ) );
#12145 = PCURVE('',#11679,#12146);
#12146 = DEFINITIONAL_REPRESENTATION('',(#12147),#12151);
#12147 = LINE('',#12148,#12149);
#12148 = CARTESIAN_POINT('',(0.,0.));
#12149 = VECTOR('',#12150,1.);
#12150 = DIRECTION('',(1.,0.));
#12151 = ( GEOMETRIC_REPRESENTATION_CONTEXT(2) 
PARAMETRIC_REPRESENTATION_CONTEXT() REPRESENTATION_CONTEXT('2D SPACE',''
  ) );
#12152 = ORIENTED_EDGE('',*,*,#12105,.F.);
#12153 = ADVANCED_FACE('',(#12154,#12180),#11679,.T.);
#12154 = FACE_BOUND('',#12155,.T.);
#12155 = EDGE_LOOP('',(#12156,#12157,#12158,#12159));
#12156 = ORIENTED_EDGE('',*,*,#11663,.F.);
#12157 = ORIENTED_EDGE('',*,*,#12132,.T.);
#12158 = ORIENTED_EDGE('',*,*,#12082,.T.);
#12159 = ORIENTED_EDGE('',*,*,#12160,.F.);
#12160 = EDGE_CURVE('',#11636,#12060,#12161,.T.);
#12161 = SURFACE_CURVE('',#12162,(#12166,#12173),.PCURVE_S1.);
#12162 = LINE('',#12163,#12164);
#12163 = CARTESIAN_POINT('',(-24.9,199.5,306.5));
#12164 = VECTOR('',#12165,1.);
#12165 = DIRECTION('',(1.110223024625E-16,-1.,0.));
#12166 = PCURVE('',#11679,#12167);
#12167 = DEFINITIONAL_REPRESENTATION('',(#12168),#12172);
#12168 = LINE('',#12169,#12170);
#12169 = CARTESIAN_POINT('',(-1.088018564133E-15,9.8));
#12170 = VECTOR('',#12171,1.);
#12171 = DIRECTION('',(1.,0.));
#12172 = ( GEOMETRIC_REPRESENTATION_CONTEXT(2) 
PARAMETRIC_REPRESENTATION_CONTEXT() REPRESENTATION_CONTEXT('2D SPACE',''
  ) );
#12173 = PCURVE('',#11651,#12174);
#12174 = DEFINITIONAL_REPRESENTATION('',(#12175),#12179);
#12175 = LINE('',#12176,#12177);
#12176 = CARTESIAN_POINT('',(3.,0.));
#12177 = VECTOR('',#12178,1.);
#12178 = DIRECTION('',(0.,1.));
#12179 = ( GEOMETRIC_REPRESENTATION_CONTEXT(2) 
PARAMETRIC_REPRESENTATION_CONTEXT() REPRESENTATION_CONTEXT('2D SPACE',''
  ) );
#12180 = FACE_BOUND('',#12181,.T.);
#12181 = EDGE_LOOP('',(#12182));
#12182 = ORIENTED_EDGE('',*,*,#12183,.T.);
#12183 = EDGE_CURVE('',#12184,#12184,#12186,.T.);
#12184 = VERTEX_POINT('',#12185);
#12185 = CARTESIAN_POINT('',(-20.,188.47,306.5));
#12186 = SURFACE_CURVE('',#12187,(#12192,#12203),.PCURVE_S1.);
#12187 = CIRCLE('',#12188,2.53);
#12188 = AXIS2_PLACEMENT_3D('',#12189,#12190,#12191);
#12189 = CARTESIAN_POINT('',(-20.,191.,306.5));
#12190 = DIRECTION('',(1.224646799147E-16,1.359631073447E-32,1.));
#12191 = DIRECTION('',(1.110223024625E-16,-1.,0.));
#12192 = PCURVE('',#11679,#12193);
#12193 = DEFINITIONAL_REPRESENTATION('',(#12194),#12202);
#12194 = ( BOUNDED_CURVE() B_SPLINE_CURVE(2,(#12195,#12196,#12197,#12198
    ,#12199,#12200,#12201),.UNSPECIFIED.,.T.,.F.) 
B_SPLINE_CURVE_WITH_KNOTS((1,2,2,2,2,1),(-2.094395102393,0.,
    2.094395102393,4.188790204786,6.28318530718,8.377580409573),
.UNSPECIFIED.) CURVE() GEOMETRIC_REPRESENTATION_ITEM() 
RATIONAL_B_SPLINE_CURVE((1.,0.5,1.,0.5,1.,0.5,1.)) REPRESENTATION_ITEM(
  '') );
#12195 = CARTESIAN_POINT('',(11.03,4.9));
#12196 = CARTESIAN_POINT('',(11.03,0.517911456851));
#12197 = CARTESIAN_POINT('',(7.235,2.708955728425));
#12198 = CARTESIAN_POINT('',(3.44,4.9));
#12199 = CARTESIAN_POINT('',(7.235,7.091044271575));
#12200 = CARTESIAN_POINT('',(11.03,9.282088543149));
#12201 = CARTESIAN_POINT('',(11.03,4.9));
#12202 = ( GEOMETRIC_REPRESENTATION_CONTEXT(2) 
PARAMETRIC_REPRESENTATION_CONTEXT() REPRESENTATION_CONTEXT('2D SPACE',''
  ) );
#12203 = PCURVE('',#12040,#12204);
#12204 = DEFINITIONAL_REPRESENTATION('',(#12205),#12209);
#12205 = LINE('',#12206,#12207);
#12206 = CARTESIAN_POINT('',(-6.28318530718,-9.5));
#12207 = VECTOR('',#12208,1.);
#12208 = DIRECTION('',(1.,-0.));
#12209 = ( GEOMETRIC_REPRESENTATION_CONTEXT(2) 
PARAMETRIC_REPRESENTATION_CONTEXT() REPRESENTATION_CONTEXT('2D SPACE',''
  ) );
#12210 = ADVANCED_FACE('',(#12211),#11651,.T.);
#12211 = FACE_BOUND('',#12212,.T.);
#12212 = EDGE_LOOP('',(#12213,#12214,#12215,#12216));
#12213 = ORIENTED_EDGE('',*,*,#11874,.F.);
#12214 = ORIENTED_EDGE('',*,*,#11635,.T.);
#12215 = ORIENTED_EDGE('',*,*,#12160,.T.);
#12216 = ORIENTED_EDGE('',*,*,#12059,.F.);
#12217 = ADVANCED_FACE('',(#12218),#12040,.F.);
#12218 = FACE_BOUND('',#12219,.T.);
#12219 = EDGE_LOOP('',(#12220,#12221,#12242,#12243));
#12220 = ORIENTED_EDGE('',*,*,#12019,.T.);
#12221 = ORIENTED_EDGE('',*,*,#12222,.T.);
#12222 = EDGE_CURVE('',#12020,#12184,#12223,.T.);
#12223 = SEAM_CURVE('',#12224,(#12228,#12235),.PCURVE_S1.);
#12224 = LINE('',#12225,#12226);
#12225 = CARTESIAN_POINT('',(-20.,188.47,316.));
#12226 = VECTOR('',#12227,1.);
#12227 = DIRECTION('',(-1.224646799147E-16,-1.359631073447E-32,-1.));
#12228 = PCURVE('',#12040,#12229);
#12229 = DEFINITIONAL_REPRESENTATION('',(#12230),#12234);
#12230 = LINE('',#12231,#12232);
#12231 = CARTESIAN_POINT('',(-6.28318530718,0.));
#12232 = VECTOR('',#12233,1.);
#12233 = DIRECTION('',(-0.,-1.));
#12234 = ( GEOMETRIC_REPRESENTATION_CONTEXT(2) 
PARAMETRIC_REPRESENTATION_CONTEXT() REPRESENTATION_CONTEXT('2D SPACE',''
  ) );
#12235 = PCURVE('',#12040,#12236);
#12236 = DEFINITIONAL_REPRESENTATION('',(#12237),#12241);
#12237 = LINE('',#12238,#12239);
#12238 = CARTESIAN_POINT('',(-0.,0.));
#12239 = VECTOR('',#12240,1.);
#12240 = DIRECTION('',(-0.,-1.));
#12241 = ( GEOMETRIC_REPRESENTATION_CONTEXT(2) 
PARAMETRIC_REPRESENTATION_CONTEXT() REPRESENTATION_CONTEXT('2D SPACE',''
  ) );
#12242 = ORIENTED_EDGE('',*,*,#12183,.F.);
#12243 = ORIENTED_EDGE('',*,*,#12222,.F.);
#12244 = ( GEOMETRIC_REPRESENTATION_CONTEXT(3) 
GLOBAL_UNCERTAINTY_ASSIGNED_CONTEXT((#12248)) 
GLOBAL_UNIT_ASSIGNED_CONTEXT((#12245,#12246,#12247)) 
REPRESENTATION_CONTEXT('Context #1',
  '3D Context with UNIT and UNCERTAINTY') );
#12245 = ( LENGTH_UNIT() NAMED_UNIT(*) SI_UNIT(.MILLI.,.METRE.) );
#12246 = ( NAMED_UNIT(*) PLANE_ANGLE_UNIT() SI_UNIT($,.RADIAN.) );
#12247 = ( NAMED_UNIT(*) SI_UNIT($,.STERADIAN.) SOLID_ANGLE_UNIT() );
#12248 = UNCERTAINTY_MEASURE_WITH_UNIT(LENGTH_MEASURE(1.E-07),#12245,
  'distance_accuracy_value','confusion accuracy');
#12249 = CONTEXT_DEPENDENT_SHAPE_REPRESENTATION(#12250,#12252);
#12250 = ( REPRESENTATION_RELATIONSHIP('','',#11509,#10) 
REPRESENTATION_RELATIONSHIP_WITH_TRANSFORMATION(#12251) 
SHAPE_REPRESENTATION_RELATIONSHIP() );
#12251 = ITEM_DEFINED_TRANSFORMATION('','',#11,#79);
#12252 = PRODUCT_DEFINITION_SHAPE('Placement','Placement of an item',
  #12253);
#12253 = NEXT_ASSEMBLY_USAGE_OCCURRENCE('86','U1_R_HNTT8_5_1','',#5,
  #11504,$);
#12254 = PRODUCT_RELATED_PRODUCT_CATEGORY('part',$,(#11506));
#12255 = SHAPE_DEFINITION_REPRESENTATION(#12256,#12262);
#12256 = PRODUCT_DEFINITION_SHAPE('','',#12257);
#12257 = PRODUCT_DEFINITION('design','',#12258,#12261);
#12258 = PRODUCT_DEFINITION_FORMATION('','',#12259);
#12259 = PRODUCT('U1_R_M5X16_2','U1_R_M5X16_2','',(#12260));
#12260 = PRODUCT_CONTEXT('',#2,'mechanical');
#12261 = PRODUCT_DEFINITION_CONTEXT('part definition',#2,'design');
#12262 = ADVANCED_BREP_SHAPE_REPRESENTATION('',(#11,#12263),#12451);
#12263 = MANIFOLD_SOLID_BREP('',#12264);
#12264 = CLOSED_SHELL('',(#12265,#12353,#12388,#12392,#12447));
#12265 = ADVANCED_FACE('',(#12266),#12280,.T.);
#12266 = FACE_BOUND('',#12267,.F.);
#12267 = EDGE_LOOP('',(#12268,#12298,#12325,#12326));
#12268 = ORIENTED_EDGE('',*,*,#12269,.T.);
#12269 = EDGE_CURVE('',#12270,#12272,#12274,.T.);
#12270 = VERTEX_POINT('',#12271);
#12271 = CARTESIAN_POINT('',(-20.,154.75,297.));
#12272 = VERTEX_POINT('',#12273);
#12273 = CARTESIAN_POINT('',(-20.,154.75,292.));
#12274 = SEAM_CURVE('',#12275,(#12279,#12291),.PCURVE_S1.);
#12275 = LINE('',#12276,#12277);
#12276 = CARTESIAN_POINT('',(-20.,154.75,297.));
#12277 = VECTOR('',#12278,1.);
#12278 = DIRECTION('',(-1.224646799147E-16,-1.359631073447E-32,-1.));
#12279 = PCURVE('',#12280,#12285);
#12280 = CYLINDRICAL_SURFACE('',#12281,4.25);
#12281 = AXIS2_PLACEMENT_3D('',#12282,#12283,#12284);
#12282 = CARTESIAN_POINT('',(-20.,159.,297.));
#12283 = DIRECTION('',(1.224646799147E-16,1.359631073447E-32,1.));
#12284 = DIRECTION('',(1.110223024625E-16,-1.,0.));
#12285 = DEFINITIONAL_REPRESENTATION('',(#12286),#12290);
#12286 = LINE('',#12287,#12288);
#12287 = CARTESIAN_POINT('',(-0.,0.));
#12288 = VECTOR('',#12289,1.);
#12289 = DIRECTION('',(-0.,-1.));
#12290 = ( GEOMETRIC_REPRESENTATION_CONTEXT(2) 
PARAMETRIC_REPRESENTATION_CONTEXT() REPRESENTATION_CONTEXT('2D SPACE',''
  ) );
#12291 = PCURVE('',#12280,#12292);
#12292 = DEFINITIONAL_REPRESENTATION('',(#12293),#12297);
#12293 = LINE('',#12294,#12295);
#12294 = CARTESIAN_POINT('',(-6.28318530718,0.));
#12295 = VECTOR('',#12296,1.);
#12296 = DIRECTION('',(-0.,-1.));
#12297 = ( GEOMETRIC_REPRESENTATION_CONTEXT(2) 
PARAMETRIC_REPRESENTATION_CONTEXT() REPRESENTATION_CONTEXT('2D SPACE',''
  ) );
#12298 = ORIENTED_EDGE('',*,*,#12299,.T.);
#12299 = EDGE_CURVE('',#12272,#12272,#12300,.T.);
#12300 = SURFACE_CURVE('',#12301,(#12306,#12313),.PCURVE_S1.);
#12301 = CIRCLE('',#12302,4.25);
#12302 = AXIS2_PLACEMENT_3D('',#12303,#12304,#12305);
#12303 = CARTESIAN_POINT('',(-20.,159.,292.));
#12304 = DIRECTION('',(-1.224646799147E-16,-1.359631073447E-32,-1.));
#12305 = DIRECTION('',(1.110223024625E-16,-1.,0.));
#12306 = PCURVE('',#12280,#12307);
#12307 = DEFINITIONAL_REPRESENTATION('',(#12308),#12312);
#12308 = LINE('',#12309,#12310);
#12309 = CARTESIAN_POINT('',(-0.,-5.));
#12310 = VECTOR('',#12311,1.);
#12311 = DIRECTION('',(-1.,0.));
#12312 = ( GEOMETRIC_REPRESENTATION_CONTEXT(2) 
PARAMETRIC_REPRESENTATION_CONTEXT() REPRESENTATION_CONTEXT('2D SPACE',''
  ) );
#12313 = PCURVE('',#12314,#12319);
#12314 = PLANE('',#12315);
#12315 = AXIS2_PLACEMENT_3D('',#12316,#12317,#12318);
#12316 = CARTESIAN_POINT('',(-20.,159.,292.));
#12317 = DIRECTION('',(-1.224646799147E-16,-1.359631073447E-32,-1.));
#12318 = DIRECTION('',(1.110223024625E-16,-1.,0.));
#12319 = DEFINITIONAL_REPRESENTATION('',(#12320),#12324);
#12320 = CIRCLE('',#12321,4.25);
#12321 = AXIS2_PLACEMENT_2D('',#12322,#12323);
#12322 = CARTESIAN_POINT('',(0.,0.));
#12323 = DIRECTION('',(1.,0.));
#12324 = ( GEOMETRIC_REPRESENTATION_CONTEXT(2) 
PARAMETRIC_REPRESENTATION_CONTEXT() REPRESENTATION_CONTEXT('2D SPACE',''
  ) );
#12325 = ORIENTED_EDGE('',*,*,#12269,.F.);
#12326 = ORIENTED_EDGE('',*,*,#12327,.F.);
#12327 = EDGE_CURVE('',#12270,#12270,#12328,.T.);
#12328 = SURFACE_CURVE('',#12329,(#12334,#12341),.PCURVE_S1.);
#12329 = CIRCLE('',#12330,4.25);
#12330 = AXIS2_PLACEMENT_3D('',#12331,#12332,#12333);
#12331 = CARTESIAN_POINT('',(-20.,159.,297.));
#12332 = DIRECTION('',(-1.224646799147E-16,-1.359631073447E-32,-1.));
#12333 = DIRECTION('',(1.110223024625E-16,-1.,0.));
#12334 = PCURVE('',#12280,#12335);
#12335 = DEFINITIONAL_REPRESENTATION('',(#12336),#12340);
#12336 = LINE('',#12337,#12338);
#12337 = CARTESIAN_POINT('',(-0.,0.));
#12338 = VECTOR('',#12339,1.);
#12339 = DIRECTION('',(-1.,0.));
#12340 = ( GEOMETRIC_REPRESENTATION_CONTEXT(2) 
PARAMETRIC_REPRESENTATION_CONTEXT() REPRESENTATION_CONTEXT('2D SPACE',''
  ) );
#12341 = PCURVE('',#12342,#12347);
#12342 = PLANE('',#12343);
#12343 = AXIS2_PLACEMENT_3D('',#12344,#12345,#12346);
#12344 = CARTESIAN_POINT('',(-20.,159.,297.));
#12345 = DIRECTION('',(-1.224646799147E-16,-1.359631073447E-32,-1.));
#12346 = DIRECTION('',(1.110223024625E-16,-1.,0.));
#12347 = DEFINITIONAL_REPRESENTATION('',(#12348),#12352);
#12348 = CIRCLE('',#12349,4.25);
#12349 = AXIS2_PLACEMENT_2D('',#12350,#12351);
#12350 = CARTESIAN_POINT('',(0.,0.));
#12351 = DIRECTION('',(1.,0.));
#12352 = ( GEOMETRIC_REPRESENTATION_CONTEXT(2) 
PARAMETRIC_REPRESENTATION_CONTEXT() REPRESENTATION_CONTEXT('2D SPACE',''
  ) );
#12353 = ADVANCED_FACE('',(#12354,#12357),#12342,.F.);
#12354 = FACE_BOUND('',#12355,.F.);
#12355 = EDGE_LOOP('',(#12356));
#12356 = ORIENTED_EDGE('',*,*,#12327,.T.);
#12357 = FACE_BOUND('',#12358,.F.);
#12358 = EDGE_LOOP('',(#12359));
#12359 = ORIENTED_EDGE('',*,*,#12360,.F.);
#12360 = EDGE_CURVE('',#12361,#12361,#12363,.T.);
#12361 = VERTEX_POINT('',#12362);
#12362 = CARTESIAN_POINT('',(-20.,156.55,297.));
#12363 = SURFACE_CURVE('',#12364,(#12369,#12376),.PCURVE_S1.);
#12364 = CIRCLE('',#12365,2.45);
#12365 = AXIS2_PLACEMENT_3D('',#12366,#12367,#12368);
#12366 = CARTESIAN_POINT('',(-20.,159.,297.));
#12367 = DIRECTION('',(-1.224646799147E-16,-1.359631073447E-32,-1.));
#12368 = DIRECTION('',(1.110223024625E-16,-1.,0.));
#12369 = PCURVE('',#12342,#12370);
#12370 = DEFINITIONAL_REPRESENTATION('',(#12371),#12375);
#12371 = CIRCLE('',#12372,2.45);
#12372 = AXIS2_PLACEMENT_2D('',#12373,#12374);
#12373 = CARTESIAN_POINT('',(0.,0.));
#12374 = DIRECTION('',(1.,0.));
#12375 = ( GEOMETRIC_REPRESENTATION_CONTEXT(2) 
PARAMETRIC_REPRESENTATION_CONTEXT() REPRESENTATION_CONTEXT('2D SPACE',''
  ) );
#12376 = PCURVE('',#12377,#12382);
#12377 = CYLINDRICAL_SURFACE('',#12378,2.45);
#12378 = AXIS2_PLACEMENT_3D('',#12379,#12380,#12381);
#12379 = CARTESIAN_POINT('',(-20.,159.,313.));
#12380 = DIRECTION('',(1.224646799147E-16,1.359631073447E-32,1.));
#12381 = DIRECTION('',(1.110223024625E-16,-1.,0.));
#12382 = DEFINITIONAL_REPRESENTATION('',(#12383),#12387);
#12383 = LINE('',#12384,#12385);
#12384 = CARTESIAN_POINT('',(-0.,-16.));
#12385 = VECTOR('',#12386,1.);
#12386 = DIRECTION('',(-1.,0.));
#12387 = ( GEOMETRIC_REPRESENTATION_CONTEXT(2) 
PARAMETRIC_REPRESENTATION_CONTEXT() REPRESENTATION_CONTEXT('2D SPACE',''
  ) );
#12388 = ADVANCED_FACE('',(#12389),#12314,.T.);
#12389 = FACE_BOUND('',#12390,.T.);
#12390 = EDGE_LOOP('',(#12391));
#12391 = ORIENTED_EDGE('',*,*,#12299,.T.);
#12392 = ADVANCED_FACE('',(#12393),#12377,.T.);
#12393 = FACE_BOUND('',#12394,.F.);
#12394 = EDGE_LOOP('',(#12395,#12418,#12419,#12420));
#12395 = ORIENTED_EDGE('',*,*,#12396,.T.);
#12396 = EDGE_CURVE('',#12397,#12361,#12399,.T.);
#12397 = VERTEX_POINT('',#12398);
#12398 = CARTESIAN_POINT('',(-20.,156.55,313.));
#12399 = SEAM_CURVE('',#12400,(#12404,#12411),.PCURVE_S1.);
#12400 = LINE('',#12401,#12402);
#12401 = CARTESIAN_POINT('',(-20.,156.55,313.));
#12402 = VECTOR('',#12403,1.);
#12403 = DIRECTION('',(-1.224646799147E-16,-1.359631073447E-32,-1.));
#12404 = PCURVE('',#12377,#12405);
#12405 = DEFINITIONAL_REPRESENTATION('',(#12406),#12410);
#12406 = LINE('',#12407,#12408);
#12407 = CARTESIAN_POINT('',(-0.,0.));
#12408 = VECTOR('',#12409,1.);
#12409 = DIRECTION('',(-0.,-1.));
#12410 = ( GEOMETRIC_REPRESENTATION_CONTEXT(2) 
PARAMETRIC_REPRESENTATION_CONTEXT() REPRESENTATION_CONTEXT('2D SPACE',''
  ) );
#12411 = PCURVE('',#12377,#12412);
#12412 = DEFINITIONAL_REPRESENTATION('',(#12413),#12417);
#12413 = LINE('',#12414,#12415);
#12414 = CARTESIAN_POINT('',(-6.28318530718,0.));
#12415 = VECTOR('',#12416,1.);
#12416 = DIRECTION('',(-0.,-1.));
#12417 = ( GEOMETRIC_REPRESENTATION_CONTEXT(2) 
PARAMETRIC_REPRESENTATION_CONTEXT() REPRESENTATION_CONTEXT('2D SPACE',''
  ) );
#12418 = ORIENTED_EDGE('',*,*,#12360,.T.);
#12419 = ORIENTED_EDGE('',*,*,#12396,.F.);
#12420 = ORIENTED_EDGE('',*,*,#12421,.F.);
#12421 = EDGE_CURVE('',#12397,#12397,#12422,.T.);
#12422 = SURFACE_CURVE('',#12423,(#12428,#12435),.PCURVE_S1.);
#12423 = CIRCLE('',#12424,2.45);
#12424 = AXIS2_PLACEMENT_3D('',#12425,#12426,#12427);
#12425 = CARTESIAN_POINT('',(-20.,159.,313.));
#12426 = DIRECTION('',(-1.224646799147E-16,-1.359631073447E-32,-1.));
#12427 = DIRECTION('',(1.110223024625E-16,-1.,0.));
#12428 = PCURVE('',#12377,#12429);
#12429 = DEFINITIONAL_REPRESENTATION('',(#12430),#12434);
#12430 = LINE('',#12431,#12432);
#12431 = CARTESIAN_POINT('',(-0.,0.));
#12432 = VECTOR('',#12433,1.);
#12433 = DIRECTION('',(-1.,0.));
#12434 = ( GEOMETRIC_REPRESENTATION_CONTEXT(2) 
PARAMETRIC_REPRESENTATION_CONTEXT() REPRESENTATION_CONTEXT('2D SPACE',''
  ) );
#12435 = PCURVE('',#12436,#12441);
#12436 = PLANE('',#12437);
#12437 = AXIS2_PLACEMENT_3D('',#12438,#12439,#12440);
#12438 = CARTESIAN_POINT('',(-20.,159.,313.));
#12439 = DIRECTION('',(-1.224646799147E-16,-1.359631073447E-32,-1.));
#12440 = DIRECTION('',(1.110223024625E-16,-1.,0.));
#12441 = DEFINITIONAL_REPRESENTATION('',(#12442),#12446);
#12442 = CIRCLE('',#12443,2.45);
#12443 = AXIS2_PLACEMENT_2D('',#12444,#12445);
#12444 = CARTESIAN_POINT('',(0.,0.));
#12445 = DIRECTION('',(1.,0.));
#12446 = ( GEOMETRIC_REPRESENTATION_CONTEXT(2) 
PARAMETRIC_REPRESENTATION_CONTEXT() REPRESENTATION_CONTEXT('2D SPACE',''
  ) );
#12447 = ADVANCED_FACE('',(#12448),#12436,.F.);
#12448 = FACE_BOUND('',#12449,.F.);
#12449 = EDGE_LOOP('',(#12450));
#12450 = ORIENTED_EDGE('',*,*,#12421,.T.);
#12451 = ( GEOMETRIC_REPRESENTATION_CONTEXT(3) 
GLOBAL_UNCERTAINTY_ASSIGNED_CONTEXT((#12455)) 
GLOBAL_UNIT_ASSIGNED_CONTEXT((#12452,#12453,#12454)) 
REPRESENTATION_CONTEXT('Context #1',
  '3D Context with UNIT and UNCERTAINTY') );
#12452 = ( LENGTH_UNIT() NAMED_UNIT(*) SI_UNIT(.MILLI.,.METRE.) );
#12453 = ( NAMED_UNIT(*) PLANE_ANGLE_UNIT() SI_UNIT($,.RADIAN.) );
#12454 = ( NAMED_UNIT(*) SI_UNIT($,.STERADIAN.) SOLID_ANGLE_UNIT() );
#12455 = UNCERTAINTY_MEASURE_WITH_UNIT(LENGTH_MEASURE(1.E-07),#12452,
  'distance_accuracy_value','confusion accuracy');
#12456 = CONTEXT_DEPENDENT_SHAPE_REPRESENTATION(#12457,#12459);
#12457 = ( REPRESENTATION_RELATIONSHIP('','',#12262,#10) 
REPRESENTATION_RELATIONSHIP_WITH_TRANSFORMATION(#12458) 
SHAPE_REPRESENTATION_RELATIONSHIP() );
#12458 = ITEM_DEFINED_TRANSFORMATION('','',#11,#83);
#12459 = PRODUCT_DEFINITION_SHAPE('Placement','Placement of an item',
  #12460);
#12460 = NEXT_ASSEMBLY_USAGE_OCCURRENCE('87','U1_R_M5X16_2','',#5,#12257
  ,$);
#12461 = PRODUCT_RELATED_PRODUCT_CATEGORY('part',$,(#12259));
#12462 = SHAPE_DEFINITION_REPRESENTATION(#12463,#12469);
#12463 = PRODUCT_DEFINITION_SHAPE('','',#12464);
#12464 = PRODUCT_DEFINITION('design','',#12465,#12468);
#12465 = PRODUCT_DEFINITION_FORMATION('','',#12466);
#12466 = PRODUCT('U1_R_W5_2','U1_R_W5_2','',(#12467));
#12467 = PRODUCT_CONTEXT('',#2,'mechanical');
#12468 = PRODUCT_DEFINITION_CONTEXT('part definition',#2,'design');
#12469 = ADVANCED_BREP_SHAPE_REPRESENTATION('',(#11,#12470),#12762);
#12470 = MANIFOLD_SOLID_BREP('',#12471);
#12471 = CLOSED_SHELL('',(#12472,#12560,#12615,#12650,#12685,#12735));
#12472 = ADVANCED_FACE('',(#12473),#12487,.T.);
#12473 = FACE_BOUND('',#12474,.F.);
#12474 = EDGE_LOOP('',(#12475,#12505,#12532,#12533));
#12475 = ORIENTED_EDGE('',*,*,#12476,.T.);
#12476 = EDGE_CURVE('',#12477,#12479,#12481,.T.);
#12477 = VERTEX_POINT('',#12478);
#12478 = CARTESIAN_POINT('',(-20.,154.5,297.5));
#12479 = VERTEX_POINT('',#12480);
#12480 = CARTESIAN_POINT('',(-20.,154.5,297.));
#12481 = SEAM_CURVE('',#12482,(#12486,#12498),.PCURVE_S1.);
#12482 = LINE('',#12483,#12484);
#12483 = CARTESIAN_POINT('',(-20.,154.5,297.5));
#12484 = VECTOR('',#12485,1.);
#12485 = DIRECTION('',(-1.224646799147E-16,-1.359631073447E-32,-1.));
#12486 = PCURVE('',#12487,#12492);
#12487 = CYLINDRICAL_SURFACE('',#12488,4.5);
#12488 = AXIS2_PLACEMENT_3D('',#12489,#12490,#12491);
#12489 = CARTESIAN_POINT('',(-20.,159.,297.5));
#12490 = DIRECTION('',(1.224646799147E-16,1.359631073447E-32,1.));
#12491 = DIRECTION('',(1.110223024625E-16,-1.,0.));
#12492 = DEFINITIONAL_REPRESENTATION('',(#12493),#12497);
#12493 = LINE('',#12494,#12495);
#12494 = CARTESIAN_POINT('',(-0.,0.));
#12495 = VECTOR('',#12496,1.);
#12496 = DIRECTION('',(-0.,-1.));
#12497 = ( GEOMETRIC_REPRESENTATION_CONTEXT(2) 
PARAMETRIC_REPRESENTATION_CONTEXT() REPRESENTATION_CONTEXT('2D SPACE',''
  ) );
#12498 = PCURVE('',#12487,#12499);
#12499 = DEFINITIONAL_REPRESENTATION('',(#12500),#12504);
#12500 = LINE('',#12501,#12502);
#12501 = CARTESIAN_POINT('',(-6.28318530718,0.));
#12502 = VECTOR('',#12503,1.);
#12503 = DIRECTION('',(-0.,-1.));
#12504 = ( GEOMETRIC_REPRESENTATION_CONTEXT(2) 
PARAMETRIC_REPRESENTATION_CONTEXT() REPRESENTATION_CONTEXT('2D SPACE',''
  ) );
#12505 = ORIENTED_EDGE('',*,*,#12506,.T.);
#12506 = EDGE_CURVE('',#12479,#12479,#12507,.T.);
#12507 = SURFACE_CURVE('',#12508,(#12513,#12520),.PCURVE_S1.);
#12508 = CIRCLE('',#12509,4.5);
#12509 = AXIS2_PLACEMENT_3D('',#12510,#12511,#12512);
#12510 = CARTESIAN_POINT('',(-20.,159.,297.));
#12511 = DIRECTION('',(-1.224646799147E-16,-1.359631073447E-32,-1.));
#12512 = DIRECTION('',(1.110223024625E-16,-1.,0.));
#12513 = PCURVE('',#12487,#12514);
#12514 = DEFINITIONAL_REPRESENTATION('',(#12515),#12519);
#12515 = LINE('',#12516,#12517);
#12516 = CARTESIAN_POINT('',(-0.,-0.5));
#12517 = VECTOR('',#12518,1.);
#12518 = DIRECTION('',(-1.,0.));
#12519 = ( GEOMETRIC_REPRESENTATION_CONTEXT(2) 
PARAMETRIC_REPRESENTATION_CONTEXT() REPRESENTATION_CONTEXT('2D SPACE',''
  ) );
#12520 = PCURVE('',#12521,#12526);
#12521 = PLANE('',#12522);
#12522 = AXIS2_PLACEMENT_3D('',#12523,#12524,#12525);
#12523 = CARTESIAN_POINT('',(-20.,159.,297.));
#12524 = DIRECTION('',(-1.224646799147E-16,-1.359631073447E-32,-1.));
#12525 = DIRECTION('',(1.110223024625E-16,-1.,0.));
#12526 = DEFINITIONAL_REPRESENTATION('',(#12527),#12531);
#12527 = CIRCLE('',#12528,4.5);
#12528 = AXIS2_PLACEMENT_2D('',#12529,#12530);
#12529 = CARTESIAN_POINT('',(0.,0.));
#12530 = DIRECTION('',(1.,0.));
#12531 = ( GEOMETRIC_REPRESENTATION_CONTEXT(2) 
PARAMETRIC_REPRESENTATION_CONTEXT() REPRESENTATION_CONTEXT('2D SPACE',''
  ) );
#12532 = ORIENTED_EDGE('',*,*,#12476,.F.);
#12533 = ORIENTED_EDGE('',*,*,#12534,.F.);
#12534 = EDGE_CURVE('',#12477,#12477,#12535,.T.);
#12535 = SURFACE_CURVE('',#12536,(#12541,#12548),.PCURVE_S1.);
#12536 = CIRCLE('',#12537,4.5);
#12537 = AXIS2_PLACEMENT_3D('',#12538,#12539,#12540);
#12538 = CARTESIAN_POINT('',(-20.,159.,297.5));
#12539 = DIRECTION('',(-1.224646799147E-16,-1.359631073447E-32,-1.));
#12540 = DIRECTION('',(1.110223024625E-16,-1.,0.));
#12541 = PCURVE('',#12487,#12542);
#12542 = DEFINITIONAL_REPRESENTATION('',(#12543),#12547);
#12543 = LINE('',#12544,#12545);
#12544 = CARTESIAN_POINT('',(-0.,0.));
#12545 = VECTOR('',#12546,1.);
#12546 = DIRECTION('',(-1.,0.));
#12547 = ( GEOMETRIC_REPRESENTATION_CONTEXT(2) 
PARAMETRIC_REPRESENTATION_CONTEXT() REPRESENTATION_CONTEXT('2D SPACE',''
  ) );
#12548 = PCURVE('',#12549,#12554);
#12549 = CYLINDRICAL_SURFACE('',#12550,4.5);
#12550 = AXIS2_PLACEMENT_3D('',#12551,#12552,#12553);
#12551 = CARTESIAN_POINT('',(-20.,159.,297.5));
#12552 = DIRECTION('',(-1.224646799147E-16,-1.359631073447E-32,-1.));
#12553 = DIRECTION('',(1.110223024625E-16,-1.,0.));
#12554 = DEFINITIONAL_REPRESENTATION('',(#12555),#12559);
#12555 = LINE('',#12556,#12557);
#12556 = CARTESIAN_POINT('',(0.,0.));
#12557 = VECTOR('',#12558,1.);
#12558 = DIRECTION('',(1.,0.));
#12559 = ( GEOMETRIC_REPRESENTATION_CONTEXT(2) 
PARAMETRIC_REPRESENTATION_CONTEXT() REPRESENTATION_CONTEXT('2D SPACE',''
  ) );
#12560 = ADVANCED_FACE('',(#12561),#12549,.T.);
#12561 = FACE_BOUND('',#12562,.T.);
#12562 = EDGE_LOOP('',(#12563,#12586,#12613,#12614));
#12563 = ORIENTED_EDGE('',*,*,#12564,.T.);
#12564 = EDGE_CURVE('',#12477,#12565,#12567,.T.);
#12565 = VERTEX_POINT('',#12566);
#12566 = CARTESIAN_POINT('',(-20.,154.5,298.));
#12567 = SEAM_CURVE('',#12568,(#12572,#12579),.PCURVE_S1.);
#12568 = LINE('',#12569,#12570);
#12569 = CARTESIAN_POINT('',(-20.,154.5,297.5));
#12570 = VECTOR('',#12571,1.);
#12571 = DIRECTION('',(1.224646799147E-16,1.359631073447E-32,1.));
#12572 = PCURVE('',#12549,#12573);
#12573 = DEFINITIONAL_REPRESENTATION('',(#12574),#12578);
#12574 = LINE('',#12575,#12576);
#12575 = CARTESIAN_POINT('',(0.,0.));
#12576 = VECTOR('',#12577,1.);
#12577 = DIRECTION('',(0.,-1.));
#12578 = ( GEOMETRIC_REPRESENTATION_CONTEXT(2) 
PARAMETRIC_REPRESENTATION_CONTEXT() REPRESENTATION_CONTEXT('2D SPACE',''
  ) );
#12579 = PCURVE('',#12549,#12580);
#12580 = DEFINITIONAL_REPRESENTATION('',(#12581),#12585);
#12581 = LINE('',#12582,#12583);
#12582 = CARTESIAN_POINT('',(6.28318530718,0.));
#12583 = VECTOR('',#12584,1.);
#12584 = DIRECTION('',(0.,-1.));
#12585 = ( GEOMETRIC_REPRESENTATION_CONTEXT(2) 
PARAMETRIC_REPRESENTATION_CONTEXT() REPRESENTATION_CONTEXT('2D SPACE',''
  ) );
#12586 = ORIENTED_EDGE('',*,*,#12587,.T.);
#12587 = EDGE_CURVE('',#12565,#12565,#12588,.T.);
#12588 = SURFACE_CURVE('',#12589,(#12594,#12601),.PCURVE_S1.);
#12589 = CIRCLE('',#12590,4.5);
#12590 = AXIS2_PLACEMENT_3D('',#12591,#12592,#12593);
#12591 = CARTESIAN_POINT('',(-20.,159.,298.));
#12592 = DIRECTION('',(-1.224646799147E-16,-1.359631073447E-32,-1.));
#12593 = DIRECTION('',(1.110223024625E-16,-1.,0.));
#12594 = PCURVE('',#12549,#12595);
#12595 = DEFINITIONAL_REPRESENTATION('',(#12596),#12600);
#12596 = LINE('',#12597,#12598);
#12597 = CARTESIAN_POINT('',(0.,-0.5));
#12598 = VECTOR('',#12599,1.);
#12599 = DIRECTION('',(1.,0.));
#12600 = ( GEOMETRIC_REPRESENTATION_CONTEXT(2) 
PARAMETRIC_REPRESENTATION_CONTEXT() REPRESENTATION_CONTEXT('2D SPACE',''
  ) );
#12601 = PCURVE('',#12602,#12607);
#12602 = PLANE('',#12603);
#12603 = AXIS2_PLACEMENT_3D('',#12604,#12605,#12606);
#12604 = CARTESIAN_POINT('',(-20.,159.,298.));
#12605 = DIRECTION('',(-1.224646799147E-16,-1.359631073447E-32,-1.));
#12606 = DIRECTION('',(1.110223024625E-16,-1.,0.));
#12607 = DEFINITIONAL_REPRESENTATION('',(#12608),#12612);
#12608 = CIRCLE('',#12609,4.5);
#12609 = AXIS2_PLACEMENT_2D('',#12610,#12611);
#12610 = CARTESIAN_POINT('',(0.,0.));
#12611 = DIRECTION('',(1.,0.));
#12612 = ( GEOMETRIC_REPRESENTATION_CONTEXT(2) 
PARAMETRIC_REPRESENTATION_CONTEXT() REPRESENTATION_CONTEXT('2D SPACE',''
  ) );
#12613 = ORIENTED_EDGE('',*,*,#12564,.F.);
#12614 = ORIENTED_EDGE('',*,*,#12534,.F.);
#12615 = ADVANCED_FACE('',(#12616,#12619),#12521,.T.);
#12616 = FACE_BOUND('',#12617,.T.);
#12617 = EDGE_LOOP('',(#12618));
#12618 = ORIENTED_EDGE('',*,*,#12506,.T.);
#12619 = FACE_BOUND('',#12620,.T.);
#12620 = EDGE_LOOP('',(#12621));
#12621 = ORIENTED_EDGE('',*,*,#12622,.F.);
#12622 = EDGE_CURVE('',#12623,#12623,#12625,.T.);
#12623 = VERTEX_POINT('',#12624);
#12624 = CARTESIAN_POINT('',(-20.,156.35,297.));
#12625 = SURFACE_CURVE('',#12626,(#12631,#12638),.PCURVE_S1.);
#12626 = CIRCLE('',#12627,2.65);
#12627 = AXIS2_PLACEMENT_3D('',#12628,#12629,#12630);
#12628 = CARTESIAN_POINT('',(-20.,159.,297.));
#12629 = DIRECTION('',(-1.224646799147E-16,-1.359631073447E-32,-1.));
#12630 = DIRECTION('',(1.110223024625E-16,-1.,0.));
#12631 = PCURVE('',#12521,#12632);
#12632 = DEFINITIONAL_REPRESENTATION('',(#12633),#12637);
#12633 = CIRCLE('',#12634,2.65);
#12634 = AXIS2_PLACEMENT_2D('',#12635,#12636);
#12635 = CARTESIAN_POINT('',(2.84217094304E-14,3.155443620884E-30));
#12636 = DIRECTION('',(1.,0.));
#12637 = ( GEOMETRIC_REPRESENTATION_CONTEXT(2) 
PARAMETRIC_REPRESENTATION_CONTEXT() REPRESENTATION_CONTEXT('2D SPACE',''
  ) );
#12638 = PCURVE('',#12639,#12644);
#12639 = CYLINDRICAL_SURFACE('',#12640,2.65);
#12640 = AXIS2_PLACEMENT_3D('',#12641,#12642,#12643);
#12641 = CARTESIAN_POINT('',(-20.,159.,297.5));
#12642 = DIRECTION('',(1.224646799147E-16,1.359631073447E-32,1.));
#12643 = DIRECTION('',(1.110223024625E-16,-1.,0.));
#12644 = DEFINITIONAL_REPRESENTATION('',(#12645),#12649);
#12645 = LINE('',#12646,#12647);
#12646 = CARTESIAN_POINT('',(-0.,-0.5));
#12647 = VECTOR('',#12648,1.);
#12648 = DIRECTION('',(-1.,0.));
#12649 = ( GEOMETRIC_REPRESENTATION_CONTEXT(2) 
PARAMETRIC_REPRESENTATION_CONTEXT() REPRESENTATION_CONTEXT('2D SPACE',''
  ) );
#12650 = ADVANCED_FACE('',(#12651,#12654),#12602,.F.);
#12651 = FACE_BOUND('',#12652,.F.);
#12652 = EDGE_LOOP('',(#12653));
#12653 = ORIENTED_EDGE('',*,*,#12587,.T.);
#12654 = FACE_BOUND('',#12655,.F.);
#12655 = EDGE_LOOP('',(#12656));
#12656 = ORIENTED_EDGE('',*,*,#12657,.F.);
#12657 = EDGE_CURVE('',#12658,#12658,#12660,.T.);
#12658 = VERTEX_POINT('',#12659);
#12659 = CARTESIAN_POINT('',(-20.,156.35,298.));
#12660 = SURFACE_CURVE('',#12661,(#12666,#12673),.PCURVE_S1.);
#12661 = CIRCLE('',#12662,2.65);
#12662 = AXIS2_PLACEMENT_3D('',#12663,#12664,#12665);
#12663 = CARTESIAN_POINT('',(-20.,159.,298.));
#12664 = DIRECTION('',(-1.224646799147E-16,-1.359631073447E-32,-1.));
#12665 = DIRECTION('',(1.110223024625E-16,-1.,0.));
#12666 = PCURVE('',#12602,#12667);
#12667 = DEFINITIONAL_REPRESENTATION('',(#12668),#12672);
#12668 = CIRCLE('',#12669,2.65);
#12669 = AXIS2_PLACEMENT_2D('',#12670,#12671);
#12670 = CARTESIAN_POINT('',(2.84217094304E-14,3.155443620884E-30));
#12671 = DIRECTION('',(1.,0.));
#12672 = ( GEOMETRIC_REPRESENTATION_CONTEXT(2) 
PARAMETRIC_REPRESENTATION_CONTEXT() REPRESENTATION_CONTEXT('2D SPACE',''
  ) );
#12673 = PCURVE('',#12674,#12679);
#12674 = CYLINDRICAL_SURFACE('',#12675,2.65);
#12675 = AXIS2_PLACEMENT_3D('',#12676,#12677,#12678);
#12676 = CARTESIAN_POINT('',(-20.,159.,297.5));
#12677 = DIRECTION('',(-1.224646799147E-16,-1.359631073447E-32,-1.));
#12678 = DIRECTION('',(1.110223024625E-16,-1.,0.));
#12679 = DEFINITIONAL_REPRESENTATION('',(#12680),#12684);
#12680 = LINE('',#12681,#12682);
#12681 = CARTESIAN_POINT('',(0.,-0.5));
#12682 = VECTOR('',#12683,1.);
#12683 = DIRECTION('',(1.,0.));
#12684 = ( GEOMETRIC_REPRESENTATION_CONTEXT(2) 
PARAMETRIC_REPRESENTATION_CONTEXT() REPRESENTATION_CONTEXT('2D SPACE',''
  ) );
#12685 = ADVANCED_FACE('',(#12686),#12639,.F.);
#12686 = FACE_BOUND('',#12687,.T.);
#12687 = EDGE_LOOP('',(#12688,#12711,#12712,#12713));
#12688 = ORIENTED_EDGE('',*,*,#12689,.T.);
#12689 = EDGE_CURVE('',#12690,#12623,#12692,.T.);
#12690 = VERTEX_POINT('',#12691);
#12691 = CARTESIAN_POINT('',(-20.,156.35,297.5));
#12692 = SEAM_CURVE('',#12693,(#12697,#12704),.PCURVE_S1.);
#12693 = LINE('',#12694,#12695);
#12694 = CARTESIAN_POINT('',(-20.,156.35,297.5));
#12695 = VECTOR('',#12696,1.);
#12696 = DIRECTION('',(-1.224646799147E-16,-1.359631073447E-32,-1.));
#12697 = PCURVE('',#12639,#12698);
#12698 = DEFINITIONAL_REPRESENTATION('',(#12699),#12703);
#12699 = LINE('',#12700,#12701);
#12700 = CARTESIAN_POINT('',(-0.,0.));
#12701 = VECTOR('',#12702,1.);
#12702 = DIRECTION('',(-0.,-1.));
#12703 = ( GEOMETRIC_REPRESENTATION_CONTEXT(2) 
PARAMETRIC_REPRESENTATION_CONTEXT() REPRESENTATION_CONTEXT('2D SPACE',''
  ) );
#12704 = PCURVE('',#12639,#12705);
#12705 = DEFINITIONAL_REPRESENTATION('',(#12706),#12710);
#12706 = LINE('',#12707,#12708);
#12707 = CARTESIAN_POINT('',(-6.28318530718,0.));
#12708 = VECTOR('',#12709,1.);
#12709 = DIRECTION('',(-0.,-1.));
#12710 = ( GEOMETRIC_REPRESENTATION_CONTEXT(2) 
PARAMETRIC_REPRESENTATION_CONTEXT() REPRESENTATION_CONTEXT('2D SPACE',''
  ) );
#12711 = ORIENTED_EDGE('',*,*,#12622,.T.);
#12712 = ORIENTED_EDGE('',*,*,#12689,.F.);
#12713 = ORIENTED_EDGE('',*,*,#12714,.F.);
#12714 = EDGE_CURVE('',#12690,#12690,#12715,.T.);
#12715 = SURFACE_CURVE('',#12716,(#12721,#12728),.PCURVE_S1.);
#12716 = CIRCLE('',#12717,2.65);
#12717 = AXIS2_PLACEMENT_3D('',#12718,#12719,#12720);
#12718 = CARTESIAN_POINT('',(-20.,159.,297.5));
#12719 = DIRECTION('',(-1.224646799147E-16,-1.359631073447E-32,-1.));
#12720 = DIRECTION('',(1.110223024625E-16,-1.,0.));
#12721 = PCURVE('',#12639,#12722);
#12722 = DEFINITIONAL_REPRESENTATION('',(#12723),#12727);
#12723 = LINE('',#12724,#12725);
#12724 = CARTESIAN_POINT('',(-0.,0.));
#12725 = VECTOR('',#12726,1.);
#12726 = DIRECTION('',(-1.,0.));
#12727 = ( GEOMETRIC_REPRESENTATION_CONTEXT(2) 
PARAMETRIC_REPRESENTATION_CONTEXT() REPRESENTATION_CONTEXT('2D SPACE',''
  ) );
#12728 = PCURVE('',#12674,#12729);
#12729 = DEFINITIONAL_REPRESENTATION('',(#12730),#12734);
#12730 = LINE('',#12731,#12732);
#12731 = CARTESIAN_POINT('',(0.,0.));
#12732 = VECTOR('',#12733,1.);
#12733 = DIRECTION('',(1.,0.));
#12734 = ( GEOMETRIC_REPRESENTATION_CONTEXT(2) 
PARAMETRIC_REPRESENTATION_CONTEXT() REPRESENTATION_CONTEXT('2D SPACE',''
  ) );
#12735 = ADVANCED_FACE('',(#12736),#12674,.F.);
#12736 = FACE_BOUND('',#12737,.F.);
#12737 = EDGE_LOOP('',(#12738,#12759,#12760,#12761));
#12738 = ORIENTED_EDGE('',*,*,#12739,.T.);
#12739 = EDGE_CURVE('',#12690,#12658,#12740,.T.);
#12740 = SEAM_CURVE('',#12741,(#12745,#12752),.PCURVE_S1.);
#12741 = LINE('',#12742,#12743);
#12742 = CARTESIAN_POINT('',(-20.,156.35,297.5));
#12743 = VECTOR('',#12744,1.);
#12744 = DIRECTION('',(1.224646799147E-16,1.359631073447E-32,1.));
#12745 = PCURVE('',#12674,#12746);
#12746 = DEFINITIONAL_REPRESENTATION('',(#12747),#12751);
#12747 = LINE('',#12748,#12749);
#12748 = CARTESIAN_POINT('',(0.,0.));
#12749 = VECTOR('',#12750,1.);
#12750 = DIRECTION('',(0.,-1.));
#12751 = ( GEOMETRIC_REPRESENTATION_CONTEXT(2) 
PARAMETRIC_REPRESENTATION_CONTEXT() REPRESENTATION_CONTEXT('2D SPACE',''
  ) );
#12752 = PCURVE('',#12674,#12753);
#12753 = DEFINITIONAL_REPRESENTATION('',(#12754),#12758);
#12754 = LINE('',#12755,#12756);
#12755 = CARTESIAN_POINT('',(6.28318530718,0.));
#12756 = VECTOR('',#12757,1.);
#12757 = DIRECTION('',(0.,-1.));
#12758 = ( GEOMETRIC_REPRESENTATION_CONTEXT(2) 
PARAMETRIC_REPRESENTATION_CONTEXT() REPRESENTATION_CONTEXT('2D SPACE',''
  ) );
#12759 = ORIENTED_EDGE('',*,*,#12657,.T.);
#12760 = ORIENTED_EDGE('',*,*,#12739,.F.);
#12761 = ORIENTED_EDGE('',*,*,#12714,.F.);
#12762 = ( GEOMETRIC_REPRESENTATION_CONTEXT(3) 
GLOBAL_UNCERTAINTY_ASSIGNED_CONTEXT((#12766)) 
GLOBAL_UNIT_ASSIGNED_CONTEXT((#12763,#12764,#12765)) 
REPRESENTATION_CONTEXT('Context #1',
  '3D Context with UNIT and UNCERTAINTY') );
#12763 = ( LENGTH_UNIT() NAMED_UNIT(*) SI_UNIT(.MILLI.,.METRE.) );
#12764 = ( NAMED_UNIT(*) PLANE_ANGLE_UNIT() SI_UNIT($,.RADIAN.) );
#12765 = ( NAMED_UNIT(*) SI_UNIT($,.STERADIAN.) SOLID_ANGLE_UNIT() );
#12766 = UNCERTAINTY_MEASURE_WITH_UNIT(LENGTH_MEASURE(1.E-07),#12763,
  'distance_accuracy_value','confusion accuracy');
#12767 = CONTEXT_DEPENDENT_SHAPE_REPRESENTATION(#12768,#12770);
#12768 = ( REPRESENTATION_RELATIONSHIP('','',#12469,#10) 
REPRESENTATION_RELATIONSHIP_WITH_TRANSFORMATION(#12769) 
SHAPE_REPRESENTATION_RELATIONSHIP() );
#12769 = ITEM_DEFINED_TRANSFORMATION('','',#11,#87);
#12770 = PRODUCT_DEFINITION_SHAPE('Placement','Placement of an item',
  #12771);
#12771 = NEXT_ASSEMBLY_USAGE_OCCURRENCE('88','U1_R_W5_2','',#5,#12464,$
  );
#12772 = PRODUCT_RELATED_PRODUCT_CATEGORY('part',$,(#12466));
#12773 = SHAPE_DEFINITION_REPRESENTATION(#12774,#12780);
#12774 = PRODUCT_DEFINITION_SHAPE('','',#12775);
#12775 = PRODUCT_DEFINITION('design','',#12776,#12779);
#12776 = PRODUCT_DEFINITION_FORMATION('','',#12777);
#12777 = PRODUCT('U1_R_HNTT8_5_2','U1_R_HNTT8_5_2','',(#12778));
#12778 = PRODUCT_CONTEXT('',#2,'mechanical');
#12779 = PRODUCT_DEFINITION_CONTEXT('part definition',#2,'design');
#12780 = ADVANCED_BREP_SHAPE_REPRESENTATION('',(#11,#12781),#13515);
#12781 = MANIFOLD_SOLID_BREP('',#12782);
#12782 = CLOSED_SHELL('',(#12783,#13015,#13091,#13140,#13211,#13260,
    #13322,#13397,#13424,#13481,#13488));
#12783 = ADVANCED_FACE('',(#12784),#12798,.F.);
#12784 = FACE_BOUND('',#12785,.F.);
#12785 = EDGE_LOOP('',(#12786,#12821,#12849,#12877,#12905,#12933,#12961,
    #12989));
#12786 = ORIENTED_EDGE('',*,*,#12787,.F.);
#12787 = EDGE_CURVE('',#12788,#12790,#12792,.T.);
#12788 = VERTEX_POINT('',#12789);
#12789 = CARTESIAN_POINT('',(-11.5,167.5,315.5));
#12790 = VERTEX_POINT('',#12791);
#12791 = CARTESIAN_POINT('',(-11.5,167.5,309.5));
#12792 = SURFACE_CURVE('',#12793,(#12797,#12809),.PCURVE_S1.);
#12793 = LINE('',#12794,#12795);
#12794 = CARTESIAN_POINT('',(-11.5,167.5,315.5));
#12795 = VECTOR('',#12796,1.);
#12796 = DIRECTION('',(-1.224646799147E-16,-1.359631073447E-32,-1.));
#12797 = PCURVE('',#12798,#12803);
#12798 = PLANE('',#12799);
#12799 = AXIS2_PLACEMENT_3D('',#12800,#12801,#12802);
#12800 = CARTESIAN_POINT('',(-11.5,167.5,315.5));
#12801 = DIRECTION('',(1.110223024625E-16,-1.,0.));
#12802 = DIRECTION('',(-1.224646799147E-16,-1.359631073447E-32,-1.));
#12803 = DEFINITIONAL_REPRESENTATION('',(#12804),#12808);
#12804 = LINE('',#12805,#12806);
#12805 = CARTESIAN_POINT('',(-0.,0.));
#12806 = VECTOR('',#12807,1.);
#12807 = DIRECTION('',(1.,0.));
#12808 = ( GEOMETRIC_REPRESENTATION_CONTEXT(2) 
PARAMETRIC_REPRESENTATION_CONTEXT() REPRESENTATION_CONTEXT('2D SPACE',''
  ) );
#12809 = PCURVE('',#12810,#12815);
#12810 = PLANE('',#12811);
#12811 = AXIS2_PLACEMENT_3D('',#12812,#12813,#12814);
#12812 = CARTESIAN_POINT('',(-11.5,167.5,315.5));
#12813 = DIRECTION('',(-1.,-1.110223024625E-16,1.224646799147E-16));
#12814 = DIRECTION('',(-1.224646799147E-16,-1.359631073447E-32,-1.));
#12815 = DEFINITIONAL_REPRESENTATION('',(#12816),#12820);
#12816 = LINE('',#12817,#12818);
#12817 = CARTESIAN_POINT('',(-0.,0.));
#12818 = VECTOR('',#12819,1.);
#12819 = DIRECTION('',(1.,0.));
#12820 = ( GEOMETRIC_REPRESENTATION_CONTEXT(2) 
PARAMETRIC_REPRESENTATION_CONTEXT() REPRESENTATION_CONTEXT('2D SPACE',''
  ) );
#12821 = ORIENTED_EDGE('',*,*,#12822,.T.);
#12822 = EDGE_CURVE('',#12788,#12823,#12825,.T.);
#12823 = VERTEX_POINT('',#12824);
#12824 = CARTESIAN_POINT('',(-28.5,167.5,315.5));
#12825 = SURFACE_CURVE('',#12826,(#12830,#12837),.PCURVE_S1.);
#12826 = LINE('',#12827,#12828);
#12827 = CARTESIAN_POINT('',(-11.5,167.5,315.5));
#12828 = VECTOR('',#12829,1.);
#12829 = DIRECTION('',(-1.,-1.110223024625E-16,1.224646799147E-16));
#12830 = PCURVE('',#12798,#12831);
#12831 = DEFINITIONAL_REPRESENTATION('',(#12832),#12836);
#12832 = LINE('',#12833,#12834);
#12833 = CARTESIAN_POINT('',(-0.,0.));
#12834 = VECTOR('',#12835,1.);
#12835 = DIRECTION('',(0.,-1.));
#12836 = ( GEOMETRIC_REPRESENTATION_CONTEXT(2) 
PARAMETRIC_REPRESENTATION_CONTEXT() REPRESENTATION_CONTEXT('2D SPACE',''
  ) );
#12837 = PCURVE('',#12838,#12843);
#12838 = PLANE('',#12839);
#12839 = AXIS2_PLACEMENT_3D('',#12840,#12841,#12842);
#12840 = CARTESIAN_POINT('',(-11.5,167.5,315.5));
#12841 = DIRECTION('',(-1.224646799147E-16,-1.359631073447E-32,-1.));
#12842 = DIRECTION('',(1.110223024625E-16,-1.,0.));
#12843 = DEFINITIONAL_REPRESENTATION('',(#12844),#12848);
#12844 = LINE('',#12845,#12846);
#12845 = CARTESIAN_POINT('',(0.,0.));
#12846 = VECTOR('',#12847,1.);
#12847 = DIRECTION('',(0.,1.));
#12848 = ( GEOMETRIC_REPRESENTATION_CONTEXT(2) 
PARAMETRIC_REPRESENTATION_CONTEXT() REPRESENTATION_CONTEXT('2D SPACE',''
  ) );
#12849 = ORIENTED_EDGE('',*,*,#12850,.T.);
#12850 = EDGE_CURVE('',#12823,#12851,#12853,.T.);
#12851 = VERTEX_POINT('',#12852);
#12852 = CARTESIAN_POINT('',(-28.5,167.5,309.5));
#12853 = SURFACE_CURVE('',#12854,(#12858,#12865),.PCURVE_S1.);
#12854 = LINE('',#12855,#12856);
#12855 = CARTESIAN_POINT('',(-28.5,167.5,315.5));
#12856 = VECTOR('',#12857,1.);
#12857 = DIRECTION('',(-1.224646799147E-16,-1.359631073447E-32,-1.));
#12858 = PCURVE('',#12798,#12859);
#12859 = DEFINITIONAL_REPRESENTATION('',(#12860),#12864);
#12860 = LINE('',#12861,#12862);
#12861 = CARTESIAN_POINT('',(2.081899558551E-15,-17.));
#12862 = VECTOR('',#12863,1.);
#12863 = DIRECTION('',(1.,0.));
#12864 = ( GEOMETRIC_REPRESENTATION_CONTEXT(2) 
PARAMETRIC_REPRESENTATION_CONTEXT() REPRESENTATION_CONTEXT('2D SPACE',''
  ) );
#12865 = PCURVE('',#12866,#12871);
#12866 = PLANE('',#12867);
#12867 = AXIS2_PLACEMENT_3D('',#12868,#12869,#12870);
#12868 = CARTESIAN_POINT('',(-28.5,167.5,315.5));
#12869 = DIRECTION('',(-1.,-1.110223024625E-16,1.224646799147E-16));
#12870 = DIRECTION('',(-1.224646799147E-16,-1.359631073447E-32,-1.));
#12871 = DEFINITIONAL_REPRESENTATION('',(#12872),#12876);
#12872 = LINE('',#12873,#12874);
#12873 = CARTESIAN_POINT('',(-0.,0.));
#12874 = VECTOR('',#12875,1.);
#12875 = DIRECTION('',(1.,0.));
#12876 = ( GEOMETRIC_REPRESENTATION_CONTEXT(2) 
PARAMETRIC_REPRESENTATION_CONTEXT() REPRESENTATION_CONTEXT('2D SPACE',''
  ) );
#12877 = ORIENTED_EDGE('',*,*,#12878,.F.);
#12878 = EDGE_CURVE('',#12879,#12851,#12881,.T.);
#12879 = VERTEX_POINT('',#12880);
#12880 = CARTESIAN_POINT('',(-24.9,167.5,309.5));
#12881 = SURFACE_CURVE('',#12882,(#12886,#12893),.PCURVE_S1.);
#12882 = LINE('',#12883,#12884);
#12883 = CARTESIAN_POINT('',(-11.5,167.5,309.5));
#12884 = VECTOR('',#12885,1.);
#12885 = DIRECTION('',(-1.,-1.110223024625E-16,1.224646799147E-16));
#12886 = PCURVE('',#12798,#12887);
#12887 = DEFINITIONAL_REPRESENTATION('',(#12888),#12892);
#12888 = LINE('',#12889,#12890);
#12889 = CARTESIAN_POINT('',(6.,7.347880794884E-16));
#12890 = VECTOR('',#12891,1.);
#12891 = DIRECTION('',(0.,-1.));
#12892 = ( GEOMETRIC_REPRESENTATION_CONTEXT(2) 
PARAMETRIC_REPRESENTATION_CONTEXT() REPRESENTATION_CONTEXT('2D SPACE',''
  ) );
#12893 = PCURVE('',#12894,#12899);
#12894 = PLANE('',#12895);
#12895 = AXIS2_PLACEMENT_3D('',#12896,#12897,#12898);
#12896 = CARTESIAN_POINT('',(-11.5,167.5,309.5));
#12897 = DIRECTION('',(-1.224646799147E-16,-1.359631073447E-32,-1.));
#12898 = DIRECTION('',(1.110223024625E-16,-1.,0.));
#12899 = DEFINITIONAL_REPRESENTATION('',(#12900),#12904);
#12900 = LINE('',#12901,#12902);
#12901 = CARTESIAN_POINT('',(0.,0.));
#12902 = VECTOR('',#12903,1.);
#12903 = DIRECTION('',(0.,1.));
#12904 = ( GEOMETRIC_REPRESENTATION_CONTEXT(2) 
PARAMETRIC_REPRESENTATION_CONTEXT() REPRESENTATION_CONTEXT('2D SPACE',''
  ) );
#12905 = ORIENTED_EDGE('',*,*,#12906,.T.);
#12906 = EDGE_CURVE('',#12879,#12907,#12909,.T.);
#12907 = VERTEX_POINT('',#12908);
#12908 = CARTESIAN_POINT('',(-24.9,167.5,306.5));
#12909 = SURFACE_CURVE('',#12910,(#12914,#12921),.PCURVE_S1.);
#12910 = LINE('',#12911,#12912);
#12911 = CARTESIAN_POINT('',(-24.9,167.5,309.5));
#12912 = VECTOR('',#12913,1.);
#12913 = DIRECTION('',(-1.224646799147E-16,-1.359631073447E-32,-1.));
#12914 = PCURVE('',#12798,#12915);
#12915 = DEFINITIONAL_REPRESENTATION('',(#12916),#12920);
#12916 = LINE('',#12917,#12918);
#12917 = CARTESIAN_POINT('',(6.,-13.4));
#12918 = VECTOR('',#12919,1.);
#12919 = DIRECTION('',(1.,0.));
#12920 = ( GEOMETRIC_REPRESENTATION_CONTEXT(2) 
PARAMETRIC_REPRESENTATION_CONTEXT() REPRESENTATION_CONTEXT('2D SPACE',''
  ) );
#12921 = PCURVE('',#12922,#12927);
#12922 = PLANE('',#12923);
#12923 = AXIS2_PLACEMENT_3D('',#12924,#12925,#12926);
#12924 = CARTESIAN_POINT('',(-24.9,167.5,309.5));
#12925 = DIRECTION('',(-1.,-1.110223024625E-16,1.224646799147E-16));
#12926 = DIRECTION('',(-1.224646799147E-16,-1.359631073447E-32,-1.));
#12927 = DEFINITIONAL_REPRESENTATION('',(#12928),#12932);
#12928 = LINE('',#12929,#12930);
#12929 = CARTESIAN_POINT('',(-0.,0.));
#12930 = VECTOR('',#12931,1.);
#12931 = DIRECTION('',(1.,0.));
#12932 = ( GEOMETRIC_REPRESENTATION_CONTEXT(2) 
PARAMETRIC_REPRESENTATION_CONTEXT() REPRESENTATION_CONTEXT('2D SPACE',''
  ) );
#12933 = ORIENTED_EDGE('',*,*,#12934,.F.);
#12934 = EDGE_CURVE('',#12935,#12907,#12937,.T.);
#12935 = VERTEX_POINT('',#12936);
#12936 = CARTESIAN_POINT('',(-15.1,167.5,306.5));
#12937 = SURFACE_CURVE('',#12938,(#12942,#12949),.PCURVE_S1.);
#12938 = LINE('',#12939,#12940);
#12939 = CARTESIAN_POINT('',(-15.1,167.5,306.5));
#12940 = VECTOR('',#12941,1.);
#12941 = DIRECTION('',(-1.,-1.110223024625E-16,1.224646799147E-16));
#12942 = PCURVE('',#12798,#12943);
#12943 = DEFINITIONAL_REPRESENTATION('',(#12944),#12948);
#12944 = LINE('',#12945,#12946);
#12945 = CARTESIAN_POINT('',(9.,-3.6));
#12946 = VECTOR('',#12947,1.);
#12947 = DIRECTION('',(0.,-1.));
#12948 = ( GEOMETRIC_REPRESENTATION_CONTEXT(2) 
PARAMETRIC_REPRESENTATION_CONTEXT() REPRESENTATION_CONTEXT('2D SPACE',''
  ) );
#12949 = PCURVE('',#12950,#12955);
#12950 = PLANE('',#12951);
#12951 = AXIS2_PLACEMENT_3D('',#12952,#12953,#12954);
#12952 = CARTESIAN_POINT('',(-15.1,167.5,306.5));
#12953 = DIRECTION('',(-1.224646799147E-16,-1.359631073447E-32,-1.));
#12954 = DIRECTION('',(1.110223024625E-16,-1.,0.));
#12955 = DEFINITIONAL_REPRESENTATION('',(#12956),#12960);
#12956 = LINE('',#12957,#12958);
#12957 = CARTESIAN_POINT('',(0.,0.));
#12958 = VECTOR('',#12959,1.);
#12959 = DIRECTION('',(0.,1.));
#12960 = ( GEOMETRIC_REPRESENTATION_CONTEXT(2) 
PARAMETRIC_REPRESENTATION_CONTEXT() REPRESENTATION_CONTEXT('2D SPACE',''
  ) );
#12961 = ORIENTED_EDGE('',*,*,#12962,.F.);
#12962 = EDGE_CURVE('',#12963,#12935,#12965,.T.);
#12963 = VERTEX_POINT('',#12964);
#12964 = CARTESIAN_POINT('',(-15.1,167.5,309.5));
#12965 = SURFACE_CURVE('',#12966,(#12970,#12977),.PCURVE_S1.);
#12966 = LINE('',#12967,#12968);
#12967 = CARTESIAN_POINT('',(-15.1,167.5,309.5));
#12968 = VECTOR('',#12969,1.);
#12969 = DIRECTION('',(-1.224646799147E-16,-1.359631073447E-32,-1.));
#12970 = PCURVE('',#12798,#12971);
#12971 = DEFINITIONAL_REPRESENTATION('',(#12972),#12976);
#12972 = LINE('',#12973,#12974);
#12973 = CARTESIAN_POINT('',(6.,-3.6));
#12974 = VECTOR('',#12975,1.);
#12975 = DIRECTION('',(1.,0.));
#12976 = ( GEOMETRIC_REPRESENTATION_CONTEXT(2) 
PARAMETRIC_REPRESENTATION_CONTEXT() REPRESENTATION_CONTEXT('2D SPACE',''
  ) );
#12977 = PCURVE('',#12978,#12983);
#12978 = PLANE('',#12979);
#12979 = AXIS2_PLACEMENT_3D('',#12980,#12981,#12982);
#12980 = CARTESIAN_POINT('',(-15.1,167.5,309.5));
#12981 = DIRECTION('',(-1.,-1.110223024625E-16,1.224646799147E-16));
#12982 = DIRECTION('',(-1.224646799147E-16,-1.359631073447E-32,-1.));
#12983 = DEFINITIONAL_REPRESENTATION('',(#12984),#12988);
#12984 = LINE('',#12985,#12986);
#12985 = CARTESIAN_POINT('',(-0.,0.));
#12986 = VECTOR('',#12987,1.);
#12987 = DIRECTION('',(1.,0.));
#12988 = ( GEOMETRIC_REPRESENTATION_CONTEXT(2) 
PARAMETRIC_REPRESENTATION_CONTEXT() REPRESENTATION_CONTEXT('2D SPACE',''
  ) );
#12989 = ORIENTED_EDGE('',*,*,#12990,.F.);
#12990 = EDGE_CURVE('',#12790,#12963,#12991,.T.);
#12991 = SURFACE_CURVE('',#12992,(#12996,#13003),.PCURVE_S1.);
#12992 = LINE('',#12993,#12994);
#12993 = CARTESIAN_POINT('',(-11.5,167.5,309.5));
#12994 = VECTOR('',#12995,1.);
#12995 = DIRECTION('',(-1.,-1.110223024625E-16,1.224646799147E-16));
#12996 = PCURVE('',#12798,#12997);
#12997 = DEFINITIONAL_REPRESENTATION('',(#12998),#13002);
#12998 = LINE('',#12999,#13000);
#12999 = CARTESIAN_POINT('',(6.,7.347880794884E-16));
#13000 = VECTOR('',#13001,1.);
#13001 = DIRECTION('',(0.,-1.));
#13002 = ( GEOMETRIC_REPRESENTATION_CONTEXT(2) 
PARAMETRIC_REPRESENTATION_CONTEXT() REPRESENTATION_CONTEXT('2D SPACE',''
  ) );
#13003 = PCURVE('',#13004,#13009);
#13004 = PLANE('',#13005);
#13005 = AXIS2_PLACEMENT_3D('',#13006,#13007,#13008);
#13006 = CARTESIAN_POINT('',(-11.5,167.5,309.5));
#13007 = DIRECTION('',(-1.224646799147E-16,-1.359631073447E-32,-1.));
#13008 = DIRECTION('',(1.110223024625E-16,-1.,0.));
#13009 = DEFINITIONAL_REPRESENTATION('',(#13010),#13014);
#13010 = LINE('',#13011,#13012);
#13011 = CARTESIAN_POINT('',(0.,0.));
#13012 = VECTOR('',#13013,1.);
#13013 = DIRECTION('',(0.,1.));
#13014 = ( GEOMETRIC_REPRESENTATION_CONTEXT(2) 
PARAMETRIC_REPRESENTATION_CONTEXT() REPRESENTATION_CONTEXT('2D SPACE',''
  ) );
#13015 = ADVANCED_FACE('',(#13016),#12810,.F.);
#13016 = FACE_BOUND('',#13017,.F.);
#13017 = EDGE_LOOP('',(#13018,#13041,#13042,#13065));
#13018 = ORIENTED_EDGE('',*,*,#13019,.F.);
#13019 = EDGE_CURVE('',#12788,#13020,#13022,.T.);
#13020 = VERTEX_POINT('',#13021);
#13021 = CARTESIAN_POINT('',(-11.5,150.5,315.5));
#13022 = SURFACE_CURVE('',#13023,(#13027,#13034),.PCURVE_S1.);
#13023 = LINE('',#13024,#13025);
#13024 = CARTESIAN_POINT('',(-11.5,167.5,315.5));
#13025 = VECTOR('',#13026,1.);
#13026 = DIRECTION('',(1.110223024625E-16,-1.,0.));
#13027 = PCURVE('',#12810,#13028);
#13028 = DEFINITIONAL_REPRESENTATION('',(#13029),#13033);
#13029 = LINE('',#13030,#13031);
#13030 = CARTESIAN_POINT('',(-0.,0.));
#13031 = VECTOR('',#13032,1.);
#13032 = DIRECTION('',(0.,1.));
#13033 = ( GEOMETRIC_REPRESENTATION_CONTEXT(2) 
PARAMETRIC_REPRESENTATION_CONTEXT() REPRESENTATION_CONTEXT('2D SPACE',''
  ) );
#13034 = PCURVE('',#12838,#13035);
#13035 = DEFINITIONAL_REPRESENTATION('',(#13036),#13040);
#13036 = LINE('',#13037,#13038);
#13037 = CARTESIAN_POINT('',(0.,0.));
#13038 = VECTOR('',#13039,1.);
#13039 = DIRECTION('',(1.,0.));
#13040 = ( GEOMETRIC_REPRESENTATION_CONTEXT(2) 
PARAMETRIC_REPRESENTATION_CONTEXT() REPRESENTATION_CONTEXT('2D SPACE',''
  ) );
#13041 = ORIENTED_EDGE('',*,*,#12787,.T.);
#13042 = ORIENTED_EDGE('',*,*,#13043,.T.);
#13043 = EDGE_CURVE('',#12790,#13044,#13046,.T.);
#13044 = VERTEX_POINT('',#13045);
#13045 = CARTESIAN_POINT('',(-11.5,150.5,309.5));
#13046 = SURFACE_CURVE('',#13047,(#13051,#13058),.PCURVE_S1.);
#13047 = LINE('',#13048,#13049);
#13048 = CARTESIAN_POINT('',(-11.5,167.5,309.5));
#13049 = VECTOR('',#13050,1.);
#13050 = DIRECTION('',(1.110223024625E-16,-1.,0.));
#13051 = PCURVE('',#12810,#13052);
#13052 = DEFINITIONAL_REPRESENTATION('',(#13053),#13057);
#13053 = LINE('',#13054,#13055);
#13054 = CARTESIAN_POINT('',(6.,0.));
#13055 = VECTOR('',#13056,1.);
#13056 = DIRECTION('',(0.,1.));
#13057 = ( GEOMETRIC_REPRESENTATION_CONTEXT(2) 
PARAMETRIC_REPRESENTATION_CONTEXT() REPRESENTATION_CONTEXT('2D SPACE',''
  ) );
#13058 = PCURVE('',#13004,#13059);
#13059 = DEFINITIONAL_REPRESENTATION('',(#13060),#13064);
#13060 = LINE('',#13061,#13062);
#13061 = CARTESIAN_POINT('',(0.,0.));
#13062 = VECTOR('',#13063,1.);
#13063 = DIRECTION('',(1.,0.));
#13064 = ( GEOMETRIC_REPRESENTATION_CONTEXT(2) 
PARAMETRIC_REPRESENTATION_CONTEXT() REPRESENTATION_CONTEXT('2D SPACE',''
  ) );
#13065 = ORIENTED_EDGE('',*,*,#13066,.F.);
#13066 = EDGE_CURVE('',#13020,#13044,#13067,.T.);
#13067 = SURFACE_CURVE('',#13068,(#13072,#13079),.PCURVE_S1.);
#13068 = LINE('',#13069,#13070);
#13069 = CARTESIAN_POINT('',(-11.5,150.5,315.5));
#13070 = VECTOR('',#13071,1.);
#13071 = DIRECTION('',(-1.224646799147E-16,-1.359631073447E-32,-1.));
#13072 = PCURVE('',#12810,#13073);
#13073 = DEFINITIONAL_REPRESENTATION('',(#13074),#13078);
#13074 = LINE('',#13075,#13076);
#13075 = CARTESIAN_POINT('',(1.359631073447E-32,17.));
#13076 = VECTOR('',#13077,1.);
#13077 = DIRECTION('',(1.,0.));
#13078 = ( GEOMETRIC_REPRESENTATION_CONTEXT(2) 
PARAMETRIC_REPRESENTATION_CONTEXT() REPRESENTATION_CONTEXT('2D SPACE',''
  ) );
#13079 = PCURVE('',#13080,#13085);
#13080 = PLANE('',#13081);
#13081 = AXIS2_PLACEMENT_3D('',#13082,#13083,#13084);
#13082 = CARTESIAN_POINT('',(-11.5,150.5,315.5));
#13083 = DIRECTION('',(1.110223024625E-16,-1.,0.));
#13084 = DIRECTION('',(-1.224646799147E-16,-1.359631073447E-32,-1.));
#13085 = DEFINITIONAL_REPRESENTATION('',(#13086),#13090);
#13086 = LINE('',#13087,#13088);
#13087 = CARTESIAN_POINT('',(-0.,0.));
#13088 = VECTOR('',#13089,1.);
#13089 = DIRECTION('',(1.,0.));
#13090 = ( GEOMETRIC_REPRESENTATION_CONTEXT(2) 
PARAMETRIC_REPRESENTATION_CONTEXT() REPRESENTATION_CONTEXT('2D SPACE',''
  ) );
#13091 = ADVANCED_FACE('',(#13092),#13004,.T.);
#13092 = FACE_BOUND('',#13093,.T.);
#13093 = EDGE_LOOP('',(#13094,#13095,#13096,#13119));
#13094 = ORIENTED_EDGE('',*,*,#12990,.F.);
#13095 = ORIENTED_EDGE('',*,*,#13043,.T.);
#13096 = ORIENTED_EDGE('',*,*,#13097,.T.);
#13097 = EDGE_CURVE('',#13044,#13098,#13100,.T.);
#13098 = VERTEX_POINT('',#13099);
#13099 = CARTESIAN_POINT('',(-15.1,150.5,309.5));
#13100 = SURFACE_CURVE('',#13101,(#13105,#13112),.PCURVE_S1.);
#13101 = LINE('',#13102,#13103);
#13102 = CARTESIAN_POINT('',(-11.5,150.5,309.5));
#13103 = VECTOR('',#13104,1.);
#13104 = DIRECTION('',(-1.,-1.110223024625E-16,1.224646799147E-16));
#13105 = PCURVE('',#13004,#13106);
#13106 = DEFINITIONAL_REPRESENTATION('',(#13107),#13111);
#13107 = LINE('',#13108,#13109);
#13108 = CARTESIAN_POINT('',(17.,-1.665334536938E-15));
#13109 = VECTOR('',#13110,1.);
#13110 = DIRECTION('',(0.,1.));
#13111 = ( GEOMETRIC_REPRESENTATION_CONTEXT(2) 
PARAMETRIC_REPRESENTATION_CONTEXT() REPRESENTATION_CONTEXT('2D SPACE',''
  ) );
#13112 = PCURVE('',#13080,#13113);
#13113 = DEFINITIONAL_REPRESENTATION('',(#13114),#13118);
#13114 = LINE('',#13115,#13116);
#13115 = CARTESIAN_POINT('',(6.,7.347880794884E-16));
#13116 = VECTOR('',#13117,1.);
#13117 = DIRECTION('',(0.,-1.));
#13118 = ( GEOMETRIC_REPRESENTATION_CONTEXT(2) 
PARAMETRIC_REPRESENTATION_CONTEXT() REPRESENTATION_CONTEXT('2D SPACE',''
  ) );
#13119 = ORIENTED_EDGE('',*,*,#13120,.F.);
#13120 = EDGE_CURVE('',#12963,#13098,#13121,.T.);
#13121 = SURFACE_CURVE('',#13122,(#13126,#13133),.PCURVE_S1.);
#13122 = LINE('',#13123,#13124);
#13123 = CARTESIAN_POINT('',(-15.1,167.5,309.5));
#13124 = VECTOR('',#13125,1.);
#13125 = DIRECTION('',(1.110223024625E-16,-1.,0.));
#13126 = PCURVE('',#13004,#13127);
#13127 = DEFINITIONAL_REPRESENTATION('',(#13128),#13132);
#13128 = LINE('',#13129,#13130);
#13129 = CARTESIAN_POINT('',(-3.996802888651E-16,3.6));
#13130 = VECTOR('',#13131,1.);
#13131 = DIRECTION('',(1.,0.));
#13132 = ( GEOMETRIC_REPRESENTATION_CONTEXT(2) 
PARAMETRIC_REPRESENTATION_CONTEXT() REPRESENTATION_CONTEXT('2D SPACE',''
  ) );
#13133 = PCURVE('',#12978,#13134);
#13134 = DEFINITIONAL_REPRESENTATION('',(#13135),#13139);
#13135 = LINE('',#13136,#13137);
#13136 = CARTESIAN_POINT('',(-0.,0.));
#13137 = VECTOR('',#13138,1.);
#13138 = DIRECTION('',(0.,1.));
#13139 = ( GEOMETRIC_REPRESENTATION_CONTEXT(2) 
PARAMETRIC_REPRESENTATION_CONTEXT() REPRESENTATION_CONTEXT('2D SPACE',''
  ) );
#13140 = ADVANCED_FACE('',(#13141),#12894,.T.);
#13141 = FACE_BOUND('',#13142,.T.);
#13142 = EDGE_LOOP('',(#13143,#13144,#13167,#13190));
#13143 = ORIENTED_EDGE('',*,*,#12878,.F.);
#13144 = ORIENTED_EDGE('',*,*,#13145,.T.);
#13145 = EDGE_CURVE('',#12879,#13146,#13148,.T.);
#13146 = VERTEX_POINT('',#13147);
#13147 = CARTESIAN_POINT('',(-24.9,150.5,309.5));
#13148 = SURFACE_CURVE('',#13149,(#13153,#13160),.PCURVE_S1.);
#13149 = LINE('',#13150,#13151);
#13150 = CARTESIAN_POINT('',(-24.9,167.5,309.5));
#13151 = VECTOR('',#13152,1.);
#13152 = DIRECTION('',(1.110223024625E-16,-1.,0.));
#13153 = PCURVE('',#12894,#13154);
#13154 = DEFINITIONAL_REPRESENTATION('',(#13155),#13159);
#13155 = LINE('',#13156,#13157);
#13156 = CARTESIAN_POINT('',(-1.487698852998E-15,13.4));
#13157 = VECTOR('',#13158,1.);
#13158 = DIRECTION('',(1.,0.));
#13159 = ( GEOMETRIC_REPRESENTATION_CONTEXT(2) 
PARAMETRIC_REPRESENTATION_CONTEXT() REPRESENTATION_CONTEXT('2D SPACE',''
  ) );
#13160 = PCURVE('',#12922,#13161);
#13161 = DEFINITIONAL_REPRESENTATION('',(#13162),#13166);
#13162 = LINE('',#13163,#13164);
#13163 = CARTESIAN_POINT('',(-0.,0.));
#13164 = VECTOR('',#13165,1.);
#13165 = DIRECTION('',(0.,1.));
#13166 = ( GEOMETRIC_REPRESENTATION_CONTEXT(2) 
PARAMETRIC_REPRESENTATION_CONTEXT() REPRESENTATION_CONTEXT('2D SPACE',''
  ) );
#13167 = ORIENTED_EDGE('',*,*,#13168,.T.);
#13168 = EDGE_CURVE('',#13146,#13169,#13171,.T.);
#13169 = VERTEX_POINT('',#13170);
#13170 = CARTESIAN_POINT('',(-28.5,150.5,309.5));
#13171 = SURFACE_CURVE('',#13172,(#13176,#13183),.PCURVE_S1.);
#13172 = LINE('',#13173,#13174);
#13173 = CARTESIAN_POINT('',(-11.5,150.5,309.5));
#13174 = VECTOR('',#13175,1.);
#13175 = DIRECTION('',(-1.,-1.110223024625E-16,1.224646799147E-16));
#13176 = PCURVE('',#12894,#13177);
#13177 = DEFINITIONAL_REPRESENTATION('',(#13178),#13182);
#13178 = LINE('',#13179,#13180);
#13179 = CARTESIAN_POINT('',(17.,-1.665334536938E-15));
#13180 = VECTOR('',#13181,1.);
#13181 = DIRECTION('',(0.,1.));
#13182 = ( GEOMETRIC_REPRESENTATION_CONTEXT(2) 
PARAMETRIC_REPRESENTATION_CONTEXT() REPRESENTATION_CONTEXT('2D SPACE',''
  ) );
#13183 = PCURVE('',#13080,#13184);
#13184 = DEFINITIONAL_REPRESENTATION('',(#13185),#13189);
#13185 = LINE('',#13186,#13187);
#13186 = CARTESIAN_POINT('',(6.,7.347880794884E-16));
#13187 = VECTOR('',#13188,1.);
#13188 = DIRECTION('',(0.,-1.));
#13189 = ( GEOMETRIC_REPRESENTATION_CONTEXT(2) 
PARAMETRIC_REPRESENTATION_CONTEXT() REPRESENTATION_CONTEXT('2D SPACE',''
  ) );
#13190 = ORIENTED_EDGE('',*,*,#13191,.F.);
#13191 = EDGE_CURVE('',#12851,#13169,#13192,.T.);
#13192 = SURFACE_CURVE('',#13193,(#13197,#13204),.PCURVE_S1.);
#13193 = LINE('',#13194,#13195);
#13194 = CARTESIAN_POINT('',(-28.5,167.5,309.5));
#13195 = VECTOR('',#13196,1.);
#13196 = DIRECTION('',(1.110223024625E-16,-1.,0.));
#13197 = PCURVE('',#12894,#13198);
#13198 = DEFINITIONAL_REPRESENTATION('',(#13199),#13203);
#13199 = LINE('',#13200,#13201);
#13200 = CARTESIAN_POINT('',(-1.887379141863E-15,17.));
#13201 = VECTOR('',#13202,1.);
#13202 = DIRECTION('',(1.,0.));
#13203 = ( GEOMETRIC_REPRESENTATION_CONTEXT(2) 
PARAMETRIC_REPRESENTATION_CONTEXT() REPRESENTATION_CONTEXT('2D SPACE',''
  ) );
#13204 = PCURVE('',#12866,#13205);
#13205 = DEFINITIONAL_REPRESENTATION('',(#13206),#13210);
#13206 = LINE('',#13207,#13208);
#13207 = CARTESIAN_POINT('',(6.,0.));
#13208 = VECTOR('',#13209,1.);
#13209 = DIRECTION('',(0.,1.));
#13210 = ( GEOMETRIC_REPRESENTATION_CONTEXT(2) 
PARAMETRIC_REPRESENTATION_CONTEXT() REPRESENTATION_CONTEXT('2D SPACE',''
  ) );
#13211 = ADVANCED_FACE('',(#13212),#12866,.T.);
#13212 = FACE_BOUND('',#13213,.T.);
#13213 = EDGE_LOOP('',(#13214,#13237,#13238,#13239));
#13214 = ORIENTED_EDGE('',*,*,#13215,.F.);
#13215 = EDGE_CURVE('',#12823,#13216,#13218,.T.);
#13216 = VERTEX_POINT('',#13217);
#13217 = CARTESIAN_POINT('',(-28.5,150.5,315.5));
#13218 = SURFACE_CURVE('',#13219,(#13223,#13230),.PCURVE_S1.);
#13219 = LINE('',#13220,#13221);
#13220 = CARTESIAN_POINT('',(-28.5,167.5,315.5));
#13221 = VECTOR('',#13222,1.);
#13222 = DIRECTION('',(1.110223024625E-16,-1.,0.));
#13223 = PCURVE('',#12866,#13224);
#13224 = DEFINITIONAL_REPRESENTATION('',(#13225),#13229);
#13225 = LINE('',#13226,#13227);
#13226 = CARTESIAN_POINT('',(-0.,0.));
#13227 = VECTOR('',#13228,1.);
#13228 = DIRECTION('',(0.,1.));
#13229 = ( GEOMETRIC_REPRESENTATION_CONTEXT(2) 
PARAMETRIC_REPRESENTATION_CONTEXT() REPRESENTATION_CONTEXT('2D SPACE',''
  ) );
#13230 = PCURVE('',#12838,#13231);
#13231 = DEFINITIONAL_REPRESENTATION('',(#13232),#13236);
#13232 = LINE('',#13233,#13234);
#13233 = CARTESIAN_POINT('',(-1.887379141863E-15,17.));
#13234 = VECTOR('',#13235,1.);
#13235 = DIRECTION('',(1.,0.));
#13236 = ( GEOMETRIC_REPRESENTATION_CONTEXT(2) 
PARAMETRIC_REPRESENTATION_CONTEXT() REPRESENTATION_CONTEXT('2D SPACE',''
  ) );
#13237 = ORIENTED_EDGE('',*,*,#12850,.T.);
#13238 = ORIENTED_EDGE('',*,*,#13191,.T.);
#13239 = ORIENTED_EDGE('',*,*,#13240,.F.);
#13240 = EDGE_CURVE('',#13216,#13169,#13241,.T.);
#13241 = SURFACE_CURVE('',#13242,(#13246,#13253),.PCURVE_S1.);
#13242 = LINE('',#13243,#13244);
#13243 = CARTESIAN_POINT('',(-28.5,150.5,315.5));
#13244 = VECTOR('',#13245,1.);
#13245 = DIRECTION('',(-1.224646799147E-16,-1.359631073447E-32,-1.));
#13246 = PCURVE('',#12866,#13247);
#13247 = DEFINITIONAL_REPRESENTATION('',(#13248),#13252);
#13248 = LINE('',#13249,#13250);
#13249 = CARTESIAN_POINT('',(-2.03944661017E-31,17.));
#13250 = VECTOR('',#13251,1.);
#13251 = DIRECTION('',(1.,0.));
#13252 = ( GEOMETRIC_REPRESENTATION_CONTEXT(2) 
PARAMETRIC_REPRESENTATION_CONTEXT() REPRESENTATION_CONTEXT('2D SPACE',''
  ) );
#13253 = PCURVE('',#13080,#13254);
#13254 = DEFINITIONAL_REPRESENTATION('',(#13255),#13259);
#13255 = LINE('',#13256,#13257);
#13256 = CARTESIAN_POINT('',(2.081899558551E-15,-17.));
#13257 = VECTOR('',#13258,1.);
#13258 = DIRECTION('',(1.,0.));
#13259 = ( GEOMETRIC_REPRESENTATION_CONTEXT(2) 
PARAMETRIC_REPRESENTATION_CONTEXT() REPRESENTATION_CONTEXT('2D SPACE',''
  ) );
#13260 = ADVANCED_FACE('',(#13261,#13287),#12838,.F.);
#13261 = FACE_BOUND('',#13262,.F.);
#13262 = EDGE_LOOP('',(#13263,#13264,#13265,#13286));
#13263 = ORIENTED_EDGE('',*,*,#12822,.F.);
#13264 = ORIENTED_EDGE('',*,*,#13019,.T.);
#13265 = ORIENTED_EDGE('',*,*,#13266,.T.);
#13266 = EDGE_CURVE('',#13020,#13216,#13267,.T.);
#13267 = SURFACE_CURVE('',#13268,(#13272,#13279),.PCURVE_S1.);
#13268 = LINE('',#13269,#13270);
#13269 = CARTESIAN_POINT('',(-11.5,150.5,315.5));
#13270 = VECTOR('',#13271,1.);
#13271 = DIRECTION('',(-1.,-1.110223024625E-16,1.224646799147E-16));
#13272 = PCURVE('',#12838,#13273);
#13273 = DEFINITIONAL_REPRESENTATION('',(#13274),#13278);
#13274 = LINE('',#13275,#13276);
#13275 = CARTESIAN_POINT('',(17.,-1.665334536938E-15));
#13276 = VECTOR('',#13277,1.);
#13277 = DIRECTION('',(0.,1.));
#13278 = ( GEOMETRIC_REPRESENTATION_CONTEXT(2) 
PARAMETRIC_REPRESENTATION_CONTEXT() REPRESENTATION_CONTEXT('2D SPACE',''
  ) );
#13279 = PCURVE('',#13080,#13280);
#13280 = DEFINITIONAL_REPRESENTATION('',(#13281),#13285);
#13281 = LINE('',#13282,#13283);
#13282 = CARTESIAN_POINT('',(-0.,0.));
#13283 = VECTOR('',#13284,1.);
#13284 = DIRECTION('',(0.,-1.));
#13285 = ( GEOMETRIC_REPRESENTATION_CONTEXT(2) 
PARAMETRIC_REPRESENTATION_CONTEXT() REPRESENTATION_CONTEXT('2D SPACE',''
  ) );
#13286 = ORIENTED_EDGE('',*,*,#13215,.F.);
#13287 = FACE_BOUND('',#13288,.F.);
#13288 = EDGE_LOOP('',(#13289));
#13289 = ORIENTED_EDGE('',*,*,#13290,.T.);
#13290 = EDGE_CURVE('',#13291,#13291,#13293,.T.);
#13291 = VERTEX_POINT('',#13292);
#13292 = CARTESIAN_POINT('',(-20.,156.47,315.5));
#13293 = SURFACE_CURVE('',#13294,(#13299,#13310),.PCURVE_S1.);
#13294 = CIRCLE('',#13295,2.53);
#13295 = AXIS2_PLACEMENT_3D('',#13296,#13297,#13298);
#13296 = CARTESIAN_POINT('',(-20.,159.,315.5));
#13297 = DIRECTION('',(1.224646799147E-16,1.359631073447E-32,1.));
#13298 = DIRECTION('',(1.110223024625E-16,-1.,0.));
#13299 = PCURVE('',#12838,#13300);
#13300 = DEFINITIONAL_REPRESENTATION('',(#13301),#13309);
#13301 = ( BOUNDED_CURVE() B_SPLINE_CURVE(2,(#13302,#13303,#13304,#13305
    ,#13306,#13307,#13308),.UNSPECIFIED.,.T.,.F.) 
B_SPLINE_CURVE_WITH_KNOTS((1,2,2,2,2,1),(-2.094395102393,0.,
    2.094395102393,4.188790204786,6.28318530718,8.377580409573),
.UNSPECIFIED.) CURVE() GEOMETRIC_REPRESENTATION_ITEM() 
RATIONAL_B_SPLINE_CURVE((1.,0.5,1.,0.5,1.,0.5,1.)) REPRESENTATION_ITEM(
  '') );
#13302 = CARTESIAN_POINT('',(11.03,8.5));
#13303 = CARTESIAN_POINT('',(11.03,4.117911456851));
#13304 = CARTESIAN_POINT('',(7.235,6.308955728425));
#13305 = CARTESIAN_POINT('',(3.44,8.5));
#13306 = CARTESIAN_POINT('',(7.235,10.691044271575));
#13307 = CARTESIAN_POINT('',(11.03,12.882088543149));
#13308 = CARTESIAN_POINT('',(11.03,8.5));
#13309 = ( GEOMETRIC_REPRESENTATION_CONTEXT(2) 
PARAMETRIC_REPRESENTATION_CONTEXT() REPRESENTATION_CONTEXT('2D SPACE',''
  ) );
#13310 = PCURVE('',#13311,#13316);
#13311 = CYLINDRICAL_SURFACE('',#13312,2.53);
#13312 = AXIS2_PLACEMENT_3D('',#13313,#13314,#13315);
#13313 = CARTESIAN_POINT('',(-20.,159.,316.));
#13314 = DIRECTION('',(1.224646799147E-16,1.359631073447E-32,1.));
#13315 = DIRECTION('',(1.110223024625E-16,-1.,0.));
#13316 = DEFINITIONAL_REPRESENTATION('',(#13317),#13321);
#13317 = LINE('',#13318,#13319);
#13318 = CARTESIAN_POINT('',(-6.28318530718,-0.5));
#13319 = VECTOR('',#13320,1.);
#13320 = DIRECTION('',(1.,-0.));
#13321 = ( GEOMETRIC_REPRESENTATION_CONTEXT(2) 
PARAMETRIC_REPRESENTATION_CONTEXT() REPRESENTATION_CONTEXT('2D SPACE',''
  ) );
#13322 = ADVANCED_FACE('',(#13323),#13080,.T.);
#13323 = FACE_BOUND('',#13324,.T.);
#13324 = EDGE_LOOP('',(#13325,#13326,#13327,#13328,#13329,#13352,#13375,
    #13396));
#13325 = ORIENTED_EDGE('',*,*,#13066,.F.);
#13326 = ORIENTED_EDGE('',*,*,#13266,.T.);
#13327 = ORIENTED_EDGE('',*,*,#13240,.T.);
#13328 = ORIENTED_EDGE('',*,*,#13168,.F.);
#13329 = ORIENTED_EDGE('',*,*,#13330,.T.);
#13330 = EDGE_CURVE('',#13146,#13331,#13333,.T.);
#13331 = VERTEX_POINT('',#13332);
#13332 = CARTESIAN_POINT('',(-24.9,150.5,306.5));
#13333 = SURFACE_CURVE('',#13334,(#13338,#13345),.PCURVE_S1.);
#13334 = LINE('',#13335,#13336);
#13335 = CARTESIAN_POINT('',(-24.9,150.5,309.5));
#13336 = VECTOR('',#13337,1.);
#13337 = DIRECTION('',(-1.224646799147E-16,-1.359631073447E-32,-1.));
#13338 = PCURVE('',#13080,#13339);
#13339 = DEFINITIONAL_REPRESENTATION('',(#13340),#13344);
#13340 = LINE('',#13341,#13342);
#13341 = CARTESIAN_POINT('',(6.,-13.4));
#13342 = VECTOR('',#13343,1.);
#13343 = DIRECTION('',(1.,0.));
#13344 = ( GEOMETRIC_REPRESENTATION_CONTEXT(2) 
PARAMETRIC_REPRESENTATION_CONTEXT() REPRESENTATION_CONTEXT('2D SPACE',''
  ) );
#13345 = PCURVE('',#12922,#13346);
#13346 = DEFINITIONAL_REPRESENTATION('',(#13347),#13351);
#13347 = LINE('',#13348,#13349);
#13348 = CARTESIAN_POINT('',(-2.03944661017E-31,17.));
#13349 = VECTOR('',#13350,1.);
#13350 = DIRECTION('',(1.,0.));
#13351 = ( GEOMETRIC_REPRESENTATION_CONTEXT(2) 
PARAMETRIC_REPRESENTATION_CONTEXT() REPRESENTATION_CONTEXT('2D SPACE',''
  ) );
#13352 = ORIENTED_EDGE('',*,*,#13353,.F.);
#13353 = EDGE_CURVE('',#13354,#13331,#13356,.T.);
#13354 = VERTEX_POINT('',#13355);
#13355 = CARTESIAN_POINT('',(-15.1,150.5,306.5));
#13356 = SURFACE_CURVE('',#13357,(#13361,#13368),.PCURVE_S1.);
#13357 = LINE('',#13358,#13359);
#13358 = CARTESIAN_POINT('',(-15.1,150.5,306.5));
#13359 = VECTOR('',#13360,1.);
#13360 = DIRECTION('',(-1.,-1.110223024625E-16,1.224646799147E-16));
#13361 = PCURVE('',#13080,#13362);
#13362 = DEFINITIONAL_REPRESENTATION('',(#13363),#13367);
#13363 = LINE('',#13364,#13365);
#13364 = CARTESIAN_POINT('',(9.,-3.6));
#13365 = VECTOR('',#13366,1.);
#13366 = DIRECTION('',(0.,-1.));
#13367 = ( GEOMETRIC_REPRESENTATION_CONTEXT(2) 
PARAMETRIC_REPRESENTATION_CONTEXT() REPRESENTATION_CONTEXT('2D SPACE',''
  ) );
#13368 = PCURVE('',#12950,#13369);
#13369 = DEFINITIONAL_REPRESENTATION('',(#13370),#13374);
#13370 = LINE('',#13371,#13372);
#13371 = CARTESIAN_POINT('',(17.,-1.665334536938E-15));
#13372 = VECTOR('',#13373,1.);
#13373 = DIRECTION('',(0.,1.));
#13374 = ( GEOMETRIC_REPRESENTATION_CONTEXT(2) 
PARAMETRIC_REPRESENTATION_CONTEXT() REPRESENTATION_CONTEXT('2D SPACE',''
  ) );
#13375 = ORIENTED_EDGE('',*,*,#13376,.F.);
#13376 = EDGE_CURVE('',#13098,#13354,#13377,.T.);
#13377 = SURFACE_CURVE('',#13378,(#13382,#13389),.PCURVE_S1.);
#13378 = LINE('',#13379,#13380);
#13379 = CARTESIAN_POINT('',(-15.1,150.5,309.5));
#13380 = VECTOR('',#13381,1.);
#13381 = DIRECTION('',(-1.224646799147E-16,-1.359631073447E-32,-1.));
#13382 = PCURVE('',#13080,#13383);
#13383 = DEFINITIONAL_REPRESENTATION('',(#13384),#13388);
#13384 = LINE('',#13385,#13386);
#13385 = CARTESIAN_POINT('',(6.,-3.6));
#13386 = VECTOR('',#13387,1.);
#13387 = DIRECTION('',(1.,0.));
#13388 = ( GEOMETRIC_REPRESENTATION_CONTEXT(2) 
PARAMETRIC_REPRESENTATION_CONTEXT() REPRESENTATION_CONTEXT('2D SPACE',''
  ) );
#13389 = PCURVE('',#12978,#13390);
#13390 = DEFINITIONAL_REPRESENTATION('',(#13391),#13395);
#13391 = LINE('',#13392,#13393);
#13392 = CARTESIAN_POINT('',(1.359631073447E-32,17.));
#13393 = VECTOR('',#13394,1.);
#13394 = DIRECTION('',(1.,0.));
#13395 = ( GEOMETRIC_REPRESENTATION_CONTEXT(2) 
PARAMETRIC_REPRESENTATION_CONTEXT() REPRESENTATION_CONTEXT('2D SPACE',''
  ) );
#13396 = ORIENTED_EDGE('',*,*,#13097,.F.);
#13397 = ADVANCED_FACE('',(#13398),#12978,.F.);
#13398 = FACE_BOUND('',#13399,.F.);
#13399 = EDGE_LOOP('',(#13400,#13401,#13402,#13423));
#13400 = ORIENTED_EDGE('',*,*,#13120,.F.);
#13401 = ORIENTED_EDGE('',*,*,#12962,.T.);
#13402 = ORIENTED_EDGE('',*,*,#13403,.T.);
#13403 = EDGE_CURVE('',#12935,#13354,#13404,.T.);
#13404 = SURFACE_CURVE('',#13405,(#13409,#13416),.PCURVE_S1.);
#13405 = LINE('',#13406,#13407);
#13406 = CARTESIAN_POINT('',(-15.1,167.5,306.5));
#13407 = VECTOR('',#13408,1.);
#13408 = DIRECTION('',(1.110223024625E-16,-1.,0.));
#13409 = PCURVE('',#12978,#13410);
#13410 = DEFINITIONAL_REPRESENTATION('',(#13411),#13415);
#13411 = LINE('',#13412,#13413);
#13412 = CARTESIAN_POINT('',(3.,0.));
#13413 = VECTOR('',#13414,1.);
#13414 = DIRECTION('',(0.,1.));
#13415 = ( GEOMETRIC_REPRESENTATION_CONTEXT(2) 
PARAMETRIC_REPRESENTATION_CONTEXT() REPRESENTATION_CONTEXT('2D SPACE',''
  ) );
#13416 = PCURVE('',#12950,#13417);
#13417 = DEFINITIONAL_REPRESENTATION('',(#13418),#13422);
#13418 = LINE('',#13419,#13420);
#13419 = CARTESIAN_POINT('',(0.,0.));
#13420 = VECTOR('',#13421,1.);
#13421 = DIRECTION('',(1.,0.));
#13422 = ( GEOMETRIC_REPRESENTATION_CONTEXT(2) 
PARAMETRIC_REPRESENTATION_CONTEXT() REPRESENTATION_CONTEXT('2D SPACE',''
  ) );
#13423 = ORIENTED_EDGE('',*,*,#13376,.F.);
#13424 = ADVANCED_FACE('',(#13425,#13451),#12950,.T.);
#13425 = FACE_BOUND('',#13426,.T.);
#13426 = EDGE_LOOP('',(#13427,#13428,#13429,#13430));
#13427 = ORIENTED_EDGE('',*,*,#12934,.F.);
#13428 = ORIENTED_EDGE('',*,*,#13403,.T.);
#13429 = ORIENTED_EDGE('',*,*,#13353,.T.);
#13430 = ORIENTED_EDGE('',*,*,#13431,.F.);
#13431 = EDGE_CURVE('',#12907,#13331,#13432,.T.);
#13432 = SURFACE_CURVE('',#13433,(#13437,#13444),.PCURVE_S1.);
#13433 = LINE('',#13434,#13435);
#13434 = CARTESIAN_POINT('',(-24.9,167.5,306.5));
#13435 = VECTOR('',#13436,1.);
#13436 = DIRECTION('',(1.110223024625E-16,-1.,0.));
#13437 = PCURVE('',#12950,#13438);
#13438 = DEFINITIONAL_REPRESENTATION('',(#13439),#13443);
#13439 = LINE('',#13440,#13441);
#13440 = CARTESIAN_POINT('',(-1.088018564133E-15,9.8));
#13441 = VECTOR('',#13442,1.);
#13442 = DIRECTION('',(1.,0.));
#13443 = ( GEOMETRIC_REPRESENTATION_CONTEXT(2) 
PARAMETRIC_REPRESENTATION_CONTEXT() REPRESENTATION_CONTEXT('2D SPACE',''
  ) );
#13444 = PCURVE('',#12922,#13445);
#13445 = DEFINITIONAL_REPRESENTATION('',(#13446),#13450);
#13446 = LINE('',#13447,#13448);
#13447 = CARTESIAN_POINT('',(3.,0.));
#13448 = VECTOR('',#13449,1.);
#13449 = DIRECTION('',(0.,1.));
#13450 = ( GEOMETRIC_REPRESENTATION_CONTEXT(2) 
PARAMETRIC_REPRESENTATION_CONTEXT() REPRESENTATION_CONTEXT('2D SPACE',''
  ) );
#13451 = FACE_BOUND('',#13452,.T.);
#13452 = EDGE_LOOP('',(#13453));
#13453 = ORIENTED_EDGE('',*,*,#13454,.T.);
#13454 = EDGE_CURVE('',#13455,#13455,#13457,.T.);
#13455 = VERTEX_POINT('',#13456);
#13456 = CARTESIAN_POINT('',(-20.,156.47,306.5));
#13457 = SURFACE_CURVE('',#13458,(#13463,#13474),.PCURVE_S1.);
#13458 = CIRCLE('',#13459,2.53);
#13459 = AXIS2_PLACEMENT_3D('',#13460,#13461,#13462);
#13460 = CARTESIAN_POINT('',(-20.,159.,306.5));
#13461 = DIRECTION('',(1.224646799147E-16,1.359631073447E-32,1.));
#13462 = DIRECTION('',(1.110223024625E-16,-1.,0.));
#13463 = PCURVE('',#12950,#13464);
#13464 = DEFINITIONAL_REPRESENTATION('',(#13465),#13473);
#13465 = ( BOUNDED_CURVE() B_SPLINE_CURVE(2,(#13466,#13467,#13468,#13469
    ,#13470,#13471,#13472),.UNSPECIFIED.,.T.,.F.) 
B_SPLINE_CURVE_WITH_KNOTS((1,2,2,2,2,1),(-2.094395102393,0.,
    2.094395102393,4.188790204786,6.28318530718,8.377580409573),
.UNSPECIFIED.) CURVE() GEOMETRIC_REPRESENTATION_ITEM() 
RATIONAL_B_SPLINE_CURVE((1.,0.5,1.,0.5,1.,0.5,1.)) REPRESENTATION_ITEM(
  '') );
#13466 = CARTESIAN_POINT('',(11.03,4.9));
#13467 = CARTESIAN_POINT('',(11.03,0.517911456851));
#13468 = CARTESIAN_POINT('',(7.235,2.708955728425));
#13469 = CARTESIAN_POINT('',(3.44,4.9));
#13470 = CARTESIAN_POINT('',(7.235,7.091044271575));
#13471 = CARTESIAN_POINT('',(11.03,9.282088543149));
#13472 = CARTESIAN_POINT('',(11.03,4.9));
#13473 = ( GEOMETRIC_REPRESENTATION_CONTEXT(2) 
PARAMETRIC_REPRESENTATION_CONTEXT() REPRESENTATION_CONTEXT('2D SPACE',''
  ) );
#13474 = PCURVE('',#13311,#13475);
#13475 = DEFINITIONAL_REPRESENTATION('',(#13476),#13480);
#13476 = LINE('',#13477,#13478);
#13477 = CARTESIAN_POINT('',(-6.28318530718,-9.5));
#13478 = VECTOR('',#13479,1.);
#13479 = DIRECTION('',(1.,-0.));
#13480 = ( GEOMETRIC_REPRESENTATION_CONTEXT(2) 
PARAMETRIC_REPRESENTATION_CONTEXT() REPRESENTATION_CONTEXT('2D SPACE',''
  ) );
#13481 = ADVANCED_FACE('',(#13482),#12922,.T.);
#13482 = FACE_BOUND('',#13483,.T.);
#13483 = EDGE_LOOP('',(#13484,#13485,#13486,#13487));
#13484 = ORIENTED_EDGE('',*,*,#13145,.F.);
#13485 = ORIENTED_EDGE('',*,*,#12906,.T.);
#13486 = ORIENTED_EDGE('',*,*,#13431,.T.);
#13487 = ORIENTED_EDGE('',*,*,#13330,.F.);
#13488 = ADVANCED_FACE('',(#13489),#13311,.F.);
#13489 = FACE_BOUND('',#13490,.T.);
#13490 = EDGE_LOOP('',(#13491,#13492,#13513,#13514));
#13491 = ORIENTED_EDGE('',*,*,#13290,.T.);
#13492 = ORIENTED_EDGE('',*,*,#13493,.T.);
#13493 = EDGE_CURVE('',#13291,#13455,#13494,.T.);
#13494 = SEAM_CURVE('',#13495,(#13499,#13506),.PCURVE_S1.);
#13495 = LINE('',#13496,#13497);
#13496 = CARTESIAN_POINT('',(-20.,156.47,316.));
#13497 = VECTOR('',#13498,1.);
#13498 = DIRECTION('',(-1.224646799147E-16,-1.359631073447E-32,-1.));
#13499 = PCURVE('',#13311,#13500);
#13500 = DEFINITIONAL_REPRESENTATION('',(#13501),#13505);
#13501 = LINE('',#13502,#13503);
#13502 = CARTESIAN_POINT('',(-6.28318530718,0.));
#13503 = VECTOR('',#13504,1.);
#13504 = DIRECTION('',(-0.,-1.));
#13505 = ( GEOMETRIC_REPRESENTATION_CONTEXT(2) 
PARAMETRIC_REPRESENTATION_CONTEXT() REPRESENTATION_CONTEXT('2D SPACE',''
  ) );
#13506 = PCURVE('',#13311,#13507);
#13507 = DEFINITIONAL_REPRESENTATION('',(#13508),#13512);
#13508 = LINE('',#13509,#13510);
#13509 = CARTESIAN_POINT('',(-0.,0.));
#13510 = VECTOR('',#13511,1.);
#13511 = DIRECTION('',(-0.,-1.));
#13512 = ( GEOMETRIC_REPRESENTATION_CONTEXT(2) 
PARAMETRIC_REPRESENTATION_CONTEXT() REPRESENTATION_CONTEXT('2D SPACE',''
  ) );
#13513 = ORIENTED_EDGE('',*,*,#13454,.F.);
#13514 = ORIENTED_EDGE('',*,*,#13493,.F.);
#13515 = ( GEOMETRIC_REPRESENTATION_CONTEXT(3) 
GLOBAL_UNCERTAINTY_ASSIGNED_CONTEXT((#13519)) 
GLOBAL_UNIT_ASSIGNED_CONTEXT((#13516,#13517,#13518)) 
REPRESENTATION_CONTEXT('Context #1',
  '3D Context with UNIT and UNCERTAINTY') );
#13516 = ( LENGTH_UNIT() NAMED_UNIT(*) SI_UNIT(.MILLI.,.METRE.) );
#13517 = ( NAMED_UNIT(*) PLANE_ANGLE_UNIT() SI_UNIT($,.RADIAN.) );
#13518 = ( NAMED_UNIT(*) SI_UNIT($,.STERADIAN.) SOLID_ANGLE_UNIT() );
#13519 = UNCERTAINTY_MEASURE_WITH_UNIT(LENGTH_MEASURE(1.E-07),#13516,
  'distance_accuracy_value','confusion accuracy');
#13520 = CONTEXT_DEPENDENT_SHAPE_REPRESENTATION(#13521,#13523);
#13521 = ( REPRESENTATION_RELATIONSHIP('','',#12780,#10) 
REPRESENTATION_RELATIONSHIP_WITH_TRANSFORMATION(#13522) 
SHAPE_REPRESENTATION_RELATIONSHIP() );
#13522 = ITEM_DEFINED_TRANSFORMATION('','',#11,#91);
#13523 = PRODUCT_DEFINITION_SHAPE('Placement','Placement of an item',
  #13524);
#13524 = NEXT_ASSEMBLY_USAGE_OCCURRENCE('89','U1_R_HNTT8_5_2','',#5,
  #12775,$);
#13525 = PRODUCT_RELATED_PRODUCT_CATEGORY('part',$,(#12777));
#13526 = SHAPE_DEFINITION_REPRESENTATION(#13527,#13533);
#13527 = PRODUCT_DEFINITION_SHAPE('','',#13528);
#13528 = PRODUCT_DEFINITION('design','',#13529,#13532);
#13529 = PRODUCT_DEFINITION_FORMATION('','',#13530);
#13530 = PRODUCT('U1_SHAT_CLAMP_HEAD_R','U1_SHAT_CLAMP_HEAD_R','',(
    #13531));
#13531 = PRODUCT_CONTEXT('',#2,'mechanical');
#13532 = PRODUCT_DEFINITION_CONTEXT('part definition',#2,'design');
#13533 = ADVANCED_BREP_SHAPE_REPRESENTATION('',(#11,#13534),#13632);
#13534 = MANIFOLD_SOLID_BREP('',#13535);
#13535 = CLOSED_SHELL('',(#13536,#13624,#13628));
#13536 = ADVANCED_FACE('',(#13537),#13551,.T.);
#13537 = FACE_BOUND('',#13538,.F.);
#13538 = EDGE_LOOP('',(#13539,#13569,#13596,#13597));
#13539 = ORIENTED_EDGE('',*,*,#13540,.T.);
#13540 = EDGE_CURVE('',#13541,#13543,#13545,.T.);
#13541 = VERTEX_POINT('',#13542);
#13542 = CARTESIAN_POINT('',(-20.,165.,275.));
#13543 = VERTEX_POINT('',#13544);
#13544 = CARTESIAN_POINT('',(-20.,161.,275.));
#13545 = SEAM_CURVE('',#13546,(#13550,#13562),.PCURVE_S1.);
#13546 = LINE('',#13547,#13548);
#13547 = CARTESIAN_POINT('',(-20.,165.,275.));
#13548 = VECTOR('',#13549,1.);
#13549 = DIRECTION('',(1.110223024625E-16,-1.,-1.110223024625E-16));
#13550 = PCURVE('',#13551,#13556);
#13551 = CYLINDRICAL_SURFACE('',#13552,3.5);
#13552 = AXIS2_PLACEMENT_3D('',#13553,#13554,#13555);
#13553 = CARTESIAN_POINT('',(-20.,165.,271.5));
#13554 = DIRECTION('',(-1.110223024625E-16,1.,1.110223024625E-16));
#13555 = DIRECTION('',(1.224646799147E-16,-1.110223024625E-16,1.));
#13556 = DEFINITIONAL_REPRESENTATION('',(#13557),#13561);
#13557 = LINE('',#13558,#13559);
#13558 = CARTESIAN_POINT('',(-0.,0.));
#13559 = VECTOR('',#13560,1.);
#13560 = DIRECTION('',(-0.,-1.));
#13561 = ( GEOMETRIC_REPRESENTATION_CONTEXT(2) 
PARAMETRIC_REPRESENTATION_CONTEXT() REPRESENTATION_CONTEXT('2D SPACE',''
  ) );
#13562 = PCURVE('',#13551,#13563);
#13563 = DEFINITIONAL_REPRESENTATION('',(#13564),#13568);
#13564 = LINE('',#13565,#13566);
#13565 = CARTESIAN_POINT('',(-6.28318530718,0.));
#13566 = VECTOR('',#13567,1.);
#13567 = DIRECTION('',(-0.,-1.));
#13568 = ( GEOMETRIC_REPRESENTATION_CONTEXT(2) 
PARAMETRIC_REPRESENTATION_CONTEXT() REPRESENTATION_CONTEXT('2D SPACE',''
  ) );
#13569 = ORIENTED_EDGE('',*,*,#13570,.T.);
#13570 = EDGE_CURVE('',#13543,#13543,#13571,.T.);
#13571 = SURFACE_CURVE('',#13572,(#13577,#13584),.PCURVE_S1.);
#13572 = CIRCLE('',#13573,3.5);
#13573 = AXIS2_PLACEMENT_3D('',#13574,#13575,#13576);
#13574 = CARTESIAN_POINT('',(-20.,161.,271.5));
#13575 = DIRECTION('',(1.110223024625E-16,-1.,-1.110223024625E-16));
#13576 = DIRECTION('',(1.224646799147E-16,-1.110223024625E-16,1.));
#13577 = PCURVE('',#13551,#13578);
#13578 = DEFINITIONAL_REPRESENTATION('',(#13579),#13583);
#13579 = LINE('',#13580,#13581);
#13580 = CARTESIAN_POINT('',(-0.,-4.));
#13581 = VECTOR('',#13582,1.);
#13582 = DIRECTION('',(-1.,0.));
#13583 = ( GEOMETRIC_REPRESENTATION_CONTEXT(2) 
PARAMETRIC_REPRESENTATION_CONTEXT() REPRESENTATION_CONTEXT('2D SPACE',''
  ) );
#13584 = PCURVE('',#13585,#13590);
#13585 = PLANE('',#13586);
#13586 = AXIS2_PLACEMENT_3D('',#13587,#13588,#13589);
#13587 = CARTESIAN_POINT('',(-20.,161.,271.5));
#13588 = DIRECTION('',(1.110223024625E-16,-1.,-1.110223024625E-16));
#13589 = DIRECTION('',(1.224646799147E-16,-1.110223024625E-16,1.));
#13590 = DEFINITIONAL_REPRESENTATION('',(#13591),#13595);
#13591 = CIRCLE('',#13592,3.5);
#13592 = AXIS2_PLACEMENT_2D('',#13593,#13594);
#13593 = CARTESIAN_POINT('',(0.,0.));
#13594 = DIRECTION('',(1.,-2.465190328816E-32));
#13595 = ( GEOMETRIC_REPRESENTATION_CONTEXT(2) 
PARAMETRIC_REPRESENTATION_CONTEXT() REPRESENTATION_CONTEXT('2D SPACE',''
  ) );
#13596 = ORIENTED_EDGE('',*,*,#13540,.F.);
#13597 = ORIENTED_EDGE('',*,*,#13598,.F.);
#13598 = EDGE_CURVE('',#13541,#13541,#13599,.T.);
#13599 = SURFACE_CURVE('',#13600,(#13605,#13612),.PCURVE_S1.);
#13600 = CIRCLE('',#13601,3.5);
#13601 = AXIS2_PLACEMENT_3D('',#13602,#13603,#13604);
#13602 = CARTESIAN_POINT('',(-20.,165.,271.5));
#13603 = DIRECTION('',(1.110223024625E-16,-1.,-1.110223024625E-16));
#13604 = DIRECTION('',(1.224646799147E-16,-1.110223024625E-16,1.));
#13605 = PCURVE('',#13551,#13606);
#13606 = DEFINITIONAL_REPRESENTATION('',(#13607),#13611);
#13607 = LINE('',#13608,#13609);
#13608 = CARTESIAN_POINT('',(-0.,0.));
#13609 = VECTOR('',#13610,1.);
#13610 = DIRECTION('',(-1.,0.));
#13611 = ( GEOMETRIC_REPRESENTATION_CONTEXT(2) 
PARAMETRIC_REPRESENTATION_CONTEXT() REPRESENTATION_CONTEXT('2D SPACE',''
  ) );
#13612 = PCURVE('',#13613,#13618);
#13613 = PLANE('',#13614);
#13614 = AXIS2_PLACEMENT_3D('',#13615,#13616,#13617);
#13615 = CARTESIAN_POINT('',(-20.,165.,271.5));
#13616 = DIRECTION('',(1.110223024625E-16,-1.,-1.110223024625E-16));
#13617 = DIRECTION('',(1.224646799147E-16,-1.110223024625E-16,1.));
#13618 = DEFINITIONAL_REPRESENTATION('',(#13619),#13623);
#13619 = CIRCLE('',#13620,3.5);
#13620 = AXIS2_PLACEMENT_2D('',#13621,#13622);
#13621 = CARTESIAN_POINT('',(0.,0.));
#13622 = DIRECTION('',(1.,-2.465190328816E-32));
#13623 = ( GEOMETRIC_REPRESENTATION_CONTEXT(2) 
PARAMETRIC_REPRESENTATION_CONTEXT() REPRESENTATION_CONTEXT('2D SPACE',''
  ) );
#13624 = ADVANCED_FACE('',(#13625),#13613,.F.);
#13625 = FACE_BOUND('',#13626,.F.);
#13626 = EDGE_LOOP('',(#13627));
#13627 = ORIENTED_EDGE('',*,*,#13598,.T.);
#13628 = ADVANCED_FACE('',(#13629),#13585,.T.);
#13629 = FACE_BOUND('',#13630,.T.);
#13630 = EDGE_LOOP('',(#13631));
#13631 = ORIENTED_EDGE('',*,*,#13570,.T.);
#13632 = ( GEOMETRIC_REPRESENTATION_CONTEXT(3) 
GLOBAL_UNCERTAINTY_ASSIGNED_CONTEXT((#13636)) 
GLOBAL_UNIT_ASSIGNED_CONTEXT((#13633,#13634,#13635)) 
REPRESENTATION_CONTEXT('Context #1',
  '3D Context with UNIT and UNCERTAINTY') );
#13633 = ( LENGTH_UNIT() NAMED_UNIT(*) SI_UNIT(.MILLI.,.METRE.) );
#13634 = ( NAMED_UNIT(*) PLANE_ANGLE_UNIT() SI_UNIT($,.RADIAN.) );
#13635 = ( NAMED_UNIT(*) SI_UNIT($,.STERADIAN.) SOLID_ANGLE_UNIT() );
#13636 = UNCERTAINTY_MEASURE_WITH_UNIT(LENGTH_MEASURE(1.E-07),#13633,
  'distance_accuracy_value','confusion accuracy');
#13637 = CONTEXT_DEPENDENT_SHAPE_REPRESENTATION(#13638,#13640);
#13638 = ( REPRESENTATION_RELATIONSHIP('','',#13533,#10) 
REPRESENTATION_RELATIONSHIP_WITH_TRANSFORMATION(#13639) 
SHAPE_REPRESENTATION_RELATIONSHIP() );
#13639 = ITEM_DEFINED_TRANSFORMATION('','',#11,#95);
#13640 = PRODUCT_DEFINITION_SHAPE('Placement','Placement of an item',
  #13641);
#13641 = NEXT_ASSEMBLY_USAGE_OCCURRENCE('90','U1_SHAT_CLAMP_HEAD_R','',
  #5,#13528,$);
#13642 = PRODUCT_RELATED_PRODUCT_CATEGORY('part',$,(#13530));
#13643 = SHAPE_DEFINITION_REPRESENTATION(#13644,#13650);
#13644 = PRODUCT_DEFINITION_SHAPE('','',#13645);
#13645 = PRODUCT_DEFINITION('design','',#13646,#13649);
#13646 = PRODUCT_DEFINITION_FORMATION('','',#13647);
#13647 = PRODUCT('U1_SHIM_STACK_R','U1_SHIM_STACK_R','',(#13648));
#13648 = PRODUCT_CONTEXT('',#2,'mechanical');
#13649 = PRODUCT_DEFINITION_CONTEXT('part definition',#2,'design');
#13650 = ADVANCED_BREP_SHAPE_REPRESENTATION('',(#11,#13651),#13943);
#13651 = MANIFOLD_SOLID_BREP('',#13652);
#13652 = CLOSED_SHELL('',(#13653,#13741,#13796,#13831,#13866,#13916));
#13653 = ADVANCED_FACE('',(#13654),#13668,.T.);
#13654 = FACE_BOUND('',#13655,.F.);
#13655 = EDGE_LOOP('',(#13656,#13686,#13713,#13714));
#13656 = ORIENTED_EDGE('',*,*,#13657,.T.);
#13657 = EDGE_CURVE('',#13658,#13660,#13662,.T.);
#13658 = VERTEX_POINT('',#13659);
#13659 = CARTESIAN_POINT('',(-10.5,166.,281.));
#13660 = VERTEX_POINT('',#13661);
#13661 = CARTESIAN_POINT('',(-13.,166.,281.));
#13662 = SEAM_CURVE('',#13663,(#13667,#13679),.PCURVE_S1.);
#13663 = LINE('',#13664,#13665);
#13664 = CARTESIAN_POINT('',(-10.5,166.,281.));
#13665 = VECTOR('',#13666,1.);
#13666 = DIRECTION('',(-1.,-1.110223024625E-16,1.224646799147E-16));
#13667 = PCURVE('',#13668,#13673);
#13668 = CYLINDRICAL_SURFACE('',#13669,9.);
#13669 = AXIS2_PLACEMENT_3D('',#13670,#13671,#13672);
#13670 = CARTESIAN_POINT('',(-10.5,175.,281.));
#13671 = DIRECTION('',(1.,1.110223024625E-16,-1.224646799147E-16));
#13672 = DIRECTION('',(1.110223024625E-16,-1.,0.));
#13673 = DEFINITIONAL_REPRESENTATION('',(#13674),#13678);
#13674 = LINE('',#13675,#13676);
#13675 = CARTESIAN_POINT('',(-0.,0.));
#13676 = VECTOR('',#13677,1.);
#13677 = DIRECTION('',(-0.,-1.));
#13678 = ( GEOMETRIC_REPRESENTATION_CONTEXT(2) 
PARAMETRIC_REPRESENTATION_CONTEXT() REPRESENTATION_CONTEXT('2D SPACE',''
  ) );
#13679 = PCURVE('',#13668,#13680);
#13680 = DEFINITIONAL_REPRESENTATION('',(#13681),#13685);
#13681 = LINE('',#13682,#13683);
#13682 = CARTESIAN_POINT('',(-6.28318530718,0.));
#13683 = VECTOR('',#13684,1.);
#13684 = DIRECTION('',(-0.,-1.));
#13685 = ( GEOMETRIC_REPRESENTATION_CONTEXT(2) 
PARAMETRIC_REPRESENTATION_CONTEXT() REPRESENTATION_CONTEXT('2D SPACE',''
  ) );
#13686 = ORIENTED_EDGE('',*,*,#13687,.T.);
#13687 = EDGE_CURVE('',#13660,#13660,#13688,.T.);
#13688 = SURFACE_CURVE('',#13689,(#13694,#13701),.PCURVE_S1.);
#13689 = CIRCLE('',#13690,9.);
#13690 = AXIS2_PLACEMENT_3D('',#13691,#13692,#13693);
#13691 = CARTESIAN_POINT('',(-13.,175.,281.));
#13692 = DIRECTION('',(-1.,-1.110223024625E-16,1.224646799147E-16));
#13693 = DIRECTION('',(1.110223024625E-16,-1.,0.));
#13694 = PCURVE('',#13668,#13695);
#13695 = DEFINITIONAL_REPRESENTATION('',(#13696),#13700);
#13696 = LINE('',#13697,#13698);
#13697 = CARTESIAN_POINT('',(-0.,-2.5));
#13698 = VECTOR('',#13699,1.);
#13699 = DIRECTION('',(-1.,0.));
#13700 = ( GEOMETRIC_REPRESENTATION_CONTEXT(2) 
PARAMETRIC_REPRESENTATION_CONTEXT() REPRESENTATION_CONTEXT('2D SPACE',''
  ) );
#13701 = PCURVE('',#13702,#13707);
#13702 = PLANE('',#13703);
#13703 = AXIS2_PLACEMENT_3D('',#13704,#13705,#13706);
#13704 = CARTESIAN_POINT('',(-13.,175.,281.));
#13705 = DIRECTION('',(-1.,-1.110223024625E-16,1.224646799147E-16));
#13706 = DIRECTION('',(-1.224646799147E-16,-1.359631073447E-32,-1.));
#13707 = DEFINITIONAL_REPRESENTATION('',(#13708),#13712);
#13708 = CIRCLE('',#13709,9.);
#13709 = AXIS2_PLACEMENT_2D('',#13710,#13711);
#13710 = CARTESIAN_POINT('',(0.,0.));
#13711 = DIRECTION('',(0.,1.));
#13712 = ( GEOMETRIC_REPRESENTATION_CONTEXT(2) 
PARAMETRIC_REPRESENTATION_CONTEXT() REPRESENTATION_CONTEXT('2D SPACE',''
  ) );
#13713 = ORIENTED_EDGE('',*,*,#13657,.F.);
#13714 = ORIENTED_EDGE('',*,*,#13715,.F.);
#13715 = EDGE_CURVE('',#13658,#13658,#13716,.T.);
#13716 = SURFACE_CURVE('',#13717,(#13722,#13729),.PCURVE_S1.);
#13717 = CIRCLE('',#13718,9.);
#13718 = AXIS2_PLACEMENT_3D('',#13719,#13720,#13721);
#13719 = CARTESIAN_POINT('',(-10.5,175.,281.));
#13720 = DIRECTION('',(-1.,-1.110223024625E-16,1.224646799147E-16));
#13721 = DIRECTION('',(1.110223024625E-16,-1.,0.));
#13722 = PCURVE('',#13668,#13723);
#13723 = DEFINITIONAL_REPRESENTATION('',(#13724),#13728);
#13724 = LINE('',#13725,#13726);
#13725 = CARTESIAN_POINT('',(-0.,0.));
#13726 = VECTOR('',#13727,1.);
#13727 = DIRECTION('',(-1.,0.));
#13728 = ( GEOMETRIC_REPRESENTATION_CONTEXT(2) 
PARAMETRIC_REPRESENTATION_CONTEXT() REPRESENTATION_CONTEXT('2D SPACE',''
  ) );
#13729 = PCURVE('',#13730,#13735);
#13730 = CYLINDRICAL_SURFACE('',#13731,9.);
#13731 = AXIS2_PLACEMENT_3D('',#13732,#13733,#13734);
#13732 = CARTESIAN_POINT('',(-10.5,175.,281.));
#13733 = DIRECTION('',(-1.,-1.110223024625E-16,1.224646799147E-16));
#13734 = DIRECTION('',(1.110223024625E-16,-1.,0.));
#13735 = DEFINITIONAL_REPRESENTATION('',(#13736),#13740);
#13736 = LINE('',#13737,#13738);
#13737 = CARTESIAN_POINT('',(0.,0.));
#13738 = VECTOR('',#13739,1.);
#13739 = DIRECTION('',(1.,0.));
#13740 = ( GEOMETRIC_REPRESENTATION_CONTEXT(2) 
PARAMETRIC_REPRESENTATION_CONTEXT() REPRESENTATION_CONTEXT('2D SPACE',''
  ) );
#13741 = ADVANCED_FACE('',(#13742),#13730,.T.);
#13742 = FACE_BOUND('',#13743,.T.);
#13743 = EDGE_LOOP('',(#13744,#13767,#13794,#13795));
#13744 = ORIENTED_EDGE('',*,*,#13745,.T.);
#13745 = EDGE_CURVE('',#13658,#13746,#13748,.T.);
#13746 = VERTEX_POINT('',#13747);
#13747 = CARTESIAN_POINT('',(-8.,166.,281.));
#13748 = SEAM_CURVE('',#13749,(#13753,#13760),.PCURVE_S1.);
#13749 = LINE('',#13750,#13751);
#13750 = CARTESIAN_POINT('',(-10.5,166.,281.));
#13751 = VECTOR('',#13752,1.);
#13752 = DIRECTION('',(1.,1.110223024625E-16,-1.224646799147E-16));
#13753 = PCURVE('',#13730,#13754);
#13754 = DEFINITIONAL_REPRESENTATION('',(#13755),#13759);
#13755 = LINE('',#13756,#13757);
#13756 = CARTESIAN_POINT('',(0.,0.));
#13757 = VECTOR('',#13758,1.);
#13758 = DIRECTION('',(0.,-1.));
#13759 = ( GEOMETRIC_REPRESENTATION_CONTEXT(2) 
PARAMETRIC_REPRESENTATION_CONTEXT() REPRESENTATION_CONTEXT('2D SPACE',''
  ) );
#13760 = PCURVE('',#13730,#13761);
#13761 = DEFINITIONAL_REPRESENTATION('',(#13762),#13766);
#13762 = LINE('',#13763,#13764);
#13763 = CARTESIAN_POINT('',(6.28318530718,0.));
#13764 = VECTOR('',#13765,1.);
#13765 = DIRECTION('',(0.,-1.));
#13766 = ( GEOMETRIC_REPRESENTATION_CONTEXT(2) 
PARAMETRIC_REPRESENTATION_CONTEXT() REPRESENTATION_CONTEXT('2D SPACE',''
  ) );
#13767 = ORIENTED_EDGE('',*,*,#13768,.T.);
#13768 = EDGE_CURVE('',#13746,#13746,#13769,.T.);
#13769 = SURFACE_CURVE('',#13770,(#13775,#13782),.PCURVE_S1.);
#13770 = CIRCLE('',#13771,9.);
#13771 = AXIS2_PLACEMENT_3D('',#13772,#13773,#13774);
#13772 = CARTESIAN_POINT('',(-8.,175.,281.));
#13773 = DIRECTION('',(-1.,-1.110223024625E-16,1.224646799147E-16));
#13774 = DIRECTION('',(1.110223024625E-16,-1.,0.));
#13775 = PCURVE('',#13730,#13776);
#13776 = DEFINITIONAL_REPRESENTATION('',(#13777),#13781);
#13777 = LINE('',#13778,#13779);
#13778 = CARTESIAN_POINT('',(0.,-2.5));
#13779 = VECTOR('',#13780,1.);
#13780 = DIRECTION('',(1.,0.));
#13781 = ( GEOMETRIC_REPRESENTATION_CONTEXT(2) 
PARAMETRIC_REPRESENTATION_CONTEXT() REPRESENTATION_CONTEXT('2D SPACE',''
  ) );
#13782 = PCURVE('',#13783,#13788);
#13783 = PLANE('',#13784);
#13784 = AXIS2_PLACEMENT_3D('',#13785,#13786,#13787);
#13785 = CARTESIAN_POINT('',(-8.,175.,281.));
#13786 = DIRECTION('',(-1.,-1.110223024625E-16,1.224646799147E-16));
#13787 = DIRECTION('',(-1.224646799147E-16,-1.359631073447E-32,-1.));
#13788 = DEFINITIONAL_REPRESENTATION('',(#13789),#13793);
#13789 = CIRCLE('',#13790,9.);
#13790 = AXIS2_PLACEMENT_2D('',#13791,#13792);
#13791 = CARTESIAN_POINT('',(0.,0.));
#13792 = DIRECTION('',(0.,1.));
#13793 = ( GEOMETRIC_REPRESENTATION_CONTEXT(2) 
PARAMETRIC_REPRESENTATION_CONTEXT() REPRESENTATION_CONTEXT('2D SPACE',''
  ) );
#13794 = ORIENTED_EDGE('',*,*,#13745,.F.);
#13795 = ORIENTED_EDGE('',*,*,#13715,.F.);
#13796 = ADVANCED_FACE('',(#13797,#13800),#13702,.T.);
#13797 = FACE_BOUND('',#13798,.T.);
#13798 = EDGE_LOOP('',(#13799));
#13799 = ORIENTED_EDGE('',*,*,#13687,.T.);
#13800 = FACE_BOUND('',#13801,.T.);
#13801 = EDGE_LOOP('',(#13802));
#13802 = ORIENTED_EDGE('',*,*,#13803,.F.);
#13803 = EDGE_CURVE('',#13804,#13804,#13806,.T.);
#13804 = VERTEX_POINT('',#13805);
#13805 = CARTESIAN_POINT('',(-13.,168.95,281.));
#13806 = SURFACE_CURVE('',#13807,(#13812,#13819),.PCURVE_S1.);
#13807 = CIRCLE('',#13808,6.05);
#13808 = AXIS2_PLACEMENT_3D('',#13809,#13810,#13811);
#13809 = CARTESIAN_POINT('',(-13.,175.,281.));
#13810 = DIRECTION('',(-1.,-1.110223024625E-16,1.224646799147E-16));
#13811 = DIRECTION('',(1.110223024625E-16,-1.,0.));
#13812 = PCURVE('',#13702,#13813);
#13813 = DEFINITIONAL_REPRESENTATION('',(#13814),#13818);
#13814 = CIRCLE('',#13815,6.05);
#13815 = AXIS2_PLACEMENT_2D('',#13816,#13817);
#13816 = CARTESIAN_POINT('',(7.728607860411E-46,5.684341886081E-14));
#13817 = DIRECTION('',(0.,1.));
#13818 = ( GEOMETRIC_REPRESENTATION_CONTEXT(2) 
PARAMETRIC_REPRESENTATION_CONTEXT() REPRESENTATION_CONTEXT('2D SPACE',''
  ) );
#13819 = PCURVE('',#13820,#13825);
#13820 = CYLINDRICAL_SURFACE('',#13821,6.05);
#13821 = AXIS2_PLACEMENT_3D('',#13822,#13823,#13824);
#13822 = CARTESIAN_POINT('',(-10.5,175.,281.));
#13823 = DIRECTION('',(1.,1.110223024625E-16,-1.224646799147E-16));
#13824 = DIRECTION('',(1.110223024625E-16,-1.,0.));
#13825 = DEFINITIONAL_REPRESENTATION('',(#13826),#13830);
#13826 = LINE('',#13827,#13828);
#13827 = CARTESIAN_POINT('',(-0.,-2.5));
#13828 = VECTOR('',#13829,1.);
#13829 = DIRECTION('',(-1.,0.));
#13830 = ( GEOMETRIC_REPRESENTATION_CONTEXT(2) 
PARAMETRIC_REPRESENTATION_CONTEXT() REPRESENTATION_CONTEXT('2D SPACE',''
  ) );
#13831 = ADVANCED_FACE('',(#13832,#13835),#13783,.F.);
#13832 = FACE_BOUND('',#13833,.F.);
#13833 = EDGE_LOOP('',(#13834));
#13834 = ORIENTED_EDGE('',*,*,#13768,.T.);
#13835 = FACE_BOUND('',#13836,.F.);
#13836 = EDGE_LOOP('',(#13837));
#13837 = ORIENTED_EDGE('',*,*,#13838,.F.);
#13838 = EDGE_CURVE('',#13839,#13839,#13841,.T.);
#13839 = VERTEX_POINT('',#13840);
#13840 = CARTESIAN_POINT('',(-8.,168.95,281.));
#13841 = SURFACE_CURVE('',#13842,(#13847,#13854),.PCURVE_S1.);
#13842 = CIRCLE('',#13843,6.05);
#13843 = AXIS2_PLACEMENT_3D('',#13844,#13845,#13846);
#13844 = CARTESIAN_POINT('',(-8.,175.,281.));
#13845 = DIRECTION('',(-1.,-1.110223024625E-16,1.224646799147E-16));
#13846 = DIRECTION('',(1.110223024625E-16,-1.,0.));
#13847 = PCURVE('',#13783,#13848);
#13848 = DEFINITIONAL_REPRESENTATION('',(#13849),#13853);
#13849 = CIRCLE('',#13850,6.05);
#13850 = AXIS2_PLACEMENT_2D('',#13851,#13852);
#13851 = CARTESIAN_POINT('',(7.728607860411E-46,5.684341886081E-14));
#13852 = DIRECTION('',(0.,1.));
#13853 = ( GEOMETRIC_REPRESENTATION_CONTEXT(2) 
PARAMETRIC_REPRESENTATION_CONTEXT() REPRESENTATION_CONTEXT('2D SPACE',''
  ) );
#13854 = PCURVE('',#13855,#13860);
#13855 = CYLINDRICAL_SURFACE('',#13856,6.05);
#13856 = AXIS2_PLACEMENT_3D('',#13857,#13858,#13859);
#13857 = CARTESIAN_POINT('',(-10.5,175.,281.));
#13858 = DIRECTION('',(-1.,-1.110223024625E-16,1.224646799147E-16));
#13859 = DIRECTION('',(1.110223024625E-16,-1.,0.));
#13860 = DEFINITIONAL_REPRESENTATION('',(#13861),#13865);
#13861 = LINE('',#13862,#13863);
#13862 = CARTESIAN_POINT('',(0.,-2.5));
#13863 = VECTOR('',#13864,1.);
#13864 = DIRECTION('',(1.,0.));
#13865 = ( GEOMETRIC_REPRESENTATION_CONTEXT(2) 
PARAMETRIC_REPRESENTATION_CONTEXT() REPRESENTATION_CONTEXT('2D SPACE',''
  ) );
#13866 = ADVANCED_FACE('',(#13867),#13820,.F.);
#13867 = FACE_BOUND('',#13868,.T.);
#13868 = EDGE_LOOP('',(#13869,#13892,#13893,#13894));
#13869 = ORIENTED_EDGE('',*,*,#13870,.T.);
#13870 = EDGE_CURVE('',#13871,#13804,#13873,.T.);
#13871 = VERTEX_POINT('',#13872);
#13872 = CARTESIAN_POINT('',(-10.5,168.95,281.));
#13873 = SEAM_CURVE('',#13874,(#13878,#13885),.PCURVE_S1.);
#13874 = LINE('',#13875,#13876);
#13875 = CARTESIAN_POINT('',(-10.5,168.95,281.));
#13876 = VECTOR('',#13877,1.);
#13877 = DIRECTION('',(-1.,-1.110223024625E-16,1.224646799147E-16));
#13878 = PCURVE('',#13820,#13879);
#13879 = DEFINITIONAL_REPRESENTATION('',(#13880),#13884);
#13880 = LINE('',#13881,#13882);
#13881 = CARTESIAN_POINT('',(-0.,0.));
#13882 = VECTOR('',#13883,1.);
#13883 = DIRECTION('',(-0.,-1.));
#13884 = ( GEOMETRIC_REPRESENTATION_CONTEXT(2) 
PARAMETRIC_REPRESENTATION_CONTEXT() REPRESENTATION_CONTEXT('2D SPACE',''
  ) );
#13885 = PCURVE('',#13820,#13886);
#13886 = DEFINITIONAL_REPRESENTATION('',(#13887),#13891);
#13887 = LINE('',#13888,#13889);
#13888 = CARTESIAN_POINT('',(-6.28318530718,0.));
#13889 = VECTOR('',#13890,1.);
#13890 = DIRECTION('',(-0.,-1.));
#13891 = ( GEOMETRIC_REPRESENTATION_CONTEXT(2) 
PARAMETRIC_REPRESENTATION_CONTEXT() REPRESENTATION_CONTEXT('2D SPACE',''
  ) );
#13892 = ORIENTED_EDGE('',*,*,#13803,.T.);
#13893 = ORIENTED_EDGE('',*,*,#13870,.F.);
#13894 = ORIENTED_EDGE('',*,*,#13895,.F.);
#13895 = EDGE_CURVE('',#13871,#13871,#13896,.T.);
#13896 = SURFACE_CURVE('',#13897,(#13902,#13909),.PCURVE_S1.);
#13897 = CIRCLE('',#13898,6.05);
#13898 = AXIS2_PLACEMENT_3D('',#13899,#13900,#13901);
#13899 = CARTESIAN_POINT('',(-10.5,175.,281.));
#13900 = DIRECTION('',(-1.,-1.110223024625E-16,1.224646799147E-16));
#13901 = DIRECTION('',(1.110223024625E-16,-1.,0.));
#13902 = PCURVE('',#13820,#13903);
#13903 = DEFINITIONAL_REPRESENTATION('',(#13904),#13908);
#13904 = LINE('',#13905,#13906);
#13905 = CARTESIAN_POINT('',(-0.,0.));
#13906 = VECTOR('',#13907,1.);
#13907 = DIRECTION('',(-1.,0.));
#13908 = ( GEOMETRIC_REPRESENTATION_CONTEXT(2) 
PARAMETRIC_REPRESENTATION_CONTEXT() REPRESENTATION_CONTEXT('2D SPACE',''
  ) );
#13909 = PCURVE('',#13855,#13910);
#13910 = DEFINITIONAL_REPRESENTATION('',(#13911),#13915);
#13911 = LINE('',#13912,#13913);
#13912 = CARTESIAN_POINT('',(0.,0.));
#13913 = VECTOR('',#13914,1.);
#13914 = DIRECTION('',(1.,0.));
#13915 = ( GEOMETRIC_REPRESENTATION_CONTEXT(2) 
PARAMETRIC_REPRESENTATION_CONTEXT() REPRESENTATION_CONTEXT('2D SPACE',''
  ) );
#13916 = ADVANCED_FACE('',(#13917),#13855,.F.);
#13917 = FACE_BOUND('',#13918,.F.);
#13918 = EDGE_LOOP('',(#13919,#13940,#13941,#13942));
#13919 = ORIENTED_EDGE('',*,*,#13920,.T.);
#13920 = EDGE_CURVE('',#13871,#13839,#13921,.T.);
#13921 = SEAM_CURVE('',#13922,(#13926,#13933),.PCURVE_S1.);
#13922 = LINE('',#13923,#13924);
#13923 = CARTESIAN_POINT('',(-10.5,168.95,281.));
#13924 = VECTOR('',#13925,1.);
#13925 = DIRECTION('',(1.,1.110223024625E-16,-1.224646799147E-16));
#13926 = PCURVE('',#13855,#13927);
#13927 = DEFINITIONAL_REPRESENTATION('',(#13928),#13932);
#13928 = LINE('',#13929,#13930);
#13929 = CARTESIAN_POINT('',(0.,0.));
#13930 = VECTOR('',#13931,1.);
#13931 = DIRECTION('',(0.,-1.));
#13932 = ( GEOMETRIC_REPRESENTATION_CONTEXT(2) 
PARAMETRIC_REPRESENTATION_CONTEXT() REPRESENTATION_CONTEXT('2D SPACE',''
  ) );
#13933 = PCURVE('',#13855,#13934);
#13934 = DEFINITIONAL_REPRESENTATION('',(#13935),#13939);
#13935 = LINE('',#13936,#13937);
#13936 = CARTESIAN_POINT('',(6.28318530718,0.));
#13937 = VECTOR('',#13938,1.);
#13938 = DIRECTION('',(0.,-1.));
#13939 = ( GEOMETRIC_REPRESENTATION_CONTEXT(2) 
PARAMETRIC_REPRESENTATION_CONTEXT() REPRESENTATION_CONTEXT('2D SPACE',''
  ) );
#13940 = ORIENTED_EDGE('',*,*,#13838,.T.);
#13941 = ORIENTED_EDGE('',*,*,#13920,.F.);
#13942 = ORIENTED_EDGE('',*,*,#13895,.F.);
#13943 = ( GEOMETRIC_REPRESENTATION_CONTEXT(3) 
GLOBAL_UNCERTAINTY_ASSIGNED_CONTEXT((#13947)) 
GLOBAL_UNIT_ASSIGNED_CONTEXT((#13944,#13945,#13946)) 
REPRESENTATION_CONTEXT('Context #1',
  '3D Context with UNIT and UNCERTAINTY') );
#13944 = ( LENGTH_UNIT() NAMED_UNIT(*) SI_UNIT(.MILLI.,.METRE.) );
#13945 = ( NAMED_UNIT(*) PLANE_ANGLE_UNIT() SI_UNIT($,.RADIAN.) );
#13946 = ( NAMED_UNIT(*) SI_UNIT($,.STERADIAN.) SOLID_ANGLE_UNIT() );
#13947 = UNCERTAINTY_MEASURE_WITH_UNIT(LENGTH_MEASURE(1.E-07),#13944,
  'distance_accuracy_value','confusion accuracy');
#13948 = CONTEXT_DEPENDENT_SHAPE_REPRESENTATION(#13949,#13951);
#13949 = ( REPRESENTATION_RELATIONSHIP('','',#13650,#10) 
REPRESENTATION_RELATIONSHIP_WITH_TRANSFORMATION(#13950) 
SHAPE_REPRESENTATION_RELATIONSHIP() );
#13950 = ITEM_DEFINED_TRANSFORMATION('','',#11,#99);
#13951 = PRODUCT_DEFINITION_SHAPE('Placement','Placement of an item',
  #13952);
#13952 = NEXT_ASSEMBLY_USAGE_OCCURRENCE('91','U1_SHIM_STACK_R','',#5,
  #13645,$);
#13953 = PRODUCT_RELATED_PRODUCT_CATEGORY('part',$,(#13647));
#13954 = SHAPE_DEFINITION_REPRESENTATION(#13955,#13961);
#13955 = PRODUCT_DEFINITION_SHAPE('','',#13956);
#13956 = PRODUCT_DEFINITION('design','',#13957,#13960);
#13957 = PRODUCT_DEFINITION_FORMATION('','',#13958);
#13958 = PRODUCT('U1_MCL12F_R','U1_MCL12F_R','',(#13959));
#13959 = PRODUCT_CONTEXT('',#2,'mechanical');
#13960 = PRODUCT_DEFINITION_CONTEXT('part definition',#2,'design');
#13961 = ADVANCED_BREP_SHAPE_REPRESENTATION('',(#11,#13962),#14254);
#13962 = MANIFOLD_SOLID_BREP('',#13963);
#13963 = CLOSED_SHELL('',(#13964,#14052,#14107,#14142,#14177,#14227));
#13964 = ADVANCED_FACE('',(#13965),#13979,.T.);
#13965 = FACE_BOUND('',#13966,.F.);
#13966 = EDGE_LOOP('',(#13967,#13997,#14024,#14025));
#13967 = ORIENTED_EDGE('',*,*,#13968,.T.);
#13968 = EDGE_CURVE('',#13969,#13971,#13973,.T.);
#13969 = VERTEX_POINT('',#13970);
#13970 = CARTESIAN_POINT('',(-32.5,161.,281.));
#13971 = VERTEX_POINT('',#13972);
#13972 = CARTESIAN_POINT('',(-38.,161.,281.));
#13973 = SEAM_CURVE('',#13974,(#13978,#13990),.PCURVE_S1.);
#13974 = LINE('',#13975,#13976);
#13975 = CARTESIAN_POINT('',(-32.5,161.,281.));
#13976 = VECTOR('',#13977,1.);
#13977 = DIRECTION('',(-1.,-1.110223024625E-16,1.224646799147E-16));
#13978 = PCURVE('',#13979,#13984);
#13979 = CYLINDRICAL_SURFACE('',#13980,14.);
#13980 = AXIS2_PLACEMENT_3D('',#13981,#13982,#13983);
#13981 = CARTESIAN_POINT('',(-32.5,175.,281.));
#13982 = DIRECTION('',(1.,1.110223024625E-16,-1.224646799147E-16));
#13983 = DIRECTION('',(1.110223024625E-16,-1.,0.));
#13984 = DEFINITIONAL_REPRESENTATION('',(#13985),#13989);
#13985 = LINE('',#13986,#13987);
#13986 = CARTESIAN_POINT('',(-0.,0.));
#13987 = VECTOR('',#13988,1.);
#13988 = DIRECTION('',(-0.,-1.));
#13989 = ( GEOMETRIC_REPRESENTATION_CONTEXT(2) 
PARAMETRIC_REPRESENTATION_CONTEXT() REPRESENTATION_CONTEXT('2D SPACE',''
  ) );
#13990 = PCURVE('',#13979,#13991);
#13991 = DEFINITIONAL_REPRESENTATION('',(#13992),#13996);
#13992 = LINE('',#13993,#13994);
#13993 = CARTESIAN_POINT('',(-6.28318530718,0.));
#13994 = VECTOR('',#13995,1.);
#13995 = DIRECTION('',(-0.,-1.));
#13996 = ( GEOMETRIC_REPRESENTATION_CONTEXT(2) 
PARAMETRIC_REPRESENTATION_CONTEXT() REPRESENTATION_CONTEXT('2D SPACE',''
  ) );
#13997 = ORIENTED_EDGE('',*,*,#13998,.T.);
#13998 = EDGE_CURVE('',#13971,#13971,#13999,.T.);
#13999 = SURFACE_CURVE('',#14000,(#14005,#14012),.PCURVE_S1.);
#14000 = CIRCLE('',#14001,14.);
#14001 = AXIS2_PLACEMENT_3D('',#14002,#14003,#14004);
#14002 = CARTESIAN_POINT('',(-38.,175.,281.));
#14003 = DIRECTION('',(-1.,-1.110223024625E-16,1.224646799147E-16));
#14004 = DIRECTION('',(1.110223024625E-16,-1.,0.));
#14005 = PCURVE('',#13979,#14006);
#14006 = DEFINITIONAL_REPRESENTATION('',(#14007),#14011);
#14007 = LINE('',#14008,#14009);
#14008 = CARTESIAN_POINT('',(-0.,-5.5));
#14009 = VECTOR('',#14010,1.);
#14010 = DIRECTION('',(-1.,0.));
#14011 = ( GEOMETRIC_REPRESENTATION_CONTEXT(2) 
PARAMETRIC_REPRESENTATION_CONTEXT() REPRESENTATION_CONTEXT('2D SPACE',''
  ) );
#14012 = PCURVE('',#14013,#14018);
#14013 = PLANE('',#14014);
#14014 = AXIS2_PLACEMENT_3D('',#14015,#14016,#14017);
#14015 = CARTESIAN_POINT('',(-38.,175.,281.));
#14016 = DIRECTION('',(-1.,-1.110223024625E-16,1.224646799147E-16));
#14017 = DIRECTION('',(-1.224646799147E-16,-1.359631073447E-32,-1.));
#14018 = DEFINITIONAL_REPRESENTATION('',(#14019),#14023);
#14019 = CIRCLE('',#14020,14.);
#14020 = AXIS2_PLACEMENT_2D('',#14021,#14022);
#14021 = CARTESIAN_POINT('',(0.,0.));
#14022 = DIRECTION('',(0.,1.));
#14023 = ( GEOMETRIC_REPRESENTATION_CONTEXT(2) 
PARAMETRIC_REPRESENTATION_CONTEXT() REPRESENTATION_CONTEXT('2D SPACE',''
  ) );
#14024 = ORIENTED_EDGE('',*,*,#13968,.F.);
#14025 = ORIENTED_EDGE('',*,*,#14026,.F.);
#14026 = EDGE_CURVE('',#13969,#13969,#14027,.T.);
#14027 = SURFACE_CURVE('',#14028,(#14033,#14040),.PCURVE_S1.);
#14028 = CIRCLE('',#14029,14.);
#14029 = AXIS2_PLACEMENT_3D('',#14030,#14031,#14032);
#14030 = CARTESIAN_POINT('',(-32.5,175.,281.));
#14031 = DIRECTION('',(-1.,-1.110223024625E-16,1.224646799147E-16));
#14032 = DIRECTION('',(1.110223024625E-16,-1.,0.));
#14033 = PCURVE('',#13979,#14034);
#14034 = DEFINITIONAL_REPRESENTATION('',(#14035),#14039);
#14035 = LINE('',#14036,#14037);
#14036 = CARTESIAN_POINT('',(-0.,0.));
#14037 = VECTOR('',#14038,1.);
#14038 = DIRECTION('',(-1.,0.));
#14039 = ( GEOMETRIC_REPRESENTATION_CONTEXT(2) 
PARAMETRIC_REPRESENTATION_CONTEXT() REPRESENTATION_CONTEXT('2D SPACE',''
  ) );
#14040 = PCURVE('',#14041,#14046);
#14041 = CYLINDRICAL_SURFACE('',#14042,14.);
#14042 = AXIS2_PLACEMENT_3D('',#14043,#14044,#14045);
#14043 = CARTESIAN_POINT('',(-32.5,175.,281.));
#14044 = DIRECTION('',(-1.,-1.110223024625E-16,1.224646799147E-16));
#14045 = DIRECTION('',(1.110223024625E-16,-1.,0.));
#14046 = DEFINITIONAL_REPRESENTATION('',(#14047),#14051);
#14047 = LINE('',#14048,#14049);
#14048 = CARTESIAN_POINT('',(0.,0.));
#14049 = VECTOR('',#14050,1.);
#14050 = DIRECTION('',(1.,0.));
#14051 = ( GEOMETRIC_REPRESENTATION_CONTEXT(2) 
PARAMETRIC_REPRESENTATION_CONTEXT() REPRESENTATION_CONTEXT('2D SPACE',''
  ) );
#14052 = ADVANCED_FACE('',(#14053),#14041,.T.);
#14053 = FACE_BOUND('',#14054,.T.);
#14054 = EDGE_LOOP('',(#14055,#14078,#14105,#14106));
#14055 = ORIENTED_EDGE('',*,*,#14056,.T.);
#14056 = EDGE_CURVE('',#13969,#14057,#14059,.T.);
#14057 = VERTEX_POINT('',#14058);
#14058 = CARTESIAN_POINT('',(-27.,161.,281.));
#14059 = SEAM_CURVE('',#14060,(#14064,#14071),.PCURVE_S1.);
#14060 = LINE('',#14061,#14062);
#14061 = CARTESIAN_POINT('',(-32.5,161.,281.));
#14062 = VECTOR('',#14063,1.);
#14063 = DIRECTION('',(1.,1.110223024625E-16,-1.224646799147E-16));
#14064 = PCURVE('',#14041,#14065);
#14065 = DEFINITIONAL_REPRESENTATION('',(#14066),#14070);
#14066 = LINE('',#14067,#14068);
#14067 = CARTESIAN_POINT('',(0.,0.));
#14068 = VECTOR('',#14069,1.);
#14069 = DIRECTION('',(0.,-1.));
#14070 = ( GEOMETRIC_REPRESENTATION_CONTEXT(2) 
PARAMETRIC_REPRESENTATION_CONTEXT() REPRESENTATION_CONTEXT('2D SPACE',''
  ) );
#14071 = PCURVE('',#14041,#14072);
#14072 = DEFINITIONAL_REPRESENTATION('',(#14073),#14077);
#14073 = LINE('',#14074,#14075);
#14074 = CARTESIAN_POINT('',(6.28318530718,0.));
#14075 = VECTOR('',#14076,1.);
#14076 = DIRECTION('',(0.,-1.));
#14077 = ( GEOMETRIC_REPRESENTATION_CONTEXT(2) 
PARAMETRIC_REPRESENTATION_CONTEXT() REPRESENTATION_CONTEXT('2D SPACE',''
  ) );
#14078 = ORIENTED_EDGE('',*,*,#14079,.T.);
#14079 = EDGE_CURVE('',#14057,#14057,#14080,.T.);
#14080 = SURFACE_CURVE('',#14081,(#14086,#14093),.PCURVE_S1.);
#14081 = CIRCLE('',#14082,14.);
#14082 = AXIS2_PLACEMENT_3D('',#14083,#14084,#14085);
#14083 = CARTESIAN_POINT('',(-27.,175.,281.));
#14084 = DIRECTION('',(-1.,-1.110223024625E-16,1.224646799147E-16));
#14085 = DIRECTION('',(1.110223024625E-16,-1.,0.));
#14086 = PCURVE('',#14041,#14087);
#14087 = DEFINITIONAL_REPRESENTATION('',(#14088),#14092);
#14088 = LINE('',#14089,#14090);
#14089 = CARTESIAN_POINT('',(0.,-5.5));
#14090 = VECTOR('',#14091,1.);
#14091 = DIRECTION('',(1.,0.));
#14092 = ( GEOMETRIC_REPRESENTATION_CONTEXT(2) 
PARAMETRIC_REPRESENTATION_CONTEXT() REPRESENTATION_CONTEXT('2D SPACE',''
  ) );
#14093 = PCURVE('',#14094,#14099);
#14094 = PLANE('',#14095);
#14095 = AXIS2_PLACEMENT_3D('',#14096,#14097,#14098);
#14096 = CARTESIAN_POINT('',(-27.,175.,281.));
#14097 = DIRECTION('',(-1.,-1.110223024625E-16,1.224646799147E-16));
#14098 = DIRECTION('',(-1.224646799147E-16,-1.359631073447E-32,-1.));
#14099 = DEFINITIONAL_REPRESENTATION('',(#14100),#14104);
#14100 = CIRCLE('',#14101,14.);
#14101 = AXIS2_PLACEMENT_2D('',#14102,#14103);
#14102 = CARTESIAN_POINT('',(0.,0.));
#14103 = DIRECTION('',(0.,1.));
#14104 = ( GEOMETRIC_REPRESENTATION_CONTEXT(2) 
PARAMETRIC_REPRESENTATION_CONTEXT() REPRESENTATION_CONTEXT('2D SPACE',''
  ) );
#14105 = ORIENTED_EDGE('',*,*,#14056,.F.);
#14106 = ORIENTED_EDGE('',*,*,#14026,.F.);
#14107 = ADVANCED_FACE('',(#14108,#14111),#14013,.T.);
#14108 = FACE_BOUND('',#14109,.T.);
#14109 = EDGE_LOOP('',(#14110));
#14110 = ORIENTED_EDGE('',*,*,#13998,.T.);
#14111 = FACE_BOUND('',#14112,.T.);
#14112 = EDGE_LOOP('',(#14113));
#14113 = ORIENTED_EDGE('',*,*,#14114,.F.);
#14114 = EDGE_CURVE('',#14115,#14115,#14117,.T.);
#14115 = VERTEX_POINT('',#14116);
#14116 = CARTESIAN_POINT('',(-38.,168.995,281.));
#14117 = SURFACE_CURVE('',#14118,(#14123,#14130),.PCURVE_S1.);
#14118 = CIRCLE('',#14119,6.005);
#14119 = AXIS2_PLACEMENT_3D('',#14120,#14121,#14122);
#14120 = CARTESIAN_POINT('',(-38.,175.,281.));
#14121 = DIRECTION('',(-1.,-1.110223024625E-16,1.224646799147E-16));
#14122 = DIRECTION('',(1.110223024625E-16,-1.,0.));
#14123 = PCURVE('',#14013,#14124);
#14124 = DEFINITIONAL_REPRESENTATION('',(#14125),#14129);
#14125 = CIRCLE('',#14126,6.005);
#14126 = AXIS2_PLACEMENT_2D('',#14127,#14128);
#14127 = CARTESIAN_POINT('',(7.728607860411E-46,5.684341886081E-14));
#14128 = DIRECTION('',(0.,1.));
#14129 = ( GEOMETRIC_REPRESENTATION_CONTEXT(2) 
PARAMETRIC_REPRESENTATION_CONTEXT() REPRESENTATION_CONTEXT('2D SPACE',''
  ) );
#14130 = PCURVE('',#14131,#14136);
#14131 = CYLINDRICAL_SURFACE('',#14132,6.005);
#14132 = AXIS2_PLACEMENT_3D('',#14133,#14134,#14135);
#14133 = CARTESIAN_POINT('',(-32.5,175.,281.));
#14134 = DIRECTION('',(1.,1.110223024625E-16,-1.224646799147E-16));
#14135 = DIRECTION('',(1.110223024625E-16,-1.,0.));
#14136 = DEFINITIONAL_REPRESENTATION('',(#14137),#14141);
#14137 = LINE('',#14138,#14139);
#14138 = CARTESIAN_POINT('',(-0.,-5.5));
#14139 = VECTOR('',#14140,1.);
#14140 = DIRECTION('',(-1.,0.));
#14141 = ( GEOMETRIC_REPRESENTATION_CONTEXT(2) 
PARAMETRIC_REPRESENTATION_CONTEXT() REPRESENTATION_CONTEXT('2D SPACE',''
  ) );
#14142 = ADVANCED_FACE('',(#14143,#14146),#14094,.F.);
#14143 = FACE_BOUND('',#14144,.F.);
#14144 = EDGE_LOOP('',(#14145));
#14145 = ORIENTED_EDGE('',*,*,#14079,.T.);
#14146 = FACE_BOUND('',#14147,.F.);
#14147 = EDGE_LOOP('',(#14148));
#14148 = ORIENTED_EDGE('',*,*,#14149,.F.);
#14149 = EDGE_CURVE('',#14150,#14150,#14152,.T.);
#14150 = VERTEX_POINT('',#14151);
#14151 = CARTESIAN_POINT('',(-27.,168.995,281.));
#14152 = SURFACE_CURVE('',#14153,(#14158,#14165),.PCURVE_S1.);
#14153 = CIRCLE('',#14154,6.005);
#14154 = AXIS2_PLACEMENT_3D('',#14155,#14156,#14157);
#14155 = CARTESIAN_POINT('',(-27.,175.,281.));
#14156 = DIRECTION('',(-1.,-1.110223024625E-16,1.224646799147E-16));
#14157 = DIRECTION('',(1.110223024625E-16,-1.,0.));
#14158 = PCURVE('',#14094,#14159);
#14159 = DEFINITIONAL_REPRESENTATION('',(#14160),#14164);
#14160 = CIRCLE('',#14161,6.005);
#14161 = AXIS2_PLACEMENT_2D('',#14162,#14163);
#14162 = CARTESIAN_POINT('',(7.728607860411E-46,5.684341886081E-14));
#14163 = DIRECTION('',(0.,1.));
#14164 = ( GEOMETRIC_REPRESENTATION_CONTEXT(2) 
PARAMETRIC_REPRESENTATION_CONTEXT() REPRESENTATION_CONTEXT('2D SPACE',''
  ) );
#14165 = PCURVE('',#14166,#14171);
#14166 = CYLINDRICAL_SURFACE('',#14167,6.005);
#14167 = AXIS2_PLACEMENT_3D('',#14168,#14169,#14170);
#14168 = CARTESIAN_POINT('',(-32.5,175.,281.));
#14169 = DIRECTION('',(-1.,-1.110223024625E-16,1.224646799147E-16));
#14170 = DIRECTION('',(1.110223024625E-16,-1.,0.));
#14171 = DEFINITIONAL_REPRESENTATION('',(#14172),#14176);
#14172 = LINE('',#14173,#14174);
#14173 = CARTESIAN_POINT('',(0.,-5.5));
#14174 = VECTOR('',#14175,1.);
#14175 = DIRECTION('',(1.,0.));
#14176 = ( GEOMETRIC_REPRESENTATION_CONTEXT(2) 
PARAMETRIC_REPRESENTATION_CONTEXT() REPRESENTATION_CONTEXT('2D SPACE',''
  ) );
#14177 = ADVANCED_FACE('',(#14178),#14131,.F.);
#14178 = FACE_BOUND('',#14179,.T.);
#14179 = EDGE_LOOP('',(#14180,#14203,#14204,#14205));
#14180 = ORIENTED_EDGE('',*,*,#14181,.T.);
#14181 = EDGE_CURVE('',#14182,#14115,#14184,.T.);
#14182 = VERTEX_POINT('',#14183);
#14183 = CARTESIAN_POINT('',(-32.5,168.995,281.));
#14184 = SEAM_CURVE('',#14185,(#14189,#14196),.PCURVE_S1.);
#14185 = LINE('',#14186,#14187);
#14186 = CARTESIAN_POINT('',(-32.5,168.995,281.));
#14187 = VECTOR('',#14188,1.);
#14188 = DIRECTION('',(-1.,-1.110223024625E-16,1.224646799147E-16));
#14189 = PCURVE('',#14131,#14190);
#14190 = DEFINITIONAL_REPRESENTATION('',(#14191),#14195);
#14191 = LINE('',#14192,#14193);
#14192 = CARTESIAN_POINT('',(-0.,0.));
#14193 = VECTOR('',#14194,1.);
#14194 = DIRECTION('',(-0.,-1.));
#14195 = ( GEOMETRIC_REPRESENTATION_CONTEXT(2) 
PARAMETRIC_REPRESENTATION_CONTEXT() REPRESENTATION_CONTEXT('2D SPACE',''
  ) );
#14196 = PCURVE('',#14131,#14197);
#14197 = DEFINITIONAL_REPRESENTATION('',(#14198),#14202);
#14198 = LINE('',#14199,#14200);
#14199 = CARTESIAN_POINT('',(-6.28318530718,0.));
#14200 = VECTOR('',#14201,1.);
#14201 = DIRECTION('',(-0.,-1.));
#14202 = ( GEOMETRIC_REPRESENTATION_CONTEXT(2) 
PARAMETRIC_REPRESENTATION_CONTEXT() REPRESENTATION_CONTEXT('2D SPACE',''
  ) );
#14203 = ORIENTED_EDGE('',*,*,#14114,.T.);
#14204 = ORIENTED_EDGE('',*,*,#14181,.F.);
#14205 = ORIENTED_EDGE('',*,*,#14206,.F.);
#14206 = EDGE_CURVE('',#14182,#14182,#14207,.T.);
#14207 = SURFACE_CURVE('',#14208,(#14213,#14220),.PCURVE_S1.);
#14208 = CIRCLE('',#14209,6.005);
#14209 = AXIS2_PLACEMENT_3D('',#14210,#14211,#14212);
#14210 = CARTESIAN_POINT('',(-32.5,175.,281.));
#14211 = DIRECTION('',(-1.,-1.110223024625E-16,1.224646799147E-16));
#14212 = DIRECTION('',(1.110223024625E-16,-1.,0.));
#14213 = PCURVE('',#14131,#14214);
#14214 = DEFINITIONAL_REPRESENTATION('',(#14215),#14219);
#14215 = LINE('',#14216,#14217);
#14216 = CARTESIAN_POINT('',(-0.,0.));
#14217 = VECTOR('',#14218,1.);
#14218 = DIRECTION('',(-1.,0.));
#14219 = ( GEOMETRIC_REPRESENTATION_CONTEXT(2) 
PARAMETRIC_REPRESENTATION_CONTEXT() REPRESENTATION_CONTEXT('2D SPACE',''
  ) );
#14220 = PCURVE('',#14166,#14221);
#14221 = DEFINITIONAL_REPRESENTATION('',(#14222),#14226);
#14222 = LINE('',#14223,#14224);
#14223 = CARTESIAN_POINT('',(0.,0.));
#14224 = VECTOR('',#14225,1.);
#14225 = DIRECTION('',(1.,0.));
#14226 = ( GEOMETRIC_REPRESENTATION_CONTEXT(2) 
PARAMETRIC_REPRESENTATION_CONTEXT() REPRESENTATION_CONTEXT('2D SPACE',''
  ) );
#14227 = ADVANCED_FACE('',(#14228),#14166,.F.);
#14228 = FACE_BOUND('',#14229,.F.);
#14229 = EDGE_LOOP('',(#14230,#14251,#14252,#14253));
#14230 = ORIENTED_EDGE('',*,*,#14231,.T.);
#14231 = EDGE_CURVE('',#14182,#14150,#14232,.T.);
#14232 = SEAM_CURVE('',#14233,(#14237,#14244),.PCURVE_S1.);
#14233 = LINE('',#14234,#14235);
#14234 = CARTESIAN_POINT('',(-32.5,168.995,281.));
#14235 = VECTOR('',#14236,1.);
#14236 = DIRECTION('',(1.,1.110223024625E-16,-1.224646799147E-16));
#14237 = PCURVE('',#14166,#14238);
#14238 = DEFINITIONAL_REPRESENTATION('',(#14239),#14243);
#14239 = LINE('',#14240,#14241);
#14240 = CARTESIAN_POINT('',(0.,0.));
#14241 = VECTOR('',#14242,1.);
#14242 = DIRECTION('',(0.,-1.));
#14243 = ( GEOMETRIC_REPRESENTATION_CONTEXT(2) 
PARAMETRIC_REPRESENTATION_CONTEXT() REPRESENTATION_CONTEXT('2D SPACE',''
  ) );
#14244 = PCURVE('',#14166,#14245);
#14245 = DEFINITIONAL_REPRESENTATION('',(#14246),#14250);
#14246 = LINE('',#14247,#14248);
#14247 = CARTESIAN_POINT('',(6.28318530718,0.));
#14248 = VECTOR('',#14249,1.);
#14249 = DIRECTION('',(0.,-1.));
#14250 = ( GEOMETRIC_REPRESENTATION_CONTEXT(2) 
PARAMETRIC_REPRESENTATION_CONTEXT() REPRESENTATION_CONTEXT('2D SPACE',''
  ) );
#14251 = ORIENTED_EDGE('',*,*,#14149,.T.);
#14252 = ORIENTED_EDGE('',*,*,#14231,.F.);
#14253 = ORIENTED_EDGE('',*,*,#14206,.F.);
#14254 = ( GEOMETRIC_REPRESENTATION_CONTEXT(3) 
GLOBAL_UNCERTAINTY_ASSIGNED_CONTEXT((#14258)) 
GLOBAL_UNIT_ASSIGNED_CONTEXT((#14255,#14256,#14257)) 
REPRESENTATION_CONTEXT('Context #1',
  '3D Context with UNIT and UNCERTAINTY') );
#14255 = ( LENGTH_UNIT() NAMED_UNIT(*) SI_UNIT(.MILLI.,.METRE.) );
#14256 = ( NAMED_UNIT(*) PLANE_ANGLE_UNIT() SI_UNIT($,.RADIAN.) );
#14257 = ( NAMED_UNIT(*) SI_UNIT($,.STERADIAN.) SOLID_ANGLE_UNIT() );
#14258 = UNCERTAINTY_MEASURE_WITH_UNIT(LENGTH_MEASURE(1.E-07),#14255,
  'distance_accuracy_value','confusion accuracy');
#14259 = CONTEXT_DEPENDENT_SHAPE_REPRESENTATION(#14260,#14262);
#14260 = ( REPRESENTATION_RELATIONSHIP('','',#13961,#10) 
REPRESENTATION_RELATIONSHIP_WITH_TRANSFORMATION(#14261) 
SHAPE_REPRESENTATION_RELATIONSHIP() );
#14261 = ITEM_DEFINED_TRANSFORMATION('','',#11,#103);
#14262 = PRODUCT_DEFINITION_SHAPE('Placement','Placement of an item',
  #14263);
#14263 = NEXT_ASSEMBLY_USAGE_OCCURRENCE('92','U1_MCL12F_R','',#5,#13956,
  $);
#14264 = PRODUCT_RELATED_PRODUCT_CATEGORY('part',$,(#13958));
#14265 = SHAPE_DEFINITION_REPRESENTATION(#14266,#14272);
#14266 = PRODUCT_DEFINITION_SHAPE('','',#14267);
#14267 = PRODUCT_DEFINITION('design','',#14268,#14271);
#14268 = PRODUCT_DEFINITION_FORMATION('','',#14269);
#14269 = PRODUCT('U1_SHAFT12X100','U1_SHAFT12X100','',(#14270));
#14270 = PRODUCT_CONTEXT('',#2,'mechanical');
#14271 = PRODUCT_DEFINITION_CONTEXT('part definition',#2,'design');
#14272 = ADVANCED_BREP_SHAPE_REPRESENTATION('',(#11,#14273),#14371);
#14273 = MANIFOLD_SOLID_BREP('',#14274);
#14274 = CLOSED_SHELL('',(#14275,#14363,#14367));
#14275 = ADVANCED_FACE('',(#14276),#14290,.T.);
#14276 = FACE_BOUND('',#14277,.F.);
#14277 = EDGE_LOOP('',(#14278,#14308,#14335,#14336));
#14278 = ORIENTED_EDGE('',*,*,#14279,.T.);
#14279 = EDGE_CURVE('',#14280,#14282,#14284,.T.);
#14280 = VERTEX_POINT('',#14281);
#14281 = CARTESIAN_POINT('',(50.,169.002,281.));
#14282 = VERTEX_POINT('',#14283);
#14283 = CARTESIAN_POINT('',(-50.,169.002,281.));
#14284 = SEAM_CURVE('',#14285,(#14289,#14301),.PCURVE_S1.);
#14285 = LINE('',#14286,#14287);
#14286 = CARTESIAN_POINT('',(50.,169.002,281.));
#14287 = VECTOR('',#14288,1.);
#14288 = DIRECTION('',(-1.,-1.110223024625E-16,1.144237745222E-17));
#14289 = PCURVE('',#14290,#14295);
#14290 = CYLINDRICAL_SURFACE('',#14291,5.998);
#14291 = AXIS2_PLACEMENT_3D('',#14292,#14293,#14294);
#14292 = CARTESIAN_POINT('',(50.,175.,281.));
#14293 = DIRECTION('',(1.,1.110223024625E-16,-1.144237745222E-17));
#14294 = DIRECTION('',(1.110223024625E-16,-1.,0.));
#14295 = DEFINITIONAL_REPRESENTATION('',(#14296),#14300);
#14296 = LINE('',#14297,#14298);
#14297 = CARTESIAN_POINT('',(-0.,0.));
#14298 = VECTOR('',#14299,1.);
#14299 = DIRECTION('',(-0.,-1.));
#14300 = ( GEOMETRIC_REPRESENTATION_CONTEXT(2) 
PARAMETRIC_REPRESENTATION_CONTEXT() REPRESENTATION_CONTEXT('2D SPACE',''
  ) );
#14301 = PCURVE('',#14290,#14302);
#14302 = DEFINITIONAL_REPRESENTATION('',(#14303),#14307);
#14303 = LINE('',#14304,#14305);
#14304 = CARTESIAN_POINT('',(-6.28318530718,0.));
#14305 = VECTOR('',#14306,1.);
#14306 = DIRECTION('',(-0.,-1.));
#14307 = ( GEOMETRIC_REPRESENTATION_CONTEXT(2) 
PARAMETRIC_REPRESENTATION_CONTEXT() REPRESENTATION_CONTEXT('2D SPACE',''
  ) );
#14308 = ORIENTED_EDGE('',*,*,#14309,.T.);
#14309 = EDGE_CURVE('',#14282,#14282,#14310,.T.);
#14310 = SURFACE_CURVE('',#14311,(#14316,#14323),.PCURVE_S1.);
#14311 = CIRCLE('',#14312,5.998);
#14312 = AXIS2_PLACEMENT_3D('',#14313,#14314,#14315);
#14313 = CARTESIAN_POINT('',(-50.,175.,281.));
#14314 = DIRECTION('',(-1.,-1.110223024625E-16,1.144237745222E-17));
#14315 = DIRECTION('',(1.110223024625E-16,-1.,0.));
#14316 = PCURVE('',#14290,#14317);
#14317 = DEFINITIONAL_REPRESENTATION('',(#14318),#14322);
#14318 = LINE('',#14319,#14320);
#14319 = CARTESIAN_POINT('',(-0.,-100.));
#14320 = VECTOR('',#14321,1.);
#14321 = DIRECTION('',(-1.,0.));
#14322 = ( GEOMETRIC_REPRESENTATION_CONTEXT(2) 
PARAMETRIC_REPRESENTATION_CONTEXT() REPRESENTATION_CONTEXT('2D SPACE',''
  ) );
#14323 = PCURVE('',#14324,#14329);
#14324 = PLANE('',#14325);
#14325 = AXIS2_PLACEMENT_3D('',#14326,#14327,#14328);
#14326 = CARTESIAN_POINT('',(-50.,175.,281.));
#14327 = DIRECTION('',(-1.,-1.110223024625E-16,1.144237745222E-17));
#14328 = DIRECTION('',(1.110223024625E-16,-1.,0.));
#14329 = DEFINITIONAL_REPRESENTATION('',(#14330),#14334);
#14330 = CIRCLE('',#14331,5.998);
#14331 = AXIS2_PLACEMENT_2D('',#14332,#14333);
#14332 = CARTESIAN_POINT('',(0.,0.));
#14333 = DIRECTION('',(1.,0.));
#14334 = ( GEOMETRIC_REPRESENTATION_CONTEXT(2) 
PARAMETRIC_REPRESENTATION_CONTEXT() REPRESENTATION_CONTEXT('2D SPACE',''
  ) );
#14335 = ORIENTED_EDGE('',*,*,#14279,.F.);
#14336 = ORIENTED_EDGE('',*,*,#14337,.F.);
#14337 = EDGE_CURVE('',#14280,#14280,#14338,.T.);
#14338 = SURFACE_CURVE('',#14339,(#14344,#14351),.PCURVE_S1.);
#14339 = CIRCLE('',#14340,5.998);
#14340 = AXIS2_PLACEMENT_3D('',#14341,#14342,#14343);
#14341 = CARTESIAN_POINT('',(50.,175.,281.));
#14342 = DIRECTION('',(-1.,-1.110223024625E-16,1.144237745222E-17));
#14343 = DIRECTION('',(1.110223024625E-16,-1.,0.));
#14344 = PCURVE('',#14290,#14345);
#14345 = DEFINITIONAL_REPRESENTATION('',(#14346),#14350);
#14346 = LINE('',#14347,#14348);
#14347 = CARTESIAN_POINT('',(-0.,0.));
#14348 = VECTOR('',#14349,1.);
#14349 = DIRECTION('',(-1.,0.));
#14350 = ( GEOMETRIC_REPRESENTATION_CONTEXT(2) 
PARAMETRIC_REPRESENTATION_CONTEXT() REPRESENTATION_CONTEXT('2D SPACE',''
  ) );
#14351 = PCURVE('',#14352,#14357);
#14352 = PLANE('',#14353);
#14353 = AXIS2_PLACEMENT_3D('',#14354,#14355,#14356);
#14354 = CARTESIAN_POINT('',(50.,175.,281.));
#14355 = DIRECTION('',(-1.,-1.110223024625E-16,1.144237745222E-17));
#14356 = DIRECTION('',(1.110223024625E-16,-1.,0.));
#14357 = DEFINITIONAL_REPRESENTATION('',(#14358),#14362);
#14358 = CIRCLE('',#14359,5.998);
#14359 = AXIS2_PLACEMENT_2D('',#14360,#14361);
#14360 = CARTESIAN_POINT('',(0.,0.));
#14361 = DIRECTION('',(1.,0.));
#14362 = ( GEOMETRIC_REPRESENTATION_CONTEXT(2) 
PARAMETRIC_REPRESENTATION_CONTEXT() REPRESENTATION_CONTEXT('2D SPACE',''
  ) );
#14363 = ADVANCED_FACE('',(#14364),#14352,.F.);
#14364 = FACE_BOUND('',#14365,.F.);
#14365 = EDGE_LOOP('',(#14366));
#14366 = ORIENTED_EDGE('',*,*,#14337,.T.);
#14367 = ADVANCED_FACE('',(#14368),#14324,.T.);
#14368 = FACE_BOUND('',#14369,.T.);
#14369 = EDGE_LOOP('',(#14370));
#14370 = ORIENTED_EDGE('',*,*,#14309,.T.);
#14371 = ( GEOMETRIC_REPRESENTATION_CONTEXT(3) 
GLOBAL_UNCERTAINTY_ASSIGNED_CONTEXT((#14375)) 
GLOBAL_UNIT_ASSIGNED_CONTEXT((#14372,#14373,#14374)) 
REPRESENTATION_CONTEXT('Context #1',
  '3D Context with UNIT and UNCERTAINTY') );
#14372 = ( LENGTH_UNIT() NAMED_UNIT(*) SI_UNIT(.MILLI.,.METRE.) );
#14373 = ( NAMED_UNIT(*) PLANE_ANGLE_UNIT() SI_UNIT($,.RADIAN.) );
#14374 = ( NAMED_UNIT(*) SI_UNIT($,.STERADIAN.) SOLID_ANGLE_UNIT() );
#14375 = UNCERTAINTY_MEASURE_WITH_UNIT(LENGTH_MEASURE(1.E-07),#14372,
  'distance_accuracy_value','confusion accuracy');
#14376 = CONTEXT_DEPENDENT_SHAPE_REPRESENTATION(#14377,#14379);
#14377 = ( REPRESENTATION_RELATIONSHIP('','',#14272,#10) 
REPRESENTATION_RELATIONSHIP_WITH_TRANSFORMATION(#14378) 
SHAPE_REPRESENTATION_RELATIONSHIP() );
#14378 = ITEM_DEFINED_TRANSFORMATION('','',#11,#107);
#14379 = PRODUCT_DEFINITION_SHAPE('Placement','Placement of an item',
  #14380);
#14380 = NEXT_ASSEMBLY_USAGE_OCCURRENCE('93','U1_SHAFT12X100','',#5,
  #14267,$);
#14381 = PRODUCT_RELATED_PRODUCT_CATEGORY('part',$,(#14269));
#14382 = MECHANICAL_DESIGN_GEOMETRIC_PRESENTATION_REPRESENTATION('',(
    #14383),#7047);
#14383 = STYLED_ITEM('color',(#14384),#6755);
#14384 = PRESENTATION_STYLE_ASSIGNMENT((#14385));
#14385 = SURFACE_STYLE_USAGE(.BOTH.,#14386);
#14386 = SURFACE_SIDE_STYLE('',(#14387));
#14387 = SURFACE_STYLE_FILL_AREA(#14388);
#14388 = FILL_AREA_STYLE('',(#14389));
#14389 = FILL_AREA_STYLE_COLOUR('',#14390);
#14390 = COLOUR_RGB('',0.760000013601,0.789999995908,0.819999987296);
#14391 = MECHANICAL_DESIGN_GEOMETRIC_PRESENTATION_REPRESENTATION('',(
    #14392),#6529);
#14392 = STYLED_ITEM('color',(#14393),#5385);
#14393 = PRESENTATION_STYLE_ASSIGNMENT((#14394));
#14394 = SURFACE_STYLE_USAGE(.BOTH.,#14395);
#14395 = SURFACE_SIDE_STYLE('',(#14396));
#14396 = SURFACE_STYLE_FILL_AREA(#14397);
#14397 = FILL_AREA_STYLE('',(#14398));
#14398 = FILL_AREA_STYLE_COLOUR('',#14399);
#14399 = COLOUR_RGB('',0.120000001395,0.149999997808,0.180000002302);
#14400 = MECHANICAL_DESIGN_GEOMETRIC_PRESENTATION_REPRESENTATION('',(
    #14401,#14409,#14416),#5164);
#14401 = STYLED_ITEM('color',(#14402),#4290);
#14402 = PRESENTATION_STYLE_ASSIGNMENT((#14403));
#14403 = SURFACE_STYLE_USAGE(.BOTH.,#14404);
#14404 = SURFACE_SIDE_STYLE('',(#14405));
#14405 = SURFACE_STYLE_FILL_AREA(#14406);
#14406 = FILL_AREA_STYLE('',(#14407));
#14407 = FILL_AREA_STYLE_COLOUR('',#14408);
#14408 = COLOUR_RGB('',0.819999987296,0.420000006308,7.999999887273E-02
  );
#14409 = STYLED_ITEM('color',(#14410),#4580);
#14410 = PRESENTATION_STYLE_ASSIGNMENT((#14411));
#14411 = SURFACE_STYLE_USAGE(.BOTH.,#14412);
#14412 = SURFACE_SIDE_STYLE('',(#14413));
#14413 = SURFACE_STYLE_FILL_AREA(#14414);
#14414 = FILL_AREA_STYLE('',(#14415));
#14415 = FILL_AREA_STYLE_COLOUR('',#14408);
#14416 = STYLED_ITEM('color',(#14417),#4678);
#14417 = PRESENTATION_STYLE_ASSIGNMENT((#14418));
#14418 = SURFACE_STYLE_USAGE(.BOTH.,#14419);
#14419 = SURFACE_SIDE_STYLE('',(#14420));
#14420 = SURFACE_STYLE_FILL_AREA(#14421);
#14421 = FILL_AREA_STYLE('',(#14422));
#14422 = FILL_AREA_STYLE_COLOUR('',#14408);
#14423 = MECHANICAL_DESIGN_GEOMETRIC_PRESENTATION_REPRESENTATION('',(
    #14424),#8007);
#14424 = STYLED_ITEM('color',(#14425),#7819);
#14425 = PRESENTATION_STYLE_ASSIGNMENT((#14426));
#14426 = SURFACE_STYLE_USAGE(.BOTH.,#14427);
#14427 = SURFACE_SIDE_STYLE('',(#14428));
#14428 = SURFACE_STYLE_FILL_AREA(#14429);
#14429 = FILL_AREA_STYLE('',(#14430));
#14430 = FILL_AREA_STYLE_COLOUR('',#14399);
#14431 = MECHANICAL_DESIGN_GEOMETRIC_PRESENTATION_REPRESENTATION('',(
    #14432),#13632);
#14432 = STYLED_ITEM('color',(#14433),#13534);
#14433 = PRESENTATION_STYLE_ASSIGNMENT((#14434));
#14434 = SURFACE_STYLE_USAGE(.BOTH.,#14435);
#14435 = SURFACE_SIDE_STYLE('',(#14436));
#14436 = SURFACE_STYLE_FILL_AREA(#14437);
#14437 = FILL_AREA_STYLE('',(#14438));
#14438 = FILL_AREA_STYLE_COLOUR('',#14399);
#14439 = MECHANICAL_DESIGN_GEOMETRIC_PRESENTATION_REPRESENTATION('',(
    #14440),#12762);
#14440 = STYLED_ITEM('color',(#14441),#12470);
#14441 = PRESENTATION_STYLE_ASSIGNMENT((#14442));
#14442 = SURFACE_STYLE_USAGE(.BOTH.,#14443);
#14443 = SURFACE_SIDE_STYLE('',(#14444));
#14444 = SURFACE_STYLE_FILL_AREA(#14445);
#14445 = FILL_AREA_STYLE('',(#14446));
#14446 = FILL_AREA_STYLE_COLOUR('',#14390);
#14447 = MECHANICAL_DESIGN_GEOMETRIC_PRESENTATION_REPRESENTATION('',(
    #14448),#6736);
#14448 = STYLED_ITEM('color',(#14449),#6548);
#14449 = PRESENTATION_STYLE_ASSIGNMENT((#14450));
#14450 = SURFACE_STYLE_USAGE(.BOTH.,#14451);
#14451 = SURFACE_SIDE_STYLE('',(#14452));
#14452 = SURFACE_STYLE_FILL_AREA(#14453);
#14453 = FILL_AREA_STYLE('',(#14454));
#14454 = FILL_AREA_STYLE_COLOUR('',#14399);
#14455 = MECHANICAL_DESIGN_GEOMETRIC_PRESENTATION_REPRESENTATION('',(
    #14456),#9071);
#14456 = STYLED_ITEM('color',(#14457),#8337);
#14457 = PRESENTATION_STYLE_ASSIGNMENT((#14458));
#14458 = SURFACE_STYLE_USAGE(.BOTH.,#14459);
#14459 = SURFACE_SIDE_STYLE('',(#14460));
#14460 = SURFACE_STYLE_FILL_AREA(#14461);
#14461 = FILL_AREA_STYLE('',(#14462));
#14462 = FILL_AREA_STYLE_COLOUR('',#14399);
#14463 = MECHANICAL_DESIGN_GEOMETRIC_PRESENTATION_REPRESENTATION('',(
    #14464),#12451);
#14464 = STYLED_ITEM('color',(#14465),#12263);
#14465 = PRESENTATION_STYLE_ASSIGNMENT((#14466));
#14466 = SURFACE_STYLE_USAGE(.BOTH.,#14467);
#14467 = SURFACE_SIDE_STYLE('',(#14468));
#14468 = SURFACE_STYLE_FILL_AREA(#14469);
#14469 = FILL_AREA_STYLE('',(#14470));
#14470 = FILL_AREA_STYLE_COLOUR('',#14399);
#14471 = MECHANICAL_DESIGN_GEOMETRIC_PRESENTATION_REPRESENTATION('',(
    #14472),#9499);
#14472 = STYLED_ITEM('color',(#14473),#9207);
#14473 = PRESENTATION_STYLE_ASSIGNMENT((#14474));
#14474 = SURFACE_STYLE_USAGE(.BOTH.,#14475);
#14475 = SURFACE_SIDE_STYLE('',(#14476));
#14476 = SURFACE_STYLE_FILL_AREA(#14477);
#14477 = FILL_AREA_STYLE('',(#14478));
#14478 = FILL_AREA_STYLE_COLOUR('',#14390);
#14479 = MECHANICAL_DESIGN_GEOMETRIC_PRESENTATION_REPRESENTATION('',(
    #14480),#8318);
#14480 = STYLED_ITEM('color',(#14481),#8026);
#14481 = PRESENTATION_STYLE_ASSIGNMENT((#14482));
#14482 = SURFACE_STYLE_USAGE(.BOTH.,#14483);
#14483 = SURFACE_SIDE_STYLE('',(#14484));
#14484 = SURFACE_STYLE_FILL_AREA(#14485);
#14485 = FILL_AREA_STYLE('',(#14486));
#14486 = FILL_AREA_STYLE_COLOUR('',#14390);
#14487 = MECHANICAL_DESIGN_GEOMETRIC_PRESENTATION_REPRESENTATION('',(
    #14488),#14254);
#14488 = STYLED_ITEM('color',(#14489),#13962);
#14489 = PRESENTATION_STYLE_ASSIGNMENT((#14490));
#14490 = SURFACE_STYLE_USAGE(.BOTH.,#14491);
#14491 = SURFACE_SIDE_STYLE('',(#14492));
#14492 = SURFACE_STYLE_FILL_AREA(#14493);
#14493 = FILL_AREA_STYLE('',(#14494));
#14494 = FILL_AREA_STYLE_COLOUR('',#14399);
#14495 = MECHANICAL_DESIGN_GEOMETRIC_PRESENTATION_REPRESENTATION('',(
    #14496),#13515);
#14496 = STYLED_ITEM('color',(#14497),#12781);
#14497 = PRESENTATION_STYLE_ASSIGNMENT((#14498));
#14498 = SURFACE_STYLE_USAGE(.BOTH.,#14499);
#14499 = SURFACE_SIDE_STYLE('',(#14500));
#14500 = SURFACE_STYLE_FILL_AREA(#14501);
#14501 = FILL_AREA_STYLE('',(#14502));
#14502 = FILL_AREA_STYLE_COLOUR('',#14399);
#14503 = MECHANICAL_DESIGN_GEOMETRIC_PRESENTATION_REPRESENTATION('',(
    #14504),#14371);
#14504 = STYLED_ITEM('color',(#14505),#14273);
#14505 = PRESENTATION_STYLE_ASSIGNMENT((#14506));
#14506 = SURFACE_STYLE_USAGE(.BOTH.,#14507);
#14507 = SURFACE_SIDE_STYLE('',(#14508));
#14508 = SURFACE_STYLE_FILL_AREA(#14509);
#14509 = FILL_AREA_STYLE('',(#14510));
#14510 = FILL_AREA_STYLE_COLOUR('',#14390);
#14511 = MECHANICAL_DESIGN_GEOMETRIC_PRESENTATION_REPRESENTATION('',(
    #14512),#9188);
#14512 = STYLED_ITEM('color',(#14513),#9090);
#14513 = PRESENTATION_STYLE_ASSIGNMENT((#14514));
#14514 = SURFACE_STYLE_USAGE(.BOTH.,#14515);
#14515 = SURFACE_SIDE_STYLE('',(#14516));
#14516 = SURFACE_STYLE_FILL_AREA(#14517);
#14517 = FILL_AREA_STYLE('',(#14518));
#14518 = FILL_AREA_STYLE_COLOUR('',#14399);
#14519 = MECHANICAL_DESIGN_GEOMETRIC_PRESENTATION_REPRESENTATION('',(
    #14520,#14527,#14534,#14541,#14548),#4271);
#14520 = STYLED_ITEM('color',(#14521),#125);
#14521 = PRESENTATION_STYLE_ASSIGNMENT((#14522));
#14522 = SURFACE_STYLE_USAGE(.BOTH.,#14523);
#14523 = SURFACE_SIDE_STYLE('',(#14524));
#14524 = SURFACE_STYLE_FILL_AREA(#14525);
#14525 = FILL_AREA_STYLE('',(#14526));
#14526 = FILL_AREA_STYLE_COLOUR('',#14390);
#14527 = STYLED_ITEM('color',(#14528),#767);
#14528 = PRESENTATION_STYLE_ASSIGNMENT((#14529));
#14529 = SURFACE_STYLE_USAGE(.BOTH.,#14530);
#14530 = SURFACE_SIDE_STYLE('',(#14531));
#14531 = SURFACE_STYLE_FILL_AREA(#14532);
#14532 = FILL_AREA_STYLE('',(#14533));
#14533 = FILL_AREA_STYLE_COLOUR('',#14390);
#14534 = STYLED_ITEM('color',(#14535),#2345);
#14535 = PRESENTATION_STYLE_ASSIGNMENT((#14536));
#14536 = SURFACE_STYLE_USAGE(.BOTH.,#14537);
#14537 = SURFACE_SIDE_STYLE('',(#14538));
#14538 = SURFACE_STYLE_FILL_AREA(#14539);
#14539 = FILL_AREA_STYLE('',(#14540));
#14540 = FILL_AREA_STYLE_COLOUR('',#14390);
#14541 = STYLED_ITEM('color',(#14542),#2987);
#14542 = PRESENTATION_STYLE_ASSIGNMENT((#14543));
#14543 = SURFACE_STYLE_USAGE(.BOTH.,#14544);
#14544 = SURFACE_SIDE_STYLE('',(#14545));
#14545 = SURFACE_STYLE_FILL_AREA(#14546);
#14546 = FILL_AREA_STYLE('',(#14547));
#14547 = FILL_AREA_STYLE_COLOUR('',#14390);
#14548 = STYLED_ITEM('color',(#14549),#3629);
#14549 = PRESENTATION_STYLE_ASSIGNMENT((#14550));
#14550 = SURFACE_STYLE_USAGE(.BOTH.,#14551);
#14551 = SURFACE_SIDE_STYLE('',(#14552));
#14552 = SURFACE_STYLE_FILL_AREA(#14553);
#14553 = FILL_AREA_STYLE('',(#14554));
#14554 = FILL_AREA_STYLE_COLOUR('',#14390);
#14555 = MECHANICAL_DESIGN_GEOMETRIC_PRESENTATION_REPRESENTATION('',(
    #14556),#5366);
#14556 = STYLED_ITEM('color',(#14557),#5183);
#14557 = PRESENTATION_STYLE_ASSIGNMENT((#14558));
#14558 = SURFACE_STYLE_USAGE(.BOTH.,#14559);
#14559 = SURFACE_SIDE_STYLE('',(#14560));
#14560 = SURFACE_STYLE_FILL_AREA(#14561);
#14561 = FILL_AREA_STYLE('',(#14562));
#14562 = FILL_AREA_STYLE_COLOUR('',#14390);
#14563 = MECHANICAL_DESIGN_GEOMETRIC_PRESENTATION_REPRESENTATION('',(
    #14564),#11180);
#14564 = STYLED_ITEM('color',(#14565),#10992);
#14565 = PRESENTATION_STYLE_ASSIGNMENT((#14566));
#14566 = SURFACE_STYLE_USAGE(.BOTH.,#14567);
#14567 = SURFACE_SIDE_STYLE('',(#14568));
#14568 = SURFACE_STYLE_FILL_AREA(#14569);
#14569 = FILL_AREA_STYLE('',(#14570));
#14570 = FILL_AREA_STYLE_COLOUR('',#14399);
#14571 = MECHANICAL_DESIGN_GEOMETRIC_PRESENTATION_REPRESENTATION('',(
    #14572),#11491);
#14572 = STYLED_ITEM('color',(#14573),#11199);
#14573 = PRESENTATION_STYLE_ASSIGNMENT((#14574));
#14574 = SURFACE_STYLE_USAGE(.BOTH.,#14575);
#14575 = SURFACE_SIDE_STYLE('',(#14576));
#14576 = SURFACE_STYLE_FILL_AREA(#14577);
#14577 = FILL_AREA_STYLE('',(#14578));
#14578 = FILL_AREA_STYLE_COLOUR('',#14390);
#14579 = MECHANICAL_DESIGN_GEOMETRIC_PRESENTATION_REPRESENTATION('',(
    #14580),#10973);
#14580 = STYLED_ITEM('color',(#14581),#9829);
#14581 = PRESENTATION_STYLE_ASSIGNMENT((#14582));
#14582 = SURFACE_STYLE_USAGE(.BOTH.,#14583);
#14583 = SURFACE_SIDE_STYLE('',(#14584));
#14584 = SURFACE_STYLE_FILL_AREA(#14585);
#14585 = FILL_AREA_STYLE('',(#14586));
#14586 = FILL_AREA_STYLE_COLOUR('',#14399);
#14587 = MECHANICAL_DESIGN_GEOMETRIC_PRESENTATION_REPRESENTATION('',(
    #14588),#7800);
#14588 = STYLED_ITEM('color',(#14589),#7066);
#14589 = PRESENTATION_STYLE_ASSIGNMENT((#14590));
#14590 = SURFACE_STYLE_USAGE(.BOTH.,#14591);
#14591 = SURFACE_SIDE_STYLE('',(#14592));
#14592 = SURFACE_STYLE_FILL_AREA(#14593);
#14593 = FILL_AREA_STYLE('',(#14594));
#14594 = FILL_AREA_STYLE_COLOUR('',#14399);
#14595 = MECHANICAL_DESIGN_GEOMETRIC_PRESENTATION_REPRESENTATION('',(
    #14596),#13943);
#14596 = STYLED_ITEM('color',(#14597),#13651);
#14597 = PRESENTATION_STYLE_ASSIGNMENT((#14598));
#14598 = SURFACE_STYLE_USAGE(.BOTH.,#14599);
#14599 = SURFACE_SIDE_STYLE('',(#14600));
#14600 = SURFACE_STYLE_FILL_AREA(#14601);
#14601 = FILL_AREA_STYLE('',(#14602));
#14602 = FILL_AREA_STYLE_COLOUR('',#14390);
#14603 = MECHANICAL_DESIGN_GEOMETRIC_PRESENTATION_REPRESENTATION('',(
    #14604),#12244);
#14604 = STYLED_ITEM('color',(#14605),#11510);
#14605 = PRESENTATION_STYLE_ASSIGNMENT((#14606));
#14606 = SURFACE_STYLE_USAGE(.BOTH.,#14607);
#14607 = SURFACE_SIDE_STYLE('',(#14608));
#14608 = SURFACE_STYLE_FILL_AREA(#14609);
#14609 = FILL_AREA_STYLE('',(#14610));
#14610 = FILL_AREA_STYLE_COLOUR('',#14399);
#14611 = MECHANICAL_DESIGN_GEOMETRIC_PRESENTATION_REPRESENTATION('',(
    #14612),#9810);
#14612 = STYLED_ITEM('color',(#14613),#9518);
#14613 = PRESENTATION_STYLE_ASSIGNMENT((#14614));
#14614 = SURFACE_STYLE_USAGE(.BOTH.,#14615);
#14615 = SURFACE_SIDE_STYLE('',(#14616));
#14616 = SURFACE_STYLE_FILL_AREA(#14617);
#14617 = FILL_AREA_STYLE('',(#14618));
#14618 = FILL_AREA_STYLE_COLOUR('',#14399);
ENDSEC;
END-ISO-10303-21;
