ISO-10303-21;
HEADER;
FILE_DESCRIPTION(('Open CASCADE Model'),'2;1');
FILE_NAME('Open CASCADE Shape Model','2026-08-27T13:50:30',('Author'),(
    'Open CASCADE'),'Open CASCADE STEP processor 7.9','Open CASCADE 7.9'
  ,'Unknown');
FILE_SCHEMA(('AUTOMOTIVE_DESIGN { 1 0 10303 214 1 1 1 1 }'));
ENDSEC;
DATA;
#1 = APPLICATION_PROTOCOL_DEFINITION('international standard',
  'automotive_design',2000,#2);
#2 = APPLICATION_CONTEXT(
  'core data for automotive mechanical design processes');
#3 = SHAPE_DEFINITION_REPRESENTATION(#4,#10);
#4 = PRODUCT_DEFINITION_SHAPE('','',#5);
#5 = PRODUCT_DEFINITION('design','',#6,#9);
#6 = PRODUCT_DEFINITION_FORMATION('','',#7);
#7 = PRODUCT('ls01_actuator_limit_package_neutral',
  'ls01_actuator_limit_package_neutral','',(#8));
#8 = PRODUCT_CONTEXT('',#2,'mechanical');
#9 = PRODUCT_DEFINITION_CONTEXT('part definition',#2,'design');
#10 = SHAPE_REPRESENTATION('',(#11,#15,#19,#23,#27,#31),#35);
#11 = AXIS2_PLACEMENT_3D('',#12,#13,#14);
#12 = CARTESIAN_POINT('',(0.,0.,0.));
#13 = DIRECTION('',(0.,0.,1.));
#14 = DIRECTION('',(1.,0.,-0.));
#15 = AXIS2_PLACEMENT_3D('',#16,#17,#18);
#16 = CARTESIAN_POINT('',(0.,0.,0.));
#17 = DIRECTION('',(0.,0.,1.));
#18 = DIRECTION('',(1.,0.,-0.));
#19 = AXIS2_PLACEMENT_3D('',#20,#21,#22);
#20 = CARTESIAN_POINT('',(0.,0.,0.));
#21 = DIRECTION('',(0.,0.,1.));
#22 = DIRECTION('',(1.,0.,-0.));
#23 = AXIS2_PLACEMENT_3D('',#24,#25,#26);
#24 = CARTESIAN_POINT('',(0.,0.,0.));
#25 = DIRECTION('',(0.,0.,1.));
#26 = DIRECTION('',(1.,0.,-0.));
#27 = AXIS2_PLACEMENT_3D('',#28,#29,#30);
#28 = CARTESIAN_POINT('',(0.,0.,0.));
#29 = DIRECTION('',(0.,0.,1.));
#30 = DIRECTION('',(1.,0.,-0.));
#31 = AXIS2_PLACEMENT_3D('',#32,#33,#34);
#32 = CARTESIAN_POINT('',(0.,0.,0.));
#33 = DIRECTION('',(0.,0.,1.));
#34 = DIRECTION('',(1.,0.,-0.));
#35 = ( GEOMETRIC_REPRESENTATION_CONTEXT(3) 
GLOBAL_UNCERTAINTY_ASSIGNED_CONTEXT((#39)) GLOBAL_UNIT_ASSIGNED_CONTEXT(
(#36,#37,#38)) REPRESENTATION_CONTEXT('Context #1',
  '3D Context with UNIT and UNCERTAINTY') );
#36 = ( LENGTH_UNIT() NAMED_UNIT(*) SI_UNIT(.MILLI.,.METRE.) );
#37 = ( NAMED_UNIT(*) PLANE_ANGLE_UNIT() SI_UNIT($,.RADIAN.) );
#38 = ( NAMED_UNIT(*) SI_UNIT($,.STERADIAN.) SOLID_ANGLE_UNIT() );
#39 = UNCERTAINTY_MEASURE_WITH_UNIT(LENGTH_MEASURE(1.E-07),#36,
  'distance_accuracy_value','confusion accuracy');
#40 = PRODUCT_RELATED_PRODUCT_CATEGORY('part',$,(#7));
#41 = SHAPE_DEFINITION_REPRESENTATION(#42,#48);
#42 = PRODUCT_DEFINITION_SHAPE('','',#43);
#43 = PRODUCT_DEFINITION('design','',#44,#47);
#44 = PRODUCT_DEFINITION_FORMATION('','',#45);
#45 = PRODUCT('actuator_A1','actuator_A1','',(#46));
#46 = PRODUCT_CONTEXT('',#2,'mechanical');
#47 = PRODUCT_DEFINITION_CONTEXT('part definition',#2,'design');
#48 = SHAPE_REPRESENTATION('',(#11,#49,#147,#245,#343,#441,#631,#821),
  #1151);
#49 = MANIFOLD_SOLID_BREP('',#50);
#50 = CLOSED_SHELL('',(#51,#139,#143));
#51 = ADVANCED_FACE('',(#52),#66,.T.);
#52 = FACE_BOUND('',#53,.F.);
#53 = EDGE_LOOP('',(#54,#84,#111,#112));
#54 = ORIENTED_EDGE('',*,*,#55,.T.);
#55 = EDGE_CURVE('',#56,#58,#60,.T.);
#56 = VERTEX_POINT('',#57);
#57 = CARTESIAN_POINT('',(131.16480049969,0.,43.886581496844));
#58 = VERTEX_POINT('',#59);
#59 = CARTESIAN_POINT('',(307.801644368,0.,178.36120879971));
#60 = SEAM_CURVE('',#61,(#65,#77),.PCURVE_S1.);
#61 = LINE('',#62,#63);
#62 = CARTESIAN_POINT('',(131.16480049969,0.,43.886581496844));
#63 = VECTOR('',#64,1.);
#64 = DIRECTION('',(0.795661458866,0.,0.605741564427));
#65 = PCURVE('',#66,#71);
#66 = CYLINDRICAL_SURFACE('',#67,29.);
#67 = AXIS2_PLACEMENT_3D('',#68,#69,#70);
#68 = CARTESIAN_POINT('',(113.5982951313,0.,66.960763803965));
#69 = DIRECTION('',(-0.795661458866,-0.,-0.605741564427));
#70 = DIRECTION('',(0.605741564427,0.,-0.795661458866));
#71 = DEFINITIONAL_REPRESENTATION('',(#72),#76);
#72 = LINE('',#73,#74);
#73 = CARTESIAN_POINT('',(-0.,0.));
#74 = VECTOR('',#75,1.);
#75 = DIRECTION('',(-0.,-1.));
#76 = ( GEOMETRIC_REPRESENTATION_CONTEXT(2) 
PARAMETRIC_REPRESENTATION_CONTEXT() REPRESENTATION_CONTEXT('2D SPACE',''
  ) );
#77 = PCURVE('',#66,#78);
#78 = DEFINITIONAL_REPRESENTATION('',(#79),#83);
#79 = LINE('',#80,#81);
#80 = CARTESIAN_POINT('',(-6.28318530718,0.));
#81 = VECTOR('',#82,1.);
#82 = DIRECTION('',(-0.,-1.));
#83 = ( GEOMETRIC_REPRESENTATION_CONTEXT(2) 
PARAMETRIC_REPRESENTATION_CONTEXT() REPRESENTATION_CONTEXT('2D SPACE',''
  ) );
#84 = ORIENTED_EDGE('',*,*,#85,.T.);
#85 = EDGE_CURVE('',#58,#58,#86,.T.);
#86 = SURFACE_CURVE('',#87,(#92,#99),.PCURVE_S1.);
#87 = CIRCLE('',#88,29.);
#88 = AXIS2_PLACEMENT_3D('',#89,#90,#91);
#89 = CARTESIAN_POINT('',(290.23513899961,0.,201.43539110683));
#90 = DIRECTION('',(0.795661458866,-0.,0.605741564427));
#91 = DIRECTION('',(0.605741564427,0.,-0.795661458866));
#92 = PCURVE('',#66,#93);
#93 = DEFINITIONAL_REPRESENTATION('',(#94),#98);
#94 = LINE('',#95,#96);
#95 = CARTESIAN_POINT('',(-0.,-222.));
#96 = VECTOR('',#97,1.);
#97 = DIRECTION('',(-1.,0.));
#98 = ( GEOMETRIC_REPRESENTATION_CONTEXT(2) 
PARAMETRIC_REPRESENTATION_CONTEXT() REPRESENTATION_CONTEXT('2D SPACE',''
  ) );
#99 = PCURVE('',#100,#105);
#100 = PLANE('',#101);
#101 = AXIS2_PLACEMENT_3D('',#102,#103,#104);
#102 = CARTESIAN_POINT('',(290.23513899961,1.833973674015E-15,
    201.43539110683));
#103 = DIRECTION('',(0.795661458866,0.,0.605741564427));
#104 = DIRECTION('',(0.605741564427,0.,-0.795661458866));
#105 = DEFINITIONAL_REPRESENTATION('',(#106),#110);
#106 = CIRCLE('',#107,29.);
#107 = AXIS2_PLACEMENT_2D('',#108,#109);
#108 = CARTESIAN_POINT('',(0.,-1.833973674015E-15));
#109 = DIRECTION('',(1.,0.));
#110 = ( GEOMETRIC_REPRESENTATION_CONTEXT(2) 
PARAMETRIC_REPRESENTATION_CONTEXT() REPRESENTATION_CONTEXT('2D SPACE',''
  ) );
#111 = ORIENTED_EDGE('',*,*,#55,.F.);
#112 = ORIENTED_EDGE('',*,*,#113,.F.);
#113 = EDGE_CURVE('',#56,#56,#114,.T.);
#114 = SURFACE_CURVE('',#115,(#120,#127),.PCURVE_S1.);
#115 = CIRCLE('',#116,29.);
#116 = AXIS2_PLACEMENT_3D('',#117,#118,#119);
#117 = CARTESIAN_POINT('',(113.5982951313,0.,66.960763803965));
#118 = DIRECTION('',(0.795661458866,-0.,0.605741564427));
#119 = DIRECTION('',(0.605741564427,0.,-0.795661458866));
#120 = PCURVE('',#66,#121);
#121 = DEFINITIONAL_REPRESENTATION('',(#122),#126);
#122 = LINE('',#123,#124);
#123 = CARTESIAN_POINT('',(-0.,0.));
#124 = VECTOR('',#125,1.);
#125 = DIRECTION('',(-1.,0.));
#126 = ( GEOMETRIC_REPRESENTATION_CONTEXT(2) 
PARAMETRIC_REPRESENTATION_CONTEXT() REPRESENTATION_CONTEXT('2D SPACE',''
  ) );
#127 = PCURVE('',#128,#133);
#128 = PLANE('',#129);
#129 = AXIS2_PLACEMENT_3D('',#130,#131,#132);
#130 = CARTESIAN_POINT('',(113.5982951313,1.833973674015E-15,
    66.960763803965));
#131 = DIRECTION('',(0.795661458866,0.,0.605741564427));
#132 = DIRECTION('',(0.605741564427,0.,-0.795661458866));
#133 = DEFINITIONAL_REPRESENTATION('',(#134),#138);
#134 = CIRCLE('',#135,29.);
#135 = AXIS2_PLACEMENT_2D('',#136,#137);
#136 = CARTESIAN_POINT('',(0.,-1.833973674015E-15));
#137 = DIRECTION('',(1.,0.));
#138 = ( GEOMETRIC_REPRESENTATION_CONTEXT(2) 
PARAMETRIC_REPRESENTATION_CONTEXT() REPRESENTATION_CONTEXT('2D SPACE',''
  ) );
#139 = ADVANCED_FACE('',(#140),#128,.F.);
#140 = FACE_BOUND('',#141,.F.);
#141 = EDGE_LOOP('',(#142));
#142 = ORIENTED_EDGE('',*,*,#113,.T.);
#143 = ADVANCED_FACE('',(#144),#100,.T.);
#144 = FACE_BOUND('',#145,.T.);
#145 = EDGE_LOOP('',(#146));
#146 = ORIENTED_EDGE('',*,*,#85,.T.);
#147 = MANIFOLD_SOLID_BREP('',#148);
#148 = CLOSED_SHELL('',(#149,#237,#241));
#149 = ADVANCED_FACE('',(#150),#164,.T.);
#150 = FACE_BOUND('',#151,.F.);
#151 = EDGE_LOOP('',(#152,#182,#209,#210));
#152 = ORIENTED_EDGE('',*,*,#153,.T.);
#153 = EDGE_CURVE('',#154,#156,#158,.T.);
#154 = VERTEX_POINT('',#155);
#155 = CARTESIAN_POINT('',(285.60509777085,0.,177.80145960528));
#156 = VERTEX_POINT('',#157);
#157 = CARTESIAN_POINT('',(387.41334418258,0.,255.30865285417));
#158 = SEAM_CURVE('',#159,(#163,#175),.PCURVE_S1.);
#159 = LINE('',#160,#161);
#160 = CARTESIAN_POINT('',(285.60509777085,0.,177.80145960528));
#161 = VECTOR('',#162,1.);
#162 = DIRECTION('',(0.795661458866,0.,0.605741564427));
#163 = PCURVE('',#164,#169);
#164 = CYLINDRICAL_SURFACE('',#165,16.);
#165 = AXIS2_PLACEMENT_3D('',#166,#167,#168);
#166 = CARTESIAN_POINT('',(275.91323274001,0.,190.53204294714));
#167 = DIRECTION('',(-0.795661458866,-0.,-0.605741564427));
#168 = DIRECTION('',(0.605741564427,0.,-0.795661458866));
#169 = DEFINITIONAL_REPRESENTATION('',(#170),#174);
#170 = LINE('',#171,#172);
#171 = CARTESIAN_POINT('',(-0.,0.));
#172 = VECTOR('',#173,1.);
#173 = DIRECTION('',(-0.,-1.));
#174 = ( GEOMETRIC_REPRESENTATION_CONTEXT(2) 
PARAMETRIC_REPRESENTATION_CONTEXT() REPRESENTATION_CONTEXT('2D SPACE',''
  ) );
#175 = PCURVE('',#164,#176);
#176 = DEFINITIONAL_REPRESENTATION('',(#177),#181);
#177 = LINE('',#178,#179);
#178 = CARTESIAN_POINT('',(-6.28318530718,0.));
#179 = VECTOR('',#180,1.);
#180 = DIRECTION('',(-0.,-1.));
#181 = ( GEOMETRIC_REPRESENTATION_CONTEXT(2) 
PARAMETRIC_REPRESENTATION_CONTEXT() REPRESENTATION_CONTEXT('2D SPACE',''
  ) );
#182 = ORIENTED_EDGE('',*,*,#183,.T.);
#183 = EDGE_CURVE('',#156,#156,#184,.T.);
#184 = SURFACE_CURVE('',#185,(#190,#197),.PCURVE_S1.);
#185 = CIRCLE('',#186,16.);
#186 = AXIS2_PLACEMENT_3D('',#187,#188,#189);
#187 = CARTESIAN_POINT('',(377.72147915174,0.,268.03923619603));
#188 = DIRECTION('',(0.795661458866,-0.,0.605741564427));
#189 = DIRECTION('',(0.605741564427,0.,-0.795661458866));
#190 = PCURVE('',#164,#191);
#191 = DEFINITIONAL_REPRESENTATION('',(#192),#196);
#192 = LINE('',#193,#194);
#193 = CARTESIAN_POINT('',(-0.,-127.9542263575));
#194 = VECTOR('',#195,1.);
#195 = DIRECTION('',(-1.,0.));
#196 = ( GEOMETRIC_REPRESENTATION_CONTEXT(2) 
PARAMETRIC_REPRESENTATION_CONTEXT() REPRESENTATION_CONTEXT('2D SPACE',''
  ) );
#197 = PCURVE('',#198,#203);
#198 = PLANE('',#199);
#199 = AXIS2_PLACEMENT_3D('',#200,#201,#202);
#200 = CARTESIAN_POINT('',(377.72147915174,3.057510672446E-17,
    268.03923619603));
#201 = DIRECTION('',(0.795661458866,0.,0.605741564427));
#202 = DIRECTION('',(0.605741564427,0.,-0.795661458866));
#203 = DEFINITIONAL_REPRESENTATION('',(#204),#208);
#204 = CIRCLE('',#205,16.);
#205 = AXIS2_PLACEMENT_2D('',#206,#207);
#206 = CARTESIAN_POINT('',(0.,-3.057510672446E-17));
#207 = DIRECTION('',(1.,0.));
#208 = ( GEOMETRIC_REPRESENTATION_CONTEXT(2) 
PARAMETRIC_REPRESENTATION_CONTEXT() REPRESENTATION_CONTEXT('2D SPACE',''
  ) );
#209 = ORIENTED_EDGE('',*,*,#153,.F.);
#210 = ORIENTED_EDGE('',*,*,#211,.F.);
#211 = EDGE_CURVE('',#154,#154,#212,.T.);
#212 = SURFACE_CURVE('',#213,(#218,#225),.PCURVE_S1.);
#213 = CIRCLE('',#214,16.);
#214 = AXIS2_PLACEMENT_3D('',#215,#216,#217);
#215 = CARTESIAN_POINT('',(275.91323274001,0.,190.53204294714));
#216 = DIRECTION('',(0.795661458866,-0.,0.605741564427));
#217 = DIRECTION('',(0.605741564427,0.,-0.795661458866));
#218 = PCURVE('',#164,#219);
#219 = DEFINITIONAL_REPRESENTATION('',(#220),#224);
#220 = LINE('',#221,#222);
#221 = CARTESIAN_POINT('',(-0.,0.));
#222 = VECTOR('',#223,1.);
#223 = DIRECTION('',(-1.,0.));
#224 = ( GEOMETRIC_REPRESENTATION_CONTEXT(2) 
PARAMETRIC_REPRESENTATION_CONTEXT() REPRESENTATION_CONTEXT('2D SPACE',''
  ) );
#225 = PCURVE('',#226,#231);
#226 = PLANE('',#227);
#227 = AXIS2_PLACEMENT_3D('',#228,#229,#230);
#228 = CARTESIAN_POINT('',(275.91323274001,3.057510672446E-17,
    190.53204294714));
#229 = DIRECTION('',(0.795661458866,0.,0.605741564427));
#230 = DIRECTION('',(0.605741564427,0.,-0.795661458866));
#231 = DEFINITIONAL_REPRESENTATION('',(#232),#236);
#232 = CIRCLE('',#233,16.);
#233 = AXIS2_PLACEMENT_2D('',#234,#235);
#234 = CARTESIAN_POINT('',(0.,-3.057510672446E-17));
#235 = DIRECTION('',(1.,0.));
#236 = ( GEOMETRIC_REPRESENTATION_CONTEXT(2) 
PARAMETRIC_REPRESENTATION_CONTEXT() REPRESENTATION_CONTEXT('2D SPACE',''
  ) );
#237 = ADVANCED_FACE('',(#238),#226,.F.);
#238 = FACE_BOUND('',#239,.F.);
#239 = EDGE_LOOP('',(#240));
#240 = ORIENTED_EDGE('',*,*,#211,.T.);
#241 = ADVANCED_FACE('',(#242),#198,.T.);
#242 = FACE_BOUND('',#243,.T.);
#243 = EDGE_LOOP('',(#244));
#244 = ORIENTED_EDGE('',*,*,#183,.T.);
#245 = MANIFOLD_SOLID_BREP('',#246);
#246 = CLOSED_SHELL('',(#247,#335,#339));
#247 = ADVANCED_FACE('',(#248),#262,.T.);
#248 = FACE_BOUND('',#249,.F.);
#249 = EDGE_LOOP('',(#250,#280,#307,#308));
#250 = ORIENTED_EDGE('',*,*,#251,.T.);
#251 = EDGE_CURVE('',#252,#254,#256,.T.);
#252 = VERTEX_POINT('',#253);
#253 = CARTESIAN_POINT('',(104.40720122879,0.,51.794228508284));
#254 = VERTEX_POINT('',#255);
#255 = CARTESIAN_POINT('',(117.53561530008,0.,61.788964321335));
#256 = SEAM_CURVE('',#257,(#261,#273),.PCURVE_S1.);
#257 = LINE('',#258,#259);
#258 = CARTESIAN_POINT('',(104.40720122879,0.,51.794228508284));
#259 = VECTOR('',#260,1.);
#260 = DIRECTION('',(0.795661458866,0.,0.605741564427));
#261 = PCURVE('',#262,#267);
#262 = CYLINDRICAL_SURFACE('',#263,6.5);
#263 = AXIS2_PLACEMENT_3D('',#264,#265,#266);
#264 = CARTESIAN_POINT('',(100.46988106001,0.,56.966027990914));
#265 = DIRECTION('',(-0.795661458866,-0.,-0.605741564427));
#266 = DIRECTION('',(0.605741564427,0.,-0.795661458866));
#267 = DEFINITIONAL_REPRESENTATION('',(#268),#272);
#268 = LINE('',#269,#270);
#269 = CARTESIAN_POINT('',(-0.,0.));
#270 = VECTOR('',#271,1.);
#271 = DIRECTION('',(-0.,-1.));
#272 = ( GEOMETRIC_REPRESENTATION_CONTEXT(2) 
PARAMETRIC_REPRESENTATION_CONTEXT() REPRESENTATION_CONTEXT('2D SPACE',''
  ) );
#273 = PCURVE('',#262,#274);
#274 = DEFINITIONAL_REPRESENTATION('',(#275),#279);
#275 = LINE('',#276,#277);
#276 = CARTESIAN_POINT('',(-6.28318530718,0.));
#277 = VECTOR('',#278,1.);
#278 = DIRECTION('',(-0.,-1.));
#279 = ( GEOMETRIC_REPRESENTATION_CONTEXT(2) 
PARAMETRIC_REPRESENTATION_CONTEXT() REPRESENTATION_CONTEXT('2D SPACE',''
  ) );
#280 = ORIENTED_EDGE('',*,*,#281,.T.);
#281 = EDGE_CURVE('',#254,#254,#282,.T.);
#282 = SURFACE_CURVE('',#283,(#288,#295),.PCURVE_S1.);
#283 = CIRCLE('',#284,6.5);
#284 = AXIS2_PLACEMENT_3D('',#285,#286,#287);
#285 = CARTESIAN_POINT('',(113.5982951313,0.,66.960763803965));
#286 = DIRECTION('',(0.795661458866,-0.,0.605741564427));
#287 = DIRECTION('',(0.605741564427,0.,-0.795661458866));
#288 = PCURVE('',#262,#289);
#289 = DEFINITIONAL_REPRESENTATION('',(#290),#294);
#290 = LINE('',#291,#292);
#291 = CARTESIAN_POINT('',(-0.,-16.5));
#292 = VECTOR('',#293,1.);
#293 = DIRECTION('',(-1.,0.));
#294 = ( GEOMETRIC_REPRESENTATION_CONTEXT(2) 
PARAMETRIC_REPRESENTATION_CONTEXT() REPRESENTATION_CONTEXT('2D SPACE',''
  ) );
#295 = PCURVE('',#296,#301);
#296 = PLANE('',#297);
#297 = AXIS2_PLACEMENT_3D('',#298,#299,#300);
#298 = CARTESIAN_POINT('',(113.5982951313,3.657860752029E-16,
    66.960763803965));
#299 = DIRECTION('',(0.795661458866,0.,0.605741564427));
#300 = DIRECTION('',(0.605741564427,0.,-0.795661458866));
#301 = DEFINITIONAL_REPRESENTATION('',(#302),#306);
#302 = CIRCLE('',#303,6.5);
#303 = AXIS2_PLACEMENT_2D('',#304,#305);
#304 = CARTESIAN_POINT('',(0.,-3.657860752029E-16));
#305 = DIRECTION('',(1.,0.));
#306 = ( GEOMETRIC_REPRESENTATION_CONTEXT(2) 
PARAMETRIC_REPRESENTATION_CONTEXT() REPRESENTATION_CONTEXT('2D SPACE',''
  ) );
#307 = ORIENTED_EDGE('',*,*,#251,.F.);
#308 = ORIENTED_EDGE('',*,*,#309,.F.);
#309 = EDGE_CURVE('',#252,#252,#310,.T.);
#310 = SURFACE_CURVE('',#311,(#316,#323),.PCURVE_S1.);
#311 = CIRCLE('',#312,6.5);
#312 = AXIS2_PLACEMENT_3D('',#313,#314,#315);
#313 = CARTESIAN_POINT('',(100.46988106001,0.,56.966027990914));
#314 = DIRECTION('',(0.795661458866,-0.,0.605741564427));
#315 = DIRECTION('',(0.605741564427,0.,-0.795661458866));
#316 = PCURVE('',#262,#317);
#317 = DEFINITIONAL_REPRESENTATION('',(#318),#322);
#318 = LINE('',#319,#320);
#319 = CARTESIAN_POINT('',(-0.,0.));
#320 = VECTOR('',#321,1.);
#321 = DIRECTION('',(-1.,0.));
#322 = ( GEOMETRIC_REPRESENTATION_CONTEXT(2) 
PARAMETRIC_REPRESENTATION_CONTEXT() REPRESENTATION_CONTEXT('2D SPACE',''
  ) );
#323 = PCURVE('',#324,#329);
#324 = PLANE('',#325);
#325 = AXIS2_PLACEMENT_3D('',#326,#327,#328);
#326 = CARTESIAN_POINT('',(100.46988106001,3.657860752029E-16,
    56.966027990914));
#327 = DIRECTION('',(0.795661458866,0.,0.605741564427));
#328 = DIRECTION('',(0.605741564427,0.,-0.795661458866));
#329 = DEFINITIONAL_REPRESENTATION('',(#330),#334);
#330 = CIRCLE('',#331,6.5);
#331 = AXIS2_PLACEMENT_2D('',#332,#333);
#332 = CARTESIAN_POINT('',(0.,-3.657860752029E-16));
#333 = DIRECTION('',(1.,0.));
#334 = ( GEOMETRIC_REPRESENTATION_CONTEXT(2) 
PARAMETRIC_REPRESENTATION_CONTEXT() REPRESENTATION_CONTEXT('2D SPACE',''
  ) );
#335 = ADVANCED_FACE('',(#336),#324,.F.);
#336 = FACE_BOUND('',#337,.F.);
#337 = EDGE_LOOP('',(#338));
#338 = ORIENTED_EDGE('',*,*,#309,.T.);
#339 = ADVANCED_FACE('',(#340),#296,.T.);
#340 = FACE_BOUND('',#341,.T.);
#341 = EDGE_LOOP('',(#342));
#342 = ORIENTED_EDGE('',*,*,#281,.T.);
#343 = MANIFOLD_SOLID_BREP('',#344);
#344 = CLOSED_SHELL('',(#345,#433,#437));
#345 = ADVANCED_FACE('',(#346),#360,.T.);
#346 = FACE_BOUND('',#347,.F.);
#347 = EDGE_LOOP('',(#348,#378,#405,#406));
#348 = ORIENTED_EDGE('',*,*,#349,.T.);
#349 = EDGE_CURVE('',#350,#352,#354,.T.);
#350 = VERTEX_POINT('',#351);
#351 = CARTESIAN_POINT('',(381.65879932052,0.,262.8674367134));
#352 = VERTEX_POINT('',#353);
#353 = CARTESIAN_POINT('',(394.78721339181,0.,272.86217252645));
#354 = SEAM_CURVE('',#355,(#359,#371),.PCURVE_S1.);
#355 = LINE('',#356,#357);
#356 = CARTESIAN_POINT('',(381.65879932052,0.,262.8674367134));
#357 = VECTOR('',#358,1.);
#358 = DIRECTION('',(0.795661458866,0.,0.605741564427));
#359 = PCURVE('',#360,#365);
#360 = CYLINDRICAL_SURFACE('',#361,6.5);
#361 = AXIS2_PLACEMENT_3D('',#362,#363,#364);
#362 = CARTESIAN_POINT('',(377.72147915174,0.,268.03923619603));
#363 = DIRECTION('',(-0.795661458866,-0.,-0.605741564427));
#364 = DIRECTION('',(0.605741564427,0.,-0.795661458866));
#365 = DEFINITIONAL_REPRESENTATION('',(#366),#370);
#366 = LINE('',#367,#368);
#367 = CARTESIAN_POINT('',(-0.,0.));
#368 = VECTOR('',#369,1.);
#369 = DIRECTION('',(-0.,-1.));
#370 = ( GEOMETRIC_REPRESENTATION_CONTEXT(2) 
PARAMETRIC_REPRESENTATION_CONTEXT() REPRESENTATION_CONTEXT('2D SPACE',''
  ) );
#371 = PCURVE('',#360,#372);
#372 = DEFINITIONAL_REPRESENTATION('',(#373),#377);
#373 = LINE('',#374,#375);
#374 = CARTESIAN_POINT('',(-6.28318530718,0.));
#375 = VECTOR('',#376,1.);
#376 = DIRECTION('',(-0.,-1.));
#377 = ( GEOMETRIC_REPRESENTATION_CONTEXT(2) 
PARAMETRIC_REPRESENTATION_CONTEXT() REPRESENTATION_CONTEXT('2D SPACE',''
  ) );
#378 = ORIENTED_EDGE('',*,*,#379,.T.);
#379 = EDGE_CURVE('',#352,#352,#380,.T.);
#380 = SURFACE_CURVE('',#381,(#386,#393),.PCURVE_S1.);
#381 = CIRCLE('',#382,6.5);
#382 = AXIS2_PLACEMENT_3D('',#383,#384,#385);
#383 = CARTESIAN_POINT('',(390.84989322303,0.,278.03397200908));
#384 = DIRECTION('',(0.795661458866,-0.,0.605741564427));
#385 = DIRECTION('',(0.605741564427,0.,-0.795661458866));
#386 = PCURVE('',#360,#387);
#387 = DEFINITIONAL_REPRESENTATION('',(#388),#392);
#388 = LINE('',#389,#390);
#389 = CARTESIAN_POINT('',(-0.,-16.5));
#390 = VECTOR('',#391,1.);
#391 = DIRECTION('',(-1.,0.));
#392 = ( GEOMETRIC_REPRESENTATION_CONTEXT(2) 
PARAMETRIC_REPRESENTATION_CONTEXT() REPRESENTATION_CONTEXT('2D SPACE',''
  ) );
#393 = PCURVE('',#394,#399);
#394 = PLANE('',#395);
#395 = AXIS2_PLACEMENT_3D('',#396,#397,#398);
#396 = CARTESIAN_POINT('',(390.84989322303,3.657860752029E-16,
    278.03397200908));
#397 = DIRECTION('',(0.795661458866,0.,0.605741564427));
#398 = DIRECTION('',(0.605741564427,0.,-0.795661458866));
#399 = DEFINITIONAL_REPRESENTATION('',(#400),#404);
#400 = CIRCLE('',#401,6.5);
#401 = AXIS2_PLACEMENT_2D('',#402,#403);
#402 = CARTESIAN_POINT('',(0.,-3.657860752029E-16));
#403 = DIRECTION('',(1.,0.));
#404 = ( GEOMETRIC_REPRESENTATION_CONTEXT(2) 
PARAMETRIC_REPRESENTATION_CONTEXT() REPRESENTATION_CONTEXT('2D SPACE',''
  ) );
#405 = ORIENTED_EDGE('',*,*,#349,.F.);
#406 = ORIENTED_EDGE('',*,*,#407,.F.);
#407 = EDGE_CURVE('',#350,#350,#408,.T.);
#408 = SURFACE_CURVE('',#409,(#414,#421),.PCURVE_S1.);
#409 = CIRCLE('',#410,6.5);
#410 = AXIS2_PLACEMENT_3D('',#411,#412,#413);
#411 = CARTESIAN_POINT('',(377.72147915174,0.,268.03923619603));
#412 = DIRECTION('',(0.795661458866,-0.,0.605741564427));
#413 = DIRECTION('',(0.605741564427,0.,-0.795661458866));
#414 = PCURVE('',#360,#415);
#415 = DEFINITIONAL_REPRESENTATION('',(#416),#420);
#416 = LINE('',#417,#418);
#417 = CARTESIAN_POINT('',(-0.,0.));
#418 = VECTOR('',#419,1.);
#419 = DIRECTION('',(-1.,0.));
#420 = ( GEOMETRIC_REPRESENTATION_CONTEXT(2) 
PARAMETRIC_REPRESENTATION_CONTEXT() REPRESENTATION_CONTEXT('2D SPACE',''
  ) );
#421 = PCURVE('',#422,#427);
#422 = PLANE('',#423);
#423 = AXIS2_PLACEMENT_3D('',#424,#425,#426);
#424 = CARTESIAN_POINT('',(377.72147915174,3.657860752029E-16,
    268.03923619603));
#425 = DIRECTION('',(0.795661458866,0.,0.605741564427));
#426 = DIRECTION('',(0.605741564427,0.,-0.795661458866));
#427 = DEFINITIONAL_REPRESENTATION('',(#428),#432);
#428 = CIRCLE('',#429,6.5);
#429 = AXIS2_PLACEMENT_2D('',#430,#431);
#430 = CARTESIAN_POINT('',(0.,-3.657860752029E-16));
#431 = DIRECTION('',(1.,0.));
#432 = ( GEOMETRIC_REPRESENTATION_CONTEXT(2) 
PARAMETRIC_REPRESENTATION_CONTEXT() REPRESENTATION_CONTEXT('2D SPACE',''
  ) );
#433 = ADVANCED_FACE('',(#434),#422,.F.);
#434 = FACE_BOUND('',#435,.F.);
#435 = EDGE_LOOP('',(#436));
#436 = ORIENTED_EDGE('',*,*,#407,.T.);
#437 = ADVANCED_FACE('',(#438),#394,.T.);
#438 = FACE_BOUND('',#439,.T.);
#439 = EDGE_LOOP('',(#440));
#440 = ORIENTED_EDGE('',*,*,#379,.T.);
#441 = MANIFOLD_SOLID_BREP('',#442);
#442 = CLOSED_SHELL('',(#443,#531,#570,#604));
#443 = ADVANCED_FACE('',(#444),#458,.T.);
#444 = FACE_BOUND('',#445,.F.);
#445 = EDGE_LOOP('',(#446,#476,#503,#504));
#446 = ORIENTED_EDGE('',*,*,#447,.T.);
#447 = EDGE_CURVE('',#448,#450,#452,.T.);
#448 = VERTEX_POINT('',#449);
#449 = CARTESIAN_POINT('',(102.81977428305,-5.5,50.));
#450 = VERTEX_POINT('',#451);
#451 = CARTESIAN_POINT('',(102.81977428305,5.5,50.));
#452 = SEAM_CURVE('',#453,(#457,#469),.PCURVE_S1.);
#453 = LINE('',#454,#455);
#454 = CARTESIAN_POINT('',(102.81977428305,-5.5,50.));
#455 = VECTOR('',#456,1.);
#456 = DIRECTION('',(0.,1.,1.110223024625E-16));
#457 = PCURVE('',#458,#463);
#458 = CYLINDRICAL_SURFACE('',#459,11.5);
#459 = AXIS2_PLACEMENT_3D('',#460,#461,#462);
#460 = CARTESIAN_POINT('',(91.319774283052,-5.5,50.));
#461 = DIRECTION('',(-0.,-1.,-1.110223024625E-16));
#462 = DIRECTION('',(1.,0.,0.));
#463 = DEFINITIONAL_REPRESENTATION('',(#464),#468);
#464 = LINE('',#465,#466);
#465 = CARTESIAN_POINT('',(-0.,0.));
#466 = VECTOR('',#467,1.);
#467 = DIRECTION('',(-0.,-1.));
#468 = ( GEOMETRIC_REPRESENTATION_CONTEXT(2) 
PARAMETRIC_REPRESENTATION_CONTEXT() REPRESENTATION_CONTEXT('2D SPACE',''
  ) );
#469 = PCURVE('',#458,#470);
#470 = DEFINITIONAL_REPRESENTATION('',(#471),#475);
#471 = LINE('',#472,#473);
#472 = CARTESIAN_POINT('',(-6.28318530718,0.));
#473 = VECTOR('',#474,1.);
#474 = DIRECTION('',(-0.,-1.));
#475 = ( GEOMETRIC_REPRESENTATION_CONTEXT(2) 
PARAMETRIC_REPRESENTATION_CONTEXT() REPRESENTATION_CONTEXT('2D SPACE',''
  ) );
#476 = ORIENTED_EDGE('',*,*,#477,.T.);
#477 = EDGE_CURVE('',#450,#450,#478,.T.);
#478 = SURFACE_CURVE('',#479,(#484,#491),.PCURVE_S1.);
#479 = CIRCLE('',#480,11.5);
#480 = AXIS2_PLACEMENT_3D('',#481,#482,#483);
#481 = CARTESIAN_POINT('',(91.319774283052,5.5,50.));
#482 = DIRECTION('',(-0.,1.,1.110223024625E-16));
#483 = DIRECTION('',(1.,0.,0.));
#484 = PCURVE('',#458,#485);
#485 = DEFINITIONAL_REPRESENTATION('',(#486),#490);
#486 = LINE('',#487,#488);
#487 = CARTESIAN_POINT('',(-0.,-11.));
#488 = VECTOR('',#489,1.);
#489 = DIRECTION('',(-1.,0.));
#490 = ( GEOMETRIC_REPRESENTATION_CONTEXT(2) 
PARAMETRIC_REPRESENTATION_CONTEXT() REPRESENTATION_CONTEXT('2D SPACE',''
  ) );
#491 = PCURVE('',#492,#497);
#492 = PLANE('',#493);
#493 = AXIS2_PLACEMENT_3D('',#494,#495,#496);
#494 = CARTESIAN_POINT('',(91.319774283052,5.5,50.));
#495 = DIRECTION('',(0.,1.,1.110223024625E-16));
#496 = DIRECTION('',(1.,0.,0.));
#497 = DEFINITIONAL_REPRESENTATION('',(#498),#502);
#498 = CIRCLE('',#499,11.5);
#499 = AXIS2_PLACEMENT_2D('',#500,#501);
#500 = CARTESIAN_POINT('',(0.,0.));
#501 = DIRECTION('',(1.,0.));
#502 = ( GEOMETRIC_REPRESENTATION_CONTEXT(2) 
PARAMETRIC_REPRESENTATION_CONTEXT() REPRESENTATION_CONTEXT('2D SPACE',''
  ) );
#503 = ORIENTED_EDGE('',*,*,#447,.F.);
#504 = ORIENTED_EDGE('',*,*,#505,.F.);
#505 = EDGE_CURVE('',#448,#448,#506,.T.);
#506 = SURFACE_CURVE('',#507,(#512,#519),.PCURVE_S1.);
#507 = CIRCLE('',#508,11.5);
#508 = AXIS2_PLACEMENT_3D('',#509,#510,#511);
#509 = CARTESIAN_POINT('',(91.319774283052,-5.5,50.));
#510 = DIRECTION('',(-0.,1.,1.110223024625E-16));
#511 = DIRECTION('',(1.,0.,0.));
#512 = PCURVE('',#458,#513);
#513 = DEFINITIONAL_REPRESENTATION('',(#514),#518);
#514 = LINE('',#515,#516);
#515 = CARTESIAN_POINT('',(-0.,0.));
#516 = VECTOR('',#517,1.);
#517 = DIRECTION('',(-1.,0.));
#518 = ( GEOMETRIC_REPRESENTATION_CONTEXT(2) 
PARAMETRIC_REPRESENTATION_CONTEXT() REPRESENTATION_CONTEXT('2D SPACE',''
  ) );
#519 = PCURVE('',#520,#525);
#520 = PLANE('',#521);
#521 = AXIS2_PLACEMENT_3D('',#522,#523,#524);
#522 = CARTESIAN_POINT('',(91.319774283052,-5.5,50.));
#523 = DIRECTION('',(0.,1.,1.110223024625E-16));
#524 = DIRECTION('',(1.,0.,0.));
#525 = DEFINITIONAL_REPRESENTATION('',(#526),#530);
#526 = CIRCLE('',#527,11.5);
#527 = AXIS2_PLACEMENT_2D('',#528,#529);
#528 = CARTESIAN_POINT('',(0.,0.));
#529 = DIRECTION('',(1.,0.));
#530 = ( GEOMETRIC_REPRESENTATION_CONTEXT(2) 
PARAMETRIC_REPRESENTATION_CONTEXT() REPRESENTATION_CONTEXT('2D SPACE',''
  ) );
#531 = ADVANCED_FACE('',(#532,#535),#520,.F.);
#532 = FACE_BOUND('',#533,.F.);
#533 = EDGE_LOOP('',(#534));
#534 = ORIENTED_EDGE('',*,*,#505,.T.);
#535 = FACE_BOUND('',#536,.F.);
#536 = EDGE_LOOP('',(#537));
#537 = ORIENTED_EDGE('',*,*,#538,.T.);
#538 = EDGE_CURVE('',#539,#539,#541,.T.);
#539 = VERTEX_POINT('',#540);
#540 = CARTESIAN_POINT('',(95.419774283052,-5.5,50.));
#541 = SURFACE_CURVE('',#542,(#547,#558),.PCURVE_S1.);
#542 = CIRCLE('',#543,4.1);
#543 = AXIS2_PLACEMENT_3D('',#544,#545,#546);
#544 = CARTESIAN_POINT('',(91.319774283052,-5.5,50.));
#545 = DIRECTION('',(0.,-1.,-1.110223024625E-16));
#546 = DIRECTION('',(1.,-0.,0.));
#547 = PCURVE('',#520,#548);
#548 = DEFINITIONAL_REPRESENTATION('',(#549),#557);
#549 = ( BOUNDED_CURVE() B_SPLINE_CURVE(2,(#550,#551,#552,#553,#554,#555
,#556),.UNSPECIFIED.,.T.,.F.) B_SPLINE_CURVE_WITH_KNOTS((1,2,2,2,2,1),(
    -2.094395102393,0.,2.094395102393,4.188790204786,6.28318530718,
8.377580409573),.UNSPECIFIED.) CURVE() GEOMETRIC_REPRESENTATION_ITEM() 
RATIONAL_B_SPLINE_CURVE((1.,0.5,1.,0.5,1.,0.5,1.)) REPRESENTATION_ITEM(
  '') );
#550 = CARTESIAN_POINT('',(4.1,0.));
#551 = CARTESIAN_POINT('',(4.1,-7.101408311032));
#552 = CARTESIAN_POINT('',(-2.05,-3.550704155516));
#553 = CARTESIAN_POINT('',(-8.2,-1.004210375301E-15));
#554 = CARTESIAN_POINT('',(-2.05,3.550704155516));
#555 = CARTESIAN_POINT('',(4.1,7.101408311032));
#556 = CARTESIAN_POINT('',(4.1,0.));
#557 = ( GEOMETRIC_REPRESENTATION_CONTEXT(2) 
PARAMETRIC_REPRESENTATION_CONTEXT() REPRESENTATION_CONTEXT('2D SPACE',''
  ) );
#558 = PCURVE('',#559,#564);
#559 = CYLINDRICAL_SURFACE('',#560,4.1);
#560 = AXIS2_PLACEMENT_3D('',#561,#562,#563);
#561 = CARTESIAN_POINT('',(91.319774283052,-6.5,50.));
#562 = DIRECTION('',(-0.,-1.,-1.110223024625E-16));
#563 = DIRECTION('',(1.,0.,0.));
#564 = DEFINITIONAL_REPRESENTATION('',(#565),#569);
#565 = LINE('',#566,#567);
#566 = CARTESIAN_POINT('',(-6.28318530718,-1.));
#567 = VECTOR('',#568,1.);
#568 = DIRECTION('',(1.,-0.));
#569 = ( GEOMETRIC_REPRESENTATION_CONTEXT(2) 
PARAMETRIC_REPRESENTATION_CONTEXT() REPRESENTATION_CONTEXT('2D SPACE',''
  ) );
#570 = ADVANCED_FACE('',(#571,#574),#492,.T.);
#571 = FACE_BOUND('',#572,.T.);
#572 = EDGE_LOOP('',(#573));
#573 = ORIENTED_EDGE('',*,*,#477,.T.);
#574 = FACE_BOUND('',#575,.T.);
#575 = EDGE_LOOP('',(#576));
#576 = ORIENTED_EDGE('',*,*,#577,.T.);
#577 = EDGE_CURVE('',#578,#578,#580,.T.);
#578 = VERTEX_POINT('',#579);
#579 = CARTESIAN_POINT('',(95.419774283052,5.5,50.));
#580 = SURFACE_CURVE('',#581,(#586,#597),.PCURVE_S1.);
#581 = CIRCLE('',#582,4.1);
#582 = AXIS2_PLACEMENT_3D('',#583,#584,#585);
#583 = CARTESIAN_POINT('',(91.319774283052,5.5,50.));
#584 = DIRECTION('',(0.,-1.,-1.110223024625E-16));
#585 = DIRECTION('',(1.,-0.,0.));
#586 = PCURVE('',#492,#587);
#587 = DEFINITIONAL_REPRESENTATION('',(#588),#596);
#588 = ( BOUNDED_CURVE() B_SPLINE_CURVE(2,(#589,#590,#591,#592,#593,#594
,#595),.UNSPECIFIED.,.T.,.F.) B_SPLINE_CURVE_WITH_KNOTS((1,2,2,2,2,1),(
    -2.094395102393,0.,2.094395102393,4.188790204786,6.28318530718,
8.377580409573),.UNSPECIFIED.) CURVE() GEOMETRIC_REPRESENTATION_ITEM() 
RATIONAL_B_SPLINE_CURVE((1.,0.5,1.,0.5,1.,0.5,1.)) REPRESENTATION_ITEM(
  '') );
#589 = CARTESIAN_POINT('',(4.1,0.));
#590 = CARTESIAN_POINT('',(4.1,-7.101408311032));
#591 = CARTESIAN_POINT('',(-2.05,-3.550704155516));
#592 = CARTESIAN_POINT('',(-8.2,-1.004210375301E-15));
#593 = CARTESIAN_POINT('',(-2.05,3.550704155516));
#594 = CARTESIAN_POINT('',(4.1,7.101408311032));
#595 = CARTESIAN_POINT('',(4.1,0.));
#596 = ( GEOMETRIC_REPRESENTATION_CONTEXT(2) 
PARAMETRIC_REPRESENTATION_CONTEXT() REPRESENTATION_CONTEXT('2D SPACE',''
  ) );
#597 = PCURVE('',#559,#598);
#598 = DEFINITIONAL_REPRESENTATION('',(#599),#603);
#599 = LINE('',#600,#601);
#600 = CARTESIAN_POINT('',(-6.28318530718,-12.));
#601 = VECTOR('',#602,1.);
#602 = DIRECTION('',(1.,-0.));
#603 = ( GEOMETRIC_REPRESENTATION_CONTEXT(2) 
PARAMETRIC_REPRESENTATION_CONTEXT() REPRESENTATION_CONTEXT('2D SPACE',''
  ) );
#604 = ADVANCED_FACE('',(#605),#559,.F.);
#605 = FACE_BOUND('',#606,.T.);
#606 = EDGE_LOOP('',(#607,#608,#629,#630));
#607 = ORIENTED_EDGE('',*,*,#538,.T.);
#608 = ORIENTED_EDGE('',*,*,#609,.T.);
#609 = EDGE_CURVE('',#539,#578,#610,.T.);
#610 = SEAM_CURVE('',#611,(#615,#622),.PCURVE_S1.);
#611 = LINE('',#612,#613);
#612 = CARTESIAN_POINT('',(95.419774283052,-6.5,50.));
#613 = VECTOR('',#614,1.);
#614 = DIRECTION('',(0.,1.,1.110223024625E-16));
#615 = PCURVE('',#559,#616);
#616 = DEFINITIONAL_REPRESENTATION('',(#617),#621);
#617 = LINE('',#618,#619);
#618 = CARTESIAN_POINT('',(-6.28318530718,0.));
#619 = VECTOR('',#620,1.);
#620 = DIRECTION('',(-0.,-1.));
#621 = ( GEOMETRIC_REPRESENTATION_CONTEXT(2) 
PARAMETRIC_REPRESENTATION_CONTEXT() REPRESENTATION_CONTEXT('2D SPACE',''
  ) );
#622 = PCURVE('',#559,#623);
#623 = DEFINITIONAL_REPRESENTATION('',(#624),#628);
#624 = LINE('',#625,#626);
#625 = CARTESIAN_POINT('',(-0.,0.));
#626 = VECTOR('',#627,1.);
#627 = DIRECTION('',(-0.,-1.));
#628 = ( GEOMETRIC_REPRESENTATION_CONTEXT(2) 
PARAMETRIC_REPRESENTATION_CONTEXT() REPRESENTATION_CONTEXT('2D SPACE',''
  ) );
#629 = ORIENTED_EDGE('',*,*,#577,.F.);
#630 = ORIENTED_EDGE('',*,*,#609,.F.);
#631 = MANIFOLD_SOLID_BREP('',#632);
#632 = CLOSED_SHELL('',(#633,#721,#760,#794));
#633 = ADVANCED_FACE('',(#634),#648,.T.);
#634 = FACE_BOUND('',#635,.F.);
#635 = EDGE_LOOP('',(#636,#666,#693,#694));
#636 = ORIENTED_EDGE('',*,*,#637,.T.);
#637 = EDGE_CURVE('',#638,#640,#642,.T.);
#638 = VERTEX_POINT('',#639);
#639 = CARTESIAN_POINT('',(411.5,-5.5,285.));
#640 = VERTEX_POINT('',#641);
#641 = CARTESIAN_POINT('',(411.5,5.5,285.));
#642 = SEAM_CURVE('',#643,(#647,#659),.PCURVE_S1.);
#643 = LINE('',#644,#645);
#644 = CARTESIAN_POINT('',(411.5,-5.5,285.));
#645 = VECTOR('',#646,1.);
#646 = DIRECTION('',(0.,1.,1.110223024625E-16));
#647 = PCURVE('',#648,#653);
#648 = CYLINDRICAL_SURFACE('',#649,11.5);
#649 = AXIS2_PLACEMENT_3D('',#650,#651,#652);
#650 = CARTESIAN_POINT('',(400.,-5.5,285.));
#651 = DIRECTION('',(-0.,-1.,-1.110223024625E-16));
#652 = DIRECTION('',(1.,0.,0.));
#653 = DEFINITIONAL_REPRESENTATION('',(#654),#658);
#654 = LINE('',#655,#656);
#655 = CARTESIAN_POINT('',(-0.,0.));
#656 = VECTOR('',#657,1.);
#657 = DIRECTION('',(-0.,-1.));
#658 = ( GEOMETRIC_REPRESENTATION_CONTEXT(2) 
PARAMETRIC_REPRESENTATION_CONTEXT() REPRESENTATION_CONTEXT('2D SPACE',''
  ) );
#659 = PCURVE('',#648,#660);
#660 = DEFINITIONAL_REPRESENTATION('',(#661),#665);
#661 = LINE('',#662,#663);
#662 = CARTESIAN_POINT('',(-6.28318530718,0.));
#663 = VECTOR('',#664,1.);
#664 = DIRECTION('',(-0.,-1.));
#665 = ( GEOMETRIC_REPRESENTATION_CONTEXT(2) 
PARAMETRIC_REPRESENTATION_CONTEXT() REPRESENTATION_CONTEXT('2D SPACE',''
  ) );
#666 = ORIENTED_EDGE('',*,*,#667,.T.);
#667 = EDGE_CURVE('',#640,#640,#668,.T.);
#668 = SURFACE_CURVE('',#669,(#674,#681),.PCURVE_S1.);
#669 = CIRCLE('',#670,11.5);
#670 = AXIS2_PLACEMENT_3D('',#671,#672,#673);
#671 = CARTESIAN_POINT('',(400.,5.5,285.));
#672 = DIRECTION('',(-0.,1.,1.110223024625E-16));
#673 = DIRECTION('',(1.,0.,0.));
#674 = PCURVE('',#648,#675);
#675 = DEFINITIONAL_REPRESENTATION('',(#676),#680);
#676 = LINE('',#677,#678);
#677 = CARTESIAN_POINT('',(-0.,-11.));
#678 = VECTOR('',#679,1.);
#679 = DIRECTION('',(-1.,0.));
#680 = ( GEOMETRIC_REPRESENTATION_CONTEXT(2) 
PARAMETRIC_REPRESENTATION_CONTEXT() REPRESENTATION_CONTEXT('2D SPACE',''
  ) );
#681 = PCURVE('',#682,#687);
#682 = PLANE('',#683);
#683 = AXIS2_PLACEMENT_3D('',#684,#685,#686);
#684 = CARTESIAN_POINT('',(400.,5.5,285.));
#685 = DIRECTION('',(0.,1.,1.110223024625E-16));
#686 = DIRECTION('',(1.,0.,0.));
#687 = DEFINITIONAL_REPRESENTATION('',(#688),#692);
#688 = CIRCLE('',#689,11.5);
#689 = AXIS2_PLACEMENT_2D('',#690,#691);
#690 = CARTESIAN_POINT('',(0.,0.));
#691 = DIRECTION('',(1.,0.));
#692 = ( GEOMETRIC_REPRESENTATION_CONTEXT(2) 
PARAMETRIC_REPRESENTATION_CONTEXT() REPRESENTATION_CONTEXT('2D SPACE',''
  ) );
#693 = ORIENTED_EDGE('',*,*,#637,.F.);
#694 = ORIENTED_EDGE('',*,*,#695,.F.);
#695 = EDGE_CURVE('',#638,#638,#696,.T.);
#696 = SURFACE_CURVE('',#697,(#702,#709),.PCURVE_S1.);
#697 = CIRCLE('',#698,11.5);
#698 = AXIS2_PLACEMENT_3D('',#699,#700,#701);
#699 = CARTESIAN_POINT('',(400.,-5.5,285.));
#700 = DIRECTION('',(-0.,1.,1.110223024625E-16));
#701 = DIRECTION('',(1.,0.,0.));
#702 = PCURVE('',#648,#703);
#703 = DEFINITIONAL_REPRESENTATION('',(#704),#708);
#704 = LINE('',#705,#706);
#705 = CARTESIAN_POINT('',(-0.,0.));
#706 = VECTOR('',#707,1.);
#707 = DIRECTION('',(-1.,0.));
#708 = ( GEOMETRIC_REPRESENTATION_CONTEXT(2) 
PARAMETRIC_REPRESENTATION_CONTEXT() REPRESENTATION_CONTEXT('2D SPACE',''
  ) );
#709 = PCURVE('',#710,#715);
#710 = PLANE('',#711);
#711 = AXIS2_PLACEMENT_3D('',#712,#713,#714);
#712 = CARTESIAN_POINT('',(400.,-5.5,285.));
#713 = DIRECTION('',(0.,1.,1.110223024625E-16));
#714 = DIRECTION('',(1.,0.,0.));
#715 = DEFINITIONAL_REPRESENTATION('',(#716),#720);
#716 = CIRCLE('',#717,11.5);
#717 = AXIS2_PLACEMENT_2D('',#718,#719);
#718 = CARTESIAN_POINT('',(0.,0.));
#719 = DIRECTION('',(1.,0.));
#720 = ( GEOMETRIC_REPRESENTATION_CONTEXT(2) 
PARAMETRIC_REPRESENTATION_CONTEXT() REPRESENTATION_CONTEXT('2D SPACE',''
  ) );
#721 = ADVANCED_FACE('',(#722,#725),#710,.F.);
#722 = FACE_BOUND('',#723,.F.);
#723 = EDGE_LOOP('',(#724));
#724 = ORIENTED_EDGE('',*,*,#695,.T.);
#725 = FACE_BOUND('',#726,.F.);
#726 = EDGE_LOOP('',(#727));
#727 = ORIENTED_EDGE('',*,*,#728,.T.);
#728 = EDGE_CURVE('',#729,#729,#731,.T.);
#729 = VERTEX_POINT('',#730);
#730 = CARTESIAN_POINT('',(404.1,-5.5,285.));
#731 = SURFACE_CURVE('',#732,(#737,#748),.PCURVE_S1.);
#732 = CIRCLE('',#733,4.1);
#733 = AXIS2_PLACEMENT_3D('',#734,#735,#736);
#734 = CARTESIAN_POINT('',(400.,-5.5,285.));
#735 = DIRECTION('',(0.,-1.,-1.110223024625E-16));
#736 = DIRECTION('',(1.,-0.,0.));
#737 = PCURVE('',#710,#738);
#738 = DEFINITIONAL_REPRESENTATION('',(#739),#747);
#739 = ( BOUNDED_CURVE() B_SPLINE_CURVE(2,(#740,#741,#742,#743,#744,#745
,#746),.UNSPECIFIED.,.T.,.F.) B_SPLINE_CURVE_WITH_KNOTS((1,2,2,2,2,1),(
    -2.094395102393,0.,2.094395102393,4.188790204786,6.28318530718,
8.377580409573),.UNSPECIFIED.) CURVE() GEOMETRIC_REPRESENTATION_ITEM() 
RATIONAL_B_SPLINE_CURVE((1.,0.5,1.,0.5,1.,0.5,1.)) REPRESENTATION_ITEM(
  '') );
#740 = CARTESIAN_POINT('',(4.1,0.));
#741 = CARTESIAN_POINT('',(4.1,-7.101408311032));
#742 = CARTESIAN_POINT('',(-2.05,-3.550704155516));
#743 = CARTESIAN_POINT('',(-8.2,-1.004210375301E-15));
#744 = CARTESIAN_POINT('',(-2.05,3.550704155516));
#745 = CARTESIAN_POINT('',(4.1,7.101408311032));
#746 = CARTESIAN_POINT('',(4.1,0.));
#747 = ( GEOMETRIC_REPRESENTATION_CONTEXT(2) 
PARAMETRIC_REPRESENTATION_CONTEXT() REPRESENTATION_CONTEXT('2D SPACE',''
  ) );
#748 = PCURVE('',#749,#754);
#749 = CYLINDRICAL_SURFACE('',#750,4.1);
#750 = AXIS2_PLACEMENT_3D('',#751,#752,#753);
#751 = CARTESIAN_POINT('',(400.,-6.5,285.));
#752 = DIRECTION('',(-0.,-1.,-1.110223024625E-16));
#753 = DIRECTION('',(1.,0.,0.));
#754 = DEFINITIONAL_REPRESENTATION('',(#755),#759);
#755 = LINE('',#756,#757);
#756 = CARTESIAN_POINT('',(-6.28318530718,-1.));
#757 = VECTOR('',#758,1.);
#758 = DIRECTION('',(1.,-0.));
#759 = ( GEOMETRIC_REPRESENTATION_CONTEXT(2) 
PARAMETRIC_REPRESENTATION_CONTEXT() REPRESENTATION_CONTEXT('2D SPACE',''
  ) );
#760 = ADVANCED_FACE('',(#761,#764),#682,.T.);
#761 = FACE_BOUND('',#762,.T.);
#762 = EDGE_LOOP('',(#763));
#763 = ORIENTED_EDGE('',*,*,#667,.T.);
#764 = FACE_BOUND('',#765,.T.);
#765 = EDGE_LOOP('',(#766));
#766 = ORIENTED_EDGE('',*,*,#767,.T.);
#767 = EDGE_CURVE('',#768,#768,#770,.T.);
#768 = VERTEX_POINT('',#769);
#769 = CARTESIAN_POINT('',(404.1,5.5,285.));
#770 = SURFACE_CURVE('',#771,(#776,#787),.PCURVE_S1.);
#771 = CIRCLE('',#772,4.1);
#772 = AXIS2_PLACEMENT_3D('',#773,#774,#775);
#773 = CARTESIAN_POINT('',(400.,5.5,285.));
#774 = DIRECTION('',(0.,-1.,-1.110223024625E-16));
#775 = DIRECTION('',(1.,-0.,0.));
#776 = PCURVE('',#682,#777);
#777 = DEFINITIONAL_REPRESENTATION('',(#778),#786);
#778 = ( BOUNDED_CURVE() B_SPLINE_CURVE(2,(#779,#780,#781,#782,#783,#784
,#785),.UNSPECIFIED.,.T.,.F.) B_SPLINE_CURVE_WITH_KNOTS((1,2,2,2,2,1),(
    -2.094395102393,0.,2.094395102393,4.188790204786,6.28318530718,
8.377580409573),.UNSPECIFIED.) CURVE() GEOMETRIC_REPRESENTATION_ITEM() 
RATIONAL_B_SPLINE_CURVE((1.,0.5,1.,0.5,1.,0.5,1.)) REPRESENTATION_ITEM(
  '') );
#779 = CARTESIAN_POINT('',(4.1,0.));
#780 = CARTESIAN_POINT('',(4.1,-7.101408311032));
#781 = CARTESIAN_POINT('',(-2.05,-3.550704155516));
#782 = CARTESIAN_POINT('',(-8.2,-1.004210375301E-15));
#783 = CARTESIAN_POINT('',(-2.05,3.550704155516));
#784 = CARTESIAN_POINT('',(4.1,7.101408311032));
#785 = CARTESIAN_POINT('',(4.1,0.));
#786 = ( GEOMETRIC_REPRESENTATION_CONTEXT(2) 
PARAMETRIC_REPRESENTATION_CONTEXT() REPRESENTATION_CONTEXT('2D SPACE',''
  ) );
#787 = PCURVE('',#749,#788);
#788 = DEFINITIONAL_REPRESENTATION('',(#789),#793);
#789 = LINE('',#790,#791);
#790 = CARTESIAN_POINT('',(-6.28318530718,-12.));
#791 = VECTOR('',#792,1.);
#792 = DIRECTION('',(1.,-0.));
#793 = ( GEOMETRIC_REPRESENTATION_CONTEXT(2) 
PARAMETRIC_REPRESENTATION_CONTEXT() REPRESENTATION_CONTEXT('2D SPACE',''
  ) );
#794 = ADVANCED_FACE('',(#795),#749,.F.);
#795 = FACE_BOUND('',#796,.T.);
#796 = EDGE_LOOP('',(#797,#798,#819,#820));
#797 = ORIENTED_EDGE('',*,*,#728,.T.);
#798 = ORIENTED_EDGE('',*,*,#799,.T.);
#799 = EDGE_CURVE('',#729,#768,#800,.T.);
#800 = SEAM_CURVE('',#801,(#805,#812),.PCURVE_S1.);
#801 = LINE('',#802,#803);
#802 = CARTESIAN_POINT('',(404.1,-6.5,285.));
#803 = VECTOR('',#804,1.);
#804 = DIRECTION('',(0.,1.,1.110223024625E-16));
#805 = PCURVE('',#749,#806);
#806 = DEFINITIONAL_REPRESENTATION('',(#807),#811);
#807 = LINE('',#808,#809);
#808 = CARTESIAN_POINT('',(-6.28318530718,0.));
#809 = VECTOR('',#810,1.);
#810 = DIRECTION('',(-0.,-1.));
#811 = ( GEOMETRIC_REPRESENTATION_CONTEXT(2) 
PARAMETRIC_REPRESENTATION_CONTEXT() REPRESENTATION_CONTEXT('2D SPACE',''
  ) );
#812 = PCURVE('',#749,#813);
#813 = DEFINITIONAL_REPRESENTATION('',(#814),#818);
#814 = LINE('',#815,#816);
#815 = CARTESIAN_POINT('',(-0.,0.));
#816 = VECTOR('',#817,1.);
#817 = DIRECTION('',(-0.,-1.));
#818 = ( GEOMETRIC_REPRESENTATION_CONTEXT(2) 
PARAMETRIC_REPRESENTATION_CONTEXT() REPRESENTATION_CONTEXT('2D SPACE',''
  ) );
#819 = ORIENTED_EDGE('',*,*,#767,.F.);
#820 = ORIENTED_EDGE('',*,*,#799,.F.);
#821 = MANIFOLD_SOLID_BREP('',#822);
#822 = CLOSED_SHELL('',(#823,#943,#1043,#1090,#1137,#1144));
#823 = ADVANCED_FACE('',(#824),#838,.F.);
#824 = FACE_BOUND('',#825,.F.);
#825 = EDGE_LOOP('',(#826,#861,#889,#917));
#826 = ORIENTED_EDGE('',*,*,#827,.F.);
#827 = EDGE_CURVE('',#828,#830,#832,.T.);
#828 = VERTEX_POINT('',#829);
#829 = CARTESIAN_POINT('',(142.74287877881,-35.,60.870341485808));
#830 = VERTEX_POINT('',#831);
#831 = CARTESIAN_POINT('',(115.48450837958,-35.,96.675107134788));
#832 = SURFACE_CURVE('',#833,(#837,#849),.PCURVE_S1.);
#833 = LINE('',#834,#835);
#834 = CARTESIAN_POINT('',(142.74287877881,-35.,60.870341485808));
#835 = VECTOR('',#836,1.);
#836 = DIRECTION('',(-0.605741564427,0.,0.795661458866));
#837 = PCURVE('',#838,#843);
#838 = PLANE('',#839);
#839 = AXIS2_PLACEMENT_3D('',#840,#841,#842);
#840 = CARTESIAN_POINT('',(142.74287877881,-35.,60.870341485808));
#841 = DIRECTION('',(0.795661458866,0.,0.605741564427));
#842 = DIRECTION('',(-0.605741564427,0.,0.795661458866));
#843 = DEFINITIONAL_REPRESENTATION('',(#844),#848);
#844 = LINE('',#845,#846);
#845 = CARTESIAN_POINT('',(0.,0.));
#846 = VECTOR('',#847,1.);
#847 = DIRECTION('',(1.,0.));
#848 = ( GEOMETRIC_REPRESENTATION_CONTEXT(2) 
PARAMETRIC_REPRESENTATION_CONTEXT() REPRESENTATION_CONTEXT('2D SPACE',''
  ) );
#849 = PCURVE('',#850,#855);
#850 = PLANE('',#851);
#851 = AXIS2_PLACEMENT_3D('',#852,#853,#854);
#852 = CARTESIAN_POINT('',(142.74287877881,-35.,60.870341485808));
#853 = DIRECTION('',(-0.,1.,0.));
#854 = DIRECTION('',(-0.605741564427,0.,0.795661458866));
#855 = DEFINITIONAL_REPRESENTATION('',(#856),#860);
#856 = LINE('',#857,#858);
#857 = CARTESIAN_POINT('',(0.,0.));
#858 = VECTOR('',#859,1.);
#859 = DIRECTION('',(1.,0.));
#860 = ( GEOMETRIC_REPRESENTATION_CONTEXT(2) 
PARAMETRIC_REPRESENTATION_CONTEXT() REPRESENTATION_CONTEXT('2D SPACE',''
  ) );
#861 = ORIENTED_EDGE('',*,*,#862,.T.);
#862 = EDGE_CURVE('',#828,#863,#865,.T.);
#863 = VERTEX_POINT('',#864);
#864 = CARTESIAN_POINT('',(142.74287877881,35.,60.870341485808));
#865 = SURFACE_CURVE('',#866,(#870,#877),.PCURVE_S1.);
#866 = LINE('',#867,#868);
#867 = CARTESIAN_POINT('',(142.74287877881,-35.,60.870341485808));
#868 = VECTOR('',#869,1.);
#869 = DIRECTION('',(-0.,1.,0.));
#870 = PCURVE('',#838,#871);
#871 = DEFINITIONAL_REPRESENTATION('',(#872),#876);
#872 = LINE('',#873,#874);
#873 = CARTESIAN_POINT('',(0.,0.));
#874 = VECTOR('',#875,1.);
#875 = DIRECTION('',(0.,-1.));
#876 = ( GEOMETRIC_REPRESENTATION_CONTEXT(2) 
PARAMETRIC_REPRESENTATION_CONTEXT() REPRESENTATION_CONTEXT('2D SPACE',''
  ) );
#877 = PCURVE('',#878,#883);
#878 = PLANE('',#879);
#879 = AXIS2_PLACEMENT_3D('',#880,#881,#882);
#880 = CARTESIAN_POINT('',(142.74287877881,-35.,60.870341485808));
#881 = DIRECTION('',(-0.605741564427,0.,0.795661458866));
#882 = DIRECTION('',(0.795661458866,0.,0.605741564427));
#883 = DEFINITIONAL_REPRESENTATION('',(#884),#888);
#884 = LINE('',#885,#886);
#885 = CARTESIAN_POINT('',(0.,0.));
#886 = VECTOR('',#887,1.);
#887 = DIRECTION('',(0.,1.));
#888 = ( GEOMETRIC_REPRESENTATION_CONTEXT(2) 
PARAMETRIC_REPRESENTATION_CONTEXT() REPRESENTATION_CONTEXT('2D SPACE',''
  ) );
#889 = ORIENTED_EDGE('',*,*,#890,.T.);
#890 = EDGE_CURVE('',#863,#891,#893,.T.);
#891 = VERTEX_POINT('',#892);
#892 = CARTESIAN_POINT('',(115.48450837958,35.,96.675107134788));
#893 = SURFACE_CURVE('',#894,(#898,#905),.PCURVE_S1.);
#894 = LINE('',#895,#896);
#895 = CARTESIAN_POINT('',(142.74287877881,35.,60.870341485808));
#896 = VECTOR('',#897,1.);
#897 = DIRECTION('',(-0.605741564427,0.,0.795661458866));
#898 = PCURVE('',#838,#899);
#899 = DEFINITIONAL_REPRESENTATION('',(#900),#904);
#900 = LINE('',#901,#902);
#901 = CARTESIAN_POINT('',(0.,-70.));
#902 = VECTOR('',#903,1.);
#903 = DIRECTION('',(1.,0.));
#904 = ( GEOMETRIC_REPRESENTATION_CONTEXT(2) 
PARAMETRIC_REPRESENTATION_CONTEXT() REPRESENTATION_CONTEXT('2D SPACE',''
  ) );
#905 = PCURVE('',#906,#911);
#906 = PLANE('',#907);
#907 = AXIS2_PLACEMENT_3D('',#908,#909,#910);
#908 = CARTESIAN_POINT('',(142.74287877881,35.,60.870341485808));
#909 = DIRECTION('',(-0.,1.,0.));
#910 = DIRECTION('',(-0.605741564427,0.,0.795661458866));
#911 = DEFINITIONAL_REPRESENTATION('',(#912),#916);
#912 = LINE('',#913,#914);
#913 = CARTESIAN_POINT('',(0.,0.));
#914 = VECTOR('',#915,1.);
#915 = DIRECTION('',(1.,0.));
#916 = ( GEOMETRIC_REPRESENTATION_CONTEXT(2) 
PARAMETRIC_REPRESENTATION_CONTEXT() REPRESENTATION_CONTEXT('2D SPACE',''
  ) );
#917 = ORIENTED_EDGE('',*,*,#918,.F.);
#918 = EDGE_CURVE('',#830,#891,#919,.T.);
#919 = SURFACE_CURVE('',#920,(#924,#931),.PCURVE_S1.);
#920 = LINE('',#921,#922);
#921 = CARTESIAN_POINT('',(115.48450837958,-35.,96.675107134788));
#922 = VECTOR('',#923,1.);
#923 = DIRECTION('',(-0.,1.,0.));
#924 = PCURVE('',#838,#925);
#925 = DEFINITIONAL_REPRESENTATION('',(#926),#930);
#926 = LINE('',#927,#928);
#927 = CARTESIAN_POINT('',(45.,0.));
#928 = VECTOR('',#929,1.);
#929 = DIRECTION('',(0.,-1.));
#930 = ( GEOMETRIC_REPRESENTATION_CONTEXT(2) 
PARAMETRIC_REPRESENTATION_CONTEXT() REPRESENTATION_CONTEXT('2D SPACE',''
  ) );
#931 = PCURVE('',#932,#937);
#932 = PLANE('',#933);
#933 = AXIS2_PLACEMENT_3D('',#934,#935,#936);
#934 = CARTESIAN_POINT('',(115.48450837958,-35.,96.675107134788));
#935 = DIRECTION('',(-0.605741564427,0.,0.795661458866));
#936 = DIRECTION('',(0.795661458866,0.,0.605741564427));
#937 = DEFINITIONAL_REPRESENTATION('',(#938),#942);
#938 = LINE('',#939,#940);
#939 = CARTESIAN_POINT('',(0.,0.));
#940 = VECTOR('',#941,1.);
#941 = DIRECTION('',(0.,1.));
#942 = ( GEOMETRIC_REPRESENTATION_CONTEXT(2) 
PARAMETRIC_REPRESENTATION_CONTEXT() REPRESENTATION_CONTEXT('2D SPACE',''
  ) );
#943 = ADVANCED_FACE('',(#944),#958,.T.);
#944 = FACE_BOUND('',#945,.T.);
#945 = EDGE_LOOP('',(#946,#976,#999,#1022));
#946 = ORIENTED_EDGE('',*,*,#947,.F.);
#947 = EDGE_CURVE('',#948,#950,#952,.T.);
#948 = VERTEX_POINT('',#949);
#949 = CARTESIAN_POINT('',(234.24394654843,-35.,130.53062139495));
#950 = VERTEX_POINT('',#951);
#951 = CARTESIAN_POINT('',(206.9855761492,-35.,166.33538704393));
#952 = SURFACE_CURVE('',#953,(#957,#969),.PCURVE_S1.);
#953 = LINE('',#954,#955);
#954 = CARTESIAN_POINT('',(234.24394654843,-35.,130.53062139495));
#955 = VECTOR('',#956,1.);
#956 = DIRECTION('',(-0.605741564427,0.,0.795661458866));
#957 = PCURVE('',#958,#963);
#958 = PLANE('',#959);
#959 = AXIS2_PLACEMENT_3D('',#960,#961,#962);
#960 = CARTESIAN_POINT('',(234.24394654843,-35.,130.53062139495));
#961 = DIRECTION('',(0.795661458866,0.,0.605741564427));
#962 = DIRECTION('',(-0.605741564427,0.,0.795661458866));
#963 = DEFINITIONAL_REPRESENTATION('',(#964),#968);
#964 = LINE('',#965,#966);
#965 = CARTESIAN_POINT('',(0.,0.));
#966 = VECTOR('',#967,1.);
#967 = DIRECTION('',(1.,0.));
#968 = ( GEOMETRIC_REPRESENTATION_CONTEXT(2) 
PARAMETRIC_REPRESENTATION_CONTEXT() REPRESENTATION_CONTEXT('2D SPACE',''
  ) );
#969 = PCURVE('',#850,#970);
#970 = DEFINITIONAL_REPRESENTATION('',(#971),#975);
#971 = LINE('',#972,#973);
#972 = CARTESIAN_POINT('',(0.,115.));
#973 = VECTOR('',#974,1.);
#974 = DIRECTION('',(1.,0.));
#975 = ( GEOMETRIC_REPRESENTATION_CONTEXT(2) 
PARAMETRIC_REPRESENTATION_CONTEXT() REPRESENTATION_CONTEXT('2D SPACE',''
  ) );
#976 = ORIENTED_EDGE('',*,*,#977,.T.);
#977 = EDGE_CURVE('',#948,#978,#980,.T.);
#978 = VERTEX_POINT('',#979);
#979 = CARTESIAN_POINT('',(234.24394654843,35.,130.53062139495));
#980 = SURFACE_CURVE('',#981,(#985,#992),.PCURVE_S1.);
#981 = LINE('',#982,#983);
#982 = CARTESIAN_POINT('',(234.24394654843,-35.,130.53062139495));
#983 = VECTOR('',#984,1.);
#984 = DIRECTION('',(-0.,1.,0.));
#985 = PCURVE('',#958,#986);
#986 = DEFINITIONAL_REPRESENTATION('',(#987),#991);
#987 = LINE('',#988,#989);
#988 = CARTESIAN_POINT('',(0.,0.));
#989 = VECTOR('',#990,1.);
#990 = DIRECTION('',(0.,-1.));
#991 = ( GEOMETRIC_REPRESENTATION_CONTEXT(2) 
PARAMETRIC_REPRESENTATION_CONTEXT() REPRESENTATION_CONTEXT('2D SPACE',''
  ) );
#992 = PCURVE('',#878,#993);
#993 = DEFINITIONAL_REPRESENTATION('',(#994),#998);
#994 = LINE('',#995,#996);
#995 = CARTESIAN_POINT('',(115.,0.));
#996 = VECTOR('',#997,1.);
#997 = DIRECTION('',(0.,1.));
#998 = ( GEOMETRIC_REPRESENTATION_CONTEXT(2) 
PARAMETRIC_REPRESENTATION_CONTEXT() REPRESENTATION_CONTEXT('2D SPACE',''
  ) );
#999 = ORIENTED_EDGE('',*,*,#1000,.T.);
#1000 = EDGE_CURVE('',#978,#1001,#1003,.T.);
#1001 = VERTEX_POINT('',#1002);
#1002 = CARTESIAN_POINT('',(206.9855761492,35.,166.33538704393));
#1003 = SURFACE_CURVE('',#1004,(#1008,#1015),.PCURVE_S1.);
#1004 = LINE('',#1005,#1006);
#1005 = CARTESIAN_POINT('',(234.24394654843,35.,130.53062139495));
#1006 = VECTOR('',#1007,1.);
#1007 = DIRECTION('',(-0.605741564427,0.,0.795661458866));
#1008 = PCURVE('',#958,#1009);
#1009 = DEFINITIONAL_REPRESENTATION('',(#1010),#1014);
#1010 = LINE('',#1011,#1012);
#1011 = CARTESIAN_POINT('',(0.,-70.));
#1012 = VECTOR('',#1013,1.);
#1013 = DIRECTION('',(1.,0.));
#1014 = ( GEOMETRIC_REPRESENTATION_CONTEXT(2) 
PARAMETRIC_REPRESENTATION_CONTEXT() REPRESENTATION_CONTEXT('2D SPACE',''
  ) );
#1015 = PCURVE('',#906,#1016);
#1016 = DEFINITIONAL_REPRESENTATION('',(#1017),#1021);
#1017 = LINE('',#1018,#1019);
#1018 = CARTESIAN_POINT('',(0.,115.));
#1019 = VECTOR('',#1020,1.);
#1020 = DIRECTION('',(1.,0.));
#1021 = ( GEOMETRIC_REPRESENTATION_CONTEXT(2) 
PARAMETRIC_REPRESENTATION_CONTEXT() REPRESENTATION_CONTEXT('2D SPACE',''
  ) );
#1022 = ORIENTED_EDGE('',*,*,#1023,.F.);
#1023 = EDGE_CURVE('',#950,#1001,#1024,.T.);
#1024 = SURFACE_CURVE('',#1025,(#1029,#1036),.PCURVE_S1.);
#1025 = LINE('',#1026,#1027);
#1026 = CARTESIAN_POINT('',(206.9855761492,-35.,166.33538704393));
#1027 = VECTOR('',#1028,1.);
#1028 = DIRECTION('',(-0.,1.,0.));
#1029 = PCURVE('',#958,#1030);
#1030 = DEFINITIONAL_REPRESENTATION('',(#1031),#1035);
#1031 = LINE('',#1032,#1033);
#1032 = CARTESIAN_POINT('',(45.,0.));
#1033 = VECTOR('',#1034,1.);
#1034 = DIRECTION('',(0.,-1.));
#1035 = ( GEOMETRIC_REPRESENTATION_CONTEXT(2) 
PARAMETRIC_REPRESENTATION_CONTEXT() REPRESENTATION_CONTEXT('2D SPACE',''
  ) );
#1036 = PCURVE('',#932,#1037);
#1037 = DEFINITIONAL_REPRESENTATION('',(#1038),#1042);
#1038 = LINE('',#1039,#1040);
#1039 = CARTESIAN_POINT('',(115.,0.));
#1040 = VECTOR('',#1041,1.);
#1041 = DIRECTION('',(0.,1.));
#1042 = ( GEOMETRIC_REPRESENTATION_CONTEXT(2) 
PARAMETRIC_REPRESENTATION_CONTEXT() REPRESENTATION_CONTEXT('2D SPACE',''
  ) );
#1043 = ADVANCED_FACE('',(#1044),#850,.F.);
#1044 = FACE_BOUND('',#1045,.F.);
#1045 = EDGE_LOOP('',(#1046,#1067,#1068,#1089));
#1046 = ORIENTED_EDGE('',*,*,#1047,.F.);
#1047 = EDGE_CURVE('',#828,#948,#1048,.T.);
#1048 = SURFACE_CURVE('',#1049,(#1053,#1060),.PCURVE_S1.);
#1049 = LINE('',#1050,#1051);
#1050 = CARTESIAN_POINT('',(142.74287877881,-35.,60.870341485808));
#1051 = VECTOR('',#1052,1.);
#1052 = DIRECTION('',(0.795661458866,0.,0.605741564427));
#1053 = PCURVE('',#850,#1054);
#1054 = DEFINITIONAL_REPRESENTATION('',(#1055),#1059);
#1055 = LINE('',#1056,#1057);
#1056 = CARTESIAN_POINT('',(0.,0.));
#1057 = VECTOR('',#1058,1.);
#1058 = DIRECTION('',(0.,1.));
#1059 = ( GEOMETRIC_REPRESENTATION_CONTEXT(2) 
PARAMETRIC_REPRESENTATION_CONTEXT() REPRESENTATION_CONTEXT('2D SPACE',''
  ) );
#1060 = PCURVE('',#878,#1061);
#1061 = DEFINITIONAL_REPRESENTATION('',(#1062),#1066);
#1062 = LINE('',#1063,#1064);
#1063 = CARTESIAN_POINT('',(0.,0.));
#1064 = VECTOR('',#1065,1.);
#1065 = DIRECTION('',(1.,0.));
#1066 = ( GEOMETRIC_REPRESENTATION_CONTEXT(2) 
PARAMETRIC_REPRESENTATION_CONTEXT() REPRESENTATION_CONTEXT('2D SPACE',''
  ) );
#1067 = ORIENTED_EDGE('',*,*,#827,.T.);
#1068 = ORIENTED_EDGE('',*,*,#1069,.T.);
#1069 = EDGE_CURVE('',#830,#950,#1070,.T.);
#1070 = SURFACE_CURVE('',#1071,(#1075,#1082),.PCURVE_S1.);
#1071 = LINE('',#1072,#1073);
#1072 = CARTESIAN_POINT('',(115.48450837958,-35.,96.675107134788));
#1073 = VECTOR('',#1074,1.);
#1074 = DIRECTION('',(0.795661458866,0.,0.605741564427));
#1075 = PCURVE('',#850,#1076);
#1076 = DEFINITIONAL_REPRESENTATION('',(#1077),#1081);
#1077 = LINE('',#1078,#1079);
#1078 = CARTESIAN_POINT('',(45.,0.));
#1079 = VECTOR('',#1080,1.);
#1080 = DIRECTION('',(0.,1.));
#1081 = ( GEOMETRIC_REPRESENTATION_CONTEXT(2) 
PARAMETRIC_REPRESENTATION_CONTEXT() REPRESENTATION_CONTEXT('2D SPACE',''
  ) );
#1082 = PCURVE('',#932,#1083);
#1083 = DEFINITIONAL_REPRESENTATION('',(#1084),#1088);
#1084 = LINE('',#1085,#1086);
#1085 = CARTESIAN_POINT('',(0.,0.));
#1086 = VECTOR('',#1087,1.);
#1087 = DIRECTION('',(1.,0.));
#1088 = ( GEOMETRIC_REPRESENTATION_CONTEXT(2) 
PARAMETRIC_REPRESENTATION_CONTEXT() REPRESENTATION_CONTEXT('2D SPACE',''
  ) );
#1089 = ORIENTED_EDGE('',*,*,#947,.F.);
#1090 = ADVANCED_FACE('',(#1091),#906,.T.);
#1091 = FACE_BOUND('',#1092,.T.);
#1092 = EDGE_LOOP('',(#1093,#1114,#1115,#1136));
#1093 = ORIENTED_EDGE('',*,*,#1094,.F.);
#1094 = EDGE_CURVE('',#863,#978,#1095,.T.);
#1095 = SURFACE_CURVE('',#1096,(#1100,#1107),.PCURVE_S1.);
#1096 = LINE('',#1097,#1098);
#1097 = CARTESIAN_POINT('',(142.74287877881,35.,60.870341485808));
#1098 = VECTOR('',#1099,1.);
#1099 = DIRECTION('',(0.795661458866,0.,0.605741564427));
#1100 = PCURVE('',#906,#1101);
#1101 = DEFINITIONAL_REPRESENTATION('',(#1102),#1106);
#1102 = LINE('',#1103,#1104);
#1103 = CARTESIAN_POINT('',(0.,0.));
#1104 = VECTOR('',#1105,1.);
#1105 = DIRECTION('',(0.,1.));
#1106 = ( GEOMETRIC_REPRESENTATION_CONTEXT(2) 
PARAMETRIC_REPRESENTATION_CONTEXT() REPRESENTATION_CONTEXT('2D SPACE',''
  ) );
#1107 = PCURVE('',#878,#1108);
#1108 = DEFINITIONAL_REPRESENTATION('',(#1109),#1113);
#1109 = LINE('',#1110,#1111);
#1110 = CARTESIAN_POINT('',(0.,70.));
#1111 = VECTOR('',#1112,1.);
#1112 = DIRECTION('',(1.,0.));
#1113 = ( GEOMETRIC_REPRESENTATION_CONTEXT(2) 
PARAMETRIC_REPRESENTATION_CONTEXT() REPRESENTATION_CONTEXT('2D SPACE',''
  ) );
#1114 = ORIENTED_EDGE('',*,*,#890,.T.);
#1115 = ORIENTED_EDGE('',*,*,#1116,.T.);
#1116 = EDGE_CURVE('',#891,#1001,#1117,.T.);
#1117 = SURFACE_CURVE('',#1118,(#1122,#1129),.PCURVE_S1.);
#1118 = LINE('',#1119,#1120);
#1119 = CARTESIAN_POINT('',(115.48450837958,35.,96.675107134788));
#1120 = VECTOR('',#1121,1.);
#1121 = DIRECTION('',(0.795661458866,0.,0.605741564427));
#1122 = PCURVE('',#906,#1123);
#1123 = DEFINITIONAL_REPRESENTATION('',(#1124),#1128);
#1124 = LINE('',#1125,#1126);
#1125 = CARTESIAN_POINT('',(45.,0.));
#1126 = VECTOR('',#1127,1.);
#1127 = DIRECTION('',(0.,1.));
#1128 = ( GEOMETRIC_REPRESENTATION_CONTEXT(2) 
PARAMETRIC_REPRESENTATION_CONTEXT() REPRESENTATION_CONTEXT('2D SPACE',''
  ) );
#1129 = PCURVE('',#932,#1130);
#1130 = DEFINITIONAL_REPRESENTATION('',(#1131),#1135);
#1131 = LINE('',#1132,#1133);
#1132 = CARTESIAN_POINT('',(0.,70.));
#1133 = VECTOR('',#1134,1.);
#1134 = DIRECTION('',(1.,0.));
#1135 = ( GEOMETRIC_REPRESENTATION_CONTEXT(2) 
PARAMETRIC_REPRESENTATION_CONTEXT() REPRESENTATION_CONTEXT('2D SPACE',''
  ) );
#1136 = ORIENTED_EDGE('',*,*,#1000,.F.);
#1137 = ADVANCED_FACE('',(#1138),#878,.F.);
#1138 = FACE_BOUND('',#1139,.F.);
#1139 = EDGE_LOOP('',(#1140,#1141,#1142,#1143));
#1140 = ORIENTED_EDGE('',*,*,#862,.F.);
#1141 = ORIENTED_EDGE('',*,*,#1047,.T.);
#1142 = ORIENTED_EDGE('',*,*,#977,.T.);
#1143 = ORIENTED_EDGE('',*,*,#1094,.F.);
#1144 = ADVANCED_FACE('',(#1145),#932,.T.);
#1145 = FACE_BOUND('',#1146,.T.);
#1146 = EDGE_LOOP('',(#1147,#1148,#1149,#1150));
#1147 = ORIENTED_EDGE('',*,*,#918,.F.);
#1148 = ORIENTED_EDGE('',*,*,#1069,.T.);
#1149 = ORIENTED_EDGE('',*,*,#1023,.T.);
#1150 = ORIENTED_EDGE('',*,*,#1116,.F.);
#1151 = ( GEOMETRIC_REPRESENTATION_CONTEXT(3) 
GLOBAL_UNCERTAINTY_ASSIGNED_CONTEXT((#1155)) 
GLOBAL_UNIT_ASSIGNED_CONTEXT((#1152,#1153,#1154)) REPRESENTATION_CONTEXT
('Context #1','3D Context with UNIT and UNCERTAINTY') );
#1152 = ( LENGTH_UNIT() NAMED_UNIT(*) SI_UNIT(.MILLI.,.METRE.) );
#1153 = ( NAMED_UNIT(*) PLANE_ANGLE_UNIT() SI_UNIT($,.RADIAN.) );
#1154 = ( NAMED_UNIT(*) SI_UNIT($,.STERADIAN.) SOLID_ANGLE_UNIT() );
#1155 = UNCERTAINTY_MEASURE_WITH_UNIT(LENGTH_MEASURE(1.E-07),#1152,
  'distance_accuracy_value','confusion accuracy');
#1156 = CONTEXT_DEPENDENT_SHAPE_REPRESENTATION(#1157,#1159);
#1157 = ( REPRESENTATION_RELATIONSHIP('','',#48,#10) 
REPRESENTATION_RELATIONSHIP_WITH_TRANSFORMATION(#1158) 
SHAPE_REPRESENTATION_RELATIONSHIP() );
#1158 = ITEM_DEFINED_TRANSFORMATION('','',#11,#15);
#1159 = PRODUCT_DEFINITION_SHAPE('Placement','Placement of an item',
  #1160);
#1160 = NEXT_ASSEMBLY_USAGE_OCCURRENCE('297','actuator_A1','',#5,#43,$);
#1161 = PRODUCT_RELATED_PRODUCT_CATEGORY('part',$,(#45));
#1162 = SHAPE_DEFINITION_REPRESENTATION(#1163,#1169);
#1163 = PRODUCT_DEFINITION_SHAPE('','',#1164);
#1164 = PRODUCT_DEFINITION('design','',#1165,#1168);
#1165 = PRODUCT_DEFINITION_FORMATION('','',#1166);
#1166 = PRODUCT('actuator_A1_limit_fixed_carrier',
  'actuator_A1_limit_fixed_carrier','',(#1167));
#1167 = PRODUCT_CONTEXT('',#2,'mechanical');
#1168 = PRODUCT_DEFINITION_CONTEXT('part definition',#2,'design');
#1169 = SHAPE_REPRESENTATION('',(#11,#1170,#2214,#3258),#4716);
#1170 = MANIFOLD_SOLID_BREP('',#1171);
#1171 = CLOSED_SHELL('',(#1172,#1292,#1366,#1679,#1726,#1972,#1999,#2026
    ,#2053,#2078,#2105,#2130,#2155,#2180,#2187));
#1172 = ADVANCED_FACE('',(#1173),#1187,.F.);
#1173 = FACE_BOUND('',#1174,.F.);
#1174 = EDGE_LOOP('',(#1175,#1210,#1238,#1266));
#1175 = ORIENTED_EDGE('',*,*,#1176,.F.);
#1176 = EDGE_CURVE('',#1177,#1179,#1181,.T.);
#1177 = VERTEX_POINT('',#1178);
#1178 = CARTESIAN_POINT('',(268.06456379468,-66.,169.47501571662));
#1179 = VERTEX_POINT('',#1180);
#1180 = CARTESIAN_POINT('',(279.20382421881,-66.,177.9553976186));
#1181 = SURFACE_CURVE('',#1182,(#1186,#1198),.PCURVE_S1.);
#1182 = LINE('',#1183,#1184);
#1183 = CARTESIAN_POINT('',(268.06456379468,-66.,169.47501571662));
#1184 = VECTOR('',#1185,1.);
#1185 = DIRECTION('',(0.795661458866,0.,0.605741564427));
#1186 = PCURVE('',#1187,#1192);
#1187 = PLANE('',#1188);
#1188 = AXIS2_PLACEMENT_3D('',#1189,#1190,#1191);
#1189 = CARTESIAN_POINT('',(268.06456379468,-66.,169.47501571662));
#1190 = DIRECTION('',(-0.,1.,0.));
#1191 = DIRECTION('',(0.795661458866,0.,0.605741564427));
#1192 = DEFINITIONAL_REPRESENTATION('',(#1193),#1197);
#1193 = LINE('',#1194,#1195);
#1194 = CARTESIAN_POINT('',(0.,0.));
#1195 = VECTOR('',#1196,1.);
#1196 = DIRECTION('',(1.,0.));
#1197 = ( GEOMETRIC_REPRESENTATION_CONTEXT(2) 
PARAMETRIC_REPRESENTATION_CONTEXT() REPRESENTATION_CONTEXT('2D SPACE',''
  ) );
#1198 = PCURVE('',#1199,#1204);
#1199 = PLANE('',#1200);
#1200 = AXIS2_PLACEMENT_3D('',#1201,#1202,#1203);
#1201 = CARTESIAN_POINT('',(268.06456379468,-66.,169.47501571662));
#1202 = DIRECTION('',(-0.605741564427,0.,0.795661458866));
#1203 = DIRECTION('',(0.795661458866,0.,0.605741564427));
#1204 = DEFINITIONAL_REPRESENTATION('',(#1205),#1209);
#1205 = LINE('',#1206,#1207);
#1206 = CARTESIAN_POINT('',(0.,0.));
#1207 = VECTOR('',#1208,1.);
#1208 = DIRECTION('',(1.,0.));
#1209 = ( GEOMETRIC_REPRESENTATION_CONTEXT(2) 
PARAMETRIC_REPRESENTATION_CONTEXT() REPRESENTATION_CONTEXT('2D SPACE',''
  ) );
#1210 = ORIENTED_EDGE('',*,*,#1211,.T.);
#1211 = EDGE_CURVE('',#1177,#1212,#1214,.T.);
#1212 = VERTEX_POINT('',#1213);
#1213 = CARTESIAN_POINT('',(253.52676624843,-66.,188.57089072941));
#1214 = SURFACE_CURVE('',#1215,(#1219,#1226),.PCURVE_S1.);
#1215 = LINE('',#1216,#1217);
#1216 = CARTESIAN_POINT('',(268.06456379468,-66.,169.47501571662));
#1217 = VECTOR('',#1218,1.);
#1218 = DIRECTION('',(-0.605741564427,0.,0.795661458866));
#1219 = PCURVE('',#1187,#1220);
#1220 = DEFINITIONAL_REPRESENTATION('',(#1221),#1225);
#1221 = LINE('',#1222,#1223);
#1222 = CARTESIAN_POINT('',(0.,0.));
#1223 = VECTOR('',#1224,1.);
#1224 = DIRECTION('',(0.,-1.));
#1225 = ( GEOMETRIC_REPRESENTATION_CONTEXT(2) 
PARAMETRIC_REPRESENTATION_CONTEXT() REPRESENTATION_CONTEXT('2D SPACE',''
  ) );
#1226 = PCURVE('',#1227,#1232);
#1227 = PLANE('',#1228);
#1228 = AXIS2_PLACEMENT_3D('',#1229,#1230,#1231);
#1229 = CARTESIAN_POINT('',(268.06456379468,-66.,169.47501571662));
#1230 = DIRECTION('',(0.795661458866,0.,0.605741564427));
#1231 = DIRECTION('',(-0.,1.,0.));
#1232 = DEFINITIONAL_REPRESENTATION('',(#1233),#1237);
#1233 = LINE('',#1234,#1235);
#1234 = CARTESIAN_POINT('',(0.,0.));
#1235 = VECTOR('',#1236,1.);
#1236 = DIRECTION('',(0.,1.));
#1237 = ( GEOMETRIC_REPRESENTATION_CONTEXT(2) 
PARAMETRIC_REPRESENTATION_CONTEXT() REPRESENTATION_CONTEXT('2D SPACE',''
  ) );
#1238 = ORIENTED_EDGE('',*,*,#1239,.T.);
#1239 = EDGE_CURVE('',#1212,#1240,#1242,.T.);
#1240 = VERTEX_POINT('',#1241);
#1241 = CARTESIAN_POINT('',(264.66602667255,-66.,197.05127263139));
#1242 = SURFACE_CURVE('',#1243,(#1247,#1254),.PCURVE_S1.);
#1243 = LINE('',#1244,#1245);
#1244 = CARTESIAN_POINT('',(253.52676624843,-66.,188.57089072941));
#1245 = VECTOR('',#1246,1.);
#1246 = DIRECTION('',(0.795661458866,0.,0.605741564427));
#1247 = PCURVE('',#1187,#1248);
#1248 = DEFINITIONAL_REPRESENTATION('',(#1249),#1253);
#1249 = LINE('',#1250,#1251);
#1250 = CARTESIAN_POINT('',(0.,-24.));
#1251 = VECTOR('',#1252,1.);
#1252 = DIRECTION('',(1.,0.));
#1253 = ( GEOMETRIC_REPRESENTATION_CONTEXT(2) 
PARAMETRIC_REPRESENTATION_CONTEXT() REPRESENTATION_CONTEXT('2D SPACE',''
  ) );
#1254 = PCURVE('',#1255,#1260);
#1255 = PLANE('',#1256);
#1256 = AXIS2_PLACEMENT_3D('',#1257,#1258,#1259);
#1257 = CARTESIAN_POINT('',(253.52676624843,-66.,188.57089072941));
#1258 = DIRECTION('',(-0.605741564427,0.,0.795661458866));
#1259 = DIRECTION('',(0.795661458866,0.,0.605741564427));
#1260 = DEFINITIONAL_REPRESENTATION('',(#1261),#1265);
#1261 = LINE('',#1262,#1263);
#1262 = CARTESIAN_POINT('',(0.,0.));
#1263 = VECTOR('',#1264,1.);
#1264 = DIRECTION('',(1.,0.));
#1265 = ( GEOMETRIC_REPRESENTATION_CONTEXT(2) 
PARAMETRIC_REPRESENTATION_CONTEXT() REPRESENTATION_CONTEXT('2D SPACE',''
  ) );
#1266 = ORIENTED_EDGE('',*,*,#1267,.F.);
#1267 = EDGE_CURVE('',#1179,#1240,#1268,.T.);
#1268 = SURFACE_CURVE('',#1269,(#1273,#1280),.PCURVE_S1.);
#1269 = LINE('',#1270,#1271);
#1270 = CARTESIAN_POINT('',(279.20382421881,-66.,177.9553976186));
#1271 = VECTOR('',#1272,1.);
#1272 = DIRECTION('',(-0.605741564427,0.,0.795661458866));
#1273 = PCURVE('',#1187,#1274);
#1274 = DEFINITIONAL_REPRESENTATION('',(#1275),#1279);
#1275 = LINE('',#1276,#1277);
#1276 = CARTESIAN_POINT('',(14.,0.));
#1277 = VECTOR('',#1278,1.);
#1278 = DIRECTION('',(0.,-1.));
#1279 = ( GEOMETRIC_REPRESENTATION_CONTEXT(2) 
PARAMETRIC_REPRESENTATION_CONTEXT() REPRESENTATION_CONTEXT('2D SPACE',''
  ) );
#1280 = PCURVE('',#1281,#1286);
#1281 = PLANE('',#1282);
#1282 = AXIS2_PLACEMENT_3D('',#1283,#1284,#1285);
#1283 = CARTESIAN_POINT('',(279.20382421881,-66.,177.9553976186));
#1284 = DIRECTION('',(0.795661458866,0.,0.605741564427));
#1285 = DIRECTION('',(-0.,1.,0.));
#1286 = DEFINITIONAL_REPRESENTATION('',(#1287),#1291);
#1287 = LINE('',#1288,#1289);
#1288 = CARTESIAN_POINT('',(0.,0.));
#1289 = VECTOR('',#1290,1.);
#1290 = DIRECTION('',(0.,1.));
#1291 = ( GEOMETRIC_REPRESENTATION_CONTEXT(2) 
PARAMETRIC_REPRESENTATION_CONTEXT() REPRESENTATION_CONTEXT('2D SPACE',''
  ) );
#1292 = ADVANCED_FACE('',(#1293),#1199,.F.);
#1293 = FACE_BOUND('',#1294,.F.);
#1294 = EDGE_LOOP('',(#1295,#1318,#1319,#1342));
#1295 = ORIENTED_EDGE('',*,*,#1296,.F.);
#1296 = EDGE_CURVE('',#1177,#1297,#1299,.T.);
#1297 = VERTEX_POINT('',#1298);
#1298 = CARTESIAN_POINT('',(268.06456379468,-48.,169.47501571662));
#1299 = SURFACE_CURVE('',#1300,(#1304,#1311),.PCURVE_S1.);
#1300 = LINE('',#1301,#1302);
#1301 = CARTESIAN_POINT('',(268.06456379468,-66.,169.47501571662));
#1302 = VECTOR('',#1303,1.);
#1303 = DIRECTION('',(-0.,1.,0.));
#1304 = PCURVE('',#1199,#1305);
#1305 = DEFINITIONAL_REPRESENTATION('',(#1306),#1310);
#1306 = LINE('',#1307,#1308);
#1307 = CARTESIAN_POINT('',(0.,0.));
#1308 = VECTOR('',#1309,1.);
#1309 = DIRECTION('',(0.,1.));
#1310 = ( GEOMETRIC_REPRESENTATION_CONTEXT(2) 
PARAMETRIC_REPRESENTATION_CONTEXT() REPRESENTATION_CONTEXT('2D SPACE',''
  ) );
#1311 = PCURVE('',#1227,#1312);
#1312 = DEFINITIONAL_REPRESENTATION('',(#1313),#1317);
#1313 = LINE('',#1314,#1315);
#1314 = CARTESIAN_POINT('',(0.,0.));
#1315 = VECTOR('',#1316,1.);
#1316 = DIRECTION('',(1.,0.));
#1317 = ( GEOMETRIC_REPRESENTATION_CONTEXT(2) 
PARAMETRIC_REPRESENTATION_CONTEXT() REPRESENTATION_CONTEXT('2D SPACE',''
  ) );
#1318 = ORIENTED_EDGE('',*,*,#1176,.T.);
#1319 = ORIENTED_EDGE('',*,*,#1320,.T.);
#1320 = EDGE_CURVE('',#1179,#1321,#1323,.T.);
#1321 = VERTEX_POINT('',#1322);
#1322 = CARTESIAN_POINT('',(279.20382421881,-48.,177.9553976186));
#1323 = SURFACE_CURVE('',#1324,(#1328,#1335),.PCURVE_S1.);
#1324 = LINE('',#1325,#1326);
#1325 = CARTESIAN_POINT('',(279.20382421881,-66.,177.9553976186));
#1326 = VECTOR('',#1327,1.);
#1327 = DIRECTION('',(-0.,1.,0.));
#1328 = PCURVE('',#1199,#1329);
#1329 = DEFINITIONAL_REPRESENTATION('',(#1330),#1334);
#1330 = LINE('',#1331,#1332);
#1331 = CARTESIAN_POINT('',(14.,0.));
#1332 = VECTOR('',#1333,1.);
#1333 = DIRECTION('',(0.,1.));
#1334 = ( GEOMETRIC_REPRESENTATION_CONTEXT(2) 
PARAMETRIC_REPRESENTATION_CONTEXT() REPRESENTATION_CONTEXT('2D SPACE',''
  ) );
#1335 = PCURVE('',#1281,#1336);
#1336 = DEFINITIONAL_REPRESENTATION('',(#1337),#1341);
#1337 = LINE('',#1338,#1339);
#1338 = CARTESIAN_POINT('',(0.,0.));
#1339 = VECTOR('',#1340,1.);
#1340 = DIRECTION('',(1.,0.));
#1341 = ( GEOMETRIC_REPRESENTATION_CONTEXT(2) 
PARAMETRIC_REPRESENTATION_CONTEXT() REPRESENTATION_CONTEXT('2D SPACE',''
  ) );
#1342 = ORIENTED_EDGE('',*,*,#1343,.T.);
#1343 = EDGE_CURVE('',#1321,#1297,#1344,.T.);
#1344 = SURFACE_CURVE('',#1345,(#1349,#1355),.PCURVE_S1.);
#1345 = LINE('',#1346,#1347);
#1346 = CARTESIAN_POINT('',(268.06456379468,-48.,169.47501571662));
#1347 = VECTOR('',#1348,1.);
#1348 = DIRECTION('',(-0.795661458866,0.,-0.605741564427));
#1349 = PCURVE('',#1199,#1350);
#1350 = DEFINITIONAL_REPRESENTATION('',(#1351),#1354);
#1351 = B_SPLINE_CURVE_WITH_KNOTS('',1,(#1352,#1353),.UNSPECIFIED.,.F.,
  .F.,(2,2),(-14.,0.),.PIECEWISE_BEZIER_KNOTS.);
#1352 = CARTESIAN_POINT('',(14.,18.));
#1353 = CARTESIAN_POINT('',(0.,18.));
#1354 = ( GEOMETRIC_REPRESENTATION_CONTEXT(2) 
PARAMETRIC_REPRESENTATION_CONTEXT() REPRESENTATION_CONTEXT('2D SPACE',''
  ) );
#1355 = PCURVE('',#1356,#1361);
#1356 = PLANE('',#1357);
#1357 = AXIS2_PLACEMENT_3D('',#1358,#1359,#1360);
#1358 = CARTESIAN_POINT('',(282.60236134094,-48.,150.37914070383));
#1359 = DIRECTION('',(-0.,1.,0.));
#1360 = DIRECTION('',(0.795661458866,0.,0.605741564427));
#1361 = DEFINITIONAL_REPRESENTATION('',(#1362),#1365);
#1362 = B_SPLINE_CURVE_WITH_KNOTS('',1,(#1363,#1364),.UNSPECIFIED.,.F.,
  .F.,(2,2),(-14.,0.),.PIECEWISE_BEZIER_KNOTS.);
#1363 = CARTESIAN_POINT('',(14.,-24.));
#1364 = CARTESIAN_POINT('',(5.329070518201E-15,-24.));
#1365 = ( GEOMETRIC_REPRESENTATION_CONTEXT(2) 
PARAMETRIC_REPRESENTATION_CONTEXT() REPRESENTATION_CONTEXT('2D SPACE',''
  ) );
#1366 = ADVANCED_FACE('',(#1367,#1644),#1281,.T.);
#1367 = FACE_BOUND('',#1368,.T.);
#1368 = EDGE_LOOP('',(#1369,#1392,#1393,#1394,#1417,#1445,#1473,#1501,
    #1534,#1562,#1590,#1618));
#1369 = ORIENTED_EDGE('',*,*,#1370,.F.);
#1370 = EDGE_CURVE('',#1240,#1371,#1373,.T.);
#1371 = VERTEX_POINT('',#1372);
#1372 = CARTESIAN_POINT('',(264.66602667255,-48.,197.05127263139));
#1373 = SURFACE_CURVE('',#1374,(#1378,#1385),.PCURVE_S1.);
#1374 = LINE('',#1375,#1376);
#1375 = CARTESIAN_POINT('',(264.66602667255,-66.,197.05127263139));
#1376 = VECTOR('',#1377,1.);
#1377 = DIRECTION('',(-0.,1.,0.));
#1378 = PCURVE('',#1281,#1379);
#1379 = DEFINITIONAL_REPRESENTATION('',(#1380),#1384);
#1380 = LINE('',#1381,#1382);
#1381 = CARTESIAN_POINT('',(0.,24.));
#1382 = VECTOR('',#1383,1.);
#1383 = DIRECTION('',(1.,0.));
#1384 = ( GEOMETRIC_REPRESENTATION_CONTEXT(2) 
PARAMETRIC_REPRESENTATION_CONTEXT() REPRESENTATION_CONTEXT('2D SPACE',''
  ) );
#1385 = PCURVE('',#1255,#1386);
#1386 = DEFINITIONAL_REPRESENTATION('',(#1387),#1391);
#1387 = LINE('',#1388,#1389);
#1388 = CARTESIAN_POINT('',(14.,0.));
#1389 = VECTOR('',#1390,1.);
#1390 = DIRECTION('',(0.,1.));
#1391 = ( GEOMETRIC_REPRESENTATION_CONTEXT(2) 
PARAMETRIC_REPRESENTATION_CONTEXT() REPRESENTATION_CONTEXT('2D SPACE',''
  ) );
#1392 = ORIENTED_EDGE('',*,*,#1267,.F.);
#1393 = ORIENTED_EDGE('',*,*,#1320,.T.);
#1394 = ORIENTED_EDGE('',*,*,#1395,.F.);
#1395 = EDGE_CURVE('',#1396,#1321,#1398,.T.);
#1396 = VERTEX_POINT('',#1397);
#1397 = CARTESIAN_POINT('',(293.74162176507,-48.,158.85952260581));
#1398 = SURFACE_CURVE('',#1399,(#1403,#1410),.PCURVE_S1.);
#1399 = LINE('',#1400,#1401);
#1400 = CARTESIAN_POINT('',(293.74162176507,-48.,158.85952260581));
#1401 = VECTOR('',#1402,1.);
#1402 = DIRECTION('',(-0.605741564427,0.,0.795661458866));
#1403 = PCURVE('',#1281,#1404);
#1404 = DEFINITIONAL_REPRESENTATION('',(#1405),#1409);
#1405 = LINE('',#1406,#1407);
#1406 = CARTESIAN_POINT('',(18.,-24.));
#1407 = VECTOR('',#1408,1.);
#1408 = DIRECTION('',(0.,1.));
#1409 = ( GEOMETRIC_REPRESENTATION_CONTEXT(2) 
PARAMETRIC_REPRESENTATION_CONTEXT() REPRESENTATION_CONTEXT('2D SPACE',''
  ) );
#1410 = PCURVE('',#1356,#1411);
#1411 = DEFINITIONAL_REPRESENTATION('',(#1412),#1416);
#1412 = LINE('',#1413,#1414);
#1413 = CARTESIAN_POINT('',(14.,0.));
#1414 = VECTOR('',#1415,1.);
#1415 = DIRECTION('',(0.,-1.));
#1416 = ( GEOMETRIC_REPRESENTATION_CONTEXT(2) 
PARAMETRIC_REPRESENTATION_CONTEXT() REPRESENTATION_CONTEXT('2D SPACE',''
  ) );
#1417 = ORIENTED_EDGE('',*,*,#1418,.T.);
#1418 = EDGE_CURVE('',#1396,#1419,#1421,.T.);
#1419 = VERTEX_POINT('',#1420);
#1420 = CARTESIAN_POINT('',(293.74162176507,-36.,158.85952260581));
#1421 = SURFACE_CURVE('',#1422,(#1426,#1433),.PCURVE_S1.);
#1422 = LINE('',#1423,#1424);
#1423 = CARTESIAN_POINT('',(293.74162176507,-48.,158.85952260581));
#1424 = VECTOR('',#1425,1.);
#1425 = DIRECTION('',(-0.,1.,0.));
#1426 = PCURVE('',#1281,#1427);
#1427 = DEFINITIONAL_REPRESENTATION('',(#1428),#1432);
#1428 = LINE('',#1429,#1430);
#1429 = CARTESIAN_POINT('',(18.,-24.));
#1430 = VECTOR('',#1431,1.);
#1431 = DIRECTION('',(1.,0.));
#1432 = ( GEOMETRIC_REPRESENTATION_CONTEXT(2) 
PARAMETRIC_REPRESENTATION_CONTEXT() REPRESENTATION_CONTEXT('2D SPACE',''
  ) );
#1433 = PCURVE('',#1434,#1439);
#1434 = PLANE('',#1435);
#1435 = AXIS2_PLACEMENT_3D('',#1436,#1437,#1438);
#1436 = CARTESIAN_POINT('',(282.60236134094,-48.,150.37914070383));
#1437 = DIRECTION('',(-0.605741564427,0.,0.795661458866));
#1438 = DIRECTION('',(0.795661458866,0.,0.605741564427));
#1439 = DEFINITIONAL_REPRESENTATION('',(#1440),#1444);
#1440 = LINE('',#1441,#1442);
#1441 = CARTESIAN_POINT('',(14.,0.));
#1442 = VECTOR('',#1443,1.);
#1443 = DIRECTION('',(0.,1.));
#1444 = ( GEOMETRIC_REPRESENTATION_CONTEXT(2) 
PARAMETRIC_REPRESENTATION_CONTEXT() REPRESENTATION_CONTEXT('2D SPACE',''
  ) );
#1445 = ORIENTED_EDGE('',*,*,#1446,.T.);
#1446 = EDGE_CURVE('',#1419,#1447,#1449,.T.);
#1447 = VERTEX_POINT('',#1448);
#1448 = CARTESIAN_POINT('',(279.20382421881,-36.,177.9553976186));
#1449 = SURFACE_CURVE('',#1450,(#1454,#1461),.PCURVE_S1.);
#1450 = LINE('',#1451,#1452);
#1451 = CARTESIAN_POINT('',(293.74162176507,-36.,158.85952260581));
#1452 = VECTOR('',#1453,1.);
#1453 = DIRECTION('',(-0.605741564427,0.,0.795661458866));
#1454 = PCURVE('',#1281,#1455);
#1455 = DEFINITIONAL_REPRESENTATION('',(#1456),#1460);
#1456 = LINE('',#1457,#1458);
#1457 = CARTESIAN_POINT('',(30.,-24.));
#1458 = VECTOR('',#1459,1.);
#1459 = DIRECTION('',(0.,1.));
#1460 = ( GEOMETRIC_REPRESENTATION_CONTEXT(2) 
PARAMETRIC_REPRESENTATION_CONTEXT() REPRESENTATION_CONTEXT('2D SPACE',''
  ) );
#1461 = PCURVE('',#1462,#1467);
#1462 = PLANE('',#1463);
#1463 = AXIS2_PLACEMENT_3D('',#1464,#1465,#1466);
#1464 = CARTESIAN_POINT('',(282.60236134094,-36.,150.37914070383));
#1465 = DIRECTION('',(-0.,1.,0.));
#1466 = DIRECTION('',(0.795661458866,0.,0.605741564427));
#1467 = DEFINITIONAL_REPRESENTATION('',(#1468),#1472);
#1468 = LINE('',#1469,#1470);
#1469 = CARTESIAN_POINT('',(14.,0.));
#1470 = VECTOR('',#1471,1.);
#1471 = DIRECTION('',(0.,-1.));
#1472 = ( GEOMETRIC_REPRESENTATION_CONTEXT(2) 
PARAMETRIC_REPRESENTATION_CONTEXT() REPRESENTATION_CONTEXT('2D SPACE',''
  ) );
#1473 = ORIENTED_EDGE('',*,*,#1474,.T.);
#1474 = EDGE_CURVE('',#1447,#1475,#1477,.T.);
#1475 = VERTEX_POINT('',#1476);
#1476 = CARTESIAN_POINT('',(279.20382421881,-27.05845524046,
    177.9553976186));
#1477 = SURFACE_CURVE('',#1478,(#1482,#1489),.PCURVE_S1.);
#1478 = LINE('',#1479,#1480);
#1479 = CARTESIAN_POINT('',(279.20382421881,-66.,177.9553976186));
#1480 = VECTOR('',#1481,1.);
#1481 = DIRECTION('',(-0.,1.,0.));
#1482 = PCURVE('',#1281,#1483);
#1483 = DEFINITIONAL_REPRESENTATION('',(#1484),#1488);
#1484 = LINE('',#1485,#1486);
#1485 = CARTESIAN_POINT('',(0.,0.));
#1486 = VECTOR('',#1487,1.);
#1487 = DIRECTION('',(1.,0.));
#1488 = ( GEOMETRIC_REPRESENTATION_CONTEXT(2) 
PARAMETRIC_REPRESENTATION_CONTEXT() REPRESENTATION_CONTEXT('2D SPACE',''
  ) );
#1489 = PCURVE('',#1490,#1495);
#1490 = PLANE('',#1491);
#1491 = AXIS2_PLACEMENT_3D('',#1492,#1493,#1494);
#1492 = CARTESIAN_POINT('',(268.06456379468,-66.,169.47501571662));
#1493 = DIRECTION('',(-0.605741564427,0.,0.795661458866));
#1494 = DIRECTION('',(0.795661458866,0.,0.605741564427));
#1495 = DEFINITIONAL_REPRESENTATION('',(#1496),#1500);
#1496 = LINE('',#1497,#1498);
#1497 = CARTESIAN_POINT('',(14.,0.));
#1498 = VECTOR('',#1499,1.);
#1499 = DIRECTION('',(0.,1.));
#1500 = ( GEOMETRIC_REPRESENTATION_CONTEXT(2) 
PARAMETRIC_REPRESENTATION_CONTEXT() REPRESENTATION_CONTEXT('2D SPACE',''
  ) );
#1501 = ORIENTED_EDGE('',*,*,#1502,.T.);
#1502 = EDGE_CURVE('',#1475,#1503,#1505,.T.);
#1503 = VERTEX_POINT('',#1504);
#1504 = CARTESIAN_POINT('',(264.66602667255,-27.05845524046,
    197.05127263139));
#1505 = SURFACE_CURVE('',#1506,(#1511,#1522),.PCURVE_S1.);
#1506 = CIRCLE('',#1507,29.6);
#1507 = AXIS2_PLACEMENT_3D('',#1508,#1509,#1510);
#1508 = CARTESIAN_POINT('',(271.93492544568,0.,187.503335125));
#1509 = DIRECTION('',(-0.795661458866,-0.,-0.605741564427));
#1510 = DIRECTION('',(0.605741564427,0.,-0.795661458866));
#1511 = PCURVE('',#1281,#1512);
#1512 = DEFINITIONAL_REPRESENTATION('',(#1513),#1521);
#1513 = ( BOUNDED_CURVE() B_SPLINE_CURVE(2,(#1514,#1515,#1516,#1517,
#1518,#1519,#1520),.UNSPECIFIED.,.T.,.F.) B_SPLINE_CURVE_WITH_KNOTS((1,2
    ,2,2,2,1),(-2.094395102393,0.,2.094395102393,4.188790204786,
6.28318530718,8.377580409573),.UNSPECIFIED.) CURVE() 
GEOMETRIC_REPRESENTATION_ITEM() RATIONAL_B_SPLINE_CURVE((1.,0.5,1.,0.5,
1.,0.5,1.)) REPRESENTATION_ITEM('') );
#1514 = CARTESIAN_POINT('',(66.,-17.6));
#1515 = CARTESIAN_POINT('',(14.731296095961,-17.6));
#1516 = CARTESIAN_POINT('',(40.365648047981,26.8));
#1517 = CARTESIAN_POINT('',(66.,71.2));
#1518 = CARTESIAN_POINT('',(91.634351952019,26.8));
#1519 = CARTESIAN_POINT('',(117.26870390403,-17.6));
#1520 = CARTESIAN_POINT('',(66.,-17.6));
#1521 = ( GEOMETRIC_REPRESENTATION_CONTEXT(2) 
PARAMETRIC_REPRESENTATION_CONTEXT() REPRESENTATION_CONTEXT('2D SPACE',''
  ) );
#1522 = PCURVE('',#1523,#1528);
#1523 = CYLINDRICAL_SURFACE('',#1524,29.6);
#1524 = AXIS2_PLACEMENT_3D('',#1525,#1526,#1527);
#1525 = CARTESIAN_POINT('',(255.22603480949,0.,174.78276227202));
#1526 = DIRECTION('',(-0.795661458866,-0.,-0.605741564427));
#1527 = DIRECTION('',(0.605741564427,0.,-0.795661458866));
#1528 = DEFINITIONAL_REPRESENTATION('',(#1529),#1533);
#1529 = LINE('',#1530,#1531);
#1530 = CARTESIAN_POINT('',(-6.28318530718,-21.));
#1531 = VECTOR('',#1532,1.);
#1532 = DIRECTION('',(1.,-0.));
#1533 = ( GEOMETRIC_REPRESENTATION_CONTEXT(2) 
PARAMETRIC_REPRESENTATION_CONTEXT() REPRESENTATION_CONTEXT('2D SPACE',''
  ) );
#1534 = ORIENTED_EDGE('',*,*,#1535,.F.);
#1535 = EDGE_CURVE('',#1536,#1503,#1538,.T.);
#1536 = VERTEX_POINT('',#1537);
#1537 = CARTESIAN_POINT('',(264.66602667255,-36.,197.05127263139));
#1538 = SURFACE_CURVE('',#1539,(#1543,#1550),.PCURVE_S1.);
#1539 = LINE('',#1540,#1541);
#1540 = CARTESIAN_POINT('',(264.66602667255,-66.,197.05127263139));
#1541 = VECTOR('',#1542,1.);
#1542 = DIRECTION('',(-0.,1.,0.));
#1543 = PCURVE('',#1281,#1544);
#1544 = DEFINITIONAL_REPRESENTATION('',(#1545),#1549);
#1545 = LINE('',#1546,#1547);
#1546 = CARTESIAN_POINT('',(0.,24.));
#1547 = VECTOR('',#1548,1.);
#1548 = DIRECTION('',(1.,0.));
#1549 = ( GEOMETRIC_REPRESENTATION_CONTEXT(2) 
PARAMETRIC_REPRESENTATION_CONTEXT() REPRESENTATION_CONTEXT('2D SPACE',''
  ) );
#1550 = PCURVE('',#1551,#1556);
#1551 = PLANE('',#1552);
#1552 = AXIS2_PLACEMENT_3D('',#1553,#1554,#1555);
#1553 = CARTESIAN_POINT('',(253.52676624843,-66.,188.57089072941));
#1554 = DIRECTION('',(-0.605741564427,0.,0.795661458866));
#1555 = DIRECTION('',(0.795661458866,0.,0.605741564427));
#1556 = DEFINITIONAL_REPRESENTATION('',(#1557),#1561);
#1557 = LINE('',#1558,#1559);
#1558 = CARTESIAN_POINT('',(14.,0.));
#1559 = VECTOR('',#1560,1.);
#1560 = DIRECTION('',(0.,1.));
#1561 = ( GEOMETRIC_REPRESENTATION_CONTEXT(2) 
PARAMETRIC_REPRESENTATION_CONTEXT() REPRESENTATION_CONTEXT('2D SPACE',''
  ) );
#1562 = ORIENTED_EDGE('',*,*,#1563,.T.);
#1563 = EDGE_CURVE('',#1536,#1564,#1566,.T.);
#1564 = VERTEX_POINT('',#1565);
#1565 = CARTESIAN_POINT('',(250.1282291263,-36.,216.14714764418));
#1566 = SURFACE_CURVE('',#1567,(#1571,#1578),.PCURVE_S1.);
#1567 = LINE('',#1568,#1569);
#1568 = CARTESIAN_POINT('',(293.74162176507,-36.,158.85952260581));
#1569 = VECTOR('',#1570,1.);
#1570 = DIRECTION('',(-0.605741564427,0.,0.795661458866));
#1571 = PCURVE('',#1281,#1572);
#1572 = DEFINITIONAL_REPRESENTATION('',(#1573),#1577);
#1573 = LINE('',#1574,#1575);
#1574 = CARTESIAN_POINT('',(30.,-24.));
#1575 = VECTOR('',#1576,1.);
#1576 = DIRECTION('',(0.,1.));
#1577 = ( GEOMETRIC_REPRESENTATION_CONTEXT(2) 
PARAMETRIC_REPRESENTATION_CONTEXT() REPRESENTATION_CONTEXT('2D SPACE',''
  ) );
#1578 = PCURVE('',#1579,#1584);
#1579 = PLANE('',#1580);
#1580 = AXIS2_PLACEMENT_3D('',#1581,#1582,#1583);
#1581 = CARTESIAN_POINT('',(282.60236134094,-36.,150.37914070383));
#1582 = DIRECTION('',(-0.,1.,0.));
#1583 = DIRECTION('',(0.795661458866,0.,0.605741564427));
#1584 = DEFINITIONAL_REPRESENTATION('',(#1585),#1589);
#1585 = LINE('',#1586,#1587);
#1586 = CARTESIAN_POINT('',(14.,0.));
#1587 = VECTOR('',#1588,1.);
#1588 = DIRECTION('',(0.,-1.));
#1589 = ( GEOMETRIC_REPRESENTATION_CONTEXT(2) 
PARAMETRIC_REPRESENTATION_CONTEXT() REPRESENTATION_CONTEXT('2D SPACE',''
  ) );
#1590 = ORIENTED_EDGE('',*,*,#1591,.F.);
#1591 = EDGE_CURVE('',#1592,#1564,#1594,.T.);
#1592 = VERTEX_POINT('',#1593);
#1593 = CARTESIAN_POINT('',(250.1282291263,-48.,216.14714764418));
#1594 = SURFACE_CURVE('',#1595,(#1599,#1606),.PCURVE_S1.);
#1595 = LINE('',#1596,#1597);
#1596 = CARTESIAN_POINT('',(250.1282291263,-48.,216.14714764418));
#1597 = VECTOR('',#1598,1.);
#1598 = DIRECTION('',(-0.,1.,0.));
#1599 = PCURVE('',#1281,#1600);
#1600 = DEFINITIONAL_REPRESENTATION('',(#1601),#1605);
#1601 = LINE('',#1602,#1603);
#1602 = CARTESIAN_POINT('',(18.,48.));
#1603 = VECTOR('',#1604,1.);
#1604 = DIRECTION('',(1.,0.));
#1605 = ( GEOMETRIC_REPRESENTATION_CONTEXT(2) 
PARAMETRIC_REPRESENTATION_CONTEXT() REPRESENTATION_CONTEXT('2D SPACE',''
  ) );
#1606 = PCURVE('',#1607,#1612);
#1607 = PLANE('',#1608);
#1608 = AXIS2_PLACEMENT_3D('',#1609,#1610,#1611);
#1609 = CARTESIAN_POINT('',(238.98896870217,-48.,207.6667657422));
#1610 = DIRECTION('',(-0.605741564427,0.,0.795661458866));
#1611 = DIRECTION('',(0.795661458866,0.,0.605741564427));
#1612 = DEFINITIONAL_REPRESENTATION('',(#1613),#1617);
#1613 = LINE('',#1614,#1615);
#1614 = CARTESIAN_POINT('',(14.,0.));
#1615 = VECTOR('',#1616,1.);
#1616 = DIRECTION('',(0.,1.));
#1617 = ( GEOMETRIC_REPRESENTATION_CONTEXT(2) 
PARAMETRIC_REPRESENTATION_CONTEXT() REPRESENTATION_CONTEXT('2D SPACE',''
  ) );
#1618 = ORIENTED_EDGE('',*,*,#1619,.F.);
#1619 = EDGE_CURVE('',#1371,#1592,#1620,.T.);
#1620 = SURFACE_CURVE('',#1621,(#1625,#1632),.PCURVE_S1.);
#1621 = LINE('',#1622,#1623);
#1622 = CARTESIAN_POINT('',(293.74162176507,-48.,158.85952260581));
#1623 = VECTOR('',#1624,1.);
#1624 = DIRECTION('',(-0.605741564427,0.,0.795661458866));
#1625 = PCURVE('',#1281,#1626);
#1626 = DEFINITIONAL_REPRESENTATION('',(#1627),#1631);
#1627 = LINE('',#1628,#1629);
#1628 = CARTESIAN_POINT('',(18.,-24.));
#1629 = VECTOR('',#1630,1.);
#1630 = DIRECTION('',(0.,1.));
#1631 = ( GEOMETRIC_REPRESENTATION_CONTEXT(2) 
PARAMETRIC_REPRESENTATION_CONTEXT() REPRESENTATION_CONTEXT('2D SPACE',''
  ) );
#1632 = PCURVE('',#1633,#1638);
#1633 = PLANE('',#1634);
#1634 = AXIS2_PLACEMENT_3D('',#1635,#1636,#1637);
#1635 = CARTESIAN_POINT('',(282.60236134094,-48.,150.37914070383));
#1636 = DIRECTION('',(-0.,1.,0.));
#1637 = DIRECTION('',(0.795661458866,0.,0.605741564427));
#1638 = DEFINITIONAL_REPRESENTATION('',(#1639),#1643);
#1639 = LINE('',#1640,#1641);
#1640 = CARTESIAN_POINT('',(14.,0.));
#1641 = VECTOR('',#1642,1.);
#1642 = DIRECTION('',(0.,-1.));
#1643 = ( GEOMETRIC_REPRESENTATION_CONTEXT(2) 
PARAMETRIC_REPRESENTATION_CONTEXT() REPRESENTATION_CONTEXT('2D SPACE',''
  ) );
#1644 = FACE_BOUND('',#1645,.T.);
#1645 = EDGE_LOOP('',(#1646));
#1646 = ORIENTED_EDGE('',*,*,#1647,.T.);
#1647 = EDGE_CURVE('',#1648,#1648,#1650,.T.);
#1648 = VERTEX_POINT('',#1649);
#1649 = CARTESIAN_POINT('',(275.69052314513,-52.,182.57023408003));
#1650 = SURFACE_CURVE('',#1651,(#1656,#1667),.PCURVE_S1.);
#1651 = CIRCLE('',#1652,6.2);
#1652 = AXIS2_PLACEMENT_3D('',#1653,#1654,#1655);
#1653 = CARTESIAN_POINT('',(271.93492544568,-52.,187.503335125));
#1654 = DIRECTION('',(-0.795661458866,-0.,-0.605741564427));
#1655 = DIRECTION('',(0.605741564427,0.,-0.795661458866));
#1656 = PCURVE('',#1281,#1657);
#1657 = DEFINITIONAL_REPRESENTATION('',(#1658),#1666);
#1658 = ( BOUNDED_CURVE() B_SPLINE_CURVE(2,(#1659,#1660,#1661,#1662,
#1663,#1664,#1665),.UNSPECIFIED.,.T.,.F.) B_SPLINE_CURVE_WITH_KNOTS((1,2
    ,2,2,2,1),(-2.094395102393,0.,2.094395102393,4.188790204786,
6.28318530718,8.377580409573),.UNSPECIFIED.) CURVE() 
GEOMETRIC_REPRESENTATION_ITEM() RATIONAL_B_SPLINE_CURVE((1.,0.5,1.,0.5,
1.,0.5,1.)) REPRESENTATION_ITEM('') );
#1659 = CARTESIAN_POINT('',(14.,5.8));
#1660 = CARTESIAN_POINT('',(3.261284993073,5.8));
#1661 = CARTESIAN_POINT('',(8.630642496536,15.1));
#1662 = CARTESIAN_POINT('',(14.,24.4));
#1663 = CARTESIAN_POINT('',(19.369357503464,15.1));
#1664 = CARTESIAN_POINT('',(24.738715006927,5.8));
#1665 = CARTESIAN_POINT('',(14.,5.8));
#1666 = ( GEOMETRIC_REPRESENTATION_CONTEXT(2) 
PARAMETRIC_REPRESENTATION_CONTEXT() REPRESENTATION_CONTEXT('2D SPACE',''
  ) );
#1667 = PCURVE('',#1668,#1673);
#1668 = CYLINDRICAL_SURFACE('',#1669,6.2);
#1669 = AXIS2_PLACEMENT_3D('',#1670,#1671,#1672);
#1670 = CARTESIAN_POINT('',(255.22603480949,-52.,174.78276227202));
#1671 = DIRECTION('',(-0.795661458866,-0.,-0.605741564427));
#1672 = DIRECTION('',(0.605741564427,0.,-0.795661458866));
#1673 = DEFINITIONAL_REPRESENTATION('',(#1674),#1678);
#1674 = LINE('',#1675,#1676);
#1675 = CARTESIAN_POINT('',(-6.28318530718,-21.));
#1676 = VECTOR('',#1677,1.);
#1677 = DIRECTION('',(1.,-0.));
#1678 = ( GEOMETRIC_REPRESENTATION_CONTEXT(2) 
PARAMETRIC_REPRESENTATION_CONTEXT() REPRESENTATION_CONTEXT('2D SPACE',''
  ) );
#1679 = ADVANCED_FACE('',(#1680),#1255,.T.);
#1680 = FACE_BOUND('',#1681,.T.);
#1681 = EDGE_LOOP('',(#1682,#1705,#1706,#1707));
#1682 = ORIENTED_EDGE('',*,*,#1683,.F.);
#1683 = EDGE_CURVE('',#1212,#1684,#1686,.T.);
#1684 = VERTEX_POINT('',#1685);
#1685 = CARTESIAN_POINT('',(253.52676624843,-48.,188.57089072941));
#1686 = SURFACE_CURVE('',#1687,(#1691,#1698),.PCURVE_S1.);
#1687 = LINE('',#1688,#1689);
#1688 = CARTESIAN_POINT('',(253.52676624843,-66.,188.57089072941));
#1689 = VECTOR('',#1690,1.);
#1690 = DIRECTION('',(-0.,1.,0.));
#1691 = PCURVE('',#1255,#1692);
#1692 = DEFINITIONAL_REPRESENTATION('',(#1693),#1697);
#1693 = LINE('',#1694,#1695);
#1694 = CARTESIAN_POINT('',(0.,0.));
#1695 = VECTOR('',#1696,1.);
#1696 = DIRECTION('',(0.,1.));
#1697 = ( GEOMETRIC_REPRESENTATION_CONTEXT(2) 
PARAMETRIC_REPRESENTATION_CONTEXT() REPRESENTATION_CONTEXT('2D SPACE',''
  ) );
#1698 = PCURVE('',#1227,#1699);
#1699 = DEFINITIONAL_REPRESENTATION('',(#1700),#1704);
#1700 = LINE('',#1701,#1702);
#1701 = CARTESIAN_POINT('',(0.,24.));
#1702 = VECTOR('',#1703,1.);
#1703 = DIRECTION('',(1.,0.));
#1704 = ( GEOMETRIC_REPRESENTATION_CONTEXT(2) 
PARAMETRIC_REPRESENTATION_CONTEXT() REPRESENTATION_CONTEXT('2D SPACE',''
  ) );
#1705 = ORIENTED_EDGE('',*,*,#1239,.T.);
#1706 = ORIENTED_EDGE('',*,*,#1370,.T.);
#1707 = ORIENTED_EDGE('',*,*,#1708,.T.);
#1708 = EDGE_CURVE('',#1371,#1684,#1709,.T.);
#1709 = SURFACE_CURVE('',#1710,(#1714,#1720),.PCURVE_S1.);
#1710 = LINE('',#1711,#1712);
#1711 = CARTESIAN_POINT('',(253.52676624843,-48.,188.57089072941));
#1712 = VECTOR('',#1713,1.);
#1713 = DIRECTION('',(-0.795661458866,0.,-0.605741564427));
#1714 = PCURVE('',#1255,#1715);
#1715 = DEFINITIONAL_REPRESENTATION('',(#1716),#1719);
#1716 = B_SPLINE_CURVE_WITH_KNOTS('',1,(#1717,#1718),.UNSPECIFIED.,.F.,
  .F.,(2,2),(-14.,-2.261405878887E-14),.PIECEWISE_BEZIER_KNOTS.);
#1717 = CARTESIAN_POINT('',(14.,18.));
#1718 = CARTESIAN_POINT('',(0.,18.));
#1719 = ( GEOMETRIC_REPRESENTATION_CONTEXT(2) 
PARAMETRIC_REPRESENTATION_CONTEXT() REPRESENTATION_CONTEXT('2D SPACE',''
  ) );
#1720 = PCURVE('',#1633,#1721);
#1721 = DEFINITIONAL_REPRESENTATION('',(#1722),#1725);
#1722 = B_SPLINE_CURVE_WITH_KNOTS('',1,(#1723,#1724),.UNSPECIFIED.,.F.,
  .F.,(2,2),(-14.,-2.261405878887E-14),.PIECEWISE_BEZIER_KNOTS.);
#1723 = CARTESIAN_POINT('',(14.,-48.));
#1724 = CARTESIAN_POINT('',(1.550863143127E-14,-48.));
#1725 = ( GEOMETRIC_REPRESENTATION_CONTEXT(2) 
PARAMETRIC_REPRESENTATION_CONTEXT() REPRESENTATION_CONTEXT('2D SPACE',''
  ) );
#1726 = ADVANCED_FACE('',(#1727,#1942),#1227,.F.);
#1727 = FACE_BOUND('',#1728,.F.);
#1728 = EDGE_LOOP('',(#1729,#1730,#1731,#1732,#1755,#1778,#1801,#1824,
    #1852,#1875,#1898,#1921));
#1729 = ORIENTED_EDGE('',*,*,#1683,.F.);
#1730 = ORIENTED_EDGE('',*,*,#1211,.F.);
#1731 = ORIENTED_EDGE('',*,*,#1296,.T.);
#1732 = ORIENTED_EDGE('',*,*,#1733,.F.);
#1733 = EDGE_CURVE('',#1734,#1297,#1736,.T.);
#1734 = VERTEX_POINT('',#1735);
#1735 = CARTESIAN_POINT('',(282.60236134094,-48.,150.37914070383));
#1736 = SURFACE_CURVE('',#1737,(#1741,#1748),.PCURVE_S1.);
#1737 = LINE('',#1738,#1739);
#1738 = CARTESIAN_POINT('',(282.60236134094,-48.,150.37914070383));
#1739 = VECTOR('',#1740,1.);
#1740 = DIRECTION('',(-0.605741564427,0.,0.795661458866));
#1741 = PCURVE('',#1227,#1742);
#1742 = DEFINITIONAL_REPRESENTATION('',(#1743),#1747);
#1743 = LINE('',#1744,#1745);
#1744 = CARTESIAN_POINT('',(18.,-24.));
#1745 = VECTOR('',#1746,1.);
#1746 = DIRECTION('',(0.,1.));
#1747 = ( GEOMETRIC_REPRESENTATION_CONTEXT(2) 
PARAMETRIC_REPRESENTATION_CONTEXT() REPRESENTATION_CONTEXT('2D SPACE',''
  ) );
#1748 = PCURVE('',#1356,#1749);
#1749 = DEFINITIONAL_REPRESENTATION('',(#1750),#1754);
#1750 = LINE('',#1751,#1752);
#1751 = CARTESIAN_POINT('',(0.,0.));
#1752 = VECTOR('',#1753,1.);
#1753 = DIRECTION('',(0.,-1.));
#1754 = ( GEOMETRIC_REPRESENTATION_CONTEXT(2) 
PARAMETRIC_REPRESENTATION_CONTEXT() REPRESENTATION_CONTEXT('2D SPACE',''
  ) );
#1755 = ORIENTED_EDGE('',*,*,#1756,.T.);
#1756 = EDGE_CURVE('',#1734,#1757,#1759,.T.);
#1757 = VERTEX_POINT('',#1758);
#1758 = CARTESIAN_POINT('',(282.60236134094,-36.,150.37914070383));
#1759 = SURFACE_CURVE('',#1760,(#1764,#1771),.PCURVE_S1.);
#1760 = LINE('',#1761,#1762);
#1761 = CARTESIAN_POINT('',(282.60236134094,-48.,150.37914070383));
#1762 = VECTOR('',#1763,1.);
#1763 = DIRECTION('',(-0.,1.,0.));
#1764 = PCURVE('',#1227,#1765);
#1765 = DEFINITIONAL_REPRESENTATION('',(#1766),#1770);
#1766 = LINE('',#1767,#1768);
#1767 = CARTESIAN_POINT('',(18.,-24.));
#1768 = VECTOR('',#1769,1.);
#1769 = DIRECTION('',(1.,0.));
#1770 = ( GEOMETRIC_REPRESENTATION_CONTEXT(2) 
PARAMETRIC_REPRESENTATION_CONTEXT() REPRESENTATION_CONTEXT('2D SPACE',''
  ) );
#1771 = PCURVE('',#1434,#1772);
#1772 = DEFINITIONAL_REPRESENTATION('',(#1773),#1777);
#1773 = LINE('',#1774,#1775);
#1774 = CARTESIAN_POINT('',(0.,0.));
#1775 = VECTOR('',#1776,1.);
#1776 = DIRECTION('',(0.,1.));
#1777 = ( GEOMETRIC_REPRESENTATION_CONTEXT(2) 
PARAMETRIC_REPRESENTATION_CONTEXT() REPRESENTATION_CONTEXT('2D SPACE',''
  ) );
#1778 = ORIENTED_EDGE('',*,*,#1779,.T.);
#1779 = EDGE_CURVE('',#1757,#1780,#1782,.T.);
#1780 = VERTEX_POINT('',#1781);
#1781 = CARTESIAN_POINT('',(268.06456379468,-36.,169.47501571662));
#1782 = SURFACE_CURVE('',#1783,(#1787,#1794),.PCURVE_S1.);
#1783 = LINE('',#1784,#1785);
#1784 = CARTESIAN_POINT('',(282.60236134094,-36.,150.37914070383));
#1785 = VECTOR('',#1786,1.);
#1786 = DIRECTION('',(-0.605741564427,0.,0.795661458866));
#1787 = PCURVE('',#1227,#1788);
#1788 = DEFINITIONAL_REPRESENTATION('',(#1789),#1793);
#1789 = LINE('',#1790,#1791);
#1790 = CARTESIAN_POINT('',(30.,-24.));
#1791 = VECTOR('',#1792,1.);
#1792 = DIRECTION('',(0.,1.));
#1793 = ( GEOMETRIC_REPRESENTATION_CONTEXT(2) 
PARAMETRIC_REPRESENTATION_CONTEXT() REPRESENTATION_CONTEXT('2D SPACE',''
  ) );
#1794 = PCURVE('',#1462,#1795);
#1795 = DEFINITIONAL_REPRESENTATION('',(#1796),#1800);
#1796 = LINE('',#1797,#1798);
#1797 = CARTESIAN_POINT('',(0.,0.));
#1798 = VECTOR('',#1799,1.);
#1799 = DIRECTION('',(0.,-1.));
#1800 = ( GEOMETRIC_REPRESENTATION_CONTEXT(2) 
PARAMETRIC_REPRESENTATION_CONTEXT() REPRESENTATION_CONTEXT('2D SPACE',''
  ) );
#1801 = ORIENTED_EDGE('',*,*,#1802,.T.);
#1802 = EDGE_CURVE('',#1780,#1803,#1805,.T.);
#1803 = VERTEX_POINT('',#1804);
#1804 = CARTESIAN_POINT('',(268.06456379468,-27.05845524046,
    169.47501571662));
#1805 = SURFACE_CURVE('',#1806,(#1810,#1817),.PCURVE_S1.);
#1806 = LINE('',#1807,#1808);
#1807 = CARTESIAN_POINT('',(268.06456379468,-66.,169.47501571662));
#1808 = VECTOR('',#1809,1.);
#1809 = DIRECTION('',(-0.,1.,0.));
#1810 = PCURVE('',#1227,#1811);
#1811 = DEFINITIONAL_REPRESENTATION('',(#1812),#1816);
#1812 = LINE('',#1813,#1814);
#1813 = CARTESIAN_POINT('',(0.,0.));
#1814 = VECTOR('',#1815,1.);
#1815 = DIRECTION('',(1.,0.));
#1816 = ( GEOMETRIC_REPRESENTATION_CONTEXT(2) 
PARAMETRIC_REPRESENTATION_CONTEXT() REPRESENTATION_CONTEXT('2D SPACE',''
  ) );
#1817 = PCURVE('',#1490,#1818);
#1818 = DEFINITIONAL_REPRESENTATION('',(#1819),#1823);
#1819 = LINE('',#1820,#1821);
#1820 = CARTESIAN_POINT('',(0.,0.));
#1821 = VECTOR('',#1822,1.);
#1822 = DIRECTION('',(0.,1.));
#1823 = ( GEOMETRIC_REPRESENTATION_CONTEXT(2) 
PARAMETRIC_REPRESENTATION_CONTEXT() REPRESENTATION_CONTEXT('2D SPACE',''
  ) );
#1824 = ORIENTED_EDGE('',*,*,#1825,.T.);
#1825 = EDGE_CURVE('',#1803,#1826,#1828,.T.);
#1826 = VERTEX_POINT('',#1827);
#1827 = CARTESIAN_POINT('',(253.52676624843,-27.05845524046,
    188.57089072941));
#1828 = SURFACE_CURVE('',#1829,(#1834,#1845),.PCURVE_S1.);
#1829 = CIRCLE('',#1830,29.6);
#1830 = AXIS2_PLACEMENT_3D('',#1831,#1832,#1833);
#1831 = CARTESIAN_POINT('',(260.79566502155,0.,179.02295322302));
#1832 = DIRECTION('',(-0.795661458866,-0.,-0.605741564427));
#1833 = DIRECTION('',(0.605741564427,0.,-0.795661458866));
#1834 = PCURVE('',#1227,#1835);
#1835 = DEFINITIONAL_REPRESENTATION('',(#1836),#1844);
#1836 = ( BOUNDED_CURVE() B_SPLINE_CURVE(2,(#1837,#1838,#1839,#1840,
#1841,#1842,#1843),.UNSPECIFIED.,.T.,.F.) B_SPLINE_CURVE_WITH_KNOTS((1,2
    ,2,2,2,1),(-2.094395102393,0.,2.094395102393,4.188790204786,
6.28318530718,8.377580409573),.UNSPECIFIED.) CURVE() 
GEOMETRIC_REPRESENTATION_ITEM() RATIONAL_B_SPLINE_CURVE((1.,0.5,1.,0.5,
1.,0.5,1.)) REPRESENTATION_ITEM('') );
#1837 = CARTESIAN_POINT('',(66.,-17.6));
#1838 = CARTESIAN_POINT('',(14.731296095961,-17.6));
#1839 = CARTESIAN_POINT('',(40.365648047981,26.8));
#1840 = CARTESIAN_POINT('',(66.,71.2));
#1841 = CARTESIAN_POINT('',(91.634351952019,26.8));
#1842 = CARTESIAN_POINT('',(117.26870390403,-17.6));
#1843 = CARTESIAN_POINT('',(66.,-17.6));
#1844 = ( GEOMETRIC_REPRESENTATION_CONTEXT(2) 
PARAMETRIC_REPRESENTATION_CONTEXT() REPRESENTATION_CONTEXT('2D SPACE',''
  ) );
#1845 = PCURVE('',#1523,#1846);
#1846 = DEFINITIONAL_REPRESENTATION('',(#1847),#1851);
#1847 = LINE('',#1848,#1849);
#1848 = CARTESIAN_POINT('',(-6.28318530718,-7.));
#1849 = VECTOR('',#1850,1.);
#1850 = DIRECTION('',(1.,-0.));
#1851 = ( GEOMETRIC_REPRESENTATION_CONTEXT(2) 
PARAMETRIC_REPRESENTATION_CONTEXT() REPRESENTATION_CONTEXT('2D SPACE',''
  ) );
#1852 = ORIENTED_EDGE('',*,*,#1853,.F.);
#1853 = EDGE_CURVE('',#1854,#1826,#1856,.T.);
#1854 = VERTEX_POINT('',#1855);
#1855 = CARTESIAN_POINT('',(253.52676624843,-36.,188.57089072941));
#1856 = SURFACE_CURVE('',#1857,(#1861,#1868),.PCURVE_S1.);
#1857 = LINE('',#1858,#1859);
#1858 = CARTESIAN_POINT('',(253.52676624843,-66.,188.57089072941));
#1859 = VECTOR('',#1860,1.);
#1860 = DIRECTION('',(-0.,1.,0.));
#1861 = PCURVE('',#1227,#1862);
#1862 = DEFINITIONAL_REPRESENTATION('',(#1863),#1867);
#1863 = LINE('',#1864,#1865);
#1864 = CARTESIAN_POINT('',(0.,24.));
#1865 = VECTOR('',#1866,1.);
#1866 = DIRECTION('',(1.,0.));
#1867 = ( GEOMETRIC_REPRESENTATION_CONTEXT(2) 
PARAMETRIC_REPRESENTATION_CONTEXT() REPRESENTATION_CONTEXT('2D SPACE',''
  ) );
#1868 = PCURVE('',#1551,#1869);
#1869 = DEFINITIONAL_REPRESENTATION('',(#1870),#1874);
#1870 = LINE('',#1871,#1872);
#1871 = CARTESIAN_POINT('',(0.,0.));
#1872 = VECTOR('',#1873,1.);
#1873 = DIRECTION('',(0.,1.));
#1874 = ( GEOMETRIC_REPRESENTATION_CONTEXT(2) 
PARAMETRIC_REPRESENTATION_CONTEXT() REPRESENTATION_CONTEXT('2D SPACE',''
  ) );
#1875 = ORIENTED_EDGE('',*,*,#1876,.T.);
#1876 = EDGE_CURVE('',#1854,#1877,#1879,.T.);
#1877 = VERTEX_POINT('',#1878);
#1878 = CARTESIAN_POINT('',(238.98896870217,-36.,207.6667657422));
#1879 = SURFACE_CURVE('',#1880,(#1884,#1891),.PCURVE_S1.);
#1880 = LINE('',#1881,#1882);
#1881 = CARTESIAN_POINT('',(282.60236134094,-36.,150.37914070383));
#1882 = VECTOR('',#1883,1.);
#1883 = DIRECTION('',(-0.605741564427,0.,0.795661458866));
#1884 = PCURVE('',#1227,#1885);
#1885 = DEFINITIONAL_REPRESENTATION('',(#1886),#1890);
#1886 = LINE('',#1887,#1888);
#1887 = CARTESIAN_POINT('',(30.,-24.));
#1888 = VECTOR('',#1889,1.);
#1889 = DIRECTION('',(0.,1.));
#1890 = ( GEOMETRIC_REPRESENTATION_CONTEXT(2) 
PARAMETRIC_REPRESENTATION_CONTEXT() REPRESENTATION_CONTEXT('2D SPACE',''
  ) );
#1891 = PCURVE('',#1579,#1892);
#1892 = DEFINITIONAL_REPRESENTATION('',(#1893),#1897);
#1893 = LINE('',#1894,#1895);
#1894 = CARTESIAN_POINT('',(0.,0.));
#1895 = VECTOR('',#1896,1.);
#1896 = DIRECTION('',(0.,-1.));
#1897 = ( GEOMETRIC_REPRESENTATION_CONTEXT(2) 
PARAMETRIC_REPRESENTATION_CONTEXT() REPRESENTATION_CONTEXT('2D SPACE',''
  ) );
#1898 = ORIENTED_EDGE('',*,*,#1899,.F.);
#1899 = EDGE_CURVE('',#1900,#1877,#1902,.T.);
#1900 = VERTEX_POINT('',#1901);
#1901 = CARTESIAN_POINT('',(238.98896870217,-48.,207.6667657422));
#1902 = SURFACE_CURVE('',#1903,(#1907,#1914),.PCURVE_S1.);
#1903 = LINE('',#1904,#1905);
#1904 = CARTESIAN_POINT('',(238.98896870217,-48.,207.6667657422));
#1905 = VECTOR('',#1906,1.);
#1906 = DIRECTION('',(-0.,1.,0.));
#1907 = PCURVE('',#1227,#1908);
#1908 = DEFINITIONAL_REPRESENTATION('',(#1909),#1913);
#1909 = LINE('',#1910,#1911);
#1910 = CARTESIAN_POINT('',(18.,48.));
#1911 = VECTOR('',#1912,1.);
#1912 = DIRECTION('',(1.,0.));
#1913 = ( GEOMETRIC_REPRESENTATION_CONTEXT(2) 
PARAMETRIC_REPRESENTATION_CONTEXT() REPRESENTATION_CONTEXT('2D SPACE',''
  ) );
#1914 = PCURVE('',#1607,#1915);
#1915 = DEFINITIONAL_REPRESENTATION('',(#1916),#1920);
#1916 = LINE('',#1917,#1918);
#1917 = CARTESIAN_POINT('',(0.,0.));
#1918 = VECTOR('',#1919,1.);
#1919 = DIRECTION('',(0.,1.));
#1920 = ( GEOMETRIC_REPRESENTATION_CONTEXT(2) 
PARAMETRIC_REPRESENTATION_CONTEXT() REPRESENTATION_CONTEXT('2D SPACE',''
  ) );
#1921 = ORIENTED_EDGE('',*,*,#1922,.F.);
#1922 = EDGE_CURVE('',#1684,#1900,#1923,.T.);
#1923 = SURFACE_CURVE('',#1924,(#1928,#1935),.PCURVE_S1.);
#1924 = LINE('',#1925,#1926);
#1925 = CARTESIAN_POINT('',(282.60236134094,-48.,150.37914070383));
#1926 = VECTOR('',#1927,1.);
#1927 = DIRECTION('',(-0.605741564427,0.,0.795661458866));
#1928 = PCURVE('',#1227,#1929);
#1929 = DEFINITIONAL_REPRESENTATION('',(#1930),#1934);
#1930 = LINE('',#1931,#1932);
#1931 = CARTESIAN_POINT('',(18.,-24.));
#1932 = VECTOR('',#1933,1.);
#1933 = DIRECTION('',(0.,1.));
#1934 = ( GEOMETRIC_REPRESENTATION_CONTEXT(2) 
PARAMETRIC_REPRESENTATION_CONTEXT() REPRESENTATION_CONTEXT('2D SPACE',''
  ) );
#1935 = PCURVE('',#1633,#1936);
#1936 = DEFINITIONAL_REPRESENTATION('',(#1937),#1941);
#1937 = LINE('',#1938,#1939);
#1938 = CARTESIAN_POINT('',(0.,0.));
#1939 = VECTOR('',#1940,1.);
#1940 = DIRECTION('',(0.,-1.));
#1941 = ( GEOMETRIC_REPRESENTATION_CONTEXT(2) 
PARAMETRIC_REPRESENTATION_CONTEXT() REPRESENTATION_CONTEXT('2D SPACE',''
  ) );
#1942 = FACE_BOUND('',#1943,.F.);
#1943 = EDGE_LOOP('',(#1944));
#1944 = ORIENTED_EDGE('',*,*,#1945,.T.);
#1945 = EDGE_CURVE('',#1946,#1946,#1948,.T.);
#1946 = VERTEX_POINT('',#1947);
#1947 = CARTESIAN_POINT('',(264.551262721,-52.,174.08985217805));
#1948 = SURFACE_CURVE('',#1949,(#1954,#1965),.PCURVE_S1.);
#1949 = CIRCLE('',#1950,6.2);
#1950 = AXIS2_PLACEMENT_3D('',#1951,#1952,#1953);
#1951 = CARTESIAN_POINT('',(260.79566502155,-52.,179.02295322302));
#1952 = DIRECTION('',(-0.795661458866,-0.,-0.605741564427));
#1953 = DIRECTION('',(0.605741564427,0.,-0.795661458866));
#1954 = PCURVE('',#1227,#1955);
#1955 = DEFINITIONAL_REPRESENTATION('',(#1956),#1964);
#1956 = ( BOUNDED_CURVE() B_SPLINE_CURVE(2,(#1957,#1958,#1959,#1960,
#1961,#1962,#1963),.UNSPECIFIED.,.T.,.F.) B_SPLINE_CURVE_WITH_KNOTS((1,2
    ,2,2,2,1),(-2.094395102393,0.,2.094395102393,4.188790204786,
6.28318530718,8.377580409573),.UNSPECIFIED.) CURVE() 
GEOMETRIC_REPRESENTATION_ITEM() RATIONAL_B_SPLINE_CURVE((1.,0.5,1.,0.5,
1.,0.5,1.)) REPRESENTATION_ITEM('') );
#1957 = CARTESIAN_POINT('',(14.,5.8));
#1958 = CARTESIAN_POINT('',(3.261284993073,5.8));
#1959 = CARTESIAN_POINT('',(8.630642496536,15.1));
#1960 = CARTESIAN_POINT('',(14.,24.4));
#1961 = CARTESIAN_POINT('',(19.369357503464,15.1));
#1962 = CARTESIAN_POINT('',(24.738715006927,5.8));
#1963 = CARTESIAN_POINT('',(14.,5.8));
#1964 = ( GEOMETRIC_REPRESENTATION_CONTEXT(2) 
PARAMETRIC_REPRESENTATION_CONTEXT() REPRESENTATION_CONTEXT('2D SPACE',''
  ) );
#1965 = PCURVE('',#1668,#1966);
#1966 = DEFINITIONAL_REPRESENTATION('',(#1967),#1971);
#1967 = LINE('',#1968,#1969);
#1968 = CARTESIAN_POINT('',(-6.28318530718,-7.));
#1969 = VECTOR('',#1970,1.);
#1970 = DIRECTION('',(1.,-0.));
#1971 = ( GEOMETRIC_REPRESENTATION_CONTEXT(2) 
PARAMETRIC_REPRESENTATION_CONTEXT() REPRESENTATION_CONTEXT('2D SPACE',''
  ) );
#1972 = ADVANCED_FACE('',(#1973),#1356,.F.);
#1973 = FACE_BOUND('',#1974,.F.);
#1974 = EDGE_LOOP('',(#1975,#1976,#1997,#1998));
#1975 = ORIENTED_EDGE('',*,*,#1395,.F.);
#1976 = ORIENTED_EDGE('',*,*,#1977,.F.);
#1977 = EDGE_CURVE('',#1734,#1396,#1978,.T.);
#1978 = SURFACE_CURVE('',#1979,(#1983,#1990),.PCURVE_S1.);
#1979 = LINE('',#1980,#1981);
#1980 = CARTESIAN_POINT('',(282.60236134094,-48.,150.37914070383));
#1981 = VECTOR('',#1982,1.);
#1982 = DIRECTION('',(0.795661458866,0.,0.605741564427));
#1983 = PCURVE('',#1356,#1984);
#1984 = DEFINITIONAL_REPRESENTATION('',(#1985),#1989);
#1985 = LINE('',#1986,#1987);
#1986 = CARTESIAN_POINT('',(0.,0.));
#1987 = VECTOR('',#1988,1.);
#1988 = DIRECTION('',(1.,0.));
#1989 = ( GEOMETRIC_REPRESENTATION_CONTEXT(2) 
PARAMETRIC_REPRESENTATION_CONTEXT() REPRESENTATION_CONTEXT('2D SPACE',''
  ) );
#1990 = PCURVE('',#1434,#1991);
#1991 = DEFINITIONAL_REPRESENTATION('',(#1992),#1996);
#1992 = LINE('',#1993,#1994);
#1993 = CARTESIAN_POINT('',(0.,0.));
#1994 = VECTOR('',#1995,1.);
#1995 = DIRECTION('',(1.,0.));
#1996 = ( GEOMETRIC_REPRESENTATION_CONTEXT(2) 
PARAMETRIC_REPRESENTATION_CONTEXT() REPRESENTATION_CONTEXT('2D SPACE',''
  ) );
#1997 = ORIENTED_EDGE('',*,*,#1733,.T.);
#1998 = ORIENTED_EDGE('',*,*,#1343,.F.);
#1999 = ADVANCED_FACE('',(#2000),#1633,.F.);
#2000 = FACE_BOUND('',#2001,.F.);
#2001 = EDGE_LOOP('',(#2002,#2003,#2004,#2005));
#2002 = ORIENTED_EDGE('',*,*,#1619,.F.);
#2003 = ORIENTED_EDGE('',*,*,#1708,.T.);
#2004 = ORIENTED_EDGE('',*,*,#1922,.T.);
#2005 = ORIENTED_EDGE('',*,*,#2006,.T.);
#2006 = EDGE_CURVE('',#1900,#1592,#2007,.T.);
#2007 = SURFACE_CURVE('',#2008,(#2012,#2019),.PCURVE_S1.);
#2008 = LINE('',#2009,#2010);
#2009 = CARTESIAN_POINT('',(238.98896870217,-48.,207.6667657422));
#2010 = VECTOR('',#2011,1.);
#2011 = DIRECTION('',(0.795661458866,0.,0.605741564427));
#2012 = PCURVE('',#1633,#2013);
#2013 = DEFINITIONAL_REPRESENTATION('',(#2014),#2018);
#2014 = LINE('',#2015,#2016);
#2015 = CARTESIAN_POINT('',(0.,-72.));
#2016 = VECTOR('',#2017,1.);
#2017 = DIRECTION('',(1.,0.));
#2018 = ( GEOMETRIC_REPRESENTATION_CONTEXT(2) 
PARAMETRIC_REPRESENTATION_CONTEXT() REPRESENTATION_CONTEXT('2D SPACE',''
  ) );
#2019 = PCURVE('',#1607,#2020);
#2020 = DEFINITIONAL_REPRESENTATION('',(#2021),#2025);
#2021 = LINE('',#2022,#2023);
#2022 = CARTESIAN_POINT('',(0.,0.));
#2023 = VECTOR('',#2024,1.);
#2024 = DIRECTION('',(1.,0.));
#2025 = ( GEOMETRIC_REPRESENTATION_CONTEXT(2) 
PARAMETRIC_REPRESENTATION_CONTEXT() REPRESENTATION_CONTEXT('2D SPACE',''
  ) );
#2026 = ADVANCED_FACE('',(#2027),#1607,.T.);
#2027 = FACE_BOUND('',#2028,.T.);
#2028 = EDGE_LOOP('',(#2029,#2030,#2031,#2032));
#2029 = ORIENTED_EDGE('',*,*,#1899,.F.);
#2030 = ORIENTED_EDGE('',*,*,#2006,.T.);
#2031 = ORIENTED_EDGE('',*,*,#1591,.T.);
#2032 = ORIENTED_EDGE('',*,*,#2033,.F.);
#2033 = EDGE_CURVE('',#1877,#1564,#2034,.T.);
#2034 = SURFACE_CURVE('',#2035,(#2039,#2046),.PCURVE_S1.);
#2035 = LINE('',#2036,#2037);
#2036 = CARTESIAN_POINT('',(238.98896870217,-36.,207.6667657422));
#2037 = VECTOR('',#2038,1.);
#2038 = DIRECTION('',(0.795661458866,0.,0.605741564427));
#2039 = PCURVE('',#1607,#2040);
#2040 = DEFINITIONAL_REPRESENTATION('',(#2041),#2045);
#2041 = LINE('',#2042,#2043);
#2042 = CARTESIAN_POINT('',(0.,12.));
#2043 = VECTOR('',#2044,1.);
#2044 = DIRECTION('',(1.,0.));
#2045 = ( GEOMETRIC_REPRESENTATION_CONTEXT(2) 
PARAMETRIC_REPRESENTATION_CONTEXT() REPRESENTATION_CONTEXT('2D SPACE',''
  ) );
#2046 = PCURVE('',#1579,#2047);
#2047 = DEFINITIONAL_REPRESENTATION('',(#2048),#2052);
#2048 = LINE('',#2049,#2050);
#2049 = CARTESIAN_POINT('',(0.,-72.));
#2050 = VECTOR('',#2051,1.);
#2051 = DIRECTION('',(1.,0.));
#2052 = ( GEOMETRIC_REPRESENTATION_CONTEXT(2) 
PARAMETRIC_REPRESENTATION_CONTEXT() REPRESENTATION_CONTEXT('2D SPACE',''
  ) );
#2053 = ADVANCED_FACE('',(#2054),#1579,.T.);
#2054 = FACE_BOUND('',#2055,.T.);
#2055 = EDGE_LOOP('',(#2056,#2057,#2076,#2077));
#2056 = ORIENTED_EDGE('',*,*,#1563,.F.);
#2057 = ORIENTED_EDGE('',*,*,#2058,.T.);
#2058 = EDGE_CURVE('',#1536,#1854,#2059,.T.);
#2059 = SURFACE_CURVE('',#2060,(#2064,#2070),.PCURVE_S1.);
#2060 = LINE('',#2061,#2062);
#2061 = CARTESIAN_POINT('',(253.52676624843,-36.,188.57089072941));
#2062 = VECTOR('',#2063,1.);
#2063 = DIRECTION('',(-0.795661458866,0.,-0.605741564427));
#2064 = PCURVE('',#1579,#2065);
#2065 = DEFINITIONAL_REPRESENTATION('',(#2066),#2069);
#2066 = B_SPLINE_CURVE_WITH_KNOTS('',1,(#2067,#2068),.UNSPECIFIED.,.F.,
  .F.,(2,2),(-14.,-2.261405878887E-14),.PIECEWISE_BEZIER_KNOTS.);
#2067 = CARTESIAN_POINT('',(14.,-48.));
#2068 = CARTESIAN_POINT('',(1.550863143127E-14,-48.));
#2069 = ( GEOMETRIC_REPRESENTATION_CONTEXT(2) 
PARAMETRIC_REPRESENTATION_CONTEXT() REPRESENTATION_CONTEXT('2D SPACE',''
  ) );
#2070 = PCURVE('',#1551,#2071);
#2071 = DEFINITIONAL_REPRESENTATION('',(#2072),#2075);
#2072 = B_SPLINE_CURVE_WITH_KNOTS('',1,(#2073,#2074),.UNSPECIFIED.,.F.,
  .F.,(2,2),(-14.,-2.261405878887E-14),.PIECEWISE_BEZIER_KNOTS.);
#2073 = CARTESIAN_POINT('',(14.,30.));
#2074 = CARTESIAN_POINT('',(0.,30.));
#2075 = ( GEOMETRIC_REPRESENTATION_CONTEXT(2) 
PARAMETRIC_REPRESENTATION_CONTEXT() REPRESENTATION_CONTEXT('2D SPACE',''
  ) );
#2076 = ORIENTED_EDGE('',*,*,#1876,.T.);
#2077 = ORIENTED_EDGE('',*,*,#2033,.T.);
#2078 = ADVANCED_FACE('',(#2079),#1434,.F.);
#2079 = FACE_BOUND('',#2080,.F.);
#2080 = EDGE_LOOP('',(#2081,#2082,#2083,#2084));
#2081 = ORIENTED_EDGE('',*,*,#1756,.F.);
#2082 = ORIENTED_EDGE('',*,*,#1977,.T.);
#2083 = ORIENTED_EDGE('',*,*,#1418,.T.);
#2084 = ORIENTED_EDGE('',*,*,#2085,.F.);
#2085 = EDGE_CURVE('',#1757,#1419,#2086,.T.);
#2086 = SURFACE_CURVE('',#2087,(#2091,#2098),.PCURVE_S1.);
#2087 = LINE('',#2088,#2089);
#2088 = CARTESIAN_POINT('',(282.60236134094,-36.,150.37914070383));
#2089 = VECTOR('',#2090,1.);
#2090 = DIRECTION('',(0.795661458866,0.,0.605741564427));
#2091 = PCURVE('',#1434,#2092);
#2092 = DEFINITIONAL_REPRESENTATION('',(#2093),#2097);
#2093 = LINE('',#2094,#2095);
#2094 = CARTESIAN_POINT('',(0.,12.));
#2095 = VECTOR('',#2096,1.);
#2096 = DIRECTION('',(1.,0.));
#2097 = ( GEOMETRIC_REPRESENTATION_CONTEXT(2) 
PARAMETRIC_REPRESENTATION_CONTEXT() REPRESENTATION_CONTEXT('2D SPACE',''
  ) );
#2098 = PCURVE('',#1462,#2099);
#2099 = DEFINITIONAL_REPRESENTATION('',(#2100),#2104);
#2100 = LINE('',#2101,#2102);
#2101 = CARTESIAN_POINT('',(0.,0.));
#2102 = VECTOR('',#2103,1.);
#2103 = DIRECTION('',(1.,0.));
#2104 = ( GEOMETRIC_REPRESENTATION_CONTEXT(2) 
PARAMETRIC_REPRESENTATION_CONTEXT() REPRESENTATION_CONTEXT('2D SPACE',''
  ) );
#2105 = ADVANCED_FACE('',(#2106),#1551,.T.);
#2106 = FACE_BOUND('',#2107,.T.);
#2107 = EDGE_LOOP('',(#2108,#2109,#2110,#2111));
#2108 = ORIENTED_EDGE('',*,*,#1853,.F.);
#2109 = ORIENTED_EDGE('',*,*,#2058,.F.);
#2110 = ORIENTED_EDGE('',*,*,#1535,.T.);
#2111 = ORIENTED_EDGE('',*,*,#2112,.T.);
#2112 = EDGE_CURVE('',#1503,#1826,#2113,.T.);
#2113 = SURFACE_CURVE('',#2114,(#2118,#2124),.PCURVE_S1.);
#2114 = LINE('',#2115,#2116);
#2115 = CARTESIAN_POINT('',(247.95713603636,-27.05845524046,
    184.33069977842));
#2116 = VECTOR('',#2117,1.);
#2117 = DIRECTION('',(-0.795661458866,-0.,-0.605741564427));
#2118 = PCURVE('',#1551,#2119);
#2119 = DEFINITIONAL_REPRESENTATION('',(#2120),#2123);
#2120 = B_SPLINE_CURVE_WITH_KNOTS('',1,(#2121,#2122),.UNSPECIFIED.,.F.,
  .F.,(2,2),(-22.4,-5.6),.PIECEWISE_BEZIER_KNOTS.);
#2121 = CARTESIAN_POINT('',(15.4,38.94154475954));
#2122 = CARTESIAN_POINT('',(-1.4,38.94154475954));
#2123 = ( GEOMETRIC_REPRESENTATION_CONTEXT(2) 
PARAMETRIC_REPRESENTATION_CONTEXT() REPRESENTATION_CONTEXT('2D SPACE',''
  ) );
#2124 = PCURVE('',#1523,#2125);
#2125 = DEFINITIONAL_REPRESENTATION('',(#2126),#2129);
#2126 = B_SPLINE_CURVE_WITH_KNOTS('',1,(#2127,#2128),.UNSPECIFIED.,.F.,
  .F.,(2,2),(-22.4,-5.6),.PIECEWISE_BEZIER_KNOTS.);
#2127 = CARTESIAN_POINT('',(-4.294966709057,-22.4));
#2128 = CARTESIAN_POINT('',(-4.294966709057,-5.6));
#2129 = ( GEOMETRIC_REPRESENTATION_CONTEXT(2) 
PARAMETRIC_REPRESENTATION_CONTEXT() REPRESENTATION_CONTEXT('2D SPACE',''
  ) );
#2130 = ADVANCED_FACE('',(#2131),#1462,.T.);
#2131 = FACE_BOUND('',#2132,.T.);
#2132 = EDGE_LOOP('',(#2133,#2134,#2135,#2136));
#2133 = ORIENTED_EDGE('',*,*,#1446,.F.);
#2134 = ORIENTED_EDGE('',*,*,#2085,.F.);
#2135 = ORIENTED_EDGE('',*,*,#1779,.T.);
#2136 = ORIENTED_EDGE('',*,*,#2137,.F.);
#2137 = EDGE_CURVE('',#1447,#1780,#2138,.T.);
#2138 = SURFACE_CURVE('',#2139,(#2143,#2149),.PCURVE_S1.);
#2139 = LINE('',#2140,#2141);
#2140 = CARTESIAN_POINT('',(268.06456379468,-36.,169.47501571662));
#2141 = VECTOR('',#2142,1.);
#2142 = DIRECTION('',(-0.795661458866,0.,-0.605741564427));
#2143 = PCURVE('',#1462,#2144);
#2144 = DEFINITIONAL_REPRESENTATION('',(#2145),#2148);
#2145 = B_SPLINE_CURVE_WITH_KNOTS('',1,(#2146,#2147),.UNSPECIFIED.,.F.,
  .F.,(2,2),(-14.,0.),.PIECEWISE_BEZIER_KNOTS.);
#2146 = CARTESIAN_POINT('',(14.,-24.));
#2147 = CARTESIAN_POINT('',(5.329070518201E-15,-24.));
#2148 = ( GEOMETRIC_REPRESENTATION_CONTEXT(2) 
PARAMETRIC_REPRESENTATION_CONTEXT() REPRESENTATION_CONTEXT('2D SPACE',''
  ) );
#2149 = PCURVE('',#1490,#2150);
#2150 = DEFINITIONAL_REPRESENTATION('',(#2151),#2154);
#2151 = B_SPLINE_CURVE_WITH_KNOTS('',1,(#2152,#2153),.UNSPECIFIED.,.F.,
  .F.,(2,2),(-14.,0.),.PIECEWISE_BEZIER_KNOTS.);
#2152 = CARTESIAN_POINT('',(14.,30.));
#2153 = CARTESIAN_POINT('',(0.,30.));
#2154 = ( GEOMETRIC_REPRESENTATION_CONTEXT(2) 
PARAMETRIC_REPRESENTATION_CONTEXT() REPRESENTATION_CONTEXT('2D SPACE',''
  ) );
#2155 = ADVANCED_FACE('',(#2156),#1523,.F.);
#2156 = FACE_BOUND('',#2157,.T.);
#2157 = EDGE_LOOP('',(#2158,#2159,#2178,#2179));
#2158 = ORIENTED_EDGE('',*,*,#1502,.F.);
#2159 = ORIENTED_EDGE('',*,*,#2160,.T.);
#2160 = EDGE_CURVE('',#1475,#1803,#2161,.T.);
#2161 = SURFACE_CURVE('',#2162,(#2166,#2172),.PCURVE_S1.);
#2162 = LINE('',#2163,#2164);
#2163 = CARTESIAN_POINT('',(262.49493358262,-27.05845524046,
    165.23482476563));
#2164 = VECTOR('',#2165,1.);
#2165 = DIRECTION('',(-0.795661458866,-0.,-0.605741564427));
#2166 = PCURVE('',#1523,#2167);
#2167 = DEFINITIONAL_REPRESENTATION('',(#2168),#2171);
#2168 = B_SPLINE_CURVE_WITH_KNOTS('',1,(#2169,#2170),.UNSPECIFIED.,.F.,
  .F.,(2,2),(-22.4,-5.6),.PIECEWISE_BEZIER_KNOTS.);
#2169 = CARTESIAN_POINT('',(-5.129811251713,-22.4));
#2170 = CARTESIAN_POINT('',(-5.129811251713,-5.6));
#2171 = ( GEOMETRIC_REPRESENTATION_CONTEXT(2) 
PARAMETRIC_REPRESENTATION_CONTEXT() REPRESENTATION_CONTEXT('2D SPACE',''
  ) );
#2172 = PCURVE('',#1490,#2173);
#2173 = DEFINITIONAL_REPRESENTATION('',(#2174),#2177);
#2174 = B_SPLINE_CURVE_WITH_KNOTS('',1,(#2175,#2176),.UNSPECIFIED.,.F.,
  .F.,(2,2),(-22.4,-5.6),.PIECEWISE_BEZIER_KNOTS.);
#2175 = CARTESIAN_POINT('',(15.4,38.94154475954));
#2176 = CARTESIAN_POINT('',(-1.4,38.94154475954));
#2177 = ( GEOMETRIC_REPRESENTATION_CONTEXT(2) 
PARAMETRIC_REPRESENTATION_CONTEXT() REPRESENTATION_CONTEXT('2D SPACE',''
  ) );
#2178 = ORIENTED_EDGE('',*,*,#1825,.T.);
#2179 = ORIENTED_EDGE('',*,*,#2112,.F.);
#2180 = ADVANCED_FACE('',(#2181),#1490,.F.);
#2181 = FACE_BOUND('',#2182,.F.);
#2182 = EDGE_LOOP('',(#2183,#2184,#2185,#2186));
#2183 = ORIENTED_EDGE('',*,*,#1802,.F.);
#2184 = ORIENTED_EDGE('',*,*,#2137,.F.);
#2185 = ORIENTED_EDGE('',*,*,#1474,.T.);
#2186 = ORIENTED_EDGE('',*,*,#2160,.T.);
#2187 = ADVANCED_FACE('',(#2188),#1668,.F.);
#2188 = FACE_BOUND('',#2189,.T.);
#2189 = EDGE_LOOP('',(#2190,#2191,#2212,#2213));
#2190 = ORIENTED_EDGE('',*,*,#1945,.T.);
#2191 = ORIENTED_EDGE('',*,*,#2192,.T.);
#2192 = EDGE_CURVE('',#1946,#1648,#2193,.T.);
#2193 = SEAM_CURVE('',#2194,(#2198,#2205),.PCURVE_S1.);
#2194 = LINE('',#2195,#2196);
#2195 = CARTESIAN_POINT('',(258.98163250894,-52.,169.84966122705));
#2196 = VECTOR('',#2197,1.);
#2197 = DIRECTION('',(0.795661458866,0.,0.605741564427));
#2198 = PCURVE('',#1668,#2199);
#2199 = DEFINITIONAL_REPRESENTATION('',(#2200),#2204);
#2200 = LINE('',#2201,#2202);
#2201 = CARTESIAN_POINT('',(-6.28318530718,0.));
#2202 = VECTOR('',#2203,1.);
#2203 = DIRECTION('',(-0.,-1.));
#2204 = ( GEOMETRIC_REPRESENTATION_CONTEXT(2) 
PARAMETRIC_REPRESENTATION_CONTEXT() REPRESENTATION_CONTEXT('2D SPACE',''
  ) );
#2205 = PCURVE('',#1668,#2206);
#2206 = DEFINITIONAL_REPRESENTATION('',(#2207),#2211);
#2207 = LINE('',#2208,#2209);
#2208 = CARTESIAN_POINT('',(-0.,0.));
#2209 = VECTOR('',#2210,1.);
#2210 = DIRECTION('',(-0.,-1.));
#2211 = ( GEOMETRIC_REPRESENTATION_CONTEXT(2) 
PARAMETRIC_REPRESENTATION_CONTEXT() REPRESENTATION_CONTEXT('2D SPACE',''
  ) );
#2212 = ORIENTED_EDGE('',*,*,#1647,.F.);
#2213 = ORIENTED_EDGE('',*,*,#2192,.F.);
#2214 = MANIFOLD_SOLID_BREP('',#2215);
#2215 = CLOSED_SHELL('',(#2216,#2332,#2672,#2721,#2989,#3014,#3039,#3066
    ,#3093,#3118,#3145,#3172,#3197,#3224,#3231));
#2216 = ADVANCED_FACE('',(#2217),#2231,.F.);
#2217 = FACE_BOUND('',#2218,.F.);
#2218 = EDGE_LOOP('',(#2219,#2254,#2280,#2308));
#2219 = ORIENTED_EDGE('',*,*,#2220,.F.);
#2220 = EDGE_CURVE('',#2221,#2223,#2225,.T.);
#2221 = VERTEX_POINT('',#2222);
#2222 = CARTESIAN_POINT('',(268.06456379468,27.05845524046,
    169.47501571662));
#2223 = VERTEX_POINT('',#2224);
#2224 = CARTESIAN_POINT('',(268.06456379468,36.,169.47501571662));
#2225 = SURFACE_CURVE('',#2226,(#2230,#2242),.PCURVE_S1.);
#2226 = LINE('',#2227,#2228);
#2227 = CARTESIAN_POINT('',(268.06456379468,-66.,169.47501571662));
#2228 = VECTOR('',#2229,1.);
#2229 = DIRECTION('',(-0.,1.,0.));
#2230 = PCURVE('',#2231,#2236);
#2231 = PLANE('',#2232);
#2232 = AXIS2_PLACEMENT_3D('',#2233,#2234,#2235);
#2233 = CARTESIAN_POINT('',(268.06456379468,-66.,169.47501571662));
#2234 = DIRECTION('',(-0.605741564427,0.,0.795661458866));
#2235 = DIRECTION('',(0.795661458866,0.,0.605741564427));
#2236 = DEFINITIONAL_REPRESENTATION('',(#2237),#2241);
#2237 = LINE('',#2238,#2239);
#2238 = CARTESIAN_POINT('',(0.,0.));
#2239 = VECTOR('',#2240,1.);
#2240 = DIRECTION('',(0.,1.));
#2241 = ( GEOMETRIC_REPRESENTATION_CONTEXT(2) 
PARAMETRIC_REPRESENTATION_CONTEXT() REPRESENTATION_CONTEXT('2D SPACE',''
  ) );
#2242 = PCURVE('',#2243,#2248);
#2243 = PLANE('',#2244);
#2244 = AXIS2_PLACEMENT_3D('',#2245,#2246,#2247);
#2245 = CARTESIAN_POINT('',(268.06456379468,-66.,169.47501571662));
#2246 = DIRECTION('',(0.795661458866,0.,0.605741564427));
#2247 = DIRECTION('',(-0.,1.,0.));
#2248 = DEFINITIONAL_REPRESENTATION('',(#2249),#2253);
#2249 = LINE('',#2250,#2251);
#2250 = CARTESIAN_POINT('',(0.,0.));
#2251 = VECTOR('',#2252,1.);
#2252 = DIRECTION('',(1.,0.));
#2253 = ( GEOMETRIC_REPRESENTATION_CONTEXT(2) 
PARAMETRIC_REPRESENTATION_CONTEXT() REPRESENTATION_CONTEXT('2D SPACE',''
  ) );
#2254 = ORIENTED_EDGE('',*,*,#2255,.F.);
#2255 = EDGE_CURVE('',#2256,#2221,#2258,.T.);
#2256 = VERTEX_POINT('',#2257);
#2257 = CARTESIAN_POINT('',(279.20382421881,27.05845524046,
    177.9553976186));
#2258 = SURFACE_CURVE('',#2259,(#2263,#2269),.PCURVE_S1.);
#2259 = LINE('',#2260,#2261);
#2260 = CARTESIAN_POINT('',(262.49493358262,27.05845524046,
    165.23482476563));
#2261 = VECTOR('',#2262,1.);
#2262 = DIRECTION('',(-0.795661458866,-0.,-0.605741564427));
#2263 = PCURVE('',#2231,#2264);
#2264 = DEFINITIONAL_REPRESENTATION('',(#2265),#2268);
#2265 = B_SPLINE_CURVE_WITH_KNOTS('',1,(#2266,#2267),.UNSPECIFIED.,.F.,
  .F.,(2,2),(-22.4,-5.6),.PIECEWISE_BEZIER_KNOTS.);
#2266 = CARTESIAN_POINT('',(15.4,93.05845524046));
#2267 = CARTESIAN_POINT('',(-1.4,93.05845524046));
#2268 = ( GEOMETRIC_REPRESENTATION_CONTEXT(2) 
PARAMETRIC_REPRESENTATION_CONTEXT() REPRESENTATION_CONTEXT('2D SPACE',''
  ) );
#2269 = PCURVE('',#2270,#2275);
#2270 = CYLINDRICAL_SURFACE('',#2271,29.6);
#2271 = AXIS2_PLACEMENT_3D('',#2272,#2273,#2274);
#2272 = CARTESIAN_POINT('',(255.22603480949,0.,174.78276227202));
#2273 = DIRECTION('',(-0.795661458866,-0.,-0.605741564427));
#2274 = DIRECTION('',(0.605741564427,0.,-0.795661458866));
#2275 = DEFINITIONAL_REPRESENTATION('',(#2276),#2279);
#2276 = B_SPLINE_CURVE_WITH_KNOTS('',1,(#2277,#2278),.UNSPECIFIED.,.F.,
  .F.,(2,2),(-22.4,-5.6),.PIECEWISE_BEZIER_KNOTS.);
#2277 = CARTESIAN_POINT('',(-1.153374055467,-22.4));
#2278 = CARTESIAN_POINT('',(-1.153374055467,-5.6));
#2279 = ( GEOMETRIC_REPRESENTATION_CONTEXT(2) 
PARAMETRIC_REPRESENTATION_CONTEXT() REPRESENTATION_CONTEXT('2D SPACE',''
  ) );
#2280 = ORIENTED_EDGE('',*,*,#2281,.T.);
#2281 = EDGE_CURVE('',#2256,#2282,#2284,.T.);
#2282 = VERTEX_POINT('',#2283);
#2283 = CARTESIAN_POINT('',(279.20382421881,36.,177.9553976186));
#2284 = SURFACE_CURVE('',#2285,(#2289,#2296),.PCURVE_S1.);
#2285 = LINE('',#2286,#2287);
#2286 = CARTESIAN_POINT('',(279.20382421881,-66.,177.9553976186));
#2287 = VECTOR('',#2288,1.);
#2288 = DIRECTION('',(-0.,1.,0.));
#2289 = PCURVE('',#2231,#2290);
#2290 = DEFINITIONAL_REPRESENTATION('',(#2291),#2295);
#2291 = LINE('',#2292,#2293);
#2292 = CARTESIAN_POINT('',(14.,0.));
#2293 = VECTOR('',#2294,1.);
#2294 = DIRECTION('',(0.,1.));
#2295 = ( GEOMETRIC_REPRESENTATION_CONTEXT(2) 
PARAMETRIC_REPRESENTATION_CONTEXT() REPRESENTATION_CONTEXT('2D SPACE',''
  ) );
#2296 = PCURVE('',#2297,#2302);
#2297 = PLANE('',#2298);
#2298 = AXIS2_PLACEMENT_3D('',#2299,#2300,#2301);
#2299 = CARTESIAN_POINT('',(279.20382421881,-66.,177.9553976186));
#2300 = DIRECTION('',(0.795661458866,0.,0.605741564427));
#2301 = DIRECTION('',(-0.,1.,0.));
#2302 = DEFINITIONAL_REPRESENTATION('',(#2303),#2307);
#2303 = LINE('',#2304,#2305);
#2304 = CARTESIAN_POINT('',(0.,0.));
#2305 = VECTOR('',#2306,1.);
#2306 = DIRECTION('',(1.,0.));
#2307 = ( GEOMETRIC_REPRESENTATION_CONTEXT(2) 
PARAMETRIC_REPRESENTATION_CONTEXT() REPRESENTATION_CONTEXT('2D SPACE',''
  ) );
#2308 = ORIENTED_EDGE('',*,*,#2309,.T.);
#2309 = EDGE_CURVE('',#2282,#2223,#2310,.T.);
#2310 = SURFACE_CURVE('',#2311,(#2315,#2321),.PCURVE_S1.);
#2311 = LINE('',#2312,#2313);
#2312 = CARTESIAN_POINT('',(268.06456379468,36.,169.47501571662));
#2313 = VECTOR('',#2314,1.);
#2314 = DIRECTION('',(-0.795661458866,0.,-0.605741564427));
#2315 = PCURVE('',#2231,#2316);
#2316 = DEFINITIONAL_REPRESENTATION('',(#2317),#2320);
#2317 = B_SPLINE_CURVE_WITH_KNOTS('',1,(#2318,#2319),.UNSPECIFIED.,.F.,
  .F.,(2,2),(-14.,0.),.PIECEWISE_BEZIER_KNOTS.);
#2318 = CARTESIAN_POINT('',(14.,102.));
#2319 = CARTESIAN_POINT('',(0.,102.));
#2320 = ( GEOMETRIC_REPRESENTATION_CONTEXT(2) 
PARAMETRIC_REPRESENTATION_CONTEXT() REPRESENTATION_CONTEXT('2D SPACE',''
  ) );
#2321 = PCURVE('',#2322,#2327);
#2322 = PLANE('',#2323);
#2323 = AXIS2_PLACEMENT_3D('',#2324,#2325,#2326);
#2324 = CARTESIAN_POINT('',(282.60236134094,36.,150.37914070383));
#2325 = DIRECTION('',(-0.,1.,0.));
#2326 = DIRECTION('',(0.795661458866,0.,0.605741564427));
#2327 = DEFINITIONAL_REPRESENTATION('',(#2328),#2331);
#2328 = B_SPLINE_CURVE_WITH_KNOTS('',1,(#2329,#2330),.UNSPECIFIED.,.F.,
  .F.,(2,2),(-14.,0.),.PIECEWISE_BEZIER_KNOTS.);
#2329 = CARTESIAN_POINT('',(14.,-24.));
#2330 = CARTESIAN_POINT('',(5.329070518201E-15,-24.));
#2331 = ( GEOMETRIC_REPRESENTATION_CONTEXT(2) 
PARAMETRIC_REPRESENTATION_CONTEXT() REPRESENTATION_CONTEXT('2D SPACE',''
  ) );
#2332 = ADVANCED_FACE('',(#2333,#2637),#2243,.F.);
#2333 = FACE_BOUND('',#2334,.F.);
#2334 = EDGE_LOOP('',(#2335,#2365,#2391,#2392,#2415,#2443,#2471,#2499,
    #2527,#2555,#2583,#2611));
#2335 = ORIENTED_EDGE('',*,*,#2336,.F.);
#2336 = EDGE_CURVE('',#2337,#2339,#2341,.T.);
#2337 = VERTEX_POINT('',#2338);
#2338 = CARTESIAN_POINT('',(253.52676624843,27.058455240461,
    188.57089072941));
#2339 = VERTEX_POINT('',#2340);
#2340 = CARTESIAN_POINT('',(253.52676624843,36.,188.57089072941));
#2341 = SURFACE_CURVE('',#2342,(#2346,#2353),.PCURVE_S1.);
#2342 = LINE('',#2343,#2344);
#2343 = CARTESIAN_POINT('',(253.52676624843,-66.,188.57089072941));
#2344 = VECTOR('',#2345,1.);
#2345 = DIRECTION('',(-0.,1.,0.));
#2346 = PCURVE('',#2243,#2347);
#2347 = DEFINITIONAL_REPRESENTATION('',(#2348),#2352);
#2348 = LINE('',#2349,#2350);
#2349 = CARTESIAN_POINT('',(0.,24.));
#2350 = VECTOR('',#2351,1.);
#2351 = DIRECTION('',(1.,0.));
#2352 = ( GEOMETRIC_REPRESENTATION_CONTEXT(2) 
PARAMETRIC_REPRESENTATION_CONTEXT() REPRESENTATION_CONTEXT('2D SPACE',''
  ) );
#2353 = PCURVE('',#2354,#2359);
#2354 = PLANE('',#2355);
#2355 = AXIS2_PLACEMENT_3D('',#2356,#2357,#2358);
#2356 = CARTESIAN_POINT('',(253.52676624843,-66.,188.57089072941));
#2357 = DIRECTION('',(-0.605741564427,0.,0.795661458866));
#2358 = DIRECTION('',(0.795661458866,0.,0.605741564427));
#2359 = DEFINITIONAL_REPRESENTATION('',(#2360),#2364);
#2360 = LINE('',#2361,#2362);
#2361 = CARTESIAN_POINT('',(0.,0.));
#2362 = VECTOR('',#2363,1.);
#2363 = DIRECTION('',(0.,1.));
#2364 = ( GEOMETRIC_REPRESENTATION_CONTEXT(2) 
PARAMETRIC_REPRESENTATION_CONTEXT() REPRESENTATION_CONTEXT('2D SPACE',''
  ) );
#2365 = ORIENTED_EDGE('',*,*,#2366,.T.);
#2366 = EDGE_CURVE('',#2337,#2221,#2367,.T.);
#2367 = SURFACE_CURVE('',#2368,(#2373,#2384),.PCURVE_S1.);
#2368 = CIRCLE('',#2369,29.6);
#2369 = AXIS2_PLACEMENT_3D('',#2370,#2371,#2372);
#2370 = CARTESIAN_POINT('',(260.79566502155,0.,179.02295322302));
#2371 = DIRECTION('',(-0.795661458866,-0.,-0.605741564427));
#2372 = DIRECTION('',(0.605741564427,0.,-0.795661458866));
#2373 = PCURVE('',#2243,#2374);
#2374 = DEFINITIONAL_REPRESENTATION('',(#2375),#2383);
#2375 = ( BOUNDED_CURVE() B_SPLINE_CURVE(2,(#2376,#2377,#2378,#2379,
#2380,#2381,#2382),.UNSPECIFIED.,.T.,.F.) B_SPLINE_CURVE_WITH_KNOTS((1,2
    ,2,2,2,1),(-2.094395102393,0.,2.094395102393,4.188790204786,
6.28318530718,8.377580409573),.UNSPECIFIED.) CURVE() 
GEOMETRIC_REPRESENTATION_ITEM() RATIONAL_B_SPLINE_CURVE((1.,0.5,1.,0.5,
1.,0.5,1.)) REPRESENTATION_ITEM('') );
#2376 = CARTESIAN_POINT('',(66.,-17.6));
#2377 = CARTESIAN_POINT('',(14.731296095961,-17.6));
#2378 = CARTESIAN_POINT('',(40.365648047981,26.8));
#2379 = CARTESIAN_POINT('',(66.,71.2));
#2380 = CARTESIAN_POINT('',(91.634351952019,26.8));
#2381 = CARTESIAN_POINT('',(117.26870390403,-17.6));
#2382 = CARTESIAN_POINT('',(66.,-17.6));
#2383 = ( GEOMETRIC_REPRESENTATION_CONTEXT(2) 
PARAMETRIC_REPRESENTATION_CONTEXT() REPRESENTATION_CONTEXT('2D SPACE',''
  ) );
#2384 = PCURVE('',#2270,#2385);
#2385 = DEFINITIONAL_REPRESENTATION('',(#2386),#2390);
#2386 = LINE('',#2387,#2388);
#2387 = CARTESIAN_POINT('',(-6.28318530718,-7.));
#2388 = VECTOR('',#2389,1.);
#2389 = DIRECTION('',(1.,-0.));
#2390 = ( GEOMETRIC_REPRESENTATION_CONTEXT(2) 
PARAMETRIC_REPRESENTATION_CONTEXT() REPRESENTATION_CONTEXT('2D SPACE',''
  ) );
#2391 = ORIENTED_EDGE('',*,*,#2220,.T.);
#2392 = ORIENTED_EDGE('',*,*,#2393,.F.);
#2393 = EDGE_CURVE('',#2394,#2223,#2396,.T.);
#2394 = VERTEX_POINT('',#2395);
#2395 = CARTESIAN_POINT('',(282.60236134094,36.,150.37914070383));
#2396 = SURFACE_CURVE('',#2397,(#2401,#2408),.PCURVE_S1.);
#2397 = LINE('',#2398,#2399);
#2398 = CARTESIAN_POINT('',(282.60236134094,36.,150.37914070383));
#2399 = VECTOR('',#2400,1.);
#2400 = DIRECTION('',(-0.605741564427,0.,0.795661458866));
#2401 = PCURVE('',#2243,#2402);
#2402 = DEFINITIONAL_REPRESENTATION('',(#2403),#2407);
#2403 = LINE('',#2404,#2405);
#2404 = CARTESIAN_POINT('',(102.,-24.));
#2405 = VECTOR('',#2406,1.);
#2406 = DIRECTION('',(0.,1.));
#2407 = ( GEOMETRIC_REPRESENTATION_CONTEXT(2) 
PARAMETRIC_REPRESENTATION_CONTEXT() REPRESENTATION_CONTEXT('2D SPACE',''
  ) );
#2408 = PCURVE('',#2322,#2409);
#2409 = DEFINITIONAL_REPRESENTATION('',(#2410),#2414);
#2410 = LINE('',#2411,#2412);
#2411 = CARTESIAN_POINT('',(0.,0.));
#2412 = VECTOR('',#2413,1.);
#2413 = DIRECTION('',(0.,-1.));
#2414 = ( GEOMETRIC_REPRESENTATION_CONTEXT(2) 
PARAMETRIC_REPRESENTATION_CONTEXT() REPRESENTATION_CONTEXT('2D SPACE',''
  ) );
#2415 = ORIENTED_EDGE('',*,*,#2416,.T.);
#2416 = EDGE_CURVE('',#2394,#2417,#2419,.T.);
#2417 = VERTEX_POINT('',#2418);
#2418 = CARTESIAN_POINT('',(282.60236134094,48.,150.37914070383));
#2419 = SURFACE_CURVE('',#2420,(#2424,#2431),.PCURVE_S1.);
#2420 = LINE('',#2421,#2422);
#2421 = CARTESIAN_POINT('',(282.60236134094,36.,150.37914070383));
#2422 = VECTOR('',#2423,1.);
#2423 = DIRECTION('',(-0.,1.,0.));
#2424 = PCURVE('',#2243,#2425);
#2425 = DEFINITIONAL_REPRESENTATION('',(#2426),#2430);
#2426 = LINE('',#2427,#2428);
#2427 = CARTESIAN_POINT('',(102.,-24.));
#2428 = VECTOR('',#2429,1.);
#2429 = DIRECTION('',(1.,0.));
#2430 = ( GEOMETRIC_REPRESENTATION_CONTEXT(2) 
PARAMETRIC_REPRESENTATION_CONTEXT() REPRESENTATION_CONTEXT('2D SPACE',''
  ) );
#2431 = PCURVE('',#2432,#2437);
#2432 = PLANE('',#2433);
#2433 = AXIS2_PLACEMENT_3D('',#2434,#2435,#2436);
#2434 = CARTESIAN_POINT('',(282.60236134094,36.,150.37914070383));
#2435 = DIRECTION('',(-0.605741564427,0.,0.795661458866));
#2436 = DIRECTION('',(0.795661458866,0.,0.605741564427));
#2437 = DEFINITIONAL_REPRESENTATION('',(#2438),#2442);
#2438 = LINE('',#2439,#2440);
#2439 = CARTESIAN_POINT('',(0.,0.));
#2440 = VECTOR('',#2441,1.);
#2441 = DIRECTION('',(0.,1.));
#2442 = ( GEOMETRIC_REPRESENTATION_CONTEXT(2) 
PARAMETRIC_REPRESENTATION_CONTEXT() REPRESENTATION_CONTEXT('2D SPACE',''
  ) );
#2443 = ORIENTED_EDGE('',*,*,#2444,.T.);
#2444 = EDGE_CURVE('',#2417,#2445,#2447,.T.);
#2445 = VERTEX_POINT('',#2446);
#2446 = CARTESIAN_POINT('',(268.06456379468,48.,169.47501571662));
#2447 = SURFACE_CURVE('',#2448,(#2452,#2459),.PCURVE_S1.);
#2448 = LINE('',#2449,#2450);
#2449 = CARTESIAN_POINT('',(282.60236134094,48.,150.37914070383));
#2450 = VECTOR('',#2451,1.);
#2451 = DIRECTION('',(-0.605741564427,0.,0.795661458866));
#2452 = PCURVE('',#2243,#2453);
#2453 = DEFINITIONAL_REPRESENTATION('',(#2454),#2458);
#2454 = LINE('',#2455,#2456);
#2455 = CARTESIAN_POINT('',(114.,-24.));
#2456 = VECTOR('',#2457,1.);
#2457 = DIRECTION('',(0.,1.));
#2458 = ( GEOMETRIC_REPRESENTATION_CONTEXT(2) 
PARAMETRIC_REPRESENTATION_CONTEXT() REPRESENTATION_CONTEXT('2D SPACE',''
  ) );
#2459 = PCURVE('',#2460,#2465);
#2460 = PLANE('',#2461);
#2461 = AXIS2_PLACEMENT_3D('',#2462,#2463,#2464);
#2462 = CARTESIAN_POINT('',(282.60236134094,48.,150.37914070383));
#2463 = DIRECTION('',(-0.,1.,0.));
#2464 = DIRECTION('',(0.795661458866,0.,0.605741564427));
#2465 = DEFINITIONAL_REPRESENTATION('',(#2466),#2470);
#2466 = LINE('',#2467,#2468);
#2467 = CARTESIAN_POINT('',(0.,0.));
#2468 = VECTOR('',#2469,1.);
#2469 = DIRECTION('',(0.,-1.));
#2470 = ( GEOMETRIC_REPRESENTATION_CONTEXT(2) 
PARAMETRIC_REPRESENTATION_CONTEXT() REPRESENTATION_CONTEXT('2D SPACE',''
  ) );
#2471 = ORIENTED_EDGE('',*,*,#2472,.T.);
#2472 = EDGE_CURVE('',#2445,#2473,#2475,.T.);
#2473 = VERTEX_POINT('',#2474);
#2474 = CARTESIAN_POINT('',(268.06456379468,66.,169.47501571662));
#2475 = SURFACE_CURVE('',#2476,(#2480,#2487),.PCURVE_S1.);
#2476 = LINE('',#2477,#2478);
#2477 = CARTESIAN_POINT('',(268.06456379468,-66.,169.47501571662));
#2478 = VECTOR('',#2479,1.);
#2479 = DIRECTION('',(-0.,1.,0.));
#2480 = PCURVE('',#2243,#2481);
#2481 = DEFINITIONAL_REPRESENTATION('',(#2482),#2486);
#2482 = LINE('',#2483,#2484);
#2483 = CARTESIAN_POINT('',(0.,0.));
#2484 = VECTOR('',#2485,1.);
#2485 = DIRECTION('',(1.,0.));
#2486 = ( GEOMETRIC_REPRESENTATION_CONTEXT(2) 
PARAMETRIC_REPRESENTATION_CONTEXT() REPRESENTATION_CONTEXT('2D SPACE',''
  ) );
#2487 = PCURVE('',#2488,#2493);
#2488 = PLANE('',#2489);
#2489 = AXIS2_PLACEMENT_3D('',#2490,#2491,#2492);
#2490 = CARTESIAN_POINT('',(268.06456379468,-66.,169.47501571662));
#2491 = DIRECTION('',(-0.605741564427,0.,0.795661458866));
#2492 = DIRECTION('',(0.795661458866,0.,0.605741564427));
#2493 = DEFINITIONAL_REPRESENTATION('',(#2494),#2498);
#2494 = LINE('',#2495,#2496);
#2495 = CARTESIAN_POINT('',(0.,0.));
#2496 = VECTOR('',#2497,1.);
#2497 = DIRECTION('',(0.,1.));
#2498 = ( GEOMETRIC_REPRESENTATION_CONTEXT(2) 
PARAMETRIC_REPRESENTATION_CONTEXT() REPRESENTATION_CONTEXT('2D SPACE',''
  ) );
#2499 = ORIENTED_EDGE('',*,*,#2500,.T.);
#2500 = EDGE_CURVE('',#2473,#2501,#2503,.T.);
#2501 = VERTEX_POINT('',#2502);
#2502 = CARTESIAN_POINT('',(253.52676624843,66.,188.57089072941));
#2503 = SURFACE_CURVE('',#2504,(#2508,#2515),.PCURVE_S1.);
#2504 = LINE('',#2505,#2506);
#2505 = CARTESIAN_POINT('',(268.06456379468,66.,169.47501571662));
#2506 = VECTOR('',#2507,1.);
#2507 = DIRECTION('',(-0.605741564427,0.,0.795661458866));
#2508 = PCURVE('',#2243,#2509);
#2509 = DEFINITIONAL_REPRESENTATION('',(#2510),#2514);
#2510 = LINE('',#2511,#2512);
#2511 = CARTESIAN_POINT('',(132.,0.));
#2512 = VECTOR('',#2513,1.);
#2513 = DIRECTION('',(0.,1.));
#2514 = ( GEOMETRIC_REPRESENTATION_CONTEXT(2) 
PARAMETRIC_REPRESENTATION_CONTEXT() REPRESENTATION_CONTEXT('2D SPACE',''
  ) );
#2515 = PCURVE('',#2516,#2521);
#2516 = PLANE('',#2517);
#2517 = AXIS2_PLACEMENT_3D('',#2518,#2519,#2520);
#2518 = CARTESIAN_POINT('',(268.06456379468,66.,169.47501571662));
#2519 = DIRECTION('',(-0.,1.,0.));
#2520 = DIRECTION('',(0.795661458866,0.,0.605741564427));
#2521 = DEFINITIONAL_REPRESENTATION('',(#2522),#2526);
#2522 = LINE('',#2523,#2524);
#2523 = CARTESIAN_POINT('',(0.,0.));
#2524 = VECTOR('',#2525,1.);
#2525 = DIRECTION('',(0.,-1.));
#2526 = ( GEOMETRIC_REPRESENTATION_CONTEXT(2) 
PARAMETRIC_REPRESENTATION_CONTEXT() REPRESENTATION_CONTEXT('2D SPACE',''
  ) );
#2527 = ORIENTED_EDGE('',*,*,#2528,.F.);
#2528 = EDGE_CURVE('',#2529,#2501,#2531,.T.);
#2529 = VERTEX_POINT('',#2530);
#2530 = CARTESIAN_POINT('',(253.52676624843,48.,188.57089072941));
#2531 = SURFACE_CURVE('',#2532,(#2536,#2543),.PCURVE_S1.);
#2532 = LINE('',#2533,#2534);
#2533 = CARTESIAN_POINT('',(253.52676624843,-66.,188.57089072941));
#2534 = VECTOR('',#2535,1.);
#2535 = DIRECTION('',(-0.,1.,0.));
#2536 = PCURVE('',#2243,#2537);
#2537 = DEFINITIONAL_REPRESENTATION('',(#2538),#2542);
#2538 = LINE('',#2539,#2540);
#2539 = CARTESIAN_POINT('',(0.,24.));
#2540 = VECTOR('',#2541,1.);
#2541 = DIRECTION('',(1.,0.));
#2542 = ( GEOMETRIC_REPRESENTATION_CONTEXT(2) 
PARAMETRIC_REPRESENTATION_CONTEXT() REPRESENTATION_CONTEXT('2D SPACE',''
  ) );
#2543 = PCURVE('',#2544,#2549);
#2544 = PLANE('',#2545);
#2545 = AXIS2_PLACEMENT_3D('',#2546,#2547,#2548);
#2546 = CARTESIAN_POINT('',(253.52676624843,-66.,188.57089072941));
#2547 = DIRECTION('',(-0.605741564427,0.,0.795661458866));
#2548 = DIRECTION('',(0.795661458866,0.,0.605741564427));
#2549 = DEFINITIONAL_REPRESENTATION('',(#2550),#2554);
#2550 = LINE('',#2551,#2552);
#2551 = CARTESIAN_POINT('',(0.,0.));
#2552 = VECTOR('',#2553,1.);
#2553 = DIRECTION('',(0.,1.));
#2554 = ( GEOMETRIC_REPRESENTATION_CONTEXT(2) 
PARAMETRIC_REPRESENTATION_CONTEXT() REPRESENTATION_CONTEXT('2D SPACE',''
  ) );
#2555 = ORIENTED_EDGE('',*,*,#2556,.T.);
#2556 = EDGE_CURVE('',#2529,#2557,#2559,.T.);
#2557 = VERTEX_POINT('',#2558);
#2558 = CARTESIAN_POINT('',(238.98896870217,48.,207.6667657422));
#2559 = SURFACE_CURVE('',#2560,(#2564,#2571),.PCURVE_S1.);
#2560 = LINE('',#2561,#2562);
#2561 = CARTESIAN_POINT('',(282.60236134094,48.,150.37914070383));
#2562 = VECTOR('',#2563,1.);
#2563 = DIRECTION('',(-0.605741564427,0.,0.795661458866));
#2564 = PCURVE('',#2243,#2565);
#2565 = DEFINITIONAL_REPRESENTATION('',(#2566),#2570);
#2566 = LINE('',#2567,#2568);
#2567 = CARTESIAN_POINT('',(114.,-24.));
#2568 = VECTOR('',#2569,1.);
#2569 = DIRECTION('',(0.,1.));
#2570 = ( GEOMETRIC_REPRESENTATION_CONTEXT(2) 
PARAMETRIC_REPRESENTATION_CONTEXT() REPRESENTATION_CONTEXT('2D SPACE',''
  ) );
#2571 = PCURVE('',#2572,#2577);
#2572 = PLANE('',#2573);
#2573 = AXIS2_PLACEMENT_3D('',#2574,#2575,#2576);
#2574 = CARTESIAN_POINT('',(282.60236134094,48.,150.37914070383));
#2575 = DIRECTION('',(-0.,1.,0.));
#2576 = DIRECTION('',(0.795661458866,0.,0.605741564427));
#2577 = DEFINITIONAL_REPRESENTATION('',(#2578),#2582);
#2578 = LINE('',#2579,#2580);
#2579 = CARTESIAN_POINT('',(0.,0.));
#2580 = VECTOR('',#2581,1.);
#2581 = DIRECTION('',(0.,-1.));
#2582 = ( GEOMETRIC_REPRESENTATION_CONTEXT(2) 
PARAMETRIC_REPRESENTATION_CONTEXT() REPRESENTATION_CONTEXT('2D SPACE',''
  ) );
#2583 = ORIENTED_EDGE('',*,*,#2584,.F.);
#2584 = EDGE_CURVE('',#2585,#2557,#2587,.T.);
#2585 = VERTEX_POINT('',#2586);
#2586 = CARTESIAN_POINT('',(238.98896870217,36.,207.6667657422));
#2587 = SURFACE_CURVE('',#2588,(#2592,#2599),.PCURVE_S1.);
#2588 = LINE('',#2589,#2590);
#2589 = CARTESIAN_POINT('',(238.98896870217,36.,207.6667657422));
#2590 = VECTOR('',#2591,1.);
#2591 = DIRECTION('',(-0.,1.,0.));
#2592 = PCURVE('',#2243,#2593);
#2593 = DEFINITIONAL_REPRESENTATION('',(#2594),#2598);
#2594 = LINE('',#2595,#2596);
#2595 = CARTESIAN_POINT('',(102.,48.));
#2596 = VECTOR('',#2597,1.);
#2597 = DIRECTION('',(1.,0.));
#2598 = ( GEOMETRIC_REPRESENTATION_CONTEXT(2) 
PARAMETRIC_REPRESENTATION_CONTEXT() REPRESENTATION_CONTEXT('2D SPACE',''
  ) );
#2599 = PCURVE('',#2600,#2605);
#2600 = PLANE('',#2601);
#2601 = AXIS2_PLACEMENT_3D('',#2602,#2603,#2604);
#2602 = CARTESIAN_POINT('',(238.98896870217,36.,207.6667657422));
#2603 = DIRECTION('',(-0.605741564427,0.,0.795661458866));
#2604 = DIRECTION('',(0.795661458866,0.,0.605741564427));
#2605 = DEFINITIONAL_REPRESENTATION('',(#2606),#2610);
#2606 = LINE('',#2607,#2608);
#2607 = CARTESIAN_POINT('',(0.,0.));
#2608 = VECTOR('',#2609,1.);
#2609 = DIRECTION('',(0.,1.));
#2610 = ( GEOMETRIC_REPRESENTATION_CONTEXT(2) 
PARAMETRIC_REPRESENTATION_CONTEXT() REPRESENTATION_CONTEXT('2D SPACE',''
  ) );
#2611 = ORIENTED_EDGE('',*,*,#2612,.F.);
#2612 = EDGE_CURVE('',#2339,#2585,#2613,.T.);
#2613 = SURFACE_CURVE('',#2614,(#2618,#2625),.PCURVE_S1.);
#2614 = LINE('',#2615,#2616);
#2615 = CARTESIAN_POINT('',(282.60236134094,36.,150.37914070383));
#2616 = VECTOR('',#2617,1.);
#2617 = DIRECTION('',(-0.605741564427,0.,0.795661458866));
#2618 = PCURVE('',#2243,#2619);
#2619 = DEFINITIONAL_REPRESENTATION('',(#2620),#2624);
#2620 = LINE('',#2621,#2622);
#2621 = CARTESIAN_POINT('',(102.,-24.));
#2622 = VECTOR('',#2623,1.);
#2623 = DIRECTION('',(0.,1.));
#2624 = ( GEOMETRIC_REPRESENTATION_CONTEXT(2) 
PARAMETRIC_REPRESENTATION_CONTEXT() REPRESENTATION_CONTEXT('2D SPACE',''
  ) );
#2625 = PCURVE('',#2626,#2631);
#2626 = PLANE('',#2627);
#2627 = AXIS2_PLACEMENT_3D('',#2628,#2629,#2630);
#2628 = CARTESIAN_POINT('',(282.60236134094,36.,150.37914070383));
#2629 = DIRECTION('',(-0.,1.,0.));
#2630 = DIRECTION('',(0.795661458866,0.,0.605741564427));
#2631 = DEFINITIONAL_REPRESENTATION('',(#2632),#2636);
#2632 = LINE('',#2633,#2634);
#2633 = CARTESIAN_POINT('',(0.,0.));
#2634 = VECTOR('',#2635,1.);
#2635 = DIRECTION('',(0.,-1.));
#2636 = ( GEOMETRIC_REPRESENTATION_CONTEXT(2) 
PARAMETRIC_REPRESENTATION_CONTEXT() REPRESENTATION_CONTEXT('2D SPACE',''
  ) );
#2637 = FACE_BOUND('',#2638,.F.);
#2638 = EDGE_LOOP('',(#2639));
#2639 = ORIENTED_EDGE('',*,*,#2640,.T.);
#2640 = EDGE_CURVE('',#2641,#2641,#2643,.T.);
#2641 = VERTEX_POINT('',#2642);
#2642 = CARTESIAN_POINT('',(264.551262721,52.,174.08985217805));
#2643 = SURFACE_CURVE('',#2644,(#2649,#2660),.PCURVE_S1.);
#2644 = CIRCLE('',#2645,6.2);
#2645 = AXIS2_PLACEMENT_3D('',#2646,#2647,#2648);
#2646 = CARTESIAN_POINT('',(260.79566502155,52.,179.02295322302));
#2647 = DIRECTION('',(-0.795661458866,-0.,-0.605741564427));
#2648 = DIRECTION('',(0.605741564427,0.,-0.795661458866));
#2649 = PCURVE('',#2243,#2650);
#2650 = DEFINITIONAL_REPRESENTATION('',(#2651),#2659);
#2651 = ( BOUNDED_CURVE() B_SPLINE_CURVE(2,(#2652,#2653,#2654,#2655,
#2656,#2657,#2658),.UNSPECIFIED.,.T.,.F.) B_SPLINE_CURVE_WITH_KNOTS((1,2
    ,2,2,2,1),(-2.094395102393,0.,2.094395102393,4.188790204786,
6.28318530718,8.377580409573),.UNSPECIFIED.) CURVE() 
GEOMETRIC_REPRESENTATION_ITEM() RATIONAL_B_SPLINE_CURVE((1.,0.5,1.,0.5,
1.,0.5,1.)) REPRESENTATION_ITEM('') );
#2652 = CARTESIAN_POINT('',(118.,5.8));
#2653 = CARTESIAN_POINT('',(107.26128499307,5.8));
#2654 = CARTESIAN_POINT('',(112.63064249653,15.1));
#2655 = CARTESIAN_POINT('',(118.,24.4));
#2656 = CARTESIAN_POINT('',(123.36935750346,15.1));
#2657 = CARTESIAN_POINT('',(128.73871500692,5.8));
#2658 = CARTESIAN_POINT('',(118.,5.8));
#2659 = ( GEOMETRIC_REPRESENTATION_CONTEXT(2) 
PARAMETRIC_REPRESENTATION_CONTEXT() REPRESENTATION_CONTEXT('2D SPACE',''
  ) );
#2660 = PCURVE('',#2661,#2666);
#2661 = CYLINDRICAL_SURFACE('',#2662,6.2);
#2662 = AXIS2_PLACEMENT_3D('',#2663,#2664,#2665);
#2663 = CARTESIAN_POINT('',(255.22603480949,52.,174.78276227202));
#2664 = DIRECTION('',(-0.795661458866,-0.,-0.605741564427));
#2665 = DIRECTION('',(0.605741564427,0.,-0.795661458866));
#2666 = DEFINITIONAL_REPRESENTATION('',(#2667),#2671);
#2667 = LINE('',#2668,#2669);
#2668 = CARTESIAN_POINT('',(-6.28318530718,-7.));
#2669 = VECTOR('',#2670,1.);
#2670 = DIRECTION('',(1.,-0.));
#2671 = ( GEOMETRIC_REPRESENTATION_CONTEXT(2) 
PARAMETRIC_REPRESENTATION_CONTEXT() REPRESENTATION_CONTEXT('2D SPACE',''
  ) );
#2672 = ADVANCED_FACE('',(#2673),#2322,.F.);
#2673 = FACE_BOUND('',#2674,.F.);
#2674 = EDGE_LOOP('',(#2675,#2698,#2719,#2720));
#2675 = ORIENTED_EDGE('',*,*,#2676,.F.);
#2676 = EDGE_CURVE('',#2677,#2282,#2679,.T.);
#2677 = VERTEX_POINT('',#2678);
#2678 = CARTESIAN_POINT('',(293.74162176507,36.,158.85952260581));
#2679 = SURFACE_CURVE('',#2680,(#2684,#2691),.PCURVE_S1.);
#2680 = LINE('',#2681,#2682);
#2681 = CARTESIAN_POINT('',(293.74162176507,36.,158.85952260581));
#2682 = VECTOR('',#2683,1.);
#2683 = DIRECTION('',(-0.605741564427,0.,0.795661458866));
#2684 = PCURVE('',#2322,#2685);
#2685 = DEFINITIONAL_REPRESENTATION('',(#2686),#2690);
#2686 = LINE('',#2687,#2688);
#2687 = CARTESIAN_POINT('',(14.,0.));
#2688 = VECTOR('',#2689,1.);
#2689 = DIRECTION('',(0.,-1.));
#2690 = ( GEOMETRIC_REPRESENTATION_CONTEXT(2) 
PARAMETRIC_REPRESENTATION_CONTEXT() REPRESENTATION_CONTEXT('2D SPACE',''
  ) );
#2691 = PCURVE('',#2297,#2692);
#2692 = DEFINITIONAL_REPRESENTATION('',(#2693),#2697);
#2693 = LINE('',#2694,#2695);
#2694 = CARTESIAN_POINT('',(102.,-24.));
#2695 = VECTOR('',#2696,1.);
#2696 = DIRECTION('',(0.,1.));
#2697 = ( GEOMETRIC_REPRESENTATION_CONTEXT(2) 
PARAMETRIC_REPRESENTATION_CONTEXT() REPRESENTATION_CONTEXT('2D SPACE',''
  ) );
#2698 = ORIENTED_EDGE('',*,*,#2699,.F.);
#2699 = EDGE_CURVE('',#2394,#2677,#2700,.T.);
#2700 = SURFACE_CURVE('',#2701,(#2705,#2712),.PCURVE_S1.);
#2701 = LINE('',#2702,#2703);
#2702 = CARTESIAN_POINT('',(282.60236134094,36.,150.37914070383));
#2703 = VECTOR('',#2704,1.);
#2704 = DIRECTION('',(0.795661458866,0.,0.605741564427));
#2705 = PCURVE('',#2322,#2706);
#2706 = DEFINITIONAL_REPRESENTATION('',(#2707),#2711);
#2707 = LINE('',#2708,#2709);
#2708 = CARTESIAN_POINT('',(0.,0.));
#2709 = VECTOR('',#2710,1.);
#2710 = DIRECTION('',(1.,0.));
#2711 = ( GEOMETRIC_REPRESENTATION_CONTEXT(2) 
PARAMETRIC_REPRESENTATION_CONTEXT() REPRESENTATION_CONTEXT('2D SPACE',''
  ) );
#2712 = PCURVE('',#2432,#2713);
#2713 = DEFINITIONAL_REPRESENTATION('',(#2714),#2718);
#2714 = LINE('',#2715,#2716);
#2715 = CARTESIAN_POINT('',(0.,0.));
#2716 = VECTOR('',#2717,1.);
#2717 = DIRECTION('',(1.,0.));
#2718 = ( GEOMETRIC_REPRESENTATION_CONTEXT(2) 
PARAMETRIC_REPRESENTATION_CONTEXT() REPRESENTATION_CONTEXT('2D SPACE',''
  ) );
#2719 = ORIENTED_EDGE('',*,*,#2393,.T.);
#2720 = ORIENTED_EDGE('',*,*,#2309,.F.);
#2721 = ADVANCED_FACE('',(#2722,#2959),#2297,.T.);
#2722 = FACE_BOUND('',#2723,.T.);
#2723 = EDGE_LOOP('',(#2724,#2749,#2775,#2776,#2777,#2800,#2823,#2846,
    #2869,#2892,#2915,#2938));
#2724 = ORIENTED_EDGE('',*,*,#2725,.F.);
#2725 = EDGE_CURVE('',#2726,#2728,#2730,.T.);
#2726 = VERTEX_POINT('',#2727);
#2727 = CARTESIAN_POINT('',(264.66602667255,27.05845524046,
    197.05127263139));
#2728 = VERTEX_POINT('',#2729);
#2729 = CARTESIAN_POINT('',(264.66602667255,36.,197.05127263139));
#2730 = SURFACE_CURVE('',#2731,(#2735,#2742),.PCURVE_S1.);
#2731 = LINE('',#2732,#2733);
#2732 = CARTESIAN_POINT('',(264.66602667255,-66.,197.05127263139));
#2733 = VECTOR('',#2734,1.);
#2734 = DIRECTION('',(-0.,1.,0.));
#2735 = PCURVE('',#2297,#2736);
#2736 = DEFINITIONAL_REPRESENTATION('',(#2737),#2741);
#2737 = LINE('',#2738,#2739);
#2738 = CARTESIAN_POINT('',(0.,24.));
#2739 = VECTOR('',#2740,1.);
#2740 = DIRECTION('',(1.,0.));
#2741 = ( GEOMETRIC_REPRESENTATION_CONTEXT(2) 
PARAMETRIC_REPRESENTATION_CONTEXT() REPRESENTATION_CONTEXT('2D SPACE',''
  ) );
#2742 = PCURVE('',#2354,#2743);
#2743 = DEFINITIONAL_REPRESENTATION('',(#2744),#2748);
#2744 = LINE('',#2745,#2746);
#2745 = CARTESIAN_POINT('',(14.,0.));
#2746 = VECTOR('',#2747,1.);
#2747 = DIRECTION('',(0.,1.));
#2748 = ( GEOMETRIC_REPRESENTATION_CONTEXT(2) 
PARAMETRIC_REPRESENTATION_CONTEXT() REPRESENTATION_CONTEXT('2D SPACE',''
  ) );
#2749 = ORIENTED_EDGE('',*,*,#2750,.T.);
#2750 = EDGE_CURVE('',#2726,#2256,#2751,.T.);
#2751 = SURFACE_CURVE('',#2752,(#2757,#2768),.PCURVE_S1.);
#2752 = CIRCLE('',#2753,29.6);
#2753 = AXIS2_PLACEMENT_3D('',#2754,#2755,#2756);
#2754 = CARTESIAN_POINT('',(271.93492544568,0.,187.503335125));
#2755 = DIRECTION('',(-0.795661458866,-0.,-0.605741564427));
#2756 = DIRECTION('',(0.605741564427,0.,-0.795661458866));
#2757 = PCURVE('',#2297,#2758);
#2758 = DEFINITIONAL_REPRESENTATION('',(#2759),#2767);
#2759 = ( BOUNDED_CURVE() B_SPLINE_CURVE(2,(#2760,#2761,#2762,#2763,
#2764,#2765,#2766),.UNSPECIFIED.,.T.,.F.) B_SPLINE_CURVE_WITH_KNOTS((1,2
    ,2,2,2,1),(-2.094395102393,0.,2.094395102393,4.188790204786,
6.28318530718,8.377580409573),.UNSPECIFIED.) CURVE() 
GEOMETRIC_REPRESENTATION_ITEM() RATIONAL_B_SPLINE_CURVE((1.,0.5,1.,0.5,
1.,0.5,1.)) REPRESENTATION_ITEM('') );
#2760 = CARTESIAN_POINT('',(66.,-17.6));
#2761 = CARTESIAN_POINT('',(14.731296095961,-17.6));
#2762 = CARTESIAN_POINT('',(40.365648047981,26.8));
#2763 = CARTESIAN_POINT('',(66.,71.2));
#2764 = CARTESIAN_POINT('',(91.634351952019,26.8));
#2765 = CARTESIAN_POINT('',(117.26870390403,-17.6));
#2766 = CARTESIAN_POINT('',(66.,-17.6));
#2767 = ( GEOMETRIC_REPRESENTATION_CONTEXT(2) 
PARAMETRIC_REPRESENTATION_CONTEXT() REPRESENTATION_CONTEXT('2D SPACE',''
  ) );
#2768 = PCURVE('',#2270,#2769);
#2769 = DEFINITIONAL_REPRESENTATION('',(#2770),#2774);
#2770 = LINE('',#2771,#2772);
#2771 = CARTESIAN_POINT('',(-6.28318530718,-21.));
#2772 = VECTOR('',#2773,1.);
#2773 = DIRECTION('',(1.,-0.));
#2774 = ( GEOMETRIC_REPRESENTATION_CONTEXT(2) 
PARAMETRIC_REPRESENTATION_CONTEXT() REPRESENTATION_CONTEXT('2D SPACE',''
  ) );
#2775 = ORIENTED_EDGE('',*,*,#2281,.T.);
#2776 = ORIENTED_EDGE('',*,*,#2676,.F.);
#2777 = ORIENTED_EDGE('',*,*,#2778,.T.);
#2778 = EDGE_CURVE('',#2677,#2779,#2781,.T.);
#2779 = VERTEX_POINT('',#2780);
#2780 = CARTESIAN_POINT('',(293.74162176507,48.,158.85952260581));
#2781 = SURFACE_CURVE('',#2782,(#2786,#2793),.PCURVE_S1.);
#2782 = LINE('',#2783,#2784);
#2783 = CARTESIAN_POINT('',(293.74162176507,36.,158.85952260581));
#2784 = VECTOR('',#2785,1.);
#2785 = DIRECTION('',(-0.,1.,0.));
#2786 = PCURVE('',#2297,#2787);
#2787 = DEFINITIONAL_REPRESENTATION('',(#2788),#2792);
#2788 = LINE('',#2789,#2790);
#2789 = CARTESIAN_POINT('',(102.,-24.));
#2790 = VECTOR('',#2791,1.);
#2791 = DIRECTION('',(1.,0.));
#2792 = ( GEOMETRIC_REPRESENTATION_CONTEXT(2) 
PARAMETRIC_REPRESENTATION_CONTEXT() REPRESENTATION_CONTEXT('2D SPACE',''
  ) );
#2793 = PCURVE('',#2432,#2794);
#2794 = DEFINITIONAL_REPRESENTATION('',(#2795),#2799);
#2795 = LINE('',#2796,#2797);
#2796 = CARTESIAN_POINT('',(14.,0.));
#2797 = VECTOR('',#2798,1.);
#2798 = DIRECTION('',(0.,1.));
#2799 = ( GEOMETRIC_REPRESENTATION_CONTEXT(2) 
PARAMETRIC_REPRESENTATION_CONTEXT() REPRESENTATION_CONTEXT('2D SPACE',''
  ) );
#2800 = ORIENTED_EDGE('',*,*,#2801,.T.);
#2801 = EDGE_CURVE('',#2779,#2802,#2804,.T.);
#2802 = VERTEX_POINT('',#2803);
#2803 = CARTESIAN_POINT('',(279.20382421881,48.,177.9553976186));
#2804 = SURFACE_CURVE('',#2805,(#2809,#2816),.PCURVE_S1.);
#2805 = LINE('',#2806,#2807);
#2806 = CARTESIAN_POINT('',(293.74162176507,48.,158.85952260581));
#2807 = VECTOR('',#2808,1.);
#2808 = DIRECTION('',(-0.605741564427,0.,0.795661458866));
#2809 = PCURVE('',#2297,#2810);
#2810 = DEFINITIONAL_REPRESENTATION('',(#2811),#2815);
#2811 = LINE('',#2812,#2813);
#2812 = CARTESIAN_POINT('',(114.,-24.));
#2813 = VECTOR('',#2814,1.);
#2814 = DIRECTION('',(0.,1.));
#2815 = ( GEOMETRIC_REPRESENTATION_CONTEXT(2) 
PARAMETRIC_REPRESENTATION_CONTEXT() REPRESENTATION_CONTEXT('2D SPACE',''
  ) );
#2816 = PCURVE('',#2460,#2817);
#2817 = DEFINITIONAL_REPRESENTATION('',(#2818),#2822);
#2818 = LINE('',#2819,#2820);
#2819 = CARTESIAN_POINT('',(14.,0.));
#2820 = VECTOR('',#2821,1.);
#2821 = DIRECTION('',(0.,-1.));
#2822 = ( GEOMETRIC_REPRESENTATION_CONTEXT(2) 
PARAMETRIC_REPRESENTATION_CONTEXT() REPRESENTATION_CONTEXT('2D SPACE',''
  ) );
#2823 = ORIENTED_EDGE('',*,*,#2824,.T.);
#2824 = EDGE_CURVE('',#2802,#2825,#2827,.T.);
#2825 = VERTEX_POINT('',#2826);
#2826 = CARTESIAN_POINT('',(279.20382421881,66.,177.9553976186));
#2827 = SURFACE_CURVE('',#2828,(#2832,#2839),.PCURVE_S1.);
#2828 = LINE('',#2829,#2830);
#2829 = CARTESIAN_POINT('',(279.20382421881,-66.,177.9553976186));
#2830 = VECTOR('',#2831,1.);
#2831 = DIRECTION('',(-0.,1.,0.));
#2832 = PCURVE('',#2297,#2833);
#2833 = DEFINITIONAL_REPRESENTATION('',(#2834),#2838);
#2834 = LINE('',#2835,#2836);
#2835 = CARTESIAN_POINT('',(0.,0.));
#2836 = VECTOR('',#2837,1.);
#2837 = DIRECTION('',(1.,0.));
#2838 = ( GEOMETRIC_REPRESENTATION_CONTEXT(2) 
PARAMETRIC_REPRESENTATION_CONTEXT() REPRESENTATION_CONTEXT('2D SPACE',''
  ) );
#2839 = PCURVE('',#2488,#2840);
#2840 = DEFINITIONAL_REPRESENTATION('',(#2841),#2845);
#2841 = LINE('',#2842,#2843);
#2842 = CARTESIAN_POINT('',(14.,0.));
#2843 = VECTOR('',#2844,1.);
#2844 = DIRECTION('',(0.,1.));
#2845 = ( GEOMETRIC_REPRESENTATION_CONTEXT(2) 
PARAMETRIC_REPRESENTATION_CONTEXT() REPRESENTATION_CONTEXT('2D SPACE',''
  ) );
#2846 = ORIENTED_EDGE('',*,*,#2847,.T.);
#2847 = EDGE_CURVE('',#2825,#2848,#2850,.T.);
#2848 = VERTEX_POINT('',#2849);
#2849 = CARTESIAN_POINT('',(264.66602667255,66.,197.05127263139));
#2850 = SURFACE_CURVE('',#2851,(#2855,#2862),.PCURVE_S1.);
#2851 = LINE('',#2852,#2853);
#2852 = CARTESIAN_POINT('',(279.20382421881,66.,177.9553976186));
#2853 = VECTOR('',#2854,1.);
#2854 = DIRECTION('',(-0.605741564427,0.,0.795661458866));
#2855 = PCURVE('',#2297,#2856);
#2856 = DEFINITIONAL_REPRESENTATION('',(#2857),#2861);
#2857 = LINE('',#2858,#2859);
#2858 = CARTESIAN_POINT('',(132.,0.));
#2859 = VECTOR('',#2860,1.);
#2860 = DIRECTION('',(0.,1.));
#2861 = ( GEOMETRIC_REPRESENTATION_CONTEXT(2) 
PARAMETRIC_REPRESENTATION_CONTEXT() REPRESENTATION_CONTEXT('2D SPACE',''
  ) );
#2862 = PCURVE('',#2516,#2863);
#2863 = DEFINITIONAL_REPRESENTATION('',(#2864),#2868);
#2864 = LINE('',#2865,#2866);
#2865 = CARTESIAN_POINT('',(14.,0.));
#2866 = VECTOR('',#2867,1.);
#2867 = DIRECTION('',(0.,-1.));
#2868 = ( GEOMETRIC_REPRESENTATION_CONTEXT(2) 
PARAMETRIC_REPRESENTATION_CONTEXT() REPRESENTATION_CONTEXT('2D SPACE',''
  ) );
#2869 = ORIENTED_EDGE('',*,*,#2870,.F.);
#2870 = EDGE_CURVE('',#2871,#2848,#2873,.T.);
#2871 = VERTEX_POINT('',#2872);
#2872 = CARTESIAN_POINT('',(264.66602667255,48.,197.05127263139));
#2873 = SURFACE_CURVE('',#2874,(#2878,#2885),.PCURVE_S1.);
#2874 = LINE('',#2875,#2876);
#2875 = CARTESIAN_POINT('',(264.66602667255,-66.,197.05127263139));
#2876 = VECTOR('',#2877,1.);
#2877 = DIRECTION('',(-0.,1.,0.));
#2878 = PCURVE('',#2297,#2879);
#2879 = DEFINITIONAL_REPRESENTATION('',(#2880),#2884);
#2880 = LINE('',#2881,#2882);
#2881 = CARTESIAN_POINT('',(0.,24.));
#2882 = VECTOR('',#2883,1.);
#2883 = DIRECTION('',(1.,0.));
#2884 = ( GEOMETRIC_REPRESENTATION_CONTEXT(2) 
PARAMETRIC_REPRESENTATION_CONTEXT() REPRESENTATION_CONTEXT('2D SPACE',''
  ) );
#2885 = PCURVE('',#2544,#2886);
#2886 = DEFINITIONAL_REPRESENTATION('',(#2887),#2891);
#2887 = LINE('',#2888,#2889);
#2888 = CARTESIAN_POINT('',(14.,0.));
#2889 = VECTOR('',#2890,1.);
#2890 = DIRECTION('',(0.,1.));
#2891 = ( GEOMETRIC_REPRESENTATION_CONTEXT(2) 
PARAMETRIC_REPRESENTATION_CONTEXT() REPRESENTATION_CONTEXT('2D SPACE',''
  ) );
#2892 = ORIENTED_EDGE('',*,*,#2893,.T.);
#2893 = EDGE_CURVE('',#2871,#2894,#2896,.T.);
#2894 = VERTEX_POINT('',#2895);
#2895 = CARTESIAN_POINT('',(250.1282291263,48.,216.14714764418));
#2896 = SURFACE_CURVE('',#2897,(#2901,#2908),.PCURVE_S1.);
#2897 = LINE('',#2898,#2899);
#2898 = CARTESIAN_POINT('',(293.74162176507,48.,158.85952260581));
#2899 = VECTOR('',#2900,1.);
#2900 = DIRECTION('',(-0.605741564427,0.,0.795661458866));
#2901 = PCURVE('',#2297,#2902);
#2902 = DEFINITIONAL_REPRESENTATION('',(#2903),#2907);
#2903 = LINE('',#2904,#2905);
#2904 = CARTESIAN_POINT('',(114.,-24.));
#2905 = VECTOR('',#2906,1.);
#2906 = DIRECTION('',(0.,1.));
#2907 = ( GEOMETRIC_REPRESENTATION_CONTEXT(2) 
PARAMETRIC_REPRESENTATION_CONTEXT() REPRESENTATION_CONTEXT('2D SPACE',''
  ) );
#2908 = PCURVE('',#2572,#2909);
#2909 = DEFINITIONAL_REPRESENTATION('',(#2910),#2914);
#2910 = LINE('',#2911,#2912);
#2911 = CARTESIAN_POINT('',(14.,0.));
#2912 = VECTOR('',#2913,1.);
#2913 = DIRECTION('',(0.,-1.));
#2914 = ( GEOMETRIC_REPRESENTATION_CONTEXT(2) 
PARAMETRIC_REPRESENTATION_CONTEXT() REPRESENTATION_CONTEXT('2D SPACE',''
  ) );
#2915 = ORIENTED_EDGE('',*,*,#2916,.F.);
#2916 = EDGE_CURVE('',#2917,#2894,#2919,.T.);
#2917 = VERTEX_POINT('',#2918);
#2918 = CARTESIAN_POINT('',(250.1282291263,36.,216.14714764418));
#2919 = SURFACE_CURVE('',#2920,(#2924,#2931),.PCURVE_S1.);
#2920 = LINE('',#2921,#2922);
#2921 = CARTESIAN_POINT('',(250.1282291263,36.,216.14714764418));
#2922 = VECTOR('',#2923,1.);
#2923 = DIRECTION('',(-0.,1.,0.));
#2924 = PCURVE('',#2297,#2925);
#2925 = DEFINITIONAL_REPRESENTATION('',(#2926),#2930);
#2926 = LINE('',#2927,#2928);
#2927 = CARTESIAN_POINT('',(102.,48.));
#2928 = VECTOR('',#2929,1.);
#2929 = DIRECTION('',(1.,0.));
#2930 = ( GEOMETRIC_REPRESENTATION_CONTEXT(2) 
PARAMETRIC_REPRESENTATION_CONTEXT() REPRESENTATION_CONTEXT('2D SPACE',''
  ) );
#2931 = PCURVE('',#2600,#2932);
#2932 = DEFINITIONAL_REPRESENTATION('',(#2933),#2937);
#2933 = LINE('',#2934,#2935);
#2934 = CARTESIAN_POINT('',(14.,0.));
#2935 = VECTOR('',#2936,1.);
#2936 = DIRECTION('',(0.,1.));
#2937 = ( GEOMETRIC_REPRESENTATION_CONTEXT(2) 
PARAMETRIC_REPRESENTATION_CONTEXT() REPRESENTATION_CONTEXT('2D SPACE',''
  ) );
#2938 = ORIENTED_EDGE('',*,*,#2939,.F.);
#2939 = EDGE_CURVE('',#2728,#2917,#2940,.T.);
#2940 = SURFACE_CURVE('',#2941,(#2945,#2952),.PCURVE_S1.);
#2941 = LINE('',#2942,#2943);
#2942 = CARTESIAN_POINT('',(293.74162176507,36.,158.85952260581));
#2943 = VECTOR('',#2944,1.);
#2944 = DIRECTION('',(-0.605741564427,0.,0.795661458866));
#2945 = PCURVE('',#2297,#2946);
#2946 = DEFINITIONAL_REPRESENTATION('',(#2947),#2951);
#2947 = LINE('',#2948,#2949);
#2948 = CARTESIAN_POINT('',(102.,-24.));
#2949 = VECTOR('',#2950,1.);
#2950 = DIRECTION('',(0.,1.));
#2951 = ( GEOMETRIC_REPRESENTATION_CONTEXT(2) 
PARAMETRIC_REPRESENTATION_CONTEXT() REPRESENTATION_CONTEXT('2D SPACE',''
  ) );
#2952 = PCURVE('',#2626,#2953);
#2953 = DEFINITIONAL_REPRESENTATION('',(#2954),#2958);
#2954 = LINE('',#2955,#2956);
#2955 = CARTESIAN_POINT('',(14.,0.));
#2956 = VECTOR('',#2957,1.);
#2957 = DIRECTION('',(0.,-1.));
#2958 = ( GEOMETRIC_REPRESENTATION_CONTEXT(2) 
PARAMETRIC_REPRESENTATION_CONTEXT() REPRESENTATION_CONTEXT('2D SPACE',''
  ) );
#2959 = FACE_BOUND('',#2960,.T.);
#2960 = EDGE_LOOP('',(#2961));
#2961 = ORIENTED_EDGE('',*,*,#2962,.T.);
#2962 = EDGE_CURVE('',#2963,#2963,#2965,.T.);
#2963 = VERTEX_POINT('',#2964);
#2964 = CARTESIAN_POINT('',(275.69052314513,52.,182.57023408003));
#2965 = SURFACE_CURVE('',#2966,(#2971,#2982),.PCURVE_S1.);
#2966 = CIRCLE('',#2967,6.2);
#2967 = AXIS2_PLACEMENT_3D('',#2968,#2969,#2970);
#2968 = CARTESIAN_POINT('',(271.93492544568,52.,187.503335125));
#2969 = DIRECTION('',(-0.795661458866,-0.,-0.605741564427));
#2970 = DIRECTION('',(0.605741564427,0.,-0.795661458866));
#2971 = PCURVE('',#2297,#2972);
#2972 = DEFINITIONAL_REPRESENTATION('',(#2973),#2981);
#2973 = ( BOUNDED_CURVE() B_SPLINE_CURVE(2,(#2974,#2975,#2976,#2977,
#2978,#2979,#2980),.UNSPECIFIED.,.T.,.F.) B_SPLINE_CURVE_WITH_KNOTS((1,2
    ,2,2,2,1),(-2.094395102393,0.,2.094395102393,4.188790204786,
6.28318530718,8.377580409573),.UNSPECIFIED.) CURVE() 
GEOMETRIC_REPRESENTATION_ITEM() RATIONAL_B_SPLINE_CURVE((1.,0.5,1.,0.5,
1.,0.5,1.)) REPRESENTATION_ITEM('') );
#2974 = CARTESIAN_POINT('',(118.,5.8));
#2975 = CARTESIAN_POINT('',(107.26128499307,5.8));
#2976 = CARTESIAN_POINT('',(112.63064249653,15.1));
#2977 = CARTESIAN_POINT('',(118.,24.4));
#2978 = CARTESIAN_POINT('',(123.36935750346,15.1));
#2979 = CARTESIAN_POINT('',(128.73871500692,5.8));
#2980 = CARTESIAN_POINT('',(118.,5.8));
#2981 = ( GEOMETRIC_REPRESENTATION_CONTEXT(2) 
PARAMETRIC_REPRESENTATION_CONTEXT() REPRESENTATION_CONTEXT('2D SPACE',''
  ) );
#2982 = PCURVE('',#2661,#2983);
#2983 = DEFINITIONAL_REPRESENTATION('',(#2984),#2988);
#2984 = LINE('',#2985,#2986);
#2985 = CARTESIAN_POINT('',(-6.28318530718,-21.));
#2986 = VECTOR('',#2987,1.);
#2987 = DIRECTION('',(1.,-0.));
#2988 = ( GEOMETRIC_REPRESENTATION_CONTEXT(2) 
PARAMETRIC_REPRESENTATION_CONTEXT() REPRESENTATION_CONTEXT('2D SPACE',''
  ) );
#2989 = ADVANCED_FACE('',(#2990),#2270,.F.);
#2990 = FACE_BOUND('',#2991,.T.);
#2991 = EDGE_LOOP('',(#2992,#2993,#2994,#3013));
#2992 = ORIENTED_EDGE('',*,*,#2255,.F.);
#2993 = ORIENTED_EDGE('',*,*,#2750,.F.);
#2994 = ORIENTED_EDGE('',*,*,#2995,.T.);
#2995 = EDGE_CURVE('',#2726,#2337,#2996,.T.);
#2996 = SURFACE_CURVE('',#2997,(#3001,#3007),.PCURVE_S1.);
#2997 = LINE('',#2998,#2999);
#2998 = CARTESIAN_POINT('',(247.95713603636,27.05845524046,
    184.33069977842));
#2999 = VECTOR('',#3000,1.);
#3000 = DIRECTION('',(-0.795661458866,-0.,-0.605741564427));
#3001 = PCURVE('',#2270,#3002);
#3002 = DEFINITIONAL_REPRESENTATION('',(#3003),#3006);
#3003 = B_SPLINE_CURVE_WITH_KNOTS('',1,(#3004,#3005),.UNSPECIFIED.,.F.,
  .F.,(2,2),(-22.4,-5.6),.PIECEWISE_BEZIER_KNOTS.);
#3004 = CARTESIAN_POINT('',(-1.988218598123,-22.4));
#3005 = CARTESIAN_POINT('',(-1.988218598123,-5.6));
#3006 = ( GEOMETRIC_REPRESENTATION_CONTEXT(2) 
PARAMETRIC_REPRESENTATION_CONTEXT() REPRESENTATION_CONTEXT('2D SPACE',''
  ) );
#3007 = PCURVE('',#2354,#3008);
#3008 = DEFINITIONAL_REPRESENTATION('',(#3009),#3012);
#3009 = B_SPLINE_CURVE_WITH_KNOTS('',1,(#3010,#3011),.UNSPECIFIED.,.F.,
  .F.,(2,2),(-22.4,-5.6),.PIECEWISE_BEZIER_KNOTS.);
#3010 = CARTESIAN_POINT('',(15.4,93.05845524046));
#3011 = CARTESIAN_POINT('',(-1.4,93.05845524046));
#3012 = ( GEOMETRIC_REPRESENTATION_CONTEXT(2) 
PARAMETRIC_REPRESENTATION_CONTEXT() REPRESENTATION_CONTEXT('2D SPACE',''
  ) );
#3013 = ORIENTED_EDGE('',*,*,#2366,.T.);
#3014 = ADVANCED_FACE('',(#3015),#2354,.T.);
#3015 = FACE_BOUND('',#3016,.T.);
#3016 = EDGE_LOOP('',(#3017,#3018,#3019,#3020));
#3017 = ORIENTED_EDGE('',*,*,#2336,.F.);
#3018 = ORIENTED_EDGE('',*,*,#2995,.F.);
#3019 = ORIENTED_EDGE('',*,*,#2725,.T.);
#3020 = ORIENTED_EDGE('',*,*,#3021,.T.);
#3021 = EDGE_CURVE('',#2728,#2339,#3022,.T.);
#3022 = SURFACE_CURVE('',#3023,(#3027,#3033),.PCURVE_S1.);
#3023 = LINE('',#3024,#3025);
#3024 = CARTESIAN_POINT('',(253.52676624843,36.,188.57089072941));
#3025 = VECTOR('',#3026,1.);
#3026 = DIRECTION('',(-0.795661458866,0.,-0.605741564427));
#3027 = PCURVE('',#2354,#3028);
#3028 = DEFINITIONAL_REPRESENTATION('',(#3029),#3032);
#3029 = B_SPLINE_CURVE_WITH_KNOTS('',1,(#3030,#3031),.UNSPECIFIED.,.F.,
  .F.,(2,2),(-14.,-2.261405878887E-14),.PIECEWISE_BEZIER_KNOTS.);
#3030 = CARTESIAN_POINT('',(14.,102.));
#3031 = CARTESIAN_POINT('',(0.,102.));
#3032 = ( GEOMETRIC_REPRESENTATION_CONTEXT(2) 
PARAMETRIC_REPRESENTATION_CONTEXT() REPRESENTATION_CONTEXT('2D SPACE',''
  ) );
#3033 = PCURVE('',#2626,#3034);
#3034 = DEFINITIONAL_REPRESENTATION('',(#3035),#3038);
#3035 = B_SPLINE_CURVE_WITH_KNOTS('',1,(#3036,#3037),.UNSPECIFIED.,.F.,
  .F.,(2,2),(-14.,-2.261405878887E-14),.PIECEWISE_BEZIER_KNOTS.);
#3036 = CARTESIAN_POINT('',(14.,-48.));
#3037 = CARTESIAN_POINT('',(1.550863143127E-14,-48.));
#3038 = ( GEOMETRIC_REPRESENTATION_CONTEXT(2) 
PARAMETRIC_REPRESENTATION_CONTEXT() REPRESENTATION_CONTEXT('2D SPACE',''
  ) );
#3039 = ADVANCED_FACE('',(#3040),#2626,.F.);
#3040 = FACE_BOUND('',#3041,.F.);
#3041 = EDGE_LOOP('',(#3042,#3043,#3044,#3045));
#3042 = ORIENTED_EDGE('',*,*,#2939,.F.);
#3043 = ORIENTED_EDGE('',*,*,#3021,.T.);
#3044 = ORIENTED_EDGE('',*,*,#2612,.T.);
#3045 = ORIENTED_EDGE('',*,*,#3046,.T.);
#3046 = EDGE_CURVE('',#2585,#2917,#3047,.T.);
#3047 = SURFACE_CURVE('',#3048,(#3052,#3059),.PCURVE_S1.);
#3048 = LINE('',#3049,#3050);
#3049 = CARTESIAN_POINT('',(238.98896870217,36.,207.6667657422));
#3050 = VECTOR('',#3051,1.);
#3051 = DIRECTION('',(0.795661458866,0.,0.605741564427));
#3052 = PCURVE('',#2626,#3053);
#3053 = DEFINITIONAL_REPRESENTATION('',(#3054),#3058);
#3054 = LINE('',#3055,#3056);
#3055 = CARTESIAN_POINT('',(0.,-72.));
#3056 = VECTOR('',#3057,1.);
#3057 = DIRECTION('',(1.,0.));
#3058 = ( GEOMETRIC_REPRESENTATION_CONTEXT(2) 
PARAMETRIC_REPRESENTATION_CONTEXT() REPRESENTATION_CONTEXT('2D SPACE',''
  ) );
#3059 = PCURVE('',#2600,#3060);
#3060 = DEFINITIONAL_REPRESENTATION('',(#3061),#3065);
#3061 = LINE('',#3062,#3063);
#3062 = CARTESIAN_POINT('',(0.,0.));
#3063 = VECTOR('',#3064,1.);
#3064 = DIRECTION('',(1.,0.));
#3065 = ( GEOMETRIC_REPRESENTATION_CONTEXT(2) 
PARAMETRIC_REPRESENTATION_CONTEXT() REPRESENTATION_CONTEXT('2D SPACE',''
  ) );
#3066 = ADVANCED_FACE('',(#3067),#2600,.T.);
#3067 = FACE_BOUND('',#3068,.T.);
#3068 = EDGE_LOOP('',(#3069,#3070,#3071,#3072));
#3069 = ORIENTED_EDGE('',*,*,#2584,.F.);
#3070 = ORIENTED_EDGE('',*,*,#3046,.T.);
#3071 = ORIENTED_EDGE('',*,*,#2916,.T.);
#3072 = ORIENTED_EDGE('',*,*,#3073,.F.);
#3073 = EDGE_CURVE('',#2557,#2894,#3074,.T.);
#3074 = SURFACE_CURVE('',#3075,(#3079,#3086),.PCURVE_S1.);
#3075 = LINE('',#3076,#3077);
#3076 = CARTESIAN_POINT('',(238.98896870217,48.,207.6667657422));
#3077 = VECTOR('',#3078,1.);
#3078 = DIRECTION('',(0.795661458866,0.,0.605741564427));
#3079 = PCURVE('',#2600,#3080);
#3080 = DEFINITIONAL_REPRESENTATION('',(#3081),#3085);
#3081 = LINE('',#3082,#3083);
#3082 = CARTESIAN_POINT('',(0.,12.));
#3083 = VECTOR('',#3084,1.);
#3084 = DIRECTION('',(1.,0.));
#3085 = ( GEOMETRIC_REPRESENTATION_CONTEXT(2) 
PARAMETRIC_REPRESENTATION_CONTEXT() REPRESENTATION_CONTEXT('2D SPACE',''
  ) );
#3086 = PCURVE('',#2572,#3087);
#3087 = DEFINITIONAL_REPRESENTATION('',(#3088),#3092);
#3088 = LINE('',#3089,#3090);
#3089 = CARTESIAN_POINT('',(0.,-72.));
#3090 = VECTOR('',#3091,1.);
#3091 = DIRECTION('',(1.,0.));
#3092 = ( GEOMETRIC_REPRESENTATION_CONTEXT(2) 
PARAMETRIC_REPRESENTATION_CONTEXT() REPRESENTATION_CONTEXT('2D SPACE',''
  ) );
#3093 = ADVANCED_FACE('',(#3094),#2572,.T.);
#3094 = FACE_BOUND('',#3095,.T.);
#3095 = EDGE_LOOP('',(#3096,#3097,#3116,#3117));
#3096 = ORIENTED_EDGE('',*,*,#2893,.F.);
#3097 = ORIENTED_EDGE('',*,*,#3098,.T.);
#3098 = EDGE_CURVE('',#2871,#2529,#3099,.T.);
#3099 = SURFACE_CURVE('',#3100,(#3104,#3110),.PCURVE_S1.);
#3100 = LINE('',#3101,#3102);
#3101 = CARTESIAN_POINT('',(253.52676624843,48.,188.57089072941));
#3102 = VECTOR('',#3103,1.);
#3103 = DIRECTION('',(-0.795661458866,0.,-0.605741564427));
#3104 = PCURVE('',#2572,#3105);
#3105 = DEFINITIONAL_REPRESENTATION('',(#3106),#3109);
#3106 = B_SPLINE_CURVE_WITH_KNOTS('',1,(#3107,#3108),.UNSPECIFIED.,.F.,
  .F.,(2,2),(-14.,-2.261405878887E-14),.PIECEWISE_BEZIER_KNOTS.);
#3107 = CARTESIAN_POINT('',(14.,-48.));
#3108 = CARTESIAN_POINT('',(1.550863143127E-14,-48.));
#3109 = ( GEOMETRIC_REPRESENTATION_CONTEXT(2) 
PARAMETRIC_REPRESENTATION_CONTEXT() REPRESENTATION_CONTEXT('2D SPACE',''
  ) );
#3110 = PCURVE('',#2544,#3111);
#3111 = DEFINITIONAL_REPRESENTATION('',(#3112),#3115);
#3112 = B_SPLINE_CURVE_WITH_KNOTS('',1,(#3113,#3114),.UNSPECIFIED.,.F.,
  .F.,(2,2),(-14.,-2.261405878887E-14),.PIECEWISE_BEZIER_KNOTS.);
#3113 = CARTESIAN_POINT('',(14.,114.));
#3114 = CARTESIAN_POINT('',(0.,114.));
#3115 = ( GEOMETRIC_REPRESENTATION_CONTEXT(2) 
PARAMETRIC_REPRESENTATION_CONTEXT() REPRESENTATION_CONTEXT('2D SPACE',''
  ) );
#3116 = ORIENTED_EDGE('',*,*,#2556,.T.);
#3117 = ORIENTED_EDGE('',*,*,#3073,.T.);
#3118 = ADVANCED_FACE('',(#3119),#2432,.F.);
#3119 = FACE_BOUND('',#3120,.F.);
#3120 = EDGE_LOOP('',(#3121,#3122,#3123,#3124));
#3121 = ORIENTED_EDGE('',*,*,#2416,.F.);
#3122 = ORIENTED_EDGE('',*,*,#2699,.T.);
#3123 = ORIENTED_EDGE('',*,*,#2778,.T.);
#3124 = ORIENTED_EDGE('',*,*,#3125,.F.);
#3125 = EDGE_CURVE('',#2417,#2779,#3126,.T.);
#3126 = SURFACE_CURVE('',#3127,(#3131,#3138),.PCURVE_S1.);
#3127 = LINE('',#3128,#3129);
#3128 = CARTESIAN_POINT('',(282.60236134094,48.,150.37914070383));
#3129 = VECTOR('',#3130,1.);
#3130 = DIRECTION('',(0.795661458866,0.,0.605741564427));
#3131 = PCURVE('',#2432,#3132);
#3132 = DEFINITIONAL_REPRESENTATION('',(#3133),#3137);
#3133 = LINE('',#3134,#3135);
#3134 = CARTESIAN_POINT('',(0.,12.));
#3135 = VECTOR('',#3136,1.);
#3136 = DIRECTION('',(1.,0.));
#3137 = ( GEOMETRIC_REPRESENTATION_CONTEXT(2) 
PARAMETRIC_REPRESENTATION_CONTEXT() REPRESENTATION_CONTEXT('2D SPACE',''
  ) );
#3138 = PCURVE('',#2460,#3139);
#3139 = DEFINITIONAL_REPRESENTATION('',(#3140),#3144);
#3140 = LINE('',#3141,#3142);
#3141 = CARTESIAN_POINT('',(0.,0.));
#3142 = VECTOR('',#3143,1.);
#3143 = DIRECTION('',(1.,0.));
#3144 = ( GEOMETRIC_REPRESENTATION_CONTEXT(2) 
PARAMETRIC_REPRESENTATION_CONTEXT() REPRESENTATION_CONTEXT('2D SPACE',''
  ) );
#3145 = ADVANCED_FACE('',(#3146),#2544,.T.);
#3146 = FACE_BOUND('',#3147,.T.);
#3147 = EDGE_LOOP('',(#3148,#3149,#3150,#3151));
#3148 = ORIENTED_EDGE('',*,*,#2528,.F.);
#3149 = ORIENTED_EDGE('',*,*,#3098,.F.);
#3150 = ORIENTED_EDGE('',*,*,#2870,.T.);
#3151 = ORIENTED_EDGE('',*,*,#3152,.F.);
#3152 = EDGE_CURVE('',#2501,#2848,#3153,.T.);
#3153 = SURFACE_CURVE('',#3154,(#3158,#3165),.PCURVE_S1.);
#3154 = LINE('',#3155,#3156);
#3155 = CARTESIAN_POINT('',(253.52676624843,66.,188.57089072941));
#3156 = VECTOR('',#3157,1.);
#3157 = DIRECTION('',(0.795661458866,0.,0.605741564427));
#3158 = PCURVE('',#2544,#3159);
#3159 = DEFINITIONAL_REPRESENTATION('',(#3160),#3164);
#3160 = LINE('',#3161,#3162);
#3161 = CARTESIAN_POINT('',(0.,132.));
#3162 = VECTOR('',#3163,1.);
#3163 = DIRECTION('',(1.,0.));
#3164 = ( GEOMETRIC_REPRESENTATION_CONTEXT(2) 
PARAMETRIC_REPRESENTATION_CONTEXT() REPRESENTATION_CONTEXT('2D SPACE',''
  ) );
#3165 = PCURVE('',#2516,#3166);
#3166 = DEFINITIONAL_REPRESENTATION('',(#3167),#3171);
#3167 = LINE('',#3168,#3169);
#3168 = CARTESIAN_POINT('',(0.,-24.));
#3169 = VECTOR('',#3170,1.);
#3170 = DIRECTION('',(1.,0.));
#3171 = ( GEOMETRIC_REPRESENTATION_CONTEXT(2) 
PARAMETRIC_REPRESENTATION_CONTEXT() REPRESENTATION_CONTEXT('2D SPACE',''
  ) );
#3172 = ADVANCED_FACE('',(#3173),#2460,.T.);
#3173 = FACE_BOUND('',#3174,.T.);
#3174 = EDGE_LOOP('',(#3175,#3176,#3177,#3178));
#3175 = ORIENTED_EDGE('',*,*,#2801,.F.);
#3176 = ORIENTED_EDGE('',*,*,#3125,.F.);
#3177 = ORIENTED_EDGE('',*,*,#2444,.T.);
#3178 = ORIENTED_EDGE('',*,*,#3179,.F.);
#3179 = EDGE_CURVE('',#2802,#2445,#3180,.T.);
#3180 = SURFACE_CURVE('',#3181,(#3185,#3191),.PCURVE_S1.);
#3181 = LINE('',#3182,#3183);
#3182 = CARTESIAN_POINT('',(268.06456379468,48.,169.47501571662));
#3183 = VECTOR('',#3184,1.);
#3184 = DIRECTION('',(-0.795661458866,0.,-0.605741564427));
#3185 = PCURVE('',#2460,#3186);
#3186 = DEFINITIONAL_REPRESENTATION('',(#3187),#3190);
#3187 = B_SPLINE_CURVE_WITH_KNOTS('',1,(#3188,#3189),.UNSPECIFIED.,.F.,
  .F.,(2,2),(-14.,0.),.PIECEWISE_BEZIER_KNOTS.);
#3188 = CARTESIAN_POINT('',(14.,-24.));
#3189 = CARTESIAN_POINT('',(5.329070518201E-15,-24.));
#3190 = ( GEOMETRIC_REPRESENTATION_CONTEXT(2) 
PARAMETRIC_REPRESENTATION_CONTEXT() REPRESENTATION_CONTEXT('2D SPACE',''
  ) );
#3191 = PCURVE('',#2488,#3192);
#3192 = DEFINITIONAL_REPRESENTATION('',(#3193),#3196);
#3193 = B_SPLINE_CURVE_WITH_KNOTS('',1,(#3194,#3195),.UNSPECIFIED.,.F.,
  .F.,(2,2),(-14.,0.),.PIECEWISE_BEZIER_KNOTS.);
#3194 = CARTESIAN_POINT('',(14.,114.));
#3195 = CARTESIAN_POINT('',(0.,114.));
#3196 = ( GEOMETRIC_REPRESENTATION_CONTEXT(2) 
PARAMETRIC_REPRESENTATION_CONTEXT() REPRESENTATION_CONTEXT('2D SPACE',''
  ) );
#3197 = ADVANCED_FACE('',(#3198),#2516,.T.);
#3198 = FACE_BOUND('',#3199,.T.);
#3199 = EDGE_LOOP('',(#3200,#3221,#3222,#3223));
#3200 = ORIENTED_EDGE('',*,*,#3201,.F.);
#3201 = EDGE_CURVE('',#2473,#2825,#3202,.T.);
#3202 = SURFACE_CURVE('',#3203,(#3207,#3214),.PCURVE_S1.);
#3203 = LINE('',#3204,#3205);
#3204 = CARTESIAN_POINT('',(268.06456379468,66.,169.47501571662));
#3205 = VECTOR('',#3206,1.);
#3206 = DIRECTION('',(0.795661458866,0.,0.605741564427));
#3207 = PCURVE('',#2516,#3208);
#3208 = DEFINITIONAL_REPRESENTATION('',(#3209),#3213);
#3209 = LINE('',#3210,#3211);
#3210 = CARTESIAN_POINT('',(0.,0.));
#3211 = VECTOR('',#3212,1.);
#3212 = DIRECTION('',(1.,0.));
#3213 = ( GEOMETRIC_REPRESENTATION_CONTEXT(2) 
PARAMETRIC_REPRESENTATION_CONTEXT() REPRESENTATION_CONTEXT('2D SPACE',''
  ) );
#3214 = PCURVE('',#2488,#3215);
#3215 = DEFINITIONAL_REPRESENTATION('',(#3216),#3220);
#3216 = LINE('',#3217,#3218);
#3217 = CARTESIAN_POINT('',(0.,132.));
#3218 = VECTOR('',#3219,1.);
#3219 = DIRECTION('',(1.,0.));
#3220 = ( GEOMETRIC_REPRESENTATION_CONTEXT(2) 
PARAMETRIC_REPRESENTATION_CONTEXT() REPRESENTATION_CONTEXT('2D SPACE',''
  ) );
#3221 = ORIENTED_EDGE('',*,*,#2500,.T.);
#3222 = ORIENTED_EDGE('',*,*,#3152,.T.);
#3223 = ORIENTED_EDGE('',*,*,#2847,.F.);
#3224 = ADVANCED_FACE('',(#3225),#2488,.F.);
#3225 = FACE_BOUND('',#3226,.F.);
#3226 = EDGE_LOOP('',(#3227,#3228,#3229,#3230));
#3227 = ORIENTED_EDGE('',*,*,#2472,.F.);
#3228 = ORIENTED_EDGE('',*,*,#3179,.F.);
#3229 = ORIENTED_EDGE('',*,*,#2824,.T.);
#3230 = ORIENTED_EDGE('',*,*,#3201,.F.);
#3231 = ADVANCED_FACE('',(#3232),#2661,.F.);
#3232 = FACE_BOUND('',#3233,.T.);
#3233 = EDGE_LOOP('',(#3234,#3235,#3256,#3257));
#3234 = ORIENTED_EDGE('',*,*,#2640,.T.);
#3235 = ORIENTED_EDGE('',*,*,#3236,.T.);
#3236 = EDGE_CURVE('',#2641,#2963,#3237,.T.);
#3237 = SEAM_CURVE('',#3238,(#3242,#3249),.PCURVE_S1.);
#3238 = LINE('',#3239,#3240);
#3239 = CARTESIAN_POINT('',(258.98163250894,52.,169.84966122705));
#3240 = VECTOR('',#3241,1.);
#3241 = DIRECTION('',(0.795661458866,0.,0.605741564427));
#3242 = PCURVE('',#2661,#3243);
#3243 = DEFINITIONAL_REPRESENTATION('',(#3244),#3248);
#3244 = LINE('',#3245,#3246);
#3245 = CARTESIAN_POINT('',(-6.28318530718,0.));
#3246 = VECTOR('',#3247,1.);
#3247 = DIRECTION('',(-0.,-1.));
#3248 = ( GEOMETRIC_REPRESENTATION_CONTEXT(2) 
PARAMETRIC_REPRESENTATION_CONTEXT() REPRESENTATION_CONTEXT('2D SPACE',''
  ) );
#3249 = PCURVE('',#2661,#3250);
#3250 = DEFINITIONAL_REPRESENTATION('',(#3251),#3255);
#3251 = LINE('',#3252,#3253);
#3252 = CARTESIAN_POINT('',(-0.,0.));
#3253 = VECTOR('',#3254,1.);
#3254 = DIRECTION('',(-0.,-1.));
#3255 = ( GEOMETRIC_REPRESENTATION_CONTEXT(2) 
PARAMETRIC_REPRESENTATION_CONTEXT() REPRESENTATION_CONTEXT('2D SPACE',''
  ) );
#3256 = ORIENTED_EDGE('',*,*,#2962,.F.);
#3257 = ORIENTED_EDGE('',*,*,#3236,.F.);
#3258 = MANIFOLD_SOLID_BREP('',#3259);
#3259 = CLOSED_SHELL('',(#3260,#3382,#3490,#3755,#3837,#4062,#4069,#4096
    ,#4172,#4221,#4270,#4297,#4381,#4409,#4467,#4474,#4550,#4599,#4648,
    #4675,#4682,#4709));
#3260 = ADVANCED_FACE('',(#3261),#3276,.T.);
#3261 = FACE_BOUND('',#3262,.F.);
#3262 = EDGE_LOOP('',(#3263,#3299,#3325,#3358));
#3263 = ORIENTED_EDGE('',*,*,#3264,.F.);
#3264 = EDGE_CURVE('',#3265,#3267,#3269,.T.);
#3265 = VERTEX_POINT('',#3266);
#3266 = CARTESIAN_POINT('',(213.37386400512,-18.30300521772,
    181.88176212849));
#3267 = VERTEX_POINT('',#3268);
#3268 = CARTESIAN_POINT('',(250.92984099962,-18.30300521772,
    132.55075167878));
#3269 = SURFACE_CURVE('',#3270,(#3275,#3287),.PCURVE_S1.);
#3270 = CIRCLE('',#3271,36.);
#3271 = AXIS2_PLACEMENT_3D('',#3272,#3273,#3274);
#3272 = CARTESIAN_POINT('',(232.15185250237,0.,157.21625690363));
#3273 = DIRECTION('',(0.795661458866,-5.551115123126E-17,0.605741564427)
  );
#3274 = DIRECTION('',(-0.52161079159,-0.508416811603,0.685152922913));
#3275 = PCURVE('',#3276,#3281);
#3276 = CYLINDRICAL_SURFACE('',#3277,36.);
#3277 = AXIS2_PLACEMENT_3D('',#3278,#3279,#3280);
#3278 = CARTESIAN_POINT('',(232.15185250237,0.,157.21625690363));
#3279 = DIRECTION('',(-0.795661458866,-0.,-0.605741564427));
#3280 = DIRECTION('',(0.605741564427,0.,-0.795661458866));
#3281 = DEFINITIONAL_REPRESENTATION('',(#3282),#3286);
#3282 = LINE('',#3283,#3284);
#3283 = CARTESIAN_POINT('',(-3.6749379025,0.));
#3284 = VECTOR('',#3285,1.);
#3285 = DIRECTION('',(-1.,0.));
#3286 = ( GEOMETRIC_REPRESENTATION_CONTEXT(2) 
PARAMETRIC_REPRESENTATION_CONTEXT() REPRESENTATION_CONTEXT('2D SPACE',''
  ) );
#3287 = PCURVE('',#3288,#3293);
#3288 = PLANE('',#3289);
#3289 = AXIS2_PLACEMENT_3D('',#3290,#3291,#3292);
#3290 = CARTESIAN_POINT('',(232.15185250237,-1.469576158977E-15,
    157.21625690363));
#3291 = DIRECTION('',(0.795661458866,0.,0.605741564427));
#3292 = DIRECTION('',(0.605741564427,0.,-0.795661458866));
#3293 = DEFINITIONAL_REPRESENTATION('',(#3294),#3298);
#3294 = CIRCLE('',#3295,36.);
#3295 = AXIS2_PLACEMENT_2D('',#3296,#3297);
#3296 = CARTESIAN_POINT('',(0.,1.469576158977E-15));
#3297 = DIRECTION('',(-0.861111111111,-0.508416811603));
#3298 = ( GEOMETRIC_REPRESENTATION_CONTEXT(2) 
PARAMETRIC_REPRESENTATION_CONTEXT() REPRESENTATION_CONTEXT('2D SPACE',''
  ) );
#3299 = ORIENTED_EDGE('',*,*,#3300,.F.);
#3300 = EDGE_CURVE('',#3301,#3265,#3303,.T.);
#3301 = VERTEX_POINT('',#3302);
#3302 = CARTESIAN_POINT('',(221.33047859379,-18.30300521772,
    187.93917777276));
#3303 = SURFACE_CURVE('',#3304,(#3308,#3314),.PCURVE_S1.);
#3304 = LINE('',#3305,#3306);
#3305 = CARTESIAN_POINT('',(213.37386400512,-18.30300521772,
    181.88176212849));
#3306 = VECTOR('',#3307,1.);
#3307 = DIRECTION('',(-0.795661458866,-0.,-0.605741564427));
#3308 = PCURVE('',#3276,#3309);
#3309 = DEFINITIONAL_REPRESENTATION('',(#3310),#3313);
#3310 = B_SPLINE_CURVE_WITH_KNOTS('',1,(#3311,#3312),.UNSPECIFIED.,.F.,
  .F.,(2,2),(-10.,1.721621073407E-14),.PIECEWISE_BEZIER_KNOTS.);
#3311 = CARTESIAN_POINT('',(-3.6749379025,-10.));
#3312 = CARTESIAN_POINT('',(-3.6749379025,-4.100071338731E-15));
#3313 = ( GEOMETRIC_REPRESENTATION_CONTEXT(2) 
PARAMETRIC_REPRESENTATION_CONTEXT() REPRESENTATION_CONTEXT('2D SPACE',''
  ) );
#3314 = PCURVE('',#3315,#3320);
#3315 = PLANE('',#3316);
#3316 = AXIS2_PLACEMENT_3D('',#3317,#3318,#3319);
#3317 = CARTESIAN_POINT('',(207.80423379306,-25.,177.64157117749));
#3318 = DIRECTION('',(-0.605741564427,0.,0.795661458866));
#3319 = DIRECTION('',(0.795661458866,0.,0.605741564427));
#3320 = DEFINITIONAL_REPRESENTATION('',(#3321),#3324);
#3321 = B_SPLINE_CURVE_WITH_KNOTS('',1,(#3322,#3323),.UNSPECIFIED.,.F.,
  .F.,(2,2),(-10.0000006,6.000000167025E-07),.PIECEWISE_BEZIER_KNOTS.);
#3322 = CARTESIAN_POINT('',(17.0000006,6.696994782277));
#3323 = CARTESIAN_POINT('',(6.9999994,6.696994782277));
#3324 = ( GEOMETRIC_REPRESENTATION_CONTEXT(2) 
PARAMETRIC_REPRESENTATION_CONTEXT() REPRESENTATION_CONTEXT('2D SPACE',''
  ) );
#3325 = ORIENTED_EDGE('',*,*,#3326,.F.);
#3326 = EDGE_CURVE('',#3327,#3301,#3329,.T.);
#3327 = VERTEX_POINT('',#3328);
#3328 = CARTESIAN_POINT('',(258.88645558828,-18.30300521772,
    138.60816732305));
#3329 = SURFACE_CURVE('',#3330,(#3335,#3342),.PCURVE_S1.);
#3330 = CIRCLE('',#3331,36.);
#3331 = AXIS2_PLACEMENT_3D('',#3332,#3333,#3334);
#3332 = CARTESIAN_POINT('',(240.10846709103,0.,163.27367254791));
#3333 = DIRECTION('',(-0.795661458866,1.054711873394E-15,-0.605741564427
    ));
#3334 = DIRECTION('',(-0.52161079159,0.508416811603,0.685152922913));
#3335 = PCURVE('',#3276,#3336);
#3336 = DEFINITIONAL_REPRESENTATION('',(#3337),#3341);
#3337 = LINE('',#3338,#3339);
#3338 = CARTESIAN_POINT('',(-8.891432711859,-10.));
#3339 = VECTOR('',#3340,1.);
#3340 = DIRECTION('',(1.,-0.));
#3341 = ( GEOMETRIC_REPRESENTATION_CONTEXT(2) 
PARAMETRIC_REPRESENTATION_CONTEXT() REPRESENTATION_CONTEXT('2D SPACE',''
  ) );
#3342 = PCURVE('',#3343,#3348);
#3343 = PLANE('',#3344);
#3344 = AXIS2_PLACEMENT_3D('',#3345,#3346,#3347);
#3345 = CARTESIAN_POINT('',(240.10846709103,-1.469576158977E-15,
    163.27367254791));
#3346 = DIRECTION('',(0.795661458866,0.,0.605741564427));
#3347 = DIRECTION('',(0.605741564427,0.,-0.795661458866));
#3348 = DEFINITIONAL_REPRESENTATION('',(#3349),#3357);
#3349 = ( BOUNDED_CURVE() B_SPLINE_CURVE(2,(#3350,#3351,#3352,#3353,
#3354,#3355,#3356),.UNSPECIFIED.,.T.,.F.) B_SPLINE_CURVE_WITH_KNOTS((1,2
    ,2,2,2,1),(-2.094395102393,0.,2.094395102393,4.188790204786,
6.28318530718,8.377580409573),.UNSPECIFIED.) CURVE() 
GEOMETRIC_REPRESENTATION_ITEM() RATIONAL_B_SPLINE_CURVE((1.,0.5,1.,0.5,
1.,0.5,1.)) REPRESENTATION_ITEM('') );
#3350 = CARTESIAN_POINT('',(-31.,18.303005217723));
#3351 = CARTESIAN_POINT('',(0.701734968295,71.996580252358));
#3352 = CARTESIAN_POINT('',(31.350867484147,17.695284908456));
#3353 = CARTESIAN_POINT('',(62.,-36.60601043544));
#3354 = CARTESIAN_POINT('',(-0.350867484147,-35.99829012617));
#3355 = CARTESIAN_POINT('',(-62.70173496829,-35.39056981691));
#3356 = CARTESIAN_POINT('',(-31.,18.303005217723));
#3357 = ( GEOMETRIC_REPRESENTATION_CONTEXT(2) 
PARAMETRIC_REPRESENTATION_CONTEXT() REPRESENTATION_CONTEXT('2D SPACE',''
  ) );
#3358 = ORIENTED_EDGE('',*,*,#3359,.T.);
#3359 = EDGE_CURVE('',#3327,#3267,#3360,.T.);
#3360 = SURFACE_CURVE('',#3361,(#3365,#3371),.PCURVE_S1.);
#3361 = LINE('',#3362,#3363);
#3362 = CARTESIAN_POINT('',(250.92984099962,-18.30300521772,
    132.55075167878));
#3363 = VECTOR('',#3364,1.);
#3364 = DIRECTION('',(-0.795661458866,-0.,-0.605741564427));
#3365 = PCURVE('',#3276,#3366);
#3366 = DEFINITIONAL_REPRESENTATION('',(#3367),#3370);
#3367 = B_SPLINE_CURVE_WITH_KNOTS('',1,(#3368,#3369),.UNSPECIFIED.,.F.,
  .F.,(2,2),(-10.0000006,5.999999768723E-07),.PIECEWISE_BEZIER_KNOTS.);
#3368 = CARTESIAN_POINT('',(-5.749840058269,-10.0000006));
#3369 = CARTESIAN_POINT('',(-5.749840058269,5.999999981885E-07));
#3370 = ( GEOMETRIC_REPRESENTATION_CONTEXT(2) 
PARAMETRIC_REPRESENTATION_CONTEXT() REPRESENTATION_CONTEXT('2D SPACE',''
  ) );
#3371 = PCURVE('',#3372,#3377);
#3372 = PLANE('',#3373);
#3373 = AXIS2_PLACEMENT_3D('',#3374,#3375,#3376);
#3374 = CARTESIAN_POINT('',(245.36021078755,-25.,128.31056072779));
#3375 = DIRECTION('',(-0.605741564427,0.,0.795661458866));
#3376 = DIRECTION('',(0.795661458866,0.,0.605741564427));
#3377 = DEFINITIONAL_REPRESENTATION('',(#3378),#3381);
#3378 = B_SPLINE_CURVE_WITH_KNOTS('',1,(#3379,#3380),.UNSPECIFIED.,.F.,
  .F.,(2,2),(-10.0000006,5.999999768723E-07),.PIECEWISE_BEZIER_KNOTS.);
#3379 = CARTESIAN_POINT('',(17.0000006,6.696994782277));
#3380 = CARTESIAN_POINT('',(6.9999994,6.696994782277));
#3381 = ( GEOMETRIC_REPRESENTATION_CONTEXT(2) 
PARAMETRIC_REPRESENTATION_CONTEXT() REPRESENTATION_CONTEXT('2D SPACE',''
  ) );
#3382 = ADVANCED_FACE('',(#3383,#3455),#3288,.F.);
#3383 = FACE_BOUND('',#3384,.F.);
#3384 = EDGE_LOOP('',(#3385,#3406,#3407,#3428));
#3385 = ORIENTED_EDGE('',*,*,#3386,.T.);
#3386 = EDGE_CURVE('',#3387,#3265,#3389,.T.);
#3387 = VERTEX_POINT('',#3388);
#3388 = CARTESIAN_POINT('',(213.37386400512,18.303005217723,
    181.88176212849));
#3389 = SURFACE_CURVE('',#3390,(#3394,#3400),.PCURVE_S1.);
#3390 = LINE('',#3391,#3392);
#3391 = CARTESIAN_POINT('',(213.37386400512,-12.5,181.88176212849));
#3392 = VECTOR('',#3393,1.);
#3393 = DIRECTION('',(0.,-1.,0.));
#3394 = PCURVE('',#3288,#3395);
#3395 = DEFINITIONAL_REPRESENTATION('',(#3396),#3399);
#3396 = B_SPLINE_CURVE_WITH_KNOTS('',1,(#3397,#3398),.UNSPECIFIED.,.F.,
  .F.,(2,2),(-37.5,12.5),.PIECEWISE_BEZIER_KNOTS.);
#3397 = CARTESIAN_POINT('',(-31.,25.));
#3398 = CARTESIAN_POINT('',(-31.,-25.));
#3399 = ( GEOMETRIC_REPRESENTATION_CONTEXT(2) 
PARAMETRIC_REPRESENTATION_CONTEXT() REPRESENTATION_CONTEXT('2D SPACE',''
  ) );
#3400 = PCURVE('',#3315,#3401);
#3401 = DEFINITIONAL_REPRESENTATION('',(#3402),#3405);
#3402 = B_SPLINE_CURVE_WITH_KNOTS('',1,(#3403,#3404),.UNSPECIFIED.,.F.,
  .F.,(2,2),(-37.5,12.5),.PIECEWISE_BEZIER_KNOTS.);
#3403 = CARTESIAN_POINT('',(7.,50.));
#3404 = CARTESIAN_POINT('',(7.,0.));
#3405 = ( GEOMETRIC_REPRESENTATION_CONTEXT(2) 
PARAMETRIC_REPRESENTATION_CONTEXT() REPRESENTATION_CONTEXT('2D SPACE',''
  ) );
#3406 = ORIENTED_EDGE('',*,*,#3264,.T.);
#3407 = ORIENTED_EDGE('',*,*,#3408,.F.);
#3408 = EDGE_CURVE('',#3409,#3267,#3411,.T.);
#3409 = VERTEX_POINT('',#3410);
#3410 = CARTESIAN_POINT('',(250.92984099962,18.303005217723,
    132.55075167878));
#3411 = SURFACE_CURVE('',#3412,(#3416,#3422),.PCURVE_S1.);
#3412 = LINE('',#3413,#3414);
#3413 = CARTESIAN_POINT('',(250.92984099962,-12.5,132.55075167878));
#3414 = VECTOR('',#3415,1.);
#3415 = DIRECTION('',(0.,-1.,0.));
#3416 = PCURVE('',#3288,#3417);
#3417 = DEFINITIONAL_REPRESENTATION('',(#3418),#3421);
#3418 = B_SPLINE_CURVE_WITH_KNOTS('',1,(#3419,#3420),.UNSPECIFIED.,.F.,
  .F.,(2,2),(-37.5,12.5),.PIECEWISE_BEZIER_KNOTS.);
#3419 = CARTESIAN_POINT('',(31.,25.));
#3420 = CARTESIAN_POINT('',(31.,-25.));
#3421 = ( GEOMETRIC_REPRESENTATION_CONTEXT(2) 
PARAMETRIC_REPRESENTATION_CONTEXT() REPRESENTATION_CONTEXT('2D SPACE',''
  ) );
#3422 = PCURVE('',#3372,#3423);
#3423 = DEFINITIONAL_REPRESENTATION('',(#3424),#3427);
#3424 = B_SPLINE_CURVE_WITH_KNOTS('',1,(#3425,#3426),.UNSPECIFIED.,.F.,
  .F.,(2,2),(-37.5,12.5),.PIECEWISE_BEZIER_KNOTS.);
#3425 = CARTESIAN_POINT('',(7.,50.));
#3426 = CARTESIAN_POINT('',(7.,0.));
#3427 = ( GEOMETRIC_REPRESENTATION_CONTEXT(2) 
PARAMETRIC_REPRESENTATION_CONTEXT() REPRESENTATION_CONTEXT('2D SPACE',''
  ) );
#3428 = ORIENTED_EDGE('',*,*,#3429,.T.);
#3429 = EDGE_CURVE('',#3409,#3387,#3430,.T.);
#3430 = SURFACE_CURVE('',#3431,(#3436,#3443),.PCURVE_S1.);
#3431 = CIRCLE('',#3432,36.);
#3432 = AXIS2_PLACEMENT_3D('',#3433,#3434,#3435);
#3433 = CARTESIAN_POINT('',(232.15185250237,0.,157.21625690363));
#3434 = DIRECTION('',(0.795661458866,-5.551115123126E-17,0.605741564427)
  );
#3435 = DIRECTION('',(-0.52161079159,-0.508416811603,0.685152922913));
#3436 = PCURVE('',#3288,#3437);
#3437 = DEFINITIONAL_REPRESENTATION('',(#3438),#3442);
#3438 = CIRCLE('',#3439,36.);
#3439 = AXIS2_PLACEMENT_2D('',#3440,#3441);
#3440 = CARTESIAN_POINT('',(0.,1.469576158977E-15));
#3441 = DIRECTION('',(-0.861111111111,-0.508416811603));
#3442 = ( GEOMETRIC_REPRESENTATION_CONTEXT(2) 
PARAMETRIC_REPRESENTATION_CONTEXT() REPRESENTATION_CONTEXT('2D SPACE',''
  ) );
#3443 = PCURVE('',#3444,#3449);
#3444 = CYLINDRICAL_SURFACE('',#3445,36.);
#3445 = AXIS2_PLACEMENT_3D('',#3446,#3447,#3448);
#3446 = CARTESIAN_POINT('',(232.15185250237,0.,157.21625690363));
#3447 = DIRECTION('',(-0.795661458866,-0.,-0.605741564427));
#3448 = DIRECTION('',(0.605741564427,0.,-0.795661458866));
#3449 = DEFINITIONAL_REPRESENTATION('',(#3450),#3454);
#3450 = LINE('',#3451,#3452);
#3451 = CARTESIAN_POINT('',(-3.6749379025,0.));
#3452 = VECTOR('',#3453,1.);
#3453 = DIRECTION('',(-1.,0.));
#3454 = ( GEOMETRIC_REPRESENTATION_CONTEXT(2) 
PARAMETRIC_REPRESENTATION_CONTEXT() REPRESENTATION_CONTEXT('2D SPACE',''
  ) );
#3455 = FACE_BOUND('',#3456,.F.);
#3456 = EDGE_LOOP('',(#3457));
#3457 = ORIENTED_EDGE('',*,*,#3458,.T.);
#3458 = EDGE_CURVE('',#3459,#3459,#3461,.T.);
#3459 = VERTEX_POINT('',#3460);
#3460 = CARTESIAN_POINT('',(250.2029511223,0.,133.50554542942));
#3461 = SURFACE_CURVE('',#3462,(#3467,#3478),.PCURVE_S1.);
#3462 = CIRCLE('',#3463,29.8);
#3463 = AXIS2_PLACEMENT_3D('',#3464,#3465,#3466);
#3464 = CARTESIAN_POINT('',(232.15185250237,0.,157.21625690363));
#3465 = DIRECTION('',(-0.795661458866,-0.,-0.605741564427));
#3466 = DIRECTION('',(0.605741564427,0.,-0.795661458866));
#3467 = PCURVE('',#3288,#3468);
#3468 = DEFINITIONAL_REPRESENTATION('',(#3469),#3477);
#3469 = ( BOUNDED_CURVE() B_SPLINE_CURVE(2,(#3470,#3471,#3472,#3473,
#3474,#3475,#3476),.UNSPECIFIED.,.T.,.F.) B_SPLINE_CURVE_WITH_KNOTS((1,2
    ,2,2,2,1),(-2.094395102393,0.,2.094395102393,4.188790204786,
6.28318530718,8.377580409573),.UNSPECIFIED.) CURVE() 
GEOMETRIC_REPRESENTATION_ITEM() RATIONAL_B_SPLINE_CURVE((1.,0.5,1.,0.5,
1.,0.5,1.)) REPRESENTATION_ITEM('') );
#3470 = CARTESIAN_POINT('',(29.8,1.469576158977E-15));
#3471 = CARTESIAN_POINT('',(29.8,-51.61511406555));
#3472 = CARTESIAN_POINT('',(-14.9,-25.80755703277));
#3473 = CARTESIAN_POINT('',(-59.6,-5.829318763941E-15));
#3474 = CARTESIAN_POINT('',(-14.9,25.807557032776));
#3475 = CARTESIAN_POINT('',(29.8,51.615114065553));
#3476 = CARTESIAN_POINT('',(29.8,1.469576158977E-15));
#3477 = ( GEOMETRIC_REPRESENTATION_CONTEXT(2) 
PARAMETRIC_REPRESENTATION_CONTEXT() REPRESENTATION_CONTEXT('2D SPACE',''
  ) );
#3478 = PCURVE('',#3479,#3484);
#3479 = CYLINDRICAL_SURFACE('',#3480,29.8);
#3480 = AXIS2_PLACEMENT_3D('',#3481,#3482,#3483);
#3481 = CARTESIAN_POINT('',(231.3561910435,0.,156.6105153392));
#3482 = DIRECTION('',(-0.795661458866,-0.,-0.605741564427));
#3483 = DIRECTION('',(0.605741564427,0.,-0.795661458866));
#3484 = DEFINITIONAL_REPRESENTATION('',(#3485),#3489);
#3485 = LINE('',#3486,#3487);
#3486 = CARTESIAN_POINT('',(-6.28318530718,-1.));
#3487 = VECTOR('',#3488,1.);
#3488 = DIRECTION('',(1.,-0.));
#3489 = ( GEOMETRIC_REPRESENTATION_CONTEXT(2) 
PARAMETRIC_REPRESENTATION_CONTEXT() REPRESENTATION_CONTEXT('2D SPACE',''
  ) );
#3490 = ADVANCED_FACE('',(#3491,#3605,#3649),#3372,.T.);
#3491 = FACE_BOUND('',#3492,.T.);
#3492 = EDGE_LOOP('',(#3493,#3523,#3551,#3579));
#3493 = ORIENTED_EDGE('',*,*,#3494,.F.);
#3494 = EDGE_CURVE('',#3495,#3497,#3499,.T.);
#3495 = VERTEX_POINT('',#3496);
#3496 = CARTESIAN_POINT('',(245.36021078755,-25.,128.31056072779));
#3497 = VERTEX_POINT('',#3498);
#3498 = CARTESIAN_POINT('',(245.36021078755,25.,128.31056072779));
#3499 = SURFACE_CURVE('',#3500,(#3504,#3511),.PCURVE_S1.);
#3500 = LINE('',#3501,#3502);
#3501 = CARTESIAN_POINT('',(245.36021078755,-25.,128.31056072779));
#3502 = VECTOR('',#3503,1.);
#3503 = DIRECTION('',(-0.,1.,0.));
#3504 = PCURVE('',#3372,#3505);
#3505 = DEFINITIONAL_REPRESENTATION('',(#3506),#3510);
#3506 = LINE('',#3507,#3508);
#3507 = CARTESIAN_POINT('',(0.,0.));
#3508 = VECTOR('',#3509,1.);
#3509 = DIRECTION('',(0.,1.));
#3510 = ( GEOMETRIC_REPRESENTATION_CONTEXT(2) 
PARAMETRIC_REPRESENTATION_CONTEXT() REPRESENTATION_CONTEXT('2D SPACE',''
  ) );
#3511 = PCURVE('',#3512,#3517);
#3512 = PLANE('',#3513);
#3513 = AXIS2_PLACEMENT_3D('',#3514,#3515,#3516);
#3514 = CARTESIAN_POINT('',(250.20614330297,-25.,121.94526905686));
#3515 = DIRECTION('',(0.795661458866,0.,0.605741564427));
#3516 = DIRECTION('',(-0.,1.,0.));
#3517 = DEFINITIONAL_REPRESENTATION('',(#3518),#3522);
#3518 = LINE('',#3519,#3520);
#3519 = CARTESIAN_POINT('',(0.,8.));
#3520 = VECTOR('',#3521,1.);
#3521 = DIRECTION('',(1.,0.));
#3522 = ( GEOMETRIC_REPRESENTATION_CONTEXT(2) 
PARAMETRIC_REPRESENTATION_CONTEXT() REPRESENTATION_CONTEXT('2D SPACE',''
  ) );
#3523 = ORIENTED_EDGE('',*,*,#3524,.T.);
#3524 = EDGE_CURVE('',#3495,#3525,#3527,.T.);
#3525 = VERTEX_POINT('',#3526);
#3526 = CARTESIAN_POINT('',(324.92635667418,-25.,188.88471717052));
#3527 = SURFACE_CURVE('',#3528,(#3532,#3539),.PCURVE_S1.);
#3528 = LINE('',#3529,#3530);
#3529 = CARTESIAN_POINT('',(245.36021078755,-25.,128.31056072779));
#3530 = VECTOR('',#3531,1.);
#3531 = DIRECTION('',(0.795661458866,0.,0.605741564427));
#3532 = PCURVE('',#3372,#3533);
#3533 = DEFINITIONAL_REPRESENTATION('',(#3534),#3538);
#3534 = LINE('',#3535,#3536);
#3535 = CARTESIAN_POINT('',(0.,0.));
#3536 = VECTOR('',#3537,1.);
#3537 = DIRECTION('',(1.,0.));
#3538 = ( GEOMETRIC_REPRESENTATION_CONTEXT(2) 
PARAMETRIC_REPRESENTATION_CONTEXT() REPRESENTATION_CONTEXT('2D SPACE',''
  ) );
#3539 = PCURVE('',#3540,#3545);
#3540 = PLANE('',#3541);
#3541 = AXIS2_PLACEMENT_3D('',#3542,#3543,#3544);
#3542 = CARTESIAN_POINT('',(250.20614330297,-25.,121.94526905686));
#3543 = DIRECTION('',(-0.,1.,0.));
#3544 = DIRECTION('',(0.795661458866,0.,0.605741564427));
#3545 = DEFINITIONAL_REPRESENTATION('',(#3546),#3550);
#3546 = LINE('',#3547,#3548);
#3547 = CARTESIAN_POINT('',(0.,-8.));
#3548 = VECTOR('',#3549,1.);
#3549 = DIRECTION('',(1.,0.));
#3550 = ( GEOMETRIC_REPRESENTATION_CONTEXT(2) 
PARAMETRIC_REPRESENTATION_CONTEXT() REPRESENTATION_CONTEXT('2D SPACE',''
  ) );
#3551 = ORIENTED_EDGE('',*,*,#3552,.T.);
#3552 = EDGE_CURVE('',#3525,#3553,#3555,.T.);
#3553 = VERTEX_POINT('',#3554);
#3554 = CARTESIAN_POINT('',(324.92635667418,25.,188.88471717052));
#3555 = SURFACE_CURVE('',#3556,(#3560,#3567),.PCURVE_S1.);
#3556 = LINE('',#3557,#3558);
#3557 = CARTESIAN_POINT('',(324.92635667418,-25.,188.88471717052));
#3558 = VECTOR('',#3559,1.);
#3559 = DIRECTION('',(-0.,1.,0.));
#3560 = PCURVE('',#3372,#3561);
#3561 = DEFINITIONAL_REPRESENTATION('',(#3562),#3566);
#3562 = LINE('',#3563,#3564);
#3563 = CARTESIAN_POINT('',(100.,0.));
#3564 = VECTOR('',#3565,1.);
#3565 = DIRECTION('',(0.,1.));
#3566 = ( GEOMETRIC_REPRESENTATION_CONTEXT(2) 
PARAMETRIC_REPRESENTATION_CONTEXT() REPRESENTATION_CONTEXT('2D SPACE',''
  ) );
#3567 = PCURVE('',#3568,#3573);
#3568 = PLANE('',#3569);
#3569 = AXIS2_PLACEMENT_3D('',#3570,#3571,#3572);
#3570 = CARTESIAN_POINT('',(329.7722891896,-25.,182.51942549959));
#3571 = DIRECTION('',(0.795661458866,0.,0.605741564427));
#3572 = DIRECTION('',(-0.,1.,0.));
#3573 = DEFINITIONAL_REPRESENTATION('',(#3574),#3578);
#3574 = LINE('',#3575,#3576);
#3575 = CARTESIAN_POINT('',(0.,8.));
#3576 = VECTOR('',#3577,1.);
#3577 = DIRECTION('',(1.,0.));
#3578 = ( GEOMETRIC_REPRESENTATION_CONTEXT(2) 
PARAMETRIC_REPRESENTATION_CONTEXT() REPRESENTATION_CONTEXT('2D SPACE',''
  ) );
#3579 = ORIENTED_EDGE('',*,*,#3580,.F.);
#3580 = EDGE_CURVE('',#3497,#3553,#3581,.T.);
#3581 = SURFACE_CURVE('',#3582,(#3586,#3593),.PCURVE_S1.);
#3582 = LINE('',#3583,#3584);
#3583 = CARTESIAN_POINT('',(245.36021078755,25.,128.31056072779));
#3584 = VECTOR('',#3585,1.);
#3585 = DIRECTION('',(0.795661458866,0.,0.605741564427));
#3586 = PCURVE('',#3372,#3587);
#3587 = DEFINITIONAL_REPRESENTATION('',(#3588),#3592);
#3588 = LINE('',#3589,#3590);
#3589 = CARTESIAN_POINT('',(0.,50.));
#3590 = VECTOR('',#3591,1.);
#3591 = DIRECTION('',(1.,0.));
#3592 = ( GEOMETRIC_REPRESENTATION_CONTEXT(2) 
PARAMETRIC_REPRESENTATION_CONTEXT() REPRESENTATION_CONTEXT('2D SPACE',''
  ) );
#3593 = PCURVE('',#3594,#3599);
#3594 = PLANE('',#3595);
#3595 = AXIS2_PLACEMENT_3D('',#3596,#3597,#3598);
#3596 = CARTESIAN_POINT('',(250.20614330297,25.,121.94526905686));
#3597 = DIRECTION('',(-0.,1.,0.));
#3598 = DIRECTION('',(0.795661458866,0.,0.605741564427));
#3599 = DEFINITIONAL_REPRESENTATION('',(#3600),#3604);
#3600 = LINE('',#3601,#3602);
#3601 = CARTESIAN_POINT('',(0.,-8.));
#3602 = VECTOR('',#3603,1.);
#3603 = DIRECTION('',(1.,0.));
#3604 = ( GEOMETRIC_REPRESENTATION_CONTEXT(2) 
PARAMETRIC_REPRESENTATION_CONTEXT() REPRESENTATION_CONTEXT('2D SPACE',''
  ) );
#3605 = FACE_BOUND('',#3606,.T.);
#3606 = EDGE_LOOP('',(#3607,#3628,#3629,#3630));
#3607 = ORIENTED_EDGE('',*,*,#3608,.T.);
#3608 = EDGE_CURVE('',#3609,#3327,#3611,.T.);
#3609 = VERTEX_POINT('',#3610);
#3610 = CARTESIAN_POINT('',(258.88645558828,18.303005217723,
    138.60816732305));
#3611 = SURFACE_CURVE('',#3612,(#3616,#3622),.PCURVE_S1.);
#3612 = LINE('',#3613,#3614);
#3613 = CARTESIAN_POINT('',(258.88645558828,-12.5,138.60816732305));
#3614 = VECTOR('',#3615,1.);
#3615 = DIRECTION('',(0.,-1.,0.));
#3616 = PCURVE('',#3372,#3617);
#3617 = DEFINITIONAL_REPRESENTATION('',(#3618),#3621);
#3618 = B_SPLINE_CURVE_WITH_KNOTS('',1,(#3619,#3620),.UNSPECIFIED.,.F.,
  .F.,(2,2),(-37.5,12.5),.PIECEWISE_BEZIER_KNOTS.);
#3619 = CARTESIAN_POINT('',(17.,50.));
#3620 = CARTESIAN_POINT('',(17.,0.));
#3621 = ( GEOMETRIC_REPRESENTATION_CONTEXT(2) 
PARAMETRIC_REPRESENTATION_CONTEXT() REPRESENTATION_CONTEXT('2D SPACE',''
  ) );
#3622 = PCURVE('',#3343,#3623);
#3623 = DEFINITIONAL_REPRESENTATION('',(#3624),#3627);
#3624 = B_SPLINE_CURVE_WITH_KNOTS('',1,(#3625,#3626),.UNSPECIFIED.,.F.,
  .F.,(2,2),(-37.5,12.5),.PIECEWISE_BEZIER_KNOTS.);
#3625 = CARTESIAN_POINT('',(31.,25.));
#3626 = CARTESIAN_POINT('',(31.,-25.));
#3627 = ( GEOMETRIC_REPRESENTATION_CONTEXT(2) 
PARAMETRIC_REPRESENTATION_CONTEXT() REPRESENTATION_CONTEXT('2D SPACE',''
  ) );
#3628 = ORIENTED_EDGE('',*,*,#3359,.T.);
#3629 = ORIENTED_EDGE('',*,*,#3408,.F.);
#3630 = ORIENTED_EDGE('',*,*,#3631,.F.);
#3631 = EDGE_CURVE('',#3609,#3409,#3632,.T.);
#3632 = SURFACE_CURVE('',#3633,(#3637,#3643),.PCURVE_S1.);
#3633 = LINE('',#3634,#3635);
#3634 = CARTESIAN_POINT('',(250.92984099962,18.303005217723,
    132.55075167878));
#3635 = VECTOR('',#3636,1.);
#3636 = DIRECTION('',(-0.795661458866,-0.,-0.605741564427));
#3637 = PCURVE('',#3372,#3638);
#3638 = DEFINITIONAL_REPRESENTATION('',(#3639),#3642);
#3639 = B_SPLINE_CURVE_WITH_KNOTS('',1,(#3640,#3641),.UNSPECIFIED.,.F.,
  .F.,(2,2),(-10.0000006,5.999999768723E-07),.PIECEWISE_BEZIER_KNOTS.);
#3640 = CARTESIAN_POINT('',(17.0000006,43.303005217723));
#3641 = CARTESIAN_POINT('',(6.9999994,43.303005217723));
#3642 = ( GEOMETRIC_REPRESENTATION_CONTEXT(2) 
PARAMETRIC_REPRESENTATION_CONTEXT() REPRESENTATION_CONTEXT('2D SPACE',''
  ) );
#3643 = PCURVE('',#3444,#3644);
#3644 = DEFINITIONAL_REPRESENTATION('',(#3645),#3648);
#3645 = B_SPLINE_CURVE_WITH_KNOTS('',1,(#3646,#3647),.UNSPECIFIED.,.F.,
  .F.,(2,2),(-10.0000006,5.999999768723E-07),.PIECEWISE_BEZIER_KNOTS.);
#3646 = CARTESIAN_POINT('',(-6.81653055609,-10.0000006));
#3647 = CARTESIAN_POINT('',(-6.81653055609,5.999999981885E-07));
#3648 = ( GEOMETRIC_REPRESENTATION_CONTEXT(2) 
PARAMETRIC_REPRESENTATION_CONTEXT() REPRESENTATION_CONTEXT('2D SPACE',''
  ) );
#3649 = FACE_BOUND('',#3650,.T.);
#3650 = EDGE_LOOP('',(#3651,#3679,#3705,#3731));
#3651 = ORIENTED_EDGE('',*,*,#3652,.F.);
#3652 = EDGE_CURVE('',#3653,#3655,#3657,.T.);
#3653 = VERTEX_POINT('',#3654);
#3654 = CARTESIAN_POINT('',(311.40011187345,18.303005217723,
    178.58711057526));
#3655 = VERTEX_POINT('',#3656);
#3656 = CARTESIAN_POINT('',(311.40011187345,-18.30300521772,
    178.58711057526));
#3657 = SURFACE_CURVE('',#3658,(#3662,#3668),.PCURVE_S1.);
#3658 = LINE('',#3659,#3660);
#3659 = CARTESIAN_POINT('',(311.40011187345,-12.5,178.58711057526));
#3660 = VECTOR('',#3661,1.);
#3661 = DIRECTION('',(0.,-1.,0.));
#3662 = PCURVE('',#3372,#3663);
#3663 = DEFINITIONAL_REPRESENTATION('',(#3664),#3667);
#3664 = B_SPLINE_CURVE_WITH_KNOTS('',1,(#3665,#3666),.UNSPECIFIED.,.F.,
  .F.,(2,2),(-37.5,12.5),.PIECEWISE_BEZIER_KNOTS.);
#3665 = CARTESIAN_POINT('',(83.,50.));
#3666 = CARTESIAN_POINT('',(83.,0.));
#3667 = ( GEOMETRIC_REPRESENTATION_CONTEXT(2) 
PARAMETRIC_REPRESENTATION_CONTEXT() REPRESENTATION_CONTEXT('2D SPACE',''
  ) );
#3668 = PCURVE('',#3669,#3674);
#3669 = PLANE('',#3670);
#3670 = AXIS2_PLACEMENT_3D('',#3671,#3672,#3673);
#3671 = CARTESIAN_POINT('',(292.6221233762,-1.469576158977E-15,
    203.25261580011));
#3672 = DIRECTION('',(0.795661458866,0.,0.605741564427));
#3673 = DIRECTION('',(0.605741564427,0.,-0.795661458866));
#3674 = DEFINITIONAL_REPRESENTATION('',(#3675),#3678);
#3675 = B_SPLINE_CURVE_WITH_KNOTS('',1,(#3676,#3677),.UNSPECIFIED.,.F.,
  .F.,(2,2),(-37.5,12.5),.PIECEWISE_BEZIER_KNOTS.);
#3676 = CARTESIAN_POINT('',(31.,25.));
#3677 = CARTESIAN_POINT('',(31.,-25.));
#3678 = ( GEOMETRIC_REPRESENTATION_CONTEXT(2) 
PARAMETRIC_REPRESENTATION_CONTEXT() REPRESENTATION_CONTEXT('2D SPACE',''
  ) );
#3679 = ORIENTED_EDGE('',*,*,#3680,.F.);
#3680 = EDGE_CURVE('',#3681,#3653,#3683,.T.);
#3681 = VERTEX_POINT('',#3682);
#3682 = CARTESIAN_POINT('',(319.35672646211,18.303005217723,
    184.64452621953));
#3683 = SURFACE_CURVE('',#3684,(#3688,#3694),.PCURVE_S1.);
#3684 = LINE('',#3685,#3686);
#3685 = CARTESIAN_POINT('',(311.40011187345,18.303005217723,
    178.58711057526));
#3686 = VECTOR('',#3687,1.);
#3687 = DIRECTION('',(-0.795661458866,-0.,-0.605741564427));
#3688 = PCURVE('',#3372,#3689);
#3689 = DEFINITIONAL_REPRESENTATION('',(#3690),#3693);
#3690 = B_SPLINE_CURVE_WITH_KNOTS('',1,(#3691,#3692),.UNSPECIFIED.,.F.,
  .F.,(2,2),(-10.0000006,6.000000963631E-07),.PIECEWISE_BEZIER_KNOTS.);
#3691 = CARTESIAN_POINT('',(93.0000006,43.303005217723));
#3692 = CARTESIAN_POINT('',(82.9999994,43.303005217723));
#3693 = ( GEOMETRIC_REPRESENTATION_CONTEXT(2) 
PARAMETRIC_REPRESENTATION_CONTEXT() REPRESENTATION_CONTEXT('2D SPACE',''
  ) );
#3694 = PCURVE('',#3695,#3700);
#3695 = CYLINDRICAL_SURFACE('',#3696,36.);
#3696 = AXIS2_PLACEMENT_3D('',#3697,#3698,#3699);
#3697 = CARTESIAN_POINT('',(292.6221233762,0.,203.25261580011));
#3698 = DIRECTION('',(-0.795661458866,-0.,-0.605741564427));
#3699 = DIRECTION('',(0.605741564427,0.,-0.795661458866));
#3700 = DEFINITIONAL_REPRESENTATION('',(#3701),#3704);
#3701 = B_SPLINE_CURVE_WITH_KNOTS('',1,(#3702,#3703),.UNSPECIFIED.,.F.,
  .F.,(2,2),(-10.0000006,6.000000963631E-07),.PIECEWISE_BEZIER_KNOTS.);
#3702 = CARTESIAN_POINT('',(-6.81653055609,-10.0000006));
#3703 = CARTESIAN_POINT('',(-6.81653055609,6.000000146507E-07));
#3704 = ( GEOMETRIC_REPRESENTATION_CONTEXT(2) 
PARAMETRIC_REPRESENTATION_CONTEXT() REPRESENTATION_CONTEXT('2D SPACE',''
  ) );
#3705 = ORIENTED_EDGE('',*,*,#3706,.T.);
#3706 = EDGE_CURVE('',#3681,#3707,#3709,.T.);
#3707 = VERTEX_POINT('',#3708);
#3708 = CARTESIAN_POINT('',(319.35672646211,-18.30300521772,
    184.64452621953));
#3709 = SURFACE_CURVE('',#3710,(#3714,#3720),.PCURVE_S1.);
#3710 = LINE('',#3711,#3712);
#3711 = CARTESIAN_POINT('',(319.35672646211,-12.5,184.64452621953));
#3712 = VECTOR('',#3713,1.);
#3713 = DIRECTION('',(0.,-1.,0.));
#3714 = PCURVE('',#3372,#3715);
#3715 = DEFINITIONAL_REPRESENTATION('',(#3716),#3719);
#3716 = B_SPLINE_CURVE_WITH_KNOTS('',1,(#3717,#3718),.UNSPECIFIED.,.F.,
  .F.,(2,2),(-37.5,12.5),.PIECEWISE_BEZIER_KNOTS.);
#3717 = CARTESIAN_POINT('',(93.,50.));
#3718 = CARTESIAN_POINT('',(93.,0.));
#3719 = ( GEOMETRIC_REPRESENTATION_CONTEXT(2) 
PARAMETRIC_REPRESENTATION_CONTEXT() REPRESENTATION_CONTEXT('2D SPACE',''
  ) );
#3720 = PCURVE('',#3721,#3726);
#3721 = PLANE('',#3722);
#3722 = AXIS2_PLACEMENT_3D('',#3723,#3724,#3725);
#3723 = CARTESIAN_POINT('',(300.57873796487,-1.469576158977E-15,
    209.31003144438));
#3724 = DIRECTION('',(0.795661458866,0.,0.605741564427));
#3725 = DIRECTION('',(0.605741564427,0.,-0.795661458866));
#3726 = DEFINITIONAL_REPRESENTATION('',(#3727),#3730);
#3727 = B_SPLINE_CURVE_WITH_KNOTS('',1,(#3728,#3729),.UNSPECIFIED.,.F.,
  .F.,(2,2),(-37.5,12.5),.PIECEWISE_BEZIER_KNOTS.);
#3728 = CARTESIAN_POINT('',(31.,25.));
#3729 = CARTESIAN_POINT('',(31.,-25.));
#3730 = ( GEOMETRIC_REPRESENTATION_CONTEXT(2) 
PARAMETRIC_REPRESENTATION_CONTEXT() REPRESENTATION_CONTEXT('2D SPACE',''
  ) );
#3731 = ORIENTED_EDGE('',*,*,#3732,.T.);
#3732 = EDGE_CURVE('',#3707,#3655,#3733,.T.);
#3733 = SURFACE_CURVE('',#3734,(#3738,#3744),.PCURVE_S1.);
#3734 = LINE('',#3735,#3736);
#3735 = CARTESIAN_POINT('',(311.40011187345,-18.30300521772,
    178.58711057526));
#3736 = VECTOR('',#3737,1.);
#3737 = DIRECTION('',(-0.795661458866,-0.,-0.605741564427));
#3738 = PCURVE('',#3372,#3739);
#3739 = DEFINITIONAL_REPRESENTATION('',(#3740),#3743);
#3740 = B_SPLINE_CURVE_WITH_KNOTS('',1,(#3741,#3742),.UNSPECIFIED.,.F.,
  .F.,(2,2),(-10.0000006,6.000000963631E-07),.PIECEWISE_BEZIER_KNOTS.);
#3741 = CARTESIAN_POINT('',(93.0000006,6.696994782277));
#3742 = CARTESIAN_POINT('',(82.9999994,6.696994782277));
#3743 = ( GEOMETRIC_REPRESENTATION_CONTEXT(2) 
PARAMETRIC_REPRESENTATION_CONTEXT() REPRESENTATION_CONTEXT('2D SPACE',''
  ) );
#3744 = PCURVE('',#3745,#3750);
#3745 = CYLINDRICAL_SURFACE('',#3746,36.);
#3746 = AXIS2_PLACEMENT_3D('',#3747,#3748,#3749);
#3747 = CARTESIAN_POINT('',(292.6221233762,0.,203.25261580011));
#3748 = DIRECTION('',(-0.795661458866,-0.,-0.605741564427));
#3749 = DIRECTION('',(0.605741564427,0.,-0.795661458866));
#3750 = DEFINITIONAL_REPRESENTATION('',(#3751),#3754);
#3751 = B_SPLINE_CURVE_WITH_KNOTS('',1,(#3752,#3753),.UNSPECIFIED.,.F.,
  .F.,(2,2),(-10.0000006,6.000000963631E-07),.PIECEWISE_BEZIER_KNOTS.);
#3752 = CARTESIAN_POINT('',(-5.749840058269,-10.0000006));
#3753 = CARTESIAN_POINT('',(-5.749840058269,6.000000146507E-07));
#3754 = ( GEOMETRIC_REPRESENTATION_CONTEXT(2) 
PARAMETRIC_REPRESENTATION_CONTEXT() REPRESENTATION_CONTEXT('2D SPACE',''
  ) );
#3755 = ADVANCED_FACE('',(#3756,#3807),#3343,.T.);
#3756 = FACE_BOUND('',#3757,.T.);
#3757 = EDGE_LOOP('',(#3758,#3786,#3805,#3806));
#3758 = ORIENTED_EDGE('',*,*,#3759,.F.);
#3759 = EDGE_CURVE('',#3760,#3609,#3762,.T.);
#3760 = VERTEX_POINT('',#3761);
#3761 = CARTESIAN_POINT('',(221.33047859379,18.303005217723,
    187.93917777276));
#3762 = SURFACE_CURVE('',#3763,(#3768,#3779),.PCURVE_S1.);
#3763 = CIRCLE('',#3764,36.);
#3764 = AXIS2_PLACEMENT_3D('',#3765,#3766,#3767);
#3765 = CARTESIAN_POINT('',(240.10846709103,0.,163.27367254791));
#3766 = DIRECTION('',(-0.795661458866,1.054711873394E-15,-0.605741564427
    ));
#3767 = DIRECTION('',(-0.52161079159,0.508416811603,0.685152922913));
#3768 = PCURVE('',#3343,#3769);
#3769 = DEFINITIONAL_REPRESENTATION('',(#3770),#3778);
#3770 = ( BOUNDED_CURVE() B_SPLINE_CURVE(2,(#3771,#3772,#3773,#3774,
#3775,#3776,#3777),.UNSPECIFIED.,.T.,.F.) B_SPLINE_CURVE_WITH_KNOTS((1,2
    ,2,2,2,1),(-2.094395102393,0.,2.094395102393,4.188790204786,
6.28318530718,8.377580409573),.UNSPECIFIED.) CURVE() 
GEOMETRIC_REPRESENTATION_ITEM() RATIONAL_B_SPLINE_CURVE((1.,0.5,1.,0.5,
1.,0.5,1.)) REPRESENTATION_ITEM('') );
#3771 = CARTESIAN_POINT('',(-31.,18.303005217723));
#3772 = CARTESIAN_POINT('',(0.701734968295,71.996580252358));
#3773 = CARTESIAN_POINT('',(31.350867484147,17.695284908456));
#3774 = CARTESIAN_POINT('',(62.,-36.60601043544));
#3775 = CARTESIAN_POINT('',(-0.350867484147,-35.99829012617));
#3776 = CARTESIAN_POINT('',(-62.70173496829,-35.39056981691));
#3777 = CARTESIAN_POINT('',(-31.,18.303005217723));
#3778 = ( GEOMETRIC_REPRESENTATION_CONTEXT(2) 
PARAMETRIC_REPRESENTATION_CONTEXT() REPRESENTATION_CONTEXT('2D SPACE',''
  ) );
#3779 = PCURVE('',#3444,#3780);
#3780 = DEFINITIONAL_REPRESENTATION('',(#3781),#3785);
#3781 = LINE('',#3782,#3783);
#3782 = CARTESIAN_POINT('',(-8.891432711859,-10.));
#3783 = VECTOR('',#3784,1.);
#3784 = DIRECTION('',(1.,-0.));
#3785 = ( GEOMETRIC_REPRESENTATION_CONTEXT(2) 
PARAMETRIC_REPRESENTATION_CONTEXT() REPRESENTATION_CONTEXT('2D SPACE',''
  ) );
#3786 = ORIENTED_EDGE('',*,*,#3787,.T.);
#3787 = EDGE_CURVE('',#3760,#3301,#3788,.T.);
#3788 = SURFACE_CURVE('',#3789,(#3793,#3799),.PCURVE_S1.);
#3789 = LINE('',#3790,#3791);
#3790 = CARTESIAN_POINT('',(221.33047859379,-12.5,187.93917777276));
#3791 = VECTOR('',#3792,1.);
#3792 = DIRECTION('',(0.,-1.,0.));
#3793 = PCURVE('',#3343,#3794);
#3794 = DEFINITIONAL_REPRESENTATION('',(#3795),#3798);
#3795 = B_SPLINE_CURVE_WITH_KNOTS('',1,(#3796,#3797),.UNSPECIFIED.,.F.,
  .F.,(2,2),(-37.5,12.5),.PIECEWISE_BEZIER_KNOTS.);
#3796 = CARTESIAN_POINT('',(-31.,25.));
#3797 = CARTESIAN_POINT('',(-31.,-25.));
#3798 = ( GEOMETRIC_REPRESENTATION_CONTEXT(2) 
PARAMETRIC_REPRESENTATION_CONTEXT() REPRESENTATION_CONTEXT('2D SPACE',''
  ) );
#3799 = PCURVE('',#3315,#3800);
#3800 = DEFINITIONAL_REPRESENTATION('',(#3801),#3804);
#3801 = B_SPLINE_CURVE_WITH_KNOTS('',1,(#3802,#3803),.UNSPECIFIED.,.F.,
  .F.,(2,2),(-37.5,12.5),.PIECEWISE_BEZIER_KNOTS.);
#3802 = CARTESIAN_POINT('',(17.,50.));
#3803 = CARTESIAN_POINT('',(17.,0.));
#3804 = ( GEOMETRIC_REPRESENTATION_CONTEXT(2) 
PARAMETRIC_REPRESENTATION_CONTEXT() REPRESENTATION_CONTEXT('2D SPACE',''
  ) );
#3805 = ORIENTED_EDGE('',*,*,#3326,.F.);
#3806 = ORIENTED_EDGE('',*,*,#3608,.F.);
#3807 = FACE_BOUND('',#3808,.T.);
#3808 = EDGE_LOOP('',(#3809));
#3809 = ORIENTED_EDGE('',*,*,#3810,.T.);
#3810 = EDGE_CURVE('',#3811,#3811,#3813,.T.);
#3811 = VERTEX_POINT('',#3812);
#3812 = CARTESIAN_POINT('',(258.15956571097,0.,139.56296107369));
#3813 = SURFACE_CURVE('',#3814,(#3819,#3830),.PCURVE_S1.);
#3814 = CIRCLE('',#3815,29.8);
#3815 = AXIS2_PLACEMENT_3D('',#3816,#3817,#3818);
#3816 = CARTESIAN_POINT('',(240.10846709103,0.,163.27367254791));
#3817 = DIRECTION('',(-0.795661458866,-0.,-0.605741564427));
#3818 = DIRECTION('',(0.605741564427,0.,-0.795661458866));
#3819 = PCURVE('',#3343,#3820);
#3820 = DEFINITIONAL_REPRESENTATION('',(#3821),#3829);
#3821 = ( BOUNDED_CURVE() B_SPLINE_CURVE(2,(#3822,#3823,#3824,#3825,
#3826,#3827,#3828),.UNSPECIFIED.,.T.,.F.) B_SPLINE_CURVE_WITH_KNOTS((1,2
    ,2,2,2,1),(-2.094395102393,0.,2.094395102393,4.188790204786,
6.28318530718,8.377580409573),.UNSPECIFIED.) CURVE() 
GEOMETRIC_REPRESENTATION_ITEM() RATIONAL_B_SPLINE_CURVE((1.,0.5,1.,0.5,
1.,0.5,1.)) REPRESENTATION_ITEM('') );
#3822 = CARTESIAN_POINT('',(29.8,1.469576158977E-15));
#3823 = CARTESIAN_POINT('',(29.8,-51.61511406555));
#3824 = CARTESIAN_POINT('',(-14.9,-25.80755703277));
#3825 = CARTESIAN_POINT('',(-59.6,-5.829318763941E-15));
#3826 = CARTESIAN_POINT('',(-14.9,25.807557032776));
#3827 = CARTESIAN_POINT('',(29.8,51.615114065553));
#3828 = CARTESIAN_POINT('',(29.8,1.469576158977E-15));
#3829 = ( GEOMETRIC_REPRESENTATION_CONTEXT(2) 
PARAMETRIC_REPRESENTATION_CONTEXT() REPRESENTATION_CONTEXT('2D SPACE',''
  ) );
#3830 = PCURVE('',#3479,#3831);
#3831 = DEFINITIONAL_REPRESENTATION('',(#3832),#3836);
#3832 = LINE('',#3833,#3834);
#3833 = CARTESIAN_POINT('',(-6.28318530718,-11.));
#3834 = VECTOR('',#3835,1.);
#3835 = DIRECTION('',(1.,-0.));
#3836 = ( GEOMETRIC_REPRESENTATION_CONTEXT(2) 
PARAMETRIC_REPRESENTATION_CONTEXT() REPRESENTATION_CONTEXT('2D SPACE',''
  ) );
#3837 = ADVANCED_FACE('',(#3838,#3952,#3976),#3315,.F.);
#3838 = FACE_BOUND('',#3839,.F.);
#3839 = EDGE_LOOP('',(#3840,#3870,#3898,#3926));
#3840 = ORIENTED_EDGE('',*,*,#3841,.F.);
#3841 = EDGE_CURVE('',#3842,#3844,#3846,.T.);
#3842 = VERTEX_POINT('',#3843);
#3843 = CARTESIAN_POINT('',(207.80423379306,-25.,177.64157117749));
#3844 = VERTEX_POINT('',#3845);
#3845 = CARTESIAN_POINT('',(207.80423379306,25.,177.64157117749));
#3846 = SURFACE_CURVE('',#3847,(#3851,#3858),.PCURVE_S1.);
#3847 = LINE('',#3848,#3849);
#3848 = CARTESIAN_POINT('',(207.80423379306,-25.,177.64157117749));
#3849 = VECTOR('',#3850,1.);
#3850 = DIRECTION('',(-0.,1.,0.));
#3851 = PCURVE('',#3315,#3852);
#3852 = DEFINITIONAL_REPRESENTATION('',(#3853),#3857);
#3853 = LINE('',#3854,#3855);
#3854 = CARTESIAN_POINT('',(0.,0.));
#3855 = VECTOR('',#3856,1.);
#3856 = DIRECTION('',(0.,1.));
#3857 = ( GEOMETRIC_REPRESENTATION_CONTEXT(2) 
PARAMETRIC_REPRESENTATION_CONTEXT() REPRESENTATION_CONTEXT('2D SPACE',''
  ) );
#3858 = PCURVE('',#3859,#3864);
#3859 = PLANE('',#3860);
#3860 = AXIS2_PLACEMENT_3D('',#3861,#3862,#3863);
#3861 = CARTESIAN_POINT('',(207.80423379306,-25.,177.64157117749));
#3862 = DIRECTION('',(0.795661458866,0.,0.605741564427));
#3863 = DIRECTION('',(-0.,1.,0.));
#3864 = DEFINITIONAL_REPRESENTATION('',(#3865),#3869);
#3865 = LINE('',#3866,#3867);
#3866 = CARTESIAN_POINT('',(0.,0.));
#3867 = VECTOR('',#3868,1.);
#3868 = DIRECTION('',(1.,0.));
#3869 = ( GEOMETRIC_REPRESENTATION_CONTEXT(2) 
PARAMETRIC_REPRESENTATION_CONTEXT() REPRESENTATION_CONTEXT('2D SPACE',''
  ) );
#3870 = ORIENTED_EDGE('',*,*,#3871,.T.);
#3871 = EDGE_CURVE('',#3842,#3872,#3874,.T.);
#3872 = VERTEX_POINT('',#3873);
#3873 = CARTESIAN_POINT('',(287.37037967968,-25.,238.21572762023));
#3874 = SURFACE_CURVE('',#3875,(#3879,#3886),.PCURVE_S1.);
#3875 = LINE('',#3876,#3877);
#3876 = CARTESIAN_POINT('',(207.80423379306,-25.,177.64157117749));
#3877 = VECTOR('',#3878,1.);
#3878 = DIRECTION('',(0.795661458866,0.,0.605741564427));
#3879 = PCURVE('',#3315,#3880);
#3880 = DEFINITIONAL_REPRESENTATION('',(#3881),#3885);
#3881 = LINE('',#3882,#3883);
#3882 = CARTESIAN_POINT('',(0.,0.));
#3883 = VECTOR('',#3884,1.);
#3884 = DIRECTION('',(1.,0.));
#3885 = ( GEOMETRIC_REPRESENTATION_CONTEXT(2) 
PARAMETRIC_REPRESENTATION_CONTEXT() REPRESENTATION_CONTEXT('2D SPACE',''
  ) );
#3886 = PCURVE('',#3887,#3892);
#3887 = PLANE('',#3888);
#3888 = AXIS2_PLACEMENT_3D('',#3889,#3890,#3891);
#3889 = CARTESIAN_POINT('',(207.80423379306,-25.,177.64157117749));
#3890 = DIRECTION('',(-0.,1.,0.));
#3891 = DIRECTION('',(0.795661458866,0.,0.605741564427));
#3892 = DEFINITIONAL_REPRESENTATION('',(#3893),#3897);
#3893 = LINE('',#3894,#3895);
#3894 = CARTESIAN_POINT('',(0.,0.));
#3895 = VECTOR('',#3896,1.);
#3896 = DIRECTION('',(1.,0.));
#3897 = ( GEOMETRIC_REPRESENTATION_CONTEXT(2) 
PARAMETRIC_REPRESENTATION_CONTEXT() REPRESENTATION_CONTEXT('2D SPACE',''
  ) );
#3898 = ORIENTED_EDGE('',*,*,#3899,.T.);
#3899 = EDGE_CURVE('',#3872,#3900,#3902,.T.);
#3900 = VERTEX_POINT('',#3901);
#3901 = CARTESIAN_POINT('',(287.37037967968,25.,238.21572762023));
#3902 = SURFACE_CURVE('',#3903,(#3907,#3914),.PCURVE_S1.);
#3903 = LINE('',#3904,#3905);
#3904 = CARTESIAN_POINT('',(287.37037967968,-25.,238.21572762023));
#3905 = VECTOR('',#3906,1.);
#3906 = DIRECTION('',(-0.,1.,0.));
#3907 = PCURVE('',#3315,#3908);
#3908 = DEFINITIONAL_REPRESENTATION('',(#3909),#3913);
#3909 = LINE('',#3910,#3911);
#3910 = CARTESIAN_POINT('',(100.,0.));
#3911 = VECTOR('',#3912,1.);
#3912 = DIRECTION('',(0.,1.));
#3913 = ( GEOMETRIC_REPRESENTATION_CONTEXT(2) 
PARAMETRIC_REPRESENTATION_CONTEXT() REPRESENTATION_CONTEXT('2D SPACE',''
  ) );
#3914 = PCURVE('',#3915,#3920);
#3915 = PLANE('',#3916);
#3916 = AXIS2_PLACEMENT_3D('',#3917,#3918,#3919);
#3917 = CARTESIAN_POINT('',(287.37037967968,-25.,238.21572762023));
#3918 = DIRECTION('',(0.795661458866,0.,0.605741564427));
#3919 = DIRECTION('',(-0.,1.,0.));
#3920 = DEFINITIONAL_REPRESENTATION('',(#3921),#3925);
#3921 = LINE('',#3922,#3923);
#3922 = CARTESIAN_POINT('',(0.,0.));
#3923 = VECTOR('',#3924,1.);
#3924 = DIRECTION('',(1.,0.));
#3925 = ( GEOMETRIC_REPRESENTATION_CONTEXT(2) 
PARAMETRIC_REPRESENTATION_CONTEXT() REPRESENTATION_CONTEXT('2D SPACE',''
  ) );
#3926 = ORIENTED_EDGE('',*,*,#3927,.F.);
#3927 = EDGE_CURVE('',#3844,#3900,#3928,.T.);
#3928 = SURFACE_CURVE('',#3929,(#3933,#3940),.PCURVE_S1.);
#3929 = LINE('',#3930,#3931);
#3930 = CARTESIAN_POINT('',(207.80423379306,25.,177.64157117749));
#3931 = VECTOR('',#3932,1.);
#3932 = DIRECTION('',(0.795661458866,0.,0.605741564427));
#3933 = PCURVE('',#3315,#3934);
#3934 = DEFINITIONAL_REPRESENTATION('',(#3935),#3939);
#3935 = LINE('',#3936,#3937);
#3936 = CARTESIAN_POINT('',(0.,50.));
#3937 = VECTOR('',#3938,1.);
#3938 = DIRECTION('',(1.,0.));
#3939 = ( GEOMETRIC_REPRESENTATION_CONTEXT(2) 
PARAMETRIC_REPRESENTATION_CONTEXT() REPRESENTATION_CONTEXT('2D SPACE',''
  ) );
#3940 = PCURVE('',#3941,#3946);
#3941 = PLANE('',#3942);
#3942 = AXIS2_PLACEMENT_3D('',#3943,#3944,#3945);
#3943 = CARTESIAN_POINT('',(207.80423379306,25.,177.64157117749));
#3944 = DIRECTION('',(-0.,1.,0.));
#3945 = DIRECTION('',(0.795661458866,0.,0.605741564427));
#3946 = DEFINITIONAL_REPRESENTATION('',(#3947),#3951);
#3947 = LINE('',#3948,#3949);
#3948 = CARTESIAN_POINT('',(0.,0.));
#3949 = VECTOR('',#3950,1.);
#3950 = DIRECTION('',(1.,0.));
#3951 = ( GEOMETRIC_REPRESENTATION_CONTEXT(2) 
PARAMETRIC_REPRESENTATION_CONTEXT() REPRESENTATION_CONTEXT('2D SPACE',''
  ) );
#3952 = FACE_BOUND('',#3953,.F.);
#3953 = EDGE_LOOP('',(#3954,#3955,#3956,#3957));
#3954 = ORIENTED_EDGE('',*,*,#3787,.T.);
#3955 = ORIENTED_EDGE('',*,*,#3300,.T.);
#3956 = ORIENTED_EDGE('',*,*,#3386,.F.);
#3957 = ORIENTED_EDGE('',*,*,#3958,.F.);
#3958 = EDGE_CURVE('',#3760,#3387,#3959,.T.);
#3959 = SURFACE_CURVE('',#3960,(#3964,#3970),.PCURVE_S1.);
#3960 = LINE('',#3961,#3962);
#3961 = CARTESIAN_POINT('',(213.37386400512,18.303005217723,
    181.88176212849));
#3962 = VECTOR('',#3963,1.);
#3963 = DIRECTION('',(-0.795661458866,-0.,-0.605741564427));
#3964 = PCURVE('',#3315,#3965);
#3965 = DEFINITIONAL_REPRESENTATION('',(#3966),#3969);
#3966 = B_SPLINE_CURVE_WITH_KNOTS('',1,(#3967,#3968),.UNSPECIFIED.,.F.,
  .F.,(2,2),(-10.0000006,6.000000339187E-07),.PIECEWISE_BEZIER_KNOTS.);
#3967 = CARTESIAN_POINT('',(17.0000006,43.303005217723));
#3968 = CARTESIAN_POINT('',(6.9999994,43.303005217723));
#3969 = ( GEOMETRIC_REPRESENTATION_CONTEXT(2) 
PARAMETRIC_REPRESENTATION_CONTEXT() REPRESENTATION_CONTEXT('2D SPACE',''
  ) );
#3970 = PCURVE('',#3444,#3971);
#3971 = DEFINITIONAL_REPRESENTATION('',(#3972),#3975);
#3972 = B_SPLINE_CURVE_WITH_KNOTS('',1,(#3973,#3974),.UNSPECIFIED.,.F.,
  .F.,(2,2),(-10.,1.721621073407E-14),.PIECEWISE_BEZIER_KNOTS.);
#3973 = CARTESIAN_POINT('',(-8.891432711859,-10.));
#3974 = CARTESIAN_POINT('',(-8.891432711859,-4.100071338731E-15));
#3975 = ( GEOMETRIC_REPRESENTATION_CONTEXT(2) 
PARAMETRIC_REPRESENTATION_CONTEXT() REPRESENTATION_CONTEXT('2D SPACE',''
  ) );
#3976 = FACE_BOUND('',#3977,.F.);
#3977 = EDGE_LOOP('',(#3978,#4001,#4022,#4043));
#3978 = ORIENTED_EDGE('',*,*,#3979,.T.);
#3979 = EDGE_CURVE('',#3980,#3982,#3984,.T.);
#3980 = VERTEX_POINT('',#3981);
#3981 = CARTESIAN_POINT('',(281.80074946762,18.303005217723,
    233.97553666924));
#3982 = VERTEX_POINT('',#3983);
#3983 = CARTESIAN_POINT('',(281.80074946762,-18.30300521772,
    233.97553666924));
#3984 = SURFACE_CURVE('',#3985,(#3989,#3995),.PCURVE_S1.);
#3985 = LINE('',#3986,#3987);
#3986 = CARTESIAN_POINT('',(281.80074946762,-12.5,233.97553666924));
#3987 = VECTOR('',#3988,1.);
#3988 = DIRECTION('',(0.,-1.,0.));
#3989 = PCURVE('',#3315,#3990);
#3990 = DEFINITIONAL_REPRESENTATION('',(#3991),#3994);
#3991 = B_SPLINE_CURVE_WITH_KNOTS('',1,(#3992,#3993),.UNSPECIFIED.,.F.,
  .F.,(2,2),(-37.5,12.5),.PIECEWISE_BEZIER_KNOTS.);
#3992 = CARTESIAN_POINT('',(93.,50.));
#3993 = CARTESIAN_POINT('',(93.,0.));
#3994 = ( GEOMETRIC_REPRESENTATION_CONTEXT(2) 
PARAMETRIC_REPRESENTATION_CONTEXT() REPRESENTATION_CONTEXT('2D SPACE',''
  ) );
#3995 = PCURVE('',#3721,#3996);
#3996 = DEFINITIONAL_REPRESENTATION('',(#3997),#4000);
#3997 = B_SPLINE_CURVE_WITH_KNOTS('',1,(#3998,#3999),.UNSPECIFIED.,.F.,
  .F.,(2,2),(-37.5,12.5),.PIECEWISE_BEZIER_KNOTS.);
#3998 = CARTESIAN_POINT('',(-31.,25.));
#3999 = CARTESIAN_POINT('',(-31.,-25.));
#4000 = ( GEOMETRIC_REPRESENTATION_CONTEXT(2) 
PARAMETRIC_REPRESENTATION_CONTEXT() REPRESENTATION_CONTEXT('2D SPACE',''
  ) );
#4001 = ORIENTED_EDGE('',*,*,#4002,.T.);
#4002 = EDGE_CURVE('',#3982,#4003,#4005,.T.);
#4003 = VERTEX_POINT('',#4004);
#4004 = CARTESIAN_POINT('',(273.84413487896,-18.30300521772,
    227.91812102496));
#4005 = SURFACE_CURVE('',#4006,(#4010,#4016),.PCURVE_S1.);
#4006 = LINE('',#4007,#4008);
#4007 = CARTESIAN_POINT('',(273.84413487896,-18.30300521772,
    227.91812102496));
#4008 = VECTOR('',#4009,1.);
#4009 = DIRECTION('',(-0.795661458866,-0.,-0.605741564427));
#4010 = PCURVE('',#3315,#4011);
#4011 = DEFINITIONAL_REPRESENTATION('',(#4012),#4015);
#4012 = B_SPLINE_CURVE_WITH_KNOTS('',1,(#4013,#4014),.UNSPECIFIED.,.F.,
  .F.,(2,2),(-10.0000006,5.999999090301E-07),.PIECEWISE_BEZIER_KNOTS.);
#4013 = CARTESIAN_POINT('',(93.0000006,6.696994782277));
#4014 = CARTESIAN_POINT('',(82.9999994,6.696994782277));
#4015 = ( GEOMETRIC_REPRESENTATION_CONTEXT(2) 
PARAMETRIC_REPRESENTATION_CONTEXT() REPRESENTATION_CONTEXT('2D SPACE',''
  ) );
#4016 = PCURVE('',#3745,#4017);
#4017 = DEFINITIONAL_REPRESENTATION('',(#4018),#4021);
#4018 = B_SPLINE_CURVE_WITH_KNOTS('',1,(#4019,#4020),.UNSPECIFIED.,.F.,
  .F.,(2,2),(-10.,-1.076724458895E-13),.PIECEWISE_BEZIER_KNOTS.);
#4019 = CARTESIAN_POINT('',(-3.6749379025,-10.));
#4020 = CARTESIAN_POINT('',(-3.6749379025,-2.596003127713E-14));
#4021 = ( GEOMETRIC_REPRESENTATION_CONTEXT(2) 
PARAMETRIC_REPRESENTATION_CONTEXT() REPRESENTATION_CONTEXT('2D SPACE',''
  ) );
#4022 = ORIENTED_EDGE('',*,*,#4023,.F.);
#4023 = EDGE_CURVE('',#4024,#4003,#4026,.T.);
#4024 = VERTEX_POINT('',#4025);
#4025 = CARTESIAN_POINT('',(273.84413487896,18.303005217723,
    227.91812102496));
#4026 = SURFACE_CURVE('',#4027,(#4031,#4037),.PCURVE_S1.);
#4027 = LINE('',#4028,#4029);
#4028 = CARTESIAN_POINT('',(273.84413487896,-12.5,227.91812102496));
#4029 = VECTOR('',#4030,1.);
#4030 = DIRECTION('',(0.,-1.,0.));
#4031 = PCURVE('',#3315,#4032);
#4032 = DEFINITIONAL_REPRESENTATION('',(#4033),#4036);
#4033 = B_SPLINE_CURVE_WITH_KNOTS('',1,(#4034,#4035),.UNSPECIFIED.,.F.,
  .F.,(2,2),(-37.5,12.5),.PIECEWISE_BEZIER_KNOTS.);
#4034 = CARTESIAN_POINT('',(83.,50.));
#4035 = CARTESIAN_POINT('',(83.,0.));
#4036 = ( GEOMETRIC_REPRESENTATION_CONTEXT(2) 
PARAMETRIC_REPRESENTATION_CONTEXT() REPRESENTATION_CONTEXT('2D SPACE',''
  ) );
#4037 = PCURVE('',#3669,#4038);
#4038 = DEFINITIONAL_REPRESENTATION('',(#4039),#4042);
#4039 = B_SPLINE_CURVE_WITH_KNOTS('',1,(#4040,#4041),.UNSPECIFIED.,.F.,
  .F.,(2,2),(-37.5,12.5),.PIECEWISE_BEZIER_KNOTS.);
#4040 = CARTESIAN_POINT('',(-31.,25.));
#4041 = CARTESIAN_POINT('',(-31.,-25.));
#4042 = ( GEOMETRIC_REPRESENTATION_CONTEXT(2) 
PARAMETRIC_REPRESENTATION_CONTEXT() REPRESENTATION_CONTEXT('2D SPACE',''
  ) );
#4043 = ORIENTED_EDGE('',*,*,#4044,.F.);
#4044 = EDGE_CURVE('',#3980,#4024,#4045,.T.);
#4045 = SURFACE_CURVE('',#4046,(#4050,#4056),.PCURVE_S1.);
#4046 = LINE('',#4047,#4048);
#4047 = CARTESIAN_POINT('',(273.84413487896,18.303005217723,
    227.91812102496));
#4048 = VECTOR('',#4049,1.);
#4049 = DIRECTION('',(-0.795661458866,-0.,-0.605741564427));
#4050 = PCURVE('',#3315,#4051);
#4051 = DEFINITIONAL_REPRESENTATION('',(#4052),#4055);
#4052 = B_SPLINE_CURVE_WITH_KNOTS('',1,(#4053,#4054),.UNSPECIFIED.,.F.,
  .F.,(2,2),(-10.0000006,5.999999262463E-07),.PIECEWISE_BEZIER_KNOTS.);
#4053 = CARTESIAN_POINT('',(93.0000006,43.303005217723));
#4054 = CARTESIAN_POINT('',(82.9999994,43.303005217723));
#4055 = ( GEOMETRIC_REPRESENTATION_CONTEXT(2) 
PARAMETRIC_REPRESENTATION_CONTEXT() REPRESENTATION_CONTEXT('2D SPACE',''
  ) );
#4056 = PCURVE('',#3695,#4057);
#4057 = DEFINITIONAL_REPRESENTATION('',(#4058),#4061);
#4058 = B_SPLINE_CURVE_WITH_KNOTS('',1,(#4059,#4060),.UNSPECIFIED.,.F.,
  .F.,(2,2),(-10.,-9.045623515547E-14),.PIECEWISE_BEZIER_KNOTS.);
#4059 = CARTESIAN_POINT('',(-8.891432711859,-10.));
#4060 = CARTESIAN_POINT('',(-8.891432711859,-8.743820543058E-15));
#4061 = ( GEOMETRIC_REPRESENTATION_CONTEXT(2) 
PARAMETRIC_REPRESENTATION_CONTEXT() REPRESENTATION_CONTEXT('2D SPACE',''
  ) );
#4062 = ADVANCED_FACE('',(#4063),#3444,.T.);
#4063 = FACE_BOUND('',#4064,.F.);
#4064 = EDGE_LOOP('',(#4065,#4066,#4067,#4068));
#4065 = ORIENTED_EDGE('',*,*,#3429,.F.);
#4066 = ORIENTED_EDGE('',*,*,#3631,.F.);
#4067 = ORIENTED_EDGE('',*,*,#3759,.F.);
#4068 = ORIENTED_EDGE('',*,*,#3958,.T.);
#4069 = ADVANCED_FACE('',(#4070),#3479,.F.);
#4070 = FACE_BOUND('',#4071,.T.);
#4071 = EDGE_LOOP('',(#4072,#4073,#4094,#4095));
#4072 = ORIENTED_EDGE('',*,*,#3458,.T.);
#4073 = ORIENTED_EDGE('',*,*,#4074,.T.);
#4074 = EDGE_CURVE('',#3459,#3811,#4075,.T.);
#4075 = SEAM_CURVE('',#4076,(#4080,#4087),.PCURVE_S1.);
#4076 = LINE('',#4077,#4078);
#4077 = CARTESIAN_POINT('',(249.40728966344,0.,132.89980386499));
#4078 = VECTOR('',#4079,1.);
#4079 = DIRECTION('',(0.795661458866,0.,0.605741564427));
#4080 = PCURVE('',#3479,#4081);
#4081 = DEFINITIONAL_REPRESENTATION('',(#4082),#4086);
#4082 = LINE('',#4083,#4084);
#4083 = CARTESIAN_POINT('',(-6.28318530718,0.));
#4084 = VECTOR('',#4085,1.);
#4085 = DIRECTION('',(-0.,-1.));
#4086 = ( GEOMETRIC_REPRESENTATION_CONTEXT(2) 
PARAMETRIC_REPRESENTATION_CONTEXT() REPRESENTATION_CONTEXT('2D SPACE',''
  ) );
#4087 = PCURVE('',#3479,#4088);
#4088 = DEFINITIONAL_REPRESENTATION('',(#4089),#4093);
#4089 = LINE('',#4090,#4091);
#4090 = CARTESIAN_POINT('',(-0.,0.));
#4091 = VECTOR('',#4092,1.);
#4092 = DIRECTION('',(-0.,-1.));
#4093 = ( GEOMETRIC_REPRESENTATION_CONTEXT(2) 
PARAMETRIC_REPRESENTATION_CONTEXT() REPRESENTATION_CONTEXT('2D SPACE',''
  ) );
#4094 = ORIENTED_EDGE('',*,*,#3810,.F.);
#4095 = ORIENTED_EDGE('',*,*,#4074,.F.);
#4096 = ADVANCED_FACE('',(#4097),#3512,.F.);
#4097 = FACE_BOUND('',#4098,.F.);
#4098 = EDGE_LOOP('',(#4099,#4122,#4150,#4171));
#4099 = ORIENTED_EDGE('',*,*,#4100,.F.);
#4100 = EDGE_CURVE('',#4101,#3495,#4103,.T.);
#4101 = VERTEX_POINT('',#4102);
#4102 = CARTESIAN_POINT('',(250.20614330297,-25.,121.94526905686));
#4103 = SURFACE_CURVE('',#4104,(#4108,#4115),.PCURVE_S1.);
#4104 = LINE('',#4105,#4106);
#4105 = CARTESIAN_POINT('',(250.20614330297,-25.,121.94526905686));
#4106 = VECTOR('',#4107,1.);
#4107 = DIRECTION('',(-0.605741564427,0.,0.795661458866));
#4108 = PCURVE('',#3512,#4109);
#4109 = DEFINITIONAL_REPRESENTATION('',(#4110),#4114);
#4110 = LINE('',#4111,#4112);
#4111 = CARTESIAN_POINT('',(0.,0.));
#4112 = VECTOR('',#4113,1.);
#4113 = DIRECTION('',(0.,1.));
#4114 = ( GEOMETRIC_REPRESENTATION_CONTEXT(2) 
PARAMETRIC_REPRESENTATION_CONTEXT() REPRESENTATION_CONTEXT('2D SPACE',''
  ) );
#4115 = PCURVE('',#3540,#4116);
#4116 = DEFINITIONAL_REPRESENTATION('',(#4117),#4121);
#4117 = LINE('',#4118,#4119);
#4118 = CARTESIAN_POINT('',(0.,0.));
#4119 = VECTOR('',#4120,1.);
#4120 = DIRECTION('',(0.,-1.));
#4121 = ( GEOMETRIC_REPRESENTATION_CONTEXT(2) 
PARAMETRIC_REPRESENTATION_CONTEXT() REPRESENTATION_CONTEXT('2D SPACE',''
  ) );
#4122 = ORIENTED_EDGE('',*,*,#4123,.T.);
#4123 = EDGE_CURVE('',#4101,#4124,#4126,.T.);
#4124 = VERTEX_POINT('',#4125);
#4125 = CARTESIAN_POINT('',(250.20614330297,25.,121.94526905686));
#4126 = SURFACE_CURVE('',#4127,(#4131,#4138),.PCURVE_S1.);
#4127 = LINE('',#4128,#4129);
#4128 = CARTESIAN_POINT('',(250.20614330297,-25.,121.94526905686));
#4129 = VECTOR('',#4130,1.);
#4130 = DIRECTION('',(-0.,1.,0.));
#4131 = PCURVE('',#3512,#4132);
#4132 = DEFINITIONAL_REPRESENTATION('',(#4133),#4137);
#4133 = LINE('',#4134,#4135);
#4134 = CARTESIAN_POINT('',(0.,0.));
#4135 = VECTOR('',#4136,1.);
#4136 = DIRECTION('',(1.,0.));
#4137 = ( GEOMETRIC_REPRESENTATION_CONTEXT(2) 
PARAMETRIC_REPRESENTATION_CONTEXT() REPRESENTATION_CONTEXT('2D SPACE',''
  ) );
#4138 = PCURVE('',#4139,#4144);
#4139 = PLANE('',#4140);
#4140 = AXIS2_PLACEMENT_3D('',#4141,#4142,#4143);
#4141 = CARTESIAN_POINT('',(250.20614330297,-25.,121.94526905686));
#4142 = DIRECTION('',(-0.605741564427,0.,0.795661458866));
#4143 = DIRECTION('',(0.795661458866,0.,0.605741564427));
#4144 = DEFINITIONAL_REPRESENTATION('',(#4145),#4149);
#4145 = LINE('',#4146,#4147);
#4146 = CARTESIAN_POINT('',(0.,0.));
#4147 = VECTOR('',#4148,1.);
#4148 = DIRECTION('',(0.,1.));
#4149 = ( GEOMETRIC_REPRESENTATION_CONTEXT(2) 
PARAMETRIC_REPRESENTATION_CONTEXT() REPRESENTATION_CONTEXT('2D SPACE',''
  ) );
#4150 = ORIENTED_EDGE('',*,*,#4151,.T.);
#4151 = EDGE_CURVE('',#4124,#3497,#4152,.T.);
#4152 = SURFACE_CURVE('',#4153,(#4157,#4164),.PCURVE_S1.);
#4153 = LINE('',#4154,#4155);
#4154 = CARTESIAN_POINT('',(250.20614330297,25.,121.94526905686));
#4155 = VECTOR('',#4156,1.);
#4156 = DIRECTION('',(-0.605741564427,0.,0.795661458866));
#4157 = PCURVE('',#3512,#4158);
#4158 = DEFINITIONAL_REPRESENTATION('',(#4159),#4163);
#4159 = LINE('',#4160,#4161);
#4160 = CARTESIAN_POINT('',(50.,0.));
#4161 = VECTOR('',#4162,1.);
#4162 = DIRECTION('',(0.,1.));
#4163 = ( GEOMETRIC_REPRESENTATION_CONTEXT(2) 
PARAMETRIC_REPRESENTATION_CONTEXT() REPRESENTATION_CONTEXT('2D SPACE',''
  ) );
#4164 = PCURVE('',#3594,#4165);
#4165 = DEFINITIONAL_REPRESENTATION('',(#4166),#4170);
#4166 = LINE('',#4167,#4168);
#4167 = CARTESIAN_POINT('',(0.,0.));
#4168 = VECTOR('',#4169,1.);
#4169 = DIRECTION('',(0.,-1.));
#4170 = ( GEOMETRIC_REPRESENTATION_CONTEXT(2) 
PARAMETRIC_REPRESENTATION_CONTEXT() REPRESENTATION_CONTEXT('2D SPACE',''
  ) );
#4171 = ORIENTED_EDGE('',*,*,#3494,.F.);
#4172 = ADVANCED_FACE('',(#4173),#3594,.T.);
#4173 = FACE_BOUND('',#4174,.T.);
#4174 = EDGE_LOOP('',(#4175,#4198,#4199,#4200));
#4175 = ORIENTED_EDGE('',*,*,#4176,.F.);
#4176 = EDGE_CURVE('',#4124,#4177,#4179,.T.);
#4177 = VERTEX_POINT('',#4178);
#4178 = CARTESIAN_POINT('',(329.7722891896,25.,182.51942549959));
#4179 = SURFACE_CURVE('',#4180,(#4184,#4191),.PCURVE_S1.);
#4180 = LINE('',#4181,#4182);
#4181 = CARTESIAN_POINT('',(250.20614330297,25.,121.94526905686));
#4182 = VECTOR('',#4183,1.);
#4183 = DIRECTION('',(0.795661458866,0.,0.605741564427));
#4184 = PCURVE('',#3594,#4185);
#4185 = DEFINITIONAL_REPRESENTATION('',(#4186),#4190);
#4186 = LINE('',#4187,#4188);
#4187 = CARTESIAN_POINT('',(0.,0.));
#4188 = VECTOR('',#4189,1.);
#4189 = DIRECTION('',(1.,0.));
#4190 = ( GEOMETRIC_REPRESENTATION_CONTEXT(2) 
PARAMETRIC_REPRESENTATION_CONTEXT() REPRESENTATION_CONTEXT('2D SPACE',''
  ) );
#4191 = PCURVE('',#4139,#4192);
#4192 = DEFINITIONAL_REPRESENTATION('',(#4193),#4197);
#4193 = LINE('',#4194,#4195);
#4194 = CARTESIAN_POINT('',(0.,50.));
#4195 = VECTOR('',#4196,1.);
#4196 = DIRECTION('',(1.,0.));
#4197 = ( GEOMETRIC_REPRESENTATION_CONTEXT(2) 
PARAMETRIC_REPRESENTATION_CONTEXT() REPRESENTATION_CONTEXT('2D SPACE',''
  ) );
#4198 = ORIENTED_EDGE('',*,*,#4151,.T.);
#4199 = ORIENTED_EDGE('',*,*,#3580,.T.);
#4200 = ORIENTED_EDGE('',*,*,#4201,.F.);
#4201 = EDGE_CURVE('',#4177,#3553,#4202,.T.);
#4202 = SURFACE_CURVE('',#4203,(#4207,#4214),.PCURVE_S1.);
#4203 = LINE('',#4204,#4205);
#4204 = CARTESIAN_POINT('',(329.7722891896,25.,182.51942549959));
#4205 = VECTOR('',#4206,1.);
#4206 = DIRECTION('',(-0.605741564427,0.,0.795661458866));
#4207 = PCURVE('',#3594,#4208);
#4208 = DEFINITIONAL_REPRESENTATION('',(#4209),#4213);
#4209 = LINE('',#4210,#4211);
#4210 = CARTESIAN_POINT('',(100.,0.));
#4211 = VECTOR('',#4212,1.);
#4212 = DIRECTION('',(0.,-1.));
#4213 = ( GEOMETRIC_REPRESENTATION_CONTEXT(2) 
PARAMETRIC_REPRESENTATION_CONTEXT() REPRESENTATION_CONTEXT('2D SPACE',''
  ) );
#4214 = PCURVE('',#3568,#4215);
#4215 = DEFINITIONAL_REPRESENTATION('',(#4216),#4220);
#4216 = LINE('',#4217,#4218);
#4217 = CARTESIAN_POINT('',(50.,0.));
#4218 = VECTOR('',#4219,1.);
#4219 = DIRECTION('',(0.,1.));
#4220 = ( GEOMETRIC_REPRESENTATION_CONTEXT(2) 
PARAMETRIC_REPRESENTATION_CONTEXT() REPRESENTATION_CONTEXT('2D SPACE',''
  ) );
#4221 = ADVANCED_FACE('',(#4222),#3540,.F.);
#4222 = FACE_BOUND('',#4223,.F.);
#4223 = EDGE_LOOP('',(#4224,#4247,#4248,#4249));
#4224 = ORIENTED_EDGE('',*,*,#4225,.F.);
#4225 = EDGE_CURVE('',#4101,#4226,#4228,.T.);
#4226 = VERTEX_POINT('',#4227);
#4227 = CARTESIAN_POINT('',(329.7722891896,-25.,182.51942549959));
#4228 = SURFACE_CURVE('',#4229,(#4233,#4240),.PCURVE_S1.);
#4229 = LINE('',#4230,#4231);
#4230 = CARTESIAN_POINT('',(250.20614330297,-25.,121.94526905686));
#4231 = VECTOR('',#4232,1.);
#4232 = DIRECTION('',(0.795661458866,0.,0.605741564427));
#4233 = PCURVE('',#3540,#4234);
#4234 = DEFINITIONAL_REPRESENTATION('',(#4235),#4239);
#4235 = LINE('',#4236,#4237);
#4236 = CARTESIAN_POINT('',(0.,0.));
#4237 = VECTOR('',#4238,1.);
#4238 = DIRECTION('',(1.,0.));
#4239 = ( GEOMETRIC_REPRESENTATION_CONTEXT(2) 
PARAMETRIC_REPRESENTATION_CONTEXT() REPRESENTATION_CONTEXT('2D SPACE',''
  ) );
#4240 = PCURVE('',#4139,#4241);
#4241 = DEFINITIONAL_REPRESENTATION('',(#4242),#4246);
#4242 = LINE('',#4243,#4244);
#4243 = CARTESIAN_POINT('',(0.,0.));
#4244 = VECTOR('',#4245,1.);
#4245 = DIRECTION('',(1.,0.));
#4246 = ( GEOMETRIC_REPRESENTATION_CONTEXT(2) 
PARAMETRIC_REPRESENTATION_CONTEXT() REPRESENTATION_CONTEXT('2D SPACE',''
  ) );
#4247 = ORIENTED_EDGE('',*,*,#4100,.T.);
#4248 = ORIENTED_EDGE('',*,*,#3524,.T.);
#4249 = ORIENTED_EDGE('',*,*,#4250,.F.);
#4250 = EDGE_CURVE('',#4226,#3525,#4251,.T.);
#4251 = SURFACE_CURVE('',#4252,(#4256,#4263),.PCURVE_S1.);
#4252 = LINE('',#4253,#4254);
#4253 = CARTESIAN_POINT('',(329.7722891896,-25.,182.51942549959));
#4254 = VECTOR('',#4255,1.);
#4255 = DIRECTION('',(-0.605741564427,0.,0.795661458866));
#4256 = PCURVE('',#3540,#4257);
#4257 = DEFINITIONAL_REPRESENTATION('',(#4258),#4262);
#4258 = LINE('',#4259,#4260);
#4259 = CARTESIAN_POINT('',(100.,0.));
#4260 = VECTOR('',#4261,1.);
#4261 = DIRECTION('',(0.,-1.));
#4262 = ( GEOMETRIC_REPRESENTATION_CONTEXT(2) 
PARAMETRIC_REPRESENTATION_CONTEXT() REPRESENTATION_CONTEXT('2D SPACE',''
  ) );
#4263 = PCURVE('',#3568,#4264);
#4264 = DEFINITIONAL_REPRESENTATION('',(#4265),#4269);
#4265 = LINE('',#4266,#4267);
#4266 = CARTESIAN_POINT('',(0.,0.));
#4267 = VECTOR('',#4268,1.);
#4268 = DIRECTION('',(0.,1.));
#4269 = ( GEOMETRIC_REPRESENTATION_CONTEXT(2) 
PARAMETRIC_REPRESENTATION_CONTEXT() REPRESENTATION_CONTEXT('2D SPACE',''
  ) );
#4270 = ADVANCED_FACE('',(#4271),#3568,.T.);
#4271 = FACE_BOUND('',#4272,.T.);
#4272 = EDGE_LOOP('',(#4273,#4274,#4295,#4296));
#4273 = ORIENTED_EDGE('',*,*,#4250,.F.);
#4274 = ORIENTED_EDGE('',*,*,#4275,.T.);
#4275 = EDGE_CURVE('',#4226,#4177,#4276,.T.);
#4276 = SURFACE_CURVE('',#4277,(#4281,#4288),.PCURVE_S1.);
#4277 = LINE('',#4278,#4279);
#4278 = CARTESIAN_POINT('',(329.7722891896,-25.,182.51942549959));
#4279 = VECTOR('',#4280,1.);
#4280 = DIRECTION('',(-0.,1.,0.));
#4281 = PCURVE('',#3568,#4282);
#4282 = DEFINITIONAL_REPRESENTATION('',(#4283),#4287);
#4283 = LINE('',#4284,#4285);
#4284 = CARTESIAN_POINT('',(0.,0.));
#4285 = VECTOR('',#4286,1.);
#4286 = DIRECTION('',(1.,0.));
#4287 = ( GEOMETRIC_REPRESENTATION_CONTEXT(2) 
PARAMETRIC_REPRESENTATION_CONTEXT() REPRESENTATION_CONTEXT('2D SPACE',''
  ) );
#4288 = PCURVE('',#4139,#4289);
#4289 = DEFINITIONAL_REPRESENTATION('',(#4290),#4294);
#4290 = LINE('',#4291,#4292);
#4291 = CARTESIAN_POINT('',(100.,0.));
#4292 = VECTOR('',#4293,1.);
#4293 = DIRECTION('',(0.,1.));
#4294 = ( GEOMETRIC_REPRESENTATION_CONTEXT(2) 
PARAMETRIC_REPRESENTATION_CONTEXT() REPRESENTATION_CONTEXT('2D SPACE',''
  ) );
#4295 = ORIENTED_EDGE('',*,*,#4201,.T.);
#4296 = ORIENTED_EDGE('',*,*,#3552,.F.);
#4297 = ADVANCED_FACE('',(#4298,#4346),#3669,.F.);
#4298 = FACE_BOUND('',#4299,.F.);
#4299 = EDGE_LOOP('',(#4300,#4301,#4323,#4324));
#4300 = ORIENTED_EDGE('',*,*,#4023,.T.);
#4301 = ORIENTED_EDGE('',*,*,#4302,.T.);
#4302 = EDGE_CURVE('',#4003,#3655,#4303,.T.);
#4303 = SURFACE_CURVE('',#4304,(#4309,#4316),.PCURVE_S1.);
#4304 = CIRCLE('',#4305,36.);
#4305 = AXIS2_PLACEMENT_3D('',#4306,#4307,#4308);
#4306 = CARTESIAN_POINT('',(292.6221233762,0.,203.25261580011));
#4307 = DIRECTION('',(0.795661458866,1.304512053935E-15,0.605741564427)
  );
#4308 = DIRECTION('',(-0.52161079159,-0.508416811603,0.685152922913));
#4309 = PCURVE('',#3669,#4310);
#4310 = DEFINITIONAL_REPRESENTATION('',(#4311),#4315);
#4311 = CIRCLE('',#4312,36.);
#4312 = AXIS2_PLACEMENT_2D('',#4313,#4314);
#4313 = CARTESIAN_POINT('',(0.,1.469576158977E-15));
#4314 = DIRECTION('',(-0.861111111111,-0.508416811603));
#4315 = ( GEOMETRIC_REPRESENTATION_CONTEXT(2) 
PARAMETRIC_REPRESENTATION_CONTEXT() REPRESENTATION_CONTEXT('2D SPACE',''
  ) );
#4316 = PCURVE('',#3745,#4317);
#4317 = DEFINITIONAL_REPRESENTATION('',(#4318),#4322);
#4318 = LINE('',#4319,#4320);
#4319 = CARTESIAN_POINT('',(-3.6749379025,0.));
#4320 = VECTOR('',#4321,1.);
#4321 = DIRECTION('',(-1.,0.));
#4322 = ( GEOMETRIC_REPRESENTATION_CONTEXT(2) 
PARAMETRIC_REPRESENTATION_CONTEXT() REPRESENTATION_CONTEXT('2D SPACE',''
  ) );
#4323 = ORIENTED_EDGE('',*,*,#3652,.F.);
#4324 = ORIENTED_EDGE('',*,*,#4325,.T.);
#4325 = EDGE_CURVE('',#3653,#4024,#4326,.T.);
#4326 = SURFACE_CURVE('',#4327,(#4332,#4339),.PCURVE_S1.);
#4327 = CIRCLE('',#4328,36.);
#4328 = AXIS2_PLACEMENT_3D('',#4329,#4330,#4331);
#4329 = CARTESIAN_POINT('',(292.6221233762,0.,203.25261580011));
#4330 = DIRECTION('',(0.795661458866,1.304512053935E-15,0.605741564427)
  );
#4331 = DIRECTION('',(-0.52161079159,-0.508416811603,0.685152922913));
#4332 = PCURVE('',#3669,#4333);
#4333 = DEFINITIONAL_REPRESENTATION('',(#4334),#4338);
#4334 = CIRCLE('',#4335,36.);
#4335 = AXIS2_PLACEMENT_2D('',#4336,#4337);
#4336 = CARTESIAN_POINT('',(0.,1.469576158977E-15));
#4337 = DIRECTION('',(-0.861111111111,-0.508416811603));
#4338 = ( GEOMETRIC_REPRESENTATION_CONTEXT(2) 
PARAMETRIC_REPRESENTATION_CONTEXT() REPRESENTATION_CONTEXT('2D SPACE',''
  ) );
#4339 = PCURVE('',#3695,#4340);
#4340 = DEFINITIONAL_REPRESENTATION('',(#4341),#4345);
#4341 = LINE('',#4342,#4343);
#4342 = CARTESIAN_POINT('',(-3.6749379025,0.));
#4343 = VECTOR('',#4344,1.);
#4344 = DIRECTION('',(-1.,0.));
#4345 = ( GEOMETRIC_REPRESENTATION_CONTEXT(2) 
PARAMETRIC_REPRESENTATION_CONTEXT() REPRESENTATION_CONTEXT('2D SPACE',''
  ) );
#4346 = FACE_BOUND('',#4347,.F.);
#4347 = EDGE_LOOP('',(#4348));
#4348 = ORIENTED_EDGE('',*,*,#4349,.T.);
#4349 = EDGE_CURVE('',#4350,#4350,#4352,.T.);
#4350 = VERTEX_POINT('',#4351);
#4351 = CARTESIAN_POINT('',(310.67322199614,0.,179.5419043259));
#4352 = SURFACE_CURVE('',#4353,(#4358,#4369),.PCURVE_S1.);
#4353 = CIRCLE('',#4354,29.8);
#4354 = AXIS2_PLACEMENT_3D('',#4355,#4356,#4357);
#4355 = CARTESIAN_POINT('',(292.6221233762,0.,203.25261580011));
#4356 = DIRECTION('',(-0.795661458866,-0.,-0.605741564427));
#4357 = DIRECTION('',(0.605741564427,0.,-0.795661458866));
#4358 = PCURVE('',#3669,#4359);
#4359 = DEFINITIONAL_REPRESENTATION('',(#4360),#4368);
#4360 = ( BOUNDED_CURVE() B_SPLINE_CURVE(2,(#4361,#4362,#4363,#4364,
#4365,#4366,#4367),.UNSPECIFIED.,.T.,.F.) B_SPLINE_CURVE_WITH_KNOTS((1,2
    ,2,2,2,1),(-2.094395102393,0.,2.094395102393,4.188790204786,
6.28318530718,8.377580409573),.UNSPECIFIED.) CURVE() 
GEOMETRIC_REPRESENTATION_ITEM() RATIONAL_B_SPLINE_CURVE((1.,0.5,1.,0.5,
1.,0.5,1.)) REPRESENTATION_ITEM('') );
#4361 = CARTESIAN_POINT('',(29.8,1.469576158977E-15));
#4362 = CARTESIAN_POINT('',(29.8,-51.61511406555));
#4363 = CARTESIAN_POINT('',(-14.9,-25.80755703277));
#4364 = CARTESIAN_POINT('',(-59.6,-5.829318763941E-15));
#4365 = CARTESIAN_POINT('',(-14.9,25.807557032776));
#4366 = CARTESIAN_POINT('',(29.8,51.615114065553));
#4367 = CARTESIAN_POINT('',(29.8,1.469576158977E-15));
#4368 = ( GEOMETRIC_REPRESENTATION_CONTEXT(2) 
PARAMETRIC_REPRESENTATION_CONTEXT() REPRESENTATION_CONTEXT('2D SPACE',''
  ) );
#4369 = PCURVE('',#4370,#4375);
#4370 = CYLINDRICAL_SURFACE('',#4371,29.8);
#4371 = AXIS2_PLACEMENT_3D('',#4372,#4373,#4374);
#4372 = CARTESIAN_POINT('',(291.82646191734,0.,202.64687423568));
#4373 = DIRECTION('',(-0.795661458866,-0.,-0.605741564427));
#4374 = DIRECTION('',(0.605741564427,0.,-0.795661458866));
#4375 = DEFINITIONAL_REPRESENTATION('',(#4376),#4380);
#4376 = LINE('',#4377,#4378);
#4377 = CARTESIAN_POINT('',(-6.28318530718,-1.));
#4378 = VECTOR('',#4379,1.);
#4379 = DIRECTION('',(1.,-0.));
#4380 = ( GEOMETRIC_REPRESENTATION_CONTEXT(2) 
PARAMETRIC_REPRESENTATION_CONTEXT() REPRESENTATION_CONTEXT('2D SPACE',''
  ) );
#4381 = ADVANCED_FACE('',(#4382),#3745,.T.);
#4382 = FACE_BOUND('',#4383,.F.);
#4383 = EDGE_LOOP('',(#4384,#4385,#4386,#4408));
#4384 = ORIENTED_EDGE('',*,*,#4302,.F.);
#4385 = ORIENTED_EDGE('',*,*,#4002,.F.);
#4386 = ORIENTED_EDGE('',*,*,#4387,.T.);
#4387 = EDGE_CURVE('',#3982,#3707,#4388,.T.);
#4388 = SURFACE_CURVE('',#4389,(#4394,#4401),.PCURVE_S1.);
#4389 = CIRCLE('',#4390,36.);
#4390 = AXIS2_PLACEMENT_3D('',#4391,#4392,#4393);
#4391 = CARTESIAN_POINT('',(300.57873796487,0.,209.31003144438));
#4392 = DIRECTION('',(0.795661458866,-1.33226762955E-15,0.605741564427)
  );
#4393 = DIRECTION('',(-0.52161079159,-0.508416811603,0.685152922913));
#4394 = PCURVE('',#3745,#4395);
#4395 = DEFINITIONAL_REPRESENTATION('',(#4396),#4400);
#4396 = LINE('',#4397,#4398);
#4397 = CARTESIAN_POINT('',(-3.6749379025,-10.));
#4398 = VECTOR('',#4399,1.);
#4399 = DIRECTION('',(-1.,0.));
#4400 = ( GEOMETRIC_REPRESENTATION_CONTEXT(2) 
PARAMETRIC_REPRESENTATION_CONTEXT() REPRESENTATION_CONTEXT('2D SPACE',''
  ) );
#4401 = PCURVE('',#3721,#4402);
#4402 = DEFINITIONAL_REPRESENTATION('',(#4403),#4407);
#4403 = CIRCLE('',#4404,36.);
#4404 = AXIS2_PLACEMENT_2D('',#4405,#4406);
#4405 = CARTESIAN_POINT('',(0.,1.469576158977E-15));
#4406 = DIRECTION('',(-0.861111111111,-0.508416811603));
#4407 = ( GEOMETRIC_REPRESENTATION_CONTEXT(2) 
PARAMETRIC_REPRESENTATION_CONTEXT() REPRESENTATION_CONTEXT('2D SPACE',''
  ) );
#4408 = ORIENTED_EDGE('',*,*,#3732,.T.);
#4409 = ADVANCED_FACE('',(#4410,#4437),#3721,.T.);
#4410 = FACE_BOUND('',#4411,.T.);
#4411 = EDGE_LOOP('',(#4412,#4413,#4414,#4415));
#4412 = ORIENTED_EDGE('',*,*,#3979,.T.);
#4413 = ORIENTED_EDGE('',*,*,#4387,.T.);
#4414 = ORIENTED_EDGE('',*,*,#3706,.F.);
#4415 = ORIENTED_EDGE('',*,*,#4416,.T.);
#4416 = EDGE_CURVE('',#3681,#3980,#4417,.T.);
#4417 = SURFACE_CURVE('',#4418,(#4423,#4430),.PCURVE_S1.);
#4418 = CIRCLE('',#4419,36.);
#4419 = AXIS2_PLACEMENT_3D('',#4420,#4421,#4422);
#4420 = CARTESIAN_POINT('',(300.57873796487,0.,209.31003144438));
#4421 = DIRECTION('',(0.795661458866,-1.33226762955E-15,0.605741564427)
  );
#4422 = DIRECTION('',(-0.52161079159,-0.508416811603,0.685152922913));
#4423 = PCURVE('',#3721,#4424);
#4424 = DEFINITIONAL_REPRESENTATION('',(#4425),#4429);
#4425 = CIRCLE('',#4426,36.);
#4426 = AXIS2_PLACEMENT_2D('',#4427,#4428);
#4427 = CARTESIAN_POINT('',(0.,1.469576158977E-15));
#4428 = DIRECTION('',(-0.861111111111,-0.508416811603));
#4429 = ( GEOMETRIC_REPRESENTATION_CONTEXT(2) 
PARAMETRIC_REPRESENTATION_CONTEXT() REPRESENTATION_CONTEXT('2D SPACE',''
  ) );
#4430 = PCURVE('',#3695,#4431);
#4431 = DEFINITIONAL_REPRESENTATION('',(#4432),#4436);
#4432 = LINE('',#4433,#4434);
#4433 = CARTESIAN_POINT('',(-3.6749379025,-10.));
#4434 = VECTOR('',#4435,1.);
#4435 = DIRECTION('',(-1.,0.));
#4436 = ( GEOMETRIC_REPRESENTATION_CONTEXT(2) 
PARAMETRIC_REPRESENTATION_CONTEXT() REPRESENTATION_CONTEXT('2D SPACE',''
  ) );
#4437 = FACE_BOUND('',#4438,.T.);
#4438 = EDGE_LOOP('',(#4439));
#4439 = ORIENTED_EDGE('',*,*,#4440,.T.);
#4440 = EDGE_CURVE('',#4441,#4441,#4443,.T.);
#4441 = VERTEX_POINT('',#4442);
#4442 = CARTESIAN_POINT('',(318.6298365848,0.,185.59931997017));
#4443 = SURFACE_CURVE('',#4444,(#4449,#4460),.PCURVE_S1.);
#4444 = CIRCLE('',#4445,29.8);
#4445 = AXIS2_PLACEMENT_3D('',#4446,#4447,#4448);
#4446 = CARTESIAN_POINT('',(300.57873796487,0.,209.31003144438));
#4447 = DIRECTION('',(-0.795661458866,-0.,-0.605741564427));
#4448 = DIRECTION('',(0.605741564427,0.,-0.795661458866));
#4449 = PCURVE('',#3721,#4450);
#4450 = DEFINITIONAL_REPRESENTATION('',(#4451),#4459);
#4451 = ( BOUNDED_CURVE() B_SPLINE_CURVE(2,(#4452,#4453,#4454,#4455,
#4456,#4457,#4458),.UNSPECIFIED.,.T.,.F.) B_SPLINE_CURVE_WITH_KNOTS((1,2
    ,2,2,2,1),(-2.094395102393,0.,2.094395102393,4.188790204786,
6.28318530718,8.377580409573),.UNSPECIFIED.) CURVE() 
GEOMETRIC_REPRESENTATION_ITEM() RATIONAL_B_SPLINE_CURVE((1.,0.5,1.,0.5,
1.,0.5,1.)) REPRESENTATION_ITEM('') );
#4452 = CARTESIAN_POINT('',(29.8,1.469576158977E-15));
#4453 = CARTESIAN_POINT('',(29.8,-51.61511406555));
#4454 = CARTESIAN_POINT('',(-14.9,-25.80755703277));
#4455 = CARTESIAN_POINT('',(-59.6,-5.829318763941E-15));
#4456 = CARTESIAN_POINT('',(-14.9,25.807557032776));
#4457 = CARTESIAN_POINT('',(29.8,51.615114065553));
#4458 = CARTESIAN_POINT('',(29.8,1.469576158977E-15));
#4459 = ( GEOMETRIC_REPRESENTATION_CONTEXT(2) 
PARAMETRIC_REPRESENTATION_CONTEXT() REPRESENTATION_CONTEXT('2D SPACE',''
  ) );
#4460 = PCURVE('',#4370,#4461);
#4461 = DEFINITIONAL_REPRESENTATION('',(#4462),#4466);
#4462 = LINE('',#4463,#4464);
#4463 = CARTESIAN_POINT('',(-6.28318530718,-11.));
#4464 = VECTOR('',#4465,1.);
#4465 = DIRECTION('',(1.,-0.));
#4466 = ( GEOMETRIC_REPRESENTATION_CONTEXT(2) 
PARAMETRIC_REPRESENTATION_CONTEXT() REPRESENTATION_CONTEXT('2D SPACE',''
  ) );
#4467 = ADVANCED_FACE('',(#4468),#3695,.T.);
#4468 = FACE_BOUND('',#4469,.F.);
#4469 = EDGE_LOOP('',(#4470,#4471,#4472,#4473));
#4470 = ORIENTED_EDGE('',*,*,#4325,.F.);
#4471 = ORIENTED_EDGE('',*,*,#3680,.F.);
#4472 = ORIENTED_EDGE('',*,*,#4416,.T.);
#4473 = ORIENTED_EDGE('',*,*,#4044,.T.);
#4474 = ADVANCED_FACE('',(#4475),#3859,.F.);
#4475 = FACE_BOUND('',#4476,.F.);
#4476 = EDGE_LOOP('',(#4477,#4500,#4501,#4524));
#4477 = ORIENTED_EDGE('',*,*,#4478,.F.);
#4478 = EDGE_CURVE('',#3842,#4479,#4481,.T.);
#4479 = VERTEX_POINT('',#4480);
#4480 = CARTESIAN_POINT('',(202.95830127764,-25.,184.00686284842));
#4481 = SURFACE_CURVE('',#4482,(#4486,#4493),.PCURVE_S1.);
#4482 = LINE('',#4483,#4484);
#4483 = CARTESIAN_POINT('',(207.80423379306,-25.,177.64157117749));
#4484 = VECTOR('',#4485,1.);
#4485 = DIRECTION('',(-0.605741564427,0.,0.795661458866));
#4486 = PCURVE('',#3859,#4487);
#4487 = DEFINITIONAL_REPRESENTATION('',(#4488),#4492);
#4488 = LINE('',#4489,#4490);
#4489 = CARTESIAN_POINT('',(0.,0.));
#4490 = VECTOR('',#4491,1.);
#4491 = DIRECTION('',(0.,1.));
#4492 = ( GEOMETRIC_REPRESENTATION_CONTEXT(2) 
PARAMETRIC_REPRESENTATION_CONTEXT() REPRESENTATION_CONTEXT('2D SPACE',''
  ) );
#4493 = PCURVE('',#3887,#4494);
#4494 = DEFINITIONAL_REPRESENTATION('',(#4495),#4499);
#4495 = LINE('',#4496,#4497);
#4496 = CARTESIAN_POINT('',(0.,0.));
#4497 = VECTOR('',#4498,1.);
#4498 = DIRECTION('',(0.,-1.));
#4499 = ( GEOMETRIC_REPRESENTATION_CONTEXT(2) 
PARAMETRIC_REPRESENTATION_CONTEXT() REPRESENTATION_CONTEXT('2D SPACE',''
  ) );
#4500 = ORIENTED_EDGE('',*,*,#3841,.T.);
#4501 = ORIENTED_EDGE('',*,*,#4502,.T.);
#4502 = EDGE_CURVE('',#3844,#4503,#4505,.T.);
#4503 = VERTEX_POINT('',#4504);
#4504 = CARTESIAN_POINT('',(202.95830127764,25.,184.00686284842));
#4505 = SURFACE_CURVE('',#4506,(#4510,#4517),.PCURVE_S1.);
#4506 = LINE('',#4507,#4508);
#4507 = CARTESIAN_POINT('',(207.80423379306,25.,177.64157117749));
#4508 = VECTOR('',#4509,1.);
#4509 = DIRECTION('',(-0.605741564427,0.,0.795661458866));
#4510 = PCURVE('',#3859,#4511);
#4511 = DEFINITIONAL_REPRESENTATION('',(#4512),#4516);
#4512 = LINE('',#4513,#4514);
#4513 = CARTESIAN_POINT('',(50.,0.));
#4514 = VECTOR('',#4515,1.);
#4515 = DIRECTION('',(0.,1.));
#4516 = ( GEOMETRIC_REPRESENTATION_CONTEXT(2) 
PARAMETRIC_REPRESENTATION_CONTEXT() REPRESENTATION_CONTEXT('2D SPACE',''
  ) );
#4517 = PCURVE('',#3941,#4518);
#4518 = DEFINITIONAL_REPRESENTATION('',(#4519),#4523);
#4519 = LINE('',#4520,#4521);
#4520 = CARTESIAN_POINT('',(0.,0.));
#4521 = VECTOR('',#4522,1.);
#4522 = DIRECTION('',(0.,-1.));
#4523 = ( GEOMETRIC_REPRESENTATION_CONTEXT(2) 
PARAMETRIC_REPRESENTATION_CONTEXT() REPRESENTATION_CONTEXT('2D SPACE',''
  ) );
#4524 = ORIENTED_EDGE('',*,*,#4525,.F.);
#4525 = EDGE_CURVE('',#4479,#4503,#4526,.T.);
#4526 = SURFACE_CURVE('',#4527,(#4531,#4538),.PCURVE_S1.);
#4527 = LINE('',#4528,#4529);
#4528 = CARTESIAN_POINT('',(202.95830127764,-25.,184.00686284842));
#4529 = VECTOR('',#4530,1.);
#4530 = DIRECTION('',(-0.,1.,0.));
#4531 = PCURVE('',#3859,#4532);
#4532 = DEFINITIONAL_REPRESENTATION('',(#4533),#4537);
#4533 = LINE('',#4534,#4535);
#4534 = CARTESIAN_POINT('',(0.,8.));
#4535 = VECTOR('',#4536,1.);
#4536 = DIRECTION('',(1.,0.));
#4537 = ( GEOMETRIC_REPRESENTATION_CONTEXT(2) 
PARAMETRIC_REPRESENTATION_CONTEXT() REPRESENTATION_CONTEXT('2D SPACE',''
  ) );
#4538 = PCURVE('',#4539,#4544);
#4539 = PLANE('',#4540);
#4540 = AXIS2_PLACEMENT_3D('',#4541,#4542,#4543);
#4541 = CARTESIAN_POINT('',(202.95830127764,-25.,184.00686284842));
#4542 = DIRECTION('',(-0.605741564427,0.,0.795661458866));
#4543 = DIRECTION('',(0.795661458866,0.,0.605741564427));
#4544 = DEFINITIONAL_REPRESENTATION('',(#4545),#4549);
#4545 = LINE('',#4546,#4547);
#4546 = CARTESIAN_POINT('',(0.,0.));
#4547 = VECTOR('',#4548,1.);
#4548 = DIRECTION('',(0.,1.));
#4549 = ( GEOMETRIC_REPRESENTATION_CONTEXT(2) 
PARAMETRIC_REPRESENTATION_CONTEXT() REPRESENTATION_CONTEXT('2D SPACE',''
  ) );
#4550 = ADVANCED_FACE('',(#4551),#3941,.T.);
#4551 = FACE_BOUND('',#4552,.T.);
#4552 = EDGE_LOOP('',(#4553,#4554,#4555,#4578));
#4553 = ORIENTED_EDGE('',*,*,#3927,.F.);
#4554 = ORIENTED_EDGE('',*,*,#4502,.T.);
#4555 = ORIENTED_EDGE('',*,*,#4556,.T.);
#4556 = EDGE_CURVE('',#4503,#4557,#4559,.T.);
#4557 = VERTEX_POINT('',#4558);
#4558 = CARTESIAN_POINT('',(282.52444716426,25.,244.58101929116));
#4559 = SURFACE_CURVE('',#4560,(#4564,#4571),.PCURVE_S1.);
#4560 = LINE('',#4561,#4562);
#4561 = CARTESIAN_POINT('',(202.95830127764,25.,184.00686284842));
#4562 = VECTOR('',#4563,1.);
#4563 = DIRECTION('',(0.795661458866,0.,0.605741564427));
#4564 = PCURVE('',#3941,#4565);
#4565 = DEFINITIONAL_REPRESENTATION('',(#4566),#4570);
#4566 = LINE('',#4567,#4568);
#4567 = CARTESIAN_POINT('',(0.,-8.));
#4568 = VECTOR('',#4569,1.);
#4569 = DIRECTION('',(1.,0.));
#4570 = ( GEOMETRIC_REPRESENTATION_CONTEXT(2) 
PARAMETRIC_REPRESENTATION_CONTEXT() REPRESENTATION_CONTEXT('2D SPACE',''
  ) );
#4571 = PCURVE('',#4539,#4572);
#4572 = DEFINITIONAL_REPRESENTATION('',(#4573),#4577);
#4573 = LINE('',#4574,#4575);
#4574 = CARTESIAN_POINT('',(0.,50.));
#4575 = VECTOR('',#4576,1.);
#4576 = DIRECTION('',(1.,0.));
#4577 = ( GEOMETRIC_REPRESENTATION_CONTEXT(2) 
PARAMETRIC_REPRESENTATION_CONTEXT() REPRESENTATION_CONTEXT('2D SPACE',''
  ) );
#4578 = ORIENTED_EDGE('',*,*,#4579,.F.);
#4579 = EDGE_CURVE('',#3900,#4557,#4580,.T.);
#4580 = SURFACE_CURVE('',#4581,(#4585,#4592),.PCURVE_S1.);
#4581 = LINE('',#4582,#4583);
#4582 = CARTESIAN_POINT('',(287.37037967968,25.,238.21572762023));
#4583 = VECTOR('',#4584,1.);
#4584 = DIRECTION('',(-0.605741564427,0.,0.795661458866));
#4585 = PCURVE('',#3941,#4586);
#4586 = DEFINITIONAL_REPRESENTATION('',(#4587),#4591);
#4587 = LINE('',#4588,#4589);
#4588 = CARTESIAN_POINT('',(100.,0.));
#4589 = VECTOR('',#4590,1.);
#4590 = DIRECTION('',(0.,-1.));
#4591 = ( GEOMETRIC_REPRESENTATION_CONTEXT(2) 
PARAMETRIC_REPRESENTATION_CONTEXT() REPRESENTATION_CONTEXT('2D SPACE',''
  ) );
#4592 = PCURVE('',#3915,#4593);
#4593 = DEFINITIONAL_REPRESENTATION('',(#4594),#4598);
#4594 = LINE('',#4595,#4596);
#4595 = CARTESIAN_POINT('',(50.,0.));
#4596 = VECTOR('',#4597,1.);
#4597 = DIRECTION('',(0.,1.));
#4598 = ( GEOMETRIC_REPRESENTATION_CONTEXT(2) 
PARAMETRIC_REPRESENTATION_CONTEXT() REPRESENTATION_CONTEXT('2D SPACE',''
  ) );
#4599 = ADVANCED_FACE('',(#4600),#3887,.F.);
#4600 = FACE_BOUND('',#4601,.F.);
#4601 = EDGE_LOOP('',(#4602,#4603,#4604,#4627));
#4602 = ORIENTED_EDGE('',*,*,#3871,.F.);
#4603 = ORIENTED_EDGE('',*,*,#4478,.T.);
#4604 = ORIENTED_EDGE('',*,*,#4605,.T.);
#4605 = EDGE_CURVE('',#4479,#4606,#4608,.T.);
#4606 = VERTEX_POINT('',#4607);
#4607 = CARTESIAN_POINT('',(282.52444716426,-25.,244.58101929116));
#4608 = SURFACE_CURVE('',#4609,(#4613,#4620),.PCURVE_S1.);
#4609 = LINE('',#4610,#4611);
#4610 = CARTESIAN_POINT('',(202.95830127764,-25.,184.00686284842));
#4611 = VECTOR('',#4612,1.);
#4612 = DIRECTION('',(0.795661458866,0.,0.605741564427));
#4613 = PCURVE('',#3887,#4614);
#4614 = DEFINITIONAL_REPRESENTATION('',(#4615),#4619);
#4615 = LINE('',#4616,#4617);
#4616 = CARTESIAN_POINT('',(0.,-8.));
#4617 = VECTOR('',#4618,1.);
#4618 = DIRECTION('',(1.,0.));
#4619 = ( GEOMETRIC_REPRESENTATION_CONTEXT(2) 
PARAMETRIC_REPRESENTATION_CONTEXT() REPRESENTATION_CONTEXT('2D SPACE',''
  ) );
#4620 = PCURVE('',#4539,#4621);
#4621 = DEFINITIONAL_REPRESENTATION('',(#4622),#4626);
#4622 = LINE('',#4623,#4624);
#4623 = CARTESIAN_POINT('',(0.,0.));
#4624 = VECTOR('',#4625,1.);
#4625 = DIRECTION('',(1.,0.));
#4626 = ( GEOMETRIC_REPRESENTATION_CONTEXT(2) 
PARAMETRIC_REPRESENTATION_CONTEXT() REPRESENTATION_CONTEXT('2D SPACE',''
  ) );
#4627 = ORIENTED_EDGE('',*,*,#4628,.F.);
#4628 = EDGE_CURVE('',#3872,#4606,#4629,.T.);
#4629 = SURFACE_CURVE('',#4630,(#4634,#4641),.PCURVE_S1.);
#4630 = LINE('',#4631,#4632);
#4631 = CARTESIAN_POINT('',(287.37037967968,-25.,238.21572762023));
#4632 = VECTOR('',#4633,1.);
#4633 = DIRECTION('',(-0.605741564427,0.,0.795661458866));
#4634 = PCURVE('',#3887,#4635);
#4635 = DEFINITIONAL_REPRESENTATION('',(#4636),#4640);
#4636 = LINE('',#4637,#4638);
#4637 = CARTESIAN_POINT('',(100.,0.));
#4638 = VECTOR('',#4639,1.);
#4639 = DIRECTION('',(0.,-1.));
#4640 = ( GEOMETRIC_REPRESENTATION_CONTEXT(2) 
PARAMETRIC_REPRESENTATION_CONTEXT() REPRESENTATION_CONTEXT('2D SPACE',''
  ) );
#4641 = PCURVE('',#3915,#4642);
#4642 = DEFINITIONAL_REPRESENTATION('',(#4643),#4647);
#4643 = LINE('',#4644,#4645);
#4644 = CARTESIAN_POINT('',(0.,0.));
#4645 = VECTOR('',#4646,1.);
#4646 = DIRECTION('',(0.,1.));
#4647 = ( GEOMETRIC_REPRESENTATION_CONTEXT(2) 
PARAMETRIC_REPRESENTATION_CONTEXT() REPRESENTATION_CONTEXT('2D SPACE',''
  ) );
#4648 = ADVANCED_FACE('',(#4649),#3915,.T.);
#4649 = FACE_BOUND('',#4650,.T.);
#4650 = EDGE_LOOP('',(#4651,#4652,#4653,#4654));
#4651 = ORIENTED_EDGE('',*,*,#4628,.F.);
#4652 = ORIENTED_EDGE('',*,*,#3899,.T.);
#4653 = ORIENTED_EDGE('',*,*,#4579,.T.);
#4654 = ORIENTED_EDGE('',*,*,#4655,.F.);
#4655 = EDGE_CURVE('',#4606,#4557,#4656,.T.);
#4656 = SURFACE_CURVE('',#4657,(#4661,#4668),.PCURVE_S1.);
#4657 = LINE('',#4658,#4659);
#4658 = CARTESIAN_POINT('',(282.52444716426,-25.,244.58101929116));
#4659 = VECTOR('',#4660,1.);
#4660 = DIRECTION('',(-0.,1.,0.));
#4661 = PCURVE('',#3915,#4662);
#4662 = DEFINITIONAL_REPRESENTATION('',(#4663),#4667);
#4663 = LINE('',#4664,#4665);
#4664 = CARTESIAN_POINT('',(0.,8.));
#4665 = VECTOR('',#4666,1.);
#4666 = DIRECTION('',(1.,0.));
#4667 = ( GEOMETRIC_REPRESENTATION_CONTEXT(2) 
PARAMETRIC_REPRESENTATION_CONTEXT() REPRESENTATION_CONTEXT('2D SPACE',''
  ) );
#4668 = PCURVE('',#4539,#4669);
#4669 = DEFINITIONAL_REPRESENTATION('',(#4670),#4674);
#4670 = LINE('',#4671,#4672);
#4671 = CARTESIAN_POINT('',(100.,0.));
#4672 = VECTOR('',#4673,1.);
#4673 = DIRECTION('',(0.,1.));
#4674 = ( GEOMETRIC_REPRESENTATION_CONTEXT(2) 
PARAMETRIC_REPRESENTATION_CONTEXT() REPRESENTATION_CONTEXT('2D SPACE',''
  ) );
#4675 = ADVANCED_FACE('',(#4676),#4139,.F.);
#4676 = FACE_BOUND('',#4677,.F.);
#4677 = EDGE_LOOP('',(#4678,#4679,#4680,#4681));
#4678 = ORIENTED_EDGE('',*,*,#4123,.F.);
#4679 = ORIENTED_EDGE('',*,*,#4225,.T.);
#4680 = ORIENTED_EDGE('',*,*,#4275,.T.);
#4681 = ORIENTED_EDGE('',*,*,#4176,.F.);
#4682 = ADVANCED_FACE('',(#4683),#4370,.F.);
#4683 = FACE_BOUND('',#4684,.T.);
#4684 = EDGE_LOOP('',(#4685,#4686,#4707,#4708));
#4685 = ORIENTED_EDGE('',*,*,#4349,.T.);
#4686 = ORIENTED_EDGE('',*,*,#4687,.T.);
#4687 = EDGE_CURVE('',#4350,#4441,#4688,.T.);
#4688 = SEAM_CURVE('',#4689,(#4693,#4700),.PCURVE_S1.);
#4689 = LINE('',#4690,#4691);
#4690 = CARTESIAN_POINT('',(309.87756053727,0.,178.93616276147));
#4691 = VECTOR('',#4692,1.);
#4692 = DIRECTION('',(0.795661458866,0.,0.605741564427));
#4693 = PCURVE('',#4370,#4694);
#4694 = DEFINITIONAL_REPRESENTATION('',(#4695),#4699);
#4695 = LINE('',#4696,#4697);
#4696 = CARTESIAN_POINT('',(-6.28318530718,0.));
#4697 = VECTOR('',#4698,1.);
#4698 = DIRECTION('',(-0.,-1.));
#4699 = ( GEOMETRIC_REPRESENTATION_CONTEXT(2) 
PARAMETRIC_REPRESENTATION_CONTEXT() REPRESENTATION_CONTEXT('2D SPACE',''
  ) );
#4700 = PCURVE('',#4370,#4701);
#4701 = DEFINITIONAL_REPRESENTATION('',(#4702),#4706);
#4702 = LINE('',#4703,#4704);
#4703 = CARTESIAN_POINT('',(-0.,0.));
#4704 = VECTOR('',#4705,1.);
#4705 = DIRECTION('',(-0.,-1.));
#4706 = ( GEOMETRIC_REPRESENTATION_CONTEXT(2) 
PARAMETRIC_REPRESENTATION_CONTEXT() REPRESENTATION_CONTEXT('2D SPACE',''
  ) );
#4707 = ORIENTED_EDGE('',*,*,#4440,.F.);
#4708 = ORIENTED_EDGE('',*,*,#4687,.F.);
#4709 = ADVANCED_FACE('',(#4710),#4539,.T.);
#4710 = FACE_BOUND('',#4711,.T.);
#4711 = EDGE_LOOP('',(#4712,#4713,#4714,#4715));
#4712 = ORIENTED_EDGE('',*,*,#4525,.F.);
#4713 = ORIENTED_EDGE('',*,*,#4605,.T.);
#4714 = ORIENTED_EDGE('',*,*,#4655,.T.);
#4715 = ORIENTED_EDGE('',*,*,#4556,.F.);
#4716 = ( GEOMETRIC_REPRESENTATION_CONTEXT(3) 
GLOBAL_UNCERTAINTY_ASSIGNED_CONTEXT((#4720)) 
GLOBAL_UNIT_ASSIGNED_CONTEXT((#4717,#4718,#4719)) REPRESENTATION_CONTEXT
('Context #1','3D Context with UNIT and UNCERTAINTY') );
#4717 = ( LENGTH_UNIT() NAMED_UNIT(*) SI_UNIT(.MILLI.,.METRE.) );
#4718 = ( NAMED_UNIT(*) PLANE_ANGLE_UNIT() SI_UNIT($,.RADIAN.) );
#4719 = ( NAMED_UNIT(*) SI_UNIT($,.STERADIAN.) SOLID_ANGLE_UNIT() );
#4720 = UNCERTAINTY_MEASURE_WITH_UNIT(LENGTH_MEASURE(1.E-07),#4717,
  'distance_accuracy_value','confusion accuracy');
#4721 = CONTEXT_DEPENDENT_SHAPE_REPRESENTATION(#4722,#4724);
#4722 = ( REPRESENTATION_RELATIONSHIP('','',#1169,#10) 
REPRESENTATION_RELATIONSHIP_WITH_TRANSFORMATION(#4723) 
SHAPE_REPRESENTATION_RELATIONSHIP() );
#4723 = ITEM_DEFINED_TRANSFORMATION('','',#11,#19);
#4724 = PRODUCT_DEFINITION_SHAPE('Placement','Placement of an item',
  #4725);
#4725 = NEXT_ASSEMBLY_USAGE_OCCURRENCE('298',
  'actuator_A1_limit_fixed_carrier','',#5,#1164,$);
#4726 = PRODUCT_RELATED_PRODUCT_CATEGORY('part',$,(#1166));
#4727 = SHAPE_DEFINITION_REPRESENTATION(#4728,#4734);
#4728 = PRODUCT_DEFINITION_SHAPE('','',#4729);
#4729 = PRODUCT_DEFINITION('design','',#4730,#4733);
#4730 = PRODUCT_DEFINITION_FORMATION('','',#4731);
#4731 = PRODUCT('actuator_A1_limit_guide_bushings',
  'actuator_A1_limit_guide_bushings','',(#4732));
#4732 = PRODUCT_CONTEXT('',#2,'mechanical');
#4733 = PRODUCT_DEFINITION_CONTEXT('part definition',#2,'design');
#4734 = SHAPE_REPRESENTATION('',(#11,#4735,#4925),#5115);
#4735 = MANIFOLD_SOLID_BREP('',#4736);
#4736 = CLOSED_SHELL('',(#4737,#4825,#4864,#4898));
#4737 = ADVANCED_FACE('',(#4738),#4752,.T.);
#4738 = FACE_BOUND('',#4739,.F.);
#4739 = EDGE_LOOP('',(#4740,#4770,#4797,#4798));
#4740 = ORIENTED_EDGE('',*,*,#4741,.T.);
#4741 = EDGE_CURVE('',#4742,#4744,#4746,.T.);
#4742 = VERTEX_POINT('',#4743);
#4743 = CARTESIAN_POINT('',(265.64159753697,52.,172.65766155209));
#4744 = VERTEX_POINT('',#4745);
#4745 = CARTESIAN_POINT('',(276.7808579611,52.,181.13804345407));
#4746 = SEAM_CURVE('',#4747,(#4751,#4763),.PCURVE_S1.);
#4747 = LINE('',#4748,#4749);
#4748 = CARTESIAN_POINT('',(265.64159753697,52.,172.65766155209));
#4749 = VECTOR('',#4750,1.);
#4750 = DIRECTION('',(0.795661458866,0.,0.605741564427));
#4751 = PCURVE('',#4752,#4757);
#4752 = CYLINDRICAL_SURFACE('',#4753,8.);
#4753 = AXIS2_PLACEMENT_3D('',#4754,#4755,#4756);
#4754 = CARTESIAN_POINT('',(260.79566502155,52.,179.02295322302));
#4755 = DIRECTION('',(-0.795661458866,-0.,-0.605741564427));
#4756 = DIRECTION('',(0.605741564427,0.,-0.795661458866));
#4757 = DEFINITIONAL_REPRESENTATION('',(#4758),#4762);
#4758 = LINE('',#4759,#4760);
#4759 = CARTESIAN_POINT('',(-0.,0.));
#4760 = VECTOR('',#4761,1.);
#4761 = DIRECTION('',(-0.,-1.));
#4762 = ( GEOMETRIC_REPRESENTATION_CONTEXT(2) 
PARAMETRIC_REPRESENTATION_CONTEXT() REPRESENTATION_CONTEXT('2D SPACE',''
  ) );
#4763 = PCURVE('',#4752,#4764);
#4764 = DEFINITIONAL_REPRESENTATION('',(#4765),#4769);
#4765 = LINE('',#4766,#4767);
#4766 = CARTESIAN_POINT('',(-6.28318530718,0.));
#4767 = VECTOR('',#4768,1.);
#4768 = DIRECTION('',(-0.,-1.));
#4769 = ( GEOMETRIC_REPRESENTATION_CONTEXT(2) 
PARAMETRIC_REPRESENTATION_CONTEXT() REPRESENTATION_CONTEXT('2D SPACE',''
  ) );
#4770 = ORIENTED_EDGE('',*,*,#4771,.T.);
#4771 = EDGE_CURVE('',#4744,#4744,#4772,.T.);
#4772 = SURFACE_CURVE('',#4773,(#4778,#4785),.PCURVE_S1.);
#4773 = CIRCLE('',#4774,8.);
#4774 = AXIS2_PLACEMENT_3D('',#4775,#4776,#4777);
#4775 = CARTESIAN_POINT('',(271.93492544568,52.,187.503335125));
#4776 = DIRECTION('',(0.795661458866,-0.,0.605741564427));
#4777 = DIRECTION('',(0.605741564427,0.,-0.795661458866));
#4778 = PCURVE('',#4752,#4779);
#4779 = DEFINITIONAL_REPRESENTATION('',(#4780),#4784);
#4780 = LINE('',#4781,#4782);
#4781 = CARTESIAN_POINT('',(-0.,-14.));
#4782 = VECTOR('',#4783,1.);
#4783 = DIRECTION('',(-1.,0.));
#4784 = ( GEOMETRIC_REPRESENTATION_CONTEXT(2) 
PARAMETRIC_REPRESENTATION_CONTEXT() REPRESENTATION_CONTEXT('2D SPACE',''
  ) );
#4785 = PCURVE('',#4786,#4791);
#4786 = PLANE('',#4787);
#4787 = AXIS2_PLACEMENT_3D('',#4788,#4789,#4790);
#4788 = CARTESIAN_POINT('',(271.93492544568,52.,187.503335125));
#4789 = DIRECTION('',(0.795661458866,0.,0.605741564427));
#4790 = DIRECTION('',(0.605741564427,0.,-0.795661458866));
#4791 = DEFINITIONAL_REPRESENTATION('',(#4792),#4796);
#4792 = CIRCLE('',#4793,8.);
#4793 = AXIS2_PLACEMENT_2D('',#4794,#4795);
#4794 = CARTESIAN_POINT('',(0.,0.));
#4795 = DIRECTION('',(1.,0.));
#4796 = ( GEOMETRIC_REPRESENTATION_CONTEXT(2) 
PARAMETRIC_REPRESENTATION_CONTEXT() REPRESENTATION_CONTEXT('2D SPACE',''
  ) );
#4797 = ORIENTED_EDGE('',*,*,#4741,.F.);
#4798 = ORIENTED_EDGE('',*,*,#4799,.F.);
#4799 = EDGE_CURVE('',#4742,#4742,#4800,.T.);
#4800 = SURFACE_CURVE('',#4801,(#4806,#4813),.PCURVE_S1.);
#4801 = CIRCLE('',#4802,8.);
#4802 = AXIS2_PLACEMENT_3D('',#4803,#4804,#4805);
#4803 = CARTESIAN_POINT('',(260.79566502155,52.,179.02295322302));
#4804 = DIRECTION('',(0.795661458866,-0.,0.605741564427));
#4805 = DIRECTION('',(0.605741564427,0.,-0.795661458866));
#4806 = PCURVE('',#4752,#4807);
#4807 = DEFINITIONAL_REPRESENTATION('',(#4808),#4812);
#4808 = LINE('',#4809,#4810);
#4809 = CARTESIAN_POINT('',(-0.,0.));
#4810 = VECTOR('',#4811,1.);
#4811 = DIRECTION('',(-1.,0.));
#4812 = ( GEOMETRIC_REPRESENTATION_CONTEXT(2) 
PARAMETRIC_REPRESENTATION_CONTEXT() REPRESENTATION_CONTEXT('2D SPACE',''
  ) );
#4813 = PCURVE('',#4814,#4819);
#4814 = PLANE('',#4815);
#4815 = AXIS2_PLACEMENT_3D('',#4816,#4817,#4818);
#4816 = CARTESIAN_POINT('',(260.79566502155,52.,179.02295322302));
#4817 = DIRECTION('',(0.795661458866,0.,0.605741564427));
#4818 = DIRECTION('',(0.605741564427,0.,-0.795661458866));
#4819 = DEFINITIONAL_REPRESENTATION('',(#4820),#4824);
#4820 = CIRCLE('',#4821,8.);
#4821 = AXIS2_PLACEMENT_2D('',#4822,#4823);
#4822 = CARTESIAN_POINT('',(0.,0.));
#4823 = DIRECTION('',(1.,0.));
#4824 = ( GEOMETRIC_REPRESENTATION_CONTEXT(2) 
PARAMETRIC_REPRESENTATION_CONTEXT() REPRESENTATION_CONTEXT('2D SPACE',''
  ) );
#4825 = ADVANCED_FACE('',(#4826,#4829),#4814,.F.);
#4826 = FACE_BOUND('',#4827,.F.);
#4827 = EDGE_LOOP('',(#4828));
#4828 = ORIENTED_EDGE('',*,*,#4799,.T.);
#4829 = FACE_BOUND('',#4830,.F.);
#4830 = EDGE_LOOP('',(#4831));
#4831 = ORIENTED_EDGE('',*,*,#4832,.T.);
#4832 = EDGE_CURVE('',#4833,#4833,#4835,.T.);
#4833 = VERTEX_POINT('',#4834);
#4834 = CARTESIAN_POINT('',(264.551262721,52.,174.08985217805));
#4835 = SURFACE_CURVE('',#4836,(#4841,#4852),.PCURVE_S1.);
#4836 = CIRCLE('',#4837,6.2);
#4837 = AXIS2_PLACEMENT_3D('',#4838,#4839,#4840);
#4838 = CARTESIAN_POINT('',(260.79566502155,52.,179.02295322302));
#4839 = DIRECTION('',(-0.795661458866,-0.,-0.605741564427));
#4840 = DIRECTION('',(0.605741564427,0.,-0.795661458866));
#4841 = PCURVE('',#4814,#4842);
#4842 = DEFINITIONAL_REPRESENTATION('',(#4843),#4851);
#4843 = ( BOUNDED_CURVE() B_SPLINE_CURVE(2,(#4844,#4845,#4846,#4847,
#4848,#4849,#4850),.UNSPECIFIED.,.T.,.F.) B_SPLINE_CURVE_WITH_KNOTS((1,2
    ,2,2,2,1),(-2.094395102393,0.,2.094395102393,4.188790204786,
6.28318530718,8.377580409573),.UNSPECIFIED.) CURVE() 
GEOMETRIC_REPRESENTATION_ITEM() RATIONAL_B_SPLINE_CURVE((1.,0.5,1.,0.5,
1.,0.5,1.)) REPRESENTATION_ITEM('') );
#4844 = CARTESIAN_POINT('',(6.2,0.));
#4845 = CARTESIAN_POINT('',(6.2,-10.73871500692));
#4846 = CARTESIAN_POINT('',(-3.1,-5.369357503464));
#4847 = CARTESIAN_POINT('',(-12.4,-1.518562030943E-15));
#4848 = CARTESIAN_POINT('',(-3.1,5.369357503464));
#4849 = CARTESIAN_POINT('',(6.2,10.738715006927));
#4850 = CARTESIAN_POINT('',(6.2,0.));
#4851 = ( GEOMETRIC_REPRESENTATION_CONTEXT(2) 
PARAMETRIC_REPRESENTATION_CONTEXT() REPRESENTATION_CONTEXT('2D SPACE',''
  ) );
#4852 = PCURVE('',#4853,#4858);
#4853 = CYLINDRICAL_SURFACE('',#4854,6.2);
#4854 = AXIS2_PLACEMENT_3D('',#4855,#4856,#4857);
#4855 = CARTESIAN_POINT('',(260.00000356269,52.,178.41721165859));
#4856 = DIRECTION('',(-0.795661458866,-0.,-0.605741564427));
#4857 = DIRECTION('',(0.605741564427,0.,-0.795661458866));
#4858 = DEFINITIONAL_REPRESENTATION('',(#4859),#4863);
#4859 = LINE('',#4860,#4861);
#4860 = CARTESIAN_POINT('',(-6.28318530718,-1.));
#4861 = VECTOR('',#4862,1.);
#4862 = DIRECTION('',(1.,-0.));
#4863 = ( GEOMETRIC_REPRESENTATION_CONTEXT(2) 
PARAMETRIC_REPRESENTATION_CONTEXT() REPRESENTATION_CONTEXT('2D SPACE',''
  ) );
#4864 = ADVANCED_FACE('',(#4865,#4868),#4786,.T.);
#4865 = FACE_BOUND('',#4866,.T.);
#4866 = EDGE_LOOP('',(#4867));
#4867 = ORIENTED_EDGE('',*,*,#4771,.T.);
#4868 = FACE_BOUND('',#4869,.T.);
#4869 = EDGE_LOOP('',(#4870));
#4870 = ORIENTED_EDGE('',*,*,#4871,.T.);
#4871 = EDGE_CURVE('',#4872,#4872,#4874,.T.);
#4872 = VERTEX_POINT('',#4873);
#4873 = CARTESIAN_POINT('',(275.69052314513,52.,182.57023408003));
#4874 = SURFACE_CURVE('',#4875,(#4880,#4891),.PCURVE_S1.);
#4875 = CIRCLE('',#4876,6.2);
#4876 = AXIS2_PLACEMENT_3D('',#4877,#4878,#4879);
#4877 = CARTESIAN_POINT('',(271.93492544568,52.,187.503335125));
#4878 = DIRECTION('',(-0.795661458866,-0.,-0.605741564427));
#4879 = DIRECTION('',(0.605741564427,0.,-0.795661458866));
#4880 = PCURVE('',#4786,#4881);
#4881 = DEFINITIONAL_REPRESENTATION('',(#4882),#4890);
#4882 = ( BOUNDED_CURVE() B_SPLINE_CURVE(2,(#4883,#4884,#4885,#4886,
#4887,#4888,#4889),.UNSPECIFIED.,.T.,.F.) B_SPLINE_CURVE_WITH_KNOTS((1,2
    ,2,2,2,1),(-2.094395102393,0.,2.094395102393,4.188790204786,
6.28318530718,8.377580409573),.UNSPECIFIED.) CURVE() 
GEOMETRIC_REPRESENTATION_ITEM() RATIONAL_B_SPLINE_CURVE((1.,0.5,1.,0.5,
1.,0.5,1.)) REPRESENTATION_ITEM('') );
#4883 = CARTESIAN_POINT('',(6.2,0.));
#4884 = CARTESIAN_POINT('',(6.2,-10.73871500692));
#4885 = CARTESIAN_POINT('',(-3.1,-5.369357503464));
#4886 = CARTESIAN_POINT('',(-12.4,-1.518562030943E-15));
#4887 = CARTESIAN_POINT('',(-3.1,5.369357503464));
#4888 = CARTESIAN_POINT('',(6.2,10.738715006927));
#4889 = CARTESIAN_POINT('',(6.2,0.));
#4890 = ( GEOMETRIC_REPRESENTATION_CONTEXT(2) 
PARAMETRIC_REPRESENTATION_CONTEXT() REPRESENTATION_CONTEXT('2D SPACE',''
  ) );
#4891 = PCURVE('',#4853,#4892);
#4892 = DEFINITIONAL_REPRESENTATION('',(#4893),#4897);
#4893 = LINE('',#4894,#4895);
#4894 = CARTESIAN_POINT('',(-6.28318530718,-15.));
#4895 = VECTOR('',#4896,1.);
#4896 = DIRECTION('',(1.,-0.));
#4897 = ( GEOMETRIC_REPRESENTATION_CONTEXT(2) 
PARAMETRIC_REPRESENTATION_CONTEXT() REPRESENTATION_CONTEXT('2D SPACE',''
  ) );
#4898 = ADVANCED_FACE('',(#4899),#4853,.F.);
#4899 = FACE_BOUND('',#4900,.T.);
#4900 = EDGE_LOOP('',(#4901,#4902,#4923,#4924));
#4901 = ORIENTED_EDGE('',*,*,#4832,.T.);
#4902 = ORIENTED_EDGE('',*,*,#4903,.T.);
#4903 = EDGE_CURVE('',#4833,#4872,#4904,.T.);
#4904 = SEAM_CURVE('',#4905,(#4909,#4916),.PCURVE_S1.);
#4905 = LINE('',#4906,#4907);
#4906 = CARTESIAN_POINT('',(263.75560126214,52.,173.48411061362));
#4907 = VECTOR('',#4908,1.);
#4908 = DIRECTION('',(0.795661458866,0.,0.605741564427));
#4909 = PCURVE('',#4853,#4910);
#4910 = DEFINITIONAL_REPRESENTATION('',(#4911),#4915);
#4911 = LINE('',#4912,#4913);
#4912 = CARTESIAN_POINT('',(-6.28318530718,0.));
#4913 = VECTOR('',#4914,1.);
#4914 = DIRECTION('',(-0.,-1.));
#4915 = ( GEOMETRIC_REPRESENTATION_CONTEXT(2) 
PARAMETRIC_REPRESENTATION_CONTEXT() REPRESENTATION_CONTEXT('2D SPACE',''
  ) );
#4916 = PCURVE('',#4853,#4917);
#4917 = DEFINITIONAL_REPRESENTATION('',(#4918),#4922);
#4918 = LINE('',#4919,#4920);
#4919 = CARTESIAN_POINT('',(-0.,0.));
#4920 = VECTOR('',#4921,1.);
#4921 = DIRECTION('',(-0.,-1.));
#4922 = ( GEOMETRIC_REPRESENTATION_CONTEXT(2) 
PARAMETRIC_REPRESENTATION_CONTEXT() REPRESENTATION_CONTEXT('2D SPACE',''
  ) );
#4923 = ORIENTED_EDGE('',*,*,#4871,.F.);
#4924 = ORIENTED_EDGE('',*,*,#4903,.F.);
#4925 = MANIFOLD_SOLID_BREP('',#4926);
#4926 = CLOSED_SHELL('',(#4927,#5015,#5054,#5088));
#4927 = ADVANCED_FACE('',(#4928),#4942,.T.);
#4928 = FACE_BOUND('',#4929,.F.);
#4929 = EDGE_LOOP('',(#4930,#4960,#4987,#4988));
#4930 = ORIENTED_EDGE('',*,*,#4931,.T.);
#4931 = EDGE_CURVE('',#4932,#4934,#4936,.T.);
#4932 = VERTEX_POINT('',#4933);
#4933 = CARTESIAN_POINT('',(265.64159753697,-52.,172.65766155209));
#4934 = VERTEX_POINT('',#4935);
#4935 = CARTESIAN_POINT('',(276.7808579611,-52.,181.13804345407));
#4936 = SEAM_CURVE('',#4937,(#4941,#4953),.PCURVE_S1.);
#4937 = LINE('',#4938,#4939);
#4938 = CARTESIAN_POINT('',(265.64159753697,-52.,172.65766155209));
#4939 = VECTOR('',#4940,1.);
#4940 = DIRECTION('',(0.795661458866,0.,0.605741564427));
#4941 = PCURVE('',#4942,#4947);
#4942 = CYLINDRICAL_SURFACE('',#4943,8.);
#4943 = AXIS2_PLACEMENT_3D('',#4944,#4945,#4946);
#4944 = CARTESIAN_POINT('',(260.79566502155,-52.,179.02295322302));
#4945 = DIRECTION('',(-0.795661458866,-0.,-0.605741564427));
#4946 = DIRECTION('',(0.605741564427,0.,-0.795661458866));
#4947 = DEFINITIONAL_REPRESENTATION('',(#4948),#4952);
#4948 = LINE('',#4949,#4950);
#4949 = CARTESIAN_POINT('',(-0.,0.));
#4950 = VECTOR('',#4951,1.);
#4951 = DIRECTION('',(-0.,-1.));
#4952 = ( GEOMETRIC_REPRESENTATION_CONTEXT(2) 
PARAMETRIC_REPRESENTATION_CONTEXT() REPRESENTATION_CONTEXT('2D SPACE',''
  ) );
#4953 = PCURVE('',#4942,#4954);
#4954 = DEFINITIONAL_REPRESENTATION('',(#4955),#4959);
#4955 = LINE('',#4956,#4957);
#4956 = CARTESIAN_POINT('',(-6.28318530718,0.));
#4957 = VECTOR('',#4958,1.);
#4958 = DIRECTION('',(-0.,-1.));
#4959 = ( GEOMETRIC_REPRESENTATION_CONTEXT(2) 
PARAMETRIC_REPRESENTATION_CONTEXT() REPRESENTATION_CONTEXT('2D SPACE',''
  ) );
#4960 = ORIENTED_EDGE('',*,*,#4961,.T.);
#4961 = EDGE_CURVE('',#4934,#4934,#4962,.T.);
#4962 = SURFACE_CURVE('',#4963,(#4968,#4975),.PCURVE_S1.);
#4963 = CIRCLE('',#4964,8.);
#4964 = AXIS2_PLACEMENT_3D('',#4965,#4966,#4967);
#4965 = CARTESIAN_POINT('',(271.93492544568,-52.,187.503335125));
#4966 = DIRECTION('',(0.795661458866,-0.,0.605741564427));
#4967 = DIRECTION('',(0.605741564427,0.,-0.795661458866));
#4968 = PCURVE('',#4942,#4969);
#4969 = DEFINITIONAL_REPRESENTATION('',(#4970),#4974);
#4970 = LINE('',#4971,#4972);
#4971 = CARTESIAN_POINT('',(-0.,-14.));
#4972 = VECTOR('',#4973,1.);
#4973 = DIRECTION('',(-1.,0.));
#4974 = ( GEOMETRIC_REPRESENTATION_CONTEXT(2) 
PARAMETRIC_REPRESENTATION_CONTEXT() REPRESENTATION_CONTEXT('2D SPACE',''
  ) );
#4975 = PCURVE('',#4976,#4981);
#4976 = PLANE('',#4977);
#4977 = AXIS2_PLACEMENT_3D('',#4978,#4979,#4980);
#4978 = CARTESIAN_POINT('',(271.93492544568,-52.,187.503335125));
#4979 = DIRECTION('',(0.795661458866,0.,0.605741564427));
#4980 = DIRECTION('',(0.605741564427,0.,-0.795661458866));
#4981 = DEFINITIONAL_REPRESENTATION('',(#4982),#4986);
#4982 = CIRCLE('',#4983,8.);
#4983 = AXIS2_PLACEMENT_2D('',#4984,#4985);
#4984 = CARTESIAN_POINT('',(0.,0.));
#4985 = DIRECTION('',(1.,0.));
#4986 = ( GEOMETRIC_REPRESENTATION_CONTEXT(2) 
PARAMETRIC_REPRESENTATION_CONTEXT() REPRESENTATION_CONTEXT('2D SPACE',''
  ) );
#4987 = ORIENTED_EDGE('',*,*,#4931,.F.);
#4988 = ORIENTED_EDGE('',*,*,#4989,.F.);
#4989 = EDGE_CURVE('',#4932,#4932,#4990,.T.);
#4990 = SURFACE_CURVE('',#4991,(#4996,#5003),.PCURVE_S1.);
#4991 = CIRCLE('',#4992,8.);
#4992 = AXIS2_PLACEMENT_3D('',#4993,#4994,#4995);
#4993 = CARTESIAN_POINT('',(260.79566502155,-52.,179.02295322302));
#4994 = DIRECTION('',(0.795661458866,-0.,0.605741564427));
#4995 = DIRECTION('',(0.605741564427,0.,-0.795661458866));
#4996 = PCURVE('',#4942,#4997);
#4997 = DEFINITIONAL_REPRESENTATION('',(#4998),#5002);
#4998 = LINE('',#4999,#5000);
#4999 = CARTESIAN_POINT('',(-0.,0.));
#5000 = VECTOR('',#5001,1.);
#5001 = DIRECTION('',(-1.,0.));
#5002 = ( GEOMETRIC_REPRESENTATION_CONTEXT(2) 
PARAMETRIC_REPRESENTATION_CONTEXT() REPRESENTATION_CONTEXT('2D SPACE',''
  ) );
#5003 = PCURVE('',#5004,#5009);
#5004 = PLANE('',#5005);
#5005 = AXIS2_PLACEMENT_3D('',#5006,#5007,#5008);
#5006 = CARTESIAN_POINT('',(260.79566502155,-52.,179.02295322302));
#5007 = DIRECTION('',(0.795661458866,0.,0.605741564427));
#5008 = DIRECTION('',(0.605741564427,0.,-0.795661458866));
#5009 = DEFINITIONAL_REPRESENTATION('',(#5010),#5014);
#5010 = CIRCLE('',#5011,8.);
#5011 = AXIS2_PLACEMENT_2D('',#5012,#5013);
#5012 = CARTESIAN_POINT('',(0.,0.));
#5013 = DIRECTION('',(1.,0.));
#5014 = ( GEOMETRIC_REPRESENTATION_CONTEXT(2) 
PARAMETRIC_REPRESENTATION_CONTEXT() REPRESENTATION_CONTEXT('2D SPACE',''
  ) );
#5015 = ADVANCED_FACE('',(#5016,#5019),#5004,.F.);
#5016 = FACE_BOUND('',#5017,.F.);
#5017 = EDGE_LOOP('',(#5018));
#5018 = ORIENTED_EDGE('',*,*,#4989,.T.);
#5019 = FACE_BOUND('',#5020,.F.);
#5020 = EDGE_LOOP('',(#5021));
#5021 = ORIENTED_EDGE('',*,*,#5022,.T.);
#5022 = EDGE_CURVE('',#5023,#5023,#5025,.T.);
#5023 = VERTEX_POINT('',#5024);
#5024 = CARTESIAN_POINT('',(264.551262721,-52.,174.08985217805));
#5025 = SURFACE_CURVE('',#5026,(#5031,#5042),.PCURVE_S1.);
#5026 = CIRCLE('',#5027,6.2);
#5027 = AXIS2_PLACEMENT_3D('',#5028,#5029,#5030);
#5028 = CARTESIAN_POINT('',(260.79566502155,-52.,179.02295322302));
#5029 = DIRECTION('',(-0.795661458866,-0.,-0.605741564427));
#5030 = DIRECTION('',(0.605741564427,0.,-0.795661458866));
#5031 = PCURVE('',#5004,#5032);
#5032 = DEFINITIONAL_REPRESENTATION('',(#5033),#5041);
#5033 = ( BOUNDED_CURVE() B_SPLINE_CURVE(2,(#5034,#5035,#5036,#5037,
#5038,#5039,#5040),.UNSPECIFIED.,.T.,.F.) B_SPLINE_CURVE_WITH_KNOTS((1,2
    ,2,2,2,1),(-2.094395102393,0.,2.094395102393,4.188790204786,
6.28318530718,8.377580409573),.UNSPECIFIED.) CURVE() 
GEOMETRIC_REPRESENTATION_ITEM() RATIONAL_B_SPLINE_CURVE((1.,0.5,1.,0.5,
1.,0.5,1.)) REPRESENTATION_ITEM('') );
#5034 = CARTESIAN_POINT('',(6.2,0.));
#5035 = CARTESIAN_POINT('',(6.2,-10.73871500692));
#5036 = CARTESIAN_POINT('',(-3.1,-5.369357503464));
#5037 = CARTESIAN_POINT('',(-12.4,-1.518562030943E-15));
#5038 = CARTESIAN_POINT('',(-3.1,5.369357503464));
#5039 = CARTESIAN_POINT('',(6.2,10.738715006927));
#5040 = CARTESIAN_POINT('',(6.2,0.));
#5041 = ( GEOMETRIC_REPRESENTATION_CONTEXT(2) 
PARAMETRIC_REPRESENTATION_CONTEXT() REPRESENTATION_CONTEXT('2D SPACE',''
  ) );
#5042 = PCURVE('',#5043,#5048);
#5043 = CYLINDRICAL_SURFACE('',#5044,6.2);
#5044 = AXIS2_PLACEMENT_3D('',#5045,#5046,#5047);
#5045 = CARTESIAN_POINT('',(260.00000356269,-52.,178.41721165859));
#5046 = DIRECTION('',(-0.795661458866,-0.,-0.605741564427));
#5047 = DIRECTION('',(0.605741564427,0.,-0.795661458866));
#5048 = DEFINITIONAL_REPRESENTATION('',(#5049),#5053);
#5049 = LINE('',#5050,#5051);
#5050 = CARTESIAN_POINT('',(-6.28318530718,-1.));
#5051 = VECTOR('',#5052,1.);
#5052 = DIRECTION('',(1.,-0.));
#5053 = ( GEOMETRIC_REPRESENTATION_CONTEXT(2) 
PARAMETRIC_REPRESENTATION_CONTEXT() REPRESENTATION_CONTEXT('2D SPACE',''
  ) );
#5054 = ADVANCED_FACE('',(#5055,#5058),#4976,.T.);
#5055 = FACE_BOUND('',#5056,.T.);
#5056 = EDGE_LOOP('',(#5057));
#5057 = ORIENTED_EDGE('',*,*,#4961,.T.);
#5058 = FACE_BOUND('',#5059,.T.);
#5059 = EDGE_LOOP('',(#5060));
#5060 = ORIENTED_EDGE('',*,*,#5061,.T.);
#5061 = EDGE_CURVE('',#5062,#5062,#5064,.T.);
#5062 = VERTEX_POINT('',#5063);
#5063 = CARTESIAN_POINT('',(275.69052314513,-52.,182.57023408003));
#5064 = SURFACE_CURVE('',#5065,(#5070,#5081),.PCURVE_S1.);
#5065 = CIRCLE('',#5066,6.2);
#5066 = AXIS2_PLACEMENT_3D('',#5067,#5068,#5069);
#5067 = CARTESIAN_POINT('',(271.93492544568,-52.,187.503335125));
#5068 = DIRECTION('',(-0.795661458866,-0.,-0.605741564427));
#5069 = DIRECTION('',(0.605741564427,0.,-0.795661458866));
#5070 = PCURVE('',#4976,#5071);
#5071 = DEFINITIONAL_REPRESENTATION('',(#5072),#5080);
#5072 = ( BOUNDED_CURVE() B_SPLINE_CURVE(2,(#5073,#5074,#5075,#5076,
#5077,#5078,#5079),.UNSPECIFIED.,.T.,.F.) B_SPLINE_CURVE_WITH_KNOTS((1,2
    ,2,2,2,1),(-2.094395102393,0.,2.094395102393,4.188790204786,
6.28318530718,8.377580409573),.UNSPECIFIED.) CURVE() 
GEOMETRIC_REPRESENTATION_ITEM() RATIONAL_B_SPLINE_CURVE((1.,0.5,1.,0.5,
1.,0.5,1.)) REPRESENTATION_ITEM('') );
#5073 = CARTESIAN_POINT('',(6.2,0.));
#5074 = CARTESIAN_POINT('',(6.2,-10.73871500692));
#5075 = CARTESIAN_POINT('',(-3.1,-5.369357503464));
#5076 = CARTESIAN_POINT('',(-12.4,-1.518562030943E-15));
#5077 = CARTESIAN_POINT('',(-3.1,5.369357503464));
#5078 = CARTESIAN_POINT('',(6.2,10.738715006927));
#5079 = CARTESIAN_POINT('',(6.2,0.));
#5080 = ( GEOMETRIC_REPRESENTATION_CONTEXT(2) 
PARAMETRIC_REPRESENTATION_CONTEXT() REPRESENTATION_CONTEXT('2D SPACE',''
  ) );
#5081 = PCURVE('',#5043,#5082);
#5082 = DEFINITIONAL_REPRESENTATION('',(#5083),#5087);
#5083 = LINE('',#5084,#5085);
#5084 = CARTESIAN_POINT('',(-6.28318530718,-15.));
#5085 = VECTOR('',#5086,1.);
#5086 = DIRECTION('',(1.,-0.));
#5087 = ( GEOMETRIC_REPRESENTATION_CONTEXT(2) 
PARAMETRIC_REPRESENTATION_CONTEXT() REPRESENTATION_CONTEXT('2D SPACE',''
  ) );
#5088 = ADVANCED_FACE('',(#5089),#5043,.F.);
#5089 = FACE_BOUND('',#5090,.T.);
#5090 = EDGE_LOOP('',(#5091,#5092,#5113,#5114));
#5091 = ORIENTED_EDGE('',*,*,#5022,.T.);
#5092 = ORIENTED_EDGE('',*,*,#5093,.T.);
#5093 = EDGE_CURVE('',#5023,#5062,#5094,.T.);
#5094 = SEAM_CURVE('',#5095,(#5099,#5106),.PCURVE_S1.);
#5095 = LINE('',#5096,#5097);
#5096 = CARTESIAN_POINT('',(263.75560126214,-52.,173.48411061362));
#5097 = VECTOR('',#5098,1.);
#5098 = DIRECTION('',(0.795661458866,0.,0.605741564427));
#5099 = PCURVE('',#5043,#5100);
#5100 = DEFINITIONAL_REPRESENTATION('',(#5101),#5105);
#5101 = LINE('',#5102,#5103);
#5102 = CARTESIAN_POINT('',(-6.28318530718,0.));
#5103 = VECTOR('',#5104,1.);
#5104 = DIRECTION('',(-0.,-1.));
#5105 = ( GEOMETRIC_REPRESENTATION_CONTEXT(2) 
PARAMETRIC_REPRESENTATION_CONTEXT() REPRESENTATION_CONTEXT('2D SPACE',''
  ) );
#5106 = PCURVE('',#5043,#5107);
#5107 = DEFINITIONAL_REPRESENTATION('',(#5108),#5112);
#5108 = LINE('',#5109,#5110);
#5109 = CARTESIAN_POINT('',(-0.,0.));
#5110 = VECTOR('',#5111,1.);
#5111 = DIRECTION('',(-0.,-1.));
#5112 = ( GEOMETRIC_REPRESENTATION_CONTEXT(2) 
PARAMETRIC_REPRESENTATION_CONTEXT() REPRESENTATION_CONTEXT('2D SPACE',''
  ) );
#5113 = ORIENTED_EDGE('',*,*,#5061,.F.);
#5114 = ORIENTED_EDGE('',*,*,#5093,.F.);
#5115 = ( GEOMETRIC_REPRESENTATION_CONTEXT(3) 
GLOBAL_UNCERTAINTY_ASSIGNED_CONTEXT((#5119)) 
GLOBAL_UNIT_ASSIGNED_CONTEXT((#5116,#5117,#5118)) REPRESENTATION_CONTEXT
('Context #1','3D Context with UNIT and UNCERTAINTY') );
#5116 = ( LENGTH_UNIT() NAMED_UNIT(*) SI_UNIT(.MILLI.,.METRE.) );
#5117 = ( NAMED_UNIT(*) PLANE_ANGLE_UNIT() SI_UNIT($,.RADIAN.) );
#5118 = ( NAMED_UNIT(*) SI_UNIT($,.STERADIAN.) SOLID_ANGLE_UNIT() );
#5119 = UNCERTAINTY_MEASURE_WITH_UNIT(LENGTH_MEASURE(1.E-07),#5116,
  'distance_accuracy_value','confusion accuracy');
#5120 = CONTEXT_DEPENDENT_SHAPE_REPRESENTATION(#5121,#5123);
#5121 = ( REPRESENTATION_RELATIONSHIP('','',#4734,#10) 
REPRESENTATION_RELATIONSHIP_WITH_TRANSFORMATION(#5122) 
SHAPE_REPRESENTATION_RELATIONSHIP() );
#5122 = ITEM_DEFINED_TRANSFORMATION('','',#11,#23);
#5123 = PRODUCT_DEFINITION_SHAPE('Placement','Placement of an item',
  #5124);
#5124 = NEXT_ASSEMBLY_USAGE_OCCURRENCE('299',
  'actuator_A1_limit_guide_bushings','',#5,#4729,$);
#5125 = PRODUCT_RELATED_PRODUCT_CATEGORY('part',$,(#4731));
#5126 = SHAPE_DEFINITION_REPRESENTATION(#5127,#5133);
#5127 = PRODUCT_DEFINITION_SHAPE('','',#5128);
#5128 = PRODUCT_DEFINITION('design','',#5129,#5132);
#5129 = PRODUCT_DEFINITION_FORMATION('','',#5130);
#5130 = PRODUCT('actuator_A1_limit_moving_striker',
  'actuator_A1_limit_moving_striker','',(#5131));
#5131 = PRODUCT_CONTEXT('',#2,'mechanical');
#5132 = PRODUCT_DEFINITION_CONTEXT('part definition',#2,'design');
#5133 = SHAPE_REPRESENTATION('',(#11,#5134,#5232,#5330,#5666,#6002,#6332
    ),#6662);
#5134 = MANIFOLD_SOLID_BREP('',#5135);
#5135 = CLOSED_SHELL('',(#5136,#5224,#5228));
#5136 = ADVANCED_FACE('',(#5137),#5151,.T.);
#5137 = FACE_BOUND('',#5138,.F.);
#5138 = EDGE_LOOP('',(#5139,#5169,#5196,#5197));
#5139 = ORIENTED_EDGE('',*,*,#5140,.T.);
#5140 = EDGE_CURVE('',#5141,#5143,#5145,.T.);
#5141 = VERTEX_POINT('',#5142);
#5142 = CARTESIAN_POINT('',(149.02278254937,52.,86.388730630058));
#5143 = VERTEX_POINT('',#5144);
#5144 = CARTESIAN_POINT('',(403.63444938656,52.,280.2260312468));
#5145 = SEAM_CURVE('',#5146,(#5150,#5162),.PCURVE_S1.);
#5146 = LINE('',#5147,#5148);
#5147 = CARTESIAN_POINT('',(149.02278254937,52.,86.388730630058));
#5148 = VECTOR('',#5149,1.);
#5149 = DIRECTION('',(0.795661458866,0.,0.605741564427));
#5150 = PCURVE('',#5151,#5156);
#5151 = CYLINDRICAL_SURFACE('',#5152,6.);
#5152 = AXIS2_PLACEMENT_3D('',#5153,#5154,#5155);
#5153 = CARTESIAN_POINT('',(145.3883331628,52.,91.162699383256));
#5154 = DIRECTION('',(-0.795661458866,-0.,-0.605741564427));
#5155 = DIRECTION('',(0.605741564427,0.,-0.795661458866));
#5156 = DEFINITIONAL_REPRESENTATION('',(#5157),#5161);
#5157 = LINE('',#5158,#5159);
#5158 = CARTESIAN_POINT('',(-0.,0.));
#5159 = VECTOR('',#5160,1.);
#5160 = DIRECTION('',(-0.,-1.));
#5161 = ( GEOMETRIC_REPRESENTATION_CONTEXT(2) 
PARAMETRIC_REPRESENTATION_CONTEXT() REPRESENTATION_CONTEXT('2D SPACE',''
  ) );
#5162 = PCURVE('',#5151,#5163);
#5163 = DEFINITIONAL_REPRESENTATION('',(#5164),#5168);
#5164 = LINE('',#5165,#5166);
#5165 = CARTESIAN_POINT('',(-6.28318530718,0.));
#5166 = VECTOR('',#5167,1.);
#5167 = DIRECTION('',(-0.,-1.));
#5168 = ( GEOMETRIC_REPRESENTATION_CONTEXT(2) 
PARAMETRIC_REPRESENTATION_CONTEXT() REPRESENTATION_CONTEXT('2D SPACE',''
  ) );
#5169 = ORIENTED_EDGE('',*,*,#5170,.T.);
#5170 = EDGE_CURVE('',#5143,#5143,#5171,.T.);
#5171 = SURFACE_CURVE('',#5172,(#5177,#5184),.PCURVE_S1.);
#5172 = CIRCLE('',#5173,6.);
#5173 = AXIS2_PLACEMENT_3D('',#5174,#5175,#5176);
#5174 = CARTESIAN_POINT('',(400.,52.,285.));
#5175 = DIRECTION('',(0.795661458866,-0.,0.605741564427));
#5176 = DIRECTION('',(0.605741564427,0.,-0.795661458866));
#5177 = PCURVE('',#5151,#5178);
#5178 = DEFINITIONAL_REPRESENTATION('',(#5179),#5183);
#5179 = LINE('',#5180,#5181);
#5180 = CARTESIAN_POINT('',(-0.,-320.));
#5181 = VECTOR('',#5182,1.);
#5182 = DIRECTION('',(-1.,0.));
#5183 = ( GEOMETRIC_REPRESENTATION_CONTEXT(2) 
PARAMETRIC_REPRESENTATION_CONTEXT() REPRESENTATION_CONTEXT('2D SPACE',''
  ) );
#5184 = PCURVE('',#5185,#5190);
#5185 = PLANE('',#5186);
#5186 = AXIS2_PLACEMENT_3D('',#5187,#5188,#5189);
#5187 = CARTESIAN_POINT('',(400.,52.,285.));
#5188 = DIRECTION('',(0.795661458866,0.,0.605741564427));
#5189 = DIRECTION('',(0.605741564427,0.,-0.795661458866));
#5190 = DEFINITIONAL_REPRESENTATION('',(#5191),#5195);
#5191 = CIRCLE('',#5192,6.);
#5192 = AXIS2_PLACEMENT_2D('',#5193,#5194);
#5193 = CARTESIAN_POINT('',(0.,0.));
#5194 = DIRECTION('',(1.,0.));
#5195 = ( GEOMETRIC_REPRESENTATION_CONTEXT(2) 
PARAMETRIC_REPRESENTATION_CONTEXT() REPRESENTATION_CONTEXT('2D SPACE',''
  ) );
#5196 = ORIENTED_EDGE('',*,*,#5140,.F.);
#5197 = ORIENTED_EDGE('',*,*,#5198,.F.);
#5198 = EDGE_CURVE('',#5141,#5141,#5199,.T.);
#5199 = SURFACE_CURVE('',#5200,(#5205,#5212),.PCURVE_S1.);
#5200 = CIRCLE('',#5201,6.);
#5201 = AXIS2_PLACEMENT_3D('',#5202,#5203,#5204);
#5202 = CARTESIAN_POINT('',(145.3883331628,52.,91.162699383256));
#5203 = DIRECTION('',(0.795661458866,-0.,0.605741564427));
#5204 = DIRECTION('',(0.605741564427,0.,-0.795661458866));
#5205 = PCURVE('',#5151,#5206);
#5206 = DEFINITIONAL_REPRESENTATION('',(#5207),#5211);
#5207 = LINE('',#5208,#5209);
#5208 = CARTESIAN_POINT('',(-0.,0.));
#5209 = VECTOR('',#5210,1.);
#5210 = DIRECTION('',(-1.,0.));
#5211 = ( GEOMETRIC_REPRESENTATION_CONTEXT(2) 
PARAMETRIC_REPRESENTATION_CONTEXT() REPRESENTATION_CONTEXT('2D SPACE',''
  ) );
#5212 = PCURVE('',#5213,#5218);
#5213 = PLANE('',#5214);
#5214 = AXIS2_PLACEMENT_3D('',#5215,#5216,#5217);
#5215 = CARTESIAN_POINT('',(145.3883331628,52.,91.162699383256));
#5216 = DIRECTION('',(0.795661458866,0.,0.605741564427));
#5217 = DIRECTION('',(0.605741564427,0.,-0.795661458866));
#5218 = DEFINITIONAL_REPRESENTATION('',(#5219),#5223);
#5219 = CIRCLE('',#5220,6.);
#5220 = AXIS2_PLACEMENT_2D('',#5221,#5222);
#5221 = CARTESIAN_POINT('',(0.,0.));
#5222 = DIRECTION('',(1.,0.));
#5223 = ( GEOMETRIC_REPRESENTATION_CONTEXT(2) 
PARAMETRIC_REPRESENTATION_CONTEXT() REPRESENTATION_CONTEXT('2D SPACE',''
  ) );
#5224 = ADVANCED_FACE('',(#5225),#5213,.F.);
#5225 = FACE_BOUND('',#5226,.F.);
#5226 = EDGE_LOOP('',(#5227));
#5227 = ORIENTED_EDGE('',*,*,#5198,.T.);
#5228 = ADVANCED_FACE('',(#5229),#5185,.T.);
#5229 = FACE_BOUND('',#5230,.T.);
#5230 = EDGE_LOOP('',(#5231));
#5231 = ORIENTED_EDGE('',*,*,#5170,.T.);
#5232 = MANIFOLD_SOLID_BREP('',#5233);
#5233 = CLOSED_SHELL('',(#5234,#5322,#5326));
#5234 = ADVANCED_FACE('',(#5235),#5249,.T.);
#5235 = FACE_BOUND('',#5236,.F.);
#5236 = EDGE_LOOP('',(#5237,#5267,#5294,#5295));
#5237 = ORIENTED_EDGE('',*,*,#5238,.T.);
#5238 = EDGE_CURVE('',#5239,#5241,#5243,.T.);
#5239 = VERTEX_POINT('',#5240);
#5240 = CARTESIAN_POINT('',(149.02278254937,-52.,86.388730630058));
#5241 = VERTEX_POINT('',#5242);
#5242 = CARTESIAN_POINT('',(403.63444938656,-52.,280.2260312468));
#5243 = SEAM_CURVE('',#5244,(#5248,#5260),.PCURVE_S1.);
#5244 = LINE('',#5245,#5246);
#5245 = CARTESIAN_POINT('',(149.02278254937,-52.,86.388730630058));
#5246 = VECTOR('',#5247,1.);
#5247 = DIRECTION('',(0.795661458866,0.,0.605741564427));
#5248 = PCURVE('',#5249,#5254);
#5249 = CYLINDRICAL_SURFACE('',#5250,6.);
#5250 = AXIS2_PLACEMENT_3D('',#5251,#5252,#5253);
#5251 = CARTESIAN_POINT('',(145.3883331628,-52.,91.162699383256));
#5252 = DIRECTION('',(-0.795661458866,-0.,-0.605741564427));
#5253 = DIRECTION('',(0.605741564427,0.,-0.795661458866));
#5254 = DEFINITIONAL_REPRESENTATION('',(#5255),#5259);
#5255 = LINE('',#5256,#5257);
#5256 = CARTESIAN_POINT('',(-0.,0.));
#5257 = VECTOR('',#5258,1.);
#5258 = DIRECTION('',(-0.,-1.));
#5259 = ( GEOMETRIC_REPRESENTATION_CONTEXT(2) 
PARAMETRIC_REPRESENTATION_CONTEXT() REPRESENTATION_CONTEXT('2D SPACE',''
  ) );
#5260 = PCURVE('',#5249,#5261);
#5261 = DEFINITIONAL_REPRESENTATION('',(#5262),#5266);
#5262 = LINE('',#5263,#5264);
#5263 = CARTESIAN_POINT('',(-6.28318530718,0.));
#5264 = VECTOR('',#5265,1.);
#5265 = DIRECTION('',(-0.,-1.));
#5266 = ( GEOMETRIC_REPRESENTATION_CONTEXT(2) 
PARAMETRIC_REPRESENTATION_CONTEXT() REPRESENTATION_CONTEXT('2D SPACE',''
  ) );
#5267 = ORIENTED_EDGE('',*,*,#5268,.T.);
#5268 = EDGE_CURVE('',#5241,#5241,#5269,.T.);
#5269 = SURFACE_CURVE('',#5270,(#5275,#5282),.PCURVE_S1.);
#5270 = CIRCLE('',#5271,6.);
#5271 = AXIS2_PLACEMENT_3D('',#5272,#5273,#5274);
#5272 = CARTESIAN_POINT('',(400.,-52.,285.));
#5273 = DIRECTION('',(0.795661458866,-0.,0.605741564427));
#5274 = DIRECTION('',(0.605741564427,0.,-0.795661458866));
#5275 = PCURVE('',#5249,#5276);
#5276 = DEFINITIONAL_REPRESENTATION('',(#5277),#5281);
#5277 = LINE('',#5278,#5279);
#5278 = CARTESIAN_POINT('',(-0.,-320.));
#5279 = VECTOR('',#5280,1.);
#5280 = DIRECTION('',(-1.,0.));
#5281 = ( GEOMETRIC_REPRESENTATION_CONTEXT(2) 
PARAMETRIC_REPRESENTATION_CONTEXT() REPRESENTATION_CONTEXT('2D SPACE',''
  ) );
#5282 = PCURVE('',#5283,#5288);
#5283 = PLANE('',#5284);
#5284 = AXIS2_PLACEMENT_3D('',#5285,#5286,#5287);
#5285 = CARTESIAN_POINT('',(400.,-52.,285.));
#5286 = DIRECTION('',(0.795661458866,0.,0.605741564427));
#5287 = DIRECTION('',(0.605741564427,0.,-0.795661458866));
#5288 = DEFINITIONAL_REPRESENTATION('',(#5289),#5293);
#5289 = CIRCLE('',#5290,6.);
#5290 = AXIS2_PLACEMENT_2D('',#5291,#5292);
#5291 = CARTESIAN_POINT('',(0.,0.));
#5292 = DIRECTION('',(1.,0.));
#5293 = ( GEOMETRIC_REPRESENTATION_CONTEXT(2) 
PARAMETRIC_REPRESENTATION_CONTEXT() REPRESENTATION_CONTEXT('2D SPACE',''
  ) );
#5294 = ORIENTED_EDGE('',*,*,#5238,.F.);
#5295 = ORIENTED_EDGE('',*,*,#5296,.F.);
#5296 = EDGE_CURVE('',#5239,#5239,#5297,.T.);
#5297 = SURFACE_CURVE('',#5298,(#5303,#5310),.PCURVE_S1.);
#5298 = CIRCLE('',#5299,6.);
#5299 = AXIS2_PLACEMENT_3D('',#5300,#5301,#5302);
#5300 = CARTESIAN_POINT('',(145.3883331628,-52.,91.162699383256));
#5301 = DIRECTION('',(0.795661458866,-0.,0.605741564427));
#5302 = DIRECTION('',(0.605741564427,0.,-0.795661458866));
#5303 = PCURVE('',#5249,#5304);
#5304 = DEFINITIONAL_REPRESENTATION('',(#5305),#5309);
#5305 = LINE('',#5306,#5307);
#5306 = CARTESIAN_POINT('',(-0.,0.));
#5307 = VECTOR('',#5308,1.);
#5308 = DIRECTION('',(-1.,0.));
#5309 = ( GEOMETRIC_REPRESENTATION_CONTEXT(2) 
PARAMETRIC_REPRESENTATION_CONTEXT() REPRESENTATION_CONTEXT('2D SPACE',''
  ) );
#5310 = PCURVE('',#5311,#5316);
#5311 = PLANE('',#5312);
#5312 = AXIS2_PLACEMENT_3D('',#5313,#5314,#5315);
#5313 = CARTESIAN_POINT('',(145.3883331628,-52.,91.162699383256));
#5314 = DIRECTION('',(0.795661458866,0.,0.605741564427));
#5315 = DIRECTION('',(0.605741564427,0.,-0.795661458866));
#5316 = DEFINITIONAL_REPRESENTATION('',(#5317),#5321);
#5317 = CIRCLE('',#5318,6.);
#5318 = AXIS2_PLACEMENT_2D('',#5319,#5320);
#5319 = CARTESIAN_POINT('',(0.,0.));
#5320 = DIRECTION('',(1.,0.));
#5321 = ( GEOMETRIC_REPRESENTATION_CONTEXT(2) 
PARAMETRIC_REPRESENTATION_CONTEXT() REPRESENTATION_CONTEXT('2D SPACE',''
  ) );
#5322 = ADVANCED_FACE('',(#5323),#5311,.F.);
#5323 = FACE_BOUND('',#5324,.F.);
#5324 = EDGE_LOOP('',(#5325));
#5325 = ORIENTED_EDGE('',*,*,#5296,.T.);
#5326 = ADVANCED_FACE('',(#5327),#5283,.T.);
#5327 = FACE_BOUND('',#5328,.T.);
#5328 = EDGE_LOOP('',(#5329));
#5329 = ORIENTED_EDGE('',*,*,#5268,.T.);
#5330 = MANIFOLD_SOLID_BREP('',#5331);
#5331 = CLOSED_SHELL('',(#5332,#5452,#5526,#5580,#5627,#5659));
#5332 = ADVANCED_FACE('',(#5333),#5347,.F.);
#5333 = FACE_BOUND('',#5334,.F.);
#5334 = EDGE_LOOP('',(#5335,#5370,#5398,#5426));
#5335 = ORIENTED_EDGE('',*,*,#5336,.F.);
#5336 = EDGE_CURVE('',#5337,#5339,#5341,.T.);
#5337 = VERTEX_POINT('',#5338);
#5338 = CARTESIAN_POINT('',(373.81513561963,-64.,255.0107873164));
#5339 = VERTEX_POINT('',#5340);
#5340 = CARTESIAN_POINT('',(384.95439604376,-64.,263.49116921838));
#5341 = SURFACE_CURVE('',#5342,(#5346,#5358),.PCURVE_S1.);
#5342 = LINE('',#5343,#5344);
#5343 = CARTESIAN_POINT('',(373.81513561963,-64.,255.0107873164));
#5344 = VECTOR('',#5345,1.);
#5345 = DIRECTION('',(0.795661458866,0.,0.605741564427));
#5346 = PCURVE('',#5347,#5352);
#5347 = PLANE('',#5348);
#5348 = AXIS2_PLACEMENT_3D('',#5349,#5350,#5351);
#5349 = CARTESIAN_POINT('',(373.81513561963,-64.,255.0107873164));
#5350 = DIRECTION('',(-0.,1.,0.));
#5351 = DIRECTION('',(0.795661458866,0.,0.605741564427));
#5352 = DEFINITIONAL_REPRESENTATION('',(#5353),#5357);
#5353 = LINE('',#5354,#5355);
#5354 = CARTESIAN_POINT('',(0.,0.));
#5355 = VECTOR('',#5356,1.);
#5356 = DIRECTION('',(1.,0.));
#5357 = ( GEOMETRIC_REPRESENTATION_CONTEXT(2) 
PARAMETRIC_REPRESENTATION_CONTEXT() REPRESENTATION_CONTEXT('2D SPACE',''
  ) );
#5358 = PCURVE('',#5359,#5364);
#5359 = PLANE('',#5360);
#5360 = AXIS2_PLACEMENT_3D('',#5361,#5362,#5363);
#5361 = CARTESIAN_POINT('',(373.81513561963,-64.,255.0107873164));
#5362 = DIRECTION('',(-0.605741564427,0.,0.795661458866));
#5363 = DIRECTION('',(0.795661458866,0.,0.605741564427));
#5364 = DEFINITIONAL_REPRESENTATION('',(#5365),#5369);
#5365 = LINE('',#5366,#5367);
#5366 = CARTESIAN_POINT('',(0.,0.));
#5367 = VECTOR('',#5368,1.);
#5368 = DIRECTION('',(1.,0.));
#5369 = ( GEOMETRIC_REPRESENTATION_CONTEXT(2) 
PARAMETRIC_REPRESENTATION_CONTEXT() REPRESENTATION_CONTEXT('2D SPACE',''
  ) );
#5370 = ORIENTED_EDGE('',*,*,#5371,.T.);
#5371 = EDGE_CURVE('',#5337,#5372,#5374,.T.);
#5372 = VERTEX_POINT('',#5373);
#5373 = CARTESIAN_POINT('',(364.12327058879,-64.,267.74137065826));
#5374 = SURFACE_CURVE('',#5375,(#5379,#5386),.PCURVE_S1.);
#5375 = LINE('',#5376,#5377);
#5376 = CARTESIAN_POINT('',(373.81513561963,-64.,255.0107873164));
#5377 = VECTOR('',#5378,1.);
#5378 = DIRECTION('',(-0.605741564427,0.,0.795661458866));
#5379 = PCURVE('',#5347,#5380);
#5380 = DEFINITIONAL_REPRESENTATION('',(#5381),#5385);
#5381 = LINE('',#5382,#5383);
#5382 = CARTESIAN_POINT('',(0.,0.));
#5383 = VECTOR('',#5384,1.);
#5384 = DIRECTION('',(0.,-1.));
#5385 = ( GEOMETRIC_REPRESENTATION_CONTEXT(2) 
PARAMETRIC_REPRESENTATION_CONTEXT() REPRESENTATION_CONTEXT('2D SPACE',''
  ) );
#5386 = PCURVE('',#5387,#5392);
#5387 = PLANE('',#5388);
#5388 = AXIS2_PLACEMENT_3D('',#5389,#5390,#5391);
#5389 = CARTESIAN_POINT('',(373.81513561963,-64.,255.0107873164));
#5390 = DIRECTION('',(0.795661458866,0.,0.605741564427));
#5391 = DIRECTION('',(-0.,1.,0.));
#5392 = DEFINITIONAL_REPRESENTATION('',(#5393),#5397);
#5393 = LINE('',#5394,#5395);
#5394 = CARTESIAN_POINT('',(0.,0.));
#5395 = VECTOR('',#5396,1.);
#5396 = DIRECTION('',(0.,1.));
#5397 = ( GEOMETRIC_REPRESENTATION_CONTEXT(2) 
PARAMETRIC_REPRESENTATION_CONTEXT() REPRESENTATION_CONTEXT('2D SPACE',''
  ) );
#5398 = ORIENTED_EDGE('',*,*,#5399,.T.);
#5399 = EDGE_CURVE('',#5372,#5400,#5402,.T.);
#5400 = VERTEX_POINT('',#5401);
#5401 = CARTESIAN_POINT('',(375.26253101292,-64.,276.22175256024));
#5402 = SURFACE_CURVE('',#5403,(#5407,#5414),.PCURVE_S1.);
#5403 = LINE('',#5404,#5405);
#5404 = CARTESIAN_POINT('',(364.12327058879,-64.,267.74137065826));
#5405 = VECTOR('',#5406,1.);
#5406 = DIRECTION('',(0.795661458866,0.,0.605741564427));
#5407 = PCURVE('',#5347,#5408);
#5408 = DEFINITIONAL_REPRESENTATION('',(#5409),#5413);
#5409 = LINE('',#5410,#5411);
#5410 = CARTESIAN_POINT('',(0.,-16.));
#5411 = VECTOR('',#5412,1.);
#5412 = DIRECTION('',(1.,0.));
#5413 = ( GEOMETRIC_REPRESENTATION_CONTEXT(2) 
PARAMETRIC_REPRESENTATION_CONTEXT() REPRESENTATION_CONTEXT('2D SPACE',''
  ) );
#5414 = PCURVE('',#5415,#5420);
#5415 = PLANE('',#5416);
#5416 = AXIS2_PLACEMENT_3D('',#5417,#5418,#5419);
#5417 = CARTESIAN_POINT('',(364.12327058879,-64.,267.74137065826));
#5418 = DIRECTION('',(-0.605741564427,0.,0.795661458866));
#5419 = DIRECTION('',(0.795661458866,0.,0.605741564427));
#5420 = DEFINITIONAL_REPRESENTATION('',(#5421),#5425);
#5421 = LINE('',#5422,#5423);
#5422 = CARTESIAN_POINT('',(0.,0.));
#5423 = VECTOR('',#5424,1.);
#5424 = DIRECTION('',(1.,0.));
#5425 = ( GEOMETRIC_REPRESENTATION_CONTEXT(2) 
PARAMETRIC_REPRESENTATION_CONTEXT() REPRESENTATION_CONTEXT('2D SPACE',''
  ) );
#5426 = ORIENTED_EDGE('',*,*,#5427,.F.);
#5427 = EDGE_CURVE('',#5339,#5400,#5428,.T.);
#5428 = SURFACE_CURVE('',#5429,(#5433,#5440),.PCURVE_S1.);
#5429 = LINE('',#5430,#5431);
#5430 = CARTESIAN_POINT('',(384.95439604376,-64.,263.49116921838));
#5431 = VECTOR('',#5432,1.);
#5432 = DIRECTION('',(-0.605741564427,0.,0.795661458866));
#5433 = PCURVE('',#5347,#5434);
#5434 = DEFINITIONAL_REPRESENTATION('',(#5435),#5439);
#5435 = LINE('',#5436,#5437);
#5436 = CARTESIAN_POINT('',(14.,0.));
#5437 = VECTOR('',#5438,1.);
#5438 = DIRECTION('',(0.,-1.));
#5439 = ( GEOMETRIC_REPRESENTATION_CONTEXT(2) 
PARAMETRIC_REPRESENTATION_CONTEXT() REPRESENTATION_CONTEXT('2D SPACE',''
  ) );
#5440 = PCURVE('',#5441,#5446);
#5441 = PLANE('',#5442);
#5442 = AXIS2_PLACEMENT_3D('',#5443,#5444,#5445);
#5443 = CARTESIAN_POINT('',(384.95439604376,-64.,263.49116921838));
#5444 = DIRECTION('',(0.795661458866,0.,0.605741564427));
#5445 = DIRECTION('',(-0.,1.,0.));
#5446 = DEFINITIONAL_REPRESENTATION('',(#5447),#5451);
#5447 = LINE('',#5448,#5449);
#5448 = CARTESIAN_POINT('',(0.,0.));
#5449 = VECTOR('',#5450,1.);
#5450 = DIRECTION('',(0.,1.));
#5451 = ( GEOMETRIC_REPRESENTATION_CONTEXT(2) 
PARAMETRIC_REPRESENTATION_CONTEXT() REPRESENTATION_CONTEXT('2D SPACE',''
  ) );
#5452 = ADVANCED_FACE('',(#5453),#5359,.F.);
#5453 = FACE_BOUND('',#5454,.F.);
#5454 = EDGE_LOOP('',(#5455,#5478,#5479,#5502));
#5455 = ORIENTED_EDGE('',*,*,#5456,.F.);
#5456 = EDGE_CURVE('',#5337,#5457,#5459,.T.);
#5457 = VERTEX_POINT('',#5458);
#5458 = CARTESIAN_POINT('',(373.81513561963,-17.23368793961,
    255.0107873164));
#5459 = SURFACE_CURVE('',#5460,(#5464,#5471),.PCURVE_S1.);
#5460 = LINE('',#5461,#5462);
#5461 = CARTESIAN_POINT('',(373.81513561963,-64.,255.0107873164));
#5462 = VECTOR('',#5463,1.);
#5463 = DIRECTION('',(-0.,1.,0.));
#5464 = PCURVE('',#5359,#5465);
#5465 = DEFINITIONAL_REPRESENTATION('',(#5466),#5470);
#5466 = LINE('',#5467,#5468);
#5467 = CARTESIAN_POINT('',(0.,0.));
#5468 = VECTOR('',#5469,1.);
#5469 = DIRECTION('',(0.,1.));
#5470 = ( GEOMETRIC_REPRESENTATION_CONTEXT(2) 
PARAMETRIC_REPRESENTATION_CONTEXT() REPRESENTATION_CONTEXT('2D SPACE',''
  ) );
#5471 = PCURVE('',#5387,#5472);
#5472 = DEFINITIONAL_REPRESENTATION('',(#5473),#5477);
#5473 = LINE('',#5474,#5475);
#5474 = CARTESIAN_POINT('',(0.,0.));
#5475 = VECTOR('',#5476,1.);
#5476 = DIRECTION('',(1.,0.));
#5477 = ( GEOMETRIC_REPRESENTATION_CONTEXT(2) 
PARAMETRIC_REPRESENTATION_CONTEXT() REPRESENTATION_CONTEXT('2D SPACE',''
  ) );
#5478 = ORIENTED_EDGE('',*,*,#5336,.T.);
#5479 = ORIENTED_EDGE('',*,*,#5480,.T.);
#5480 = EDGE_CURVE('',#5339,#5481,#5483,.T.);
#5481 = VERTEX_POINT('',#5482);
#5482 = CARTESIAN_POINT('',(384.95439604376,-17.23368793961,
    263.49116921838));
#5483 = SURFACE_CURVE('',#5484,(#5488,#5495),.PCURVE_S1.);
#5484 = LINE('',#5485,#5486);
#5485 = CARTESIAN_POINT('',(384.95439604376,-64.,263.49116921838));
#5486 = VECTOR('',#5487,1.);
#5487 = DIRECTION('',(-0.,1.,0.));
#5488 = PCURVE('',#5359,#5489);
#5489 = DEFINITIONAL_REPRESENTATION('',(#5490),#5494);
#5490 = LINE('',#5491,#5492);
#5491 = CARTESIAN_POINT('',(14.,0.));
#5492 = VECTOR('',#5493,1.);
#5493 = DIRECTION('',(0.,1.));
#5494 = ( GEOMETRIC_REPRESENTATION_CONTEXT(2) 
PARAMETRIC_REPRESENTATION_CONTEXT() REPRESENTATION_CONTEXT('2D SPACE',''
  ) );
#5495 = PCURVE('',#5441,#5496);
#5496 = DEFINITIONAL_REPRESENTATION('',(#5497),#5501);
#5497 = LINE('',#5498,#5499);
#5498 = CARTESIAN_POINT('',(0.,0.));
#5499 = VECTOR('',#5500,1.);
#5500 = DIRECTION('',(1.,0.));
#5501 = ( GEOMETRIC_REPRESENTATION_CONTEXT(2) 
PARAMETRIC_REPRESENTATION_CONTEXT() REPRESENTATION_CONTEXT('2D SPACE',''
  ) );
#5502 = ORIENTED_EDGE('',*,*,#5503,.T.);
#5503 = EDGE_CURVE('',#5481,#5457,#5504,.T.);
#5504 = SURFACE_CURVE('',#5505,(#5509,#5515),.PCURVE_S1.);
#5505 = LINE('',#5506,#5507);
#5506 = CARTESIAN_POINT('',(373.01947416076,-17.23368793961,
    254.40504575197));
#5507 = VECTOR('',#5508,1.);
#5508 = DIRECTION('',(-0.795661458866,-0.,-0.605741564427));
#5509 = PCURVE('',#5359,#5510);
#5510 = DEFINITIONAL_REPRESENTATION('',(#5511),#5514);
#5511 = B_SPLINE_CURVE_WITH_KNOTS('',1,(#5512,#5513),.UNSPECIFIED.,.F.,
  .F.,(2,2),(-16.0000006,5.999999994863E-07),.PIECEWISE_BEZIER_KNOTS.);
#5512 = CARTESIAN_POINT('',(15.0000006,46.766312060386));
#5513 = CARTESIAN_POINT('',(-1.0000006,46.766312060386));
#5514 = ( GEOMETRIC_REPRESENTATION_CONTEXT(2) 
PARAMETRIC_REPRESENTATION_CONTEXT() REPRESENTATION_CONTEXT('2D SPACE',''
  ) );
#5515 = PCURVE('',#5516,#5521);
#5516 = CYLINDRICAL_SURFACE('',#5517,19.);
#5517 = AXIS2_PLACEMENT_3D('',#5518,#5519,#5520);
#5518 = CARTESIAN_POINT('',(368.17354164535,0.,260.7703374229));
#5519 = DIRECTION('',(-0.795661458866,-0.,-0.605741564427));
#5520 = DIRECTION('',(0.605741564427,0.,-0.795661458866));
#5521 = DEFINITIONAL_REPRESENTATION('',(#5522),#5525);
#5522 = B_SPLINE_CURVE_WITH_KNOTS('',1,(#5523,#5524),.UNSPECIFIED.,.F.,
  .F.,(2,2),(-16.0000006,5.999999994863E-07),.PIECEWISE_BEZIER_KNOTS.);
#5523 = CARTESIAN_POINT('',(-5.146994505992,-16.0000006));
#5524 = CARTESIAN_POINT('',(-5.146994505992,5.999999994863E-07));
#5525 = ( GEOMETRIC_REPRESENTATION_CONTEXT(2) 
PARAMETRIC_REPRESENTATION_CONTEXT() REPRESENTATION_CONTEXT('2D SPACE',''
  ) );
#5526 = ADVANCED_FACE('',(#5527),#5441,.T.);
#5527 = FACE_BOUND('',#5528,.T.);
#5528 = EDGE_LOOP('',(#5529,#5552,#5553,#5554));
#5529 = ORIENTED_EDGE('',*,*,#5530,.F.);
#5530 = EDGE_CURVE('',#5400,#5531,#5533,.T.);
#5531 = VERTEX_POINT('',#5532);
#5532 = CARTESIAN_POINT('',(375.26253101292,-17.23368793961,
    276.22175256024));
#5533 = SURFACE_CURVE('',#5534,(#5538,#5545),.PCURVE_S1.);
#5534 = LINE('',#5535,#5536);
#5535 = CARTESIAN_POINT('',(375.26253101292,-64.,276.22175256024));
#5536 = VECTOR('',#5537,1.);
#5537 = DIRECTION('',(-0.,1.,0.));
#5538 = PCURVE('',#5441,#5539);
#5539 = DEFINITIONAL_REPRESENTATION('',(#5540),#5544);
#5540 = LINE('',#5541,#5542);
#5541 = CARTESIAN_POINT('',(0.,16.));
#5542 = VECTOR('',#5543,1.);
#5543 = DIRECTION('',(1.,0.));
#5544 = ( GEOMETRIC_REPRESENTATION_CONTEXT(2) 
PARAMETRIC_REPRESENTATION_CONTEXT() REPRESENTATION_CONTEXT('2D SPACE',''
  ) );
#5545 = PCURVE('',#5415,#5546);
#5546 = DEFINITIONAL_REPRESENTATION('',(#5547),#5551);
#5547 = LINE('',#5548,#5549);
#5548 = CARTESIAN_POINT('',(14.,0.));
#5549 = VECTOR('',#5550,1.);
#5550 = DIRECTION('',(0.,1.));
#5551 = ( GEOMETRIC_REPRESENTATION_CONTEXT(2) 
PARAMETRIC_REPRESENTATION_CONTEXT() REPRESENTATION_CONTEXT('2D SPACE',''
  ) );
#5552 = ORIENTED_EDGE('',*,*,#5427,.F.);
#5553 = ORIENTED_EDGE('',*,*,#5480,.T.);
#5554 = ORIENTED_EDGE('',*,*,#5555,.T.);
#5555 = EDGE_CURVE('',#5481,#5531,#5556,.T.);
#5556 = SURFACE_CURVE('',#5557,(#5562,#5573),.PCURVE_S1.);
#5557 = CIRCLE('',#5558,19.);
#5558 = AXIS2_PLACEMENT_3D('',#5559,#5560,#5561);
#5559 = CARTESIAN_POINT('',(380.10846352834,0.,269.85646088931));
#5560 = DIRECTION('',(-0.795661458866,-0.,-0.605741564427));
#5561 = DIRECTION('',(0.605741564427,0.,-0.795661458866));
#5562 = PCURVE('',#5441,#5563);
#5563 = DEFINITIONAL_REPRESENTATION('',(#5564),#5572);
#5564 = ( BOUNDED_CURVE() B_SPLINE_CURVE(2,(#5565,#5566,#5567,#5568,
#5569,#5570,#5571),.UNSPECIFIED.,.T.,.F.) B_SPLINE_CURVE_WITH_KNOTS((1,2
    ,2,2,2,1),(-2.094395102393,0.,2.094395102393,4.188790204786,
6.28318530718,8.377580409573),.UNSPECIFIED.) CURVE() 
GEOMETRIC_REPRESENTATION_ITEM() RATIONAL_B_SPLINE_CURVE((1.,0.5,1.,0.5,
1.,0.5,1.)) REPRESENTATION_ITEM('') );
#5565 = CARTESIAN_POINT('',(64.,-11.));
#5566 = CARTESIAN_POINT('',(31.091034656191,-11.));
#5567 = CARTESIAN_POINT('',(47.545517328096,17.5));
#5568 = CARTESIAN_POINT('',(64.,46.));
#5569 = CARTESIAN_POINT('',(80.454482671904,17.5));
#5570 = CARTESIAN_POINT('',(96.908965343809,-11.));
#5571 = CARTESIAN_POINT('',(64.,-11.));
#5572 = ( GEOMETRIC_REPRESENTATION_CONTEXT(2) 
PARAMETRIC_REPRESENTATION_CONTEXT() REPRESENTATION_CONTEXT('2D SPACE',''
  ) );
#5573 = PCURVE('',#5516,#5574);
#5574 = DEFINITIONAL_REPRESENTATION('',(#5575),#5579);
#5575 = LINE('',#5576,#5577);
#5576 = CARTESIAN_POINT('',(-6.28318530718,-15.));
#5577 = VECTOR('',#5578,1.);
#5578 = DIRECTION('',(1.,-0.));
#5579 = ( GEOMETRIC_REPRESENTATION_CONTEXT(2) 
PARAMETRIC_REPRESENTATION_CONTEXT() REPRESENTATION_CONTEXT('2D SPACE',''
  ) );
#5580 = ADVANCED_FACE('',(#5581),#5415,.T.);
#5581 = FACE_BOUND('',#5582,.T.);
#5582 = EDGE_LOOP('',(#5583,#5606,#5607,#5608));
#5583 = ORIENTED_EDGE('',*,*,#5584,.F.);
#5584 = EDGE_CURVE('',#5372,#5585,#5587,.T.);
#5585 = VERTEX_POINT('',#5586);
#5586 = CARTESIAN_POINT('',(364.12327058879,-17.23368793961,
    267.74137065826));
#5587 = SURFACE_CURVE('',#5588,(#5592,#5599),.PCURVE_S1.);
#5588 = LINE('',#5589,#5590);
#5589 = CARTESIAN_POINT('',(364.12327058879,-64.,267.74137065826));
#5590 = VECTOR('',#5591,1.);
#5591 = DIRECTION('',(-0.,1.,0.));
#5592 = PCURVE('',#5415,#5593);
#5593 = DEFINITIONAL_REPRESENTATION('',(#5594),#5598);
#5594 = LINE('',#5595,#5596);
#5595 = CARTESIAN_POINT('',(0.,0.));
#5596 = VECTOR('',#5597,1.);
#5597 = DIRECTION('',(0.,1.));
#5598 = ( GEOMETRIC_REPRESENTATION_CONTEXT(2) 
PARAMETRIC_REPRESENTATION_CONTEXT() REPRESENTATION_CONTEXT('2D SPACE',''
  ) );
#5599 = PCURVE('',#5387,#5600);
#5600 = DEFINITIONAL_REPRESENTATION('',(#5601),#5605);
#5601 = LINE('',#5602,#5603);
#5602 = CARTESIAN_POINT('',(0.,16.));
#5603 = VECTOR('',#5604,1.);
#5604 = DIRECTION('',(1.,0.));
#5605 = ( GEOMETRIC_REPRESENTATION_CONTEXT(2) 
PARAMETRIC_REPRESENTATION_CONTEXT() REPRESENTATION_CONTEXT('2D SPACE',''
  ) );
#5606 = ORIENTED_EDGE('',*,*,#5399,.T.);
#5607 = ORIENTED_EDGE('',*,*,#5530,.T.);
#5608 = ORIENTED_EDGE('',*,*,#5609,.T.);
#5609 = EDGE_CURVE('',#5531,#5585,#5610,.T.);
#5610 = SURFACE_CURVE('',#5611,(#5615,#5621),.PCURVE_S1.);
#5611 = LINE('',#5612,#5613);
#5612 = CARTESIAN_POINT('',(363.32760912993,-17.23368793961,
    267.13562909383));
#5613 = VECTOR('',#5614,1.);
#5614 = DIRECTION('',(-0.795661458866,-0.,-0.605741564427));
#5615 = PCURVE('',#5415,#5616);
#5616 = DEFINITIONAL_REPRESENTATION('',(#5617),#5620);
#5617 = B_SPLINE_CURVE_WITH_KNOTS('',1,(#5618,#5619),.UNSPECIFIED.,.F.,
  .F.,(2,2),(-16.0000006,6.000000167025E-07),.PIECEWISE_BEZIER_KNOTS.);
#5618 = CARTESIAN_POINT('',(15.0000006,46.766312060386));
#5619 = CARTESIAN_POINT('',(-1.0000006,46.766312060386));
#5620 = ( GEOMETRIC_REPRESENTATION_CONTEXT(2) 
PARAMETRIC_REPRESENTATION_CONTEXT() REPRESENTATION_CONTEXT('2D SPACE',''
  ) );
#5621 = PCURVE('',#5516,#5622);
#5622 = DEFINITIONAL_REPRESENTATION('',(#5623),#5626);
#5623 = B_SPLINE_CURVE_WITH_KNOTS('',1,(#5624,#5625),.UNSPECIFIED.,.F.,
  .F.,(2,2),(-16.0000006,6.000000167025E-07),.PIECEWISE_BEZIER_KNOTS.);
#5624 = CARTESIAN_POINT('',(-4.277783454777,-16.0000006));
#5625 = CARTESIAN_POINT('',(-4.277783454777,6.000000167025E-07));
#5626 = ( GEOMETRIC_REPRESENTATION_CONTEXT(2) 
PARAMETRIC_REPRESENTATION_CONTEXT() REPRESENTATION_CONTEXT('2D SPACE',''
  ) );
#5627 = ADVANCED_FACE('',(#5628),#5387,.F.);
#5628 = FACE_BOUND('',#5629,.F.);
#5629 = EDGE_LOOP('',(#5630,#5631,#5632,#5633));
#5630 = ORIENTED_EDGE('',*,*,#5584,.F.);
#5631 = ORIENTED_EDGE('',*,*,#5371,.F.);
#5632 = ORIENTED_EDGE('',*,*,#5456,.T.);
#5633 = ORIENTED_EDGE('',*,*,#5634,.T.);
#5634 = EDGE_CURVE('',#5457,#5585,#5635,.T.);
#5635 = SURFACE_CURVE('',#5636,(#5641,#5652),.PCURVE_S1.);
#5636 = CIRCLE('',#5637,19.);
#5637 = AXIS2_PLACEMENT_3D('',#5638,#5639,#5640);
#5638 = CARTESIAN_POINT('',(368.96920310421,0.,261.37607898733));
#5639 = DIRECTION('',(-0.795661458866,-0.,-0.605741564427));
#5640 = DIRECTION('',(0.605741564427,0.,-0.795661458866));
#5641 = PCURVE('',#5387,#5642);
#5642 = DEFINITIONAL_REPRESENTATION('',(#5643),#5651);
#5643 = ( BOUNDED_CURVE() B_SPLINE_CURVE(2,(#5644,#5645,#5646,#5647,
#5648,#5649,#5650),.UNSPECIFIED.,.T.,.F.) B_SPLINE_CURVE_WITH_KNOTS((1,2
    ,2,2,2,1),(-2.094395102393,0.,2.094395102393,4.188790204786,
6.28318530718,8.377580409573),.UNSPECIFIED.) CURVE() 
GEOMETRIC_REPRESENTATION_ITEM() RATIONAL_B_SPLINE_CURVE((1.,0.5,1.,0.5,
1.,0.5,1.)) REPRESENTATION_ITEM('') );
#5644 = CARTESIAN_POINT('',(64.,-11.));
#5645 = CARTESIAN_POINT('',(31.091034656191,-11.));
#5646 = CARTESIAN_POINT('',(47.545517328096,17.5));
#5647 = CARTESIAN_POINT('',(64.,46.));
#5648 = CARTESIAN_POINT('',(80.454482671904,17.5));
#5649 = CARTESIAN_POINT('',(96.908965343809,-11.));
#5650 = CARTESIAN_POINT('',(64.,-11.));
#5651 = ( GEOMETRIC_REPRESENTATION_CONTEXT(2) 
PARAMETRIC_REPRESENTATION_CONTEXT() REPRESENTATION_CONTEXT('2D SPACE',''
  ) );
#5652 = PCURVE('',#5516,#5653);
#5653 = DEFINITIONAL_REPRESENTATION('',(#5654),#5658);
#5654 = LINE('',#5655,#5656);
#5655 = CARTESIAN_POINT('',(-6.28318530718,-1.));
#5656 = VECTOR('',#5657,1.);
#5657 = DIRECTION('',(1.,-0.));
#5658 = ( GEOMETRIC_REPRESENTATION_CONTEXT(2) 
PARAMETRIC_REPRESENTATION_CONTEXT() REPRESENTATION_CONTEXT('2D SPACE',''
  ) );
#5659 = ADVANCED_FACE('',(#5660),#5516,.F.);
#5660 = FACE_BOUND('',#5661,.T.);
#5661 = EDGE_LOOP('',(#5662,#5663,#5664,#5665));
#5662 = ORIENTED_EDGE('',*,*,#5555,.F.);
#5663 = ORIENTED_EDGE('',*,*,#5503,.T.);
#5664 = ORIENTED_EDGE('',*,*,#5634,.T.);
#5665 = ORIENTED_EDGE('',*,*,#5609,.F.);
#5666 = MANIFOLD_SOLID_BREP('',#5667);
#5667 = CLOSED_SHELL('',(#5668,#5786,#5867,#5916,#5970,#5995));
#5668 = ADVANCED_FACE('',(#5669),#5683,.F.);
#5669 = FACE_BOUND('',#5670,.F.);
#5670 = EDGE_LOOP('',(#5671,#5706,#5732,#5760));
#5671 = ORIENTED_EDGE('',*,*,#5672,.F.);
#5672 = EDGE_CURVE('',#5673,#5675,#5677,.T.);
#5673 = VERTEX_POINT('',#5674);
#5674 = CARTESIAN_POINT('',(373.81513561963,17.233687939614,
    255.0107873164));
#5675 = VERTEX_POINT('',#5676);
#5676 = CARTESIAN_POINT('',(373.81513561963,64.,255.0107873164));
#5677 = SURFACE_CURVE('',#5678,(#5682,#5694),.PCURVE_S1.);
#5678 = LINE('',#5679,#5680);
#5679 = CARTESIAN_POINT('',(373.81513561963,-64.,255.0107873164));
#5680 = VECTOR('',#5681,1.);
#5681 = DIRECTION('',(-0.,1.,0.));
#5682 = PCURVE('',#5683,#5688);
#5683 = PLANE('',#5684);
#5684 = AXIS2_PLACEMENT_3D('',#5685,#5686,#5687);
#5685 = CARTESIAN_POINT('',(373.81513561963,-64.,255.0107873164));
#5686 = DIRECTION('',(-0.605741564427,0.,0.795661458866));
#5687 = DIRECTION('',(0.795661458866,0.,0.605741564427));
#5688 = DEFINITIONAL_REPRESENTATION('',(#5689),#5693);
#5689 = LINE('',#5690,#5691);
#5690 = CARTESIAN_POINT('',(0.,0.));
#5691 = VECTOR('',#5692,1.);
#5692 = DIRECTION('',(0.,1.));
#5693 = ( GEOMETRIC_REPRESENTATION_CONTEXT(2) 
PARAMETRIC_REPRESENTATION_CONTEXT() REPRESENTATION_CONTEXT('2D SPACE',''
  ) );
#5694 = PCURVE('',#5695,#5700);
#5695 = PLANE('',#5696);
#5696 = AXIS2_PLACEMENT_3D('',#5697,#5698,#5699);
#5697 = CARTESIAN_POINT('',(373.81513561963,-64.,255.0107873164));
#5698 = DIRECTION('',(0.795661458866,0.,0.605741564427));
#5699 = DIRECTION('',(-0.,1.,0.));
#5700 = DEFINITIONAL_REPRESENTATION('',(#5701),#5705);
#5701 = LINE('',#5702,#5703);
#5702 = CARTESIAN_POINT('',(0.,0.));
#5703 = VECTOR('',#5704,1.);
#5704 = DIRECTION('',(1.,0.));
#5705 = ( GEOMETRIC_REPRESENTATION_CONTEXT(2) 
PARAMETRIC_REPRESENTATION_CONTEXT() REPRESENTATION_CONTEXT('2D SPACE',''
  ) );
#5706 = ORIENTED_EDGE('',*,*,#5707,.F.);
#5707 = EDGE_CURVE('',#5708,#5673,#5710,.T.);
#5708 = VERTEX_POINT('',#5709);
#5709 = CARTESIAN_POINT('',(384.95439604376,17.233687939614,
    263.49116921838));
#5710 = SURFACE_CURVE('',#5711,(#5715,#5721),.PCURVE_S1.);
#5711 = LINE('',#5712,#5713);
#5712 = CARTESIAN_POINT('',(373.01947416076,17.233687939614,
    254.40504575197));
#5713 = VECTOR('',#5714,1.);
#5714 = DIRECTION('',(-0.795661458866,-0.,-0.605741564427));
#5715 = PCURVE('',#5683,#5716);
#5716 = DEFINITIONAL_REPRESENTATION('',(#5717),#5720);
#5717 = B_SPLINE_CURVE_WITH_KNOTS('',1,(#5718,#5719),.UNSPECIFIED.,.F.,
  .F.,(2,2),(-16.0000006,5.999999994863E-07),.PIECEWISE_BEZIER_KNOTS.);
#5718 = CARTESIAN_POINT('',(15.0000006,81.233687939614));
#5719 = CARTESIAN_POINT('',(-1.0000006,81.233687939614));
#5720 = ( GEOMETRIC_REPRESENTATION_CONTEXT(2) 
PARAMETRIC_REPRESENTATION_CONTEXT() REPRESENTATION_CONTEXT('2D SPACE',''
  ) );
#5721 = PCURVE('',#5722,#5727);
#5722 = CYLINDRICAL_SURFACE('',#5723,19.);
#5723 = AXIS2_PLACEMENT_3D('',#5724,#5725,#5726);
#5724 = CARTESIAN_POINT('',(368.17354164535,0.,260.7703374229));
#5725 = DIRECTION('',(-0.795661458866,-0.,-0.605741564427));
#5726 = DIRECTION('',(0.605741564427,0.,-0.795661458866));
#5727 = DEFINITIONAL_REPRESENTATION('',(#5728),#5731);
#5728 = B_SPLINE_CURVE_WITH_KNOTS('',1,(#5729,#5730),.UNSPECIFIED.,.F.,
  .F.,(2,2),(-16.0000006,5.999999994863E-07),.PIECEWISE_BEZIER_KNOTS.);
#5729 = CARTESIAN_POINT('',(-1.136190801188,-16.0000006));
#5730 = CARTESIAN_POINT('',(-1.136190801188,5.999999994863E-07));
#5731 = ( GEOMETRIC_REPRESENTATION_CONTEXT(2) 
PARAMETRIC_REPRESENTATION_CONTEXT() REPRESENTATION_CONTEXT('2D SPACE',''
  ) );
#5732 = ORIENTED_EDGE('',*,*,#5733,.T.);
#5733 = EDGE_CURVE('',#5708,#5734,#5736,.T.);
#5734 = VERTEX_POINT('',#5735);
#5735 = CARTESIAN_POINT('',(384.95439604376,64.,263.49116921838));
#5736 = SURFACE_CURVE('',#5737,(#5741,#5748),.PCURVE_S1.);
#5737 = LINE('',#5738,#5739);
#5738 = CARTESIAN_POINT('',(384.95439604376,-64.,263.49116921838));
#5739 = VECTOR('',#5740,1.);
#5740 = DIRECTION('',(-0.,1.,0.));
#5741 = PCURVE('',#5683,#5742);
#5742 = DEFINITIONAL_REPRESENTATION('',(#5743),#5747);
#5743 = LINE('',#5744,#5745);
#5744 = CARTESIAN_POINT('',(14.,0.));
#5745 = VECTOR('',#5746,1.);
#5746 = DIRECTION('',(0.,1.));
#5747 = ( GEOMETRIC_REPRESENTATION_CONTEXT(2) 
PARAMETRIC_REPRESENTATION_CONTEXT() REPRESENTATION_CONTEXT('2D SPACE',''
  ) );
#5748 = PCURVE('',#5749,#5754);
#5749 = PLANE('',#5750);
#5750 = AXIS2_PLACEMENT_3D('',#5751,#5752,#5753);
#5751 = CARTESIAN_POINT('',(384.95439604376,-64.,263.49116921838));
#5752 = DIRECTION('',(0.795661458866,0.,0.605741564427));
#5753 = DIRECTION('',(-0.,1.,0.));
#5754 = DEFINITIONAL_REPRESENTATION('',(#5755),#5759);
#5755 = LINE('',#5756,#5757);
#5756 = CARTESIAN_POINT('',(0.,0.));
#5757 = VECTOR('',#5758,1.);
#5758 = DIRECTION('',(1.,0.));
#5759 = ( GEOMETRIC_REPRESENTATION_CONTEXT(2) 
PARAMETRIC_REPRESENTATION_CONTEXT() REPRESENTATION_CONTEXT('2D SPACE',''
  ) );
#5760 = ORIENTED_EDGE('',*,*,#5761,.F.);
#5761 = EDGE_CURVE('',#5675,#5734,#5762,.T.);
#5762 = SURFACE_CURVE('',#5763,(#5767,#5774),.PCURVE_S1.);
#5763 = LINE('',#5764,#5765);
#5764 = CARTESIAN_POINT('',(373.81513561963,64.,255.0107873164));
#5765 = VECTOR('',#5766,1.);
#5766 = DIRECTION('',(0.795661458866,0.,0.605741564427));
#5767 = PCURVE('',#5683,#5768);
#5768 = DEFINITIONAL_REPRESENTATION('',(#5769),#5773);
#5769 = LINE('',#5770,#5771);
#5770 = CARTESIAN_POINT('',(0.,128.));
#5771 = VECTOR('',#5772,1.);
#5772 = DIRECTION('',(1.,0.));
#5773 = ( GEOMETRIC_REPRESENTATION_CONTEXT(2) 
PARAMETRIC_REPRESENTATION_CONTEXT() REPRESENTATION_CONTEXT('2D SPACE',''
  ) );
#5774 = PCURVE('',#5775,#5780);
#5775 = PLANE('',#5776);
#5776 = AXIS2_PLACEMENT_3D('',#5777,#5778,#5779);
#5777 = CARTESIAN_POINT('',(373.81513561963,64.,255.0107873164));
#5778 = DIRECTION('',(-0.,1.,0.));
#5779 = DIRECTION('',(0.795661458866,0.,0.605741564427));
#5780 = DEFINITIONAL_REPRESENTATION('',(#5781),#5785);
#5781 = LINE('',#5782,#5783);
#5782 = CARTESIAN_POINT('',(0.,0.));
#5783 = VECTOR('',#5784,1.);
#5784 = DIRECTION('',(1.,0.));
#5785 = ( GEOMETRIC_REPRESENTATION_CONTEXT(2) 
PARAMETRIC_REPRESENTATION_CONTEXT() REPRESENTATION_CONTEXT('2D SPACE',''
  ) );
#5786 = ADVANCED_FACE('',(#5787),#5695,.F.);
#5787 = FACE_BOUND('',#5788,.F.);
#5788 = EDGE_LOOP('',(#5789,#5819,#5845,#5846));
#5789 = ORIENTED_EDGE('',*,*,#5790,.F.);
#5790 = EDGE_CURVE('',#5791,#5793,#5795,.T.);
#5791 = VERTEX_POINT('',#5792);
#5792 = CARTESIAN_POINT('',(364.12327058879,17.233687939614,
    267.74137065826));
#5793 = VERTEX_POINT('',#5794);
#5794 = CARTESIAN_POINT('',(364.12327058879,64.,267.74137065826));
#5795 = SURFACE_CURVE('',#5796,(#5800,#5807),.PCURVE_S1.);
#5796 = LINE('',#5797,#5798);
#5797 = CARTESIAN_POINT('',(364.12327058879,-64.,267.74137065826));
#5798 = VECTOR('',#5799,1.);
#5799 = DIRECTION('',(-0.,1.,0.));
#5800 = PCURVE('',#5695,#5801);
#5801 = DEFINITIONAL_REPRESENTATION('',(#5802),#5806);
#5802 = LINE('',#5803,#5804);
#5803 = CARTESIAN_POINT('',(0.,16.));
#5804 = VECTOR('',#5805,1.);
#5805 = DIRECTION('',(1.,0.));
#5806 = ( GEOMETRIC_REPRESENTATION_CONTEXT(2) 
PARAMETRIC_REPRESENTATION_CONTEXT() REPRESENTATION_CONTEXT('2D SPACE',''
  ) );
#5807 = PCURVE('',#5808,#5813);
#5808 = PLANE('',#5809);
#5809 = AXIS2_PLACEMENT_3D('',#5810,#5811,#5812);
#5810 = CARTESIAN_POINT('',(364.12327058879,-64.,267.74137065826));
#5811 = DIRECTION('',(-0.605741564427,0.,0.795661458866));
#5812 = DIRECTION('',(0.795661458866,0.,0.605741564427));
#5813 = DEFINITIONAL_REPRESENTATION('',(#5814),#5818);
#5814 = LINE('',#5815,#5816);
#5815 = CARTESIAN_POINT('',(0.,0.));
#5816 = VECTOR('',#5817,1.);
#5817 = DIRECTION('',(0.,1.));
#5818 = ( GEOMETRIC_REPRESENTATION_CONTEXT(2) 
PARAMETRIC_REPRESENTATION_CONTEXT() REPRESENTATION_CONTEXT('2D SPACE',''
  ) );
#5819 = ORIENTED_EDGE('',*,*,#5820,.T.);
#5820 = EDGE_CURVE('',#5791,#5673,#5821,.T.);
#5821 = SURFACE_CURVE('',#5822,(#5827,#5838),.PCURVE_S1.);
#5822 = CIRCLE('',#5823,19.);
#5823 = AXIS2_PLACEMENT_3D('',#5824,#5825,#5826);
#5824 = CARTESIAN_POINT('',(368.96920310421,0.,261.37607898733));
#5825 = DIRECTION('',(-0.795661458866,-0.,-0.605741564427));
#5826 = DIRECTION('',(0.605741564427,0.,-0.795661458866));
#5827 = PCURVE('',#5695,#5828);
#5828 = DEFINITIONAL_REPRESENTATION('',(#5829),#5837);
#5829 = ( BOUNDED_CURVE() B_SPLINE_CURVE(2,(#5830,#5831,#5832,#5833,
#5834,#5835,#5836),.UNSPECIFIED.,.T.,.F.) B_SPLINE_CURVE_WITH_KNOTS((1,2
    ,2,2,2,1),(-2.094395102393,0.,2.094395102393,4.188790204786,
6.28318530718,8.377580409573),.UNSPECIFIED.) CURVE() 
GEOMETRIC_REPRESENTATION_ITEM() RATIONAL_B_SPLINE_CURVE((1.,0.5,1.,0.5,
1.,0.5,1.)) REPRESENTATION_ITEM('') );
#5830 = CARTESIAN_POINT('',(64.,-11.));
#5831 = CARTESIAN_POINT('',(31.091034656191,-11.));
#5832 = CARTESIAN_POINT('',(47.545517328096,17.5));
#5833 = CARTESIAN_POINT('',(64.,46.));
#5834 = CARTESIAN_POINT('',(80.454482671904,17.5));
#5835 = CARTESIAN_POINT('',(96.908965343809,-11.));
#5836 = CARTESIAN_POINT('',(64.,-11.));
#5837 = ( GEOMETRIC_REPRESENTATION_CONTEXT(2) 
PARAMETRIC_REPRESENTATION_CONTEXT() REPRESENTATION_CONTEXT('2D SPACE',''
  ) );
#5838 = PCURVE('',#5722,#5839);
#5839 = DEFINITIONAL_REPRESENTATION('',(#5840),#5844);
#5840 = LINE('',#5841,#5842);
#5841 = CARTESIAN_POINT('',(-6.28318530718,-1.));
#5842 = VECTOR('',#5843,1.);
#5843 = DIRECTION('',(1.,-0.));
#5844 = ( GEOMETRIC_REPRESENTATION_CONTEXT(2) 
PARAMETRIC_REPRESENTATION_CONTEXT() REPRESENTATION_CONTEXT('2D SPACE',''
  ) );
#5845 = ORIENTED_EDGE('',*,*,#5672,.T.);
#5846 = ORIENTED_EDGE('',*,*,#5847,.T.);
#5847 = EDGE_CURVE('',#5675,#5793,#5848,.T.);
#5848 = SURFACE_CURVE('',#5849,(#5853,#5860),.PCURVE_S1.);
#5849 = LINE('',#5850,#5851);
#5850 = CARTESIAN_POINT('',(373.81513561963,64.,255.0107873164));
#5851 = VECTOR('',#5852,1.);
#5852 = DIRECTION('',(-0.605741564427,0.,0.795661458866));
#5853 = PCURVE('',#5695,#5854);
#5854 = DEFINITIONAL_REPRESENTATION('',(#5855),#5859);
#5855 = LINE('',#5856,#5857);
#5856 = CARTESIAN_POINT('',(128.,0.));
#5857 = VECTOR('',#5858,1.);
#5858 = DIRECTION('',(0.,1.));
#5859 = ( GEOMETRIC_REPRESENTATION_CONTEXT(2) 
PARAMETRIC_REPRESENTATION_CONTEXT() REPRESENTATION_CONTEXT('2D SPACE',''
  ) );
#5860 = PCURVE('',#5775,#5861);
#5861 = DEFINITIONAL_REPRESENTATION('',(#5862),#5866);
#5862 = LINE('',#5863,#5864);
#5863 = CARTESIAN_POINT('',(0.,0.));
#5864 = VECTOR('',#5865,1.);
#5865 = DIRECTION('',(0.,-1.));
#5866 = ( GEOMETRIC_REPRESENTATION_CONTEXT(2) 
PARAMETRIC_REPRESENTATION_CONTEXT() REPRESENTATION_CONTEXT('2D SPACE',''
  ) );
#5867 = ADVANCED_FACE('',(#5868),#5775,.T.);
#5868 = FACE_BOUND('',#5869,.T.);
#5869 = EDGE_LOOP('',(#5870,#5871,#5872,#5895));
#5870 = ORIENTED_EDGE('',*,*,#5761,.F.);
#5871 = ORIENTED_EDGE('',*,*,#5847,.T.);
#5872 = ORIENTED_EDGE('',*,*,#5873,.T.);
#5873 = EDGE_CURVE('',#5793,#5874,#5876,.T.);
#5874 = VERTEX_POINT('',#5875);
#5875 = CARTESIAN_POINT('',(375.26253101292,64.,276.22175256024));
#5876 = SURFACE_CURVE('',#5877,(#5881,#5888),.PCURVE_S1.);
#5877 = LINE('',#5878,#5879);
#5878 = CARTESIAN_POINT('',(364.12327058879,64.,267.74137065826));
#5879 = VECTOR('',#5880,1.);
#5880 = DIRECTION('',(0.795661458866,0.,0.605741564427));
#5881 = PCURVE('',#5775,#5882);
#5882 = DEFINITIONAL_REPRESENTATION('',(#5883),#5887);
#5883 = LINE('',#5884,#5885);
#5884 = CARTESIAN_POINT('',(0.,-16.));
#5885 = VECTOR('',#5886,1.);
#5886 = DIRECTION('',(1.,0.));
#5887 = ( GEOMETRIC_REPRESENTATION_CONTEXT(2) 
PARAMETRIC_REPRESENTATION_CONTEXT() REPRESENTATION_CONTEXT('2D SPACE',''
  ) );
#5888 = PCURVE('',#5808,#5889);
#5889 = DEFINITIONAL_REPRESENTATION('',(#5890),#5894);
#5890 = LINE('',#5891,#5892);
#5891 = CARTESIAN_POINT('',(0.,128.));
#5892 = VECTOR('',#5893,1.);
#5893 = DIRECTION('',(1.,0.));
#5894 = ( GEOMETRIC_REPRESENTATION_CONTEXT(2) 
PARAMETRIC_REPRESENTATION_CONTEXT() REPRESENTATION_CONTEXT('2D SPACE',''
  ) );
#5895 = ORIENTED_EDGE('',*,*,#5896,.F.);
#5896 = EDGE_CURVE('',#5734,#5874,#5897,.T.);
#5897 = SURFACE_CURVE('',#5898,(#5902,#5909),.PCURVE_S1.);
#5898 = LINE('',#5899,#5900);
#5899 = CARTESIAN_POINT('',(384.95439604376,64.,263.49116921838));
#5900 = VECTOR('',#5901,1.);
#5901 = DIRECTION('',(-0.605741564427,0.,0.795661458866));
#5902 = PCURVE('',#5775,#5903);
#5903 = DEFINITIONAL_REPRESENTATION('',(#5904),#5908);
#5904 = LINE('',#5905,#5906);
#5905 = CARTESIAN_POINT('',(14.,0.));
#5906 = VECTOR('',#5907,1.);
#5907 = DIRECTION('',(0.,-1.));
#5908 = ( GEOMETRIC_REPRESENTATION_CONTEXT(2) 
PARAMETRIC_REPRESENTATION_CONTEXT() REPRESENTATION_CONTEXT('2D SPACE',''
  ) );
#5909 = PCURVE('',#5749,#5910);
#5910 = DEFINITIONAL_REPRESENTATION('',(#5911),#5915);
#5911 = LINE('',#5912,#5913);
#5912 = CARTESIAN_POINT('',(128.,0.));
#5913 = VECTOR('',#5914,1.);
#5914 = DIRECTION('',(0.,1.));
#5915 = ( GEOMETRIC_REPRESENTATION_CONTEXT(2) 
PARAMETRIC_REPRESENTATION_CONTEXT() REPRESENTATION_CONTEXT('2D SPACE',''
  ) );
#5916 = ADVANCED_FACE('',(#5917),#5749,.T.);
#5917 = FACE_BOUND('',#5918,.T.);
#5918 = EDGE_LOOP('',(#5919,#5942,#5968,#5969));
#5919 = ORIENTED_EDGE('',*,*,#5920,.F.);
#5920 = EDGE_CURVE('',#5921,#5874,#5923,.T.);
#5921 = VERTEX_POINT('',#5922);
#5922 = CARTESIAN_POINT('',(375.26253101292,17.233687939613,
    276.22175256024));
#5923 = SURFACE_CURVE('',#5924,(#5928,#5935),.PCURVE_S1.);
#5924 = LINE('',#5925,#5926);
#5925 = CARTESIAN_POINT('',(375.26253101292,-64.,276.22175256024));
#5926 = VECTOR('',#5927,1.);
#5927 = DIRECTION('',(-0.,1.,0.));
#5928 = PCURVE('',#5749,#5929);
#5929 = DEFINITIONAL_REPRESENTATION('',(#5930),#5934);
#5930 = LINE('',#5931,#5932);
#5931 = CARTESIAN_POINT('',(0.,16.));
#5932 = VECTOR('',#5933,1.);
#5933 = DIRECTION('',(1.,0.));
#5934 = ( GEOMETRIC_REPRESENTATION_CONTEXT(2) 
PARAMETRIC_REPRESENTATION_CONTEXT() REPRESENTATION_CONTEXT('2D SPACE',''
  ) );
#5935 = PCURVE('',#5808,#5936);
#5936 = DEFINITIONAL_REPRESENTATION('',(#5937),#5941);
#5937 = LINE('',#5938,#5939);
#5938 = CARTESIAN_POINT('',(14.,0.));
#5939 = VECTOR('',#5940,1.);
#5940 = DIRECTION('',(0.,1.));
#5941 = ( GEOMETRIC_REPRESENTATION_CONTEXT(2) 
PARAMETRIC_REPRESENTATION_CONTEXT() REPRESENTATION_CONTEXT('2D SPACE',''
  ) );
#5942 = ORIENTED_EDGE('',*,*,#5943,.T.);
#5943 = EDGE_CURVE('',#5921,#5708,#5944,.T.);
#5944 = SURFACE_CURVE('',#5945,(#5950,#5961),.PCURVE_S1.);
#5945 = CIRCLE('',#5946,19.);
#5946 = AXIS2_PLACEMENT_3D('',#5947,#5948,#5949);
#5947 = CARTESIAN_POINT('',(380.10846352834,0.,269.85646088931));
#5948 = DIRECTION('',(-0.795661458866,-0.,-0.605741564427));
#5949 = DIRECTION('',(0.605741564427,0.,-0.795661458866));
#5950 = PCURVE('',#5749,#5951);
#5951 = DEFINITIONAL_REPRESENTATION('',(#5952),#5960);
#5952 = ( BOUNDED_CURVE() B_SPLINE_CURVE(2,(#5953,#5954,#5955,#5956,
#5957,#5958,#5959),.UNSPECIFIED.,.T.,.F.) B_SPLINE_CURVE_WITH_KNOTS((1,2
    ,2,2,2,1),(-2.094395102393,0.,2.094395102393,4.188790204786,
6.28318530718,8.377580409573),.UNSPECIFIED.) CURVE() 
GEOMETRIC_REPRESENTATION_ITEM() RATIONAL_B_SPLINE_CURVE((1.,0.5,1.,0.5,
1.,0.5,1.)) REPRESENTATION_ITEM('') );
#5953 = CARTESIAN_POINT('',(64.,-11.));
#5954 = CARTESIAN_POINT('',(31.091034656191,-11.));
#5955 = CARTESIAN_POINT('',(47.545517328096,17.5));
#5956 = CARTESIAN_POINT('',(64.,46.));
#5957 = CARTESIAN_POINT('',(80.454482671904,17.5));
#5958 = CARTESIAN_POINT('',(96.908965343809,-11.));
#5959 = CARTESIAN_POINT('',(64.,-11.));
#5960 = ( GEOMETRIC_REPRESENTATION_CONTEXT(2) 
PARAMETRIC_REPRESENTATION_CONTEXT() REPRESENTATION_CONTEXT('2D SPACE',''
  ) );
#5961 = PCURVE('',#5722,#5962);
#5962 = DEFINITIONAL_REPRESENTATION('',(#5963),#5967);
#5963 = LINE('',#5964,#5965);
#5964 = CARTESIAN_POINT('',(-6.28318530718,-15.));
#5965 = VECTOR('',#5966,1.);
#5966 = DIRECTION('',(1.,-0.));
#5967 = ( GEOMETRIC_REPRESENTATION_CONTEXT(2) 
PARAMETRIC_REPRESENTATION_CONTEXT() REPRESENTATION_CONTEXT('2D SPACE',''
  ) );
#5968 = ORIENTED_EDGE('',*,*,#5733,.T.);
#5969 = ORIENTED_EDGE('',*,*,#5896,.T.);
#5970 = ADVANCED_FACE('',(#5971),#5722,.F.);
#5971 = FACE_BOUND('',#5972,.T.);
#5972 = EDGE_LOOP('',(#5973,#5974,#5975,#5994));
#5973 = ORIENTED_EDGE('',*,*,#5707,.F.);
#5974 = ORIENTED_EDGE('',*,*,#5943,.F.);
#5975 = ORIENTED_EDGE('',*,*,#5976,.T.);
#5976 = EDGE_CURVE('',#5921,#5791,#5977,.T.);
#5977 = SURFACE_CURVE('',#5978,(#5982,#5988),.PCURVE_S1.);
#5978 = LINE('',#5979,#5980);
#5979 = CARTESIAN_POINT('',(363.32760912993,17.233687939614,
    267.13562909383));
#5980 = VECTOR('',#5981,1.);
#5981 = DIRECTION('',(-0.795661458866,-0.,-0.605741564427));
#5982 = PCURVE('',#5722,#5983);
#5983 = DEFINITIONAL_REPRESENTATION('',(#5984),#5987);
#5984 = B_SPLINE_CURVE_WITH_KNOTS('',1,(#5985,#5986),.UNSPECIFIED.,.F.,
  .F.,(2,2),(-16.0000006,6.000000167025E-07),.PIECEWISE_BEZIER_KNOTS.);
#5985 = CARTESIAN_POINT('',(-2.005401852402,-16.0000006));
#5986 = CARTESIAN_POINT('',(-2.005401852402,6.000000167025E-07));
#5987 = ( GEOMETRIC_REPRESENTATION_CONTEXT(2) 
PARAMETRIC_REPRESENTATION_CONTEXT() REPRESENTATION_CONTEXT('2D SPACE',''
  ) );
#5988 = PCURVE('',#5808,#5989);
#5989 = DEFINITIONAL_REPRESENTATION('',(#5990),#5993);
#5990 = B_SPLINE_CURVE_WITH_KNOTS('',1,(#5991,#5992),.UNSPECIFIED.,.F.,
  .F.,(2,2),(-16.0000006,6.000000167025E-07),.PIECEWISE_BEZIER_KNOTS.);
#5991 = CARTESIAN_POINT('',(15.0000006,81.233687939614));
#5992 = CARTESIAN_POINT('',(-1.0000006,81.233687939614));
#5993 = ( GEOMETRIC_REPRESENTATION_CONTEXT(2) 
PARAMETRIC_REPRESENTATION_CONTEXT() REPRESENTATION_CONTEXT('2D SPACE',''
  ) );
#5994 = ORIENTED_EDGE('',*,*,#5820,.T.);
#5995 = ADVANCED_FACE('',(#5996),#5808,.T.);
#5996 = FACE_BOUND('',#5997,.T.);
#5997 = EDGE_LOOP('',(#5998,#5999,#6000,#6001));
#5998 = ORIENTED_EDGE('',*,*,#5790,.F.);
#5999 = ORIENTED_EDGE('',*,*,#5976,.F.);
#6000 = ORIENTED_EDGE('',*,*,#5920,.T.);
#6001 = ORIENTED_EDGE('',*,*,#5873,.F.);
#6002 = MANIFOLD_SOLID_BREP('',#6003);
#6003 = CLOSED_SHELL('',(#6004,#6124,#6224,#6271,#6318,#6325));
#6004 = ADVANCED_FACE('',(#6005),#6019,.F.);
#6005 = FACE_BOUND('',#6006,.F.);
#6006 = EDGE_LOOP('',(#6007,#6042,#6070,#6098));
#6007 = ORIENTED_EDGE('',*,*,#6008,.F.);
#6008 = EDGE_CURVE('',#6009,#6011,#6013,.T.);
#6009 = VERTEX_POINT('',#6010);
#6010 = CARTESIAN_POINT('',(377.56754113841,27.,261.63796264399));
#6011 = VERTEX_POINT('',#6012);
#6012 = CARTESIAN_POINT('',(403.02870782213,27.,281.02169270566));
#6013 = SURFACE_CURVE('',#6014,(#6018,#6030),.PCURVE_S1.);
#6014 = LINE('',#6015,#6016);
#6015 = CARTESIAN_POINT('',(377.56754113841,27.,261.63796264399));
#6016 = VECTOR('',#6017,1.);
#6017 = DIRECTION('',(0.795661458866,0.,0.605741564427));
#6018 = PCURVE('',#6019,#6024);
#6019 = PLANE('',#6020);
#6020 = AXIS2_PLACEMENT_3D('',#6021,#6022,#6023);
#6021 = CARTESIAN_POINT('',(377.56754113841,27.,261.63796264399));
#6022 = DIRECTION('',(-0.,1.,0.));
#6023 = DIRECTION('',(0.795661458866,0.,0.605741564427));
#6024 = DEFINITIONAL_REPRESENTATION('',(#6025),#6029);
#6025 = LINE('',#6026,#6027);
#6026 = CARTESIAN_POINT('',(0.,0.));
#6027 = VECTOR('',#6028,1.);
#6028 = DIRECTION('',(1.,0.));
#6029 = ( GEOMETRIC_REPRESENTATION_CONTEXT(2) 
PARAMETRIC_REPRESENTATION_CONTEXT() REPRESENTATION_CONTEXT('2D SPACE',''
  ) );
#6030 = PCURVE('',#6031,#6036);
#6031 = PLANE('',#6032);
#6032 = AXIS2_PLACEMENT_3D('',#6033,#6034,#6035);
#6033 = CARTESIAN_POINT('',(377.56754113841,27.,261.63796264399));
#6034 = DIRECTION('',(-0.605741564427,0.,0.795661458866));
#6035 = DIRECTION('',(0.795661458866,0.,0.605741564427));
#6036 = DEFINITIONAL_REPRESENTATION('',(#6037),#6041);
#6037 = LINE('',#6038,#6039);
#6038 = CARTESIAN_POINT('',(0.,0.));
#6039 = VECTOR('',#6040,1.);
#6040 = DIRECTION('',(1.,0.));
#6041 = ( GEOMETRIC_REPRESENTATION_CONTEXT(2) 
PARAMETRIC_REPRESENTATION_CONTEXT() REPRESENTATION_CONTEXT('2D SPACE',''
  ) );
#6042 = ORIENTED_EDGE('',*,*,#6043,.T.);
#6043 = EDGE_CURVE('',#6009,#6044,#6046,.T.);
#6044 = VERTEX_POINT('',#6045);
#6045 = CARTESIAN_POINT('',(371.51012549414,27.,269.59457723265));
#6046 = SURFACE_CURVE('',#6047,(#6051,#6058),.PCURVE_S1.);
#6047 = LINE('',#6048,#6049);
#6048 = CARTESIAN_POINT('',(377.56754113841,27.,261.63796264399));
#6049 = VECTOR('',#6050,1.);
#6050 = DIRECTION('',(-0.605741564427,0.,0.795661458866));
#6051 = PCURVE('',#6019,#6052);
#6052 = DEFINITIONAL_REPRESENTATION('',(#6053),#6057);
#6053 = LINE('',#6054,#6055);
#6054 = CARTESIAN_POINT('',(0.,0.));
#6055 = VECTOR('',#6056,1.);
#6056 = DIRECTION('',(0.,-1.));
#6057 = ( GEOMETRIC_REPRESENTATION_CONTEXT(2) 
PARAMETRIC_REPRESENTATION_CONTEXT() REPRESENTATION_CONTEXT('2D SPACE',''
  ) );
#6058 = PCURVE('',#6059,#6064);
#6059 = PLANE('',#6060);
#6060 = AXIS2_PLACEMENT_3D('',#6061,#6062,#6063);
#6061 = CARTESIAN_POINT('',(377.56754113841,27.,261.63796264399));
#6062 = DIRECTION('',(0.795661458866,0.,0.605741564427));
#6063 = DIRECTION('',(-0.,1.,0.));
#6064 = DEFINITIONAL_REPRESENTATION('',(#6065),#6069);
#6065 = LINE('',#6066,#6067);
#6066 = CARTESIAN_POINT('',(0.,0.));
#6067 = VECTOR('',#6068,1.);
#6068 = DIRECTION('',(0.,1.));
#6069 = ( GEOMETRIC_REPRESENTATION_CONTEXT(2) 
PARAMETRIC_REPRESENTATION_CONTEXT() REPRESENTATION_CONTEXT('2D SPACE',''
  ) );
#6070 = ORIENTED_EDGE('',*,*,#6071,.T.);
#6071 = EDGE_CURVE('',#6044,#6072,#6074,.T.);
#6072 = VERTEX_POINT('',#6073);
#6073 = CARTESIAN_POINT('',(396.97129217786,27.,288.97830729433));
#6074 = SURFACE_CURVE('',#6075,(#6079,#6086),.PCURVE_S1.);
#6075 = LINE('',#6076,#6077);
#6076 = CARTESIAN_POINT('',(371.51012549414,27.,269.59457723265));
#6077 = VECTOR('',#6078,1.);
#6078 = DIRECTION('',(0.795661458866,0.,0.605741564427));
#6079 = PCURVE('',#6019,#6080);
#6080 = DEFINITIONAL_REPRESENTATION('',(#6081),#6085);
#6081 = LINE('',#6082,#6083);
#6082 = CARTESIAN_POINT('',(0.,-10.));
#6083 = VECTOR('',#6084,1.);
#6084 = DIRECTION('',(1.,0.));
#6085 = ( GEOMETRIC_REPRESENTATION_CONTEXT(2) 
PARAMETRIC_REPRESENTATION_CONTEXT() REPRESENTATION_CONTEXT('2D SPACE',''
  ) );
#6086 = PCURVE('',#6087,#6092);
#6087 = PLANE('',#6088);
#6088 = AXIS2_PLACEMENT_3D('',#6089,#6090,#6091);
#6089 = CARTESIAN_POINT('',(371.51012549414,27.,269.59457723265));
#6090 = DIRECTION('',(-0.605741564427,0.,0.795661458866));
#6091 = DIRECTION('',(0.795661458866,0.,0.605741564427));
#6092 = DEFINITIONAL_REPRESENTATION('',(#6093),#6097);
#6093 = LINE('',#6094,#6095);
#6094 = CARTESIAN_POINT('',(0.,0.));
#6095 = VECTOR('',#6096,1.);
#6096 = DIRECTION('',(1.,0.));
#6097 = ( GEOMETRIC_REPRESENTATION_CONTEXT(2) 
PARAMETRIC_REPRESENTATION_CONTEXT() REPRESENTATION_CONTEXT('2D SPACE',''
  ) );
#6098 = ORIENTED_EDGE('',*,*,#6099,.F.);
#6099 = EDGE_CURVE('',#6011,#6072,#6100,.T.);
#6100 = SURFACE_CURVE('',#6101,(#6105,#6112),.PCURVE_S1.);
#6101 = LINE('',#6102,#6103);
#6102 = CARTESIAN_POINT('',(403.02870782213,27.,281.02169270566));
#6103 = VECTOR('',#6104,1.);
#6104 = DIRECTION('',(-0.605741564427,0.,0.795661458866));
#6105 = PCURVE('',#6019,#6106);
#6106 = DEFINITIONAL_REPRESENTATION('',(#6107),#6111);
#6107 = LINE('',#6108,#6109);
#6108 = CARTESIAN_POINT('',(32.,0.));
#6109 = VECTOR('',#6110,1.);
#6110 = DIRECTION('',(0.,-1.));
#6111 = ( GEOMETRIC_REPRESENTATION_CONTEXT(2) 
PARAMETRIC_REPRESENTATION_CONTEXT() REPRESENTATION_CONTEXT('2D SPACE',''
  ) );
#6112 = PCURVE('',#6113,#6118);
#6113 = PLANE('',#6114);
#6114 = AXIS2_PLACEMENT_3D('',#6115,#6116,#6117);
#6115 = CARTESIAN_POINT('',(403.02870782213,27.,281.02169270566));
#6116 = DIRECTION('',(0.795661458866,0.,0.605741564427));
#6117 = DIRECTION('',(-0.,1.,0.));
#6118 = DEFINITIONAL_REPRESENTATION('',(#6119),#6123);
#6119 = LINE('',#6120,#6121);
#6120 = CARTESIAN_POINT('',(0.,0.));
#6121 = VECTOR('',#6122,1.);
#6122 = DIRECTION('',(0.,1.));
#6123 = ( GEOMETRIC_REPRESENTATION_CONTEXT(2) 
PARAMETRIC_REPRESENTATION_CONTEXT() REPRESENTATION_CONTEXT('2D SPACE',''
  ) );
#6124 = ADVANCED_FACE('',(#6125),#6139,.T.);
#6125 = FACE_BOUND('',#6126,.T.);
#6126 = EDGE_LOOP('',(#6127,#6157,#6180,#6203));
#6127 = ORIENTED_EDGE('',*,*,#6128,.F.);
#6128 = EDGE_CURVE('',#6129,#6131,#6133,.T.);
#6129 = VERTEX_POINT('',#6130);
#6130 = CARTESIAN_POINT('',(377.56754113841,33.,261.63796264399));
#6131 = VERTEX_POINT('',#6132);
#6132 = CARTESIAN_POINT('',(403.02870782213,33.,281.02169270566));
#6133 = SURFACE_CURVE('',#6134,(#6138,#6150),.PCURVE_S1.);
#6134 = LINE('',#6135,#6136);
#6135 = CARTESIAN_POINT('',(377.56754113841,33.,261.63796264399));
#6136 = VECTOR('',#6137,1.);
#6137 = DIRECTION('',(0.795661458866,0.,0.605741564427));
#6138 = PCURVE('',#6139,#6144);
#6139 = PLANE('',#6140);
#6140 = AXIS2_PLACEMENT_3D('',#6141,#6142,#6143);
#6141 = CARTESIAN_POINT('',(377.56754113841,33.,261.63796264399));
#6142 = DIRECTION('',(-0.,1.,0.));
#6143 = DIRECTION('',(0.795661458866,0.,0.605741564427));
#6144 = DEFINITIONAL_REPRESENTATION('',(#6145),#6149);
#6145 = LINE('',#6146,#6147);
#6146 = CARTESIAN_POINT('',(0.,0.));
#6147 = VECTOR('',#6148,1.);
#6148 = DIRECTION('',(1.,0.));
#6149 = ( GEOMETRIC_REPRESENTATION_CONTEXT(2) 
PARAMETRIC_REPRESENTATION_CONTEXT() REPRESENTATION_CONTEXT('2D SPACE',''
  ) );
#6150 = PCURVE('',#6031,#6151);
#6151 = DEFINITIONAL_REPRESENTATION('',(#6152),#6156);
#6152 = LINE('',#6153,#6154);
#6153 = CARTESIAN_POINT('',(0.,6.));
#6154 = VECTOR('',#6155,1.);
#6155 = DIRECTION('',(1.,0.));
#6156 = ( GEOMETRIC_REPRESENTATION_CONTEXT(2) 
PARAMETRIC_REPRESENTATION_CONTEXT() REPRESENTATION_CONTEXT('2D SPACE',''
  ) );
#6157 = ORIENTED_EDGE('',*,*,#6158,.T.);
#6158 = EDGE_CURVE('',#6129,#6159,#6161,.T.);
#6159 = VERTEX_POINT('',#6160);
#6160 = CARTESIAN_POINT('',(371.51012549414,33.,269.59457723265));
#6161 = SURFACE_CURVE('',#6162,(#6166,#6173),.PCURVE_S1.);
#6162 = LINE('',#6163,#6164);
#6163 = CARTESIAN_POINT('',(377.56754113841,33.,261.63796264399));
#6164 = VECTOR('',#6165,1.);
#6165 = DIRECTION('',(-0.605741564427,0.,0.795661458866));
#6166 = PCURVE('',#6139,#6167);
#6167 = DEFINITIONAL_REPRESENTATION('',(#6168),#6172);
#6168 = LINE('',#6169,#6170);
#6169 = CARTESIAN_POINT('',(0.,0.));
#6170 = VECTOR('',#6171,1.);
#6171 = DIRECTION('',(0.,-1.));
#6172 = ( GEOMETRIC_REPRESENTATION_CONTEXT(2) 
PARAMETRIC_REPRESENTATION_CONTEXT() REPRESENTATION_CONTEXT('2D SPACE',''
  ) );
#6173 = PCURVE('',#6059,#6174);
#6174 = DEFINITIONAL_REPRESENTATION('',(#6175),#6179);
#6175 = LINE('',#6176,#6177);
#6176 = CARTESIAN_POINT('',(6.,0.));
#6177 = VECTOR('',#6178,1.);
#6178 = DIRECTION('',(0.,1.));
#6179 = ( GEOMETRIC_REPRESENTATION_CONTEXT(2) 
PARAMETRIC_REPRESENTATION_CONTEXT() REPRESENTATION_CONTEXT('2D SPACE',''
  ) );
#6180 = ORIENTED_EDGE('',*,*,#6181,.T.);
#6181 = EDGE_CURVE('',#6159,#6182,#6184,.T.);
#6182 = VERTEX_POINT('',#6183);
#6183 = CARTESIAN_POINT('',(396.97129217786,33.,288.97830729433));
#6184 = SURFACE_CURVE('',#6185,(#6189,#6196),.PCURVE_S1.);
#6185 = LINE('',#6186,#6187);
#6186 = CARTESIAN_POINT('',(371.51012549414,33.,269.59457723265));
#6187 = VECTOR('',#6188,1.);
#6188 = DIRECTION('',(0.795661458866,0.,0.605741564427));
#6189 = PCURVE('',#6139,#6190);
#6190 = DEFINITIONAL_REPRESENTATION('',(#6191),#6195);
#6191 = LINE('',#6192,#6193);
#6192 = CARTESIAN_POINT('',(0.,-10.));
#6193 = VECTOR('',#6194,1.);
#6194 = DIRECTION('',(1.,0.));
#6195 = ( GEOMETRIC_REPRESENTATION_CONTEXT(2) 
PARAMETRIC_REPRESENTATION_CONTEXT() REPRESENTATION_CONTEXT('2D SPACE',''
  ) );
#6196 = PCURVE('',#6087,#6197);
#6197 = DEFINITIONAL_REPRESENTATION('',(#6198),#6202);
#6198 = LINE('',#6199,#6200);
#6199 = CARTESIAN_POINT('',(0.,6.));
#6200 = VECTOR('',#6201,1.);
#6201 = DIRECTION('',(1.,0.));
#6202 = ( GEOMETRIC_REPRESENTATION_CONTEXT(2) 
PARAMETRIC_REPRESENTATION_CONTEXT() REPRESENTATION_CONTEXT('2D SPACE',''
  ) );
#6203 = ORIENTED_EDGE('',*,*,#6204,.F.);
#6204 = EDGE_CURVE('',#6131,#6182,#6205,.T.);
#6205 = SURFACE_CURVE('',#6206,(#6210,#6217),.PCURVE_S1.);
#6206 = LINE('',#6207,#6208);
#6207 = CARTESIAN_POINT('',(403.02870782213,33.,281.02169270566));
#6208 = VECTOR('',#6209,1.);
#6209 = DIRECTION('',(-0.605741564427,0.,0.795661458866));
#6210 = PCURVE('',#6139,#6211);
#6211 = DEFINITIONAL_REPRESENTATION('',(#6212),#6216);
#6212 = LINE('',#6213,#6214);
#6213 = CARTESIAN_POINT('',(32.,0.));
#6214 = VECTOR('',#6215,1.);
#6215 = DIRECTION('',(0.,-1.));
#6216 = ( GEOMETRIC_REPRESENTATION_CONTEXT(2) 
PARAMETRIC_REPRESENTATION_CONTEXT() REPRESENTATION_CONTEXT('2D SPACE',''
  ) );
#6217 = PCURVE('',#6113,#6218);
#6218 = DEFINITIONAL_REPRESENTATION('',(#6219),#6223);
#6219 = LINE('',#6220,#6221);
#6220 = CARTESIAN_POINT('',(6.,0.));
#6221 = VECTOR('',#6222,1.);
#6222 = DIRECTION('',(0.,1.));
#6223 = ( GEOMETRIC_REPRESENTATION_CONTEXT(2) 
PARAMETRIC_REPRESENTATION_CONTEXT() REPRESENTATION_CONTEXT('2D SPACE',''
  ) );
#6224 = ADVANCED_FACE('',(#6225),#6031,.F.);
#6225 = FACE_BOUND('',#6226,.F.);
#6226 = EDGE_LOOP('',(#6227,#6248,#6249,#6270));
#6227 = ORIENTED_EDGE('',*,*,#6228,.F.);
#6228 = EDGE_CURVE('',#6009,#6129,#6229,.T.);
#6229 = SURFACE_CURVE('',#6230,(#6234,#6241),.PCURVE_S1.);
#6230 = LINE('',#6231,#6232);
#6231 = CARTESIAN_POINT('',(377.56754113841,27.,261.63796264399));
#6232 = VECTOR('',#6233,1.);
#6233 = DIRECTION('',(-0.,1.,0.));
#6234 = PCURVE('',#6031,#6235);
#6235 = DEFINITIONAL_REPRESENTATION('',(#6236),#6240);
#6236 = LINE('',#6237,#6238);
#6237 = CARTESIAN_POINT('',(0.,0.));
#6238 = VECTOR('',#6239,1.);
#6239 = DIRECTION('',(0.,1.));
#6240 = ( GEOMETRIC_REPRESENTATION_CONTEXT(2) 
PARAMETRIC_REPRESENTATION_CONTEXT() REPRESENTATION_CONTEXT('2D SPACE',''
  ) );
#6241 = PCURVE('',#6059,#6242);
#6242 = DEFINITIONAL_REPRESENTATION('',(#6243),#6247);
#6243 = LINE('',#6244,#6245);
#6244 = CARTESIAN_POINT('',(0.,0.));
#6245 = VECTOR('',#6246,1.);
#6246 = DIRECTION('',(1.,0.));
#6247 = ( GEOMETRIC_REPRESENTATION_CONTEXT(2) 
PARAMETRIC_REPRESENTATION_CONTEXT() REPRESENTATION_CONTEXT('2D SPACE',''
  ) );
#6248 = ORIENTED_EDGE('',*,*,#6008,.T.);
#6249 = ORIENTED_EDGE('',*,*,#6250,.T.);
#6250 = EDGE_CURVE('',#6011,#6131,#6251,.T.);
#6251 = SURFACE_CURVE('',#6252,(#6256,#6263),.PCURVE_S1.);
#6252 = LINE('',#6253,#6254);
#6253 = CARTESIAN_POINT('',(403.02870782213,27.,281.02169270566));
#6254 = VECTOR('',#6255,1.);
#6255 = DIRECTION('',(-0.,1.,0.));
#6256 = PCURVE('',#6031,#6257);
#6257 = DEFINITIONAL_REPRESENTATION('',(#6258),#6262);
#6258 = LINE('',#6259,#6260);
#6259 = CARTESIAN_POINT('',(32.,0.));
#6260 = VECTOR('',#6261,1.);
#6261 = DIRECTION('',(0.,1.));
#6262 = ( GEOMETRIC_REPRESENTATION_CONTEXT(2) 
PARAMETRIC_REPRESENTATION_CONTEXT() REPRESENTATION_CONTEXT('2D SPACE',''
  ) );
#6263 = PCURVE('',#6113,#6264);
#6264 = DEFINITIONAL_REPRESENTATION('',(#6265),#6269);
#6265 = LINE('',#6266,#6267);
#6266 = CARTESIAN_POINT('',(0.,0.));
#6267 = VECTOR('',#6268,1.);
#6268 = DIRECTION('',(1.,0.));
#6269 = ( GEOMETRIC_REPRESENTATION_CONTEXT(2) 
PARAMETRIC_REPRESENTATION_CONTEXT() REPRESENTATION_CONTEXT('2D SPACE',''
  ) );
#6270 = ORIENTED_EDGE('',*,*,#6128,.F.);
#6271 = ADVANCED_FACE('',(#6272),#6087,.T.);
#6272 = FACE_BOUND('',#6273,.T.);
#6273 = EDGE_LOOP('',(#6274,#6295,#6296,#6317));
#6274 = ORIENTED_EDGE('',*,*,#6275,.F.);
#6275 = EDGE_CURVE('',#6044,#6159,#6276,.T.);
#6276 = SURFACE_CURVE('',#6277,(#6281,#6288),.PCURVE_S1.);
#6277 = LINE('',#6278,#6279);
#6278 = CARTESIAN_POINT('',(371.51012549414,27.,269.59457723265));
#6279 = VECTOR('',#6280,1.);
#6280 = DIRECTION('',(-0.,1.,0.));
#6281 = PCURVE('',#6087,#6282);
#6282 = DEFINITIONAL_REPRESENTATION('',(#6283),#6287);
#6283 = LINE('',#6284,#6285);
#6284 = CARTESIAN_POINT('',(0.,0.));
#6285 = VECTOR('',#6286,1.);
#6286 = DIRECTION('',(0.,1.));
#6287 = ( GEOMETRIC_REPRESENTATION_CONTEXT(2) 
PARAMETRIC_REPRESENTATION_CONTEXT() REPRESENTATION_CONTEXT('2D SPACE',''
  ) );
#6288 = PCURVE('',#6059,#6289);
#6289 = DEFINITIONAL_REPRESENTATION('',(#6290),#6294);
#6290 = LINE('',#6291,#6292);
#6291 = CARTESIAN_POINT('',(0.,10.));
#6292 = VECTOR('',#6293,1.);
#6293 = DIRECTION('',(1.,0.));
#6294 = ( GEOMETRIC_REPRESENTATION_CONTEXT(2) 
PARAMETRIC_REPRESENTATION_CONTEXT() REPRESENTATION_CONTEXT('2D SPACE',''
  ) );
#6295 = ORIENTED_EDGE('',*,*,#6071,.T.);
#6296 = ORIENTED_EDGE('',*,*,#6297,.T.);
#6297 = EDGE_CURVE('',#6072,#6182,#6298,.T.);
#6298 = SURFACE_CURVE('',#6299,(#6303,#6310),.PCURVE_S1.);
#6299 = LINE('',#6300,#6301);
#6300 = CARTESIAN_POINT('',(396.97129217786,27.,288.97830729433));
#6301 = VECTOR('',#6302,1.);
#6302 = DIRECTION('',(-0.,1.,0.));
#6303 = PCURVE('',#6087,#6304);
#6304 = DEFINITIONAL_REPRESENTATION('',(#6305),#6309);
#6305 = LINE('',#6306,#6307);
#6306 = CARTESIAN_POINT('',(32.,0.));
#6307 = VECTOR('',#6308,1.);
#6308 = DIRECTION('',(0.,1.));
#6309 = ( GEOMETRIC_REPRESENTATION_CONTEXT(2) 
PARAMETRIC_REPRESENTATION_CONTEXT() REPRESENTATION_CONTEXT('2D SPACE',''
  ) );
#6310 = PCURVE('',#6113,#6311);
#6311 = DEFINITIONAL_REPRESENTATION('',(#6312),#6316);
#6312 = LINE('',#6313,#6314);
#6313 = CARTESIAN_POINT('',(0.,10.));
#6314 = VECTOR('',#6315,1.);
#6315 = DIRECTION('',(1.,0.));
#6316 = ( GEOMETRIC_REPRESENTATION_CONTEXT(2) 
PARAMETRIC_REPRESENTATION_CONTEXT() REPRESENTATION_CONTEXT('2D SPACE',''
  ) );
#6317 = ORIENTED_EDGE('',*,*,#6181,.F.);
#6318 = ADVANCED_FACE('',(#6319),#6059,.F.);
#6319 = FACE_BOUND('',#6320,.F.);
#6320 = EDGE_LOOP('',(#6321,#6322,#6323,#6324));
#6321 = ORIENTED_EDGE('',*,*,#6043,.F.);
#6322 = ORIENTED_EDGE('',*,*,#6228,.T.);
#6323 = ORIENTED_EDGE('',*,*,#6158,.T.);
#6324 = ORIENTED_EDGE('',*,*,#6275,.F.);
#6325 = ADVANCED_FACE('',(#6326),#6113,.T.);
#6326 = FACE_BOUND('',#6327,.T.);
#6327 = EDGE_LOOP('',(#6328,#6329,#6330,#6331));
#6328 = ORIENTED_EDGE('',*,*,#6099,.F.);
#6329 = ORIENTED_EDGE('',*,*,#6250,.T.);
#6330 = ORIENTED_EDGE('',*,*,#6204,.T.);
#6331 = ORIENTED_EDGE('',*,*,#6297,.F.);
#6332 = MANIFOLD_SOLID_BREP('',#6333);
#6333 = CLOSED_SHELL('',(#6334,#6454,#6554,#6601,#6648,#6655));
#6334 = ADVANCED_FACE('',(#6335),#6349,.F.);
#6335 = FACE_BOUND('',#6336,.F.);
#6336 = EDGE_LOOP('',(#6337,#6372,#6400,#6428));
#6337 = ORIENTED_EDGE('',*,*,#6338,.F.);
#6338 = EDGE_CURVE('',#6339,#6341,#6343,.T.);
#6339 = VERTEX_POINT('',#6340);
#6340 = CARTESIAN_POINT('',(377.56754113841,-33.,261.63796264399));
#6341 = VERTEX_POINT('',#6342);
#6342 = CARTESIAN_POINT('',(403.02870782213,-33.,281.02169270566));
#6343 = SURFACE_CURVE('',#6344,(#6348,#6360),.PCURVE_S1.);
#6344 = LINE('',#6345,#6346);
#6345 = CARTESIAN_POINT('',(377.56754113841,-33.,261.63796264399));
#6346 = VECTOR('',#6347,1.);
#6347 = DIRECTION('',(0.795661458866,0.,0.605741564427));
#6348 = PCURVE('',#6349,#6354);
#6349 = PLANE('',#6350);
#6350 = AXIS2_PLACEMENT_3D('',#6351,#6352,#6353);
#6351 = CARTESIAN_POINT('',(377.56754113841,-33.,261.63796264399));
#6352 = DIRECTION('',(-0.,1.,0.));
#6353 = DIRECTION('',(0.795661458866,0.,0.605741564427));
#6354 = DEFINITIONAL_REPRESENTATION('',(#6355),#6359);
#6355 = LINE('',#6356,#6357);
#6356 = CARTESIAN_POINT('',(0.,0.));
#6357 = VECTOR('',#6358,1.);
#6358 = DIRECTION('',(1.,0.));
#6359 = ( GEOMETRIC_REPRESENTATION_CONTEXT(2) 
PARAMETRIC_REPRESENTATION_CONTEXT() REPRESENTATION_CONTEXT('2D SPACE',''
  ) );
#6360 = PCURVE('',#6361,#6366);
#6361 = PLANE('',#6362);
#6362 = AXIS2_PLACEMENT_3D('',#6363,#6364,#6365);
#6363 = CARTESIAN_POINT('',(377.56754113841,-33.,261.63796264399));
#6364 = DIRECTION('',(-0.605741564427,0.,0.795661458866));
#6365 = DIRECTION('',(0.795661458866,0.,0.605741564427));
#6366 = DEFINITIONAL_REPRESENTATION('',(#6367),#6371);
#6367 = LINE('',#6368,#6369);
#6368 = CARTESIAN_POINT('',(0.,0.));
#6369 = VECTOR('',#6370,1.);
#6370 = DIRECTION('',(1.,0.));
#6371 = ( GEOMETRIC_REPRESENTATION_CONTEXT(2) 
PARAMETRIC_REPRESENTATION_CONTEXT() REPRESENTATION_CONTEXT('2D SPACE',''
  ) );
#6372 = ORIENTED_EDGE('',*,*,#6373,.T.);
#6373 = EDGE_CURVE('',#6339,#6374,#6376,.T.);
#6374 = VERTEX_POINT('',#6375);
#6375 = CARTESIAN_POINT('',(371.51012549414,-33.,269.59457723265));
#6376 = SURFACE_CURVE('',#6377,(#6381,#6388),.PCURVE_S1.);
#6377 = LINE('',#6378,#6379);
#6378 = CARTESIAN_POINT('',(377.56754113841,-33.,261.63796264399));
#6379 = VECTOR('',#6380,1.);
#6380 = DIRECTION('',(-0.605741564427,0.,0.795661458866));
#6381 = PCURVE('',#6349,#6382);
#6382 = DEFINITIONAL_REPRESENTATION('',(#6383),#6387);
#6383 = LINE('',#6384,#6385);
#6384 = CARTESIAN_POINT('',(0.,0.));
#6385 = VECTOR('',#6386,1.);
#6386 = DIRECTION('',(0.,-1.));
#6387 = ( GEOMETRIC_REPRESENTATION_CONTEXT(2) 
PARAMETRIC_REPRESENTATION_CONTEXT() REPRESENTATION_CONTEXT('2D SPACE',''
  ) );
#6388 = PCURVE('',#6389,#6394);
#6389 = PLANE('',#6390);
#6390 = AXIS2_PLACEMENT_3D('',#6391,#6392,#6393);
#6391 = CARTESIAN_POINT('',(377.56754113841,-33.,261.63796264399));
#6392 = DIRECTION('',(0.795661458866,0.,0.605741564427));
#6393 = DIRECTION('',(-0.,1.,0.));
#6394 = DEFINITIONAL_REPRESENTATION('',(#6395),#6399);
#6395 = LINE('',#6396,#6397);
#6396 = CARTESIAN_POINT('',(0.,0.));
#6397 = VECTOR('',#6398,1.);
#6398 = DIRECTION('',(0.,1.));
#6399 = ( GEOMETRIC_REPRESENTATION_CONTEXT(2) 
PARAMETRIC_REPRESENTATION_CONTEXT() REPRESENTATION_CONTEXT('2D SPACE',''
  ) );
#6400 = ORIENTED_EDGE('',*,*,#6401,.T.);
#6401 = EDGE_CURVE('',#6374,#6402,#6404,.T.);
#6402 = VERTEX_POINT('',#6403);
#6403 = CARTESIAN_POINT('',(396.97129217786,-33.,288.97830729433));
#6404 = SURFACE_CURVE('',#6405,(#6409,#6416),.PCURVE_S1.);
#6405 = LINE('',#6406,#6407);
#6406 = CARTESIAN_POINT('',(371.51012549414,-33.,269.59457723265));
#6407 = VECTOR('',#6408,1.);
#6408 = DIRECTION('',(0.795661458866,0.,0.605741564427));
#6409 = PCURVE('',#6349,#6410);
#6410 = DEFINITIONAL_REPRESENTATION('',(#6411),#6415);
#6411 = LINE('',#6412,#6413);
#6412 = CARTESIAN_POINT('',(0.,-10.));
#6413 = VECTOR('',#6414,1.);
#6414 = DIRECTION('',(1.,0.));
#6415 = ( GEOMETRIC_REPRESENTATION_CONTEXT(2) 
PARAMETRIC_REPRESENTATION_CONTEXT() REPRESENTATION_CONTEXT('2D SPACE',''
  ) );
#6416 = PCURVE('',#6417,#6422);
#6417 = PLANE('',#6418);
#6418 = AXIS2_PLACEMENT_3D('',#6419,#6420,#6421);
#6419 = CARTESIAN_POINT('',(371.51012549414,-33.,269.59457723265));
#6420 = DIRECTION('',(-0.605741564427,0.,0.795661458866));
#6421 = DIRECTION('',(0.795661458866,0.,0.605741564427));
#6422 = DEFINITIONAL_REPRESENTATION('',(#6423),#6427);
#6423 = LINE('',#6424,#6425);
#6424 = CARTESIAN_POINT('',(0.,0.));
#6425 = VECTOR('',#6426,1.);
#6426 = DIRECTION('',(1.,0.));
#6427 = ( GEOMETRIC_REPRESENTATION_CONTEXT(2) 
PARAMETRIC_REPRESENTATION_CONTEXT() REPRESENTATION_CONTEXT('2D SPACE',''
  ) );
#6428 = ORIENTED_EDGE('',*,*,#6429,.F.);
#6429 = EDGE_CURVE('',#6341,#6402,#6430,.T.);
#6430 = SURFACE_CURVE('',#6431,(#6435,#6442),.PCURVE_S1.);
#6431 = LINE('',#6432,#6433);
#6432 = CARTESIAN_POINT('',(403.02870782213,-33.,281.02169270566));
#6433 = VECTOR('',#6434,1.);
#6434 = DIRECTION('',(-0.605741564427,0.,0.795661458866));
#6435 = PCURVE('',#6349,#6436);
#6436 = DEFINITIONAL_REPRESENTATION('',(#6437),#6441);
#6437 = LINE('',#6438,#6439);
#6438 = CARTESIAN_POINT('',(32.,0.));
#6439 = VECTOR('',#6440,1.);
#6440 = DIRECTION('',(0.,-1.));
#6441 = ( GEOMETRIC_REPRESENTATION_CONTEXT(2) 
PARAMETRIC_REPRESENTATION_CONTEXT() REPRESENTATION_CONTEXT('2D SPACE',''
  ) );
#6442 = PCURVE('',#6443,#6448);
#6443 = PLANE('',#6444);
#6444 = AXIS2_PLACEMENT_3D('',#6445,#6446,#6447);
#6445 = CARTESIAN_POINT('',(403.02870782213,-33.,281.02169270566));
#6446 = DIRECTION('',(0.795661458866,0.,0.605741564427));
#6447 = DIRECTION('',(-0.,1.,0.));
#6448 = DEFINITIONAL_REPRESENTATION('',(#6449),#6453);
#6449 = LINE('',#6450,#6451);
#6450 = CARTESIAN_POINT('',(0.,0.));
#6451 = VECTOR('',#6452,1.);
#6452 = DIRECTION('',(0.,1.));
#6453 = ( GEOMETRIC_REPRESENTATION_CONTEXT(2) 
PARAMETRIC_REPRESENTATION_CONTEXT() REPRESENTATION_CONTEXT('2D SPACE',''
  ) );
#6454 = ADVANCED_FACE('',(#6455),#6469,.T.);
#6455 = FACE_BOUND('',#6456,.T.);
#6456 = EDGE_LOOP('',(#6457,#6487,#6510,#6533));
#6457 = ORIENTED_EDGE('',*,*,#6458,.F.);
#6458 = EDGE_CURVE('',#6459,#6461,#6463,.T.);
#6459 = VERTEX_POINT('',#6460);
#6460 = CARTESIAN_POINT('',(377.56754113841,-27.,261.63796264399));
#6461 = VERTEX_POINT('',#6462);
#6462 = CARTESIAN_POINT('',(403.02870782213,-27.,281.02169270566));
#6463 = SURFACE_CURVE('',#6464,(#6468,#6480),.PCURVE_S1.);
#6464 = LINE('',#6465,#6466);
#6465 = CARTESIAN_POINT('',(377.56754113841,-27.,261.63796264399));
#6466 = VECTOR('',#6467,1.);
#6467 = DIRECTION('',(0.795661458866,0.,0.605741564427));
#6468 = PCURVE('',#6469,#6474);
#6469 = PLANE('',#6470);
#6470 = AXIS2_PLACEMENT_3D('',#6471,#6472,#6473);
#6471 = CARTESIAN_POINT('',(377.56754113841,-27.,261.63796264399));
#6472 = DIRECTION('',(-0.,1.,0.));
#6473 = DIRECTION('',(0.795661458866,0.,0.605741564427));
#6474 = DEFINITIONAL_REPRESENTATION('',(#6475),#6479);
#6475 = LINE('',#6476,#6477);
#6476 = CARTESIAN_POINT('',(0.,0.));
#6477 = VECTOR('',#6478,1.);
#6478 = DIRECTION('',(1.,0.));
#6479 = ( GEOMETRIC_REPRESENTATION_CONTEXT(2) 
PARAMETRIC_REPRESENTATION_CONTEXT() REPRESENTATION_CONTEXT('2D SPACE',''
  ) );
#6480 = PCURVE('',#6361,#6481);
#6481 = DEFINITIONAL_REPRESENTATION('',(#6482),#6486);
#6482 = LINE('',#6483,#6484);
#6483 = CARTESIAN_POINT('',(0.,6.));
#6484 = VECTOR('',#6485,1.);
#6485 = DIRECTION('',(1.,0.));
#6486 = ( GEOMETRIC_REPRESENTATION_CONTEXT(2) 
PARAMETRIC_REPRESENTATION_CONTEXT() REPRESENTATION_CONTEXT('2D SPACE',''
  ) );
#6487 = ORIENTED_EDGE('',*,*,#6488,.T.);
#6488 = EDGE_CURVE('',#6459,#6489,#6491,.T.);
#6489 = VERTEX_POINT('',#6490);
#6490 = CARTESIAN_POINT('',(371.51012549414,-27.,269.59457723265));
#6491 = SURFACE_CURVE('',#6492,(#6496,#6503),.PCURVE_S1.);
#6492 = LINE('',#6493,#6494);
#6493 = CARTESIAN_POINT('',(377.56754113841,-27.,261.63796264399));
#6494 = VECTOR('',#6495,1.);
#6495 = DIRECTION('',(-0.605741564427,0.,0.795661458866));
#6496 = PCURVE('',#6469,#6497);
#6497 = DEFINITIONAL_REPRESENTATION('',(#6498),#6502);
#6498 = LINE('',#6499,#6500);
#6499 = CARTESIAN_POINT('',(0.,0.));
#6500 = VECTOR('',#6501,1.);
#6501 = DIRECTION('',(0.,-1.));
#6502 = ( GEOMETRIC_REPRESENTATION_CONTEXT(2) 
PARAMETRIC_REPRESENTATION_CONTEXT() REPRESENTATION_CONTEXT('2D SPACE',''
  ) );
#6503 = PCURVE('',#6389,#6504);
#6504 = DEFINITIONAL_REPRESENTATION('',(#6505),#6509);
#6505 = LINE('',#6506,#6507);
#6506 = CARTESIAN_POINT('',(6.,0.));
#6507 = VECTOR('',#6508,1.);
#6508 = DIRECTION('',(0.,1.));
#6509 = ( GEOMETRIC_REPRESENTATION_CONTEXT(2) 
PARAMETRIC_REPRESENTATION_CONTEXT() REPRESENTATION_CONTEXT('2D SPACE',''
  ) );
#6510 = ORIENTED_EDGE('',*,*,#6511,.T.);
#6511 = EDGE_CURVE('',#6489,#6512,#6514,.T.);
#6512 = VERTEX_POINT('',#6513);
#6513 = CARTESIAN_POINT('',(396.97129217786,-27.,288.97830729433));
#6514 = SURFACE_CURVE('',#6515,(#6519,#6526),.PCURVE_S1.);
#6515 = LINE('',#6516,#6517);
#6516 = CARTESIAN_POINT('',(371.51012549414,-27.,269.59457723265));
#6517 = VECTOR('',#6518,1.);
#6518 = DIRECTION('',(0.795661458866,0.,0.605741564427));
#6519 = PCURVE('',#6469,#6520);
#6520 = DEFINITIONAL_REPRESENTATION('',(#6521),#6525);
#6521 = LINE('',#6522,#6523);
#6522 = CARTESIAN_POINT('',(0.,-10.));
#6523 = VECTOR('',#6524,1.);
#6524 = DIRECTION('',(1.,0.));
#6525 = ( GEOMETRIC_REPRESENTATION_CONTEXT(2) 
PARAMETRIC_REPRESENTATION_CONTEXT() REPRESENTATION_CONTEXT('2D SPACE',''
  ) );
#6526 = PCURVE('',#6417,#6527);
#6527 = DEFINITIONAL_REPRESENTATION('',(#6528),#6532);
#6528 = LINE('',#6529,#6530);
#6529 = CARTESIAN_POINT('',(0.,6.));
#6530 = VECTOR('',#6531,1.);
#6531 = DIRECTION('',(1.,0.));
#6532 = ( GEOMETRIC_REPRESENTATION_CONTEXT(2) 
PARAMETRIC_REPRESENTATION_CONTEXT() REPRESENTATION_CONTEXT('2D SPACE',''
  ) );
#6533 = ORIENTED_EDGE('',*,*,#6534,.F.);
#6534 = EDGE_CURVE('',#6461,#6512,#6535,.T.);
#6535 = SURFACE_CURVE('',#6536,(#6540,#6547),.PCURVE_S1.);
#6536 = LINE('',#6537,#6538);
#6537 = CARTESIAN_POINT('',(403.02870782213,-27.,281.02169270566));
#6538 = VECTOR('',#6539,1.);
#6539 = DIRECTION('',(-0.605741564427,0.,0.795661458866));
#6540 = PCURVE('',#6469,#6541);
#6541 = DEFINITIONAL_REPRESENTATION('',(#6542),#6546);
#6542 = LINE('',#6543,#6544);
#6543 = CARTESIAN_POINT('',(32.,0.));
#6544 = VECTOR('',#6545,1.);
#6545 = DIRECTION('',(0.,-1.));
#6546 = ( GEOMETRIC_REPRESENTATION_CONTEXT(2) 
PARAMETRIC_REPRESENTATION_CONTEXT() REPRESENTATION_CONTEXT('2D SPACE',''
  ) );
#6547 = PCURVE('',#6443,#6548);
#6548 = DEFINITIONAL_REPRESENTATION('',(#6549),#6553);
#6549 = LINE('',#6550,#6551);
#6550 = CARTESIAN_POINT('',(6.,0.));
#6551 = VECTOR('',#6552,1.);
#6552 = DIRECTION('',(0.,1.));
#6553 = ( GEOMETRIC_REPRESENTATION_CONTEXT(2) 
PARAMETRIC_REPRESENTATION_CONTEXT() REPRESENTATION_CONTEXT('2D SPACE',''
  ) );
#6554 = ADVANCED_FACE('',(#6555),#6361,.F.);
#6555 = FACE_BOUND('',#6556,.F.);
#6556 = EDGE_LOOP('',(#6557,#6578,#6579,#6600));
#6557 = ORIENTED_EDGE('',*,*,#6558,.F.);
#6558 = EDGE_CURVE('',#6339,#6459,#6559,.T.);
#6559 = SURFACE_CURVE('',#6560,(#6564,#6571),.PCURVE_S1.);
#6560 = LINE('',#6561,#6562);
#6561 = CARTESIAN_POINT('',(377.56754113841,-33.,261.63796264399));
#6562 = VECTOR('',#6563,1.);
#6563 = DIRECTION('',(-0.,1.,0.));
#6564 = PCURVE('',#6361,#6565);
#6565 = DEFINITIONAL_REPRESENTATION('',(#6566),#6570);
#6566 = LINE('',#6567,#6568);
#6567 = CARTESIAN_POINT('',(0.,0.));
#6568 = VECTOR('',#6569,1.);
#6569 = DIRECTION('',(0.,1.));
#6570 = ( GEOMETRIC_REPRESENTATION_CONTEXT(2) 
PARAMETRIC_REPRESENTATION_CONTEXT() REPRESENTATION_CONTEXT('2D SPACE',''
  ) );
#6571 = PCURVE('',#6389,#6572);
#6572 = DEFINITIONAL_REPRESENTATION('',(#6573),#6577);
#6573 = LINE('',#6574,#6575);
#6574 = CARTESIAN_POINT('',(0.,0.));
#6575 = VECTOR('',#6576,1.);
#6576 = DIRECTION('',(1.,0.));
#6577 = ( GEOMETRIC_REPRESENTATION_CONTEXT(2) 
PARAMETRIC_REPRESENTATION_CONTEXT() REPRESENTATION_CONTEXT('2D SPACE',''
  ) );
#6578 = ORIENTED_EDGE('',*,*,#6338,.T.);
#6579 = ORIENTED_EDGE('',*,*,#6580,.T.);
#6580 = EDGE_CURVE('',#6341,#6461,#6581,.T.);
#6581 = SURFACE_CURVE('',#6582,(#6586,#6593),.PCURVE_S1.);
#6582 = LINE('',#6583,#6584);
#6583 = CARTESIAN_POINT('',(403.02870782213,-33.,281.02169270566));
#6584 = VECTOR('',#6585,1.);
#6585 = DIRECTION('',(-0.,1.,0.));
#6586 = PCURVE('',#6361,#6587);
#6587 = DEFINITIONAL_REPRESENTATION('',(#6588),#6592);
#6588 = LINE('',#6589,#6590);
#6589 = CARTESIAN_POINT('',(32.,0.));
#6590 = VECTOR('',#6591,1.);
#6591 = DIRECTION('',(0.,1.));
#6592 = ( GEOMETRIC_REPRESENTATION_CONTEXT(2) 
PARAMETRIC_REPRESENTATION_CONTEXT() REPRESENTATION_CONTEXT('2D SPACE',''
  ) );
#6593 = PCURVE('',#6443,#6594);
#6594 = DEFINITIONAL_REPRESENTATION('',(#6595),#6599);
#6595 = LINE('',#6596,#6597);
#6596 = CARTESIAN_POINT('',(0.,0.));
#6597 = VECTOR('',#6598,1.);
#6598 = DIRECTION('',(1.,0.));
#6599 = ( GEOMETRIC_REPRESENTATION_CONTEXT(2) 
PARAMETRIC_REPRESENTATION_CONTEXT() REPRESENTATION_CONTEXT('2D SPACE',''
  ) );
#6600 = ORIENTED_EDGE('',*,*,#6458,.F.);
#6601 = ADVANCED_FACE('',(#6602),#6417,.T.);
#6602 = FACE_BOUND('',#6603,.T.);
#6603 = EDGE_LOOP('',(#6604,#6625,#6626,#6647));
#6604 = ORIENTED_EDGE('',*,*,#6605,.F.);
#6605 = EDGE_CURVE('',#6374,#6489,#6606,.T.);
#6606 = SURFACE_CURVE('',#6607,(#6611,#6618),.PCURVE_S1.);
#6607 = LINE('',#6608,#6609);
#6608 = CARTESIAN_POINT('',(371.51012549414,-33.,269.59457723265));
#6609 = VECTOR('',#6610,1.);
#6610 = DIRECTION('',(-0.,1.,0.));
#6611 = PCURVE('',#6417,#6612);
#6612 = DEFINITIONAL_REPRESENTATION('',(#6613),#6617);
#6613 = LINE('',#6614,#6615);
#6614 = CARTESIAN_POINT('',(0.,0.));
#6615 = VECTOR('',#6616,1.);
#6616 = DIRECTION('',(0.,1.));
#6617 = ( GEOMETRIC_REPRESENTATION_CONTEXT(2) 
PARAMETRIC_REPRESENTATION_CONTEXT() REPRESENTATION_CONTEXT('2D SPACE',''
  ) );
#6618 = PCURVE('',#6389,#6619);
#6619 = DEFINITIONAL_REPRESENTATION('',(#6620),#6624);
#6620 = LINE('',#6621,#6622);
#6621 = CARTESIAN_POINT('',(0.,10.));
#6622 = VECTOR('',#6623,1.);
#6623 = DIRECTION('',(1.,0.));
#6624 = ( GEOMETRIC_REPRESENTATION_CONTEXT(2) 
PARAMETRIC_REPRESENTATION_CONTEXT() REPRESENTATION_CONTEXT('2D SPACE',''
  ) );
#6625 = ORIENTED_EDGE('',*,*,#6401,.T.);
#6626 = ORIENTED_EDGE('',*,*,#6627,.T.);
#6627 = EDGE_CURVE('',#6402,#6512,#6628,.T.);
#6628 = SURFACE_CURVE('',#6629,(#6633,#6640),.PCURVE_S1.);
#6629 = LINE('',#6630,#6631);
#6630 = CARTESIAN_POINT('',(396.97129217786,-33.,288.97830729433));
#6631 = VECTOR('',#6632,1.);
#6632 = DIRECTION('',(-0.,1.,0.));
#6633 = PCURVE('',#6417,#6634);
#6634 = DEFINITIONAL_REPRESENTATION('',(#6635),#6639);
#6635 = LINE('',#6636,#6637);
#6636 = CARTESIAN_POINT('',(32.,0.));
#6637 = VECTOR('',#6638,1.);
#6638 = DIRECTION('',(0.,1.));
#6639 = ( GEOMETRIC_REPRESENTATION_CONTEXT(2) 
PARAMETRIC_REPRESENTATION_CONTEXT() REPRESENTATION_CONTEXT('2D SPACE',''
  ) );
#6640 = PCURVE('',#6443,#6641);
#6641 = DEFINITIONAL_REPRESENTATION('',(#6642),#6646);
#6642 = LINE('',#6643,#6644);
#6643 = CARTESIAN_POINT('',(0.,10.));
#6644 = VECTOR('',#6645,1.);
#6645 = DIRECTION('',(1.,0.));
#6646 = ( GEOMETRIC_REPRESENTATION_CONTEXT(2) 
PARAMETRIC_REPRESENTATION_CONTEXT() REPRESENTATION_CONTEXT('2D SPACE',''
  ) );
#6647 = ORIENTED_EDGE('',*,*,#6511,.F.);
#6648 = ADVANCED_FACE('',(#6649),#6389,.F.);
#6649 = FACE_BOUND('',#6650,.F.);
#6650 = EDGE_LOOP('',(#6651,#6652,#6653,#6654));
#6651 = ORIENTED_EDGE('',*,*,#6373,.F.);
#6652 = ORIENTED_EDGE('',*,*,#6558,.T.);
#6653 = ORIENTED_EDGE('',*,*,#6488,.T.);
#6654 = ORIENTED_EDGE('',*,*,#6605,.F.);
#6655 = ADVANCED_FACE('',(#6656),#6443,.T.);
#6656 = FACE_BOUND('',#6657,.T.);
#6657 = EDGE_LOOP('',(#6658,#6659,#6660,#6661));
#6658 = ORIENTED_EDGE('',*,*,#6429,.F.);
#6659 = ORIENTED_EDGE('',*,*,#6580,.T.);
#6660 = ORIENTED_EDGE('',*,*,#6534,.T.);
#6661 = ORIENTED_EDGE('',*,*,#6627,.F.);
#6662 = ( GEOMETRIC_REPRESENTATION_CONTEXT(3) 
GLOBAL_UNCERTAINTY_ASSIGNED_CONTEXT((#6666)) 
GLOBAL_UNIT_ASSIGNED_CONTEXT((#6663,#6664,#6665)) REPRESENTATION_CONTEXT
('Context #1','3D Context with UNIT and UNCERTAINTY') );
#6663 = ( LENGTH_UNIT() NAMED_UNIT(*) SI_UNIT(.MILLI.,.METRE.) );
#6664 = ( NAMED_UNIT(*) PLANE_ANGLE_UNIT() SI_UNIT($,.RADIAN.) );
#6665 = ( NAMED_UNIT(*) SI_UNIT($,.STERADIAN.) SOLID_ANGLE_UNIT() );
#6666 = UNCERTAINTY_MEASURE_WITH_UNIT(LENGTH_MEASURE(1.E-07),#6663,
  'distance_accuracy_value','confusion accuracy');
#6667 = CONTEXT_DEPENDENT_SHAPE_REPRESENTATION(#6668,#6670);
#6668 = ( REPRESENTATION_RELATIONSHIP('','',#5133,#10) 
REPRESENTATION_RELATIONSHIP_WITH_TRANSFORMATION(#6669) 
SHAPE_REPRESENTATION_RELATIONSHIP() );
#6669 = ITEM_DEFINED_TRANSFORMATION('','',#11,#27);
#6670 = PRODUCT_DEFINITION_SHAPE('Placement','Placement of an item',
  #6671);
#6671 = NEXT_ASSEMBLY_USAGE_OCCURRENCE('300',
  'actuator_A1_limit_moving_striker','',#5,#5128,$);
#6672 = PRODUCT_RELATED_PRODUCT_CATEGORY('part',$,(#5130));
#6673 = SHAPE_DEFINITION_REPRESENTATION(#6674,#6680);
#6674 = PRODUCT_DEFINITION_SHAPE('','',#6675);
#6675 = PRODUCT_DEFINITION('design','',#6676,#6679);
#6676 = PRODUCT_DEFINITION_FORMATION('','',#6677);
#6677 = PRODUCT('actuator_A1_external_mechanical_stops',
  'actuator_A1_external_mechanical_stops','',(#6678));
#6678 = PRODUCT_CONTEXT('',#2,'mechanical');
#6679 = PRODUCT_DEFINITION_CONTEXT('part definition',#2,'design');
#6680 = SHAPE_REPRESENTATION('',(#11,#6681,#6871,#7061,#7251),#7441);
#6681 = MANIFOLD_SOLID_BREP('',#6682);
#6682 = CLOSED_SHELL('',(#6683,#6771,#6810,#6844));
#6683 = ADVANCED_FACE('',(#6684),#6698,.T.);
#6684 = FACE_BOUND('',#6685,.F.);
#6685 = EDGE_LOOP('',(#6686,#6716,#6743,#6744));
#6686 = ORIENTED_EDGE('',*,*,#6687,.T.);
#6687 = EDGE_CURVE('',#6688,#6690,#6692,.T.);
#6688 = VERTEX_POINT('',#6689);
#6689 = CARTESIAN_POINT('',(321.35545215613,52.,207.53203827108));
#6690 = VERTEX_POINT('',#6691);
#6691 = CARTESIAN_POINT('',(330.10772820365,52.,214.19519547978));
#6692 = SEAM_CURVE('',#6693,(#6697,#6709),.PCURVE_S1.);
#6693 = LINE('',#6694,#6695);
#6694 = CARTESIAN_POINT('',(321.35545215613,52.,207.53203827108));
#6695 = VECTOR('',#6696,1.);
#6696 = DIRECTION('',(0.795661458866,0.,0.605741564427));
#6697 = PCURVE('',#6698,#6703);
#6698 = CYLINDRICAL_SURFACE('',#6699,14.);
#6699 = AXIS2_PLACEMENT_3D('',#6700,#6701,#6702);
#6700 = CARTESIAN_POINT('',(312.87507025414,52.,218.6712986952));
#6701 = DIRECTION('',(-0.795661458866,-0.,-0.605741564427));
#6702 = DIRECTION('',(0.605741564427,0.,-0.795661458866));
#6703 = DEFINITIONAL_REPRESENTATION('',(#6704),#6708);
#6704 = LINE('',#6705,#6706);
#6705 = CARTESIAN_POINT('',(-0.,0.));
#6706 = VECTOR('',#6707,1.);
#6707 = DIRECTION('',(-0.,-1.));
#6708 = ( GEOMETRIC_REPRESENTATION_CONTEXT(2) 
PARAMETRIC_REPRESENTATION_CONTEXT() REPRESENTATION_CONTEXT('2D SPACE',''
  ) );
#6709 = PCURVE('',#6698,#6710);
#6710 = DEFINITIONAL_REPRESENTATION('',(#6711),#6715);
#6711 = LINE('',#6712,#6713);
#6712 = CARTESIAN_POINT('',(-6.28318530718,0.));
#6713 = VECTOR('',#6714,1.);
#6714 = DIRECTION('',(-0.,-1.));
#6715 = ( GEOMETRIC_REPRESENTATION_CONTEXT(2) 
PARAMETRIC_REPRESENTATION_CONTEXT() REPRESENTATION_CONTEXT('2D SPACE',''
  ) );
#6716 = ORIENTED_EDGE('',*,*,#6717,.T.);
#6717 = EDGE_CURVE('',#6690,#6690,#6718,.T.);
#6718 = SURFACE_CURVE('',#6719,(#6724,#6731),.PCURVE_S1.);
#6719 = CIRCLE('',#6720,14.);
#6720 = AXIS2_PLACEMENT_3D('',#6721,#6722,#6723);
#6721 = CARTESIAN_POINT('',(321.62734630167,52.,225.3344559039));
#6722 = DIRECTION('',(0.795661458866,-0.,0.605741564427));
#6723 = DIRECTION('',(0.605741564427,0.,-0.795661458866));
#6724 = PCURVE('',#6698,#6725);
#6725 = DEFINITIONAL_REPRESENTATION('',(#6726),#6730);
#6726 = LINE('',#6727,#6728);
#6727 = CARTESIAN_POINT('',(-0.,-11.));
#6728 = VECTOR('',#6729,1.);
#6729 = DIRECTION('',(-1.,0.));
#6730 = ( GEOMETRIC_REPRESENTATION_CONTEXT(2) 
PARAMETRIC_REPRESENTATION_CONTEXT() REPRESENTATION_CONTEXT('2D SPACE',''
  ) );
#6731 = PCURVE('',#6732,#6737);
#6732 = PLANE('',#6733);
#6733 = AXIS2_PLACEMENT_3D('',#6734,#6735,#6736);
#6734 = CARTESIAN_POINT('',(321.62734630167,52.,225.3344559039));
#6735 = DIRECTION('',(0.795661458866,0.,0.605741564427));
#6736 = DIRECTION('',(0.605741564427,0.,-0.795661458866));
#6737 = DEFINITIONAL_REPRESENTATION('',(#6738),#6742);
#6738 = CIRCLE('',#6739,14.);
#6739 = AXIS2_PLACEMENT_2D('',#6740,#6741);
#6740 = CARTESIAN_POINT('',(0.,0.));
#6741 = DIRECTION('',(1.,0.));
#6742 = ( GEOMETRIC_REPRESENTATION_CONTEXT(2) 
PARAMETRIC_REPRESENTATION_CONTEXT() REPRESENTATION_CONTEXT('2D SPACE',''
  ) );
#6743 = ORIENTED_EDGE('',*,*,#6687,.F.);
#6744 = ORIENTED_EDGE('',*,*,#6745,.F.);
#6745 = EDGE_CURVE('',#6688,#6688,#6746,.T.);
#6746 = SURFACE_CURVE('',#6747,(#6752,#6759),.PCURVE_S1.);
#6747 = CIRCLE('',#6748,14.);
#6748 = AXIS2_PLACEMENT_3D('',#6749,#6750,#6751);
#6749 = CARTESIAN_POINT('',(312.87507025414,52.,218.6712986952));
#6750 = DIRECTION('',(0.795661458866,-0.,0.605741564427));
#6751 = DIRECTION('',(0.605741564427,0.,-0.795661458866));
#6752 = PCURVE('',#6698,#6753);
#6753 = DEFINITIONAL_REPRESENTATION('',(#6754),#6758);
#6754 = LINE('',#6755,#6756);
#6755 = CARTESIAN_POINT('',(-0.,0.));
#6756 = VECTOR('',#6757,1.);
#6757 = DIRECTION('',(-1.,0.));
#6758 = ( GEOMETRIC_REPRESENTATION_CONTEXT(2) 
PARAMETRIC_REPRESENTATION_CONTEXT() REPRESENTATION_CONTEXT('2D SPACE',''
  ) );
#6759 = PCURVE('',#6760,#6765);
#6760 = PLANE('',#6761);
#6761 = AXIS2_PLACEMENT_3D('',#6762,#6763,#6764);
#6762 = CARTESIAN_POINT('',(312.87507025414,52.,218.6712986952));
#6763 = DIRECTION('',(0.795661458866,0.,0.605741564427));
#6764 = DIRECTION('',(0.605741564427,0.,-0.795661458866));
#6765 = DEFINITIONAL_REPRESENTATION('',(#6766),#6770);
#6766 = CIRCLE('',#6767,14.);
#6767 = AXIS2_PLACEMENT_2D('',#6768,#6769);
#6768 = CARTESIAN_POINT('',(0.,0.));
#6769 = DIRECTION('',(1.,0.));
#6770 = ( GEOMETRIC_REPRESENTATION_CONTEXT(2) 
PARAMETRIC_REPRESENTATION_CONTEXT() REPRESENTATION_CONTEXT('2D SPACE',''
  ) );
#6771 = ADVANCED_FACE('',(#6772,#6775),#6760,.F.);
#6772 = FACE_BOUND('',#6773,.F.);
#6773 = EDGE_LOOP('',(#6774));
#6774 = ORIENTED_EDGE('',*,*,#6745,.T.);
#6775 = FACE_BOUND('',#6776,.F.);
#6776 = EDGE_LOOP('',(#6777));
#6777 = ORIENTED_EDGE('',*,*,#6778,.T.);
#6778 = EDGE_CURVE('',#6779,#6779,#6781,.T.);
#6779 = VERTEX_POINT('',#6780);
#6780 = CARTESIAN_POINT('',(316.60038087537,52.,213.77798072318));
#6781 = SURFACE_CURVE('',#6782,(#6787,#6798),.PCURVE_S1.);
#6782 = CIRCLE('',#6783,6.15);
#6783 = AXIS2_PLACEMENT_3D('',#6784,#6785,#6786);
#6784 = CARTESIAN_POINT('',(312.87507025414,52.,218.6712986952));
#6785 = DIRECTION('',(-0.795661458866,-0.,-0.605741564427));
#6786 = DIRECTION('',(0.605741564427,0.,-0.795661458866));
#6787 = PCURVE('',#6760,#6788);
#6788 = DEFINITIONAL_REPRESENTATION('',(#6789),#6797);
#6789 = ( BOUNDED_CURVE() B_SPLINE_CURVE(2,(#6790,#6791,#6792,#6793,
#6794,#6795,#6796),.UNSPECIFIED.,.T.,.F.) B_SPLINE_CURVE_WITH_KNOTS((1,2
    ,2,2,2,1),(-2.094395102393,0.,2.094395102393,4.188790204786,
6.28318530718,8.377580409573),.UNSPECIFIED.) CURVE() 
GEOMETRIC_REPRESENTATION_ITEM() RATIONAL_B_SPLINE_CURVE((1.,0.5,1.,0.5,
1.,0.5,1.)) REPRESENTATION_ITEM('') );
#6790 = CARTESIAN_POINT('',(6.15,0.));
#6791 = CARTESIAN_POINT('',(6.15,-10.65211246654));
#6792 = CARTESIAN_POINT('',(-3.075,-5.326056233274));
#6793 = CARTESIAN_POINT('',(-12.3,-1.506315562951E-15));
#6794 = CARTESIAN_POINT('',(-3.075,5.326056233274));
#6795 = CARTESIAN_POINT('',(6.15,10.652112466549));
#6796 = CARTESIAN_POINT('',(6.15,0.));
#6797 = ( GEOMETRIC_REPRESENTATION_CONTEXT(2) 
PARAMETRIC_REPRESENTATION_CONTEXT() REPRESENTATION_CONTEXT('2D SPACE',''
  ) );
#6798 = PCURVE('',#6799,#6804);
#6799 = CYLINDRICAL_SURFACE('',#6800,6.15);
#6800 = AXIS2_PLACEMENT_3D('',#6801,#6802,#6803);
#6801 = CARTESIAN_POINT('',(312.07940879528,52.,218.06555713078));
#6802 = DIRECTION('',(-0.795661458866,-0.,-0.605741564427));
#6803 = DIRECTION('',(0.605741564427,0.,-0.795661458866));
#6804 = DEFINITIONAL_REPRESENTATION('',(#6805),#6809);
#6805 = LINE('',#6806,#6807);
#6806 = CARTESIAN_POINT('',(-6.28318530718,-1.));
#6807 = VECTOR('',#6808,1.);
#6808 = DIRECTION('',(1.,-0.));
#6809 = ( GEOMETRIC_REPRESENTATION_CONTEXT(2) 
PARAMETRIC_REPRESENTATION_CONTEXT() REPRESENTATION_CONTEXT('2D SPACE',''
  ) );
#6810 = ADVANCED_FACE('',(#6811,#6814),#6732,.T.);
#6811 = FACE_BOUND('',#6812,.T.);
#6812 = EDGE_LOOP('',(#6813));
#6813 = ORIENTED_EDGE('',*,*,#6717,.T.);
#6814 = FACE_BOUND('',#6815,.T.);
#6815 = EDGE_LOOP('',(#6816));
#6816 = ORIENTED_EDGE('',*,*,#6817,.T.);
#6817 = EDGE_CURVE('',#6818,#6818,#6820,.T.);
#6818 = VERTEX_POINT('',#6819);
#6819 = CARTESIAN_POINT('',(325.3526569229,52.,220.44113793188));
#6820 = SURFACE_CURVE('',#6821,(#6826,#6837),.PCURVE_S1.);
#6821 = CIRCLE('',#6822,6.15);
#6822 = AXIS2_PLACEMENT_3D('',#6823,#6824,#6825);
#6823 = CARTESIAN_POINT('',(321.62734630167,52.,225.3344559039));
#6824 = DIRECTION('',(-0.795661458866,-0.,-0.605741564427));
#6825 = DIRECTION('',(0.605741564427,0.,-0.795661458866));
#6826 = PCURVE('',#6732,#6827);
#6827 = DEFINITIONAL_REPRESENTATION('',(#6828),#6836);
#6828 = ( BOUNDED_CURVE() B_SPLINE_CURVE(2,(#6829,#6830,#6831,#6832,
#6833,#6834,#6835),.UNSPECIFIED.,.T.,.F.) B_SPLINE_CURVE_WITH_KNOTS((1,2
    ,2,2,2,1),(-2.094395102393,0.,2.094395102393,4.188790204786,
6.28318530718,8.377580409573),.UNSPECIFIED.) CURVE() 
GEOMETRIC_REPRESENTATION_ITEM() RATIONAL_B_SPLINE_CURVE((1.,0.5,1.,0.5,
1.,0.5,1.)) REPRESENTATION_ITEM('') );
#6829 = CARTESIAN_POINT('',(6.15,0.));
#6830 = CARTESIAN_POINT('',(6.15,-10.65211246654));
#6831 = CARTESIAN_POINT('',(-3.075,-5.326056233274));
#6832 = CARTESIAN_POINT('',(-12.3,-1.506315562951E-15));
#6833 = CARTESIAN_POINT('',(-3.075,5.326056233274));
#6834 = CARTESIAN_POINT('',(6.15,10.652112466549));
#6835 = CARTESIAN_POINT('',(6.15,0.));
#6836 = ( GEOMETRIC_REPRESENTATION_CONTEXT(2) 
PARAMETRIC_REPRESENTATION_CONTEXT() REPRESENTATION_CONTEXT('2D SPACE',''
  ) );
#6837 = PCURVE('',#6799,#6838);
#6838 = DEFINITIONAL_REPRESENTATION('',(#6839),#6843);
#6839 = LINE('',#6840,#6841);
#6840 = CARTESIAN_POINT('',(-6.28318530718,-12.));
#6841 = VECTOR('',#6842,1.);
#6842 = DIRECTION('',(1.,-0.));
#6843 = ( GEOMETRIC_REPRESENTATION_CONTEXT(2) 
PARAMETRIC_REPRESENTATION_CONTEXT() REPRESENTATION_CONTEXT('2D SPACE',''
  ) );
#6844 = ADVANCED_FACE('',(#6845),#6799,.F.);
#6845 = FACE_BOUND('',#6846,.T.);
#6846 = EDGE_LOOP('',(#6847,#6848,#6869,#6870));
#6847 = ORIENTED_EDGE('',*,*,#6778,.T.);
#6848 = ORIENTED_EDGE('',*,*,#6849,.T.);
#6849 = EDGE_CURVE('',#6779,#6818,#6850,.T.);
#6850 = SEAM_CURVE('',#6851,(#6855,#6862),.PCURVE_S1.);
#6851 = LINE('',#6852,#6853);
#6852 = CARTESIAN_POINT('',(315.80471941651,52.,213.17223915875));
#6853 = VECTOR('',#6854,1.);
#6854 = DIRECTION('',(0.795661458866,0.,0.605741564427));
#6855 = PCURVE('',#6799,#6856);
#6856 = DEFINITIONAL_REPRESENTATION('',(#6857),#6861);
#6857 = LINE('',#6858,#6859);
#6858 = CARTESIAN_POINT('',(-6.28318530718,0.));
#6859 = VECTOR('',#6860,1.);
#6860 = DIRECTION('',(-0.,-1.));
#6861 = ( GEOMETRIC_REPRESENTATION_CONTEXT(2) 
PARAMETRIC_REPRESENTATION_CONTEXT() REPRESENTATION_CONTEXT('2D SPACE',''
  ) );
#6862 = PCURVE('',#6799,#6863);
#6863 = DEFINITIONAL_REPRESENTATION('',(#6864),#6868);
#6864 = LINE('',#6865,#6866);
#6865 = CARTESIAN_POINT('',(-0.,0.));
#6866 = VECTOR('',#6867,1.);
#6867 = DIRECTION('',(-0.,-1.));
#6868 = ( GEOMETRIC_REPRESENTATION_CONTEXT(2) 
PARAMETRIC_REPRESENTATION_CONTEXT() REPRESENTATION_CONTEXT('2D SPACE',''
  ) );
#6869 = ORIENTED_EDGE('',*,*,#6817,.F.);
#6870 = ORIENTED_EDGE('',*,*,#6849,.F.);
#6871 = MANIFOLD_SOLID_BREP('',#6872);
#6872 = CLOSED_SHELL('',(#6873,#6961,#7000,#7034));
#6873 = ADVANCED_FACE('',(#6874),#6888,.T.);
#6874 = FACE_BOUND('',#6875,.F.);
#6875 = EDGE_LOOP('',(#6876,#6906,#6933,#6934));
#6876 = ORIENTED_EDGE('',*,*,#6877,.T.);
#6877 = EDGE_CURVE('',#6878,#6880,#6882,.T.);
#6878 = VERTEX_POINT('',#6879);
#6879 = CARTESIAN_POINT('',(321.35545215613,-52.,207.53203827108));
#6880 = VERTEX_POINT('',#6881);
#6881 = CARTESIAN_POINT('',(330.10772820365,-52.,214.19519547978));
#6882 = SEAM_CURVE('',#6883,(#6887,#6899),.PCURVE_S1.);
#6883 = LINE('',#6884,#6885);
#6884 = CARTESIAN_POINT('',(321.35545215613,-52.,207.53203827108));
#6885 = VECTOR('',#6886,1.);
#6886 = DIRECTION('',(0.795661458866,0.,0.605741564427));
#6887 = PCURVE('',#6888,#6893);
#6888 = CYLINDRICAL_SURFACE('',#6889,14.);
#6889 = AXIS2_PLACEMENT_3D('',#6890,#6891,#6892);
#6890 = CARTESIAN_POINT('',(312.87507025414,-52.,218.6712986952));
#6891 = DIRECTION('',(-0.795661458866,-0.,-0.605741564427));
#6892 = DIRECTION('',(0.605741564427,0.,-0.795661458866));
#6893 = DEFINITIONAL_REPRESENTATION('',(#6894),#6898);
#6894 = LINE('',#6895,#6896);
#6895 = CARTESIAN_POINT('',(-0.,0.));
#6896 = VECTOR('',#6897,1.);
#6897 = DIRECTION('',(-0.,-1.));
#6898 = ( GEOMETRIC_REPRESENTATION_CONTEXT(2) 
PARAMETRIC_REPRESENTATION_CONTEXT() REPRESENTATION_CONTEXT('2D SPACE',''
  ) );
#6899 = PCURVE('',#6888,#6900);
#6900 = DEFINITIONAL_REPRESENTATION('',(#6901),#6905);
#6901 = LINE('',#6902,#6903);
#6902 = CARTESIAN_POINT('',(-6.28318530718,0.));
#6903 = VECTOR('',#6904,1.);
#6904 = DIRECTION('',(-0.,-1.));
#6905 = ( GEOMETRIC_REPRESENTATION_CONTEXT(2) 
PARAMETRIC_REPRESENTATION_CONTEXT() REPRESENTATION_CONTEXT('2D SPACE',''
  ) );
#6906 = ORIENTED_EDGE('',*,*,#6907,.T.);
#6907 = EDGE_CURVE('',#6880,#6880,#6908,.T.);
#6908 = SURFACE_CURVE('',#6909,(#6914,#6921),.PCURVE_S1.);
#6909 = CIRCLE('',#6910,14.);
#6910 = AXIS2_PLACEMENT_3D('',#6911,#6912,#6913);
#6911 = CARTESIAN_POINT('',(321.62734630167,-52.,225.3344559039));
#6912 = DIRECTION('',(0.795661458866,-0.,0.605741564427));
#6913 = DIRECTION('',(0.605741564427,0.,-0.795661458866));
#6914 = PCURVE('',#6888,#6915);
#6915 = DEFINITIONAL_REPRESENTATION('',(#6916),#6920);
#6916 = LINE('',#6917,#6918);
#6917 = CARTESIAN_POINT('',(-0.,-11.));
#6918 = VECTOR('',#6919,1.);
#6919 = DIRECTION('',(-1.,0.));
#6920 = ( GEOMETRIC_REPRESENTATION_CONTEXT(2) 
PARAMETRIC_REPRESENTATION_CONTEXT() REPRESENTATION_CONTEXT('2D SPACE',''
  ) );
#6921 = PCURVE('',#6922,#6927);
#6922 = PLANE('',#6923);
#6923 = AXIS2_PLACEMENT_3D('',#6924,#6925,#6926);
#6924 = CARTESIAN_POINT('',(321.62734630167,-52.,225.3344559039));
#6925 = DIRECTION('',(0.795661458866,0.,0.605741564427));
#6926 = DIRECTION('',(0.605741564427,0.,-0.795661458866));
#6927 = DEFINITIONAL_REPRESENTATION('',(#6928),#6932);
#6928 = CIRCLE('',#6929,14.);
#6929 = AXIS2_PLACEMENT_2D('',#6930,#6931);
#6930 = CARTESIAN_POINT('',(0.,0.));
#6931 = DIRECTION('',(1.,0.));
#6932 = ( GEOMETRIC_REPRESENTATION_CONTEXT(2) 
PARAMETRIC_REPRESENTATION_CONTEXT() REPRESENTATION_CONTEXT('2D SPACE',''
  ) );
#6933 = ORIENTED_EDGE('',*,*,#6877,.F.);
#6934 = ORIENTED_EDGE('',*,*,#6935,.F.);
#6935 = EDGE_CURVE('',#6878,#6878,#6936,.T.);
#6936 = SURFACE_CURVE('',#6937,(#6942,#6949),.PCURVE_S1.);
#6937 = CIRCLE('',#6938,14.);
#6938 = AXIS2_PLACEMENT_3D('',#6939,#6940,#6941);
#6939 = CARTESIAN_POINT('',(312.87507025414,-52.,218.6712986952));
#6940 = DIRECTION('',(0.795661458866,-0.,0.605741564427));
#6941 = DIRECTION('',(0.605741564427,0.,-0.795661458866));
#6942 = PCURVE('',#6888,#6943);
#6943 = DEFINITIONAL_REPRESENTATION('',(#6944),#6948);
#6944 = LINE('',#6945,#6946);
#6945 = CARTESIAN_POINT('',(-0.,0.));
#6946 = VECTOR('',#6947,1.);
#6947 = DIRECTION('',(-1.,0.));
#6948 = ( GEOMETRIC_REPRESENTATION_CONTEXT(2) 
PARAMETRIC_REPRESENTATION_CONTEXT() REPRESENTATION_CONTEXT('2D SPACE',''
  ) );
#6949 = PCURVE('',#6950,#6955);
#6950 = PLANE('',#6951);
#6951 = AXIS2_PLACEMENT_3D('',#6952,#6953,#6954);
#6952 = CARTESIAN_POINT('',(312.87507025414,-52.,218.6712986952));
#6953 = DIRECTION('',(0.795661458866,0.,0.605741564427));
#6954 = DIRECTION('',(0.605741564427,0.,-0.795661458866));
#6955 = DEFINITIONAL_REPRESENTATION('',(#6956),#6960);
#6956 = CIRCLE('',#6957,14.);
#6957 = AXIS2_PLACEMENT_2D('',#6958,#6959);
#6958 = CARTESIAN_POINT('',(0.,0.));
#6959 = DIRECTION('',(1.,0.));
#6960 = ( GEOMETRIC_REPRESENTATION_CONTEXT(2) 
PARAMETRIC_REPRESENTATION_CONTEXT() REPRESENTATION_CONTEXT('2D SPACE',''
  ) );
#6961 = ADVANCED_FACE('',(#6962,#6965),#6950,.F.);
#6962 = FACE_BOUND('',#6963,.F.);
#6963 = EDGE_LOOP('',(#6964));
#6964 = ORIENTED_EDGE('',*,*,#6935,.T.);
#6965 = FACE_BOUND('',#6966,.F.);
#6966 = EDGE_LOOP('',(#6967));
#6967 = ORIENTED_EDGE('',*,*,#6968,.T.);
#6968 = EDGE_CURVE('',#6969,#6969,#6971,.T.);
#6969 = VERTEX_POINT('',#6970);
#6970 = CARTESIAN_POINT('',(316.60038087537,-52.,213.77798072318));
#6971 = SURFACE_CURVE('',#6972,(#6977,#6988),.PCURVE_S1.);
#6972 = CIRCLE('',#6973,6.15);
#6973 = AXIS2_PLACEMENT_3D('',#6974,#6975,#6976);
#6974 = CARTESIAN_POINT('',(312.87507025414,-52.,218.6712986952));
#6975 = DIRECTION('',(-0.795661458866,-0.,-0.605741564427));
#6976 = DIRECTION('',(0.605741564427,0.,-0.795661458866));
#6977 = PCURVE('',#6950,#6978);
#6978 = DEFINITIONAL_REPRESENTATION('',(#6979),#6987);
#6979 = ( BOUNDED_CURVE() B_SPLINE_CURVE(2,(#6980,#6981,#6982,#6983,
#6984,#6985,#6986),.UNSPECIFIED.,.T.,.F.) B_SPLINE_CURVE_WITH_KNOTS((1,2
    ,2,2,2,1),(-2.094395102393,0.,2.094395102393,4.188790204786,
6.28318530718,8.377580409573),.UNSPECIFIED.) CURVE() 
GEOMETRIC_REPRESENTATION_ITEM() RATIONAL_B_SPLINE_CURVE((1.,0.5,1.,0.5,
1.,0.5,1.)) REPRESENTATION_ITEM('') );
#6980 = CARTESIAN_POINT('',(6.15,0.));
#6981 = CARTESIAN_POINT('',(6.15,-10.65211246654));
#6982 = CARTESIAN_POINT('',(-3.075,-5.326056233274));
#6983 = CARTESIAN_POINT('',(-12.3,-1.506315562951E-15));
#6984 = CARTESIAN_POINT('',(-3.075,5.326056233274));
#6985 = CARTESIAN_POINT('',(6.15,10.652112466549));
#6986 = CARTESIAN_POINT('',(6.15,0.));
#6987 = ( GEOMETRIC_REPRESENTATION_CONTEXT(2) 
PARAMETRIC_REPRESENTATION_CONTEXT() REPRESENTATION_CONTEXT('2D SPACE',''
  ) );
#6988 = PCURVE('',#6989,#6994);
#6989 = CYLINDRICAL_SURFACE('',#6990,6.15);
#6990 = AXIS2_PLACEMENT_3D('',#6991,#6992,#6993);
#6991 = CARTESIAN_POINT('',(312.07940879528,-52.,218.06555713078));
#6992 = DIRECTION('',(-0.795661458866,-0.,-0.605741564427));
#6993 = DIRECTION('',(0.605741564427,0.,-0.795661458866));
#6994 = DEFINITIONAL_REPRESENTATION('',(#6995),#6999);
#6995 = LINE('',#6996,#6997);
#6996 = CARTESIAN_POINT('',(-6.28318530718,-1.));
#6997 = VECTOR('',#6998,1.);
#6998 = DIRECTION('',(1.,-0.));
#6999 = ( GEOMETRIC_REPRESENTATION_CONTEXT(2) 
PARAMETRIC_REPRESENTATION_CONTEXT() REPRESENTATION_CONTEXT('2D SPACE',''
  ) );
#7000 = ADVANCED_FACE('',(#7001,#7004),#6922,.T.);
#7001 = FACE_BOUND('',#7002,.T.);
#7002 = EDGE_LOOP('',(#7003));
#7003 = ORIENTED_EDGE('',*,*,#6907,.T.);
#7004 = FACE_BOUND('',#7005,.T.);
#7005 = EDGE_LOOP('',(#7006));
#7006 = ORIENTED_EDGE('',*,*,#7007,.T.);
#7007 = EDGE_CURVE('',#7008,#7008,#7010,.T.);
#7008 = VERTEX_POINT('',#7009);
#7009 = CARTESIAN_POINT('',(325.3526569229,-52.,220.44113793188));
#7010 = SURFACE_CURVE('',#7011,(#7016,#7027),.PCURVE_S1.);
#7011 = CIRCLE('',#7012,6.15);
#7012 = AXIS2_PLACEMENT_3D('',#7013,#7014,#7015);
#7013 = CARTESIAN_POINT('',(321.62734630167,-52.,225.3344559039));
#7014 = DIRECTION('',(-0.795661458866,-0.,-0.605741564427));
#7015 = DIRECTION('',(0.605741564427,0.,-0.795661458866));
#7016 = PCURVE('',#6922,#7017);
#7017 = DEFINITIONAL_REPRESENTATION('',(#7018),#7026);
#7018 = ( BOUNDED_CURVE() B_SPLINE_CURVE(2,(#7019,#7020,#7021,#7022,
#7023,#7024,#7025),.UNSPECIFIED.,.T.,.F.) B_SPLINE_CURVE_WITH_KNOTS((1,2
    ,2,2,2,1),(-2.094395102393,0.,2.094395102393,4.188790204786,
6.28318530718,8.377580409573),.UNSPECIFIED.) CURVE() 
GEOMETRIC_REPRESENTATION_ITEM() RATIONAL_B_SPLINE_CURVE((1.,0.5,1.,0.5,
1.,0.5,1.)) REPRESENTATION_ITEM('') );
#7019 = CARTESIAN_POINT('',(6.15,0.));
#7020 = CARTESIAN_POINT('',(6.15,-10.65211246654));
#7021 = CARTESIAN_POINT('',(-3.075,-5.326056233274));
#7022 = CARTESIAN_POINT('',(-12.3,-1.506315562951E-15));
#7023 = CARTESIAN_POINT('',(-3.075,5.326056233274));
#7024 = CARTESIAN_POINT('',(6.15,10.652112466549));
#7025 = CARTESIAN_POINT('',(6.15,0.));
#7026 = ( GEOMETRIC_REPRESENTATION_CONTEXT(2) 
PARAMETRIC_REPRESENTATION_CONTEXT() REPRESENTATION_CONTEXT('2D SPACE',''
  ) );
#7027 = PCURVE('',#6989,#7028);
#7028 = DEFINITIONAL_REPRESENTATION('',(#7029),#7033);
#7029 = LINE('',#7030,#7031);
#7030 = CARTESIAN_POINT('',(-6.28318530718,-12.));
#7031 = VECTOR('',#7032,1.);
#7032 = DIRECTION('',(1.,-0.));
#7033 = ( GEOMETRIC_REPRESENTATION_CONTEXT(2) 
PARAMETRIC_REPRESENTATION_CONTEXT() REPRESENTATION_CONTEXT('2D SPACE',''
  ) );
#7034 = ADVANCED_FACE('',(#7035),#6989,.F.);
#7035 = FACE_BOUND('',#7036,.T.);
#7036 = EDGE_LOOP('',(#7037,#7038,#7059,#7060));
#7037 = ORIENTED_EDGE('',*,*,#6968,.T.);
#7038 = ORIENTED_EDGE('',*,*,#7039,.T.);
#7039 = EDGE_CURVE('',#6969,#7008,#7040,.T.);
#7040 = SEAM_CURVE('',#7041,(#7045,#7052),.PCURVE_S1.);
#7041 = LINE('',#7042,#7043);
#7042 = CARTESIAN_POINT('',(315.80471941651,-52.,213.17223915875));
#7043 = VECTOR('',#7044,1.);
#7044 = DIRECTION('',(0.795661458866,0.,0.605741564427));
#7045 = PCURVE('',#6989,#7046);
#7046 = DEFINITIONAL_REPRESENTATION('',(#7047),#7051);
#7047 = LINE('',#7048,#7049);
#7048 = CARTESIAN_POINT('',(-6.28318530718,0.));
#7049 = VECTOR('',#7050,1.);
#7050 = DIRECTION('',(-0.,-1.));
#7051 = ( GEOMETRIC_REPRESENTATION_CONTEXT(2) 
PARAMETRIC_REPRESENTATION_CONTEXT() REPRESENTATION_CONTEXT('2D SPACE',''
  ) );
#7052 = PCURVE('',#6989,#7053);
#7053 = DEFINITIONAL_REPRESENTATION('',(#7054),#7058);
#7054 = LINE('',#7055,#7056);
#7055 = CARTESIAN_POINT('',(-0.,0.));
#7056 = VECTOR('',#7057,1.);
#7057 = DIRECTION('',(-0.,-1.));
#7058 = ( GEOMETRIC_REPRESENTATION_CONTEXT(2) 
PARAMETRIC_REPRESENTATION_CONTEXT() REPRESENTATION_CONTEXT('2D SPACE',''
  ) );
#7059 = ORIENTED_EDGE('',*,*,#7007,.F.);
#7060 = ORIENTED_EDGE('',*,*,#7039,.F.);
#7061 = MANIFOLD_SOLID_BREP('',#7062);
#7062 = CLOSED_SHELL('',(#7063,#7151,#7190,#7224));
#7063 = ADVANCED_FACE('',(#7064),#7078,.T.);
#7064 = FACE_BOUND('',#7065,.F.);
#7065 = EDGE_LOOP('',(#7066,#7096,#7123,#7124));
#7066 = ORIENTED_EDGE('',*,*,#7067,.T.);
#7067 = EDGE_CURVE('',#7068,#7070,#7072,.T.);
#7068 = VERTEX_POINT('',#7069);
#7069 = CARTESIAN_POINT('',(166.99712913608,52.,90.018174772179));
#7070 = VERTEX_POINT('',#7071);
#7071 = CARTESIAN_POINT('',(175.74940518361,52.,96.68133198088));
#7072 = SEAM_CURVE('',#7073,(#7077,#7089),.PCURVE_S1.);
#7073 = LINE('',#7074,#7075);
#7074 = CARTESIAN_POINT('',(166.99712913608,52.,90.018174772179));
#7075 = VECTOR('',#7076,1.);
#7076 = DIRECTION('',(0.795661458866,0.,0.605741564427));
#7077 = PCURVE('',#7078,#7083);
#7078 = CYLINDRICAL_SURFACE('',#7079,14.);
#7079 = AXIS2_PLACEMENT_3D('',#7080,#7081,#7082);
#7080 = CARTESIAN_POINT('',(158.5167472341,52.,101.1574351963));
#7081 = DIRECTION('',(-0.795661458866,-0.,-0.605741564427));
#7082 = DIRECTION('',(0.605741564427,0.,-0.795661458866));
#7083 = DEFINITIONAL_REPRESENTATION('',(#7084),#7088);
#7084 = LINE('',#7085,#7086);
#7085 = CARTESIAN_POINT('',(-0.,0.));
#7086 = VECTOR('',#7087,1.);
#7087 = DIRECTION('',(-0.,-1.));
#7088 = ( GEOMETRIC_REPRESENTATION_CONTEXT(2) 
PARAMETRIC_REPRESENTATION_CONTEXT() REPRESENTATION_CONTEXT('2D SPACE',''
  ) );
#7089 = PCURVE('',#7078,#7090);
#7090 = DEFINITIONAL_REPRESENTATION('',(#7091),#7095);
#7091 = LINE('',#7092,#7093);
#7092 = CARTESIAN_POINT('',(-6.28318530718,0.));
#7093 = VECTOR('',#7094,1.);
#7094 = DIRECTION('',(-0.,-1.));
#7095 = ( GEOMETRIC_REPRESENTATION_CONTEXT(2) 
PARAMETRIC_REPRESENTATION_CONTEXT() REPRESENTATION_CONTEXT('2D SPACE',''
  ) );
#7096 = ORIENTED_EDGE('',*,*,#7097,.T.);
#7097 = EDGE_CURVE('',#7070,#7070,#7098,.T.);
#7098 = SURFACE_CURVE('',#7099,(#7104,#7111),.PCURVE_S1.);
#7099 = CIRCLE('',#7100,14.);
#7100 = AXIS2_PLACEMENT_3D('',#7101,#7102,#7103);
#7101 = CARTESIAN_POINT('',(167.26902328162,52.,107.820592405));
#7102 = DIRECTION('',(0.795661458866,-0.,0.605741564427));
#7103 = DIRECTION('',(0.605741564427,0.,-0.795661458866));
#7104 = PCURVE('',#7078,#7105);
#7105 = DEFINITIONAL_REPRESENTATION('',(#7106),#7110);
#7106 = LINE('',#7107,#7108);
#7107 = CARTESIAN_POINT('',(-0.,-11.));
#7108 = VECTOR('',#7109,1.);
#7109 = DIRECTION('',(-1.,0.));
#7110 = ( GEOMETRIC_REPRESENTATION_CONTEXT(2) 
PARAMETRIC_REPRESENTATION_CONTEXT() REPRESENTATION_CONTEXT('2D SPACE',''
  ) );
#7111 = PCURVE('',#7112,#7117);
#7112 = PLANE('',#7113);
#7113 = AXIS2_PLACEMENT_3D('',#7114,#7115,#7116);
#7114 = CARTESIAN_POINT('',(167.26902328162,52.,107.820592405));
#7115 = DIRECTION('',(0.795661458866,0.,0.605741564427));
#7116 = DIRECTION('',(0.605741564427,0.,-0.795661458866));
#7117 = DEFINITIONAL_REPRESENTATION('',(#7118),#7122);
#7118 = CIRCLE('',#7119,14.);
#7119 = AXIS2_PLACEMENT_2D('',#7120,#7121);
#7120 = CARTESIAN_POINT('',(0.,0.));
#7121 = DIRECTION('',(1.,0.));
#7122 = ( GEOMETRIC_REPRESENTATION_CONTEXT(2) 
PARAMETRIC_REPRESENTATION_CONTEXT() REPRESENTATION_CONTEXT('2D SPACE',''
  ) );
#7123 = ORIENTED_EDGE('',*,*,#7067,.F.);
#7124 = ORIENTED_EDGE('',*,*,#7125,.F.);
#7125 = EDGE_CURVE('',#7068,#7068,#7126,.T.);
#7126 = SURFACE_CURVE('',#7127,(#7132,#7139),.PCURVE_S1.);
#7127 = CIRCLE('',#7128,14.);
#7128 = AXIS2_PLACEMENT_3D('',#7129,#7130,#7131);
#7129 = CARTESIAN_POINT('',(158.5167472341,52.,101.1574351963));
#7130 = DIRECTION('',(0.795661458866,-0.,0.605741564427));
#7131 = DIRECTION('',(0.605741564427,0.,-0.795661458866));
#7132 = PCURVE('',#7078,#7133);
#7133 = DEFINITIONAL_REPRESENTATION('',(#7134),#7138);
#7134 = LINE('',#7135,#7136);
#7135 = CARTESIAN_POINT('',(-0.,0.));
#7136 = VECTOR('',#7137,1.);
#7137 = DIRECTION('',(-1.,0.));
#7138 = ( GEOMETRIC_REPRESENTATION_CONTEXT(2) 
PARAMETRIC_REPRESENTATION_CONTEXT() REPRESENTATION_CONTEXT('2D SPACE',''
  ) );
#7139 = PCURVE('',#7140,#7145);
#7140 = PLANE('',#7141);
#7141 = AXIS2_PLACEMENT_3D('',#7142,#7143,#7144);
#7142 = CARTESIAN_POINT('',(158.5167472341,52.,101.1574351963));
#7143 = DIRECTION('',(0.795661458866,0.,0.605741564427));
#7144 = DIRECTION('',(0.605741564427,0.,-0.795661458866));
#7145 = DEFINITIONAL_REPRESENTATION('',(#7146),#7150);
#7146 = CIRCLE('',#7147,14.);
#7147 = AXIS2_PLACEMENT_2D('',#7148,#7149);
#7148 = CARTESIAN_POINT('',(0.,0.));
#7149 = DIRECTION('',(1.,0.));
#7150 = ( GEOMETRIC_REPRESENTATION_CONTEXT(2) 
PARAMETRIC_REPRESENTATION_CONTEXT() REPRESENTATION_CONTEXT('2D SPACE',''
  ) );
#7151 = ADVANCED_FACE('',(#7152,#7155),#7140,.F.);
#7152 = FACE_BOUND('',#7153,.F.);
#7153 = EDGE_LOOP('',(#7154));
#7154 = ORIENTED_EDGE('',*,*,#7125,.T.);
#7155 = FACE_BOUND('',#7156,.F.);
#7156 = EDGE_LOOP('',(#7157));
#7157 = ORIENTED_EDGE('',*,*,#7158,.T.);
#7158 = EDGE_CURVE('',#7159,#7159,#7161,.T.);
#7159 = VERTEX_POINT('',#7160);
#7160 = CARTESIAN_POINT('',(162.24205785532,52.,96.264117224279));
#7161 = SURFACE_CURVE('',#7162,(#7167,#7178),.PCURVE_S1.);
#7162 = CIRCLE('',#7163,6.15);
#7163 = AXIS2_PLACEMENT_3D('',#7164,#7165,#7166);
#7164 = CARTESIAN_POINT('',(158.5167472341,52.,101.1574351963));
#7165 = DIRECTION('',(-0.795661458866,-0.,-0.605741564427));
#7166 = DIRECTION('',(0.605741564427,0.,-0.795661458866));
#7167 = PCURVE('',#7140,#7168);
#7168 = DEFINITIONAL_REPRESENTATION('',(#7169),#7177);
#7169 = ( BOUNDED_CURVE() B_SPLINE_CURVE(2,(#7170,#7171,#7172,#7173,
#7174,#7175,#7176),.UNSPECIFIED.,.T.,.F.) B_SPLINE_CURVE_WITH_KNOTS((1,2
    ,2,2,2,1),(-2.094395102393,0.,2.094395102393,4.188790204786,
6.28318530718,8.377580409573),.UNSPECIFIED.) CURVE() 
GEOMETRIC_REPRESENTATION_ITEM() RATIONAL_B_SPLINE_CURVE((1.,0.5,1.,0.5,
1.,0.5,1.)) REPRESENTATION_ITEM('') );
#7170 = CARTESIAN_POINT('',(6.15,0.));
#7171 = CARTESIAN_POINT('',(6.15,-10.65211246654));
#7172 = CARTESIAN_POINT('',(-3.075,-5.326056233274));
#7173 = CARTESIAN_POINT('',(-12.3,-1.506315562951E-15));
#7174 = CARTESIAN_POINT('',(-3.075,5.326056233274));
#7175 = CARTESIAN_POINT('',(6.15,10.652112466549));
#7176 = CARTESIAN_POINT('',(6.15,0.));
#7177 = ( GEOMETRIC_REPRESENTATION_CONTEXT(2) 
PARAMETRIC_REPRESENTATION_CONTEXT() REPRESENTATION_CONTEXT('2D SPACE',''
  ) );
#7178 = PCURVE('',#7179,#7184);
#7179 = CYLINDRICAL_SURFACE('',#7180,6.15);
#7180 = AXIS2_PLACEMENT_3D('',#7181,#7182,#7183);
#7181 = CARTESIAN_POINT('',(157.72108577523,52.,100.55169363187));
#7182 = DIRECTION('',(-0.795661458866,-0.,-0.605741564427));
#7183 = DIRECTION('',(0.605741564427,0.,-0.795661458866));
#7184 = DEFINITIONAL_REPRESENTATION('',(#7185),#7189);
#7185 = LINE('',#7186,#7187);
#7186 = CARTESIAN_POINT('',(-6.28318530718,-1.));
#7187 = VECTOR('',#7188,1.);
#7188 = DIRECTION('',(1.,-0.));
#7189 = ( GEOMETRIC_REPRESENTATION_CONTEXT(2) 
PARAMETRIC_REPRESENTATION_CONTEXT() REPRESENTATION_CONTEXT('2D SPACE',''
  ) );
#7190 = ADVANCED_FACE('',(#7191,#7194),#7112,.T.);
#7191 = FACE_BOUND('',#7192,.T.);
#7192 = EDGE_LOOP('',(#7193));
#7193 = ORIENTED_EDGE('',*,*,#7097,.T.);
#7194 = FACE_BOUND('',#7195,.T.);
#7195 = EDGE_LOOP('',(#7196));
#7196 = ORIENTED_EDGE('',*,*,#7197,.T.);
#7197 = EDGE_CURVE('',#7198,#7198,#7200,.T.);
#7198 = VERTEX_POINT('',#7199);
#7199 = CARTESIAN_POINT('',(170.99433390285,52.,102.92727443298));
#7200 = SURFACE_CURVE('',#7201,(#7206,#7217),.PCURVE_S1.);
#7201 = CIRCLE('',#7202,6.15);
#7202 = AXIS2_PLACEMENT_3D('',#7203,#7204,#7205);
#7203 = CARTESIAN_POINT('',(167.26902328162,52.,107.820592405));
#7204 = DIRECTION('',(-0.795661458866,-0.,-0.605741564427));
#7205 = DIRECTION('',(0.605741564427,0.,-0.795661458866));
#7206 = PCURVE('',#7112,#7207);
#7207 = DEFINITIONAL_REPRESENTATION('',(#7208),#7216);
#7208 = ( BOUNDED_CURVE() B_SPLINE_CURVE(2,(#7209,#7210,#7211,#7212,
#7213,#7214,#7215),.UNSPECIFIED.,.T.,.F.) B_SPLINE_CURVE_WITH_KNOTS((1,2
    ,2,2,2,1),(-2.094395102393,0.,2.094395102393,4.188790204786,
6.28318530718,8.377580409573),.UNSPECIFIED.) CURVE() 
GEOMETRIC_REPRESENTATION_ITEM() RATIONAL_B_SPLINE_CURVE((1.,0.5,1.,0.5,
1.,0.5,1.)) REPRESENTATION_ITEM('') );
#7209 = CARTESIAN_POINT('',(6.15,0.));
#7210 = CARTESIAN_POINT('',(6.15,-10.65211246654));
#7211 = CARTESIAN_POINT('',(-3.075,-5.326056233274));
#7212 = CARTESIAN_POINT('',(-12.3,-1.506315562951E-15));
#7213 = CARTESIAN_POINT('',(-3.075,5.326056233274));
#7214 = CARTESIAN_POINT('',(6.15,10.652112466549));
#7215 = CARTESIAN_POINT('',(6.15,0.));
#7216 = ( GEOMETRIC_REPRESENTATION_CONTEXT(2) 
PARAMETRIC_REPRESENTATION_CONTEXT() REPRESENTATION_CONTEXT('2D SPACE',''
  ) );
#7217 = PCURVE('',#7179,#7218);
#7218 = DEFINITIONAL_REPRESENTATION('',(#7219),#7223);
#7219 = LINE('',#7220,#7221);
#7220 = CARTESIAN_POINT('',(-6.28318530718,-12.));
#7221 = VECTOR('',#7222,1.);
#7222 = DIRECTION('',(1.,-0.));
#7223 = ( GEOMETRIC_REPRESENTATION_CONTEXT(2) 
PARAMETRIC_REPRESENTATION_CONTEXT() REPRESENTATION_CONTEXT('2D SPACE',''
  ) );
#7224 = ADVANCED_FACE('',(#7225),#7179,.F.);
#7225 = FACE_BOUND('',#7226,.T.);
#7226 = EDGE_LOOP('',(#7227,#7228,#7249,#7250));
#7227 = ORIENTED_EDGE('',*,*,#7158,.T.);
#7228 = ORIENTED_EDGE('',*,*,#7229,.T.);
#7229 = EDGE_CURVE('',#7159,#7198,#7230,.T.);
#7230 = SEAM_CURVE('',#7231,(#7235,#7242),.PCURVE_S1.);
#7231 = LINE('',#7232,#7233);
#7232 = CARTESIAN_POINT('',(161.44639639646,52.,95.658375659852));
#7233 = VECTOR('',#7234,1.);
#7234 = DIRECTION('',(0.795661458866,0.,0.605741564427));
#7235 = PCURVE('',#7179,#7236);
#7236 = DEFINITIONAL_REPRESENTATION('',(#7237),#7241);
#7237 = LINE('',#7238,#7239);
#7238 = CARTESIAN_POINT('',(-6.28318530718,0.));
#7239 = VECTOR('',#7240,1.);
#7240 = DIRECTION('',(-0.,-1.));
#7241 = ( GEOMETRIC_REPRESENTATION_CONTEXT(2) 
PARAMETRIC_REPRESENTATION_CONTEXT() REPRESENTATION_CONTEXT('2D SPACE',''
  ) );
#7242 = PCURVE('',#7179,#7243);
#7243 = DEFINITIONAL_REPRESENTATION('',(#7244),#7248);
#7244 = LINE('',#7245,#7246);
#7245 = CARTESIAN_POINT('',(-0.,0.));
#7246 = VECTOR('',#7247,1.);
#7247 = DIRECTION('',(-0.,-1.));
#7248 = ( GEOMETRIC_REPRESENTATION_CONTEXT(2) 
PARAMETRIC_REPRESENTATION_CONTEXT() REPRESENTATION_CONTEXT('2D SPACE',''
  ) );
#7249 = ORIENTED_EDGE('',*,*,#7197,.F.);
#7250 = ORIENTED_EDGE('',*,*,#7229,.F.);
#7251 = MANIFOLD_SOLID_BREP('',#7252);
#7252 = CLOSED_SHELL('',(#7253,#7341,#7380,#7414));
#7253 = ADVANCED_FACE('',(#7254),#7268,.T.);
#7254 = FACE_BOUND('',#7255,.F.);
#7255 = EDGE_LOOP('',(#7256,#7286,#7313,#7314));
#7256 = ORIENTED_EDGE('',*,*,#7257,.T.);
#7257 = EDGE_CURVE('',#7258,#7260,#7262,.T.);
#7258 = VERTEX_POINT('',#7259);
#7259 = CARTESIAN_POINT('',(166.99712913608,-52.,90.018174772179));
#7260 = VERTEX_POINT('',#7261);
#7261 = CARTESIAN_POINT('',(175.74940518361,-52.,96.68133198088));
#7262 = SEAM_CURVE('',#7263,(#7267,#7279),.PCURVE_S1.);
#7263 = LINE('',#7264,#7265);
#7264 = CARTESIAN_POINT('',(166.99712913608,-52.,90.018174772179));
#7265 = VECTOR('',#7266,1.);
#7266 = DIRECTION('',(0.795661458866,0.,0.605741564427));
#7267 = PCURVE('',#7268,#7273);
#7268 = CYLINDRICAL_SURFACE('',#7269,14.);
#7269 = AXIS2_PLACEMENT_3D('',#7270,#7271,#7272);
#7270 = CARTESIAN_POINT('',(158.5167472341,-52.,101.1574351963));
#7271 = DIRECTION('',(-0.795661458866,-0.,-0.605741564427));
#7272 = DIRECTION('',(0.605741564427,0.,-0.795661458866));
#7273 = DEFINITIONAL_REPRESENTATION('',(#7274),#7278);
#7274 = LINE('',#7275,#7276);
#7275 = CARTESIAN_POINT('',(-0.,0.));
#7276 = VECTOR('',#7277,1.);
#7277 = DIRECTION('',(-0.,-1.));
#7278 = ( GEOMETRIC_REPRESENTATION_CONTEXT(2) 
PARAMETRIC_REPRESENTATION_CONTEXT() REPRESENTATION_CONTEXT('2D SPACE',''
  ) );
#7279 = PCURVE('',#7268,#7280);
#7280 = DEFINITIONAL_REPRESENTATION('',(#7281),#7285);
#7281 = LINE('',#7282,#7283);
#7282 = CARTESIAN_POINT('',(-6.28318530718,0.));
#7283 = VECTOR('',#7284,1.);
#7284 = DIRECTION('',(-0.,-1.));
#7285 = ( GEOMETRIC_REPRESENTATION_CONTEXT(2) 
PARAMETRIC_REPRESENTATION_CONTEXT() REPRESENTATION_CONTEXT('2D SPACE',''
  ) );
#7286 = ORIENTED_EDGE('',*,*,#7287,.T.);
#7287 = EDGE_CURVE('',#7260,#7260,#7288,.T.);
#7288 = SURFACE_CURVE('',#7289,(#7294,#7301),.PCURVE_S1.);
#7289 = CIRCLE('',#7290,14.);
#7290 = AXIS2_PLACEMENT_3D('',#7291,#7292,#7293);
#7291 = CARTESIAN_POINT('',(167.26902328162,-52.,107.820592405));
#7292 = DIRECTION('',(0.795661458866,-0.,0.605741564427));
#7293 = DIRECTION('',(0.605741564427,0.,-0.795661458866));
#7294 = PCURVE('',#7268,#7295);
#7295 = DEFINITIONAL_REPRESENTATION('',(#7296),#7300);
#7296 = LINE('',#7297,#7298);
#7297 = CARTESIAN_POINT('',(-0.,-11.));
#7298 = VECTOR('',#7299,1.);
#7299 = DIRECTION('',(-1.,0.));
#7300 = ( GEOMETRIC_REPRESENTATION_CONTEXT(2) 
PARAMETRIC_REPRESENTATION_CONTEXT() REPRESENTATION_CONTEXT('2D SPACE',''
  ) );
#7301 = PCURVE('',#7302,#7307);
#7302 = PLANE('',#7303);
#7303 = AXIS2_PLACEMENT_3D('',#7304,#7305,#7306);
#7304 = CARTESIAN_POINT('',(167.26902328162,-52.,107.820592405));
#7305 = DIRECTION('',(0.795661458866,0.,0.605741564427));
#7306 = DIRECTION('',(0.605741564427,0.,-0.795661458866));
#7307 = DEFINITIONAL_REPRESENTATION('',(#7308),#7312);
#7308 = CIRCLE('',#7309,14.);
#7309 = AXIS2_PLACEMENT_2D('',#7310,#7311);
#7310 = CARTESIAN_POINT('',(0.,0.));
#7311 = DIRECTION('',(1.,0.));
#7312 = ( GEOMETRIC_REPRESENTATION_CONTEXT(2) 
PARAMETRIC_REPRESENTATION_CONTEXT() REPRESENTATION_CONTEXT('2D SPACE',''
  ) );
#7313 = ORIENTED_EDGE('',*,*,#7257,.F.);
#7314 = ORIENTED_EDGE('',*,*,#7315,.F.);
#7315 = EDGE_CURVE('',#7258,#7258,#7316,.T.);
#7316 = SURFACE_CURVE('',#7317,(#7322,#7329),.PCURVE_S1.);
#7317 = CIRCLE('',#7318,14.);
#7318 = AXIS2_PLACEMENT_3D('',#7319,#7320,#7321);
#7319 = CARTESIAN_POINT('',(158.5167472341,-52.,101.1574351963));
#7320 = DIRECTION('',(0.795661458866,-0.,0.605741564427));
#7321 = DIRECTION('',(0.605741564427,0.,-0.795661458866));
#7322 = PCURVE('',#7268,#7323);
#7323 = DEFINITIONAL_REPRESENTATION('',(#7324),#7328);
#7324 = LINE('',#7325,#7326);
#7325 = CARTESIAN_POINT('',(-0.,0.));
#7326 = VECTOR('',#7327,1.);
#7327 = DIRECTION('',(-1.,0.));
#7328 = ( GEOMETRIC_REPRESENTATION_CONTEXT(2) 
PARAMETRIC_REPRESENTATION_CONTEXT() REPRESENTATION_CONTEXT('2D SPACE',''
  ) );
#7329 = PCURVE('',#7330,#7335);
#7330 = PLANE('',#7331);
#7331 = AXIS2_PLACEMENT_3D('',#7332,#7333,#7334);
#7332 = CARTESIAN_POINT('',(158.5167472341,-52.,101.1574351963));
#7333 = DIRECTION('',(0.795661458866,0.,0.605741564427));
#7334 = DIRECTION('',(0.605741564427,0.,-0.795661458866));
#7335 = DEFINITIONAL_REPRESENTATION('',(#7336),#7340);
#7336 = CIRCLE('',#7337,14.);
#7337 = AXIS2_PLACEMENT_2D('',#7338,#7339);
#7338 = CARTESIAN_POINT('',(0.,0.));
#7339 = DIRECTION('',(1.,0.));
#7340 = ( GEOMETRIC_REPRESENTATION_CONTEXT(2) 
PARAMETRIC_REPRESENTATION_CONTEXT() REPRESENTATION_CONTEXT('2D SPACE',''
  ) );
#7341 = ADVANCED_FACE('',(#7342,#7345),#7330,.F.);
#7342 = FACE_BOUND('',#7343,.F.);
#7343 = EDGE_LOOP('',(#7344));
#7344 = ORIENTED_EDGE('',*,*,#7315,.T.);
#7345 = FACE_BOUND('',#7346,.F.);
#7346 = EDGE_LOOP('',(#7347));
#7347 = ORIENTED_EDGE('',*,*,#7348,.T.);
#7348 = EDGE_CURVE('',#7349,#7349,#7351,.T.);
#7349 = VERTEX_POINT('',#7350);
#7350 = CARTESIAN_POINT('',(162.24205785532,-52.,96.264117224279));
#7351 = SURFACE_CURVE('',#7352,(#7357,#7368),.PCURVE_S1.);
#7352 = CIRCLE('',#7353,6.15);
#7353 = AXIS2_PLACEMENT_3D('',#7354,#7355,#7356);
#7354 = CARTESIAN_POINT('',(158.5167472341,-52.,101.1574351963));
#7355 = DIRECTION('',(-0.795661458866,-0.,-0.605741564427));
#7356 = DIRECTION('',(0.605741564427,0.,-0.795661458866));
#7357 = PCURVE('',#7330,#7358);
#7358 = DEFINITIONAL_REPRESENTATION('',(#7359),#7367);
#7359 = ( BOUNDED_CURVE() B_SPLINE_CURVE(2,(#7360,#7361,#7362,#7363,
#7364,#7365,#7366),.UNSPECIFIED.,.T.,.F.) B_SPLINE_CURVE_WITH_KNOTS((1,2
    ,2,2,2,1),(-2.094395102393,0.,2.094395102393,4.188790204786,
6.28318530718,8.377580409573),.UNSPECIFIED.) CURVE() 
GEOMETRIC_REPRESENTATION_ITEM() RATIONAL_B_SPLINE_CURVE((1.,0.5,1.,0.5,
1.,0.5,1.)) REPRESENTATION_ITEM('') );
#7360 = CARTESIAN_POINT('',(6.15,0.));
#7361 = CARTESIAN_POINT('',(6.15,-10.65211246654));
#7362 = CARTESIAN_POINT('',(-3.075,-5.326056233274));
#7363 = CARTESIAN_POINT('',(-12.3,-1.506315562951E-15));
#7364 = CARTESIAN_POINT('',(-3.075,5.326056233274));
#7365 = CARTESIAN_POINT('',(6.15,10.652112466549));
#7366 = CARTESIAN_POINT('',(6.15,0.));
#7367 = ( GEOMETRIC_REPRESENTATION_CONTEXT(2) 
PARAMETRIC_REPRESENTATION_CONTEXT() REPRESENTATION_CONTEXT('2D SPACE',''
  ) );
#7368 = PCURVE('',#7369,#7374);
#7369 = CYLINDRICAL_SURFACE('',#7370,6.15);
#7370 = AXIS2_PLACEMENT_3D('',#7371,#7372,#7373);
#7371 = CARTESIAN_POINT('',(157.72108577523,-52.,100.55169363187));
#7372 = DIRECTION('',(-0.795661458866,-0.,-0.605741564427));
#7373 = DIRECTION('',(0.605741564427,0.,-0.795661458866));
#7374 = DEFINITIONAL_REPRESENTATION('',(#7375),#7379);
#7375 = LINE('',#7376,#7377);
#7376 = CARTESIAN_POINT('',(-6.28318530718,-1.));
#7377 = VECTOR('',#7378,1.);
#7378 = DIRECTION('',(1.,-0.));
#7379 = ( GEOMETRIC_REPRESENTATION_CONTEXT(2) 
PARAMETRIC_REPRESENTATION_CONTEXT() REPRESENTATION_CONTEXT('2D SPACE',''
  ) );
#7380 = ADVANCED_FACE('',(#7381,#7384),#7302,.T.);
#7381 = FACE_BOUND('',#7382,.T.);
#7382 = EDGE_LOOP('',(#7383));
#7383 = ORIENTED_EDGE('',*,*,#7287,.T.);
#7384 = FACE_BOUND('',#7385,.T.);
#7385 = EDGE_LOOP('',(#7386));
#7386 = ORIENTED_EDGE('',*,*,#7387,.T.);
#7387 = EDGE_CURVE('',#7388,#7388,#7390,.T.);
#7388 = VERTEX_POINT('',#7389);
#7389 = CARTESIAN_POINT('',(170.99433390285,-52.,102.92727443298));
#7390 = SURFACE_CURVE('',#7391,(#7396,#7407),.PCURVE_S1.);
#7391 = CIRCLE('',#7392,6.15);
#7392 = AXIS2_PLACEMENT_3D('',#7393,#7394,#7395);
#7393 = CARTESIAN_POINT('',(167.26902328162,-52.,107.820592405));
#7394 = DIRECTION('',(-0.795661458866,-0.,-0.605741564427));
#7395 = DIRECTION('',(0.605741564427,0.,-0.795661458866));
#7396 = PCURVE('',#7302,#7397);
#7397 = DEFINITIONAL_REPRESENTATION('',(#7398),#7406);
#7398 = ( BOUNDED_CURVE() B_SPLINE_CURVE(2,(#7399,#7400,#7401,#7402,
#7403,#7404,#7405),.UNSPECIFIED.,.T.,.F.) B_SPLINE_CURVE_WITH_KNOTS((1,2
    ,2,2,2,1),(-2.094395102393,0.,2.094395102393,4.188790204786,
6.28318530718,8.377580409573),.UNSPECIFIED.) CURVE() 
GEOMETRIC_REPRESENTATION_ITEM() RATIONAL_B_SPLINE_CURVE((1.,0.5,1.,0.5,
1.,0.5,1.)) REPRESENTATION_ITEM('') );
#7399 = CARTESIAN_POINT('',(6.15,0.));
#7400 = CARTESIAN_POINT('',(6.15,-10.65211246654));
#7401 = CARTESIAN_POINT('',(-3.075,-5.326056233274));
#7402 = CARTESIAN_POINT('',(-12.3,-1.506315562951E-15));
#7403 = CARTESIAN_POINT('',(-3.075,5.326056233274));
#7404 = CARTESIAN_POINT('',(6.15,10.652112466549));
#7405 = CARTESIAN_POINT('',(6.15,0.));
#7406 = ( GEOMETRIC_REPRESENTATION_CONTEXT(2) 
PARAMETRIC_REPRESENTATION_CONTEXT() REPRESENTATION_CONTEXT('2D SPACE',''
  ) );
#7407 = PCURVE('',#7369,#7408);
#7408 = DEFINITIONAL_REPRESENTATION('',(#7409),#7413);
#7409 = LINE('',#7410,#7411);
#7410 = CARTESIAN_POINT('',(-6.28318530718,-12.));
#7411 = VECTOR('',#7412,1.);
#7412 = DIRECTION('',(1.,-0.));
#7413 = ( GEOMETRIC_REPRESENTATION_CONTEXT(2) 
PARAMETRIC_REPRESENTATION_CONTEXT() REPRESENTATION_CONTEXT('2D SPACE',''
  ) );
#7414 = ADVANCED_FACE('',(#7415),#7369,.F.);
#7415 = FACE_BOUND('',#7416,.T.);
#7416 = EDGE_LOOP('',(#7417,#7418,#7439,#7440));
#7417 = ORIENTED_EDGE('',*,*,#7348,.T.);
#7418 = ORIENTED_EDGE('',*,*,#7419,.T.);
#7419 = EDGE_CURVE('',#7349,#7388,#7420,.T.);
#7420 = SEAM_CURVE('',#7421,(#7425,#7432),.PCURVE_S1.);
#7421 = LINE('',#7422,#7423);
#7422 = CARTESIAN_POINT('',(161.44639639646,-52.,95.658375659852));
#7423 = VECTOR('',#7424,1.);
#7424 = DIRECTION('',(0.795661458866,0.,0.605741564427));
#7425 = PCURVE('',#7369,#7426);
#7426 = DEFINITIONAL_REPRESENTATION('',(#7427),#7431);
#7427 = LINE('',#7428,#7429);
#7428 = CARTESIAN_POINT('',(-6.28318530718,0.));
#7429 = VECTOR('',#7430,1.);
#7430 = DIRECTION('',(-0.,-1.));
#7431 = ( GEOMETRIC_REPRESENTATION_CONTEXT(2) 
PARAMETRIC_REPRESENTATION_CONTEXT() REPRESENTATION_CONTEXT('2D SPACE',''
  ) );
#7432 = PCURVE('',#7369,#7433);
#7433 = DEFINITIONAL_REPRESENTATION('',(#7434),#7438);
#7434 = LINE('',#7435,#7436);
#7435 = CARTESIAN_POINT('',(-0.,0.));
#7436 = VECTOR('',#7437,1.);
#7437 = DIRECTION('',(-0.,-1.));
#7438 = ( GEOMETRIC_REPRESENTATION_CONTEXT(2) 
PARAMETRIC_REPRESENTATION_CONTEXT() REPRESENTATION_CONTEXT('2D SPACE',''
  ) );
#7439 = ORIENTED_EDGE('',*,*,#7387,.F.);
#7440 = ORIENTED_EDGE('',*,*,#7419,.F.);
#7441 = ( GEOMETRIC_REPRESENTATION_CONTEXT(3) 
GLOBAL_UNCERTAINTY_ASSIGNED_CONTEXT((#7445)) 
GLOBAL_UNIT_ASSIGNED_CONTEXT((#7442,#7443,#7444)) REPRESENTATION_CONTEXT
('Context #1','3D Context with UNIT and UNCERTAINTY') );
#7442 = ( LENGTH_UNIT() NAMED_UNIT(*) SI_UNIT(.MILLI.,.METRE.) );
#7443 = ( NAMED_UNIT(*) PLANE_ANGLE_UNIT() SI_UNIT($,.RADIAN.) );
#7444 = ( NAMED_UNIT(*) SI_UNIT($,.STERADIAN.) SOLID_ANGLE_UNIT() );
#7445 = UNCERTAINTY_MEASURE_WITH_UNIT(LENGTH_MEASURE(1.E-07),#7442,
  'distance_accuracy_value','confusion accuracy');
#7446 = CONTEXT_DEPENDENT_SHAPE_REPRESENTATION(#7447,#7449);
#7447 = ( REPRESENTATION_RELATIONSHIP('','',#6680,#10) 
REPRESENTATION_RELATIONSHIP_WITH_TRANSFORMATION(#7448) 
SHAPE_REPRESENTATION_RELATIONSHIP() );
#7448 = ITEM_DEFINED_TRANSFORMATION('','',#11,#31);
#7449 = PRODUCT_DEFINITION_SHAPE('Placement','Placement of an item',
  #7450);
#7450 = NEXT_ASSEMBLY_USAGE_OCCURRENCE('301',
  'actuator_A1_external_mechanical_stops','',#5,#6675,$);
#7451 = PRODUCT_RELATED_PRODUCT_CATEGORY('part',$,(#6677));
#7452 = MECHANICAL_DESIGN_GEOMETRIC_PRESENTATION_REPRESENTATION('',(
    #7453,#7461,#7468,#7475,#7482,#7489),#6662);
#7453 = STYLED_ITEM('color',(#7454),#5134);
#7454 = PRESENTATION_STYLE_ASSIGNMENT((#7455));
#7455 = SURFACE_STYLE_USAGE(.BOTH.,#7456);
#7456 = SURFACE_SIDE_STYLE('',(#7457));
#7457 = SURFACE_STYLE_FILL_AREA(#7458);
#7458 = FILL_AREA_STYLE('',(#7459));
#7459 = FILL_AREA_STYLE_COLOUR('',#7460);
#7460 = COLOUR_RGB('',0.910000008889,0.769999993182,0.420000006308);
#7461 = STYLED_ITEM('color',(#7462),#5232);
#7462 = PRESENTATION_STYLE_ASSIGNMENT((#7463));
#7463 = SURFACE_STYLE_USAGE(.BOTH.,#7464);
#7464 = SURFACE_SIDE_STYLE('',(#7465));
#7465 = SURFACE_STYLE_FILL_AREA(#7466);
#7466 = FILL_AREA_STYLE('',(#7467));
#7467 = FILL_AREA_STYLE_COLOUR('',#7460);
#7468 = STYLED_ITEM('color',(#7469),#5330);
#7469 = PRESENTATION_STYLE_ASSIGNMENT((#7470));
#7470 = SURFACE_STYLE_USAGE(.BOTH.,#7471);
#7471 = SURFACE_SIDE_STYLE('',(#7472));
#7472 = SURFACE_STYLE_FILL_AREA(#7473);
#7473 = FILL_AREA_STYLE('',(#7474));
#7474 = FILL_AREA_STYLE_COLOUR('',#7460);
#7475 = STYLED_ITEM('color',(#7476),#5666);
#7476 = PRESENTATION_STYLE_ASSIGNMENT((#7477));
#7477 = SURFACE_STYLE_USAGE(.BOTH.,#7478);
#7478 = SURFACE_SIDE_STYLE('',(#7479));
#7479 = SURFACE_STYLE_FILL_AREA(#7480);
#7480 = FILL_AREA_STYLE('',(#7481));
#7481 = FILL_AREA_STYLE_COLOUR('',#7460);
#7482 = STYLED_ITEM('color',(#7483),#6002);
#7483 = PRESENTATION_STYLE_ASSIGNMENT((#7484));
#7484 = SURFACE_STYLE_USAGE(.BOTH.,#7485);
#7485 = SURFACE_SIDE_STYLE('',(#7486));
#7486 = SURFACE_STYLE_FILL_AREA(#7487);
#7487 = FILL_AREA_STYLE('',(#7488));
#7488 = FILL_AREA_STYLE_COLOUR('',#7460);
#7489 = STYLED_ITEM('color',(#7490),#6332);
#7490 = PRESENTATION_STYLE_ASSIGNMENT((#7491));
#7491 = SURFACE_STYLE_USAGE(.BOTH.,#7492);
#7492 = SURFACE_SIDE_STYLE('',(#7493));
#7493 = SURFACE_STYLE_FILL_AREA(#7494);
#7494 = FILL_AREA_STYLE('',(#7495));
#7495 = FILL_AREA_STYLE_COLOUR('',#7460);
#7496 = MECHANICAL_DESIGN_GEOMETRIC_PRESENTATION_REPRESENTATION('',(
    #7497,#7505,#7512,#7519),#7441);
#7497 = STYLED_ITEM('color',(#7498),#6681);
#7498 = PRESENTATION_STYLE_ASSIGNMENT((#7499));
#7499 = SURFACE_STYLE_USAGE(.BOTH.,#7500);
#7500 = SURFACE_SIDE_STYLE('',(#7501));
#7501 = SURFACE_STYLE_FILL_AREA(#7502);
#7502 = FILL_AREA_STYLE('',(#7503));
#7503 = FILL_AREA_STYLE_COLOUR('',#7504);
#7504 = COLOUR_RGB('',0.910000008889,0.439999992444,0.319999999843);
#7505 = STYLED_ITEM('color',(#7506),#6871);
#7506 = PRESENTATION_STYLE_ASSIGNMENT((#7507));
#7507 = SURFACE_STYLE_USAGE(.BOTH.,#7508);
#7508 = SURFACE_SIDE_STYLE('',(#7509));
#7509 = SURFACE_STYLE_FILL_AREA(#7510);
#7510 = FILL_AREA_STYLE('',(#7511));
#7511 = FILL_AREA_STYLE_COLOUR('',#7504);
#7512 = STYLED_ITEM('color',(#7513),#7061);
#7513 = PRESENTATION_STYLE_ASSIGNMENT((#7514));
#7514 = SURFACE_STYLE_USAGE(.BOTH.,#7515);
#7515 = SURFACE_SIDE_STYLE('',(#7516));
#7516 = SURFACE_STYLE_FILL_AREA(#7517);
#7517 = FILL_AREA_STYLE('',(#7518));
#7518 = FILL_AREA_STYLE_COLOUR('',#7504);
#7519 = STYLED_ITEM('color',(#7520),#7251);
#7520 = PRESENTATION_STYLE_ASSIGNMENT((#7521));
#7521 = SURFACE_STYLE_USAGE(.BOTH.,#7522);
#7522 = SURFACE_SIDE_STYLE('',(#7523));
#7523 = SURFACE_STYLE_FILL_AREA(#7524);
#7524 = FILL_AREA_STYLE('',(#7525));
#7525 = FILL_AREA_STYLE_COLOUR('',#7504);
#7526 = MECHANICAL_DESIGN_GEOMETRIC_PRESENTATION_REPRESENTATION('',(
    #7527,#7537),#5115);
#7527 = STYLED_ITEM('color',(#7528),#4735);
#7528 = PRESENTATION_STYLE_ASSIGNMENT((#7529));
#7529 = SURFACE_STYLE_USAGE(.BOTH.,#7530);
#7530 = SURFACE_SIDE_STYLE('',(#7531,#7535));
#7531 = SURFACE_STYLE_FILL_AREA(#7532);
#7532 = FILL_AREA_STYLE('',(#7533));
#7533 = FILL_AREA_STYLE_COLOUR('',#7534);
#7534 = COLOUR_RGB('',0.1599999992,0.620000000292,0.56000001326);
#7535 = SURFACE_STYLE_RENDERING_WITH_PROPERTIES(.NORMAL_SHADING.,#7534,(
    #7536));
#7536 = SURFACE_STYLE_TRANSPARENT(0.379999995232);
#7537 = STYLED_ITEM('color',(#7538),#4925);
#7538 = PRESENTATION_STYLE_ASSIGNMENT((#7539));
#7539 = SURFACE_STYLE_USAGE(.BOTH.,#7540);
#7540 = SURFACE_SIDE_STYLE('',(#7541,#7544));
#7541 = SURFACE_STYLE_FILL_AREA(#7542);
#7542 = FILL_AREA_STYLE('',(#7543));
#7543 = FILL_AREA_STYLE_COLOUR('',#7534);
#7544 = SURFACE_STYLE_RENDERING_WITH_PROPERTIES(.NORMAL_SHADING.,#7534,(
    #7545));
#7545 = SURFACE_STYLE_TRANSPARENT(0.379999995232);
#7546 = MECHANICAL_DESIGN_GEOMETRIC_PRESENTATION_REPRESENTATION('',(
    #7547,#7555,#7562,#7569,#7576,#7583,#7590),#1151);
#7547 = STYLED_ITEM('color',(#7548),#49);
#7548 = PRESENTATION_STYLE_ASSIGNMENT((#7549));
#7549 = SURFACE_STYLE_USAGE(.BOTH.,#7550);
#7550 = SURFACE_SIDE_STYLE('',(#7551));
#7551 = SURFACE_STYLE_FILL_AREA(#7552);
#7552 = FILL_AREA_STYLE('',(#7553));
#7553 = FILL_AREA_STYLE_COLOUR('',#7554);
#7554 = COLOUR_RGB('',0.959999986217,0.640000008347,0.380000002513);
#7555 = STYLED_ITEM('color',(#7556),#147);
#7556 = PRESENTATION_STYLE_ASSIGNMENT((#7557));
#7557 = SURFACE_STYLE_USAGE(.BOTH.,#7558);
#7558 = SURFACE_SIDE_STYLE('',(#7559));
#7559 = SURFACE_STYLE_FILL_AREA(#7560);
#7560 = FILL_AREA_STYLE('',(#7561));
#7561 = FILL_AREA_STYLE_COLOUR('',#7554);
#7562 = STYLED_ITEM('color',(#7563),#245);
#7563 = PRESENTATION_STYLE_ASSIGNMENT((#7564));
#7564 = SURFACE_STYLE_USAGE(.BOTH.,#7565);
#7565 = SURFACE_SIDE_STYLE('',(#7566));
#7566 = SURFACE_STYLE_FILL_AREA(#7567);
#7567 = FILL_AREA_STYLE('',(#7568));
#7568 = FILL_AREA_STYLE_COLOUR('',#7554);
#7569 = STYLED_ITEM('color',(#7570),#343);
#7570 = PRESENTATION_STYLE_ASSIGNMENT((#7571));
#7571 = SURFACE_STYLE_USAGE(.BOTH.,#7572);
#7572 = SURFACE_SIDE_STYLE('',(#7573));
#7573 = SURFACE_STYLE_FILL_AREA(#7574);
#7574 = FILL_AREA_STYLE('',(#7575));
#7575 = FILL_AREA_STYLE_COLOUR('',#7554);
#7576 = STYLED_ITEM('color',(#7577),#441);
#7577 = PRESENTATION_STYLE_ASSIGNMENT((#7578));
#7578 = SURFACE_STYLE_USAGE(.BOTH.,#7579);
#7579 = SURFACE_SIDE_STYLE('',(#7580));
#7580 = SURFACE_STYLE_FILL_AREA(#7581);
#7581 = FILL_AREA_STYLE('',(#7582));
#7582 = FILL_AREA_STYLE_COLOUR('',#7554);
#7583 = STYLED_ITEM('color',(#7584),#631);
#7584 = PRESENTATION_STYLE_ASSIGNMENT((#7585));
#7585 = SURFACE_STYLE_USAGE(.BOTH.,#7586);
#7586 = SURFACE_SIDE_STYLE('',(#7587));
#7587 = SURFACE_STYLE_FILL_AREA(#7588);
#7588 = FILL_AREA_STYLE('',(#7589));
#7589 = FILL_AREA_STYLE_COLOUR('',#7554);
#7590 = STYLED_ITEM('color',(#7591),#821);
#7591 = PRESENTATION_STYLE_ASSIGNMENT((#7592));
#7592 = SURFACE_STYLE_USAGE(.BOTH.,#7593);
#7593 = SURFACE_SIDE_STYLE('',(#7594));
#7594 = SURFACE_STYLE_FILL_AREA(#7595);
#7595 = FILL_AREA_STYLE('',(#7596));
#7596 = FILL_AREA_STYLE_COLOUR('',#7554);
#7597 = MECHANICAL_DESIGN_GEOMETRIC_PRESENTATION_REPRESENTATION('',(
    #7598,#7606,#7613),#4716);
#7598 = STYLED_ITEM('color',(#7599),#1170);
#7599 = PRESENTATION_STYLE_ASSIGNMENT((#7600));
#7600 = SURFACE_STYLE_USAGE(.BOTH.,#7601);
#7601 = SURFACE_SIDE_STYLE('',(#7602));
#7602 = SURFACE_STYLE_FILL_AREA(#7603);
#7603 = FILL_AREA_STYLE('',(#7604));
#7604 = FILL_AREA_STYLE_COLOUR('',#7605);
#7605 = COLOUR_RGB('',0.24000000363,0.290000003841,0.339999993741);
#7606 = STYLED_ITEM('color',(#7607),#2214);
#7607 = PRESENTATION_STYLE_ASSIGNMENT((#7608));
#7608 = SURFACE_STYLE_USAGE(.BOTH.,#7609);
#7609 = SURFACE_SIDE_STYLE('',(#7610));
#7610 = SURFACE_STYLE_FILL_AREA(#7611);
#7611 = FILL_AREA_STYLE('',(#7612));
#7612 = FILL_AREA_STYLE_COLOUR('',#7605);
#7613 = STYLED_ITEM('color',(#7614),#3258);
#7614 = PRESENTATION_STYLE_ASSIGNMENT((#7615));
#7615 = SURFACE_STYLE_USAGE(.BOTH.,#7616);
#7616 = SURFACE_SIDE_STYLE('',(#7617));
#7617 = SURFACE_STYLE_FILL_AREA(#7618);
#7618 = FILL_AREA_STYLE('',(#7619));
#7619 = FILL_AREA_STYLE_COLOUR('',#7605);
ENDSEC;
END-ISO-10303-21;
