ISO-10303-21;
HEADER;
FILE_DESCRIPTION(('Open CASCADE Model'),'2;1');
FILE_NAME('Open CASCADE Shape Model','2026-08-27T17:38:48',('Author'),(
    'Open CASCADE'),'Open CASCADE STEP processor 7.9','Open CASCADE 7.9'
  ,'Unknown');
FILE_SCHEMA(('AUTOMOTIVE_DESIGN { 1 0 10303 214 1 1 1 1 }'));
ENDSEC;
DATA;
#1 = APPLICATION_PROTOCOL_DEFINITION('international standard',
  'automotive_design',2000,#2);
#2 = APPLICATION_CONTEXT(
  'core data for automotive mechanical design processes');
#3 = SHAPE_DEFINITION_REPRESENTATION(#4,#10);
#4 = PRODUCT_DEFINITION_SHAPE('','',#5);
#5 = PRODUCT_DEFINITION('design','',#6,#9);
#6 = PRODUCT_DEFINITION_FORMATION('','',#7);
#7 = PRODUCT('08_CART_COUPLING','08_CART_COUPLING','',(#8));
#8 = PRODUCT_CONTEXT('',#2,'mechanical');
#9 = PRODUCT_DEFINITION_CONTEXT('part definition',#2,'design');
#10 = SHAPE_REPRESENTATION('',(#11,#15,#19,#23,#27,#31,#35,#39,#43,#47,
    #51,#55,#59,#63,#67,#71,#75,#79,#83,#87,#91,#95,#99,#103,#107,#111,
    #115,#119,#123,#127,#131,#135,#139,#143,#147,#151,#155,#159,#163,
    #167,#171,#175,#179,#183,#187,#191,#195,#199,#203),#207);
#11 = AXIS2_PLACEMENT_3D('',#12,#13,#14);
#12 = CARTESIAN_POINT('',(0.,0.,0.));
#13 = DIRECTION('',(0.,0.,1.));
#14 = DIRECTION('',(1.,0.,-0.));
#15 = AXIS2_PLACEMENT_3D('',#16,#17,#18);
#16 = CARTESIAN_POINT('',(0.,0.,0.));
#17 = DIRECTION('',(0.,0.,1.));
#18 = DIRECTION('',(1.,0.,-0.));
#19 = AXIS2_PLACEMENT_3D('',#20,#21,#22);
#20 = CARTESIAN_POINT('',(0.,0.,0.));
#21 = DIRECTION('',(0.,0.,1.));
#22 = DIRECTION('',(1.,0.,-0.));
#23 = AXIS2_PLACEMENT_3D('',#24,#25,#26);
#24 = CARTESIAN_POINT('',(0.,0.,0.));
#25 = DIRECTION('',(0.,0.,1.));
#26 = DIRECTION('',(1.,0.,-0.));
#27 = AXIS2_PLACEMENT_3D('',#28,#29,#30);
#28 = CARTESIAN_POINT('',(0.,0.,0.));
#29 = DIRECTION('',(0.,0.,1.));
#30 = DIRECTION('',(1.,0.,-0.));
#31 = AXIS2_PLACEMENT_3D('',#32,#33,#34);
#32 = CARTESIAN_POINT('',(0.,0.,0.));
#33 = DIRECTION('',(0.,0.,1.));
#34 = DIRECTION('',(1.,0.,-0.));
#35 = AXIS2_PLACEMENT_3D('',#36,#37,#38);
#36 = CARTESIAN_POINT('',(0.,0.,0.));
#37 = DIRECTION('',(0.,0.,1.));
#38 = DIRECTION('',(1.,0.,-0.));
#39 = AXIS2_PLACEMENT_3D('',#40,#41,#42);
#40 = CARTESIAN_POINT('',(0.,0.,0.));
#41 = DIRECTION('',(0.,0.,1.));
#42 = DIRECTION('',(1.,0.,-0.));
#43 = AXIS2_PLACEMENT_3D('',#44,#45,#46);
#44 = CARTESIAN_POINT('',(0.,0.,0.));
#45 = DIRECTION('',(0.,0.,1.));
#46 = DIRECTION('',(1.,0.,-0.));
#47 = AXIS2_PLACEMENT_3D('',#48,#49,#50);
#48 = CARTESIAN_POINT('',(0.,0.,0.));
#49 = DIRECTION('',(0.,0.,1.));
#50 = DIRECTION('',(1.,0.,-0.));
#51 = AXIS2_PLACEMENT_3D('',#52,#53,#54);
#52 = CARTESIAN_POINT('',(0.,0.,0.));
#53 = DIRECTION('',(0.,0.,1.));
#54 = DIRECTION('',(1.,0.,-0.));
#55 = AXIS2_PLACEMENT_3D('',#56,#57,#58);
#56 = CARTESIAN_POINT('',(0.,0.,0.));
#57 = DIRECTION('',(0.,0.,1.));
#58 = DIRECTION('',(1.,0.,-0.));
#59 = AXIS2_PLACEMENT_3D('',#60,#61,#62);
#60 = CARTESIAN_POINT('',(0.,0.,0.));
#61 = DIRECTION('',(0.,0.,1.));
#62 = DIRECTION('',(1.,0.,-0.));
#63 = AXIS2_PLACEMENT_3D('',#64,#65,#66);
#64 = CARTESIAN_POINT('',(0.,0.,0.));
#65 = DIRECTION('',(0.,0.,1.));
#66 = DIRECTION('',(1.,0.,-0.));
#67 = AXIS2_PLACEMENT_3D('',#68,#69,#70);
#68 = CARTESIAN_POINT('',(0.,0.,0.));
#69 = DIRECTION('',(0.,0.,1.));
#70 = DIRECTION('',(1.,0.,-0.));
#71 = AXIS2_PLACEMENT_3D('',#72,#73,#74);
#72 = CARTESIAN_POINT('',(0.,0.,0.));
#73 = DIRECTION('',(0.,0.,1.));
#74 = DIRECTION('',(1.,0.,-0.));
#75 = AXIS2_PLACEMENT_3D('',#76,#77,#78);
#76 = CARTESIAN_POINT('',(0.,0.,0.));
#77 = DIRECTION('',(0.,0.,1.));
#78 = DIRECTION('',(1.,0.,-0.));
#79 = AXIS2_PLACEMENT_3D('',#80,#81,#82);
#80 = CARTESIAN_POINT('',(0.,0.,0.));
#81 = DIRECTION('',(0.,0.,1.));
#82 = DIRECTION('',(1.,0.,-0.));
#83 = AXIS2_PLACEMENT_3D('',#84,#85,#86);
#84 = CARTESIAN_POINT('',(0.,0.,0.));
#85 = DIRECTION('',(0.,0.,1.));
#86 = DIRECTION('',(1.,0.,-0.));
#87 = AXIS2_PLACEMENT_3D('',#88,#89,#90);
#88 = CARTESIAN_POINT('',(0.,0.,0.));
#89 = DIRECTION('',(0.,0.,1.));
#90 = DIRECTION('',(1.,0.,-0.));
#91 = AXIS2_PLACEMENT_3D('',#92,#93,#94);
#92 = CARTESIAN_POINT('',(0.,0.,0.));
#93 = DIRECTION('',(0.,0.,1.));
#94 = DIRECTION('',(1.,0.,-0.));
#95 = AXIS2_PLACEMENT_3D('',#96,#97,#98);
#96 = CARTESIAN_POINT('',(0.,0.,0.));
#97 = DIRECTION('',(0.,0.,1.));
#98 = DIRECTION('',(1.,0.,-0.));
#99 = AXIS2_PLACEMENT_3D('',#100,#101,#102);
#100 = CARTESIAN_POINT('',(0.,0.,0.));
#101 = DIRECTION('',(0.,0.,1.));
#102 = DIRECTION('',(1.,0.,-0.));
#103 = AXIS2_PLACEMENT_3D('',#104,#105,#106);
#104 = CARTESIAN_POINT('',(0.,0.,0.));
#105 = DIRECTION('',(0.,0.,1.));
#106 = DIRECTION('',(1.,0.,-0.));
#107 = AXIS2_PLACEMENT_3D('',#108,#109,#110);
#108 = CARTESIAN_POINT('',(0.,0.,0.));
#109 = DIRECTION('',(0.,0.,1.));
#110 = DIRECTION('',(1.,0.,-0.));
#111 = AXIS2_PLACEMENT_3D('',#112,#113,#114);
#112 = CARTESIAN_POINT('',(0.,0.,0.));
#113 = DIRECTION('',(0.,0.,1.));
#114 = DIRECTION('',(1.,0.,-0.));
#115 = AXIS2_PLACEMENT_3D('',#116,#117,#118);
#116 = CARTESIAN_POINT('',(0.,0.,0.));
#117 = DIRECTION('',(0.,0.,1.));
#118 = DIRECTION('',(1.,0.,-0.));
#119 = AXIS2_PLACEMENT_3D('',#120,#121,#122);
#120 = CARTESIAN_POINT('',(0.,0.,0.));
#121 = DIRECTION('',(0.,0.,1.));
#122 = DIRECTION('',(1.,0.,-0.));
#123 = AXIS2_PLACEMENT_3D('',#124,#125,#126);
#124 = CARTESIAN_POINT('',(0.,0.,0.));
#125 = DIRECTION('',(0.,0.,1.));
#126 = DIRECTION('',(1.,0.,-0.));
#127 = AXIS2_PLACEMENT_3D('',#128,#129,#130);
#128 = CARTESIAN_POINT('',(0.,0.,0.));
#129 = DIRECTION('',(0.,0.,1.));
#130 = DIRECTION('',(1.,0.,-0.));
#131 = AXIS2_PLACEMENT_3D('',#132,#133,#134);
#132 = CARTESIAN_POINT('',(0.,0.,0.));
#133 = DIRECTION('',(0.,0.,1.));
#134 = DIRECTION('',(1.,0.,-0.));
#135 = AXIS2_PLACEMENT_3D('',#136,#137,#138);
#136 = CARTESIAN_POINT('',(0.,0.,0.));
#137 = DIRECTION('',(0.,0.,1.));
#138 = DIRECTION('',(1.,0.,-0.));
#139 = AXIS2_PLACEMENT_3D('',#140,#141,#142);
#140 = CARTESIAN_POINT('',(0.,0.,0.));
#141 = DIRECTION('',(0.,0.,1.));
#142 = DIRECTION('',(1.,0.,-0.));
#143 = AXIS2_PLACEMENT_3D('',#144,#145,#146);
#144 = CARTESIAN_POINT('',(0.,0.,0.));
#145 = DIRECTION('',(0.,0.,1.));
#146 = DIRECTION('',(1.,0.,-0.));
#147 = AXIS2_PLACEMENT_3D('',#148,#149,#150);
#148 = CARTESIAN_POINT('',(0.,0.,0.));
#149 = DIRECTION('',(0.,0.,1.));
#150 = DIRECTION('',(1.,0.,-0.));
#151 = AXIS2_PLACEMENT_3D('',#152,#153,#154);
#152 = CARTESIAN_POINT('',(0.,0.,0.));
#153 = DIRECTION('',(0.,0.,1.));
#154 = DIRECTION('',(1.,0.,-0.));
#155 = AXIS2_PLACEMENT_3D('',#156,#157,#158);
#156 = CARTESIAN_POINT('',(0.,0.,0.));
#157 = DIRECTION('',(0.,0.,1.));
#158 = DIRECTION('',(1.,0.,-0.));
#159 = AXIS2_PLACEMENT_3D('',#160,#161,#162);
#160 = CARTESIAN_POINT('',(0.,0.,0.));
#161 = DIRECTION('',(0.,0.,1.));
#162 = DIRECTION('',(1.,0.,-0.));
#163 = AXIS2_PLACEMENT_3D('',#164,#165,#166);
#164 = CARTESIAN_POINT('',(0.,0.,0.));
#165 = DIRECTION('',(0.,0.,1.));
#166 = DIRECTION('',(1.,0.,-0.));
#167 = AXIS2_PLACEMENT_3D('',#168,#169,#170);
#168 = CARTESIAN_POINT('',(0.,0.,0.));
#169 = DIRECTION('',(0.,0.,1.));
#170 = DIRECTION('',(1.,0.,-0.));
#171 = AXIS2_PLACEMENT_3D('',#172,#173,#174);
#172 = CARTESIAN_POINT('',(0.,0.,0.));
#173 = DIRECTION('',(0.,0.,1.));
#174 = DIRECTION('',(1.,0.,-0.));
#175 = AXIS2_PLACEMENT_3D('',#176,#177,#178);
#176 = CARTESIAN_POINT('',(0.,0.,0.));
#177 = DIRECTION('',(0.,0.,1.));
#178 = DIRECTION('',(1.,0.,-0.));
#179 = AXIS2_PLACEMENT_3D('',#180,#181,#182);
#180 = CARTESIAN_POINT('',(0.,0.,0.));
#181 = DIRECTION('',(0.,0.,1.));
#182 = DIRECTION('',(1.,0.,-0.));
#183 = AXIS2_PLACEMENT_3D('',#184,#185,#186);
#184 = CARTESIAN_POINT('',(0.,0.,0.));
#185 = DIRECTION('',(0.,0.,1.));
#186 = DIRECTION('',(1.,0.,-0.));
#187 = AXIS2_PLACEMENT_3D('',#188,#189,#190);
#188 = CARTESIAN_POINT('',(0.,0.,0.));
#189 = DIRECTION('',(0.,0.,1.));
#190 = DIRECTION('',(1.,0.,-0.));
#191 = AXIS2_PLACEMENT_3D('',#192,#193,#194);
#192 = CARTESIAN_POINT('',(0.,0.,0.));
#193 = DIRECTION('',(0.,0.,1.));
#194 = DIRECTION('',(1.,0.,-0.));
#195 = AXIS2_PLACEMENT_3D('',#196,#197,#198);
#196 = CARTESIAN_POINT('',(0.,0.,0.));
#197 = DIRECTION('',(0.,0.,1.));
#198 = DIRECTION('',(1.,0.,-0.));
#199 = AXIS2_PLACEMENT_3D('',#200,#201,#202);
#200 = CARTESIAN_POINT('',(0.,0.,0.));
#201 = DIRECTION('',(0.,0.,1.));
#202 = DIRECTION('',(1.,0.,-0.));
#203 = AXIS2_PLACEMENT_3D('',#204,#205,#206);
#204 = CARTESIAN_POINT('',(0.,0.,0.));
#205 = DIRECTION('',(0.,0.,1.));
#206 = DIRECTION('',(1.,0.,-0.));
#207 = ( GEOMETRIC_REPRESENTATION_CONTEXT(3) 
GLOBAL_UNCERTAINTY_ASSIGNED_CONTEXT((#211)) GLOBAL_UNIT_ASSIGNED_CONTEXT
((#208,#209,#210)) REPRESENTATION_CONTEXT('Context #1',
  '3D Context with UNIT and UNCERTAINTY') );
#208 = ( LENGTH_UNIT() NAMED_UNIT(*) SI_UNIT(.MILLI.,.METRE.) );
#209 = ( NAMED_UNIT(*) PLANE_ANGLE_UNIT() SI_UNIT($,.RADIAN.) );
#210 = ( NAMED_UNIT(*) SI_UNIT($,.STERADIAN.) SOLID_ANGLE_UNIT() );
#211 = UNCERTAINTY_MEASURE_WITH_UNIT(LENGTH_MEASURE(1.E-07),#208,
  'distance_accuracy_value','confusion accuracy');
#212 = PRODUCT_RELATED_PRODUCT_CATEGORY('part',$,(#7));
#213 = SHAPE_DEFINITION_REPRESENTATION(#214,#220);
#214 = PRODUCT_DEFINITION_SHAPE('','',#215);
#215 = PRODUCT_DEFINITION('design','',#216,#219);
#216 = PRODUCT_DEFINITION_FORMATION('','',#217);
#217 = PRODUCT('NVR-C01_receiver_rail_1','NVR-C01_receiver_rail_1','',(
    #218));
#218 = PRODUCT_CONTEXT('',#2,'mechanical');
#219 = PRODUCT_DEFINITION_CONTEXT('part definition',#2,'design');
#220 = ADVANCED_BREP_SHAPE_REPRESENTATION('',(#11,#221),#1843);
#221 = MANIFOLD_SOLID_BREP('',#222);
#222 = CLOSED_SHELL('',(#223,#802,#878,#927,#974,#1021,#1068,#1115,#1162
    ,#1209,#1258,#1307,#1356,#1405,#1452,#1499,#1546,#1593,#1640,#1687,
    #1736,#1763,#1817));
#223 = ADVANCED_FACE('',(#224,#767),#238,.F.);
#224 = FACE_BOUND('',#225,.F.);
#225 = EDGE_LOOP('',(#226,#261,#289,#315,#341,#367,#395,#423,#449,#475,
    #501,#529,#557,#583,#609,#635,#663,#691,#717,#743));
#226 = ORIENTED_EDGE('',*,*,#227,.F.);
#227 = EDGE_CURVE('',#228,#230,#232,.T.);
#228 = VERTEX_POINT('',#229);
#229 = CARTESIAN_POINT('',(-380.,-280.,360.));
#230 = VERTEX_POINT('',#231);
#231 = CARTESIAN_POINT('',(-380.,-264.,360.));
#232 = SURFACE_CURVE('',#233,(#237,#249),.PCURVE_S1.);
#233 = LINE('',#234,#235);
#234 = CARTESIAN_POINT('',(-380.,-280.,360.));
#235 = VECTOR('',#236,1.);
#236 = DIRECTION('',(0.,1.,0.));
#237 = PCURVE('',#238,#243);
#238 = PLANE('',#239);
#239 = AXIS2_PLACEMENT_3D('',#240,#241,#242);
#240 = CARTESIAN_POINT('',(-380.,-280.,320.));
#241 = DIRECTION('',(1.,0.,0.));
#242 = DIRECTION('',(0.,0.,1.));
#243 = DEFINITIONAL_REPRESENTATION('',(#244),#248);
#244 = LINE('',#245,#246);
#245 = CARTESIAN_POINT('',(40.,0.));
#246 = VECTOR('',#247,1.);
#247 = DIRECTION('',(0.,-1.));
#248 = ( GEOMETRIC_REPRESENTATION_CONTEXT(2) 
PARAMETRIC_REPRESENTATION_CONTEXT() REPRESENTATION_CONTEXT('2D SPACE',''
  ) );
#249 = PCURVE('',#250,#255);
#250 = PLANE('',#251);
#251 = AXIS2_PLACEMENT_3D('',#252,#253,#254);
#252 = CARTESIAN_POINT('',(-380.,-280.,360.));
#253 = DIRECTION('',(0.,0.,1.));
#254 = DIRECTION('',(1.,0.,0.));
#255 = DEFINITIONAL_REPRESENTATION('',(#256),#260);
#256 = LINE('',#257,#258);
#257 = CARTESIAN_POINT('',(0.,0.));
#258 = VECTOR('',#259,1.);
#259 = DIRECTION('',(0.,1.));
#260 = ( GEOMETRIC_REPRESENTATION_CONTEXT(2) 
PARAMETRIC_REPRESENTATION_CONTEXT() REPRESENTATION_CONTEXT('2D SPACE',''
  ) );
#261 = ORIENTED_EDGE('',*,*,#262,.F.);
#262 = EDGE_CURVE('',#263,#228,#265,.T.);
#263 = VERTEX_POINT('',#264);
#264 = CARTESIAN_POINT('',(-380.,-280.,344.));
#265 = SURFACE_CURVE('',#266,(#270,#277),.PCURVE_S1.);
#266 = LINE('',#267,#268);
#267 = CARTESIAN_POINT('',(-380.,-280.,320.));
#268 = VECTOR('',#269,1.);
#269 = DIRECTION('',(0.,0.,1.));
#270 = PCURVE('',#238,#271);
#271 = DEFINITIONAL_REPRESENTATION('',(#272),#276);
#272 = LINE('',#273,#274);
#273 = CARTESIAN_POINT('',(0.,0.));
#274 = VECTOR('',#275,1.);
#275 = DIRECTION('',(1.,0.));
#276 = ( GEOMETRIC_REPRESENTATION_CONTEXT(2) 
PARAMETRIC_REPRESENTATION_CONTEXT() REPRESENTATION_CONTEXT('2D SPACE',''
  ) );
#277 = PCURVE('',#278,#283);
#278 = PLANE('',#279);
#279 = AXIS2_PLACEMENT_3D('',#280,#281,#282);
#280 = CARTESIAN_POINT('',(-380.,-280.,320.));
#281 = DIRECTION('',(0.,1.,0.));
#282 = DIRECTION('',(0.,0.,1.));
#283 = DEFINITIONAL_REPRESENTATION('',(#284),#288);
#284 = LINE('',#285,#286);
#285 = CARTESIAN_POINT('',(0.,0.));
#286 = VECTOR('',#287,1.);
#287 = DIRECTION('',(1.,0.));
#288 = ( GEOMETRIC_REPRESENTATION_CONTEXT(2) 
PARAMETRIC_REPRESENTATION_CONTEXT() REPRESENTATION_CONTEXT('2D SPACE',''
  ) );
#289 = ORIENTED_EDGE('',*,*,#290,.F.);
#290 = EDGE_CURVE('',#291,#263,#293,.T.);
#291 = VERTEX_POINT('',#292);
#292 = CARTESIAN_POINT('',(-380.,-274.,344.));
#293 = SURFACE_CURVE('',#294,(#298,#304),.PCURVE_S1.);
#294 = LINE('',#295,#296);
#295 = CARTESIAN_POINT('',(-380.,-280.,344.));
#296 = VECTOR('',#297,1.);
#297 = DIRECTION('',(0.,-1.,0.));
#298 = PCURVE('',#238,#299);
#299 = DEFINITIONAL_REPRESENTATION('',(#300),#303);
#300 = B_SPLINE_CURVE_WITH_KNOTS('',1,(#301,#302),.UNSPECIFIED.,.F.,.F.,
  (2,2),(-6.,0.),.PIECEWISE_BEZIER_KNOTS.);
#301 = CARTESIAN_POINT('',(24.,-6.));
#302 = CARTESIAN_POINT('',(24.,0.));
#303 = ( GEOMETRIC_REPRESENTATION_CONTEXT(2) 
PARAMETRIC_REPRESENTATION_CONTEXT() REPRESENTATION_CONTEXT('2D SPACE',''
  ) );
#304 = PCURVE('',#305,#310);
#305 = PLANE('',#306);
#306 = AXIS2_PLACEMENT_3D('',#307,#308,#309);
#307 = CARTESIAN_POINT('',(-381.,-280.,344.));
#308 = DIRECTION('',(0.,0.,1.));
#309 = DIRECTION('',(1.,0.,0.));
#310 = DEFINITIONAL_REPRESENTATION('',(#311),#314);
#311 = B_SPLINE_CURVE_WITH_KNOTS('',1,(#312,#313),.UNSPECIFIED.,.F.,.F.,
  (2,2),(-6.,0.),.PIECEWISE_BEZIER_KNOTS.);
#312 = CARTESIAN_POINT('',(1.,6.));
#313 = CARTESIAN_POINT('',(1.,0.));
#314 = ( GEOMETRIC_REPRESENTATION_CONTEXT(2) 
PARAMETRIC_REPRESENTATION_CONTEXT() REPRESENTATION_CONTEXT('2D SPACE',''
  ) );
#315 = ORIENTED_EDGE('',*,*,#316,.F.);
#316 = EDGE_CURVE('',#317,#291,#319,.T.);
#317 = VERTEX_POINT('',#318);
#318 = CARTESIAN_POINT('',(-380.,-274.,336.));
#319 = SURFACE_CURVE('',#320,(#324,#330),.PCURVE_S1.);
#320 = LINE('',#321,#322);
#321 = CARTESIAN_POINT('',(-380.,-274.,328.));
#322 = VECTOR('',#323,1.);
#323 = DIRECTION('',(0.,0.,1.));
#324 = PCURVE('',#238,#325);
#325 = DEFINITIONAL_REPRESENTATION('',(#326),#329);
#326 = B_SPLINE_CURVE_WITH_KNOTS('',1,(#327,#328),.UNSPECIFIED.,.F.,.F.,
  (2,2),(8.,16.),.PIECEWISE_BEZIER_KNOTS.);
#327 = CARTESIAN_POINT('',(16.,-6.));
#328 = CARTESIAN_POINT('',(24.,-6.));
#329 = ( GEOMETRIC_REPRESENTATION_CONTEXT(2) 
PARAMETRIC_REPRESENTATION_CONTEXT() REPRESENTATION_CONTEXT('2D SPACE',''
  ) );
#330 = PCURVE('',#331,#336);
#331 = PLANE('',#332);
#332 = AXIS2_PLACEMENT_3D('',#333,#334,#335);
#333 = CARTESIAN_POINT('',(-381.,-274.,336.));
#334 = DIRECTION('',(0.,1.,0.));
#335 = DIRECTION('',(0.,0.,1.));
#336 = DEFINITIONAL_REPRESENTATION('',(#337),#340);
#337 = B_SPLINE_CURVE_WITH_KNOTS('',1,(#338,#339),.UNSPECIFIED.,.F.,.F.,
  (2,2),(8.,16.),.PIECEWISE_BEZIER_KNOTS.);
#338 = CARTESIAN_POINT('',(0.,1.));
#339 = CARTESIAN_POINT('',(8.,1.));
#340 = ( GEOMETRIC_REPRESENTATION_CONTEXT(2) 
PARAMETRIC_REPRESENTATION_CONTEXT() REPRESENTATION_CONTEXT('2D SPACE',''
  ) );
#341 = ORIENTED_EDGE('',*,*,#342,.T.);
#342 = EDGE_CURVE('',#317,#343,#345,.T.);
#343 = VERTEX_POINT('',#344);
#344 = CARTESIAN_POINT('',(-380.,-280.,336.));
#345 = SURFACE_CURVE('',#346,(#350,#356),.PCURVE_S1.);
#346 = LINE('',#347,#348);
#347 = CARTESIAN_POINT('',(-380.,-280.,336.));
#348 = VECTOR('',#349,1.);
#349 = DIRECTION('',(0.,-1.,0.));
#350 = PCURVE('',#238,#351);
#351 = DEFINITIONAL_REPRESENTATION('',(#352),#355);
#352 = B_SPLINE_CURVE_WITH_KNOTS('',1,(#353,#354),.UNSPECIFIED.,.F.,.F.,
  (2,2),(-6.,0.),.PIECEWISE_BEZIER_KNOTS.);
#353 = CARTESIAN_POINT('',(16.,-6.));
#354 = CARTESIAN_POINT('',(16.,0.));
#355 = ( GEOMETRIC_REPRESENTATION_CONTEXT(2) 
PARAMETRIC_REPRESENTATION_CONTEXT() REPRESENTATION_CONTEXT('2D SPACE',''
  ) );
#356 = PCURVE('',#357,#362);
#357 = PLANE('',#358);
#358 = AXIS2_PLACEMENT_3D('',#359,#360,#361);
#359 = CARTESIAN_POINT('',(-381.,-280.,336.));
#360 = DIRECTION('',(0.,0.,1.));
#361 = DIRECTION('',(1.,0.,0.));
#362 = DEFINITIONAL_REPRESENTATION('',(#363),#366);
#363 = B_SPLINE_CURVE_WITH_KNOTS('',1,(#364,#365),.UNSPECIFIED.,.F.,.F.,
  (2,2),(-6.,0.),.PIECEWISE_BEZIER_KNOTS.);
#364 = CARTESIAN_POINT('',(1.,6.));
#365 = CARTESIAN_POINT('',(1.,0.));
#366 = ( GEOMETRIC_REPRESENTATION_CONTEXT(2) 
PARAMETRIC_REPRESENTATION_CONTEXT() REPRESENTATION_CONTEXT('2D SPACE',''
  ) );
#367 = ORIENTED_EDGE('',*,*,#368,.F.);
#368 = EDGE_CURVE('',#369,#343,#371,.T.);
#369 = VERTEX_POINT('',#370);
#370 = CARTESIAN_POINT('',(-380.,-280.,320.));
#371 = SURFACE_CURVE('',#372,(#376,#383),.PCURVE_S1.);
#372 = LINE('',#373,#374);
#373 = CARTESIAN_POINT('',(-380.,-280.,320.));
#374 = VECTOR('',#375,1.);
#375 = DIRECTION('',(0.,0.,1.));
#376 = PCURVE('',#238,#377);
#377 = DEFINITIONAL_REPRESENTATION('',(#378),#382);
#378 = LINE('',#379,#380);
#379 = CARTESIAN_POINT('',(0.,0.));
#380 = VECTOR('',#381,1.);
#381 = DIRECTION('',(1.,0.));
#382 = ( GEOMETRIC_REPRESENTATION_CONTEXT(2) 
PARAMETRIC_REPRESENTATION_CONTEXT() REPRESENTATION_CONTEXT('2D SPACE',''
  ) );
#383 = PCURVE('',#384,#389);
#384 = PLANE('',#385);
#385 = AXIS2_PLACEMENT_3D('',#386,#387,#388);
#386 = CARTESIAN_POINT('',(-380.,-280.,320.));
#387 = DIRECTION('',(0.,1.,0.));
#388 = DIRECTION('',(0.,0.,1.));
#389 = DEFINITIONAL_REPRESENTATION('',(#390),#394);
#390 = LINE('',#391,#392);
#391 = CARTESIAN_POINT('',(0.,0.));
#392 = VECTOR('',#393,1.);
#393 = DIRECTION('',(1.,0.));
#394 = ( GEOMETRIC_REPRESENTATION_CONTEXT(2) 
PARAMETRIC_REPRESENTATION_CONTEXT() REPRESENTATION_CONTEXT('2D SPACE',''
  ) );
#395 = ORIENTED_EDGE('',*,*,#396,.T.);
#396 = EDGE_CURVE('',#369,#397,#399,.T.);
#397 = VERTEX_POINT('',#398);
#398 = CARTESIAN_POINT('',(-380.,-264.,320.));
#399 = SURFACE_CURVE('',#400,(#404,#411),.PCURVE_S1.);
#400 = LINE('',#401,#402);
#401 = CARTESIAN_POINT('',(-380.,-280.,320.));
#402 = VECTOR('',#403,1.);
#403 = DIRECTION('',(0.,1.,0.));
#404 = PCURVE('',#238,#405);
#405 = DEFINITIONAL_REPRESENTATION('',(#406),#410);
#406 = LINE('',#407,#408);
#407 = CARTESIAN_POINT('',(0.,0.));
#408 = VECTOR('',#409,1.);
#409 = DIRECTION('',(0.,-1.));
#410 = ( GEOMETRIC_REPRESENTATION_CONTEXT(2) 
PARAMETRIC_REPRESENTATION_CONTEXT() REPRESENTATION_CONTEXT('2D SPACE',''
  ) );
#411 = PCURVE('',#412,#417);
#412 = PLANE('',#413);
#413 = AXIS2_PLACEMENT_3D('',#414,#415,#416);
#414 = CARTESIAN_POINT('',(-380.,-280.,320.));
#415 = DIRECTION('',(0.,0.,1.));
#416 = DIRECTION('',(1.,0.,0.));
#417 = DEFINITIONAL_REPRESENTATION('',(#418),#422);
#418 = LINE('',#419,#420);
#419 = CARTESIAN_POINT('',(0.,0.));
#420 = VECTOR('',#421,1.);
#421 = DIRECTION('',(0.,1.));
#422 = ( GEOMETRIC_REPRESENTATION_CONTEXT(2) 
PARAMETRIC_REPRESENTATION_CONTEXT() REPRESENTATION_CONTEXT('2D SPACE',''
  ) );
#423 = ORIENTED_EDGE('',*,*,#424,.T.);
#424 = EDGE_CURVE('',#397,#425,#427,.T.);
#425 = VERTEX_POINT('',#426);
#426 = CARTESIAN_POINT('',(-380.,-264.,326.));
#427 = SURFACE_CURVE('',#428,(#432,#438),.PCURVE_S1.);
#428 = LINE('',#429,#430);
#429 = CARTESIAN_POINT('',(-380.,-264.,320.));
#430 = VECTOR('',#431,1.);
#431 = DIRECTION('',(0.,0.,1.));
#432 = PCURVE('',#238,#433);
#433 = DEFINITIONAL_REPRESENTATION('',(#434),#437);
#434 = B_SPLINE_CURVE_WITH_KNOTS('',1,(#435,#436),.UNSPECIFIED.,.F.,.F.,
  (2,2),(0.,6.),.PIECEWISE_BEZIER_KNOTS.);
#435 = CARTESIAN_POINT('',(0.,-16.));
#436 = CARTESIAN_POINT('',(6.,-16.));
#437 = ( GEOMETRIC_REPRESENTATION_CONTEXT(2) 
PARAMETRIC_REPRESENTATION_CONTEXT() REPRESENTATION_CONTEXT('2D SPACE',''
  ) );
#438 = PCURVE('',#439,#444);
#439 = PLANE('',#440);
#440 = AXIS2_PLACEMENT_3D('',#441,#442,#443);
#441 = CARTESIAN_POINT('',(-381.,-264.,320.));
#442 = DIRECTION('',(0.,1.,0.));
#443 = DIRECTION('',(0.,0.,1.));
#444 = DEFINITIONAL_REPRESENTATION('',(#445),#448);
#445 = B_SPLINE_CURVE_WITH_KNOTS('',1,(#446,#447),.UNSPECIFIED.,.F.,.F.,
  (2,2),(0.,6.),.PIECEWISE_BEZIER_KNOTS.);
#446 = CARTESIAN_POINT('',(0.,1.));
#447 = CARTESIAN_POINT('',(6.,1.));
#448 = ( GEOMETRIC_REPRESENTATION_CONTEXT(2) 
PARAMETRIC_REPRESENTATION_CONTEXT() REPRESENTATION_CONTEXT('2D SPACE',''
  ) );
#449 = ORIENTED_EDGE('',*,*,#450,.F.);
#450 = EDGE_CURVE('',#451,#425,#453,.T.);
#451 = VERTEX_POINT('',#452);
#452 = CARTESIAN_POINT('',(-380.,-256.,326.));
#453 = SURFACE_CURVE('',#454,(#458,#464),.PCURVE_S1.);
#454 = LINE('',#455,#456);
#455 = CARTESIAN_POINT('',(-380.,-272.,326.));
#456 = VECTOR('',#457,1.);
#457 = DIRECTION('',(0.,-1.,0.));
#458 = PCURVE('',#238,#459);
#459 = DEFINITIONAL_REPRESENTATION('',(#460),#463);
#460 = B_SPLINE_CURVE_WITH_KNOTS('',1,(#461,#462),.UNSPECIFIED.,.F.,.F.,
  (2,2),(-16.,-8.),.PIECEWISE_BEZIER_KNOTS.);
#461 = CARTESIAN_POINT('',(6.,-24.));
#462 = CARTESIAN_POINT('',(6.,-16.));
#463 = ( GEOMETRIC_REPRESENTATION_CONTEXT(2) 
PARAMETRIC_REPRESENTATION_CONTEXT() REPRESENTATION_CONTEXT('2D SPACE',''
  ) );
#464 = PCURVE('',#465,#470);
#465 = PLANE('',#466);
#466 = AXIS2_PLACEMENT_3D('',#467,#468,#469);
#467 = CARTESIAN_POINT('',(-381.,-264.,326.));
#468 = DIRECTION('',(0.,0.,1.));
#469 = DIRECTION('',(1.,0.,0.));
#470 = DEFINITIONAL_REPRESENTATION('',(#471),#474);
#471 = B_SPLINE_CURVE_WITH_KNOTS('',1,(#472,#473),.UNSPECIFIED.,.F.,.F.,
  (2,2),(-16.,-8.),.PIECEWISE_BEZIER_KNOTS.);
#472 = CARTESIAN_POINT('',(1.,8.));
#473 = CARTESIAN_POINT('',(1.,0.));
#474 = ( GEOMETRIC_REPRESENTATION_CONTEXT(2) 
PARAMETRIC_REPRESENTATION_CONTEXT() REPRESENTATION_CONTEXT('2D SPACE',''
  ) );
#475 = ORIENTED_EDGE('',*,*,#476,.F.);
#476 = EDGE_CURVE('',#477,#451,#479,.T.);
#477 = VERTEX_POINT('',#478);
#478 = CARTESIAN_POINT('',(-380.,-256.,320.));
#479 = SURFACE_CURVE('',#480,(#484,#490),.PCURVE_S1.);
#480 = LINE('',#481,#482);
#481 = CARTESIAN_POINT('',(-380.,-256.,320.));
#482 = VECTOR('',#483,1.);
#483 = DIRECTION('',(0.,0.,1.));
#484 = PCURVE('',#238,#485);
#485 = DEFINITIONAL_REPRESENTATION('',(#486),#489);
#486 = B_SPLINE_CURVE_WITH_KNOTS('',1,(#487,#488),.UNSPECIFIED.,.F.,.F.,
  (2,2),(0.,6.),.PIECEWISE_BEZIER_KNOTS.);
#487 = CARTESIAN_POINT('',(0.,-24.));
#488 = CARTESIAN_POINT('',(6.,-24.));
#489 = ( GEOMETRIC_REPRESENTATION_CONTEXT(2) 
PARAMETRIC_REPRESENTATION_CONTEXT() REPRESENTATION_CONTEXT('2D SPACE',''
  ) );
#490 = PCURVE('',#491,#496);
#491 = PLANE('',#492);
#492 = AXIS2_PLACEMENT_3D('',#493,#494,#495);
#493 = CARTESIAN_POINT('',(-381.,-256.,320.));
#494 = DIRECTION('',(0.,1.,0.));
#495 = DIRECTION('',(0.,0.,1.));
#496 = DEFINITIONAL_REPRESENTATION('',(#497),#500);
#497 = B_SPLINE_CURVE_WITH_KNOTS('',1,(#498,#499),.UNSPECIFIED.,.F.,.F.,
  (2,2),(0.,6.),.PIECEWISE_BEZIER_KNOTS.);
#498 = CARTESIAN_POINT('',(0.,1.));
#499 = CARTESIAN_POINT('',(6.,1.));
#500 = ( GEOMETRIC_REPRESENTATION_CONTEXT(2) 
PARAMETRIC_REPRESENTATION_CONTEXT() REPRESENTATION_CONTEXT('2D SPACE',''
  ) );
#501 = ORIENTED_EDGE('',*,*,#502,.T.);
#502 = EDGE_CURVE('',#477,#503,#505,.T.);
#503 = VERTEX_POINT('',#504);
#504 = CARTESIAN_POINT('',(-380.,-240.,320.));
#505 = SURFACE_CURVE('',#506,(#510,#517),.PCURVE_S1.);
#506 = LINE('',#507,#508);
#507 = CARTESIAN_POINT('',(-380.,-280.,320.));
#508 = VECTOR('',#509,1.);
#509 = DIRECTION('',(0.,1.,0.));
#510 = PCURVE('',#238,#511);
#511 = DEFINITIONAL_REPRESENTATION('',(#512),#516);
#512 = LINE('',#513,#514);
#513 = CARTESIAN_POINT('',(0.,0.));
#514 = VECTOR('',#515,1.);
#515 = DIRECTION('',(0.,-1.));
#516 = ( GEOMETRIC_REPRESENTATION_CONTEXT(2) 
PARAMETRIC_REPRESENTATION_CONTEXT() REPRESENTATION_CONTEXT('2D SPACE',''
  ) );
#517 = PCURVE('',#518,#523);
#518 = PLANE('',#519);
#519 = AXIS2_PLACEMENT_3D('',#520,#521,#522);
#520 = CARTESIAN_POINT('',(-380.,-280.,320.));
#521 = DIRECTION('',(0.,0.,1.));
#522 = DIRECTION('',(1.,0.,0.));
#523 = DEFINITIONAL_REPRESENTATION('',(#524),#528);
#524 = LINE('',#525,#526);
#525 = CARTESIAN_POINT('',(0.,0.));
#526 = VECTOR('',#527,1.);
#527 = DIRECTION('',(0.,1.));
#528 = ( GEOMETRIC_REPRESENTATION_CONTEXT(2) 
PARAMETRIC_REPRESENTATION_CONTEXT() REPRESENTATION_CONTEXT('2D SPACE',''
  ) );
#529 = ORIENTED_EDGE('',*,*,#530,.T.);
#530 = EDGE_CURVE('',#503,#531,#533,.T.);
#531 = VERTEX_POINT('',#532);
#532 = CARTESIAN_POINT('',(-380.,-240.,336.));
#533 = SURFACE_CURVE('',#534,(#538,#545),.PCURVE_S1.);
#534 = LINE('',#535,#536);
#535 = CARTESIAN_POINT('',(-380.,-240.,320.));
#536 = VECTOR('',#537,1.);
#537 = DIRECTION('',(0.,0.,1.));
#538 = PCURVE('',#238,#539);
#539 = DEFINITIONAL_REPRESENTATION('',(#540),#544);
#540 = LINE('',#541,#542);
#541 = CARTESIAN_POINT('',(0.,-40.));
#542 = VECTOR('',#543,1.);
#543 = DIRECTION('',(1.,0.));
#544 = ( GEOMETRIC_REPRESENTATION_CONTEXT(2) 
PARAMETRIC_REPRESENTATION_CONTEXT() REPRESENTATION_CONTEXT('2D SPACE',''
  ) );
#545 = PCURVE('',#546,#551);
#546 = PLANE('',#547);
#547 = AXIS2_PLACEMENT_3D('',#548,#549,#550);
#548 = CARTESIAN_POINT('',(-380.,-240.,320.));
#549 = DIRECTION('',(0.,1.,0.));
#550 = DIRECTION('',(0.,0.,1.));
#551 = DEFINITIONAL_REPRESENTATION('',(#552),#556);
#552 = LINE('',#553,#554);
#553 = CARTESIAN_POINT('',(0.,0.));
#554 = VECTOR('',#555,1.);
#555 = DIRECTION('',(1.,0.));
#556 = ( GEOMETRIC_REPRESENTATION_CONTEXT(2) 
PARAMETRIC_REPRESENTATION_CONTEXT() REPRESENTATION_CONTEXT('2D SPACE',''
  ) );
#557 = ORIENTED_EDGE('',*,*,#558,.T.);
#558 = EDGE_CURVE('',#531,#559,#561,.T.);
#559 = VERTEX_POINT('',#560);
#560 = CARTESIAN_POINT('',(-380.,-246.,336.));
#561 = SURFACE_CURVE('',#562,(#566,#572),.PCURVE_S1.);
#562 = LINE('',#563,#564);
#563 = CARTESIAN_POINT('',(-380.,-263.,336.));
#564 = VECTOR('',#565,1.);
#565 = DIRECTION('',(0.,-1.,0.));
#566 = PCURVE('',#238,#567);
#567 = DEFINITIONAL_REPRESENTATION('',(#568),#571);
#568 = B_SPLINE_CURVE_WITH_KNOTS('',1,(#569,#570),.UNSPECIFIED.,.F.,.F.,
  (2,2),(-23.,-17.),.PIECEWISE_BEZIER_KNOTS.);
#569 = CARTESIAN_POINT('',(16.,-40.));
#570 = CARTESIAN_POINT('',(16.,-34.));
#571 = ( GEOMETRIC_REPRESENTATION_CONTEXT(2) 
PARAMETRIC_REPRESENTATION_CONTEXT() REPRESENTATION_CONTEXT('2D SPACE',''
  ) );
#572 = PCURVE('',#573,#578);
#573 = PLANE('',#574);
#574 = AXIS2_PLACEMENT_3D('',#575,#576,#577);
#575 = CARTESIAN_POINT('',(-381.,-246.,336.));
#576 = DIRECTION('',(0.,0.,1.));
#577 = DIRECTION('',(1.,0.,0.));
#578 = DEFINITIONAL_REPRESENTATION('',(#579),#582);
#579 = B_SPLINE_CURVE_WITH_KNOTS('',1,(#580,#581),.UNSPECIFIED.,.F.,.F.,
  (2,2),(-23.,-17.),.PIECEWISE_BEZIER_KNOTS.);
#580 = CARTESIAN_POINT('',(1.,6.));
#581 = CARTESIAN_POINT('',(1.,0.));
#582 = ( GEOMETRIC_REPRESENTATION_CONTEXT(2) 
PARAMETRIC_REPRESENTATION_CONTEXT() REPRESENTATION_CONTEXT('2D SPACE',''
  ) );
#583 = ORIENTED_EDGE('',*,*,#584,.T.);
#584 = EDGE_CURVE('',#559,#585,#587,.T.);
#585 = VERTEX_POINT('',#586);
#586 = CARTESIAN_POINT('',(-380.,-246.,344.));
#587 = SURFACE_CURVE('',#588,(#592,#598),.PCURVE_S1.);
#588 = LINE('',#589,#590);
#589 = CARTESIAN_POINT('',(-380.,-246.,328.));
#590 = VECTOR('',#591,1.);
#591 = DIRECTION('',(0.,0.,1.));
#592 = PCURVE('',#238,#593);
#593 = DEFINITIONAL_REPRESENTATION('',(#594),#597);
#594 = B_SPLINE_CURVE_WITH_KNOTS('',1,(#595,#596),.UNSPECIFIED.,.F.,.F.,
  (2,2),(8.,16.),.PIECEWISE_BEZIER_KNOTS.);
#595 = CARTESIAN_POINT('',(16.,-34.));
#596 = CARTESIAN_POINT('',(24.,-34.));
#597 = ( GEOMETRIC_REPRESENTATION_CONTEXT(2) 
PARAMETRIC_REPRESENTATION_CONTEXT() REPRESENTATION_CONTEXT('2D SPACE',''
  ) );
#598 = PCURVE('',#599,#604);
#599 = PLANE('',#600);
#600 = AXIS2_PLACEMENT_3D('',#601,#602,#603);
#601 = CARTESIAN_POINT('',(-381.,-246.,336.));
#602 = DIRECTION('',(0.,1.,0.));
#603 = DIRECTION('',(0.,0.,1.));
#604 = DEFINITIONAL_REPRESENTATION('',(#605),#608);
#605 = B_SPLINE_CURVE_WITH_KNOTS('',1,(#606,#607),.UNSPECIFIED.,.F.,.F.,
  (2,2),(8.,16.),.PIECEWISE_BEZIER_KNOTS.);
#606 = CARTESIAN_POINT('',(0.,1.));
#607 = CARTESIAN_POINT('',(8.,1.));
#608 = ( GEOMETRIC_REPRESENTATION_CONTEXT(2) 
PARAMETRIC_REPRESENTATION_CONTEXT() REPRESENTATION_CONTEXT('2D SPACE',''
  ) );
#609 = ORIENTED_EDGE('',*,*,#610,.F.);
#610 = EDGE_CURVE('',#611,#585,#613,.T.);
#611 = VERTEX_POINT('',#612);
#612 = CARTESIAN_POINT('',(-380.,-240.,344.));
#613 = SURFACE_CURVE('',#614,(#618,#624),.PCURVE_S1.);
#614 = LINE('',#615,#616);
#615 = CARTESIAN_POINT('',(-380.,-263.,344.));
#616 = VECTOR('',#617,1.);
#617 = DIRECTION('',(0.,-1.,0.));
#618 = PCURVE('',#238,#619);
#619 = DEFINITIONAL_REPRESENTATION('',(#620),#623);
#620 = B_SPLINE_CURVE_WITH_KNOTS('',1,(#621,#622),.UNSPECIFIED.,.F.,.F.,
  (2,2),(-23.,-17.),.PIECEWISE_BEZIER_KNOTS.);
#621 = CARTESIAN_POINT('',(24.,-40.));
#622 = CARTESIAN_POINT('',(24.,-34.));
#623 = ( GEOMETRIC_REPRESENTATION_CONTEXT(2) 
PARAMETRIC_REPRESENTATION_CONTEXT() REPRESENTATION_CONTEXT('2D SPACE',''
  ) );
#624 = PCURVE('',#625,#630);
#625 = PLANE('',#626);
#626 = AXIS2_PLACEMENT_3D('',#627,#628,#629);
#627 = CARTESIAN_POINT('',(-381.,-246.,344.));
#628 = DIRECTION('',(0.,0.,1.));
#629 = DIRECTION('',(1.,0.,0.));
#630 = DEFINITIONAL_REPRESENTATION('',(#631),#634);
#631 = B_SPLINE_CURVE_WITH_KNOTS('',1,(#632,#633),.UNSPECIFIED.,.F.,.F.,
  (2,2),(-23.,-17.),.PIECEWISE_BEZIER_KNOTS.);
#632 = CARTESIAN_POINT('',(1.,6.));
#633 = CARTESIAN_POINT('',(1.,0.));
#634 = ( GEOMETRIC_REPRESENTATION_CONTEXT(2) 
PARAMETRIC_REPRESENTATION_CONTEXT() REPRESENTATION_CONTEXT('2D SPACE',''
  ) );
#635 = ORIENTED_EDGE('',*,*,#636,.T.);
#636 = EDGE_CURVE('',#611,#637,#639,.T.);
#637 = VERTEX_POINT('',#638);
#638 = CARTESIAN_POINT('',(-380.,-240.,360.));
#639 = SURFACE_CURVE('',#640,(#644,#651),.PCURVE_S1.);
#640 = LINE('',#641,#642);
#641 = CARTESIAN_POINT('',(-380.,-240.,320.));
#642 = VECTOR('',#643,1.);
#643 = DIRECTION('',(0.,0.,1.));
#644 = PCURVE('',#238,#645);
#645 = DEFINITIONAL_REPRESENTATION('',(#646),#650);
#646 = LINE('',#647,#648);
#647 = CARTESIAN_POINT('',(0.,-40.));
#648 = VECTOR('',#649,1.);
#649 = DIRECTION('',(1.,0.));
#650 = ( GEOMETRIC_REPRESENTATION_CONTEXT(2) 
PARAMETRIC_REPRESENTATION_CONTEXT() REPRESENTATION_CONTEXT('2D SPACE',''
  ) );
#651 = PCURVE('',#652,#657);
#652 = PLANE('',#653);
#653 = AXIS2_PLACEMENT_3D('',#654,#655,#656);
#654 = CARTESIAN_POINT('',(-380.,-240.,320.));
#655 = DIRECTION('',(0.,1.,0.));
#656 = DIRECTION('',(0.,0.,1.));
#657 = DEFINITIONAL_REPRESENTATION('',(#658),#662);
#658 = LINE('',#659,#660);
#659 = CARTESIAN_POINT('',(0.,0.));
#660 = VECTOR('',#661,1.);
#661 = DIRECTION('',(1.,0.));
#662 = ( GEOMETRIC_REPRESENTATION_CONTEXT(2) 
PARAMETRIC_REPRESENTATION_CONTEXT() REPRESENTATION_CONTEXT('2D SPACE',''
  ) );
#663 = ORIENTED_EDGE('',*,*,#664,.F.);
#664 = EDGE_CURVE('',#665,#637,#667,.T.);
#665 = VERTEX_POINT('',#666);
#666 = CARTESIAN_POINT('',(-380.,-256.,360.));
#667 = SURFACE_CURVE('',#668,(#672,#679),.PCURVE_S1.);
#668 = LINE('',#669,#670);
#669 = CARTESIAN_POINT('',(-380.,-280.,360.));
#670 = VECTOR('',#671,1.);
#671 = DIRECTION('',(0.,1.,0.));
#672 = PCURVE('',#238,#673);
#673 = DEFINITIONAL_REPRESENTATION('',(#674),#678);
#674 = LINE('',#675,#676);
#675 = CARTESIAN_POINT('',(40.,0.));
#676 = VECTOR('',#677,1.);
#677 = DIRECTION('',(0.,-1.));
#678 = ( GEOMETRIC_REPRESENTATION_CONTEXT(2) 
PARAMETRIC_REPRESENTATION_CONTEXT() REPRESENTATION_CONTEXT('2D SPACE',''
  ) );
#679 = PCURVE('',#680,#685);
#680 = PLANE('',#681);
#681 = AXIS2_PLACEMENT_3D('',#682,#683,#684);
#682 = CARTESIAN_POINT('',(-380.,-280.,360.));
#683 = DIRECTION('',(0.,0.,1.));
#684 = DIRECTION('',(1.,0.,0.));
#685 = DEFINITIONAL_REPRESENTATION('',(#686),#690);
#686 = LINE('',#687,#688);
#687 = CARTESIAN_POINT('',(0.,0.));
#688 = VECTOR('',#689,1.);
#689 = DIRECTION('',(0.,1.));
#690 = ( GEOMETRIC_REPRESENTATION_CONTEXT(2) 
PARAMETRIC_REPRESENTATION_CONTEXT() REPRESENTATION_CONTEXT('2D SPACE',''
  ) );
#691 = ORIENTED_EDGE('',*,*,#692,.F.);
#692 = EDGE_CURVE('',#693,#665,#695,.T.);
#693 = VERTEX_POINT('',#694);
#694 = CARTESIAN_POINT('',(-380.,-256.,354.));
#695 = SURFACE_CURVE('',#696,(#700,#706),.PCURVE_S1.);
#696 = LINE('',#697,#698);
#697 = CARTESIAN_POINT('',(-380.,-256.,337.));
#698 = VECTOR('',#699,1.);
#699 = DIRECTION('',(0.,0.,1.));
#700 = PCURVE('',#238,#701);
#701 = DEFINITIONAL_REPRESENTATION('',(#702),#705);
#702 = B_SPLINE_CURVE_WITH_KNOTS('',1,(#703,#704),.UNSPECIFIED.,.F.,.F.,
  (2,2),(17.,23.),.PIECEWISE_BEZIER_KNOTS.);
#703 = CARTESIAN_POINT('',(34.,-24.));
#704 = CARTESIAN_POINT('',(40.,-24.));
#705 = ( GEOMETRIC_REPRESENTATION_CONTEXT(2) 
PARAMETRIC_REPRESENTATION_CONTEXT() REPRESENTATION_CONTEXT('2D SPACE',''
  ) );
#706 = PCURVE('',#707,#712);
#707 = PLANE('',#708);
#708 = AXIS2_PLACEMENT_3D('',#709,#710,#711);
#709 = CARTESIAN_POINT('',(-381.,-256.,354.));
#710 = DIRECTION('',(0.,1.,0.));
#711 = DIRECTION('',(0.,0.,1.));
#712 = DEFINITIONAL_REPRESENTATION('',(#713),#716);
#713 = B_SPLINE_CURVE_WITH_KNOTS('',1,(#714,#715),.UNSPECIFIED.,.F.,.F.,
  (2,2),(17.,23.),.PIECEWISE_BEZIER_KNOTS.);
#714 = CARTESIAN_POINT('',(0.,1.));
#715 = CARTESIAN_POINT('',(6.,1.));
#716 = ( GEOMETRIC_REPRESENTATION_CONTEXT(2) 
PARAMETRIC_REPRESENTATION_CONTEXT() REPRESENTATION_CONTEXT('2D SPACE',''
  ) );
#717 = ORIENTED_EDGE('',*,*,#718,.T.);
#718 = EDGE_CURVE('',#693,#719,#721,.T.);
#719 = VERTEX_POINT('',#720);
#720 = CARTESIAN_POINT('',(-380.,-264.,354.));
#721 = SURFACE_CURVE('',#722,(#726,#732),.PCURVE_S1.);
#722 = LINE('',#723,#724);
#723 = CARTESIAN_POINT('',(-380.,-272.,354.));
#724 = VECTOR('',#725,1.);
#725 = DIRECTION('',(0.,-1.,0.));
#726 = PCURVE('',#238,#727);
#727 = DEFINITIONAL_REPRESENTATION('',(#728),#731);
#728 = B_SPLINE_CURVE_WITH_KNOTS('',1,(#729,#730),.UNSPECIFIED.,.F.,.F.,
  (2,2),(-16.,-8.),.PIECEWISE_BEZIER_KNOTS.);
#729 = CARTESIAN_POINT('',(34.,-24.));
#730 = CARTESIAN_POINT('',(34.,-16.));
#731 = ( GEOMETRIC_REPRESENTATION_CONTEXT(2) 
PARAMETRIC_REPRESENTATION_CONTEXT() REPRESENTATION_CONTEXT('2D SPACE',''
  ) );
#732 = PCURVE('',#733,#738);
#733 = PLANE('',#734);
#734 = AXIS2_PLACEMENT_3D('',#735,#736,#737);
#735 = CARTESIAN_POINT('',(-381.,-264.,354.));
#736 = DIRECTION('',(0.,0.,1.));
#737 = DIRECTION('',(1.,0.,0.));
#738 = DEFINITIONAL_REPRESENTATION('',(#739),#742);
#739 = B_SPLINE_CURVE_WITH_KNOTS('',1,(#740,#741),.UNSPECIFIED.,.F.,.F.,
  (2,2),(-16.,-8.),.PIECEWISE_BEZIER_KNOTS.);
#740 = CARTESIAN_POINT('',(1.,8.));
#741 = CARTESIAN_POINT('',(1.,0.));
#742 = ( GEOMETRIC_REPRESENTATION_CONTEXT(2) 
PARAMETRIC_REPRESENTATION_CONTEXT() REPRESENTATION_CONTEXT('2D SPACE',''
  ) );
#743 = ORIENTED_EDGE('',*,*,#744,.T.);
#744 = EDGE_CURVE('',#719,#230,#745,.T.);
#745 = SURFACE_CURVE('',#746,(#750,#756),.PCURVE_S1.);
#746 = LINE('',#747,#748);
#747 = CARTESIAN_POINT('',(-380.,-264.,337.));
#748 = VECTOR('',#749,1.);
#749 = DIRECTION('',(0.,0.,1.));
#750 = PCURVE('',#238,#751);
#751 = DEFINITIONAL_REPRESENTATION('',(#752),#755);
#752 = B_SPLINE_CURVE_WITH_KNOTS('',1,(#753,#754),.UNSPECIFIED.,.F.,.F.,
  (2,2),(17.,23.),.PIECEWISE_BEZIER_KNOTS.);
#753 = CARTESIAN_POINT('',(34.,-16.));
#754 = CARTESIAN_POINT('',(40.,-16.));
#755 = ( GEOMETRIC_REPRESENTATION_CONTEXT(2) 
PARAMETRIC_REPRESENTATION_CONTEXT() REPRESENTATION_CONTEXT('2D SPACE',''
  ) );
#756 = PCURVE('',#757,#762);
#757 = PLANE('',#758);
#758 = AXIS2_PLACEMENT_3D('',#759,#760,#761);
#759 = CARTESIAN_POINT('',(-381.,-264.,354.));
#760 = DIRECTION('',(0.,1.,0.));
#761 = DIRECTION('',(0.,0.,1.));
#762 = DEFINITIONAL_REPRESENTATION('',(#763),#766);
#763 = B_SPLINE_CURVE_WITH_KNOTS('',1,(#764,#765),.UNSPECIFIED.,.F.,.F.,
  (2,2),(17.,23.),.PIECEWISE_BEZIER_KNOTS.);
#764 = CARTESIAN_POINT('',(0.,1.));
#765 = CARTESIAN_POINT('',(6.,1.));
#766 = ( GEOMETRIC_REPRESENTATION_CONTEXT(2) 
PARAMETRIC_REPRESENTATION_CONTEXT() REPRESENTATION_CONTEXT('2D SPACE',''
  ) );
#767 = FACE_BOUND('',#768,.F.);
#768 = EDGE_LOOP('',(#769));
#769 = ORIENTED_EDGE('',*,*,#770,.T.);
#770 = EDGE_CURVE('',#771,#771,#773,.T.);
#771 = VERTEX_POINT('',#772);
#772 = CARTESIAN_POINT('',(-380.,-260.,336.5));
#773 = SURFACE_CURVE('',#774,(#779,#790),.PCURVE_S1.);
#774 = CIRCLE('',#775,3.5);
#775 = AXIS2_PLACEMENT_3D('',#776,#777,#778);
#776 = CARTESIAN_POINT('',(-380.,-260.,340.));
#777 = DIRECTION('',(-1.,-0.,-1.110223024625E-16));
#778 = DIRECTION('',(1.110223024625E-16,0.,-1.));
#779 = PCURVE('',#238,#780);
#780 = DEFINITIONAL_REPRESENTATION('',(#781),#789);
#781 = ( BOUNDED_CURVE() B_SPLINE_CURVE(2,(#782,#783,#784,#785,#786,#787
,#788),.UNSPECIFIED.,.T.,.F.) B_SPLINE_CURVE_WITH_KNOTS((1,2,2,2,2,1),(
    -2.094395102393,0.,2.094395102393,4.188790204786,6.28318530718,
8.377580409573),.UNSPECIFIED.) CURVE() GEOMETRIC_REPRESENTATION_ITEM() 
RATIONAL_B_SPLINE_CURVE((1.,0.5,1.,0.5,1.,0.5,1.)) REPRESENTATION_ITEM(
  '') );
#782 = CARTESIAN_POINT('',(16.5,-20.));
#783 = CARTESIAN_POINT('',(16.5,-13.9378221735));
#784 = CARTESIAN_POINT('',(21.75,-16.96891108675));
#785 = CARTESIAN_POINT('',(27.,-20.));
#786 = CARTESIAN_POINT('',(21.75,-23.03108891324));
#787 = CARTESIAN_POINT('',(16.5,-26.06217782649));
#788 = CARTESIAN_POINT('',(16.5,-20.));
#789 = ( GEOMETRIC_REPRESENTATION_CONTEXT(2) 
PARAMETRIC_REPRESENTATION_CONTEXT() REPRESENTATION_CONTEXT('2D SPACE',''
  ) );
#790 = PCURVE('',#791,#796);
#791 = CYLINDRICAL_SURFACE('',#792,3.5);
#792 = AXIS2_PLACEMENT_3D('',#793,#794,#795);
#793 = CARTESIAN_POINT('',(-381.,-260.,340.));
#794 = DIRECTION('',(-1.,-0.,-1.110223024625E-16));
#795 = DIRECTION('',(1.110223024625E-16,0.,-1.));
#796 = DEFINITIONAL_REPRESENTATION('',(#797),#801);
#797 = LINE('',#798,#799);
#798 = CARTESIAN_POINT('',(-6.28318530718,-1.));
#799 = VECTOR('',#800,1.);
#800 = DIRECTION('',(1.,-0.));
#801 = ( GEOMETRIC_REPRESENTATION_CONTEXT(2) 
PARAMETRIC_REPRESENTATION_CONTEXT() REPRESENTATION_CONTEXT('2D SPACE',''
  ) );
#802 = ADVANCED_FACE('',(#803),#250,.T.);
#803 = FACE_BOUND('',#804,.T.);
#804 = EDGE_LOOP('',(#805,#806,#829,#857));
#805 = ORIENTED_EDGE('',*,*,#227,.F.);
#806 = ORIENTED_EDGE('',*,*,#807,.T.);
#807 = EDGE_CURVE('',#228,#808,#810,.T.);
#808 = VERTEX_POINT('',#809);
#809 = CARTESIAN_POINT('',(380.,-280.,360.));
#810 = SURFACE_CURVE('',#811,(#815,#822),.PCURVE_S1.);
#811 = LINE('',#812,#813);
#812 = CARTESIAN_POINT('',(-380.,-280.,360.));
#813 = VECTOR('',#814,1.);
#814 = DIRECTION('',(1.,0.,0.));
#815 = PCURVE('',#250,#816);
#816 = DEFINITIONAL_REPRESENTATION('',(#817),#821);
#817 = LINE('',#818,#819);
#818 = CARTESIAN_POINT('',(0.,0.));
#819 = VECTOR('',#820,1.);
#820 = DIRECTION('',(1.,0.));
#821 = ( GEOMETRIC_REPRESENTATION_CONTEXT(2) 
PARAMETRIC_REPRESENTATION_CONTEXT() REPRESENTATION_CONTEXT('2D SPACE',''
  ) );
#822 = PCURVE('',#278,#823);
#823 = DEFINITIONAL_REPRESENTATION('',(#824),#828);
#824 = LINE('',#825,#826);
#825 = CARTESIAN_POINT('',(40.,0.));
#826 = VECTOR('',#827,1.);
#827 = DIRECTION('',(0.,1.));
#828 = ( GEOMETRIC_REPRESENTATION_CONTEXT(2) 
PARAMETRIC_REPRESENTATION_CONTEXT() REPRESENTATION_CONTEXT('2D SPACE',''
  ) );
#829 = ORIENTED_EDGE('',*,*,#830,.T.);
#830 = EDGE_CURVE('',#808,#831,#833,.T.);
#831 = VERTEX_POINT('',#832);
#832 = CARTESIAN_POINT('',(380.,-264.,360.));
#833 = SURFACE_CURVE('',#834,(#838,#845),.PCURVE_S1.);
#834 = LINE('',#835,#836);
#835 = CARTESIAN_POINT('',(380.,-280.,360.));
#836 = VECTOR('',#837,1.);
#837 = DIRECTION('',(0.,1.,0.));
#838 = PCURVE('',#250,#839);
#839 = DEFINITIONAL_REPRESENTATION('',(#840),#844);
#840 = LINE('',#841,#842);
#841 = CARTESIAN_POINT('',(760.,0.));
#842 = VECTOR('',#843,1.);
#843 = DIRECTION('',(0.,1.));
#844 = ( GEOMETRIC_REPRESENTATION_CONTEXT(2) 
PARAMETRIC_REPRESENTATION_CONTEXT() REPRESENTATION_CONTEXT('2D SPACE',''
  ) );
#845 = PCURVE('',#846,#851);
#846 = PLANE('',#847);
#847 = AXIS2_PLACEMENT_3D('',#848,#849,#850);
#848 = CARTESIAN_POINT('',(380.,-280.,320.));
#849 = DIRECTION('',(1.,0.,0.));
#850 = DIRECTION('',(0.,0.,1.));
#851 = DEFINITIONAL_REPRESENTATION('',(#852),#856);
#852 = LINE('',#853,#854);
#853 = CARTESIAN_POINT('',(40.,0.));
#854 = VECTOR('',#855,1.);
#855 = DIRECTION('',(0.,-1.));
#856 = ( GEOMETRIC_REPRESENTATION_CONTEXT(2) 
PARAMETRIC_REPRESENTATION_CONTEXT() REPRESENTATION_CONTEXT('2D SPACE',''
  ) );
#857 = ORIENTED_EDGE('',*,*,#858,.F.);
#858 = EDGE_CURVE('',#230,#831,#859,.T.);
#859 = SURFACE_CURVE('',#860,(#864,#871),.PCURVE_S1.);
#860 = LINE('',#861,#862);
#861 = CARTESIAN_POINT('',(-381.,-264.,360.));
#862 = VECTOR('',#863,1.);
#863 = DIRECTION('',(1.,0.,0.));
#864 = PCURVE('',#250,#865);
#865 = DEFINITIONAL_REPRESENTATION('',(#866),#870);
#866 = LINE('',#867,#868);
#867 = CARTESIAN_POINT('',(-1.,16.));
#868 = VECTOR('',#869,1.);
#869 = DIRECTION('',(1.,0.));
#870 = ( GEOMETRIC_REPRESENTATION_CONTEXT(2) 
PARAMETRIC_REPRESENTATION_CONTEXT() REPRESENTATION_CONTEXT('2D SPACE',''
  ) );
#871 = PCURVE('',#757,#872);
#872 = DEFINITIONAL_REPRESENTATION('',(#873),#877);
#873 = LINE('',#874,#875);
#874 = CARTESIAN_POINT('',(6.,0.));
#875 = VECTOR('',#876,1.);
#876 = DIRECTION('',(0.,1.));
#877 = ( GEOMETRIC_REPRESENTATION_CONTEXT(2) 
PARAMETRIC_REPRESENTATION_CONTEXT() REPRESENTATION_CONTEXT('2D SPACE',''
  ) );
#878 = ADVANCED_FACE('',(#879),#278,.F.);
#879 = FACE_BOUND('',#880,.F.);
#880 = EDGE_LOOP('',(#881,#904,#925,#926));
#881 = ORIENTED_EDGE('',*,*,#882,.F.);
#882 = EDGE_CURVE('',#883,#808,#885,.T.);
#883 = VERTEX_POINT('',#884);
#884 = CARTESIAN_POINT('',(380.,-280.,344.));
#885 = SURFACE_CURVE('',#886,(#890,#897),.PCURVE_S1.);
#886 = LINE('',#887,#888);
#887 = CARTESIAN_POINT('',(380.,-280.,320.));
#888 = VECTOR('',#889,1.);
#889 = DIRECTION('',(0.,0.,1.));
#890 = PCURVE('',#278,#891);
#891 = DEFINITIONAL_REPRESENTATION('',(#892),#896);
#892 = LINE('',#893,#894);
#893 = CARTESIAN_POINT('',(0.,760.));
#894 = VECTOR('',#895,1.);
#895 = DIRECTION('',(1.,0.));
#896 = ( GEOMETRIC_REPRESENTATION_CONTEXT(2) 
PARAMETRIC_REPRESENTATION_CONTEXT() REPRESENTATION_CONTEXT('2D SPACE',''
  ) );
#897 = PCURVE('',#846,#898);
#898 = DEFINITIONAL_REPRESENTATION('',(#899),#903);
#899 = LINE('',#900,#901);
#900 = CARTESIAN_POINT('',(0.,0.));
#901 = VECTOR('',#902,1.);
#902 = DIRECTION('',(1.,0.));
#903 = ( GEOMETRIC_REPRESENTATION_CONTEXT(2) 
PARAMETRIC_REPRESENTATION_CONTEXT() REPRESENTATION_CONTEXT('2D SPACE',''
  ) );
#904 = ORIENTED_EDGE('',*,*,#905,.F.);
#905 = EDGE_CURVE('',#263,#883,#906,.T.);
#906 = SURFACE_CURVE('',#907,(#911,#918),.PCURVE_S1.);
#907 = LINE('',#908,#909);
#908 = CARTESIAN_POINT('',(-381.,-280.,344.));
#909 = VECTOR('',#910,1.);
#910 = DIRECTION('',(1.,0.,0.));
#911 = PCURVE('',#278,#912);
#912 = DEFINITIONAL_REPRESENTATION('',(#913),#917);
#913 = LINE('',#914,#915);
#914 = CARTESIAN_POINT('',(24.,-1.));
#915 = VECTOR('',#916,1.);
#916 = DIRECTION('',(0.,1.));
#917 = ( GEOMETRIC_REPRESENTATION_CONTEXT(2) 
PARAMETRIC_REPRESENTATION_CONTEXT() REPRESENTATION_CONTEXT('2D SPACE',''
  ) );
#918 = PCURVE('',#305,#919);
#919 = DEFINITIONAL_REPRESENTATION('',(#920),#924);
#920 = LINE('',#921,#922);
#921 = CARTESIAN_POINT('',(0.,0.));
#922 = VECTOR('',#923,1.);
#923 = DIRECTION('',(1.,0.));
#924 = ( GEOMETRIC_REPRESENTATION_CONTEXT(2) 
PARAMETRIC_REPRESENTATION_CONTEXT() REPRESENTATION_CONTEXT('2D SPACE',''
  ) );
#925 = ORIENTED_EDGE('',*,*,#262,.T.);
#926 = ORIENTED_EDGE('',*,*,#807,.T.);
#927 = ADVANCED_FACE('',(#928),#757,.T.);
#928 = FACE_BOUND('',#929,.T.);
#929 = EDGE_LOOP('',(#930,#953,#954,#955));
#930 = ORIENTED_EDGE('',*,*,#931,.F.);
#931 = EDGE_CURVE('',#719,#932,#934,.T.);
#932 = VERTEX_POINT('',#933);
#933 = CARTESIAN_POINT('',(380.,-264.,354.));
#934 = SURFACE_CURVE('',#935,(#939,#946),.PCURVE_S1.);
#935 = LINE('',#936,#937);
#936 = CARTESIAN_POINT('',(-381.,-264.,354.));
#937 = VECTOR('',#938,1.);
#938 = DIRECTION('',(1.,0.,0.));
#939 = PCURVE('',#757,#940);
#940 = DEFINITIONAL_REPRESENTATION('',(#941),#945);
#941 = LINE('',#942,#943);
#942 = CARTESIAN_POINT('',(0.,0.));
#943 = VECTOR('',#944,1.);
#944 = DIRECTION('',(0.,1.));
#945 = ( GEOMETRIC_REPRESENTATION_CONTEXT(2) 
PARAMETRIC_REPRESENTATION_CONTEXT() REPRESENTATION_CONTEXT('2D SPACE',''
  ) );
#946 = PCURVE('',#733,#947);
#947 = DEFINITIONAL_REPRESENTATION('',(#948),#952);
#948 = LINE('',#949,#950);
#949 = CARTESIAN_POINT('',(0.,0.));
#950 = VECTOR('',#951,1.);
#951 = DIRECTION('',(1.,0.));
#952 = ( GEOMETRIC_REPRESENTATION_CONTEXT(2) 
PARAMETRIC_REPRESENTATION_CONTEXT() REPRESENTATION_CONTEXT('2D SPACE',''
  ) );
#953 = ORIENTED_EDGE('',*,*,#744,.T.);
#954 = ORIENTED_EDGE('',*,*,#858,.T.);
#955 = ORIENTED_EDGE('',*,*,#956,.F.);
#956 = EDGE_CURVE('',#932,#831,#957,.T.);
#957 = SURFACE_CURVE('',#958,(#962,#968),.PCURVE_S1.);
#958 = LINE('',#959,#960);
#959 = CARTESIAN_POINT('',(380.,-264.,337.));
#960 = VECTOR('',#961,1.);
#961 = DIRECTION('',(0.,0.,1.));
#962 = PCURVE('',#757,#963);
#963 = DEFINITIONAL_REPRESENTATION('',(#964),#967);
#964 = B_SPLINE_CURVE_WITH_KNOTS('',1,(#965,#966),.UNSPECIFIED.,.F.,.F.,
  (2,2),(17.,23.),.PIECEWISE_BEZIER_KNOTS.);
#965 = CARTESIAN_POINT('',(0.,761.));
#966 = CARTESIAN_POINT('',(6.,761.));
#967 = ( GEOMETRIC_REPRESENTATION_CONTEXT(2) 
PARAMETRIC_REPRESENTATION_CONTEXT() REPRESENTATION_CONTEXT('2D SPACE',''
  ) );
#968 = PCURVE('',#846,#969);
#969 = DEFINITIONAL_REPRESENTATION('',(#970),#973);
#970 = B_SPLINE_CURVE_WITH_KNOTS('',1,(#971,#972),.UNSPECIFIED.,.F.,.F.,
  (2,2),(17.,23.),.PIECEWISE_BEZIER_KNOTS.);
#971 = CARTESIAN_POINT('',(34.,-16.));
#972 = CARTESIAN_POINT('',(40.,-16.));
#973 = ( GEOMETRIC_REPRESENTATION_CONTEXT(2) 
PARAMETRIC_REPRESENTATION_CONTEXT() REPRESENTATION_CONTEXT('2D SPACE',''
  ) );
#974 = ADVANCED_FACE('',(#975),#305,.F.);
#975 = FACE_BOUND('',#976,.F.);
#976 = EDGE_LOOP('',(#977,#1000,#1001,#1002));
#977 = ORIENTED_EDGE('',*,*,#978,.F.);
#978 = EDGE_CURVE('',#291,#979,#981,.T.);
#979 = VERTEX_POINT('',#980);
#980 = CARTESIAN_POINT('',(380.,-274.,344.));
#981 = SURFACE_CURVE('',#982,(#986,#993),.PCURVE_S1.);
#982 = LINE('',#983,#984);
#983 = CARTESIAN_POINT('',(-381.,-274.,344.));
#984 = VECTOR('',#985,1.);
#985 = DIRECTION('',(1.,0.,0.));
#986 = PCURVE('',#305,#987);
#987 = DEFINITIONAL_REPRESENTATION('',(#988),#992);
#988 = LINE('',#989,#990);
#989 = CARTESIAN_POINT('',(0.,6.));
#990 = VECTOR('',#991,1.);
#991 = DIRECTION('',(1.,0.));
#992 = ( GEOMETRIC_REPRESENTATION_CONTEXT(2) 
PARAMETRIC_REPRESENTATION_CONTEXT() REPRESENTATION_CONTEXT('2D SPACE',''
  ) );
#993 = PCURVE('',#331,#994);
#994 = DEFINITIONAL_REPRESENTATION('',(#995),#999);
#995 = LINE('',#996,#997);
#996 = CARTESIAN_POINT('',(8.,0.));
#997 = VECTOR('',#998,1.);
#998 = DIRECTION('',(0.,1.));
#999 = ( GEOMETRIC_REPRESENTATION_CONTEXT(2) 
PARAMETRIC_REPRESENTATION_CONTEXT() REPRESENTATION_CONTEXT('2D SPACE',''
  ) );
#1000 = ORIENTED_EDGE('',*,*,#290,.T.);
#1001 = ORIENTED_EDGE('',*,*,#905,.T.);
#1002 = ORIENTED_EDGE('',*,*,#1003,.F.);
#1003 = EDGE_CURVE('',#979,#883,#1004,.T.);
#1004 = SURFACE_CURVE('',#1005,(#1009,#1015),.PCURVE_S1.);
#1005 = LINE('',#1006,#1007);
#1006 = CARTESIAN_POINT('',(380.,-280.,344.));
#1007 = VECTOR('',#1008,1.);
#1008 = DIRECTION('',(0.,-1.,0.));
#1009 = PCURVE('',#305,#1010);
#1010 = DEFINITIONAL_REPRESENTATION('',(#1011),#1014);
#1011 = B_SPLINE_CURVE_WITH_KNOTS('',1,(#1012,#1013),.UNSPECIFIED.,.F.,
  .F.,(2,2),(-6.,0.),.PIECEWISE_BEZIER_KNOTS.);
#1012 = CARTESIAN_POINT('',(761.,6.));
#1013 = CARTESIAN_POINT('',(761.,0.));
#1014 = ( GEOMETRIC_REPRESENTATION_CONTEXT(2) 
PARAMETRIC_REPRESENTATION_CONTEXT() REPRESENTATION_CONTEXT('2D SPACE',''
  ) );
#1015 = PCURVE('',#846,#1016);
#1016 = DEFINITIONAL_REPRESENTATION('',(#1017),#1020);
#1017 = B_SPLINE_CURVE_WITH_KNOTS('',1,(#1018,#1019),.UNSPECIFIED.,.F.,
  .F.,(2,2),(-6.,0.),.PIECEWISE_BEZIER_KNOTS.);
#1018 = CARTESIAN_POINT('',(24.,-6.));
#1019 = CARTESIAN_POINT('',(24.,0.));
#1020 = ( GEOMETRIC_REPRESENTATION_CONTEXT(2) 
PARAMETRIC_REPRESENTATION_CONTEXT() REPRESENTATION_CONTEXT('2D SPACE',''
  ) );
#1021 = ADVANCED_FACE('',(#1022),#733,.T.);
#1022 = FACE_BOUND('',#1023,.T.);
#1023 = EDGE_LOOP('',(#1024,#1047,#1048,#1049));
#1024 = ORIENTED_EDGE('',*,*,#1025,.F.);
#1025 = EDGE_CURVE('',#693,#1026,#1028,.T.);
#1026 = VERTEX_POINT('',#1027);
#1027 = CARTESIAN_POINT('',(380.,-256.,354.));
#1028 = SURFACE_CURVE('',#1029,(#1033,#1040),.PCURVE_S1.);
#1029 = LINE('',#1030,#1031);
#1030 = CARTESIAN_POINT('',(-381.,-256.,354.));
#1031 = VECTOR('',#1032,1.);
#1032 = DIRECTION('',(1.,0.,0.));
#1033 = PCURVE('',#733,#1034);
#1034 = DEFINITIONAL_REPRESENTATION('',(#1035),#1039);
#1035 = LINE('',#1036,#1037);
#1036 = CARTESIAN_POINT('',(0.,8.));
#1037 = VECTOR('',#1038,1.);
#1038 = DIRECTION('',(1.,0.));
#1039 = ( GEOMETRIC_REPRESENTATION_CONTEXT(2) 
PARAMETRIC_REPRESENTATION_CONTEXT() REPRESENTATION_CONTEXT('2D SPACE',''
  ) );
#1040 = PCURVE('',#707,#1041);
#1041 = DEFINITIONAL_REPRESENTATION('',(#1042),#1046);
#1042 = LINE('',#1043,#1044);
#1043 = CARTESIAN_POINT('',(0.,0.));
#1044 = VECTOR('',#1045,1.);
#1045 = DIRECTION('',(0.,1.));
#1046 = ( GEOMETRIC_REPRESENTATION_CONTEXT(2) 
PARAMETRIC_REPRESENTATION_CONTEXT() REPRESENTATION_CONTEXT('2D SPACE',''
  ) );
#1047 = ORIENTED_EDGE('',*,*,#718,.T.);
#1048 = ORIENTED_EDGE('',*,*,#931,.T.);
#1049 = ORIENTED_EDGE('',*,*,#1050,.F.);
#1050 = EDGE_CURVE('',#1026,#932,#1051,.T.);
#1051 = SURFACE_CURVE('',#1052,(#1056,#1062),.PCURVE_S1.);
#1052 = LINE('',#1053,#1054);
#1053 = CARTESIAN_POINT('',(380.,-272.,354.));
#1054 = VECTOR('',#1055,1.);
#1055 = DIRECTION('',(0.,-1.,0.));
#1056 = PCURVE('',#733,#1057);
#1057 = DEFINITIONAL_REPRESENTATION('',(#1058),#1061);
#1058 = B_SPLINE_CURVE_WITH_KNOTS('',1,(#1059,#1060),.UNSPECIFIED.,.F.,
  .F.,(2,2),(-16.,-8.),.PIECEWISE_BEZIER_KNOTS.);
#1059 = CARTESIAN_POINT('',(761.,8.));
#1060 = CARTESIAN_POINT('',(761.,0.));
#1061 = ( GEOMETRIC_REPRESENTATION_CONTEXT(2) 
PARAMETRIC_REPRESENTATION_CONTEXT() REPRESENTATION_CONTEXT('2D SPACE',''
  ) );
#1062 = PCURVE('',#846,#1063);
#1063 = DEFINITIONAL_REPRESENTATION('',(#1064),#1067);
#1064 = B_SPLINE_CURVE_WITH_KNOTS('',1,(#1065,#1066),.UNSPECIFIED.,.F.,
  .F.,(2,2),(-16.,-8.),.PIECEWISE_BEZIER_KNOTS.);
#1065 = CARTESIAN_POINT('',(34.,-24.));
#1066 = CARTESIAN_POINT('',(34.,-16.));
#1067 = ( GEOMETRIC_REPRESENTATION_CONTEXT(2) 
PARAMETRIC_REPRESENTATION_CONTEXT() REPRESENTATION_CONTEXT('2D SPACE',''
  ) );
#1068 = ADVANCED_FACE('',(#1069),#331,.F.);
#1069 = FACE_BOUND('',#1070,.F.);
#1070 = EDGE_LOOP('',(#1071,#1094,#1095,#1096));
#1071 = ORIENTED_EDGE('',*,*,#1072,.F.);
#1072 = EDGE_CURVE('',#317,#1073,#1075,.T.);
#1073 = VERTEX_POINT('',#1074);
#1074 = CARTESIAN_POINT('',(380.,-274.,336.));
#1075 = SURFACE_CURVE('',#1076,(#1080,#1087),.PCURVE_S1.);
#1076 = LINE('',#1077,#1078);
#1077 = CARTESIAN_POINT('',(-381.,-274.,336.));
#1078 = VECTOR('',#1079,1.);
#1079 = DIRECTION('',(1.,0.,0.));
#1080 = PCURVE('',#331,#1081);
#1081 = DEFINITIONAL_REPRESENTATION('',(#1082),#1086);
#1082 = LINE('',#1083,#1084);
#1083 = CARTESIAN_POINT('',(0.,0.));
#1084 = VECTOR('',#1085,1.);
#1085 = DIRECTION('',(0.,1.));
#1086 = ( GEOMETRIC_REPRESENTATION_CONTEXT(2) 
PARAMETRIC_REPRESENTATION_CONTEXT() REPRESENTATION_CONTEXT('2D SPACE',''
  ) );
#1087 = PCURVE('',#357,#1088);
#1088 = DEFINITIONAL_REPRESENTATION('',(#1089),#1093);
#1089 = LINE('',#1090,#1091);
#1090 = CARTESIAN_POINT('',(0.,6.));
#1091 = VECTOR('',#1092,1.);
#1092 = DIRECTION('',(1.,0.));
#1093 = ( GEOMETRIC_REPRESENTATION_CONTEXT(2) 
PARAMETRIC_REPRESENTATION_CONTEXT() REPRESENTATION_CONTEXT('2D SPACE',''
  ) );
#1094 = ORIENTED_EDGE('',*,*,#316,.T.);
#1095 = ORIENTED_EDGE('',*,*,#978,.T.);
#1096 = ORIENTED_EDGE('',*,*,#1097,.F.);
#1097 = EDGE_CURVE('',#1073,#979,#1098,.T.);
#1098 = SURFACE_CURVE('',#1099,(#1103,#1109),.PCURVE_S1.);
#1099 = LINE('',#1100,#1101);
#1100 = CARTESIAN_POINT('',(380.,-274.,328.));
#1101 = VECTOR('',#1102,1.);
#1102 = DIRECTION('',(0.,0.,1.));
#1103 = PCURVE('',#331,#1104);
#1104 = DEFINITIONAL_REPRESENTATION('',(#1105),#1108);
#1105 = B_SPLINE_CURVE_WITH_KNOTS('',1,(#1106,#1107),.UNSPECIFIED.,.F.,
  .F.,(2,2),(8.,16.),.PIECEWISE_BEZIER_KNOTS.);
#1106 = CARTESIAN_POINT('',(0.,761.));
#1107 = CARTESIAN_POINT('',(8.,761.));
#1108 = ( GEOMETRIC_REPRESENTATION_CONTEXT(2) 
PARAMETRIC_REPRESENTATION_CONTEXT() REPRESENTATION_CONTEXT('2D SPACE',''
  ) );
#1109 = PCURVE('',#846,#1110);
#1110 = DEFINITIONAL_REPRESENTATION('',(#1111),#1114);
#1111 = B_SPLINE_CURVE_WITH_KNOTS('',1,(#1112,#1113),.UNSPECIFIED.,.F.,
  .F.,(2,2),(8.,16.),.PIECEWISE_BEZIER_KNOTS.);
#1112 = CARTESIAN_POINT('',(16.,-6.));
#1113 = CARTESIAN_POINT('',(24.,-6.));
#1114 = ( GEOMETRIC_REPRESENTATION_CONTEXT(2) 
PARAMETRIC_REPRESENTATION_CONTEXT() REPRESENTATION_CONTEXT('2D SPACE',''
  ) );
#1115 = ADVANCED_FACE('',(#1116),#707,.F.);
#1116 = FACE_BOUND('',#1117,.F.);
#1117 = EDGE_LOOP('',(#1118,#1119,#1120,#1143));
#1118 = ORIENTED_EDGE('',*,*,#1025,.F.);
#1119 = ORIENTED_EDGE('',*,*,#692,.T.);
#1120 = ORIENTED_EDGE('',*,*,#1121,.T.);
#1121 = EDGE_CURVE('',#665,#1122,#1124,.T.);
#1122 = VERTEX_POINT('',#1123);
#1123 = CARTESIAN_POINT('',(380.,-256.,360.));
#1124 = SURFACE_CURVE('',#1125,(#1129,#1136),.PCURVE_S1.);
#1125 = LINE('',#1126,#1127);
#1126 = CARTESIAN_POINT('',(-381.,-256.,360.));
#1127 = VECTOR('',#1128,1.);
#1128 = DIRECTION('',(1.,0.,0.));
#1129 = PCURVE('',#707,#1130);
#1130 = DEFINITIONAL_REPRESENTATION('',(#1131),#1135);
#1131 = LINE('',#1132,#1133);
#1132 = CARTESIAN_POINT('',(6.,0.));
#1133 = VECTOR('',#1134,1.);
#1134 = DIRECTION('',(0.,1.));
#1135 = ( GEOMETRIC_REPRESENTATION_CONTEXT(2) 
PARAMETRIC_REPRESENTATION_CONTEXT() REPRESENTATION_CONTEXT('2D SPACE',''
  ) );
#1136 = PCURVE('',#680,#1137);
#1137 = DEFINITIONAL_REPRESENTATION('',(#1138),#1142);
#1138 = LINE('',#1139,#1140);
#1139 = CARTESIAN_POINT('',(-1.,24.));
#1140 = VECTOR('',#1141,1.);
#1141 = DIRECTION('',(1.,0.));
#1142 = ( GEOMETRIC_REPRESENTATION_CONTEXT(2) 
PARAMETRIC_REPRESENTATION_CONTEXT() REPRESENTATION_CONTEXT('2D SPACE',''
  ) );
#1143 = ORIENTED_EDGE('',*,*,#1144,.F.);
#1144 = EDGE_CURVE('',#1026,#1122,#1145,.T.);
#1145 = SURFACE_CURVE('',#1146,(#1150,#1156),.PCURVE_S1.);
#1146 = LINE('',#1147,#1148);
#1147 = CARTESIAN_POINT('',(380.,-256.,337.));
#1148 = VECTOR('',#1149,1.);
#1149 = DIRECTION('',(0.,0.,1.));
#1150 = PCURVE('',#707,#1151);
#1151 = DEFINITIONAL_REPRESENTATION('',(#1152),#1155);
#1152 = B_SPLINE_CURVE_WITH_KNOTS('',1,(#1153,#1154),.UNSPECIFIED.,.F.,
  .F.,(2,2),(17.,23.),.PIECEWISE_BEZIER_KNOTS.);
#1153 = CARTESIAN_POINT('',(0.,761.));
#1154 = CARTESIAN_POINT('',(6.,761.));
#1155 = ( GEOMETRIC_REPRESENTATION_CONTEXT(2) 
PARAMETRIC_REPRESENTATION_CONTEXT() REPRESENTATION_CONTEXT('2D SPACE',''
  ) );
#1156 = PCURVE('',#846,#1157);
#1157 = DEFINITIONAL_REPRESENTATION('',(#1158),#1161);
#1158 = B_SPLINE_CURVE_WITH_KNOTS('',1,(#1159,#1160),.UNSPECIFIED.,.F.,
  .F.,(2,2),(17.,23.),.PIECEWISE_BEZIER_KNOTS.);
#1159 = CARTESIAN_POINT('',(34.,-24.));
#1160 = CARTESIAN_POINT('',(40.,-24.));
#1161 = ( GEOMETRIC_REPRESENTATION_CONTEXT(2) 
PARAMETRIC_REPRESENTATION_CONTEXT() REPRESENTATION_CONTEXT('2D SPACE',''
  ) );
#1162 = ADVANCED_FACE('',(#1163),#357,.T.);
#1163 = FACE_BOUND('',#1164,.T.);
#1164 = EDGE_LOOP('',(#1165,#1166,#1167,#1190));
#1165 = ORIENTED_EDGE('',*,*,#1072,.F.);
#1166 = ORIENTED_EDGE('',*,*,#342,.T.);
#1167 = ORIENTED_EDGE('',*,*,#1168,.T.);
#1168 = EDGE_CURVE('',#343,#1169,#1171,.T.);
#1169 = VERTEX_POINT('',#1170);
#1170 = CARTESIAN_POINT('',(380.,-280.,336.));
#1171 = SURFACE_CURVE('',#1172,(#1176,#1183),.PCURVE_S1.);
#1172 = LINE('',#1173,#1174);
#1173 = CARTESIAN_POINT('',(-381.,-280.,336.));
#1174 = VECTOR('',#1175,1.);
#1175 = DIRECTION('',(1.,0.,0.));
#1176 = PCURVE('',#357,#1177);
#1177 = DEFINITIONAL_REPRESENTATION('',(#1178),#1182);
#1178 = LINE('',#1179,#1180);
#1179 = CARTESIAN_POINT('',(0.,0.));
#1180 = VECTOR('',#1181,1.);
#1181 = DIRECTION('',(1.,0.));
#1182 = ( GEOMETRIC_REPRESENTATION_CONTEXT(2) 
PARAMETRIC_REPRESENTATION_CONTEXT() REPRESENTATION_CONTEXT('2D SPACE',''
  ) );
#1183 = PCURVE('',#384,#1184);
#1184 = DEFINITIONAL_REPRESENTATION('',(#1185),#1189);
#1185 = LINE('',#1186,#1187);
#1186 = CARTESIAN_POINT('',(16.,-1.));
#1187 = VECTOR('',#1188,1.);
#1188 = DIRECTION('',(0.,1.));
#1189 = ( GEOMETRIC_REPRESENTATION_CONTEXT(2) 
PARAMETRIC_REPRESENTATION_CONTEXT() REPRESENTATION_CONTEXT('2D SPACE',''
  ) );
#1190 = ORIENTED_EDGE('',*,*,#1191,.F.);
#1191 = EDGE_CURVE('',#1073,#1169,#1192,.T.);
#1192 = SURFACE_CURVE('',#1193,(#1197,#1203),.PCURVE_S1.);
#1193 = LINE('',#1194,#1195);
#1194 = CARTESIAN_POINT('',(380.,-280.,336.));
#1195 = VECTOR('',#1196,1.);
#1196 = DIRECTION('',(0.,-1.,0.));
#1197 = PCURVE('',#357,#1198);
#1198 = DEFINITIONAL_REPRESENTATION('',(#1199),#1202);
#1199 = B_SPLINE_CURVE_WITH_KNOTS('',1,(#1200,#1201),.UNSPECIFIED.,.F.,
  .F.,(2,2),(-6.,0.),.PIECEWISE_BEZIER_KNOTS.);
#1200 = CARTESIAN_POINT('',(761.,6.));
#1201 = CARTESIAN_POINT('',(761.,0.));
#1202 = ( GEOMETRIC_REPRESENTATION_CONTEXT(2) 
PARAMETRIC_REPRESENTATION_CONTEXT() REPRESENTATION_CONTEXT('2D SPACE',''
  ) );
#1203 = PCURVE('',#846,#1204);
#1204 = DEFINITIONAL_REPRESENTATION('',(#1205),#1208);
#1205 = B_SPLINE_CURVE_WITH_KNOTS('',1,(#1206,#1207),.UNSPECIFIED.,.F.,
  .F.,(2,2),(-6.,0.),.PIECEWISE_BEZIER_KNOTS.);
#1206 = CARTESIAN_POINT('',(16.,-6.));
#1207 = CARTESIAN_POINT('',(16.,0.));
#1208 = ( GEOMETRIC_REPRESENTATION_CONTEXT(2) 
PARAMETRIC_REPRESENTATION_CONTEXT() REPRESENTATION_CONTEXT('2D SPACE',''
  ) );
#1209 = ADVANCED_FACE('',(#1210),#680,.T.);
#1210 = FACE_BOUND('',#1211,.T.);
#1211 = EDGE_LOOP('',(#1212,#1213,#1214,#1237));
#1212 = ORIENTED_EDGE('',*,*,#664,.F.);
#1213 = ORIENTED_EDGE('',*,*,#1121,.T.);
#1214 = ORIENTED_EDGE('',*,*,#1215,.T.);
#1215 = EDGE_CURVE('',#1122,#1216,#1218,.T.);
#1216 = VERTEX_POINT('',#1217);
#1217 = CARTESIAN_POINT('',(380.,-240.,360.));
#1218 = SURFACE_CURVE('',#1219,(#1223,#1230),.PCURVE_S1.);
#1219 = LINE('',#1220,#1221);
#1220 = CARTESIAN_POINT('',(380.,-280.,360.));
#1221 = VECTOR('',#1222,1.);
#1222 = DIRECTION('',(0.,1.,0.));
#1223 = PCURVE('',#680,#1224);
#1224 = DEFINITIONAL_REPRESENTATION('',(#1225),#1229);
#1225 = LINE('',#1226,#1227);
#1226 = CARTESIAN_POINT('',(760.,0.));
#1227 = VECTOR('',#1228,1.);
#1228 = DIRECTION('',(0.,1.));
#1229 = ( GEOMETRIC_REPRESENTATION_CONTEXT(2) 
PARAMETRIC_REPRESENTATION_CONTEXT() REPRESENTATION_CONTEXT('2D SPACE',''
  ) );
#1230 = PCURVE('',#846,#1231);
#1231 = DEFINITIONAL_REPRESENTATION('',(#1232),#1236);
#1232 = LINE('',#1233,#1234);
#1233 = CARTESIAN_POINT('',(40.,0.));
#1234 = VECTOR('',#1235,1.);
#1235 = DIRECTION('',(0.,-1.));
#1236 = ( GEOMETRIC_REPRESENTATION_CONTEXT(2) 
PARAMETRIC_REPRESENTATION_CONTEXT() REPRESENTATION_CONTEXT('2D SPACE',''
  ) );
#1237 = ORIENTED_EDGE('',*,*,#1238,.F.);
#1238 = EDGE_CURVE('',#637,#1216,#1239,.T.);
#1239 = SURFACE_CURVE('',#1240,(#1244,#1251),.PCURVE_S1.);
#1240 = LINE('',#1241,#1242);
#1241 = CARTESIAN_POINT('',(-380.,-240.,360.));
#1242 = VECTOR('',#1243,1.);
#1243 = DIRECTION('',(1.,0.,0.));
#1244 = PCURVE('',#680,#1245);
#1245 = DEFINITIONAL_REPRESENTATION('',(#1246),#1250);
#1246 = LINE('',#1247,#1248);
#1247 = CARTESIAN_POINT('',(0.,40.));
#1248 = VECTOR('',#1249,1.);
#1249 = DIRECTION('',(1.,0.));
#1250 = ( GEOMETRIC_REPRESENTATION_CONTEXT(2) 
PARAMETRIC_REPRESENTATION_CONTEXT() REPRESENTATION_CONTEXT('2D SPACE',''
  ) );
#1251 = PCURVE('',#652,#1252);
#1252 = DEFINITIONAL_REPRESENTATION('',(#1253),#1257);
#1253 = LINE('',#1254,#1255);
#1254 = CARTESIAN_POINT('',(40.,0.));
#1255 = VECTOR('',#1256,1.);
#1256 = DIRECTION('',(0.,1.));
#1257 = ( GEOMETRIC_REPRESENTATION_CONTEXT(2) 
PARAMETRIC_REPRESENTATION_CONTEXT() REPRESENTATION_CONTEXT('2D SPACE',''
  ) );
#1258 = ADVANCED_FACE('',(#1259),#384,.F.);
#1259 = FACE_BOUND('',#1260,.F.);
#1260 = EDGE_LOOP('',(#1261,#1284,#1305,#1306));
#1261 = ORIENTED_EDGE('',*,*,#1262,.F.);
#1262 = EDGE_CURVE('',#1263,#1169,#1265,.T.);
#1263 = VERTEX_POINT('',#1264);
#1264 = CARTESIAN_POINT('',(380.,-280.,320.));
#1265 = SURFACE_CURVE('',#1266,(#1270,#1277),.PCURVE_S1.);
#1266 = LINE('',#1267,#1268);
#1267 = CARTESIAN_POINT('',(380.,-280.,320.));
#1268 = VECTOR('',#1269,1.);
#1269 = DIRECTION('',(0.,0.,1.));
#1270 = PCURVE('',#384,#1271);
#1271 = DEFINITIONAL_REPRESENTATION('',(#1272),#1276);
#1272 = LINE('',#1273,#1274);
#1273 = CARTESIAN_POINT('',(0.,760.));
#1274 = VECTOR('',#1275,1.);
#1275 = DIRECTION('',(1.,0.));
#1276 = ( GEOMETRIC_REPRESENTATION_CONTEXT(2) 
PARAMETRIC_REPRESENTATION_CONTEXT() REPRESENTATION_CONTEXT('2D SPACE',''
  ) );
#1277 = PCURVE('',#846,#1278);
#1278 = DEFINITIONAL_REPRESENTATION('',(#1279),#1283);
#1279 = LINE('',#1280,#1281);
#1280 = CARTESIAN_POINT('',(0.,0.));
#1281 = VECTOR('',#1282,1.);
#1282 = DIRECTION('',(1.,0.));
#1283 = ( GEOMETRIC_REPRESENTATION_CONTEXT(2) 
PARAMETRIC_REPRESENTATION_CONTEXT() REPRESENTATION_CONTEXT('2D SPACE',''
  ) );
#1284 = ORIENTED_EDGE('',*,*,#1285,.F.);
#1285 = EDGE_CURVE('',#369,#1263,#1286,.T.);
#1286 = SURFACE_CURVE('',#1287,(#1291,#1298),.PCURVE_S1.);
#1287 = LINE('',#1288,#1289);
#1288 = CARTESIAN_POINT('',(-380.,-280.,320.));
#1289 = VECTOR('',#1290,1.);
#1290 = DIRECTION('',(1.,0.,0.));
#1291 = PCURVE('',#384,#1292);
#1292 = DEFINITIONAL_REPRESENTATION('',(#1293),#1297);
#1293 = LINE('',#1294,#1295);
#1294 = CARTESIAN_POINT('',(0.,0.));
#1295 = VECTOR('',#1296,1.);
#1296 = DIRECTION('',(0.,1.));
#1297 = ( GEOMETRIC_REPRESENTATION_CONTEXT(2) 
PARAMETRIC_REPRESENTATION_CONTEXT() REPRESENTATION_CONTEXT('2D SPACE',''
  ) );
#1298 = PCURVE('',#412,#1299);
#1299 = DEFINITIONAL_REPRESENTATION('',(#1300),#1304);
#1300 = LINE('',#1301,#1302);
#1301 = CARTESIAN_POINT('',(0.,0.));
#1302 = VECTOR('',#1303,1.);
#1303 = DIRECTION('',(1.,0.));
#1304 = ( GEOMETRIC_REPRESENTATION_CONTEXT(2) 
PARAMETRIC_REPRESENTATION_CONTEXT() REPRESENTATION_CONTEXT('2D SPACE',''
  ) );
#1305 = ORIENTED_EDGE('',*,*,#368,.T.);
#1306 = ORIENTED_EDGE('',*,*,#1168,.T.);
#1307 = ADVANCED_FACE('',(#1308),#652,.T.);
#1308 = FACE_BOUND('',#1309,.T.);
#1309 = EDGE_LOOP('',(#1310,#1333,#1354,#1355));
#1310 = ORIENTED_EDGE('',*,*,#1311,.F.);
#1311 = EDGE_CURVE('',#1312,#1216,#1314,.T.);
#1312 = VERTEX_POINT('',#1313);
#1313 = CARTESIAN_POINT('',(380.,-240.,344.));
#1314 = SURFACE_CURVE('',#1315,(#1319,#1326),.PCURVE_S1.);
#1315 = LINE('',#1316,#1317);
#1316 = CARTESIAN_POINT('',(380.,-240.,320.));
#1317 = VECTOR('',#1318,1.);
#1318 = DIRECTION('',(0.,0.,1.));
#1319 = PCURVE('',#652,#1320);
#1320 = DEFINITIONAL_REPRESENTATION('',(#1321),#1325);
#1321 = LINE('',#1322,#1323);
#1322 = CARTESIAN_POINT('',(0.,760.));
#1323 = VECTOR('',#1324,1.);
#1324 = DIRECTION('',(1.,0.));
#1325 = ( GEOMETRIC_REPRESENTATION_CONTEXT(2) 
PARAMETRIC_REPRESENTATION_CONTEXT() REPRESENTATION_CONTEXT('2D SPACE',''
  ) );
#1326 = PCURVE('',#846,#1327);
#1327 = DEFINITIONAL_REPRESENTATION('',(#1328),#1332);
#1328 = LINE('',#1329,#1330);
#1329 = CARTESIAN_POINT('',(0.,-40.));
#1330 = VECTOR('',#1331,1.);
#1331 = DIRECTION('',(1.,0.));
#1332 = ( GEOMETRIC_REPRESENTATION_CONTEXT(2) 
PARAMETRIC_REPRESENTATION_CONTEXT() REPRESENTATION_CONTEXT('2D SPACE',''
  ) );
#1333 = ORIENTED_EDGE('',*,*,#1334,.F.);
#1334 = EDGE_CURVE('',#611,#1312,#1335,.T.);
#1335 = SURFACE_CURVE('',#1336,(#1340,#1347),.PCURVE_S1.);
#1336 = LINE('',#1337,#1338);
#1337 = CARTESIAN_POINT('',(-381.,-240.,344.));
#1338 = VECTOR('',#1339,1.);
#1339 = DIRECTION('',(1.,0.,0.));
#1340 = PCURVE('',#652,#1341);
#1341 = DEFINITIONAL_REPRESENTATION('',(#1342),#1346);
#1342 = LINE('',#1343,#1344);
#1343 = CARTESIAN_POINT('',(24.,-1.));
#1344 = VECTOR('',#1345,1.);
#1345 = DIRECTION('',(0.,1.));
#1346 = ( GEOMETRIC_REPRESENTATION_CONTEXT(2) 
PARAMETRIC_REPRESENTATION_CONTEXT() REPRESENTATION_CONTEXT('2D SPACE',''
  ) );
#1347 = PCURVE('',#625,#1348);
#1348 = DEFINITIONAL_REPRESENTATION('',(#1349),#1353);
#1349 = LINE('',#1350,#1351);
#1350 = CARTESIAN_POINT('',(0.,6.));
#1351 = VECTOR('',#1352,1.);
#1352 = DIRECTION('',(1.,0.));
#1353 = ( GEOMETRIC_REPRESENTATION_CONTEXT(2) 
PARAMETRIC_REPRESENTATION_CONTEXT() REPRESENTATION_CONTEXT('2D SPACE',''
  ) );
#1354 = ORIENTED_EDGE('',*,*,#636,.T.);
#1355 = ORIENTED_EDGE('',*,*,#1238,.T.);
#1356 = ADVANCED_FACE('',(#1357),#412,.F.);
#1357 = FACE_BOUND('',#1358,.F.);
#1358 = EDGE_LOOP('',(#1359,#1360,#1361,#1384));
#1359 = ORIENTED_EDGE('',*,*,#396,.F.);
#1360 = ORIENTED_EDGE('',*,*,#1285,.T.);
#1361 = ORIENTED_EDGE('',*,*,#1362,.T.);
#1362 = EDGE_CURVE('',#1263,#1363,#1365,.T.);
#1363 = VERTEX_POINT('',#1364);
#1364 = CARTESIAN_POINT('',(380.,-264.,320.));
#1365 = SURFACE_CURVE('',#1366,(#1370,#1377),.PCURVE_S1.);
#1366 = LINE('',#1367,#1368);
#1367 = CARTESIAN_POINT('',(380.,-280.,320.));
#1368 = VECTOR('',#1369,1.);
#1369 = DIRECTION('',(0.,1.,0.));
#1370 = PCURVE('',#412,#1371);
#1371 = DEFINITIONAL_REPRESENTATION('',(#1372),#1376);
#1372 = LINE('',#1373,#1374);
#1373 = CARTESIAN_POINT('',(760.,0.));
#1374 = VECTOR('',#1375,1.);
#1375 = DIRECTION('',(0.,1.));
#1376 = ( GEOMETRIC_REPRESENTATION_CONTEXT(2) 
PARAMETRIC_REPRESENTATION_CONTEXT() REPRESENTATION_CONTEXT('2D SPACE',''
  ) );
#1377 = PCURVE('',#846,#1378);
#1378 = DEFINITIONAL_REPRESENTATION('',(#1379),#1383);
#1379 = LINE('',#1380,#1381);
#1380 = CARTESIAN_POINT('',(0.,0.));
#1381 = VECTOR('',#1382,1.);
#1382 = DIRECTION('',(0.,-1.));
#1383 = ( GEOMETRIC_REPRESENTATION_CONTEXT(2) 
PARAMETRIC_REPRESENTATION_CONTEXT() REPRESENTATION_CONTEXT('2D SPACE',''
  ) );
#1384 = ORIENTED_EDGE('',*,*,#1385,.F.);
#1385 = EDGE_CURVE('',#397,#1363,#1386,.T.);
#1386 = SURFACE_CURVE('',#1387,(#1391,#1398),.PCURVE_S1.);
#1387 = LINE('',#1388,#1389);
#1388 = CARTESIAN_POINT('',(-381.,-264.,320.));
#1389 = VECTOR('',#1390,1.);
#1390 = DIRECTION('',(1.,0.,0.));
#1391 = PCURVE('',#412,#1392);
#1392 = DEFINITIONAL_REPRESENTATION('',(#1393),#1397);
#1393 = LINE('',#1394,#1395);
#1394 = CARTESIAN_POINT('',(-1.,16.));
#1395 = VECTOR('',#1396,1.);
#1396 = DIRECTION('',(1.,0.));
#1397 = ( GEOMETRIC_REPRESENTATION_CONTEXT(2) 
PARAMETRIC_REPRESENTATION_CONTEXT() REPRESENTATION_CONTEXT('2D SPACE',''
  ) );
#1398 = PCURVE('',#439,#1399);
#1399 = DEFINITIONAL_REPRESENTATION('',(#1400),#1404);
#1400 = LINE('',#1401,#1402);
#1401 = CARTESIAN_POINT('',(0.,0.));
#1402 = VECTOR('',#1403,1.);
#1403 = DIRECTION('',(0.,1.));
#1404 = ( GEOMETRIC_REPRESENTATION_CONTEXT(2) 
PARAMETRIC_REPRESENTATION_CONTEXT() REPRESENTATION_CONTEXT('2D SPACE',''
  ) );
#1405 = ADVANCED_FACE('',(#1406),#625,.F.);
#1406 = FACE_BOUND('',#1407,.F.);
#1407 = EDGE_LOOP('',(#1408,#1409,#1410,#1433));
#1408 = ORIENTED_EDGE('',*,*,#1334,.F.);
#1409 = ORIENTED_EDGE('',*,*,#610,.T.);
#1410 = ORIENTED_EDGE('',*,*,#1411,.T.);
#1411 = EDGE_CURVE('',#585,#1412,#1414,.T.);
#1412 = VERTEX_POINT('',#1413);
#1413 = CARTESIAN_POINT('',(380.,-246.,344.));
#1414 = SURFACE_CURVE('',#1415,(#1419,#1426),.PCURVE_S1.);
#1415 = LINE('',#1416,#1417);
#1416 = CARTESIAN_POINT('',(-381.,-246.,344.));
#1417 = VECTOR('',#1418,1.);
#1418 = DIRECTION('',(1.,0.,0.));
#1419 = PCURVE('',#625,#1420);
#1420 = DEFINITIONAL_REPRESENTATION('',(#1421),#1425);
#1421 = LINE('',#1422,#1423);
#1422 = CARTESIAN_POINT('',(0.,0.));
#1423 = VECTOR('',#1424,1.);
#1424 = DIRECTION('',(1.,0.));
#1425 = ( GEOMETRIC_REPRESENTATION_CONTEXT(2) 
PARAMETRIC_REPRESENTATION_CONTEXT() REPRESENTATION_CONTEXT('2D SPACE',''
  ) );
#1426 = PCURVE('',#599,#1427);
#1427 = DEFINITIONAL_REPRESENTATION('',(#1428),#1432);
#1428 = LINE('',#1429,#1430);
#1429 = CARTESIAN_POINT('',(8.,0.));
#1430 = VECTOR('',#1431,1.);
#1431 = DIRECTION('',(0.,1.));
#1432 = ( GEOMETRIC_REPRESENTATION_CONTEXT(2) 
PARAMETRIC_REPRESENTATION_CONTEXT() REPRESENTATION_CONTEXT('2D SPACE',''
  ) );
#1433 = ORIENTED_EDGE('',*,*,#1434,.F.);
#1434 = EDGE_CURVE('',#1312,#1412,#1435,.T.);
#1435 = SURFACE_CURVE('',#1436,(#1440,#1446),.PCURVE_S1.);
#1436 = LINE('',#1437,#1438);
#1437 = CARTESIAN_POINT('',(380.,-263.,344.));
#1438 = VECTOR('',#1439,1.);
#1439 = DIRECTION('',(0.,-1.,0.));
#1440 = PCURVE('',#625,#1441);
#1441 = DEFINITIONAL_REPRESENTATION('',(#1442),#1445);
#1442 = B_SPLINE_CURVE_WITH_KNOTS('',1,(#1443,#1444),.UNSPECIFIED.,.F.,
  .F.,(2,2),(-23.,-17.),.PIECEWISE_BEZIER_KNOTS.);
#1443 = CARTESIAN_POINT('',(761.,6.));
#1444 = CARTESIAN_POINT('',(761.,0.));
#1445 = ( GEOMETRIC_REPRESENTATION_CONTEXT(2) 
PARAMETRIC_REPRESENTATION_CONTEXT() REPRESENTATION_CONTEXT('2D SPACE',''
  ) );
#1446 = PCURVE('',#846,#1447);
#1447 = DEFINITIONAL_REPRESENTATION('',(#1448),#1451);
#1448 = B_SPLINE_CURVE_WITH_KNOTS('',1,(#1449,#1450),.UNSPECIFIED.,.F.,
  .F.,(2,2),(-23.,-17.),.PIECEWISE_BEZIER_KNOTS.);
#1449 = CARTESIAN_POINT('',(24.,-40.));
#1450 = CARTESIAN_POINT('',(24.,-34.));
#1451 = ( GEOMETRIC_REPRESENTATION_CONTEXT(2) 
PARAMETRIC_REPRESENTATION_CONTEXT() REPRESENTATION_CONTEXT('2D SPACE',''
  ) );
#1452 = ADVANCED_FACE('',(#1453),#439,.T.);
#1453 = FACE_BOUND('',#1454,.T.);
#1454 = EDGE_LOOP('',(#1455,#1456,#1457,#1480));
#1455 = ORIENTED_EDGE('',*,*,#1385,.F.);
#1456 = ORIENTED_EDGE('',*,*,#424,.T.);
#1457 = ORIENTED_EDGE('',*,*,#1458,.T.);
#1458 = EDGE_CURVE('',#425,#1459,#1461,.T.);
#1459 = VERTEX_POINT('',#1460);
#1460 = CARTESIAN_POINT('',(380.,-264.,326.));
#1461 = SURFACE_CURVE('',#1462,(#1466,#1473),.PCURVE_S1.);
#1462 = LINE('',#1463,#1464);
#1463 = CARTESIAN_POINT('',(-381.,-264.,326.));
#1464 = VECTOR('',#1465,1.);
#1465 = DIRECTION('',(1.,0.,0.));
#1466 = PCURVE('',#439,#1467);
#1467 = DEFINITIONAL_REPRESENTATION('',(#1468),#1472);
#1468 = LINE('',#1469,#1470);
#1469 = CARTESIAN_POINT('',(6.,0.));
#1470 = VECTOR('',#1471,1.);
#1471 = DIRECTION('',(0.,1.));
#1472 = ( GEOMETRIC_REPRESENTATION_CONTEXT(2) 
PARAMETRIC_REPRESENTATION_CONTEXT() REPRESENTATION_CONTEXT('2D SPACE',''
  ) );
#1473 = PCURVE('',#465,#1474);
#1474 = DEFINITIONAL_REPRESENTATION('',(#1475),#1479);
#1475 = LINE('',#1476,#1477);
#1476 = CARTESIAN_POINT('',(0.,0.));
#1477 = VECTOR('',#1478,1.);
#1478 = DIRECTION('',(1.,0.));
#1479 = ( GEOMETRIC_REPRESENTATION_CONTEXT(2) 
PARAMETRIC_REPRESENTATION_CONTEXT() REPRESENTATION_CONTEXT('2D SPACE',''
  ) );
#1480 = ORIENTED_EDGE('',*,*,#1481,.F.);
#1481 = EDGE_CURVE('',#1363,#1459,#1482,.T.);
#1482 = SURFACE_CURVE('',#1483,(#1487,#1493),.PCURVE_S1.);
#1483 = LINE('',#1484,#1485);
#1484 = CARTESIAN_POINT('',(380.,-264.,320.));
#1485 = VECTOR('',#1486,1.);
#1486 = DIRECTION('',(0.,0.,1.));
#1487 = PCURVE('',#439,#1488);
#1488 = DEFINITIONAL_REPRESENTATION('',(#1489),#1492);
#1489 = B_SPLINE_CURVE_WITH_KNOTS('',1,(#1490,#1491),.UNSPECIFIED.,.F.,
  .F.,(2,2),(0.,6.),.PIECEWISE_BEZIER_KNOTS.);
#1490 = CARTESIAN_POINT('',(0.,761.));
#1491 = CARTESIAN_POINT('',(6.,761.));
#1492 = ( GEOMETRIC_REPRESENTATION_CONTEXT(2) 
PARAMETRIC_REPRESENTATION_CONTEXT() REPRESENTATION_CONTEXT('2D SPACE',''
  ) );
#1493 = PCURVE('',#846,#1494);
#1494 = DEFINITIONAL_REPRESENTATION('',(#1495),#1498);
#1495 = B_SPLINE_CURVE_WITH_KNOTS('',1,(#1496,#1497),.UNSPECIFIED.,.F.,
  .F.,(2,2),(0.,6.),.PIECEWISE_BEZIER_KNOTS.);
#1496 = CARTESIAN_POINT('',(0.,-16.));
#1497 = CARTESIAN_POINT('',(6.,-16.));
#1498 = ( GEOMETRIC_REPRESENTATION_CONTEXT(2) 
PARAMETRIC_REPRESENTATION_CONTEXT() REPRESENTATION_CONTEXT('2D SPACE',''
  ) );
#1499 = ADVANCED_FACE('',(#1500),#599,.T.);
#1500 = FACE_BOUND('',#1501,.T.);
#1501 = EDGE_LOOP('',(#1502,#1525,#1526,#1527));
#1502 = ORIENTED_EDGE('',*,*,#1503,.F.);
#1503 = EDGE_CURVE('',#559,#1504,#1506,.T.);
#1504 = VERTEX_POINT('',#1505);
#1505 = CARTESIAN_POINT('',(380.,-246.,336.));
#1506 = SURFACE_CURVE('',#1507,(#1511,#1518),.PCURVE_S1.);
#1507 = LINE('',#1508,#1509);
#1508 = CARTESIAN_POINT('',(-381.,-246.,336.));
#1509 = VECTOR('',#1510,1.);
#1510 = DIRECTION('',(1.,0.,0.));
#1511 = PCURVE('',#599,#1512);
#1512 = DEFINITIONAL_REPRESENTATION('',(#1513),#1517);
#1513 = LINE('',#1514,#1515);
#1514 = CARTESIAN_POINT('',(0.,0.));
#1515 = VECTOR('',#1516,1.);
#1516 = DIRECTION('',(0.,1.));
#1517 = ( GEOMETRIC_REPRESENTATION_CONTEXT(2) 
PARAMETRIC_REPRESENTATION_CONTEXT() REPRESENTATION_CONTEXT('2D SPACE',''
  ) );
#1518 = PCURVE('',#573,#1519);
#1519 = DEFINITIONAL_REPRESENTATION('',(#1520),#1524);
#1520 = LINE('',#1521,#1522);
#1521 = CARTESIAN_POINT('',(0.,0.));
#1522 = VECTOR('',#1523,1.);
#1523 = DIRECTION('',(1.,0.));
#1524 = ( GEOMETRIC_REPRESENTATION_CONTEXT(2) 
PARAMETRIC_REPRESENTATION_CONTEXT() REPRESENTATION_CONTEXT('2D SPACE',''
  ) );
#1525 = ORIENTED_EDGE('',*,*,#584,.T.);
#1526 = ORIENTED_EDGE('',*,*,#1411,.T.);
#1527 = ORIENTED_EDGE('',*,*,#1528,.F.);
#1528 = EDGE_CURVE('',#1504,#1412,#1529,.T.);
#1529 = SURFACE_CURVE('',#1530,(#1534,#1540),.PCURVE_S1.);
#1530 = LINE('',#1531,#1532);
#1531 = CARTESIAN_POINT('',(380.,-246.,328.));
#1532 = VECTOR('',#1533,1.);
#1533 = DIRECTION('',(0.,0.,1.));
#1534 = PCURVE('',#599,#1535);
#1535 = DEFINITIONAL_REPRESENTATION('',(#1536),#1539);
#1536 = B_SPLINE_CURVE_WITH_KNOTS('',1,(#1537,#1538),.UNSPECIFIED.,.F.,
  .F.,(2,2),(8.,16.),.PIECEWISE_BEZIER_KNOTS.);
#1537 = CARTESIAN_POINT('',(0.,761.));
#1538 = CARTESIAN_POINT('',(8.,761.));
#1539 = ( GEOMETRIC_REPRESENTATION_CONTEXT(2) 
PARAMETRIC_REPRESENTATION_CONTEXT() REPRESENTATION_CONTEXT('2D SPACE',''
  ) );
#1540 = PCURVE('',#846,#1541);
#1541 = DEFINITIONAL_REPRESENTATION('',(#1542),#1545);
#1542 = B_SPLINE_CURVE_WITH_KNOTS('',1,(#1543,#1544),.UNSPECIFIED.,.F.,
  .F.,(2,2),(8.,16.),.PIECEWISE_BEZIER_KNOTS.);
#1543 = CARTESIAN_POINT('',(16.,-34.));
#1544 = CARTESIAN_POINT('',(24.,-34.));
#1545 = ( GEOMETRIC_REPRESENTATION_CONTEXT(2) 
PARAMETRIC_REPRESENTATION_CONTEXT() REPRESENTATION_CONTEXT('2D SPACE',''
  ) );
#1546 = ADVANCED_FACE('',(#1547),#465,.F.);
#1547 = FACE_BOUND('',#1548,.F.);
#1548 = EDGE_LOOP('',(#1549,#1572,#1573,#1574));
#1549 = ORIENTED_EDGE('',*,*,#1550,.F.);
#1550 = EDGE_CURVE('',#451,#1551,#1553,.T.);
#1551 = VERTEX_POINT('',#1552);
#1552 = CARTESIAN_POINT('',(380.,-256.,326.));
#1553 = SURFACE_CURVE('',#1554,(#1558,#1565),.PCURVE_S1.);
#1554 = LINE('',#1555,#1556);
#1555 = CARTESIAN_POINT('',(-381.,-256.,326.));
#1556 = VECTOR('',#1557,1.);
#1557 = DIRECTION('',(1.,0.,0.));
#1558 = PCURVE('',#465,#1559);
#1559 = DEFINITIONAL_REPRESENTATION('',(#1560),#1564);
#1560 = LINE('',#1561,#1562);
#1561 = CARTESIAN_POINT('',(0.,8.));
#1562 = VECTOR('',#1563,1.);
#1563 = DIRECTION('',(1.,0.));
#1564 = ( GEOMETRIC_REPRESENTATION_CONTEXT(2) 
PARAMETRIC_REPRESENTATION_CONTEXT() REPRESENTATION_CONTEXT('2D SPACE',''
  ) );
#1565 = PCURVE('',#491,#1566);
#1566 = DEFINITIONAL_REPRESENTATION('',(#1567),#1571);
#1567 = LINE('',#1568,#1569);
#1568 = CARTESIAN_POINT('',(6.,0.));
#1569 = VECTOR('',#1570,1.);
#1570 = DIRECTION('',(0.,1.));
#1571 = ( GEOMETRIC_REPRESENTATION_CONTEXT(2) 
PARAMETRIC_REPRESENTATION_CONTEXT() REPRESENTATION_CONTEXT('2D SPACE',''
  ) );
#1572 = ORIENTED_EDGE('',*,*,#450,.T.);
#1573 = ORIENTED_EDGE('',*,*,#1458,.T.);
#1574 = ORIENTED_EDGE('',*,*,#1575,.F.);
#1575 = EDGE_CURVE('',#1551,#1459,#1576,.T.);
#1576 = SURFACE_CURVE('',#1577,(#1581,#1587),.PCURVE_S1.);
#1577 = LINE('',#1578,#1579);
#1578 = CARTESIAN_POINT('',(380.,-272.,326.));
#1579 = VECTOR('',#1580,1.);
#1580 = DIRECTION('',(0.,-1.,0.));
#1581 = PCURVE('',#465,#1582);
#1582 = DEFINITIONAL_REPRESENTATION('',(#1583),#1586);
#1583 = B_SPLINE_CURVE_WITH_KNOTS('',1,(#1584,#1585),.UNSPECIFIED.,.F.,
  .F.,(2,2),(-16.,-8.),.PIECEWISE_BEZIER_KNOTS.);
#1584 = CARTESIAN_POINT('',(761.,8.));
#1585 = CARTESIAN_POINT('',(761.,0.));
#1586 = ( GEOMETRIC_REPRESENTATION_CONTEXT(2) 
PARAMETRIC_REPRESENTATION_CONTEXT() REPRESENTATION_CONTEXT('2D SPACE',''
  ) );
#1587 = PCURVE('',#846,#1588);
#1588 = DEFINITIONAL_REPRESENTATION('',(#1589),#1592);
#1589 = B_SPLINE_CURVE_WITH_KNOTS('',1,(#1590,#1591),.UNSPECIFIED.,.F.,
  .F.,(2,2),(-16.,-8.),.PIECEWISE_BEZIER_KNOTS.);
#1590 = CARTESIAN_POINT('',(6.,-24.));
#1591 = CARTESIAN_POINT('',(6.,-16.));
#1592 = ( GEOMETRIC_REPRESENTATION_CONTEXT(2) 
PARAMETRIC_REPRESENTATION_CONTEXT() REPRESENTATION_CONTEXT('2D SPACE',''
  ) );
#1593 = ADVANCED_FACE('',(#1594),#573,.T.);
#1594 = FACE_BOUND('',#1595,.T.);
#1595 = EDGE_LOOP('',(#1596,#1619,#1620,#1621));
#1596 = ORIENTED_EDGE('',*,*,#1597,.F.);
#1597 = EDGE_CURVE('',#531,#1598,#1600,.T.);
#1598 = VERTEX_POINT('',#1599);
#1599 = CARTESIAN_POINT('',(380.,-240.,336.));
#1600 = SURFACE_CURVE('',#1601,(#1605,#1612),.PCURVE_S1.);
#1601 = LINE('',#1602,#1603);
#1602 = CARTESIAN_POINT('',(-381.,-240.,336.));
#1603 = VECTOR('',#1604,1.);
#1604 = DIRECTION('',(1.,0.,0.));
#1605 = PCURVE('',#573,#1606);
#1606 = DEFINITIONAL_REPRESENTATION('',(#1607),#1611);
#1607 = LINE('',#1608,#1609);
#1608 = CARTESIAN_POINT('',(0.,6.));
#1609 = VECTOR('',#1610,1.);
#1610 = DIRECTION('',(1.,0.));
#1611 = ( GEOMETRIC_REPRESENTATION_CONTEXT(2) 
PARAMETRIC_REPRESENTATION_CONTEXT() REPRESENTATION_CONTEXT('2D SPACE',''
  ) );
#1612 = PCURVE('',#546,#1613);
#1613 = DEFINITIONAL_REPRESENTATION('',(#1614),#1618);
#1614 = LINE('',#1615,#1616);
#1615 = CARTESIAN_POINT('',(16.,-1.));
#1616 = VECTOR('',#1617,1.);
#1617 = DIRECTION('',(0.,1.));
#1618 = ( GEOMETRIC_REPRESENTATION_CONTEXT(2) 
PARAMETRIC_REPRESENTATION_CONTEXT() REPRESENTATION_CONTEXT('2D SPACE',''
  ) );
#1619 = ORIENTED_EDGE('',*,*,#558,.T.);
#1620 = ORIENTED_EDGE('',*,*,#1503,.T.);
#1621 = ORIENTED_EDGE('',*,*,#1622,.F.);
#1622 = EDGE_CURVE('',#1598,#1504,#1623,.T.);
#1623 = SURFACE_CURVE('',#1624,(#1628,#1634),.PCURVE_S1.);
#1624 = LINE('',#1625,#1626);
#1625 = CARTESIAN_POINT('',(380.,-263.,336.));
#1626 = VECTOR('',#1627,1.);
#1627 = DIRECTION('',(0.,-1.,0.));
#1628 = PCURVE('',#573,#1629);
#1629 = DEFINITIONAL_REPRESENTATION('',(#1630),#1633);
#1630 = B_SPLINE_CURVE_WITH_KNOTS('',1,(#1631,#1632),.UNSPECIFIED.,.F.,
  .F.,(2,2),(-23.,-17.),.PIECEWISE_BEZIER_KNOTS.);
#1631 = CARTESIAN_POINT('',(761.,6.));
#1632 = CARTESIAN_POINT('',(761.,0.));
#1633 = ( GEOMETRIC_REPRESENTATION_CONTEXT(2) 
PARAMETRIC_REPRESENTATION_CONTEXT() REPRESENTATION_CONTEXT('2D SPACE',''
  ) );
#1634 = PCURVE('',#846,#1635);
#1635 = DEFINITIONAL_REPRESENTATION('',(#1636),#1639);
#1636 = B_SPLINE_CURVE_WITH_KNOTS('',1,(#1637,#1638),.UNSPECIFIED.,.F.,
  .F.,(2,2),(-23.,-17.),.PIECEWISE_BEZIER_KNOTS.);
#1637 = CARTESIAN_POINT('',(16.,-40.));
#1638 = CARTESIAN_POINT('',(16.,-34.));
#1639 = ( GEOMETRIC_REPRESENTATION_CONTEXT(2) 
PARAMETRIC_REPRESENTATION_CONTEXT() REPRESENTATION_CONTEXT('2D SPACE',''
  ) );
#1640 = ADVANCED_FACE('',(#1641),#491,.F.);
#1641 = FACE_BOUND('',#1642,.F.);
#1642 = EDGE_LOOP('',(#1643,#1666,#1667,#1668));
#1643 = ORIENTED_EDGE('',*,*,#1644,.F.);
#1644 = EDGE_CURVE('',#477,#1645,#1647,.T.);
#1645 = VERTEX_POINT('',#1646);
#1646 = CARTESIAN_POINT('',(380.,-256.,320.));
#1647 = SURFACE_CURVE('',#1648,(#1652,#1659),.PCURVE_S1.);
#1648 = LINE('',#1649,#1650);
#1649 = CARTESIAN_POINT('',(-381.,-256.,320.));
#1650 = VECTOR('',#1651,1.);
#1651 = DIRECTION('',(1.,0.,0.));
#1652 = PCURVE('',#491,#1653);
#1653 = DEFINITIONAL_REPRESENTATION('',(#1654),#1658);
#1654 = LINE('',#1655,#1656);
#1655 = CARTESIAN_POINT('',(0.,0.));
#1656 = VECTOR('',#1657,1.);
#1657 = DIRECTION('',(0.,1.));
#1658 = ( GEOMETRIC_REPRESENTATION_CONTEXT(2) 
PARAMETRIC_REPRESENTATION_CONTEXT() REPRESENTATION_CONTEXT('2D SPACE',''
  ) );
#1659 = PCURVE('',#518,#1660);
#1660 = DEFINITIONAL_REPRESENTATION('',(#1661),#1665);
#1661 = LINE('',#1662,#1663);
#1662 = CARTESIAN_POINT('',(-1.,24.));
#1663 = VECTOR('',#1664,1.);
#1664 = DIRECTION('',(1.,0.));
#1665 = ( GEOMETRIC_REPRESENTATION_CONTEXT(2) 
PARAMETRIC_REPRESENTATION_CONTEXT() REPRESENTATION_CONTEXT('2D SPACE',''
  ) );
#1666 = ORIENTED_EDGE('',*,*,#476,.T.);
#1667 = ORIENTED_EDGE('',*,*,#1550,.T.);
#1668 = ORIENTED_EDGE('',*,*,#1669,.F.);
#1669 = EDGE_CURVE('',#1645,#1551,#1670,.T.);
#1670 = SURFACE_CURVE('',#1671,(#1675,#1681),.PCURVE_S1.);
#1671 = LINE('',#1672,#1673);
#1672 = CARTESIAN_POINT('',(380.,-256.,320.));
#1673 = VECTOR('',#1674,1.);
#1674 = DIRECTION('',(0.,0.,1.));
#1675 = PCURVE('',#491,#1676);
#1676 = DEFINITIONAL_REPRESENTATION('',(#1677),#1680);
#1677 = B_SPLINE_CURVE_WITH_KNOTS('',1,(#1678,#1679),.UNSPECIFIED.,.F.,
  .F.,(2,2),(0.,6.),.PIECEWISE_BEZIER_KNOTS.);
#1678 = CARTESIAN_POINT('',(0.,761.));
#1679 = CARTESIAN_POINT('',(6.,761.));
#1680 = ( GEOMETRIC_REPRESENTATION_CONTEXT(2) 
PARAMETRIC_REPRESENTATION_CONTEXT() REPRESENTATION_CONTEXT('2D SPACE',''
  ) );
#1681 = PCURVE('',#846,#1682);
#1682 = DEFINITIONAL_REPRESENTATION('',(#1683),#1686);
#1683 = B_SPLINE_CURVE_WITH_KNOTS('',1,(#1684,#1685),.UNSPECIFIED.,.F.,
  .F.,(2,2),(0.,6.),.PIECEWISE_BEZIER_KNOTS.);
#1684 = CARTESIAN_POINT('',(0.,-24.));
#1685 = CARTESIAN_POINT('',(6.,-24.));
#1686 = ( GEOMETRIC_REPRESENTATION_CONTEXT(2) 
PARAMETRIC_REPRESENTATION_CONTEXT() REPRESENTATION_CONTEXT('2D SPACE',''
  ) );
#1687 = ADVANCED_FACE('',(#1688),#546,.T.);
#1688 = FACE_BOUND('',#1689,.T.);
#1689 = EDGE_LOOP('',(#1690,#1713,#1734,#1735));
#1690 = ORIENTED_EDGE('',*,*,#1691,.F.);
#1691 = EDGE_CURVE('',#1692,#1598,#1694,.T.);
#1692 = VERTEX_POINT('',#1693);
#1693 = CARTESIAN_POINT('',(380.,-240.,320.));
#1694 = SURFACE_CURVE('',#1695,(#1699,#1706),.PCURVE_S1.);
#1695 = LINE('',#1696,#1697);
#1696 = CARTESIAN_POINT('',(380.,-240.,320.));
#1697 = VECTOR('',#1698,1.);
#1698 = DIRECTION('',(0.,0.,1.));
#1699 = PCURVE('',#546,#1700);
#1700 = DEFINITIONAL_REPRESENTATION('',(#1701),#1705);
#1701 = LINE('',#1702,#1703);
#1702 = CARTESIAN_POINT('',(0.,760.));
#1703 = VECTOR('',#1704,1.);
#1704 = DIRECTION('',(1.,0.));
#1705 = ( GEOMETRIC_REPRESENTATION_CONTEXT(2) 
PARAMETRIC_REPRESENTATION_CONTEXT() REPRESENTATION_CONTEXT('2D SPACE',''
  ) );
#1706 = PCURVE('',#846,#1707);
#1707 = DEFINITIONAL_REPRESENTATION('',(#1708),#1712);
#1708 = LINE('',#1709,#1710);
#1709 = CARTESIAN_POINT('',(0.,-40.));
#1710 = VECTOR('',#1711,1.);
#1711 = DIRECTION('',(1.,0.));
#1712 = ( GEOMETRIC_REPRESENTATION_CONTEXT(2) 
PARAMETRIC_REPRESENTATION_CONTEXT() REPRESENTATION_CONTEXT('2D SPACE',''
  ) );
#1713 = ORIENTED_EDGE('',*,*,#1714,.F.);
#1714 = EDGE_CURVE('',#503,#1692,#1715,.T.);
#1715 = SURFACE_CURVE('',#1716,(#1720,#1727),.PCURVE_S1.);
#1716 = LINE('',#1717,#1718);
#1717 = CARTESIAN_POINT('',(-380.,-240.,320.));
#1718 = VECTOR('',#1719,1.);
#1719 = DIRECTION('',(1.,0.,0.));
#1720 = PCURVE('',#546,#1721);
#1721 = DEFINITIONAL_REPRESENTATION('',(#1722),#1726);
#1722 = LINE('',#1723,#1724);
#1723 = CARTESIAN_POINT('',(0.,0.));
#1724 = VECTOR('',#1725,1.);
#1725 = DIRECTION('',(0.,1.));
#1726 = ( GEOMETRIC_REPRESENTATION_CONTEXT(2) 
PARAMETRIC_REPRESENTATION_CONTEXT() REPRESENTATION_CONTEXT('2D SPACE',''
  ) );
#1727 = PCURVE('',#518,#1728);
#1728 = DEFINITIONAL_REPRESENTATION('',(#1729),#1733);
#1729 = LINE('',#1730,#1731);
#1730 = CARTESIAN_POINT('',(0.,40.));
#1731 = VECTOR('',#1732,1.);
#1732 = DIRECTION('',(1.,0.));
#1733 = ( GEOMETRIC_REPRESENTATION_CONTEXT(2) 
PARAMETRIC_REPRESENTATION_CONTEXT() REPRESENTATION_CONTEXT('2D SPACE',''
  ) );
#1734 = ORIENTED_EDGE('',*,*,#530,.T.);
#1735 = ORIENTED_EDGE('',*,*,#1597,.T.);
#1736 = ADVANCED_FACE('',(#1737),#518,.F.);
#1737 = FACE_BOUND('',#1738,.F.);
#1738 = EDGE_LOOP('',(#1739,#1740,#1741,#1762));
#1739 = ORIENTED_EDGE('',*,*,#502,.F.);
#1740 = ORIENTED_EDGE('',*,*,#1644,.T.);
#1741 = ORIENTED_EDGE('',*,*,#1742,.T.);
#1742 = EDGE_CURVE('',#1645,#1692,#1743,.T.);
#1743 = SURFACE_CURVE('',#1744,(#1748,#1755),.PCURVE_S1.);
#1744 = LINE('',#1745,#1746);
#1745 = CARTESIAN_POINT('',(380.,-280.,320.));
#1746 = VECTOR('',#1747,1.);
#1747 = DIRECTION('',(0.,1.,0.));
#1748 = PCURVE('',#518,#1749);
#1749 = DEFINITIONAL_REPRESENTATION('',(#1750),#1754);
#1750 = LINE('',#1751,#1752);
#1751 = CARTESIAN_POINT('',(760.,0.));
#1752 = VECTOR('',#1753,1.);
#1753 = DIRECTION('',(0.,1.));
#1754 = ( GEOMETRIC_REPRESENTATION_CONTEXT(2) 
PARAMETRIC_REPRESENTATION_CONTEXT() REPRESENTATION_CONTEXT('2D SPACE',''
  ) );
#1755 = PCURVE('',#846,#1756);
#1756 = DEFINITIONAL_REPRESENTATION('',(#1757),#1761);
#1757 = LINE('',#1758,#1759);
#1758 = CARTESIAN_POINT('',(0.,0.));
#1759 = VECTOR('',#1760,1.);
#1760 = DIRECTION('',(0.,-1.));
#1761 = ( GEOMETRIC_REPRESENTATION_CONTEXT(2) 
PARAMETRIC_REPRESENTATION_CONTEXT() REPRESENTATION_CONTEXT('2D SPACE',''
  ) );
#1762 = ORIENTED_EDGE('',*,*,#1714,.F.);
#1763 = ADVANCED_FACE('',(#1764),#791,.F.);
#1764 = FACE_BOUND('',#1765,.T.);
#1765 = EDGE_LOOP('',(#1766,#1767,#1790,#1816));
#1766 = ORIENTED_EDGE('',*,*,#770,.T.);
#1767 = ORIENTED_EDGE('',*,*,#1768,.T.);
#1768 = EDGE_CURVE('',#771,#1769,#1771,.T.);
#1769 = VERTEX_POINT('',#1770);
#1770 = CARTESIAN_POINT('',(380.,-260.,336.5));
#1771 = SEAM_CURVE('',#1772,(#1776,#1783),.PCURVE_S1.);
#1772 = LINE('',#1773,#1774);
#1773 = CARTESIAN_POINT('',(-381.,-260.,336.5));
#1774 = VECTOR('',#1775,1.);
#1775 = DIRECTION('',(1.,0.,1.110223024625E-16));
#1776 = PCURVE('',#791,#1777);
#1777 = DEFINITIONAL_REPRESENTATION('',(#1778),#1782);
#1778 = LINE('',#1779,#1780);
#1779 = CARTESIAN_POINT('',(-6.28318530718,0.));
#1780 = VECTOR('',#1781,1.);
#1781 = DIRECTION('',(-0.,-1.));
#1782 = ( GEOMETRIC_REPRESENTATION_CONTEXT(2) 
PARAMETRIC_REPRESENTATION_CONTEXT() REPRESENTATION_CONTEXT('2D SPACE',''
  ) );
#1783 = PCURVE('',#791,#1784);
#1784 = DEFINITIONAL_REPRESENTATION('',(#1785),#1789);
#1785 = LINE('',#1786,#1787);
#1786 = CARTESIAN_POINT('',(-0.,0.));
#1787 = VECTOR('',#1788,1.);
#1788 = DIRECTION('',(-0.,-1.));
#1789 = ( GEOMETRIC_REPRESENTATION_CONTEXT(2) 
PARAMETRIC_REPRESENTATION_CONTEXT() REPRESENTATION_CONTEXT('2D SPACE',''
  ) );
#1790 = ORIENTED_EDGE('',*,*,#1791,.F.);
#1791 = EDGE_CURVE('',#1769,#1769,#1792,.T.);
#1792 = SURFACE_CURVE('',#1793,(#1798,#1805),.PCURVE_S1.);
#1793 = CIRCLE('',#1794,3.5);
#1794 = AXIS2_PLACEMENT_3D('',#1795,#1796,#1797);
#1795 = CARTESIAN_POINT('',(380.,-260.,340.));
#1796 = DIRECTION('',(-1.,-0.,-1.110223024625E-16));
#1797 = DIRECTION('',(1.110223024625E-16,0.,-1.));
#1798 = PCURVE('',#791,#1799);
#1799 = DEFINITIONAL_REPRESENTATION('',(#1800),#1804);
#1800 = LINE('',#1801,#1802);
#1801 = CARTESIAN_POINT('',(-6.28318530718,-761.));
#1802 = VECTOR('',#1803,1.);
#1803 = DIRECTION('',(1.,-0.));
#1804 = ( GEOMETRIC_REPRESENTATION_CONTEXT(2) 
PARAMETRIC_REPRESENTATION_CONTEXT() REPRESENTATION_CONTEXT('2D SPACE',''
  ) );
#1805 = PCURVE('',#846,#1806);
#1806 = DEFINITIONAL_REPRESENTATION('',(#1807),#1815);
#1807 = ( BOUNDED_CURVE() B_SPLINE_CURVE(2,(#1808,#1809,#1810,#1811,
#1812,#1813,#1814),.UNSPECIFIED.,.T.,.F.) B_SPLINE_CURVE_WITH_KNOTS((1,2
    ,2,2,2,1),(-2.094395102393,0.,2.094395102393,4.188790204786,
6.28318530718,8.377580409573),.UNSPECIFIED.) CURVE() 
GEOMETRIC_REPRESENTATION_ITEM() RATIONAL_B_SPLINE_CURVE((1.,0.5,1.,0.5,
1.,0.5,1.)) REPRESENTATION_ITEM('') );
#1808 = CARTESIAN_POINT('',(16.5,-20.));
#1809 = CARTESIAN_POINT('',(16.5,-13.9378221735));
#1810 = CARTESIAN_POINT('',(21.75,-16.96891108675));
#1811 = CARTESIAN_POINT('',(27.,-20.));
#1812 = CARTESIAN_POINT('',(21.75,-23.03108891324));
#1813 = CARTESIAN_POINT('',(16.5,-26.06217782649));
#1814 = CARTESIAN_POINT('',(16.5,-20.));
#1815 = ( GEOMETRIC_REPRESENTATION_CONTEXT(2) 
PARAMETRIC_REPRESENTATION_CONTEXT() REPRESENTATION_CONTEXT('2D SPACE',''
  ) );
#1816 = ORIENTED_EDGE('',*,*,#1768,.F.);
#1817 = ADVANCED_FACE('',(#1818,#1840),#846,.T.);
#1818 = FACE_BOUND('',#1819,.T.);
#1819 = EDGE_LOOP('',(#1820,#1821,#1822,#1823,#1824,#1825,#1826,#1827,
    #1828,#1829,#1830,#1831,#1832,#1833,#1834,#1835,#1836,#1837,#1838,
    #1839));
#1820 = ORIENTED_EDGE('',*,*,#830,.F.);
#1821 = ORIENTED_EDGE('',*,*,#882,.F.);
#1822 = ORIENTED_EDGE('',*,*,#1003,.F.);
#1823 = ORIENTED_EDGE('',*,*,#1097,.F.);
#1824 = ORIENTED_EDGE('',*,*,#1191,.T.);
#1825 = ORIENTED_EDGE('',*,*,#1262,.F.);
#1826 = ORIENTED_EDGE('',*,*,#1362,.T.);
#1827 = ORIENTED_EDGE('',*,*,#1481,.T.);
#1828 = ORIENTED_EDGE('',*,*,#1575,.F.);
#1829 = ORIENTED_EDGE('',*,*,#1669,.F.);
#1830 = ORIENTED_EDGE('',*,*,#1742,.T.);
#1831 = ORIENTED_EDGE('',*,*,#1691,.T.);
#1832 = ORIENTED_EDGE('',*,*,#1622,.T.);
#1833 = ORIENTED_EDGE('',*,*,#1528,.T.);
#1834 = ORIENTED_EDGE('',*,*,#1434,.F.);
#1835 = ORIENTED_EDGE('',*,*,#1311,.T.);
#1836 = ORIENTED_EDGE('',*,*,#1215,.F.);
#1837 = ORIENTED_EDGE('',*,*,#1144,.F.);
#1838 = ORIENTED_EDGE('',*,*,#1050,.T.);
#1839 = ORIENTED_EDGE('',*,*,#956,.T.);
#1840 = FACE_BOUND('',#1841,.T.);
#1841 = EDGE_LOOP('',(#1842));
#1842 = ORIENTED_EDGE('',*,*,#1791,.T.);
#1843 = ( GEOMETRIC_REPRESENTATION_CONTEXT(3) 
GLOBAL_UNCERTAINTY_ASSIGNED_CONTEXT((#1847)) 
GLOBAL_UNIT_ASSIGNED_CONTEXT((#1844,#1845,#1846)) REPRESENTATION_CONTEXT
('Context #1','3D Context with UNIT and UNCERTAINTY') );
#1844 = ( LENGTH_UNIT() NAMED_UNIT(*) SI_UNIT(.MILLI.,.METRE.) );
#1845 = ( NAMED_UNIT(*) PLANE_ANGLE_UNIT() SI_UNIT($,.RADIAN.) );
#1846 = ( NAMED_UNIT(*) SI_UNIT($,.STERADIAN.) SOLID_ANGLE_UNIT() );
#1847 = UNCERTAINTY_MEASURE_WITH_UNIT(LENGTH_MEASURE(1.E-07),#1844,
  'distance_accuracy_value','confusion accuracy');
#1848 = CONTEXT_DEPENDENT_SHAPE_REPRESENTATION(#1849,#1851);
#1849 = ( REPRESENTATION_RELATIONSHIP('','',#220,#10) 
REPRESENTATION_RELATIONSHIP_WITH_TRANSFORMATION(#1850) 
SHAPE_REPRESENTATION_RELATIONSHIP() );
#1850 = ITEM_DEFINED_TRANSFORMATION('','',#11,#15);
#1851 = PRODUCT_DEFINITION_SHAPE('Placement','Placement of an item',
  #1852);
#1852 = NEXT_ASSEMBLY_USAGE_OCCURRENCE('3280','NVR-C01_receiver_rail_1',
  '',#5,#215,$);
#1853 = PRODUCT_RELATED_PRODUCT_CATEGORY('part',$,(#217));
#1854 = SHAPE_DEFINITION_REPRESENTATION(#1855,#1861);
#1855 = PRODUCT_DEFINITION_SHAPE('','',#1856);
#1856 = PRODUCT_DEFINITION('design','',#1857,#1860);
#1857 = PRODUCT_DEFINITION_FORMATION('','',#1858);
#1858 = PRODUCT('NVR-C01_receiver_rail_2','NVR-C01_receiver_rail_2','',(
    #1859));
#1859 = PRODUCT_CONTEXT('',#2,'mechanical');
#1860 = PRODUCT_DEFINITION_CONTEXT('part definition',#2,'design');
#1861 = ADVANCED_BREP_SHAPE_REPRESENTATION('',(#11,#1862),#3484);
#1862 = MANIFOLD_SOLID_BREP('',#1863);
#1863 = CLOSED_SHELL('',(#1864,#2443,#2519,#2568,#2615,#2662,#2709,#2756
    ,#2803,#2850,#2899,#2948,#2997,#3046,#3093,#3140,#3187,#3234,#3281,
    #3328,#3377,#3404,#3458));
#1864 = ADVANCED_FACE('',(#1865,#2408),#1879,.F.);
#1865 = FACE_BOUND('',#1866,.F.);
#1866 = EDGE_LOOP('',(#1867,#1902,#1930,#1956,#1982,#2008,#2036,#2064,
    #2090,#2116,#2142,#2170,#2198,#2224,#2250,#2276,#2304,#2332,#2358,
    #2384));
#1867 = ORIENTED_EDGE('',*,*,#1868,.F.);
#1868 = EDGE_CURVE('',#1869,#1871,#1873,.T.);
#1869 = VERTEX_POINT('',#1870);
#1870 = CARTESIAN_POINT('',(-380.,240.,360.));
#1871 = VERTEX_POINT('',#1872);
#1872 = CARTESIAN_POINT('',(-380.,256.,360.));
#1873 = SURFACE_CURVE('',#1874,(#1878,#1890),.PCURVE_S1.);
#1874 = LINE('',#1875,#1876);
#1875 = CARTESIAN_POINT('',(-380.,240.,360.));
#1876 = VECTOR('',#1877,1.);
#1877 = DIRECTION('',(0.,1.,0.));
#1878 = PCURVE('',#1879,#1884);
#1879 = PLANE('',#1880);
#1880 = AXIS2_PLACEMENT_3D('',#1881,#1882,#1883);
#1881 = CARTESIAN_POINT('',(-380.,240.,320.));
#1882 = DIRECTION('',(1.,0.,0.));
#1883 = DIRECTION('',(0.,0.,1.));
#1884 = DEFINITIONAL_REPRESENTATION('',(#1885),#1889);
#1885 = LINE('',#1886,#1887);
#1886 = CARTESIAN_POINT('',(40.,0.));
#1887 = VECTOR('',#1888,1.);
#1888 = DIRECTION('',(0.,-1.));
#1889 = ( GEOMETRIC_REPRESENTATION_CONTEXT(2) 
PARAMETRIC_REPRESENTATION_CONTEXT() REPRESENTATION_CONTEXT('2D SPACE',''
  ) );
#1890 = PCURVE('',#1891,#1896);
#1891 = PLANE('',#1892);
#1892 = AXIS2_PLACEMENT_3D('',#1893,#1894,#1895);
#1893 = CARTESIAN_POINT('',(-380.,240.,360.));
#1894 = DIRECTION('',(0.,0.,1.));
#1895 = DIRECTION('',(1.,0.,0.));
#1896 = DEFINITIONAL_REPRESENTATION('',(#1897),#1901);
#1897 = LINE('',#1898,#1899);
#1898 = CARTESIAN_POINT('',(0.,0.));
#1899 = VECTOR('',#1900,1.);
#1900 = DIRECTION('',(0.,1.));
#1901 = ( GEOMETRIC_REPRESENTATION_CONTEXT(2) 
PARAMETRIC_REPRESENTATION_CONTEXT() REPRESENTATION_CONTEXT('2D SPACE',''
  ) );
#1902 = ORIENTED_EDGE('',*,*,#1903,.F.);
#1903 = EDGE_CURVE('',#1904,#1869,#1906,.T.);
#1904 = VERTEX_POINT('',#1905);
#1905 = CARTESIAN_POINT('',(-380.,240.,344.));
#1906 = SURFACE_CURVE('',#1907,(#1911,#1918),.PCURVE_S1.);
#1907 = LINE('',#1908,#1909);
#1908 = CARTESIAN_POINT('',(-380.,240.,320.));
#1909 = VECTOR('',#1910,1.);
#1910 = DIRECTION('',(0.,0.,1.));
#1911 = PCURVE('',#1879,#1912);
#1912 = DEFINITIONAL_REPRESENTATION('',(#1913),#1917);
#1913 = LINE('',#1914,#1915);
#1914 = CARTESIAN_POINT('',(0.,0.));
#1915 = VECTOR('',#1916,1.);
#1916 = DIRECTION('',(1.,0.));
#1917 = ( GEOMETRIC_REPRESENTATION_CONTEXT(2) 
PARAMETRIC_REPRESENTATION_CONTEXT() REPRESENTATION_CONTEXT('2D SPACE',''
  ) );
#1918 = PCURVE('',#1919,#1924);
#1919 = PLANE('',#1920);
#1920 = AXIS2_PLACEMENT_3D('',#1921,#1922,#1923);
#1921 = CARTESIAN_POINT('',(-380.,240.,320.));
#1922 = DIRECTION('',(0.,1.,0.));
#1923 = DIRECTION('',(0.,0.,1.));
#1924 = DEFINITIONAL_REPRESENTATION('',(#1925),#1929);
#1925 = LINE('',#1926,#1927);
#1926 = CARTESIAN_POINT('',(0.,0.));
#1927 = VECTOR('',#1928,1.);
#1928 = DIRECTION('',(1.,0.));
#1929 = ( GEOMETRIC_REPRESENTATION_CONTEXT(2) 
PARAMETRIC_REPRESENTATION_CONTEXT() REPRESENTATION_CONTEXT('2D SPACE',''
  ) );
#1930 = ORIENTED_EDGE('',*,*,#1931,.F.);
#1931 = EDGE_CURVE('',#1932,#1904,#1934,.T.);
#1932 = VERTEX_POINT('',#1933);
#1933 = CARTESIAN_POINT('',(-380.,246.,344.));
#1934 = SURFACE_CURVE('',#1935,(#1939,#1945),.PCURVE_S1.);
#1935 = LINE('',#1936,#1937);
#1936 = CARTESIAN_POINT('',(-380.,240.,344.));
#1937 = VECTOR('',#1938,1.);
#1938 = DIRECTION('',(0.,-1.,0.));
#1939 = PCURVE('',#1879,#1940);
#1940 = DEFINITIONAL_REPRESENTATION('',(#1941),#1944);
#1941 = B_SPLINE_CURVE_WITH_KNOTS('',1,(#1942,#1943),.UNSPECIFIED.,.F.,
  .F.,(2,2),(-6.,0.),.PIECEWISE_BEZIER_KNOTS.);
#1942 = CARTESIAN_POINT('',(24.,-6.));
#1943 = CARTESIAN_POINT('',(24.,0.));
#1944 = ( GEOMETRIC_REPRESENTATION_CONTEXT(2) 
PARAMETRIC_REPRESENTATION_CONTEXT() REPRESENTATION_CONTEXT('2D SPACE',''
  ) );
#1945 = PCURVE('',#1946,#1951);
#1946 = PLANE('',#1947);
#1947 = AXIS2_PLACEMENT_3D('',#1948,#1949,#1950);
#1948 = CARTESIAN_POINT('',(-381.,240.,344.));
#1949 = DIRECTION('',(0.,0.,1.));
#1950 = DIRECTION('',(1.,0.,0.));
#1951 = DEFINITIONAL_REPRESENTATION('',(#1952),#1955);
#1952 = B_SPLINE_CURVE_WITH_KNOTS('',1,(#1953,#1954),.UNSPECIFIED.,.F.,
  .F.,(2,2),(-6.,0.),.PIECEWISE_BEZIER_KNOTS.);
#1953 = CARTESIAN_POINT('',(1.,6.));
#1954 = CARTESIAN_POINT('',(1.,0.));
#1955 = ( GEOMETRIC_REPRESENTATION_CONTEXT(2) 
PARAMETRIC_REPRESENTATION_CONTEXT() REPRESENTATION_CONTEXT('2D SPACE',''
  ) );
#1956 = ORIENTED_EDGE('',*,*,#1957,.F.);
#1957 = EDGE_CURVE('',#1958,#1932,#1960,.T.);
#1958 = VERTEX_POINT('',#1959);
#1959 = CARTESIAN_POINT('',(-380.,246.,336.));
#1960 = SURFACE_CURVE('',#1961,(#1965,#1971),.PCURVE_S1.);
#1961 = LINE('',#1962,#1963);
#1962 = CARTESIAN_POINT('',(-380.,246.,328.));
#1963 = VECTOR('',#1964,1.);
#1964 = DIRECTION('',(0.,0.,1.));
#1965 = PCURVE('',#1879,#1966);
#1966 = DEFINITIONAL_REPRESENTATION('',(#1967),#1970);
#1967 = B_SPLINE_CURVE_WITH_KNOTS('',1,(#1968,#1969),.UNSPECIFIED.,.F.,
  .F.,(2,2),(8.,16.),.PIECEWISE_BEZIER_KNOTS.);
#1968 = CARTESIAN_POINT('',(16.,-6.));
#1969 = CARTESIAN_POINT('',(24.,-6.));
#1970 = ( GEOMETRIC_REPRESENTATION_CONTEXT(2) 
PARAMETRIC_REPRESENTATION_CONTEXT() REPRESENTATION_CONTEXT('2D SPACE',''
  ) );
#1971 = PCURVE('',#1972,#1977);
#1972 = PLANE('',#1973);
#1973 = AXIS2_PLACEMENT_3D('',#1974,#1975,#1976);
#1974 = CARTESIAN_POINT('',(-381.,246.,336.));
#1975 = DIRECTION('',(0.,1.,0.));
#1976 = DIRECTION('',(0.,0.,1.));
#1977 = DEFINITIONAL_REPRESENTATION('',(#1978),#1981);
#1978 = B_SPLINE_CURVE_WITH_KNOTS('',1,(#1979,#1980),.UNSPECIFIED.,.F.,
  .F.,(2,2),(8.,16.),.PIECEWISE_BEZIER_KNOTS.);
#1979 = CARTESIAN_POINT('',(0.,1.));
#1980 = CARTESIAN_POINT('',(8.,1.));
#1981 = ( GEOMETRIC_REPRESENTATION_CONTEXT(2) 
PARAMETRIC_REPRESENTATION_CONTEXT() REPRESENTATION_CONTEXT('2D SPACE',''
  ) );
#1982 = ORIENTED_EDGE('',*,*,#1983,.T.);
#1983 = EDGE_CURVE('',#1958,#1984,#1986,.T.);
#1984 = VERTEX_POINT('',#1985);
#1985 = CARTESIAN_POINT('',(-380.,240.,336.));
#1986 = SURFACE_CURVE('',#1987,(#1991,#1997),.PCURVE_S1.);
#1987 = LINE('',#1988,#1989);
#1988 = CARTESIAN_POINT('',(-380.,240.,336.));
#1989 = VECTOR('',#1990,1.);
#1990 = DIRECTION('',(0.,-1.,0.));
#1991 = PCURVE('',#1879,#1992);
#1992 = DEFINITIONAL_REPRESENTATION('',(#1993),#1996);
#1993 = B_SPLINE_CURVE_WITH_KNOTS('',1,(#1994,#1995),.UNSPECIFIED.,.F.,
  .F.,(2,2),(-6.,0.),.PIECEWISE_BEZIER_KNOTS.);
#1994 = CARTESIAN_POINT('',(16.,-6.));
#1995 = CARTESIAN_POINT('',(16.,0.));
#1996 = ( GEOMETRIC_REPRESENTATION_CONTEXT(2) 
PARAMETRIC_REPRESENTATION_CONTEXT() REPRESENTATION_CONTEXT('2D SPACE',''
  ) );
#1997 = PCURVE('',#1998,#2003);
#1998 = PLANE('',#1999);
#1999 = AXIS2_PLACEMENT_3D('',#2000,#2001,#2002);
#2000 = CARTESIAN_POINT('',(-381.,240.,336.));
#2001 = DIRECTION('',(0.,0.,1.));
#2002 = DIRECTION('',(1.,0.,0.));
#2003 = DEFINITIONAL_REPRESENTATION('',(#2004),#2007);
#2004 = B_SPLINE_CURVE_WITH_KNOTS('',1,(#2005,#2006),.UNSPECIFIED.,.F.,
  .F.,(2,2),(-6.,0.),.PIECEWISE_BEZIER_KNOTS.);
#2005 = CARTESIAN_POINT('',(1.,6.));
#2006 = CARTESIAN_POINT('',(1.,0.));
#2007 = ( GEOMETRIC_REPRESENTATION_CONTEXT(2) 
PARAMETRIC_REPRESENTATION_CONTEXT() REPRESENTATION_CONTEXT('2D SPACE',''
  ) );
#2008 = ORIENTED_EDGE('',*,*,#2009,.F.);
#2009 = EDGE_CURVE('',#2010,#1984,#2012,.T.);
#2010 = VERTEX_POINT('',#2011);
#2011 = CARTESIAN_POINT('',(-380.,240.,320.));
#2012 = SURFACE_CURVE('',#2013,(#2017,#2024),.PCURVE_S1.);
#2013 = LINE('',#2014,#2015);
#2014 = CARTESIAN_POINT('',(-380.,240.,320.));
#2015 = VECTOR('',#2016,1.);
#2016 = DIRECTION('',(0.,0.,1.));
#2017 = PCURVE('',#1879,#2018);
#2018 = DEFINITIONAL_REPRESENTATION('',(#2019),#2023);
#2019 = LINE('',#2020,#2021);
#2020 = CARTESIAN_POINT('',(0.,0.));
#2021 = VECTOR('',#2022,1.);
#2022 = DIRECTION('',(1.,0.));
#2023 = ( GEOMETRIC_REPRESENTATION_CONTEXT(2) 
PARAMETRIC_REPRESENTATION_CONTEXT() REPRESENTATION_CONTEXT('2D SPACE',''
  ) );
#2024 = PCURVE('',#2025,#2030);
#2025 = PLANE('',#2026);
#2026 = AXIS2_PLACEMENT_3D('',#2027,#2028,#2029);
#2027 = CARTESIAN_POINT('',(-380.,240.,320.));
#2028 = DIRECTION('',(0.,1.,0.));
#2029 = DIRECTION('',(0.,0.,1.));
#2030 = DEFINITIONAL_REPRESENTATION('',(#2031),#2035);
#2031 = LINE('',#2032,#2033);
#2032 = CARTESIAN_POINT('',(0.,0.));
#2033 = VECTOR('',#2034,1.);
#2034 = DIRECTION('',(1.,0.));
#2035 = ( GEOMETRIC_REPRESENTATION_CONTEXT(2) 
PARAMETRIC_REPRESENTATION_CONTEXT() REPRESENTATION_CONTEXT('2D SPACE',''
  ) );
#2036 = ORIENTED_EDGE('',*,*,#2037,.T.);
#2037 = EDGE_CURVE('',#2010,#2038,#2040,.T.);
#2038 = VERTEX_POINT('',#2039);
#2039 = CARTESIAN_POINT('',(-380.,256.,320.));
#2040 = SURFACE_CURVE('',#2041,(#2045,#2052),.PCURVE_S1.);
#2041 = LINE('',#2042,#2043);
#2042 = CARTESIAN_POINT('',(-380.,240.,320.));
#2043 = VECTOR('',#2044,1.);
#2044 = DIRECTION('',(0.,1.,0.));
#2045 = PCURVE('',#1879,#2046);
#2046 = DEFINITIONAL_REPRESENTATION('',(#2047),#2051);
#2047 = LINE('',#2048,#2049);
#2048 = CARTESIAN_POINT('',(0.,0.));
#2049 = VECTOR('',#2050,1.);
#2050 = DIRECTION('',(0.,-1.));
#2051 = ( GEOMETRIC_REPRESENTATION_CONTEXT(2) 
PARAMETRIC_REPRESENTATION_CONTEXT() REPRESENTATION_CONTEXT('2D SPACE',''
  ) );
#2052 = PCURVE('',#2053,#2058);
#2053 = PLANE('',#2054);
#2054 = AXIS2_PLACEMENT_3D('',#2055,#2056,#2057);
#2055 = CARTESIAN_POINT('',(-380.,240.,320.));
#2056 = DIRECTION('',(0.,0.,1.));
#2057 = DIRECTION('',(1.,0.,0.));
#2058 = DEFINITIONAL_REPRESENTATION('',(#2059),#2063);
#2059 = LINE('',#2060,#2061);
#2060 = CARTESIAN_POINT('',(0.,0.));
#2061 = VECTOR('',#2062,1.);
#2062 = DIRECTION('',(0.,1.));
#2063 = ( GEOMETRIC_REPRESENTATION_CONTEXT(2) 
PARAMETRIC_REPRESENTATION_CONTEXT() REPRESENTATION_CONTEXT('2D SPACE',''
  ) );
#2064 = ORIENTED_EDGE('',*,*,#2065,.T.);
#2065 = EDGE_CURVE('',#2038,#2066,#2068,.T.);
#2066 = VERTEX_POINT('',#2067);
#2067 = CARTESIAN_POINT('',(-380.,256.,326.));
#2068 = SURFACE_CURVE('',#2069,(#2073,#2079),.PCURVE_S1.);
#2069 = LINE('',#2070,#2071);
#2070 = CARTESIAN_POINT('',(-380.,256.,320.));
#2071 = VECTOR('',#2072,1.);
#2072 = DIRECTION('',(0.,0.,1.));
#2073 = PCURVE('',#1879,#2074);
#2074 = DEFINITIONAL_REPRESENTATION('',(#2075),#2078);
#2075 = B_SPLINE_CURVE_WITH_KNOTS('',1,(#2076,#2077),.UNSPECIFIED.,.F.,
  .F.,(2,2),(0.,6.),.PIECEWISE_BEZIER_KNOTS.);
#2076 = CARTESIAN_POINT('',(0.,-16.));
#2077 = CARTESIAN_POINT('',(6.,-16.));
#2078 = ( GEOMETRIC_REPRESENTATION_CONTEXT(2) 
PARAMETRIC_REPRESENTATION_CONTEXT() REPRESENTATION_CONTEXT('2D SPACE',''
  ) );
#2079 = PCURVE('',#2080,#2085);
#2080 = PLANE('',#2081);
#2081 = AXIS2_PLACEMENT_3D('',#2082,#2083,#2084);
#2082 = CARTESIAN_POINT('',(-381.,256.,320.));
#2083 = DIRECTION('',(0.,1.,0.));
#2084 = DIRECTION('',(0.,0.,1.));
#2085 = DEFINITIONAL_REPRESENTATION('',(#2086),#2089);
#2086 = B_SPLINE_CURVE_WITH_KNOTS('',1,(#2087,#2088),.UNSPECIFIED.,.F.,
  .F.,(2,2),(0.,6.),.PIECEWISE_BEZIER_KNOTS.);
#2087 = CARTESIAN_POINT('',(0.,1.));
#2088 = CARTESIAN_POINT('',(6.,1.));
#2089 = ( GEOMETRIC_REPRESENTATION_CONTEXT(2) 
PARAMETRIC_REPRESENTATION_CONTEXT() REPRESENTATION_CONTEXT('2D SPACE',''
  ) );
#2090 = ORIENTED_EDGE('',*,*,#2091,.F.);
#2091 = EDGE_CURVE('',#2092,#2066,#2094,.T.);
#2092 = VERTEX_POINT('',#2093);
#2093 = CARTESIAN_POINT('',(-380.,264.,326.));
#2094 = SURFACE_CURVE('',#2095,(#2099,#2105),.PCURVE_S1.);
#2095 = LINE('',#2096,#2097);
#2096 = CARTESIAN_POINT('',(-380.,248.,326.));
#2097 = VECTOR('',#2098,1.);
#2098 = DIRECTION('',(0.,-1.,0.));
#2099 = PCURVE('',#1879,#2100);
#2100 = DEFINITIONAL_REPRESENTATION('',(#2101),#2104);
#2101 = B_SPLINE_CURVE_WITH_KNOTS('',1,(#2102,#2103),.UNSPECIFIED.,.F.,
  .F.,(2,2),(-16.,-8.),.PIECEWISE_BEZIER_KNOTS.);
#2102 = CARTESIAN_POINT('',(6.,-24.));
#2103 = CARTESIAN_POINT('',(6.,-16.));
#2104 = ( GEOMETRIC_REPRESENTATION_CONTEXT(2) 
PARAMETRIC_REPRESENTATION_CONTEXT() REPRESENTATION_CONTEXT('2D SPACE',''
  ) );
#2105 = PCURVE('',#2106,#2111);
#2106 = PLANE('',#2107);
#2107 = AXIS2_PLACEMENT_3D('',#2108,#2109,#2110);
#2108 = CARTESIAN_POINT('',(-381.,256.,326.));
#2109 = DIRECTION('',(0.,0.,1.));
#2110 = DIRECTION('',(1.,0.,0.));
#2111 = DEFINITIONAL_REPRESENTATION('',(#2112),#2115);
#2112 = B_SPLINE_CURVE_WITH_KNOTS('',1,(#2113,#2114),.UNSPECIFIED.,.F.,
  .F.,(2,2),(-16.,-8.),.PIECEWISE_BEZIER_KNOTS.);
#2113 = CARTESIAN_POINT('',(1.,8.));
#2114 = CARTESIAN_POINT('',(1.,0.));
#2115 = ( GEOMETRIC_REPRESENTATION_CONTEXT(2) 
PARAMETRIC_REPRESENTATION_CONTEXT() REPRESENTATION_CONTEXT('2D SPACE',''
  ) );
#2116 = ORIENTED_EDGE('',*,*,#2117,.F.);
#2117 = EDGE_CURVE('',#2118,#2092,#2120,.T.);
#2118 = VERTEX_POINT('',#2119);
#2119 = CARTESIAN_POINT('',(-380.,264.,320.));
#2120 = SURFACE_CURVE('',#2121,(#2125,#2131),.PCURVE_S1.);
#2121 = LINE('',#2122,#2123);
#2122 = CARTESIAN_POINT('',(-380.,264.,320.));
#2123 = VECTOR('',#2124,1.);
#2124 = DIRECTION('',(0.,0.,1.));
#2125 = PCURVE('',#1879,#2126);
#2126 = DEFINITIONAL_REPRESENTATION('',(#2127),#2130);
#2127 = B_SPLINE_CURVE_WITH_KNOTS('',1,(#2128,#2129),.UNSPECIFIED.,.F.,
  .F.,(2,2),(0.,6.),.PIECEWISE_BEZIER_KNOTS.);
#2128 = CARTESIAN_POINT('',(0.,-24.));
#2129 = CARTESIAN_POINT('',(6.,-24.));
#2130 = ( GEOMETRIC_REPRESENTATION_CONTEXT(2) 
PARAMETRIC_REPRESENTATION_CONTEXT() REPRESENTATION_CONTEXT('2D SPACE',''
  ) );
#2131 = PCURVE('',#2132,#2137);
#2132 = PLANE('',#2133);
#2133 = AXIS2_PLACEMENT_3D('',#2134,#2135,#2136);
#2134 = CARTESIAN_POINT('',(-381.,264.,320.));
#2135 = DIRECTION('',(0.,1.,0.));
#2136 = DIRECTION('',(0.,0.,1.));
#2137 = DEFINITIONAL_REPRESENTATION('',(#2138),#2141);
#2138 = B_SPLINE_CURVE_WITH_KNOTS('',1,(#2139,#2140),.UNSPECIFIED.,.F.,
  .F.,(2,2),(0.,6.),.PIECEWISE_BEZIER_KNOTS.);
#2139 = CARTESIAN_POINT('',(0.,1.));
#2140 = CARTESIAN_POINT('',(6.,1.));
#2141 = ( GEOMETRIC_REPRESENTATION_CONTEXT(2) 
PARAMETRIC_REPRESENTATION_CONTEXT() REPRESENTATION_CONTEXT('2D SPACE',''
  ) );
#2142 = ORIENTED_EDGE('',*,*,#2143,.T.);
#2143 = EDGE_CURVE('',#2118,#2144,#2146,.T.);
#2144 = VERTEX_POINT('',#2145);
#2145 = CARTESIAN_POINT('',(-380.,280.,320.));
#2146 = SURFACE_CURVE('',#2147,(#2151,#2158),.PCURVE_S1.);
#2147 = LINE('',#2148,#2149);
#2148 = CARTESIAN_POINT('',(-380.,240.,320.));
#2149 = VECTOR('',#2150,1.);
#2150 = DIRECTION('',(0.,1.,0.));
#2151 = PCURVE('',#1879,#2152);
#2152 = DEFINITIONAL_REPRESENTATION('',(#2153),#2157);
#2153 = LINE('',#2154,#2155);
#2154 = CARTESIAN_POINT('',(0.,0.));
#2155 = VECTOR('',#2156,1.);
#2156 = DIRECTION('',(0.,-1.));
#2157 = ( GEOMETRIC_REPRESENTATION_CONTEXT(2) 
PARAMETRIC_REPRESENTATION_CONTEXT() REPRESENTATION_CONTEXT('2D SPACE',''
  ) );
#2158 = PCURVE('',#2159,#2164);
#2159 = PLANE('',#2160);
#2160 = AXIS2_PLACEMENT_3D('',#2161,#2162,#2163);
#2161 = CARTESIAN_POINT('',(-380.,240.,320.));
#2162 = DIRECTION('',(0.,0.,1.));
#2163 = DIRECTION('',(1.,0.,0.));
#2164 = DEFINITIONAL_REPRESENTATION('',(#2165),#2169);
#2165 = LINE('',#2166,#2167);
#2166 = CARTESIAN_POINT('',(0.,0.));
#2167 = VECTOR('',#2168,1.);
#2168 = DIRECTION('',(0.,1.));
#2169 = ( GEOMETRIC_REPRESENTATION_CONTEXT(2) 
PARAMETRIC_REPRESENTATION_CONTEXT() REPRESENTATION_CONTEXT('2D SPACE',''
  ) );
#2170 = ORIENTED_EDGE('',*,*,#2171,.T.);
#2171 = EDGE_CURVE('',#2144,#2172,#2174,.T.);
#2172 = VERTEX_POINT('',#2173);
#2173 = CARTESIAN_POINT('',(-380.,280.,336.));
#2174 = SURFACE_CURVE('',#2175,(#2179,#2186),.PCURVE_S1.);
#2175 = LINE('',#2176,#2177);
#2176 = CARTESIAN_POINT('',(-380.,280.,320.));
#2177 = VECTOR('',#2178,1.);
#2178 = DIRECTION('',(0.,0.,1.));
#2179 = PCURVE('',#1879,#2180);
#2180 = DEFINITIONAL_REPRESENTATION('',(#2181),#2185);
#2181 = LINE('',#2182,#2183);
#2182 = CARTESIAN_POINT('',(0.,-40.));
#2183 = VECTOR('',#2184,1.);
#2184 = DIRECTION('',(1.,0.));
#2185 = ( GEOMETRIC_REPRESENTATION_CONTEXT(2) 
PARAMETRIC_REPRESENTATION_CONTEXT() REPRESENTATION_CONTEXT('2D SPACE',''
  ) );
#2186 = PCURVE('',#2187,#2192);
#2187 = PLANE('',#2188);
#2188 = AXIS2_PLACEMENT_3D('',#2189,#2190,#2191);
#2189 = CARTESIAN_POINT('',(-380.,280.,320.));
#2190 = DIRECTION('',(0.,1.,0.));
#2191 = DIRECTION('',(0.,0.,1.));
#2192 = DEFINITIONAL_REPRESENTATION('',(#2193),#2197);
#2193 = LINE('',#2194,#2195);
#2194 = CARTESIAN_POINT('',(0.,0.));
#2195 = VECTOR('',#2196,1.);
#2196 = DIRECTION('',(1.,0.));
#2197 = ( GEOMETRIC_REPRESENTATION_CONTEXT(2) 
PARAMETRIC_REPRESENTATION_CONTEXT() REPRESENTATION_CONTEXT('2D SPACE',''
  ) );
#2198 = ORIENTED_EDGE('',*,*,#2199,.T.);
#2199 = EDGE_CURVE('',#2172,#2200,#2202,.T.);
#2200 = VERTEX_POINT('',#2201);
#2201 = CARTESIAN_POINT('',(-380.,274.,336.));
#2202 = SURFACE_CURVE('',#2203,(#2207,#2213),.PCURVE_S1.);
#2203 = LINE('',#2204,#2205);
#2204 = CARTESIAN_POINT('',(-380.,257.,336.));
#2205 = VECTOR('',#2206,1.);
#2206 = DIRECTION('',(0.,-1.,0.));
#2207 = PCURVE('',#1879,#2208);
#2208 = DEFINITIONAL_REPRESENTATION('',(#2209),#2212);
#2209 = B_SPLINE_CURVE_WITH_KNOTS('',1,(#2210,#2211),.UNSPECIFIED.,.F.,
  .F.,(2,2),(-23.,-17.),.PIECEWISE_BEZIER_KNOTS.);
#2210 = CARTESIAN_POINT('',(16.,-40.));
#2211 = CARTESIAN_POINT('',(16.,-34.));
#2212 = ( GEOMETRIC_REPRESENTATION_CONTEXT(2) 
PARAMETRIC_REPRESENTATION_CONTEXT() REPRESENTATION_CONTEXT('2D SPACE',''
  ) );
#2213 = PCURVE('',#2214,#2219);
#2214 = PLANE('',#2215);
#2215 = AXIS2_PLACEMENT_3D('',#2216,#2217,#2218);
#2216 = CARTESIAN_POINT('',(-381.,274.,336.));
#2217 = DIRECTION('',(0.,0.,1.));
#2218 = DIRECTION('',(1.,0.,0.));
#2219 = DEFINITIONAL_REPRESENTATION('',(#2220),#2223);
#2220 = B_SPLINE_CURVE_WITH_KNOTS('',1,(#2221,#2222),.UNSPECIFIED.,.F.,
  .F.,(2,2),(-23.,-17.),.PIECEWISE_BEZIER_KNOTS.);
#2221 = CARTESIAN_POINT('',(1.,6.));
#2222 = CARTESIAN_POINT('',(1.,0.));
#2223 = ( GEOMETRIC_REPRESENTATION_CONTEXT(2) 
PARAMETRIC_REPRESENTATION_CONTEXT() REPRESENTATION_CONTEXT('2D SPACE',''
  ) );
#2224 = ORIENTED_EDGE('',*,*,#2225,.T.);
#2225 = EDGE_CURVE('',#2200,#2226,#2228,.T.);
#2226 = VERTEX_POINT('',#2227);
#2227 = CARTESIAN_POINT('',(-380.,274.,344.));
#2228 = SURFACE_CURVE('',#2229,(#2233,#2239),.PCURVE_S1.);
#2229 = LINE('',#2230,#2231);
#2230 = CARTESIAN_POINT('',(-380.,274.,328.));
#2231 = VECTOR('',#2232,1.);
#2232 = DIRECTION('',(0.,0.,1.));
#2233 = PCURVE('',#1879,#2234);
#2234 = DEFINITIONAL_REPRESENTATION('',(#2235),#2238);
#2235 = B_SPLINE_CURVE_WITH_KNOTS('',1,(#2236,#2237),.UNSPECIFIED.,.F.,
  .F.,(2,2),(8.,16.),.PIECEWISE_BEZIER_KNOTS.);
#2236 = CARTESIAN_POINT('',(16.,-34.));
#2237 = CARTESIAN_POINT('',(24.,-34.));
#2238 = ( GEOMETRIC_REPRESENTATION_CONTEXT(2) 
PARAMETRIC_REPRESENTATION_CONTEXT() REPRESENTATION_CONTEXT('2D SPACE',''
  ) );
#2239 = PCURVE('',#2240,#2245);
#2240 = PLANE('',#2241);
#2241 = AXIS2_PLACEMENT_3D('',#2242,#2243,#2244);
#2242 = CARTESIAN_POINT('',(-381.,274.,336.));
#2243 = DIRECTION('',(0.,1.,0.));
#2244 = DIRECTION('',(0.,0.,1.));
#2245 = DEFINITIONAL_REPRESENTATION('',(#2246),#2249);
#2246 = B_SPLINE_CURVE_WITH_KNOTS('',1,(#2247,#2248),.UNSPECIFIED.,.F.,
  .F.,(2,2),(8.,16.),.PIECEWISE_BEZIER_KNOTS.);
#2247 = CARTESIAN_POINT('',(0.,1.));
#2248 = CARTESIAN_POINT('',(8.,1.));
#2249 = ( GEOMETRIC_REPRESENTATION_CONTEXT(2) 
PARAMETRIC_REPRESENTATION_CONTEXT() REPRESENTATION_CONTEXT('2D SPACE',''
  ) );
#2250 = ORIENTED_EDGE('',*,*,#2251,.F.);
#2251 = EDGE_CURVE('',#2252,#2226,#2254,.T.);
#2252 = VERTEX_POINT('',#2253);
#2253 = CARTESIAN_POINT('',(-380.,280.,344.));
#2254 = SURFACE_CURVE('',#2255,(#2259,#2265),.PCURVE_S1.);
#2255 = LINE('',#2256,#2257);
#2256 = CARTESIAN_POINT('',(-380.,257.,344.));
#2257 = VECTOR('',#2258,1.);
#2258 = DIRECTION('',(0.,-1.,0.));
#2259 = PCURVE('',#1879,#2260);
#2260 = DEFINITIONAL_REPRESENTATION('',(#2261),#2264);
#2261 = B_SPLINE_CURVE_WITH_KNOTS('',1,(#2262,#2263),.UNSPECIFIED.,.F.,
  .F.,(2,2),(-23.,-17.),.PIECEWISE_BEZIER_KNOTS.);
#2262 = CARTESIAN_POINT('',(24.,-40.));
#2263 = CARTESIAN_POINT('',(24.,-34.));
#2264 = ( GEOMETRIC_REPRESENTATION_CONTEXT(2) 
PARAMETRIC_REPRESENTATION_CONTEXT() REPRESENTATION_CONTEXT('2D SPACE',''
  ) );
#2265 = PCURVE('',#2266,#2271);
#2266 = PLANE('',#2267);
#2267 = AXIS2_PLACEMENT_3D('',#2268,#2269,#2270);
#2268 = CARTESIAN_POINT('',(-381.,274.,344.));
#2269 = DIRECTION('',(0.,0.,1.));
#2270 = DIRECTION('',(1.,0.,0.));
#2271 = DEFINITIONAL_REPRESENTATION('',(#2272),#2275);
#2272 = B_SPLINE_CURVE_WITH_KNOTS('',1,(#2273,#2274),.UNSPECIFIED.,.F.,
  .F.,(2,2),(-23.,-17.),.PIECEWISE_BEZIER_KNOTS.);
#2273 = CARTESIAN_POINT('',(1.,6.));
#2274 = CARTESIAN_POINT('',(1.,0.));
#2275 = ( GEOMETRIC_REPRESENTATION_CONTEXT(2) 
PARAMETRIC_REPRESENTATION_CONTEXT() REPRESENTATION_CONTEXT('2D SPACE',''
  ) );
#2276 = ORIENTED_EDGE('',*,*,#2277,.T.);
#2277 = EDGE_CURVE('',#2252,#2278,#2280,.T.);
#2278 = VERTEX_POINT('',#2279);
#2279 = CARTESIAN_POINT('',(-380.,280.,360.));
#2280 = SURFACE_CURVE('',#2281,(#2285,#2292),.PCURVE_S1.);
#2281 = LINE('',#2282,#2283);
#2282 = CARTESIAN_POINT('',(-380.,280.,320.));
#2283 = VECTOR('',#2284,1.);
#2284 = DIRECTION('',(0.,0.,1.));
#2285 = PCURVE('',#1879,#2286);
#2286 = DEFINITIONAL_REPRESENTATION('',(#2287),#2291);
#2287 = LINE('',#2288,#2289);
#2288 = CARTESIAN_POINT('',(0.,-40.));
#2289 = VECTOR('',#2290,1.);
#2290 = DIRECTION('',(1.,0.));
#2291 = ( GEOMETRIC_REPRESENTATION_CONTEXT(2) 
PARAMETRIC_REPRESENTATION_CONTEXT() REPRESENTATION_CONTEXT('2D SPACE',''
  ) );
#2292 = PCURVE('',#2293,#2298);
#2293 = PLANE('',#2294);
#2294 = AXIS2_PLACEMENT_3D('',#2295,#2296,#2297);
#2295 = CARTESIAN_POINT('',(-380.,280.,320.));
#2296 = DIRECTION('',(0.,1.,0.));
#2297 = DIRECTION('',(0.,0.,1.));
#2298 = DEFINITIONAL_REPRESENTATION('',(#2299),#2303);
#2299 = LINE('',#2300,#2301);
#2300 = CARTESIAN_POINT('',(0.,0.));
#2301 = VECTOR('',#2302,1.);
#2302 = DIRECTION('',(1.,0.));
#2303 = ( GEOMETRIC_REPRESENTATION_CONTEXT(2) 
PARAMETRIC_REPRESENTATION_CONTEXT() REPRESENTATION_CONTEXT('2D SPACE',''
  ) );
#2304 = ORIENTED_EDGE('',*,*,#2305,.F.);
#2305 = EDGE_CURVE('',#2306,#2278,#2308,.T.);
#2306 = VERTEX_POINT('',#2307);
#2307 = CARTESIAN_POINT('',(-380.,264.,360.));
#2308 = SURFACE_CURVE('',#2309,(#2313,#2320),.PCURVE_S1.);
#2309 = LINE('',#2310,#2311);
#2310 = CARTESIAN_POINT('',(-380.,240.,360.));
#2311 = VECTOR('',#2312,1.);
#2312 = DIRECTION('',(0.,1.,0.));
#2313 = PCURVE('',#1879,#2314);
#2314 = DEFINITIONAL_REPRESENTATION('',(#2315),#2319);
#2315 = LINE('',#2316,#2317);
#2316 = CARTESIAN_POINT('',(40.,0.));
#2317 = VECTOR('',#2318,1.);
#2318 = DIRECTION('',(0.,-1.));
#2319 = ( GEOMETRIC_REPRESENTATION_CONTEXT(2) 
PARAMETRIC_REPRESENTATION_CONTEXT() REPRESENTATION_CONTEXT('2D SPACE',''
  ) );
#2320 = PCURVE('',#2321,#2326);
#2321 = PLANE('',#2322);
#2322 = AXIS2_PLACEMENT_3D('',#2323,#2324,#2325);
#2323 = CARTESIAN_POINT('',(-380.,240.,360.));
#2324 = DIRECTION('',(0.,0.,1.));
#2325 = DIRECTION('',(1.,0.,0.));
#2326 = DEFINITIONAL_REPRESENTATION('',(#2327),#2331);
#2327 = LINE('',#2328,#2329);
#2328 = CARTESIAN_POINT('',(0.,0.));
#2329 = VECTOR('',#2330,1.);
#2330 = DIRECTION('',(0.,1.));
#2331 = ( GEOMETRIC_REPRESENTATION_CONTEXT(2) 
PARAMETRIC_REPRESENTATION_CONTEXT() REPRESENTATION_CONTEXT('2D SPACE',''
  ) );
#2332 = ORIENTED_EDGE('',*,*,#2333,.F.);
#2333 = EDGE_CURVE('',#2334,#2306,#2336,.T.);
#2334 = VERTEX_POINT('',#2335);
#2335 = CARTESIAN_POINT('',(-380.,264.,354.));
#2336 = SURFACE_CURVE('',#2337,(#2341,#2347),.PCURVE_S1.);
#2337 = LINE('',#2338,#2339);
#2338 = CARTESIAN_POINT('',(-380.,264.,337.));
#2339 = VECTOR('',#2340,1.);
#2340 = DIRECTION('',(0.,0.,1.));
#2341 = PCURVE('',#1879,#2342);
#2342 = DEFINITIONAL_REPRESENTATION('',(#2343),#2346);
#2343 = B_SPLINE_CURVE_WITH_KNOTS('',1,(#2344,#2345),.UNSPECIFIED.,.F.,
  .F.,(2,2),(17.,23.),.PIECEWISE_BEZIER_KNOTS.);
#2344 = CARTESIAN_POINT('',(34.,-24.));
#2345 = CARTESIAN_POINT('',(40.,-24.));
#2346 = ( GEOMETRIC_REPRESENTATION_CONTEXT(2) 
PARAMETRIC_REPRESENTATION_CONTEXT() REPRESENTATION_CONTEXT('2D SPACE',''
  ) );
#2347 = PCURVE('',#2348,#2353);
#2348 = PLANE('',#2349);
#2349 = AXIS2_PLACEMENT_3D('',#2350,#2351,#2352);
#2350 = CARTESIAN_POINT('',(-381.,264.,354.));
#2351 = DIRECTION('',(0.,1.,0.));
#2352 = DIRECTION('',(0.,0.,1.));
#2353 = DEFINITIONAL_REPRESENTATION('',(#2354),#2357);
#2354 = B_SPLINE_CURVE_WITH_KNOTS('',1,(#2355,#2356),.UNSPECIFIED.,.F.,
  .F.,(2,2),(17.,23.),.PIECEWISE_BEZIER_KNOTS.);
#2355 = CARTESIAN_POINT('',(0.,1.));
#2356 = CARTESIAN_POINT('',(6.,1.));
#2357 = ( GEOMETRIC_REPRESENTATION_CONTEXT(2) 
PARAMETRIC_REPRESENTATION_CONTEXT() REPRESENTATION_CONTEXT('2D SPACE',''
  ) );
#2358 = ORIENTED_EDGE('',*,*,#2359,.T.);
#2359 = EDGE_CURVE('',#2334,#2360,#2362,.T.);
#2360 = VERTEX_POINT('',#2361);
#2361 = CARTESIAN_POINT('',(-380.,256.,354.));
#2362 = SURFACE_CURVE('',#2363,(#2367,#2373),.PCURVE_S1.);
#2363 = LINE('',#2364,#2365);
#2364 = CARTESIAN_POINT('',(-380.,248.,354.));
#2365 = VECTOR('',#2366,1.);
#2366 = DIRECTION('',(0.,-1.,0.));
#2367 = PCURVE('',#1879,#2368);
#2368 = DEFINITIONAL_REPRESENTATION('',(#2369),#2372);
#2369 = B_SPLINE_CURVE_WITH_KNOTS('',1,(#2370,#2371),.UNSPECIFIED.,.F.,
  .F.,(2,2),(-16.,-8.),.PIECEWISE_BEZIER_KNOTS.);
#2370 = CARTESIAN_POINT('',(34.,-24.));
#2371 = CARTESIAN_POINT('',(34.,-16.));
#2372 = ( GEOMETRIC_REPRESENTATION_CONTEXT(2) 
PARAMETRIC_REPRESENTATION_CONTEXT() REPRESENTATION_CONTEXT('2D SPACE',''
  ) );
#2373 = PCURVE('',#2374,#2379);
#2374 = PLANE('',#2375);
#2375 = AXIS2_PLACEMENT_3D('',#2376,#2377,#2378);
#2376 = CARTESIAN_POINT('',(-381.,256.,354.));
#2377 = DIRECTION('',(0.,0.,1.));
#2378 = DIRECTION('',(1.,0.,0.));
#2379 = DEFINITIONAL_REPRESENTATION('',(#2380),#2383);
#2380 = B_SPLINE_CURVE_WITH_KNOTS('',1,(#2381,#2382),.UNSPECIFIED.,.F.,
  .F.,(2,2),(-16.,-8.),.PIECEWISE_BEZIER_KNOTS.);
#2381 = CARTESIAN_POINT('',(1.,8.));
#2382 = CARTESIAN_POINT('',(1.,0.));
#2383 = ( GEOMETRIC_REPRESENTATION_CONTEXT(2) 
PARAMETRIC_REPRESENTATION_CONTEXT() REPRESENTATION_CONTEXT('2D SPACE',''
  ) );
#2384 = ORIENTED_EDGE('',*,*,#2385,.T.);
#2385 = EDGE_CURVE('',#2360,#1871,#2386,.T.);
#2386 = SURFACE_CURVE('',#2387,(#2391,#2397),.PCURVE_S1.);
#2387 = LINE('',#2388,#2389);
#2388 = CARTESIAN_POINT('',(-380.,256.,337.));
#2389 = VECTOR('',#2390,1.);
#2390 = DIRECTION('',(0.,0.,1.));
#2391 = PCURVE('',#1879,#2392);
#2392 = DEFINITIONAL_REPRESENTATION('',(#2393),#2396);
#2393 = B_SPLINE_CURVE_WITH_KNOTS('',1,(#2394,#2395),.UNSPECIFIED.,.F.,
  .F.,(2,2),(17.,23.),.PIECEWISE_BEZIER_KNOTS.);
#2394 = CARTESIAN_POINT('',(34.,-16.));
#2395 = CARTESIAN_POINT('',(40.,-16.));
#2396 = ( GEOMETRIC_REPRESENTATION_CONTEXT(2) 
PARAMETRIC_REPRESENTATION_CONTEXT() REPRESENTATION_CONTEXT('2D SPACE',''
  ) );
#2397 = PCURVE('',#2398,#2403);
#2398 = PLANE('',#2399);
#2399 = AXIS2_PLACEMENT_3D('',#2400,#2401,#2402);
#2400 = CARTESIAN_POINT('',(-381.,256.,354.));
#2401 = DIRECTION('',(0.,1.,0.));
#2402 = DIRECTION('',(0.,0.,1.));
#2403 = DEFINITIONAL_REPRESENTATION('',(#2404),#2407);
#2404 = B_SPLINE_CURVE_WITH_KNOTS('',1,(#2405,#2406),.UNSPECIFIED.,.F.,
  .F.,(2,2),(17.,23.),.PIECEWISE_BEZIER_KNOTS.);
#2405 = CARTESIAN_POINT('',(0.,1.));
#2406 = CARTESIAN_POINT('',(6.,1.));
#2407 = ( GEOMETRIC_REPRESENTATION_CONTEXT(2) 
PARAMETRIC_REPRESENTATION_CONTEXT() REPRESENTATION_CONTEXT('2D SPACE',''
  ) );
#2408 = FACE_BOUND('',#2409,.F.);
#2409 = EDGE_LOOP('',(#2410));
#2410 = ORIENTED_EDGE('',*,*,#2411,.T.);
#2411 = EDGE_CURVE('',#2412,#2412,#2414,.T.);
#2412 = VERTEX_POINT('',#2413);
#2413 = CARTESIAN_POINT('',(-380.,260.,336.5));
#2414 = SURFACE_CURVE('',#2415,(#2420,#2431),.PCURVE_S1.);
#2415 = CIRCLE('',#2416,3.5);
#2416 = AXIS2_PLACEMENT_3D('',#2417,#2418,#2419);
#2417 = CARTESIAN_POINT('',(-380.,260.,340.));
#2418 = DIRECTION('',(-1.,-0.,-1.110223024625E-16));
#2419 = DIRECTION('',(1.110223024625E-16,0.,-1.));
#2420 = PCURVE('',#1879,#2421);
#2421 = DEFINITIONAL_REPRESENTATION('',(#2422),#2430);
#2422 = ( BOUNDED_CURVE() B_SPLINE_CURVE(2,(#2423,#2424,#2425,#2426,
#2427,#2428,#2429),.UNSPECIFIED.,.T.,.F.) B_SPLINE_CURVE_WITH_KNOTS((1,2
    ,2,2,2,1),(-2.094395102393,0.,2.094395102393,4.188790204786,
6.28318530718,8.377580409573),.UNSPECIFIED.) CURVE() 
GEOMETRIC_REPRESENTATION_ITEM() RATIONAL_B_SPLINE_CURVE((1.,0.5,1.,0.5,
1.,0.5,1.)) REPRESENTATION_ITEM('') );
#2423 = CARTESIAN_POINT('',(16.5,-20.));
#2424 = CARTESIAN_POINT('',(16.5,-13.9378221735));
#2425 = CARTESIAN_POINT('',(21.75,-16.96891108675));
#2426 = CARTESIAN_POINT('',(27.,-20.));
#2427 = CARTESIAN_POINT('',(21.75,-23.03108891324));
#2428 = CARTESIAN_POINT('',(16.5,-26.06217782649));
#2429 = CARTESIAN_POINT('',(16.5,-20.));
#2430 = ( GEOMETRIC_REPRESENTATION_CONTEXT(2) 
PARAMETRIC_REPRESENTATION_CONTEXT() REPRESENTATION_CONTEXT('2D SPACE',''
  ) );
#2431 = PCURVE('',#2432,#2437);
#2432 = CYLINDRICAL_SURFACE('',#2433,3.5);
#2433 = AXIS2_PLACEMENT_3D('',#2434,#2435,#2436);
#2434 = CARTESIAN_POINT('',(-381.,260.,340.));
#2435 = DIRECTION('',(-1.,-0.,-1.110223024625E-16));
#2436 = DIRECTION('',(1.110223024625E-16,0.,-1.));
#2437 = DEFINITIONAL_REPRESENTATION('',(#2438),#2442);
#2438 = LINE('',#2439,#2440);
#2439 = CARTESIAN_POINT('',(-6.28318530718,-1.));
#2440 = VECTOR('',#2441,1.);
#2441 = DIRECTION('',(1.,-0.));
#2442 = ( GEOMETRIC_REPRESENTATION_CONTEXT(2) 
PARAMETRIC_REPRESENTATION_CONTEXT() REPRESENTATION_CONTEXT('2D SPACE',''
  ) );
#2443 = ADVANCED_FACE('',(#2444),#1891,.T.);
#2444 = FACE_BOUND('',#2445,.T.);
#2445 = EDGE_LOOP('',(#2446,#2447,#2470,#2498));
#2446 = ORIENTED_EDGE('',*,*,#1868,.F.);
#2447 = ORIENTED_EDGE('',*,*,#2448,.T.);
#2448 = EDGE_CURVE('',#1869,#2449,#2451,.T.);
#2449 = VERTEX_POINT('',#2450);
#2450 = CARTESIAN_POINT('',(380.,240.,360.));
#2451 = SURFACE_CURVE('',#2452,(#2456,#2463),.PCURVE_S1.);
#2452 = LINE('',#2453,#2454);
#2453 = CARTESIAN_POINT('',(-380.,240.,360.));
#2454 = VECTOR('',#2455,1.);
#2455 = DIRECTION('',(1.,0.,0.));
#2456 = PCURVE('',#1891,#2457);
#2457 = DEFINITIONAL_REPRESENTATION('',(#2458),#2462);
#2458 = LINE('',#2459,#2460);
#2459 = CARTESIAN_POINT('',(0.,0.));
#2460 = VECTOR('',#2461,1.);
#2461 = DIRECTION('',(1.,0.));
#2462 = ( GEOMETRIC_REPRESENTATION_CONTEXT(2) 
PARAMETRIC_REPRESENTATION_CONTEXT() REPRESENTATION_CONTEXT('2D SPACE',''
  ) );
#2463 = PCURVE('',#1919,#2464);
#2464 = DEFINITIONAL_REPRESENTATION('',(#2465),#2469);
#2465 = LINE('',#2466,#2467);
#2466 = CARTESIAN_POINT('',(40.,0.));
#2467 = VECTOR('',#2468,1.);
#2468 = DIRECTION('',(0.,1.));
#2469 = ( GEOMETRIC_REPRESENTATION_CONTEXT(2) 
PARAMETRIC_REPRESENTATION_CONTEXT() REPRESENTATION_CONTEXT('2D SPACE',''
  ) );
#2470 = ORIENTED_EDGE('',*,*,#2471,.T.);
#2471 = EDGE_CURVE('',#2449,#2472,#2474,.T.);
#2472 = VERTEX_POINT('',#2473);
#2473 = CARTESIAN_POINT('',(380.,256.,360.));
#2474 = SURFACE_CURVE('',#2475,(#2479,#2486),.PCURVE_S1.);
#2475 = LINE('',#2476,#2477);
#2476 = CARTESIAN_POINT('',(380.,240.,360.));
#2477 = VECTOR('',#2478,1.);
#2478 = DIRECTION('',(0.,1.,0.));
#2479 = PCURVE('',#1891,#2480);
#2480 = DEFINITIONAL_REPRESENTATION('',(#2481),#2485);
#2481 = LINE('',#2482,#2483);
#2482 = CARTESIAN_POINT('',(760.,0.));
#2483 = VECTOR('',#2484,1.);
#2484 = DIRECTION('',(0.,1.));
#2485 = ( GEOMETRIC_REPRESENTATION_CONTEXT(2) 
PARAMETRIC_REPRESENTATION_CONTEXT() REPRESENTATION_CONTEXT('2D SPACE',''
  ) );
#2486 = PCURVE('',#2487,#2492);
#2487 = PLANE('',#2488);
#2488 = AXIS2_PLACEMENT_3D('',#2489,#2490,#2491);
#2489 = CARTESIAN_POINT('',(380.,240.,320.));
#2490 = DIRECTION('',(1.,0.,0.));
#2491 = DIRECTION('',(0.,0.,1.));
#2492 = DEFINITIONAL_REPRESENTATION('',(#2493),#2497);
#2493 = LINE('',#2494,#2495);
#2494 = CARTESIAN_POINT('',(40.,0.));
#2495 = VECTOR('',#2496,1.);
#2496 = DIRECTION('',(0.,-1.));
#2497 = ( GEOMETRIC_REPRESENTATION_CONTEXT(2) 
PARAMETRIC_REPRESENTATION_CONTEXT() REPRESENTATION_CONTEXT('2D SPACE',''
  ) );
#2498 = ORIENTED_EDGE('',*,*,#2499,.F.);
#2499 = EDGE_CURVE('',#1871,#2472,#2500,.T.);
#2500 = SURFACE_CURVE('',#2501,(#2505,#2512),.PCURVE_S1.);
#2501 = LINE('',#2502,#2503);
#2502 = CARTESIAN_POINT('',(-381.,256.,360.));
#2503 = VECTOR('',#2504,1.);
#2504 = DIRECTION('',(1.,0.,0.));
#2505 = PCURVE('',#1891,#2506);
#2506 = DEFINITIONAL_REPRESENTATION('',(#2507),#2511);
#2507 = LINE('',#2508,#2509);
#2508 = CARTESIAN_POINT('',(-1.,16.));
#2509 = VECTOR('',#2510,1.);
#2510 = DIRECTION('',(1.,0.));
#2511 = ( GEOMETRIC_REPRESENTATION_CONTEXT(2) 
PARAMETRIC_REPRESENTATION_CONTEXT() REPRESENTATION_CONTEXT('2D SPACE',''
  ) );
#2512 = PCURVE('',#2398,#2513);
#2513 = DEFINITIONAL_REPRESENTATION('',(#2514),#2518);
#2514 = LINE('',#2515,#2516);
#2515 = CARTESIAN_POINT('',(6.,0.));
#2516 = VECTOR('',#2517,1.);
#2517 = DIRECTION('',(0.,1.));
#2518 = ( GEOMETRIC_REPRESENTATION_CONTEXT(2) 
PARAMETRIC_REPRESENTATION_CONTEXT() REPRESENTATION_CONTEXT('2D SPACE',''
  ) );
#2519 = ADVANCED_FACE('',(#2520),#1919,.F.);
#2520 = FACE_BOUND('',#2521,.F.);
#2521 = EDGE_LOOP('',(#2522,#2545,#2566,#2567));
#2522 = ORIENTED_EDGE('',*,*,#2523,.F.);
#2523 = EDGE_CURVE('',#2524,#2449,#2526,.T.);
#2524 = VERTEX_POINT('',#2525);
#2525 = CARTESIAN_POINT('',(380.,240.,344.));
#2526 = SURFACE_CURVE('',#2527,(#2531,#2538),.PCURVE_S1.);
#2527 = LINE('',#2528,#2529);
#2528 = CARTESIAN_POINT('',(380.,240.,320.));
#2529 = VECTOR('',#2530,1.);
#2530 = DIRECTION('',(0.,0.,1.));
#2531 = PCURVE('',#1919,#2532);
#2532 = DEFINITIONAL_REPRESENTATION('',(#2533),#2537);
#2533 = LINE('',#2534,#2535);
#2534 = CARTESIAN_POINT('',(0.,760.));
#2535 = VECTOR('',#2536,1.);
#2536 = DIRECTION('',(1.,0.));
#2537 = ( GEOMETRIC_REPRESENTATION_CONTEXT(2) 
PARAMETRIC_REPRESENTATION_CONTEXT() REPRESENTATION_CONTEXT('2D SPACE',''
  ) );
#2538 = PCURVE('',#2487,#2539);
#2539 = DEFINITIONAL_REPRESENTATION('',(#2540),#2544);
#2540 = LINE('',#2541,#2542);
#2541 = CARTESIAN_POINT('',(0.,0.));
#2542 = VECTOR('',#2543,1.);
#2543 = DIRECTION('',(1.,0.));
#2544 = ( GEOMETRIC_REPRESENTATION_CONTEXT(2) 
PARAMETRIC_REPRESENTATION_CONTEXT() REPRESENTATION_CONTEXT('2D SPACE',''
  ) );
#2545 = ORIENTED_EDGE('',*,*,#2546,.F.);
#2546 = EDGE_CURVE('',#1904,#2524,#2547,.T.);
#2547 = SURFACE_CURVE('',#2548,(#2552,#2559),.PCURVE_S1.);
#2548 = LINE('',#2549,#2550);
#2549 = CARTESIAN_POINT('',(-381.,240.,344.));
#2550 = VECTOR('',#2551,1.);
#2551 = DIRECTION('',(1.,0.,0.));
#2552 = PCURVE('',#1919,#2553);
#2553 = DEFINITIONAL_REPRESENTATION('',(#2554),#2558);
#2554 = LINE('',#2555,#2556);
#2555 = CARTESIAN_POINT('',(24.,-1.));
#2556 = VECTOR('',#2557,1.);
#2557 = DIRECTION('',(0.,1.));
#2558 = ( GEOMETRIC_REPRESENTATION_CONTEXT(2) 
PARAMETRIC_REPRESENTATION_CONTEXT() REPRESENTATION_CONTEXT('2D SPACE',''
  ) );
#2559 = PCURVE('',#1946,#2560);
#2560 = DEFINITIONAL_REPRESENTATION('',(#2561),#2565);
#2561 = LINE('',#2562,#2563);
#2562 = CARTESIAN_POINT('',(0.,0.));
#2563 = VECTOR('',#2564,1.);
#2564 = DIRECTION('',(1.,0.));
#2565 = ( GEOMETRIC_REPRESENTATION_CONTEXT(2) 
PARAMETRIC_REPRESENTATION_CONTEXT() REPRESENTATION_CONTEXT('2D SPACE',''
  ) );
#2566 = ORIENTED_EDGE('',*,*,#1903,.T.);
#2567 = ORIENTED_EDGE('',*,*,#2448,.T.);
#2568 = ADVANCED_FACE('',(#2569),#2398,.T.);
#2569 = FACE_BOUND('',#2570,.T.);
#2570 = EDGE_LOOP('',(#2571,#2594,#2595,#2596));
#2571 = ORIENTED_EDGE('',*,*,#2572,.F.);
#2572 = EDGE_CURVE('',#2360,#2573,#2575,.T.);
#2573 = VERTEX_POINT('',#2574);
#2574 = CARTESIAN_POINT('',(380.,256.,354.));
#2575 = SURFACE_CURVE('',#2576,(#2580,#2587),.PCURVE_S1.);
#2576 = LINE('',#2577,#2578);
#2577 = CARTESIAN_POINT('',(-381.,256.,354.));
#2578 = VECTOR('',#2579,1.);
#2579 = DIRECTION('',(1.,0.,0.));
#2580 = PCURVE('',#2398,#2581);
#2581 = DEFINITIONAL_REPRESENTATION('',(#2582),#2586);
#2582 = LINE('',#2583,#2584);
#2583 = CARTESIAN_POINT('',(0.,0.));
#2584 = VECTOR('',#2585,1.);
#2585 = DIRECTION('',(0.,1.));
#2586 = ( GEOMETRIC_REPRESENTATION_CONTEXT(2) 
PARAMETRIC_REPRESENTATION_CONTEXT() REPRESENTATION_CONTEXT('2D SPACE',''
  ) );
#2587 = PCURVE('',#2374,#2588);
#2588 = DEFINITIONAL_REPRESENTATION('',(#2589),#2593);
#2589 = LINE('',#2590,#2591);
#2590 = CARTESIAN_POINT('',(0.,0.));
#2591 = VECTOR('',#2592,1.);
#2592 = DIRECTION('',(1.,0.));
#2593 = ( GEOMETRIC_REPRESENTATION_CONTEXT(2) 
PARAMETRIC_REPRESENTATION_CONTEXT() REPRESENTATION_CONTEXT('2D SPACE',''
  ) );
#2594 = ORIENTED_EDGE('',*,*,#2385,.T.);
#2595 = ORIENTED_EDGE('',*,*,#2499,.T.);
#2596 = ORIENTED_EDGE('',*,*,#2597,.F.);
#2597 = EDGE_CURVE('',#2573,#2472,#2598,.T.);
#2598 = SURFACE_CURVE('',#2599,(#2603,#2609),.PCURVE_S1.);
#2599 = LINE('',#2600,#2601);
#2600 = CARTESIAN_POINT('',(380.,256.,337.));
#2601 = VECTOR('',#2602,1.);
#2602 = DIRECTION('',(0.,0.,1.));
#2603 = PCURVE('',#2398,#2604);
#2604 = DEFINITIONAL_REPRESENTATION('',(#2605),#2608);
#2605 = B_SPLINE_CURVE_WITH_KNOTS('',1,(#2606,#2607),.UNSPECIFIED.,.F.,
  .F.,(2,2),(17.,23.),.PIECEWISE_BEZIER_KNOTS.);
#2606 = CARTESIAN_POINT('',(0.,761.));
#2607 = CARTESIAN_POINT('',(6.,761.));
#2608 = ( GEOMETRIC_REPRESENTATION_CONTEXT(2) 
PARAMETRIC_REPRESENTATION_CONTEXT() REPRESENTATION_CONTEXT('2D SPACE',''
  ) );
#2609 = PCURVE('',#2487,#2610);
#2610 = DEFINITIONAL_REPRESENTATION('',(#2611),#2614);
#2611 = B_SPLINE_CURVE_WITH_KNOTS('',1,(#2612,#2613),.UNSPECIFIED.,.F.,
  .F.,(2,2),(17.,23.),.PIECEWISE_BEZIER_KNOTS.);
#2612 = CARTESIAN_POINT('',(34.,-16.));
#2613 = CARTESIAN_POINT('',(40.,-16.));
#2614 = ( GEOMETRIC_REPRESENTATION_CONTEXT(2) 
PARAMETRIC_REPRESENTATION_CONTEXT() REPRESENTATION_CONTEXT('2D SPACE',''
  ) );
#2615 = ADVANCED_FACE('',(#2616),#1946,.F.);
#2616 = FACE_BOUND('',#2617,.F.);
#2617 = EDGE_LOOP('',(#2618,#2641,#2642,#2643));
#2618 = ORIENTED_EDGE('',*,*,#2619,.F.);
#2619 = EDGE_CURVE('',#1932,#2620,#2622,.T.);
#2620 = VERTEX_POINT('',#2621);
#2621 = CARTESIAN_POINT('',(380.,246.,344.));
#2622 = SURFACE_CURVE('',#2623,(#2627,#2634),.PCURVE_S1.);
#2623 = LINE('',#2624,#2625);
#2624 = CARTESIAN_POINT('',(-381.,246.,344.));
#2625 = VECTOR('',#2626,1.);
#2626 = DIRECTION('',(1.,0.,0.));
#2627 = PCURVE('',#1946,#2628);
#2628 = DEFINITIONAL_REPRESENTATION('',(#2629),#2633);
#2629 = LINE('',#2630,#2631);
#2630 = CARTESIAN_POINT('',(0.,6.));
#2631 = VECTOR('',#2632,1.);
#2632 = DIRECTION('',(1.,0.));
#2633 = ( GEOMETRIC_REPRESENTATION_CONTEXT(2) 
PARAMETRIC_REPRESENTATION_CONTEXT() REPRESENTATION_CONTEXT('2D SPACE',''
  ) );
#2634 = PCURVE('',#1972,#2635);
#2635 = DEFINITIONAL_REPRESENTATION('',(#2636),#2640);
#2636 = LINE('',#2637,#2638);
#2637 = CARTESIAN_POINT('',(8.,0.));
#2638 = VECTOR('',#2639,1.);
#2639 = DIRECTION('',(0.,1.));
#2640 = ( GEOMETRIC_REPRESENTATION_CONTEXT(2) 
PARAMETRIC_REPRESENTATION_CONTEXT() REPRESENTATION_CONTEXT('2D SPACE',''
  ) );
#2641 = ORIENTED_EDGE('',*,*,#1931,.T.);
#2642 = ORIENTED_EDGE('',*,*,#2546,.T.);
#2643 = ORIENTED_EDGE('',*,*,#2644,.F.);
#2644 = EDGE_CURVE('',#2620,#2524,#2645,.T.);
#2645 = SURFACE_CURVE('',#2646,(#2650,#2656),.PCURVE_S1.);
#2646 = LINE('',#2647,#2648);
#2647 = CARTESIAN_POINT('',(380.,240.,344.));
#2648 = VECTOR('',#2649,1.);
#2649 = DIRECTION('',(0.,-1.,0.));
#2650 = PCURVE('',#1946,#2651);
#2651 = DEFINITIONAL_REPRESENTATION('',(#2652),#2655);
#2652 = B_SPLINE_CURVE_WITH_KNOTS('',1,(#2653,#2654),.UNSPECIFIED.,.F.,
  .F.,(2,2),(-6.,0.),.PIECEWISE_BEZIER_KNOTS.);
#2653 = CARTESIAN_POINT('',(761.,6.));
#2654 = CARTESIAN_POINT('',(761.,0.));
#2655 = ( GEOMETRIC_REPRESENTATION_CONTEXT(2) 
PARAMETRIC_REPRESENTATION_CONTEXT() REPRESENTATION_CONTEXT('2D SPACE',''
  ) );
#2656 = PCURVE('',#2487,#2657);
#2657 = DEFINITIONAL_REPRESENTATION('',(#2658),#2661);
#2658 = B_SPLINE_CURVE_WITH_KNOTS('',1,(#2659,#2660),.UNSPECIFIED.,.F.,
  .F.,(2,2),(-6.,0.),.PIECEWISE_BEZIER_KNOTS.);
#2659 = CARTESIAN_POINT('',(24.,-6.));
#2660 = CARTESIAN_POINT('',(24.,0.));
#2661 = ( GEOMETRIC_REPRESENTATION_CONTEXT(2) 
PARAMETRIC_REPRESENTATION_CONTEXT() REPRESENTATION_CONTEXT('2D SPACE',''
  ) );
#2662 = ADVANCED_FACE('',(#2663),#2374,.T.);
#2663 = FACE_BOUND('',#2664,.T.);
#2664 = EDGE_LOOP('',(#2665,#2688,#2689,#2690));
#2665 = ORIENTED_EDGE('',*,*,#2666,.F.);
#2666 = EDGE_CURVE('',#2334,#2667,#2669,.T.);
#2667 = VERTEX_POINT('',#2668);
#2668 = CARTESIAN_POINT('',(380.,264.,354.));
#2669 = SURFACE_CURVE('',#2670,(#2674,#2681),.PCURVE_S1.);
#2670 = LINE('',#2671,#2672);
#2671 = CARTESIAN_POINT('',(-381.,264.,354.));
#2672 = VECTOR('',#2673,1.);
#2673 = DIRECTION('',(1.,0.,0.));
#2674 = PCURVE('',#2374,#2675);
#2675 = DEFINITIONAL_REPRESENTATION('',(#2676),#2680);
#2676 = LINE('',#2677,#2678);
#2677 = CARTESIAN_POINT('',(0.,8.));
#2678 = VECTOR('',#2679,1.);
#2679 = DIRECTION('',(1.,0.));
#2680 = ( GEOMETRIC_REPRESENTATION_CONTEXT(2) 
PARAMETRIC_REPRESENTATION_CONTEXT() REPRESENTATION_CONTEXT('2D SPACE',''
  ) );
#2681 = PCURVE('',#2348,#2682);
#2682 = DEFINITIONAL_REPRESENTATION('',(#2683),#2687);
#2683 = LINE('',#2684,#2685);
#2684 = CARTESIAN_POINT('',(0.,0.));
#2685 = VECTOR('',#2686,1.);
#2686 = DIRECTION('',(0.,1.));
#2687 = ( GEOMETRIC_REPRESENTATION_CONTEXT(2) 
PARAMETRIC_REPRESENTATION_CONTEXT() REPRESENTATION_CONTEXT('2D SPACE',''
  ) );
#2688 = ORIENTED_EDGE('',*,*,#2359,.T.);
#2689 = ORIENTED_EDGE('',*,*,#2572,.T.);
#2690 = ORIENTED_EDGE('',*,*,#2691,.F.);
#2691 = EDGE_CURVE('',#2667,#2573,#2692,.T.);
#2692 = SURFACE_CURVE('',#2693,(#2697,#2703),.PCURVE_S1.);
#2693 = LINE('',#2694,#2695);
#2694 = CARTESIAN_POINT('',(380.,248.,354.));
#2695 = VECTOR('',#2696,1.);
#2696 = DIRECTION('',(0.,-1.,0.));
#2697 = PCURVE('',#2374,#2698);
#2698 = DEFINITIONAL_REPRESENTATION('',(#2699),#2702);
#2699 = B_SPLINE_CURVE_WITH_KNOTS('',1,(#2700,#2701),.UNSPECIFIED.,.F.,
  .F.,(2,2),(-16.,-8.),.PIECEWISE_BEZIER_KNOTS.);
#2700 = CARTESIAN_POINT('',(761.,8.));
#2701 = CARTESIAN_POINT('',(761.,0.));
#2702 = ( GEOMETRIC_REPRESENTATION_CONTEXT(2) 
PARAMETRIC_REPRESENTATION_CONTEXT() REPRESENTATION_CONTEXT('2D SPACE',''
  ) );
#2703 = PCURVE('',#2487,#2704);
#2704 = DEFINITIONAL_REPRESENTATION('',(#2705),#2708);
#2705 = B_SPLINE_CURVE_WITH_KNOTS('',1,(#2706,#2707),.UNSPECIFIED.,.F.,
  .F.,(2,2),(-16.,-8.),.PIECEWISE_BEZIER_KNOTS.);
#2706 = CARTESIAN_POINT('',(34.,-24.));
#2707 = CARTESIAN_POINT('',(34.,-16.));
#2708 = ( GEOMETRIC_REPRESENTATION_CONTEXT(2) 
PARAMETRIC_REPRESENTATION_CONTEXT() REPRESENTATION_CONTEXT('2D SPACE',''
  ) );
#2709 = ADVANCED_FACE('',(#2710),#1972,.F.);
#2710 = FACE_BOUND('',#2711,.F.);
#2711 = EDGE_LOOP('',(#2712,#2735,#2736,#2737));
#2712 = ORIENTED_EDGE('',*,*,#2713,.F.);
#2713 = EDGE_CURVE('',#1958,#2714,#2716,.T.);
#2714 = VERTEX_POINT('',#2715);
#2715 = CARTESIAN_POINT('',(380.,246.,336.));
#2716 = SURFACE_CURVE('',#2717,(#2721,#2728),.PCURVE_S1.);
#2717 = LINE('',#2718,#2719);
#2718 = CARTESIAN_POINT('',(-381.,246.,336.));
#2719 = VECTOR('',#2720,1.);
#2720 = DIRECTION('',(1.,0.,0.));
#2721 = PCURVE('',#1972,#2722);
#2722 = DEFINITIONAL_REPRESENTATION('',(#2723),#2727);
#2723 = LINE('',#2724,#2725);
#2724 = CARTESIAN_POINT('',(0.,0.));
#2725 = VECTOR('',#2726,1.);
#2726 = DIRECTION('',(0.,1.));
#2727 = ( GEOMETRIC_REPRESENTATION_CONTEXT(2) 
PARAMETRIC_REPRESENTATION_CONTEXT() REPRESENTATION_CONTEXT('2D SPACE',''
  ) );
#2728 = PCURVE('',#1998,#2729);
#2729 = DEFINITIONAL_REPRESENTATION('',(#2730),#2734);
#2730 = LINE('',#2731,#2732);
#2731 = CARTESIAN_POINT('',(0.,6.));
#2732 = VECTOR('',#2733,1.);
#2733 = DIRECTION('',(1.,0.));
#2734 = ( GEOMETRIC_REPRESENTATION_CONTEXT(2) 
PARAMETRIC_REPRESENTATION_CONTEXT() REPRESENTATION_CONTEXT('2D SPACE',''
  ) );
#2735 = ORIENTED_EDGE('',*,*,#1957,.T.);
#2736 = ORIENTED_EDGE('',*,*,#2619,.T.);
#2737 = ORIENTED_EDGE('',*,*,#2738,.F.);
#2738 = EDGE_CURVE('',#2714,#2620,#2739,.T.);
#2739 = SURFACE_CURVE('',#2740,(#2744,#2750),.PCURVE_S1.);
#2740 = LINE('',#2741,#2742);
#2741 = CARTESIAN_POINT('',(380.,246.,328.));
#2742 = VECTOR('',#2743,1.);
#2743 = DIRECTION('',(0.,0.,1.));
#2744 = PCURVE('',#1972,#2745);
#2745 = DEFINITIONAL_REPRESENTATION('',(#2746),#2749);
#2746 = B_SPLINE_CURVE_WITH_KNOTS('',1,(#2747,#2748),.UNSPECIFIED.,.F.,
  .F.,(2,2),(8.,16.),.PIECEWISE_BEZIER_KNOTS.);
#2747 = CARTESIAN_POINT('',(0.,761.));
#2748 = CARTESIAN_POINT('',(8.,761.));
#2749 = ( GEOMETRIC_REPRESENTATION_CONTEXT(2) 
PARAMETRIC_REPRESENTATION_CONTEXT() REPRESENTATION_CONTEXT('2D SPACE',''
  ) );
#2750 = PCURVE('',#2487,#2751);
#2751 = DEFINITIONAL_REPRESENTATION('',(#2752),#2755);
#2752 = B_SPLINE_CURVE_WITH_KNOTS('',1,(#2753,#2754),.UNSPECIFIED.,.F.,
  .F.,(2,2),(8.,16.),.PIECEWISE_BEZIER_KNOTS.);
#2753 = CARTESIAN_POINT('',(16.,-6.));
#2754 = CARTESIAN_POINT('',(24.,-6.));
#2755 = ( GEOMETRIC_REPRESENTATION_CONTEXT(2) 
PARAMETRIC_REPRESENTATION_CONTEXT() REPRESENTATION_CONTEXT('2D SPACE',''
  ) );
#2756 = ADVANCED_FACE('',(#2757),#2348,.F.);
#2757 = FACE_BOUND('',#2758,.F.);
#2758 = EDGE_LOOP('',(#2759,#2760,#2761,#2784));
#2759 = ORIENTED_EDGE('',*,*,#2666,.F.);
#2760 = ORIENTED_EDGE('',*,*,#2333,.T.);
#2761 = ORIENTED_EDGE('',*,*,#2762,.T.);
#2762 = EDGE_CURVE('',#2306,#2763,#2765,.T.);
#2763 = VERTEX_POINT('',#2764);
#2764 = CARTESIAN_POINT('',(380.,264.,360.));
#2765 = SURFACE_CURVE('',#2766,(#2770,#2777),.PCURVE_S1.);
#2766 = LINE('',#2767,#2768);
#2767 = CARTESIAN_POINT('',(-381.,264.,360.));
#2768 = VECTOR('',#2769,1.);
#2769 = DIRECTION('',(1.,0.,0.));
#2770 = PCURVE('',#2348,#2771);
#2771 = DEFINITIONAL_REPRESENTATION('',(#2772),#2776);
#2772 = LINE('',#2773,#2774);
#2773 = CARTESIAN_POINT('',(6.,0.));
#2774 = VECTOR('',#2775,1.);
#2775 = DIRECTION('',(0.,1.));
#2776 = ( GEOMETRIC_REPRESENTATION_CONTEXT(2) 
PARAMETRIC_REPRESENTATION_CONTEXT() REPRESENTATION_CONTEXT('2D SPACE',''
  ) );
#2777 = PCURVE('',#2321,#2778);
#2778 = DEFINITIONAL_REPRESENTATION('',(#2779),#2783);
#2779 = LINE('',#2780,#2781);
#2780 = CARTESIAN_POINT('',(-1.,24.));
#2781 = VECTOR('',#2782,1.);
#2782 = DIRECTION('',(1.,0.));
#2783 = ( GEOMETRIC_REPRESENTATION_CONTEXT(2) 
PARAMETRIC_REPRESENTATION_CONTEXT() REPRESENTATION_CONTEXT('2D SPACE',''
  ) );
#2784 = ORIENTED_EDGE('',*,*,#2785,.F.);
#2785 = EDGE_CURVE('',#2667,#2763,#2786,.T.);
#2786 = SURFACE_CURVE('',#2787,(#2791,#2797),.PCURVE_S1.);
#2787 = LINE('',#2788,#2789);
#2788 = CARTESIAN_POINT('',(380.,264.,337.));
#2789 = VECTOR('',#2790,1.);
#2790 = DIRECTION('',(0.,0.,1.));
#2791 = PCURVE('',#2348,#2792);
#2792 = DEFINITIONAL_REPRESENTATION('',(#2793),#2796);
#2793 = B_SPLINE_CURVE_WITH_KNOTS('',1,(#2794,#2795),.UNSPECIFIED.,.F.,
  .F.,(2,2),(17.,23.),.PIECEWISE_BEZIER_KNOTS.);
#2794 = CARTESIAN_POINT('',(0.,761.));
#2795 = CARTESIAN_POINT('',(6.,761.));
#2796 = ( GEOMETRIC_REPRESENTATION_CONTEXT(2) 
PARAMETRIC_REPRESENTATION_CONTEXT() REPRESENTATION_CONTEXT('2D SPACE',''
  ) );
#2797 = PCURVE('',#2487,#2798);
#2798 = DEFINITIONAL_REPRESENTATION('',(#2799),#2802);
#2799 = B_SPLINE_CURVE_WITH_KNOTS('',1,(#2800,#2801),.UNSPECIFIED.,.F.,
  .F.,(2,2),(17.,23.),.PIECEWISE_BEZIER_KNOTS.);
#2800 = CARTESIAN_POINT('',(34.,-24.));
#2801 = CARTESIAN_POINT('',(40.,-24.));
#2802 = ( GEOMETRIC_REPRESENTATION_CONTEXT(2) 
PARAMETRIC_REPRESENTATION_CONTEXT() REPRESENTATION_CONTEXT('2D SPACE',''
  ) );
#2803 = ADVANCED_FACE('',(#2804),#1998,.T.);
#2804 = FACE_BOUND('',#2805,.T.);
#2805 = EDGE_LOOP('',(#2806,#2807,#2808,#2831));
#2806 = ORIENTED_EDGE('',*,*,#2713,.F.);
#2807 = ORIENTED_EDGE('',*,*,#1983,.T.);
#2808 = ORIENTED_EDGE('',*,*,#2809,.T.);
#2809 = EDGE_CURVE('',#1984,#2810,#2812,.T.);
#2810 = VERTEX_POINT('',#2811);
#2811 = CARTESIAN_POINT('',(380.,240.,336.));
#2812 = SURFACE_CURVE('',#2813,(#2817,#2824),.PCURVE_S1.);
#2813 = LINE('',#2814,#2815);
#2814 = CARTESIAN_POINT('',(-381.,240.,336.));
#2815 = VECTOR('',#2816,1.);
#2816 = DIRECTION('',(1.,0.,0.));
#2817 = PCURVE('',#1998,#2818);
#2818 = DEFINITIONAL_REPRESENTATION('',(#2819),#2823);
#2819 = LINE('',#2820,#2821);
#2820 = CARTESIAN_POINT('',(0.,0.));
#2821 = VECTOR('',#2822,1.);
#2822 = DIRECTION('',(1.,0.));
#2823 = ( GEOMETRIC_REPRESENTATION_CONTEXT(2) 
PARAMETRIC_REPRESENTATION_CONTEXT() REPRESENTATION_CONTEXT('2D SPACE',''
  ) );
#2824 = PCURVE('',#2025,#2825);
#2825 = DEFINITIONAL_REPRESENTATION('',(#2826),#2830);
#2826 = LINE('',#2827,#2828);
#2827 = CARTESIAN_POINT('',(16.,-1.));
#2828 = VECTOR('',#2829,1.);
#2829 = DIRECTION('',(0.,1.));
#2830 = ( GEOMETRIC_REPRESENTATION_CONTEXT(2) 
PARAMETRIC_REPRESENTATION_CONTEXT() REPRESENTATION_CONTEXT('2D SPACE',''
  ) );
#2831 = ORIENTED_EDGE('',*,*,#2832,.F.);
#2832 = EDGE_CURVE('',#2714,#2810,#2833,.T.);
#2833 = SURFACE_CURVE('',#2834,(#2838,#2844),.PCURVE_S1.);
#2834 = LINE('',#2835,#2836);
#2835 = CARTESIAN_POINT('',(380.,240.,336.));
#2836 = VECTOR('',#2837,1.);
#2837 = DIRECTION('',(0.,-1.,0.));
#2838 = PCURVE('',#1998,#2839);
#2839 = DEFINITIONAL_REPRESENTATION('',(#2840),#2843);
#2840 = B_SPLINE_CURVE_WITH_KNOTS('',1,(#2841,#2842),.UNSPECIFIED.,.F.,
  .F.,(2,2),(-6.,0.),.PIECEWISE_BEZIER_KNOTS.);
#2841 = CARTESIAN_POINT('',(761.,6.));
#2842 = CARTESIAN_POINT('',(761.,0.));
#2843 = ( GEOMETRIC_REPRESENTATION_CONTEXT(2) 
PARAMETRIC_REPRESENTATION_CONTEXT() REPRESENTATION_CONTEXT('2D SPACE',''
  ) );
#2844 = PCURVE('',#2487,#2845);
#2845 = DEFINITIONAL_REPRESENTATION('',(#2846),#2849);
#2846 = B_SPLINE_CURVE_WITH_KNOTS('',1,(#2847,#2848),.UNSPECIFIED.,.F.,
  .F.,(2,2),(-6.,0.),.PIECEWISE_BEZIER_KNOTS.);
#2847 = CARTESIAN_POINT('',(16.,-6.));
#2848 = CARTESIAN_POINT('',(16.,0.));
#2849 = ( GEOMETRIC_REPRESENTATION_CONTEXT(2) 
PARAMETRIC_REPRESENTATION_CONTEXT() REPRESENTATION_CONTEXT('2D SPACE',''
  ) );
#2850 = ADVANCED_FACE('',(#2851),#2321,.T.);
#2851 = FACE_BOUND('',#2852,.T.);
#2852 = EDGE_LOOP('',(#2853,#2854,#2855,#2878));
#2853 = ORIENTED_EDGE('',*,*,#2305,.F.);
#2854 = ORIENTED_EDGE('',*,*,#2762,.T.);
#2855 = ORIENTED_EDGE('',*,*,#2856,.T.);
#2856 = EDGE_CURVE('',#2763,#2857,#2859,.T.);
#2857 = VERTEX_POINT('',#2858);
#2858 = CARTESIAN_POINT('',(380.,280.,360.));
#2859 = SURFACE_CURVE('',#2860,(#2864,#2871),.PCURVE_S1.);
#2860 = LINE('',#2861,#2862);
#2861 = CARTESIAN_POINT('',(380.,240.,360.));
#2862 = VECTOR('',#2863,1.);
#2863 = DIRECTION('',(0.,1.,0.));
#2864 = PCURVE('',#2321,#2865);
#2865 = DEFINITIONAL_REPRESENTATION('',(#2866),#2870);
#2866 = LINE('',#2867,#2868);
#2867 = CARTESIAN_POINT('',(760.,0.));
#2868 = VECTOR('',#2869,1.);
#2869 = DIRECTION('',(0.,1.));
#2870 = ( GEOMETRIC_REPRESENTATION_CONTEXT(2) 
PARAMETRIC_REPRESENTATION_CONTEXT() REPRESENTATION_CONTEXT('2D SPACE',''
  ) );
#2871 = PCURVE('',#2487,#2872);
#2872 = DEFINITIONAL_REPRESENTATION('',(#2873),#2877);
#2873 = LINE('',#2874,#2875);
#2874 = CARTESIAN_POINT('',(40.,0.));
#2875 = VECTOR('',#2876,1.);
#2876 = DIRECTION('',(0.,-1.));
#2877 = ( GEOMETRIC_REPRESENTATION_CONTEXT(2) 
PARAMETRIC_REPRESENTATION_CONTEXT() REPRESENTATION_CONTEXT('2D SPACE',''
  ) );
#2878 = ORIENTED_EDGE('',*,*,#2879,.F.);
#2879 = EDGE_CURVE('',#2278,#2857,#2880,.T.);
#2880 = SURFACE_CURVE('',#2881,(#2885,#2892),.PCURVE_S1.);
#2881 = LINE('',#2882,#2883);
#2882 = CARTESIAN_POINT('',(-380.,280.,360.));
#2883 = VECTOR('',#2884,1.);
#2884 = DIRECTION('',(1.,0.,0.));
#2885 = PCURVE('',#2321,#2886);
#2886 = DEFINITIONAL_REPRESENTATION('',(#2887),#2891);
#2887 = LINE('',#2888,#2889);
#2888 = CARTESIAN_POINT('',(0.,40.));
#2889 = VECTOR('',#2890,1.);
#2890 = DIRECTION('',(1.,0.));
#2891 = ( GEOMETRIC_REPRESENTATION_CONTEXT(2) 
PARAMETRIC_REPRESENTATION_CONTEXT() REPRESENTATION_CONTEXT('2D SPACE',''
  ) );
#2892 = PCURVE('',#2293,#2893);
#2893 = DEFINITIONAL_REPRESENTATION('',(#2894),#2898);
#2894 = LINE('',#2895,#2896);
#2895 = CARTESIAN_POINT('',(40.,0.));
#2896 = VECTOR('',#2897,1.);
#2897 = DIRECTION('',(0.,1.));
#2898 = ( GEOMETRIC_REPRESENTATION_CONTEXT(2) 
PARAMETRIC_REPRESENTATION_CONTEXT() REPRESENTATION_CONTEXT('2D SPACE',''
  ) );
#2899 = ADVANCED_FACE('',(#2900),#2025,.F.);
#2900 = FACE_BOUND('',#2901,.F.);
#2901 = EDGE_LOOP('',(#2902,#2925,#2946,#2947));
#2902 = ORIENTED_EDGE('',*,*,#2903,.F.);
#2903 = EDGE_CURVE('',#2904,#2810,#2906,.T.);
#2904 = VERTEX_POINT('',#2905);
#2905 = CARTESIAN_POINT('',(380.,240.,320.));
#2906 = SURFACE_CURVE('',#2907,(#2911,#2918),.PCURVE_S1.);
#2907 = LINE('',#2908,#2909);
#2908 = CARTESIAN_POINT('',(380.,240.,320.));
#2909 = VECTOR('',#2910,1.);
#2910 = DIRECTION('',(0.,0.,1.));
#2911 = PCURVE('',#2025,#2912);
#2912 = DEFINITIONAL_REPRESENTATION('',(#2913),#2917);
#2913 = LINE('',#2914,#2915);
#2914 = CARTESIAN_POINT('',(0.,760.));
#2915 = VECTOR('',#2916,1.);
#2916 = DIRECTION('',(1.,0.));
#2917 = ( GEOMETRIC_REPRESENTATION_CONTEXT(2) 
PARAMETRIC_REPRESENTATION_CONTEXT() REPRESENTATION_CONTEXT('2D SPACE',''
  ) );
#2918 = PCURVE('',#2487,#2919);
#2919 = DEFINITIONAL_REPRESENTATION('',(#2920),#2924);
#2920 = LINE('',#2921,#2922);
#2921 = CARTESIAN_POINT('',(0.,0.));
#2922 = VECTOR('',#2923,1.);
#2923 = DIRECTION('',(1.,0.));
#2924 = ( GEOMETRIC_REPRESENTATION_CONTEXT(2) 
PARAMETRIC_REPRESENTATION_CONTEXT() REPRESENTATION_CONTEXT('2D SPACE',''
  ) );
#2925 = ORIENTED_EDGE('',*,*,#2926,.F.);
#2926 = EDGE_CURVE('',#2010,#2904,#2927,.T.);
#2927 = SURFACE_CURVE('',#2928,(#2932,#2939),.PCURVE_S1.);
#2928 = LINE('',#2929,#2930);
#2929 = CARTESIAN_POINT('',(-380.,240.,320.));
#2930 = VECTOR('',#2931,1.);
#2931 = DIRECTION('',(1.,0.,0.));
#2932 = PCURVE('',#2025,#2933);
#2933 = DEFINITIONAL_REPRESENTATION('',(#2934),#2938);
#2934 = LINE('',#2935,#2936);
#2935 = CARTESIAN_POINT('',(0.,0.));
#2936 = VECTOR('',#2937,1.);
#2937 = DIRECTION('',(0.,1.));
#2938 = ( GEOMETRIC_REPRESENTATION_CONTEXT(2) 
PARAMETRIC_REPRESENTATION_CONTEXT() REPRESENTATION_CONTEXT('2D SPACE',''
  ) );
#2939 = PCURVE('',#2053,#2940);
#2940 = DEFINITIONAL_REPRESENTATION('',(#2941),#2945);
#2941 = LINE('',#2942,#2943);
#2942 = CARTESIAN_POINT('',(0.,0.));
#2943 = VECTOR('',#2944,1.);
#2944 = DIRECTION('',(1.,0.));
#2945 = ( GEOMETRIC_REPRESENTATION_CONTEXT(2) 
PARAMETRIC_REPRESENTATION_CONTEXT() REPRESENTATION_CONTEXT('2D SPACE',''
  ) );
#2946 = ORIENTED_EDGE('',*,*,#2009,.T.);
#2947 = ORIENTED_EDGE('',*,*,#2809,.T.);
#2948 = ADVANCED_FACE('',(#2949),#2293,.T.);
#2949 = FACE_BOUND('',#2950,.T.);
#2950 = EDGE_LOOP('',(#2951,#2974,#2995,#2996));
#2951 = ORIENTED_EDGE('',*,*,#2952,.F.);
#2952 = EDGE_CURVE('',#2953,#2857,#2955,.T.);
#2953 = VERTEX_POINT('',#2954);
#2954 = CARTESIAN_POINT('',(380.,280.,344.));
#2955 = SURFACE_CURVE('',#2956,(#2960,#2967),.PCURVE_S1.);
#2956 = LINE('',#2957,#2958);
#2957 = CARTESIAN_POINT('',(380.,280.,320.));
#2958 = VECTOR('',#2959,1.);
#2959 = DIRECTION('',(0.,0.,1.));
#2960 = PCURVE('',#2293,#2961);
#2961 = DEFINITIONAL_REPRESENTATION('',(#2962),#2966);
#2962 = LINE('',#2963,#2964);
#2963 = CARTESIAN_POINT('',(0.,760.));
#2964 = VECTOR('',#2965,1.);
#2965 = DIRECTION('',(1.,0.));
#2966 = ( GEOMETRIC_REPRESENTATION_CONTEXT(2) 
PARAMETRIC_REPRESENTATION_CONTEXT() REPRESENTATION_CONTEXT('2D SPACE',''
  ) );
#2967 = PCURVE('',#2487,#2968);
#2968 = DEFINITIONAL_REPRESENTATION('',(#2969),#2973);
#2969 = LINE('',#2970,#2971);
#2970 = CARTESIAN_POINT('',(0.,-40.));
#2971 = VECTOR('',#2972,1.);
#2972 = DIRECTION('',(1.,0.));
#2973 = ( GEOMETRIC_REPRESENTATION_CONTEXT(2) 
PARAMETRIC_REPRESENTATION_CONTEXT() REPRESENTATION_CONTEXT('2D SPACE',''
  ) );
#2974 = ORIENTED_EDGE('',*,*,#2975,.F.);
#2975 = EDGE_CURVE('',#2252,#2953,#2976,.T.);
#2976 = SURFACE_CURVE('',#2977,(#2981,#2988),.PCURVE_S1.);
#2977 = LINE('',#2978,#2979);
#2978 = CARTESIAN_POINT('',(-381.,280.,344.));
#2979 = VECTOR('',#2980,1.);
#2980 = DIRECTION('',(1.,0.,0.));
#2981 = PCURVE('',#2293,#2982);
#2982 = DEFINITIONAL_REPRESENTATION('',(#2983),#2987);
#2983 = LINE('',#2984,#2985);
#2984 = CARTESIAN_POINT('',(24.,-1.));
#2985 = VECTOR('',#2986,1.);
#2986 = DIRECTION('',(0.,1.));
#2987 = ( GEOMETRIC_REPRESENTATION_CONTEXT(2) 
PARAMETRIC_REPRESENTATION_CONTEXT() REPRESENTATION_CONTEXT('2D SPACE',''
  ) );
#2988 = PCURVE('',#2266,#2989);
#2989 = DEFINITIONAL_REPRESENTATION('',(#2990),#2994);
#2990 = LINE('',#2991,#2992);
#2991 = CARTESIAN_POINT('',(0.,6.));
#2992 = VECTOR('',#2993,1.);
#2993 = DIRECTION('',(1.,0.));
#2994 = ( GEOMETRIC_REPRESENTATION_CONTEXT(2) 
PARAMETRIC_REPRESENTATION_CONTEXT() REPRESENTATION_CONTEXT('2D SPACE',''
  ) );
#2995 = ORIENTED_EDGE('',*,*,#2277,.T.);
#2996 = ORIENTED_EDGE('',*,*,#2879,.T.);
#2997 = ADVANCED_FACE('',(#2998),#2053,.F.);
#2998 = FACE_BOUND('',#2999,.F.);
#2999 = EDGE_LOOP('',(#3000,#3001,#3002,#3025));
#3000 = ORIENTED_EDGE('',*,*,#2037,.F.);
#3001 = ORIENTED_EDGE('',*,*,#2926,.T.);
#3002 = ORIENTED_EDGE('',*,*,#3003,.T.);
#3003 = EDGE_CURVE('',#2904,#3004,#3006,.T.);
#3004 = VERTEX_POINT('',#3005);
#3005 = CARTESIAN_POINT('',(380.,256.,320.));
#3006 = SURFACE_CURVE('',#3007,(#3011,#3018),.PCURVE_S1.);
#3007 = LINE('',#3008,#3009);
#3008 = CARTESIAN_POINT('',(380.,240.,320.));
#3009 = VECTOR('',#3010,1.);
#3010 = DIRECTION('',(0.,1.,0.));
#3011 = PCURVE('',#2053,#3012);
#3012 = DEFINITIONAL_REPRESENTATION('',(#3013),#3017);
#3013 = LINE('',#3014,#3015);
#3014 = CARTESIAN_POINT('',(760.,0.));
#3015 = VECTOR('',#3016,1.);
#3016 = DIRECTION('',(0.,1.));
#3017 = ( GEOMETRIC_REPRESENTATION_CONTEXT(2) 
PARAMETRIC_REPRESENTATION_CONTEXT() REPRESENTATION_CONTEXT('2D SPACE',''
  ) );
#3018 = PCURVE('',#2487,#3019);
#3019 = DEFINITIONAL_REPRESENTATION('',(#3020),#3024);
#3020 = LINE('',#3021,#3022);
#3021 = CARTESIAN_POINT('',(0.,0.));
#3022 = VECTOR('',#3023,1.);
#3023 = DIRECTION('',(0.,-1.));
#3024 = ( GEOMETRIC_REPRESENTATION_CONTEXT(2) 
PARAMETRIC_REPRESENTATION_CONTEXT() REPRESENTATION_CONTEXT('2D SPACE',''
  ) );
#3025 = ORIENTED_EDGE('',*,*,#3026,.F.);
#3026 = EDGE_CURVE('',#2038,#3004,#3027,.T.);
#3027 = SURFACE_CURVE('',#3028,(#3032,#3039),.PCURVE_S1.);
#3028 = LINE('',#3029,#3030);
#3029 = CARTESIAN_POINT('',(-381.,256.,320.));
#3030 = VECTOR('',#3031,1.);
#3031 = DIRECTION('',(1.,0.,0.));
#3032 = PCURVE('',#2053,#3033);
#3033 = DEFINITIONAL_REPRESENTATION('',(#3034),#3038);
#3034 = LINE('',#3035,#3036);
#3035 = CARTESIAN_POINT('',(-1.,16.));
#3036 = VECTOR('',#3037,1.);
#3037 = DIRECTION('',(1.,0.));
#3038 = ( GEOMETRIC_REPRESENTATION_CONTEXT(2) 
PARAMETRIC_REPRESENTATION_CONTEXT() REPRESENTATION_CONTEXT('2D SPACE',''
  ) );
#3039 = PCURVE('',#2080,#3040);
#3040 = DEFINITIONAL_REPRESENTATION('',(#3041),#3045);
#3041 = LINE('',#3042,#3043);
#3042 = CARTESIAN_POINT('',(0.,0.));
#3043 = VECTOR('',#3044,1.);
#3044 = DIRECTION('',(0.,1.));
#3045 = ( GEOMETRIC_REPRESENTATION_CONTEXT(2) 
PARAMETRIC_REPRESENTATION_CONTEXT() REPRESENTATION_CONTEXT('2D SPACE',''
  ) );
#3046 = ADVANCED_FACE('',(#3047),#2266,.F.);
#3047 = FACE_BOUND('',#3048,.F.);
#3048 = EDGE_LOOP('',(#3049,#3050,#3051,#3074));
#3049 = ORIENTED_EDGE('',*,*,#2975,.F.);
#3050 = ORIENTED_EDGE('',*,*,#2251,.T.);
#3051 = ORIENTED_EDGE('',*,*,#3052,.T.);
#3052 = EDGE_CURVE('',#2226,#3053,#3055,.T.);
#3053 = VERTEX_POINT('',#3054);
#3054 = CARTESIAN_POINT('',(380.,274.,344.));
#3055 = SURFACE_CURVE('',#3056,(#3060,#3067),.PCURVE_S1.);
#3056 = LINE('',#3057,#3058);
#3057 = CARTESIAN_POINT('',(-381.,274.,344.));
#3058 = VECTOR('',#3059,1.);
#3059 = DIRECTION('',(1.,0.,0.));
#3060 = PCURVE('',#2266,#3061);
#3061 = DEFINITIONAL_REPRESENTATION('',(#3062),#3066);
#3062 = LINE('',#3063,#3064);
#3063 = CARTESIAN_POINT('',(0.,0.));
#3064 = VECTOR('',#3065,1.);
#3065 = DIRECTION('',(1.,0.));
#3066 = ( GEOMETRIC_REPRESENTATION_CONTEXT(2) 
PARAMETRIC_REPRESENTATION_CONTEXT() REPRESENTATION_CONTEXT('2D SPACE',''
  ) );
#3067 = PCURVE('',#2240,#3068);
#3068 = DEFINITIONAL_REPRESENTATION('',(#3069),#3073);
#3069 = LINE('',#3070,#3071);
#3070 = CARTESIAN_POINT('',(8.,0.));
#3071 = VECTOR('',#3072,1.);
#3072 = DIRECTION('',(0.,1.));
#3073 = ( GEOMETRIC_REPRESENTATION_CONTEXT(2) 
PARAMETRIC_REPRESENTATION_CONTEXT() REPRESENTATION_CONTEXT('2D SPACE',''
  ) );
#3074 = ORIENTED_EDGE('',*,*,#3075,.F.);
#3075 = EDGE_CURVE('',#2953,#3053,#3076,.T.);
#3076 = SURFACE_CURVE('',#3077,(#3081,#3087),.PCURVE_S1.);
#3077 = LINE('',#3078,#3079);
#3078 = CARTESIAN_POINT('',(380.,257.,344.));
#3079 = VECTOR('',#3080,1.);
#3080 = DIRECTION('',(0.,-1.,0.));
#3081 = PCURVE('',#2266,#3082);
#3082 = DEFINITIONAL_REPRESENTATION('',(#3083),#3086);
#3083 = B_SPLINE_CURVE_WITH_KNOTS('',1,(#3084,#3085),.UNSPECIFIED.,.F.,
  .F.,(2,2),(-23.,-17.),.PIECEWISE_BEZIER_KNOTS.);
#3084 = CARTESIAN_POINT('',(761.,6.));
#3085 = CARTESIAN_POINT('',(761.,0.));
#3086 = ( GEOMETRIC_REPRESENTATION_CONTEXT(2) 
PARAMETRIC_REPRESENTATION_CONTEXT() REPRESENTATION_CONTEXT('2D SPACE',''
  ) );
#3087 = PCURVE('',#2487,#3088);
#3088 = DEFINITIONAL_REPRESENTATION('',(#3089),#3092);
#3089 = B_SPLINE_CURVE_WITH_KNOTS('',1,(#3090,#3091),.UNSPECIFIED.,.F.,
  .F.,(2,2),(-23.,-17.),.PIECEWISE_BEZIER_KNOTS.);
#3090 = CARTESIAN_POINT('',(24.,-40.));
#3091 = CARTESIAN_POINT('',(24.,-34.));
#3092 = ( GEOMETRIC_REPRESENTATION_CONTEXT(2) 
PARAMETRIC_REPRESENTATION_CONTEXT() REPRESENTATION_CONTEXT('2D SPACE',''
  ) );
#3093 = ADVANCED_FACE('',(#3094),#2080,.T.);
#3094 = FACE_BOUND('',#3095,.T.);
#3095 = EDGE_LOOP('',(#3096,#3097,#3098,#3121));
#3096 = ORIENTED_EDGE('',*,*,#3026,.F.);
#3097 = ORIENTED_EDGE('',*,*,#2065,.T.);
#3098 = ORIENTED_EDGE('',*,*,#3099,.T.);
#3099 = EDGE_CURVE('',#2066,#3100,#3102,.T.);
#3100 = VERTEX_POINT('',#3101);
#3101 = CARTESIAN_POINT('',(380.,256.,326.));
#3102 = SURFACE_CURVE('',#3103,(#3107,#3114),.PCURVE_S1.);
#3103 = LINE('',#3104,#3105);
#3104 = CARTESIAN_POINT('',(-381.,256.,326.));
#3105 = VECTOR('',#3106,1.);
#3106 = DIRECTION('',(1.,0.,0.));
#3107 = PCURVE('',#2080,#3108);
#3108 = DEFINITIONAL_REPRESENTATION('',(#3109),#3113);
#3109 = LINE('',#3110,#3111);
#3110 = CARTESIAN_POINT('',(6.,0.));
#3111 = VECTOR('',#3112,1.);
#3112 = DIRECTION('',(0.,1.));
#3113 = ( GEOMETRIC_REPRESENTATION_CONTEXT(2) 
PARAMETRIC_REPRESENTATION_CONTEXT() REPRESENTATION_CONTEXT('2D SPACE',''
  ) );
#3114 = PCURVE('',#2106,#3115);
#3115 = DEFINITIONAL_REPRESENTATION('',(#3116),#3120);
#3116 = LINE('',#3117,#3118);
#3117 = CARTESIAN_POINT('',(0.,0.));
#3118 = VECTOR('',#3119,1.);
#3119 = DIRECTION('',(1.,0.));
#3120 = ( GEOMETRIC_REPRESENTATION_CONTEXT(2) 
PARAMETRIC_REPRESENTATION_CONTEXT() REPRESENTATION_CONTEXT('2D SPACE',''
  ) );
#3121 = ORIENTED_EDGE('',*,*,#3122,.F.);
#3122 = EDGE_CURVE('',#3004,#3100,#3123,.T.);
#3123 = SURFACE_CURVE('',#3124,(#3128,#3134),.PCURVE_S1.);
#3124 = LINE('',#3125,#3126);
#3125 = CARTESIAN_POINT('',(380.,256.,320.));
#3126 = VECTOR('',#3127,1.);
#3127 = DIRECTION('',(0.,0.,1.));
#3128 = PCURVE('',#2080,#3129);
#3129 = DEFINITIONAL_REPRESENTATION('',(#3130),#3133);
#3130 = B_SPLINE_CURVE_WITH_KNOTS('',1,(#3131,#3132),.UNSPECIFIED.,.F.,
  .F.,(2,2),(0.,6.),.PIECEWISE_BEZIER_KNOTS.);
#3131 = CARTESIAN_POINT('',(0.,761.));
#3132 = CARTESIAN_POINT('',(6.,761.));
#3133 = ( GEOMETRIC_REPRESENTATION_CONTEXT(2) 
PARAMETRIC_REPRESENTATION_CONTEXT() REPRESENTATION_CONTEXT('2D SPACE',''
  ) );
#3134 = PCURVE('',#2487,#3135);
#3135 = DEFINITIONAL_REPRESENTATION('',(#3136),#3139);
#3136 = B_SPLINE_CURVE_WITH_KNOTS('',1,(#3137,#3138),.UNSPECIFIED.,.F.,
  .F.,(2,2),(0.,6.),.PIECEWISE_BEZIER_KNOTS.);
#3137 = CARTESIAN_POINT('',(0.,-16.));
#3138 = CARTESIAN_POINT('',(6.,-16.));
#3139 = ( GEOMETRIC_REPRESENTATION_CONTEXT(2) 
PARAMETRIC_REPRESENTATION_CONTEXT() REPRESENTATION_CONTEXT('2D SPACE',''
  ) );
#3140 = ADVANCED_FACE('',(#3141),#2240,.T.);
#3141 = FACE_BOUND('',#3142,.T.);
#3142 = EDGE_LOOP('',(#3143,#3166,#3167,#3168));
#3143 = ORIENTED_EDGE('',*,*,#3144,.F.);
#3144 = EDGE_CURVE('',#2200,#3145,#3147,.T.);
#3145 = VERTEX_POINT('',#3146);
#3146 = CARTESIAN_POINT('',(380.,274.,336.));
#3147 = SURFACE_CURVE('',#3148,(#3152,#3159),.PCURVE_S1.);
#3148 = LINE('',#3149,#3150);
#3149 = CARTESIAN_POINT('',(-381.,274.,336.));
#3150 = VECTOR('',#3151,1.);
#3151 = DIRECTION('',(1.,0.,0.));
#3152 = PCURVE('',#2240,#3153);
#3153 = DEFINITIONAL_REPRESENTATION('',(#3154),#3158);
#3154 = LINE('',#3155,#3156);
#3155 = CARTESIAN_POINT('',(0.,0.));
#3156 = VECTOR('',#3157,1.);
#3157 = DIRECTION('',(0.,1.));
#3158 = ( GEOMETRIC_REPRESENTATION_CONTEXT(2) 
PARAMETRIC_REPRESENTATION_CONTEXT() REPRESENTATION_CONTEXT('2D SPACE',''
  ) );
#3159 = PCURVE('',#2214,#3160);
#3160 = DEFINITIONAL_REPRESENTATION('',(#3161),#3165);
#3161 = LINE('',#3162,#3163);
#3162 = CARTESIAN_POINT('',(0.,0.));
#3163 = VECTOR('',#3164,1.);
#3164 = DIRECTION('',(1.,0.));
#3165 = ( GEOMETRIC_REPRESENTATION_CONTEXT(2) 
PARAMETRIC_REPRESENTATION_CONTEXT() REPRESENTATION_CONTEXT('2D SPACE',''
  ) );
#3166 = ORIENTED_EDGE('',*,*,#2225,.T.);
#3167 = ORIENTED_EDGE('',*,*,#3052,.T.);
#3168 = ORIENTED_EDGE('',*,*,#3169,.F.);
#3169 = EDGE_CURVE('',#3145,#3053,#3170,.T.);
#3170 = SURFACE_CURVE('',#3171,(#3175,#3181),.PCURVE_S1.);
#3171 = LINE('',#3172,#3173);
#3172 = CARTESIAN_POINT('',(380.,274.,328.));
#3173 = VECTOR('',#3174,1.);
#3174 = DIRECTION('',(0.,0.,1.));
#3175 = PCURVE('',#2240,#3176);
#3176 = DEFINITIONAL_REPRESENTATION('',(#3177),#3180);
#3177 = B_SPLINE_CURVE_WITH_KNOTS('',1,(#3178,#3179),.UNSPECIFIED.,.F.,
  .F.,(2,2),(8.,16.),.PIECEWISE_BEZIER_KNOTS.);
#3178 = CARTESIAN_POINT('',(0.,761.));
#3179 = CARTESIAN_POINT('',(8.,761.));
#3180 = ( GEOMETRIC_REPRESENTATION_CONTEXT(2) 
PARAMETRIC_REPRESENTATION_CONTEXT() REPRESENTATION_CONTEXT('2D SPACE',''
  ) );
#3181 = PCURVE('',#2487,#3182);
#3182 = DEFINITIONAL_REPRESENTATION('',(#3183),#3186);
#3183 = B_SPLINE_CURVE_WITH_KNOTS('',1,(#3184,#3185),.UNSPECIFIED.,.F.,
  .F.,(2,2),(8.,16.),.PIECEWISE_BEZIER_KNOTS.);
#3184 = CARTESIAN_POINT('',(16.,-34.));
#3185 = CARTESIAN_POINT('',(24.,-34.));
#3186 = ( GEOMETRIC_REPRESENTATION_CONTEXT(2) 
PARAMETRIC_REPRESENTATION_CONTEXT() REPRESENTATION_CONTEXT('2D SPACE',''
  ) );
#3187 = ADVANCED_FACE('',(#3188),#2106,.F.);
#3188 = FACE_BOUND('',#3189,.F.);
#3189 = EDGE_LOOP('',(#3190,#3213,#3214,#3215));
#3190 = ORIENTED_EDGE('',*,*,#3191,.F.);
#3191 = EDGE_CURVE('',#2092,#3192,#3194,.T.);
#3192 = VERTEX_POINT('',#3193);
#3193 = CARTESIAN_POINT('',(380.,264.,326.));
#3194 = SURFACE_CURVE('',#3195,(#3199,#3206),.PCURVE_S1.);
#3195 = LINE('',#3196,#3197);
#3196 = CARTESIAN_POINT('',(-381.,264.,326.));
#3197 = VECTOR('',#3198,1.);
#3198 = DIRECTION('',(1.,0.,0.));
#3199 = PCURVE('',#2106,#3200);
#3200 = DEFINITIONAL_REPRESENTATION('',(#3201),#3205);
#3201 = LINE('',#3202,#3203);
#3202 = CARTESIAN_POINT('',(0.,8.));
#3203 = VECTOR('',#3204,1.);
#3204 = DIRECTION('',(1.,0.));
#3205 = ( GEOMETRIC_REPRESENTATION_CONTEXT(2) 
PARAMETRIC_REPRESENTATION_CONTEXT() REPRESENTATION_CONTEXT('2D SPACE',''
  ) );
#3206 = PCURVE('',#2132,#3207);
#3207 = DEFINITIONAL_REPRESENTATION('',(#3208),#3212);
#3208 = LINE('',#3209,#3210);
#3209 = CARTESIAN_POINT('',(6.,0.));
#3210 = VECTOR('',#3211,1.);
#3211 = DIRECTION('',(0.,1.));
#3212 = ( GEOMETRIC_REPRESENTATION_CONTEXT(2) 
PARAMETRIC_REPRESENTATION_CONTEXT() REPRESENTATION_CONTEXT('2D SPACE',''
  ) );
#3213 = ORIENTED_EDGE('',*,*,#2091,.T.);
#3214 = ORIENTED_EDGE('',*,*,#3099,.T.);
#3215 = ORIENTED_EDGE('',*,*,#3216,.F.);
#3216 = EDGE_CURVE('',#3192,#3100,#3217,.T.);
#3217 = SURFACE_CURVE('',#3218,(#3222,#3228),.PCURVE_S1.);
#3218 = LINE('',#3219,#3220);
#3219 = CARTESIAN_POINT('',(380.,248.,326.));
#3220 = VECTOR('',#3221,1.);
#3221 = DIRECTION('',(0.,-1.,0.));
#3222 = PCURVE('',#2106,#3223);
#3223 = DEFINITIONAL_REPRESENTATION('',(#3224),#3227);
#3224 = B_SPLINE_CURVE_WITH_KNOTS('',1,(#3225,#3226),.UNSPECIFIED.,.F.,
  .F.,(2,2),(-16.,-8.),.PIECEWISE_BEZIER_KNOTS.);
#3225 = CARTESIAN_POINT('',(761.,8.));
#3226 = CARTESIAN_POINT('',(761.,0.));
#3227 = ( GEOMETRIC_REPRESENTATION_CONTEXT(2) 
PARAMETRIC_REPRESENTATION_CONTEXT() REPRESENTATION_CONTEXT('2D SPACE',''
  ) );
#3228 = PCURVE('',#2487,#3229);
#3229 = DEFINITIONAL_REPRESENTATION('',(#3230),#3233);
#3230 = B_SPLINE_CURVE_WITH_KNOTS('',1,(#3231,#3232),.UNSPECIFIED.,.F.,
  .F.,(2,2),(-16.,-8.),.PIECEWISE_BEZIER_KNOTS.);
#3231 = CARTESIAN_POINT('',(6.,-24.));
#3232 = CARTESIAN_POINT('',(6.,-16.));
#3233 = ( GEOMETRIC_REPRESENTATION_CONTEXT(2) 
PARAMETRIC_REPRESENTATION_CONTEXT() REPRESENTATION_CONTEXT('2D SPACE',''
  ) );
#3234 = ADVANCED_FACE('',(#3235),#2214,.T.);
#3235 = FACE_BOUND('',#3236,.T.);
#3236 = EDGE_LOOP('',(#3237,#3260,#3261,#3262));
#3237 = ORIENTED_EDGE('',*,*,#3238,.F.);
#3238 = EDGE_CURVE('',#2172,#3239,#3241,.T.);
#3239 = VERTEX_POINT('',#3240);
#3240 = CARTESIAN_POINT('',(380.,280.,336.));
#3241 = SURFACE_CURVE('',#3242,(#3246,#3253),.PCURVE_S1.);
#3242 = LINE('',#3243,#3244);
#3243 = CARTESIAN_POINT('',(-381.,280.,336.));
#3244 = VECTOR('',#3245,1.);
#3245 = DIRECTION('',(1.,0.,0.));
#3246 = PCURVE('',#2214,#3247);
#3247 = DEFINITIONAL_REPRESENTATION('',(#3248),#3252);
#3248 = LINE('',#3249,#3250);
#3249 = CARTESIAN_POINT('',(0.,6.));
#3250 = VECTOR('',#3251,1.);
#3251 = DIRECTION('',(1.,0.));
#3252 = ( GEOMETRIC_REPRESENTATION_CONTEXT(2) 
PARAMETRIC_REPRESENTATION_CONTEXT() REPRESENTATION_CONTEXT('2D SPACE',''
  ) );
#3253 = PCURVE('',#2187,#3254);
#3254 = DEFINITIONAL_REPRESENTATION('',(#3255),#3259);
#3255 = LINE('',#3256,#3257);
#3256 = CARTESIAN_POINT('',(16.,-1.));
#3257 = VECTOR('',#3258,1.);
#3258 = DIRECTION('',(0.,1.));
#3259 = ( GEOMETRIC_REPRESENTATION_CONTEXT(2) 
PARAMETRIC_REPRESENTATION_CONTEXT() REPRESENTATION_CONTEXT('2D SPACE',''
  ) );
#3260 = ORIENTED_EDGE('',*,*,#2199,.T.);
#3261 = ORIENTED_EDGE('',*,*,#3144,.T.);
#3262 = ORIENTED_EDGE('',*,*,#3263,.F.);
#3263 = EDGE_CURVE('',#3239,#3145,#3264,.T.);
#3264 = SURFACE_CURVE('',#3265,(#3269,#3275),.PCURVE_S1.);
#3265 = LINE('',#3266,#3267);
#3266 = CARTESIAN_POINT('',(380.,257.,336.));
#3267 = VECTOR('',#3268,1.);
#3268 = DIRECTION('',(0.,-1.,0.));
#3269 = PCURVE('',#2214,#3270);
#3270 = DEFINITIONAL_REPRESENTATION('',(#3271),#3274);
#3271 = B_SPLINE_CURVE_WITH_KNOTS('',1,(#3272,#3273),.UNSPECIFIED.,.F.,
  .F.,(2,2),(-23.,-17.),.PIECEWISE_BEZIER_KNOTS.);
#3272 = CARTESIAN_POINT('',(761.,6.));
#3273 = CARTESIAN_POINT('',(761.,0.));
#3274 = ( GEOMETRIC_REPRESENTATION_CONTEXT(2) 
PARAMETRIC_REPRESENTATION_CONTEXT() REPRESENTATION_CONTEXT('2D SPACE',''
  ) );
#3275 = PCURVE('',#2487,#3276);
#3276 = DEFINITIONAL_REPRESENTATION('',(#3277),#3280);
#3277 = B_SPLINE_CURVE_WITH_KNOTS('',1,(#3278,#3279),.UNSPECIFIED.,.F.,
  .F.,(2,2),(-23.,-17.),.PIECEWISE_BEZIER_KNOTS.);
#3278 = CARTESIAN_POINT('',(16.,-40.));
#3279 = CARTESIAN_POINT('',(16.,-34.));
#3280 = ( GEOMETRIC_REPRESENTATION_CONTEXT(2) 
PARAMETRIC_REPRESENTATION_CONTEXT() REPRESENTATION_CONTEXT('2D SPACE',''
  ) );
#3281 = ADVANCED_FACE('',(#3282),#2132,.F.);
#3282 = FACE_BOUND('',#3283,.F.);
#3283 = EDGE_LOOP('',(#3284,#3307,#3308,#3309));
#3284 = ORIENTED_EDGE('',*,*,#3285,.F.);
#3285 = EDGE_CURVE('',#2118,#3286,#3288,.T.);
#3286 = VERTEX_POINT('',#3287);
#3287 = CARTESIAN_POINT('',(380.,264.,320.));
#3288 = SURFACE_CURVE('',#3289,(#3293,#3300),.PCURVE_S1.);
#3289 = LINE('',#3290,#3291);
#3290 = CARTESIAN_POINT('',(-381.,264.,320.));
#3291 = VECTOR('',#3292,1.);
#3292 = DIRECTION('',(1.,0.,0.));
#3293 = PCURVE('',#2132,#3294);
#3294 = DEFINITIONAL_REPRESENTATION('',(#3295),#3299);
#3295 = LINE('',#3296,#3297);
#3296 = CARTESIAN_POINT('',(0.,0.));
#3297 = VECTOR('',#3298,1.);
#3298 = DIRECTION('',(0.,1.));
#3299 = ( GEOMETRIC_REPRESENTATION_CONTEXT(2) 
PARAMETRIC_REPRESENTATION_CONTEXT() REPRESENTATION_CONTEXT('2D SPACE',''
  ) );
#3300 = PCURVE('',#2159,#3301);
#3301 = DEFINITIONAL_REPRESENTATION('',(#3302),#3306);
#3302 = LINE('',#3303,#3304);
#3303 = CARTESIAN_POINT('',(-1.,24.));
#3304 = VECTOR('',#3305,1.);
#3305 = DIRECTION('',(1.,0.));
#3306 = ( GEOMETRIC_REPRESENTATION_CONTEXT(2) 
PARAMETRIC_REPRESENTATION_CONTEXT() REPRESENTATION_CONTEXT('2D SPACE',''
  ) );
#3307 = ORIENTED_EDGE('',*,*,#2117,.T.);
#3308 = ORIENTED_EDGE('',*,*,#3191,.T.);
#3309 = ORIENTED_EDGE('',*,*,#3310,.F.);
#3310 = EDGE_CURVE('',#3286,#3192,#3311,.T.);
#3311 = SURFACE_CURVE('',#3312,(#3316,#3322),.PCURVE_S1.);
#3312 = LINE('',#3313,#3314);
#3313 = CARTESIAN_POINT('',(380.,264.,320.));
#3314 = VECTOR('',#3315,1.);
#3315 = DIRECTION('',(0.,0.,1.));
#3316 = PCURVE('',#2132,#3317);
#3317 = DEFINITIONAL_REPRESENTATION('',(#3318),#3321);
#3318 = B_SPLINE_CURVE_WITH_KNOTS('',1,(#3319,#3320),.UNSPECIFIED.,.F.,
  .F.,(2,2),(0.,6.),.PIECEWISE_BEZIER_KNOTS.);
#3319 = CARTESIAN_POINT('',(0.,761.));
#3320 = CARTESIAN_POINT('',(6.,761.));
#3321 = ( GEOMETRIC_REPRESENTATION_CONTEXT(2) 
PARAMETRIC_REPRESENTATION_CONTEXT() REPRESENTATION_CONTEXT('2D SPACE',''
  ) );
#3322 = PCURVE('',#2487,#3323);
#3323 = DEFINITIONAL_REPRESENTATION('',(#3324),#3327);
#3324 = B_SPLINE_CURVE_WITH_KNOTS('',1,(#3325,#3326),.UNSPECIFIED.,.F.,
  .F.,(2,2),(0.,6.),.PIECEWISE_BEZIER_KNOTS.);
#3325 = CARTESIAN_POINT('',(0.,-24.));
#3326 = CARTESIAN_POINT('',(6.,-24.));
#3327 = ( GEOMETRIC_REPRESENTATION_CONTEXT(2) 
PARAMETRIC_REPRESENTATION_CONTEXT() REPRESENTATION_CONTEXT('2D SPACE',''
  ) );
#3328 = ADVANCED_FACE('',(#3329),#2187,.T.);
#3329 = FACE_BOUND('',#3330,.T.);
#3330 = EDGE_LOOP('',(#3331,#3354,#3375,#3376));
#3331 = ORIENTED_EDGE('',*,*,#3332,.F.);
#3332 = EDGE_CURVE('',#3333,#3239,#3335,.T.);
#3333 = VERTEX_POINT('',#3334);
#3334 = CARTESIAN_POINT('',(380.,280.,320.));
#3335 = SURFACE_CURVE('',#3336,(#3340,#3347),.PCURVE_S1.);
#3336 = LINE('',#3337,#3338);
#3337 = CARTESIAN_POINT('',(380.,280.,320.));
#3338 = VECTOR('',#3339,1.);
#3339 = DIRECTION('',(0.,0.,1.));
#3340 = PCURVE('',#2187,#3341);
#3341 = DEFINITIONAL_REPRESENTATION('',(#3342),#3346);
#3342 = LINE('',#3343,#3344);
#3343 = CARTESIAN_POINT('',(0.,760.));
#3344 = VECTOR('',#3345,1.);
#3345 = DIRECTION('',(1.,0.));
#3346 = ( GEOMETRIC_REPRESENTATION_CONTEXT(2) 
PARAMETRIC_REPRESENTATION_CONTEXT() REPRESENTATION_CONTEXT('2D SPACE',''
  ) );
#3347 = PCURVE('',#2487,#3348);
#3348 = DEFINITIONAL_REPRESENTATION('',(#3349),#3353);
#3349 = LINE('',#3350,#3351);
#3350 = CARTESIAN_POINT('',(0.,-40.));
#3351 = VECTOR('',#3352,1.);
#3352 = DIRECTION('',(1.,0.));
#3353 = ( GEOMETRIC_REPRESENTATION_CONTEXT(2) 
PARAMETRIC_REPRESENTATION_CONTEXT() REPRESENTATION_CONTEXT('2D SPACE',''
  ) );
#3354 = ORIENTED_EDGE('',*,*,#3355,.F.);
#3355 = EDGE_CURVE('',#2144,#3333,#3356,.T.);
#3356 = SURFACE_CURVE('',#3357,(#3361,#3368),.PCURVE_S1.);
#3357 = LINE('',#3358,#3359);
#3358 = CARTESIAN_POINT('',(-380.,280.,320.));
#3359 = VECTOR('',#3360,1.);
#3360 = DIRECTION('',(1.,0.,0.));
#3361 = PCURVE('',#2187,#3362);
#3362 = DEFINITIONAL_REPRESENTATION('',(#3363),#3367);
#3363 = LINE('',#3364,#3365);
#3364 = CARTESIAN_POINT('',(0.,0.));
#3365 = VECTOR('',#3366,1.);
#3366 = DIRECTION('',(0.,1.));
#3367 = ( GEOMETRIC_REPRESENTATION_CONTEXT(2) 
PARAMETRIC_REPRESENTATION_CONTEXT() REPRESENTATION_CONTEXT('2D SPACE',''
  ) );
#3368 = PCURVE('',#2159,#3369);
#3369 = DEFINITIONAL_REPRESENTATION('',(#3370),#3374);
#3370 = LINE('',#3371,#3372);
#3371 = CARTESIAN_POINT('',(0.,40.));
#3372 = VECTOR('',#3373,1.);
#3373 = DIRECTION('',(1.,0.));
#3374 = ( GEOMETRIC_REPRESENTATION_CONTEXT(2) 
PARAMETRIC_REPRESENTATION_CONTEXT() REPRESENTATION_CONTEXT('2D SPACE',''
  ) );
#3375 = ORIENTED_EDGE('',*,*,#2171,.T.);
#3376 = ORIENTED_EDGE('',*,*,#3238,.T.);
#3377 = ADVANCED_FACE('',(#3378),#2159,.F.);
#3378 = FACE_BOUND('',#3379,.F.);
#3379 = EDGE_LOOP('',(#3380,#3381,#3382,#3403));
#3380 = ORIENTED_EDGE('',*,*,#2143,.F.);
#3381 = ORIENTED_EDGE('',*,*,#3285,.T.);
#3382 = ORIENTED_EDGE('',*,*,#3383,.T.);
#3383 = EDGE_CURVE('',#3286,#3333,#3384,.T.);
#3384 = SURFACE_CURVE('',#3385,(#3389,#3396),.PCURVE_S1.);
#3385 = LINE('',#3386,#3387);
#3386 = CARTESIAN_POINT('',(380.,240.,320.));
#3387 = VECTOR('',#3388,1.);
#3388 = DIRECTION('',(0.,1.,0.));
#3389 = PCURVE('',#2159,#3390);
#3390 = DEFINITIONAL_REPRESENTATION('',(#3391),#3395);
#3391 = LINE('',#3392,#3393);
#3392 = CARTESIAN_POINT('',(760.,0.));
#3393 = VECTOR('',#3394,1.);
#3394 = DIRECTION('',(0.,1.));
#3395 = ( GEOMETRIC_REPRESENTATION_CONTEXT(2) 
PARAMETRIC_REPRESENTATION_CONTEXT() REPRESENTATION_CONTEXT('2D SPACE',''
  ) );
#3396 = PCURVE('',#2487,#3397);
#3397 = DEFINITIONAL_REPRESENTATION('',(#3398),#3402);
#3398 = LINE('',#3399,#3400);
#3399 = CARTESIAN_POINT('',(0.,0.));
#3400 = VECTOR('',#3401,1.);
#3401 = DIRECTION('',(0.,-1.));
#3402 = ( GEOMETRIC_REPRESENTATION_CONTEXT(2) 
PARAMETRIC_REPRESENTATION_CONTEXT() REPRESENTATION_CONTEXT('2D SPACE',''
  ) );
#3403 = ORIENTED_EDGE('',*,*,#3355,.F.);
#3404 = ADVANCED_FACE('',(#3405),#2432,.F.);
#3405 = FACE_BOUND('',#3406,.T.);
#3406 = EDGE_LOOP('',(#3407,#3408,#3431,#3457));
#3407 = ORIENTED_EDGE('',*,*,#2411,.T.);
#3408 = ORIENTED_EDGE('',*,*,#3409,.T.);
#3409 = EDGE_CURVE('',#2412,#3410,#3412,.T.);
#3410 = VERTEX_POINT('',#3411);
#3411 = CARTESIAN_POINT('',(380.,260.,336.5));
#3412 = SEAM_CURVE('',#3413,(#3417,#3424),.PCURVE_S1.);
#3413 = LINE('',#3414,#3415);
#3414 = CARTESIAN_POINT('',(-381.,260.,336.5));
#3415 = VECTOR('',#3416,1.);
#3416 = DIRECTION('',(1.,0.,1.110223024625E-16));
#3417 = PCURVE('',#2432,#3418);
#3418 = DEFINITIONAL_REPRESENTATION('',(#3419),#3423);
#3419 = LINE('',#3420,#3421);
#3420 = CARTESIAN_POINT('',(-6.28318530718,0.));
#3421 = VECTOR('',#3422,1.);
#3422 = DIRECTION('',(-0.,-1.));
#3423 = ( GEOMETRIC_REPRESENTATION_CONTEXT(2) 
PARAMETRIC_REPRESENTATION_CONTEXT() REPRESENTATION_CONTEXT('2D SPACE',''
  ) );
#3424 = PCURVE('',#2432,#3425);
#3425 = DEFINITIONAL_REPRESENTATION('',(#3426),#3430);
#3426 = LINE('',#3427,#3428);
#3427 = CARTESIAN_POINT('',(-0.,0.));
#3428 = VECTOR('',#3429,1.);
#3429 = DIRECTION('',(-0.,-1.));
#3430 = ( GEOMETRIC_REPRESENTATION_CONTEXT(2) 
PARAMETRIC_REPRESENTATION_CONTEXT() REPRESENTATION_CONTEXT('2D SPACE',''
  ) );
#3431 = ORIENTED_EDGE('',*,*,#3432,.F.);
#3432 = EDGE_CURVE('',#3410,#3410,#3433,.T.);
#3433 = SURFACE_CURVE('',#3434,(#3439,#3446),.PCURVE_S1.);
#3434 = CIRCLE('',#3435,3.5);
#3435 = AXIS2_PLACEMENT_3D('',#3436,#3437,#3438);
#3436 = CARTESIAN_POINT('',(380.,260.,340.));
#3437 = DIRECTION('',(-1.,-0.,-1.110223024625E-16));
#3438 = DIRECTION('',(1.110223024625E-16,0.,-1.));
#3439 = PCURVE('',#2432,#3440);
#3440 = DEFINITIONAL_REPRESENTATION('',(#3441),#3445);
#3441 = LINE('',#3442,#3443);
#3442 = CARTESIAN_POINT('',(-6.28318530718,-761.));
#3443 = VECTOR('',#3444,1.);
#3444 = DIRECTION('',(1.,-0.));
#3445 = ( GEOMETRIC_REPRESENTATION_CONTEXT(2) 
PARAMETRIC_REPRESENTATION_CONTEXT() REPRESENTATION_CONTEXT('2D SPACE',''
  ) );
#3446 = PCURVE('',#2487,#3447);
#3447 = DEFINITIONAL_REPRESENTATION('',(#3448),#3456);
#3448 = ( BOUNDED_CURVE() B_SPLINE_CURVE(2,(#3449,#3450,#3451,#3452,
#3453,#3454,#3455),.UNSPECIFIED.,.T.,.F.) B_SPLINE_CURVE_WITH_KNOTS((1,2
    ,2,2,2,1),(-2.094395102393,0.,2.094395102393,4.188790204786,
6.28318530718,8.377580409573),.UNSPECIFIED.) CURVE() 
GEOMETRIC_REPRESENTATION_ITEM() RATIONAL_B_SPLINE_CURVE((1.,0.5,1.,0.5,
1.,0.5,1.)) REPRESENTATION_ITEM('') );
#3449 = CARTESIAN_POINT('',(16.5,-20.));
#3450 = CARTESIAN_POINT('',(16.5,-13.9378221735));
#3451 = CARTESIAN_POINT('',(21.75,-16.96891108675));
#3452 = CARTESIAN_POINT('',(27.,-20.));
#3453 = CARTESIAN_POINT('',(21.75,-23.03108891324));
#3454 = CARTESIAN_POINT('',(16.5,-26.06217782649));
#3455 = CARTESIAN_POINT('',(16.5,-20.));
#3456 = ( GEOMETRIC_REPRESENTATION_CONTEXT(2) 
PARAMETRIC_REPRESENTATION_CONTEXT() REPRESENTATION_CONTEXT('2D SPACE',''
  ) );
#3457 = ORIENTED_EDGE('',*,*,#3409,.F.);
#3458 = ADVANCED_FACE('',(#3459,#3481),#2487,.T.);
#3459 = FACE_BOUND('',#3460,.T.);
#3460 = EDGE_LOOP('',(#3461,#3462,#3463,#3464,#3465,#3466,#3467,#3468,
    #3469,#3470,#3471,#3472,#3473,#3474,#3475,#3476,#3477,#3478,#3479,
    #3480));
#3461 = ORIENTED_EDGE('',*,*,#2471,.F.);
#3462 = ORIENTED_EDGE('',*,*,#2523,.F.);
#3463 = ORIENTED_EDGE('',*,*,#2644,.F.);
#3464 = ORIENTED_EDGE('',*,*,#2738,.F.);
#3465 = ORIENTED_EDGE('',*,*,#2832,.T.);
#3466 = ORIENTED_EDGE('',*,*,#2903,.F.);
#3467 = ORIENTED_EDGE('',*,*,#3003,.T.);
#3468 = ORIENTED_EDGE('',*,*,#3122,.T.);
#3469 = ORIENTED_EDGE('',*,*,#3216,.F.);
#3470 = ORIENTED_EDGE('',*,*,#3310,.F.);
#3471 = ORIENTED_EDGE('',*,*,#3383,.T.);
#3472 = ORIENTED_EDGE('',*,*,#3332,.T.);
#3473 = ORIENTED_EDGE('',*,*,#3263,.T.);
#3474 = ORIENTED_EDGE('',*,*,#3169,.T.);
#3475 = ORIENTED_EDGE('',*,*,#3075,.F.);
#3476 = ORIENTED_EDGE('',*,*,#2952,.T.);
#3477 = ORIENTED_EDGE('',*,*,#2856,.F.);
#3478 = ORIENTED_EDGE('',*,*,#2785,.F.);
#3479 = ORIENTED_EDGE('',*,*,#2691,.T.);
#3480 = ORIENTED_EDGE('',*,*,#2597,.T.);
#3481 = FACE_BOUND('',#3482,.T.);
#3482 = EDGE_LOOP('',(#3483));
#3483 = ORIENTED_EDGE('',*,*,#3432,.T.);
#3484 = ( GEOMETRIC_REPRESENTATION_CONTEXT(3) 
GLOBAL_UNCERTAINTY_ASSIGNED_CONTEXT((#3488)) 
GLOBAL_UNIT_ASSIGNED_CONTEXT((#3485,#3486,#3487)) REPRESENTATION_CONTEXT
('Context #1','3D Context with UNIT and UNCERTAINTY') );
#3485 = ( LENGTH_UNIT() NAMED_UNIT(*) SI_UNIT(.MILLI.,.METRE.) );
#3486 = ( NAMED_UNIT(*) PLANE_ANGLE_UNIT() SI_UNIT($,.RADIAN.) );
#3487 = ( NAMED_UNIT(*) SI_UNIT($,.STERADIAN.) SOLID_ANGLE_UNIT() );
#3488 = UNCERTAINTY_MEASURE_WITH_UNIT(LENGTH_MEASURE(1.E-07),#3485,
  'distance_accuracy_value','confusion accuracy');
#3489 = CONTEXT_DEPENDENT_SHAPE_REPRESENTATION(#3490,#3492);
#3490 = ( REPRESENTATION_RELATIONSHIP('','',#1861,#10) 
REPRESENTATION_RELATIONSHIP_WITH_TRANSFORMATION(#3491) 
SHAPE_REPRESENTATION_RELATIONSHIP() );
#3491 = ITEM_DEFINED_TRANSFORMATION('','',#11,#19);
#3492 = PRODUCT_DEFINITION_SHAPE('Placement','Placement of an item',
  #3493);
#3493 = NEXT_ASSEMBLY_USAGE_OCCURRENCE('3281','NVR-C01_receiver_rail_2',
  '',#5,#1856,$);
#3494 = PRODUCT_RELATED_PRODUCT_CATEGORY('part',$,(#1858));
#3495 = SHAPE_DEFINITION_REPRESENTATION(#3496,#3502);
#3496 = PRODUCT_DEFINITION_SHAPE('','',#3497);
#3497 = PRODUCT_DEFINITION('design','',#3498,#3501);
#3498 = PRODUCT_DEFINITION_FORMATION('','',#3499);
#3499 = PRODUCT('NVR-P10_master_locator_plate',
  'NVR-P10_master_locator_plate','',(#3500));
#3500 = PRODUCT_CONTEXT('',#2,'mechanical');
#3501 = PRODUCT_DEFINITION_CONTEXT('part definition',#2,'design');
#3502 = ADVANCED_BREP_SHAPE_REPRESENTATION('',(#11,#3503),#3833);
#3503 = MANIFOLD_SOLID_BREP('',#3504);
#3504 = CLOSED_SHELL('',(#3505,#3625,#3725,#3772,#3819,#3826));
#3505 = ADVANCED_FACE('',(#3506),#3520,.F.);
#3506 = FACE_BOUND('',#3507,.F.);
#3507 = EDGE_LOOP('',(#3508,#3543,#3571,#3599));
#3508 = ORIENTED_EDGE('',*,*,#3509,.F.);
#3509 = EDGE_CURVE('',#3510,#3512,#3514,.T.);
#3510 = VERTEX_POINT('',#3511);
#3511 = CARTESIAN_POINT('',(-320.,-25.,334.));
#3512 = VERTEX_POINT('',#3513);
#3513 = CARTESIAN_POINT('',(-320.,-25.,340.));
#3514 = SURFACE_CURVE('',#3515,(#3519,#3531),.PCURVE_S1.);
#3515 = LINE('',#3516,#3517);
#3516 = CARTESIAN_POINT('',(-320.,-25.,334.));
#3517 = VECTOR('',#3518,1.);
#3518 = DIRECTION('',(0.,0.,1.));
#3519 = PCURVE('',#3520,#3525);
#3520 = PLANE('',#3521);
#3521 = AXIS2_PLACEMENT_3D('',#3522,#3523,#3524);
#3522 = CARTESIAN_POINT('',(-320.,-25.,334.));
#3523 = DIRECTION('',(1.,0.,0.));
#3524 = DIRECTION('',(0.,0.,1.));
#3525 = DEFINITIONAL_REPRESENTATION('',(#3526),#3530);
#3526 = LINE('',#3527,#3528);
#3527 = CARTESIAN_POINT('',(0.,0.));
#3528 = VECTOR('',#3529,1.);
#3529 = DIRECTION('',(1.,0.));
#3530 = ( GEOMETRIC_REPRESENTATION_CONTEXT(2) 
PARAMETRIC_REPRESENTATION_CONTEXT() REPRESENTATION_CONTEXT('2D SPACE',''
  ) );
#3531 = PCURVE('',#3532,#3537);
#3532 = PLANE('',#3533);
#3533 = AXIS2_PLACEMENT_3D('',#3534,#3535,#3536);
#3534 = CARTESIAN_POINT('',(-320.,-25.,334.));
#3535 = DIRECTION('',(0.,1.,0.));
#3536 = DIRECTION('',(0.,0.,1.));
#3537 = DEFINITIONAL_REPRESENTATION('',(#3538),#3542);
#3538 = LINE('',#3539,#3540);
#3539 = CARTESIAN_POINT('',(0.,0.));
#3540 = VECTOR('',#3541,1.);
#3541 = DIRECTION('',(1.,0.));
#3542 = ( GEOMETRIC_REPRESENTATION_CONTEXT(2) 
PARAMETRIC_REPRESENTATION_CONTEXT() REPRESENTATION_CONTEXT('2D SPACE',''
  ) );
#3543 = ORIENTED_EDGE('',*,*,#3544,.T.);
#3544 = EDGE_CURVE('',#3510,#3545,#3547,.T.);
#3545 = VERTEX_POINT('',#3546);
#3546 = CARTESIAN_POINT('',(-320.,25.,334.));
#3547 = SURFACE_CURVE('',#3548,(#3552,#3559),.PCURVE_S1.);
#3548 = LINE('',#3549,#3550);
#3549 = CARTESIAN_POINT('',(-320.,-25.,334.));
#3550 = VECTOR('',#3551,1.);
#3551 = DIRECTION('',(0.,1.,0.));
#3552 = PCURVE('',#3520,#3553);
#3553 = DEFINITIONAL_REPRESENTATION('',(#3554),#3558);
#3554 = LINE('',#3555,#3556);
#3555 = CARTESIAN_POINT('',(0.,0.));
#3556 = VECTOR('',#3557,1.);
#3557 = DIRECTION('',(0.,-1.));
#3558 = ( GEOMETRIC_REPRESENTATION_CONTEXT(2) 
PARAMETRIC_REPRESENTATION_CONTEXT() REPRESENTATION_CONTEXT('2D SPACE',''
  ) );
#3559 = PCURVE('',#3560,#3565);
#3560 = PLANE('',#3561);
#3561 = AXIS2_PLACEMENT_3D('',#3562,#3563,#3564);
#3562 = CARTESIAN_POINT('',(-320.,-25.,334.));
#3563 = DIRECTION('',(0.,0.,1.));
#3564 = DIRECTION('',(1.,0.,0.));
#3565 = DEFINITIONAL_REPRESENTATION('',(#3566),#3570);
#3566 = LINE('',#3567,#3568);
#3567 = CARTESIAN_POINT('',(0.,0.));
#3568 = VECTOR('',#3569,1.);
#3569 = DIRECTION('',(0.,1.));
#3570 = ( GEOMETRIC_REPRESENTATION_CONTEXT(2) 
PARAMETRIC_REPRESENTATION_CONTEXT() REPRESENTATION_CONTEXT('2D SPACE',''
  ) );
#3571 = ORIENTED_EDGE('',*,*,#3572,.T.);
#3572 = EDGE_CURVE('',#3545,#3573,#3575,.T.);
#3573 = VERTEX_POINT('',#3574);
#3574 = CARTESIAN_POINT('',(-320.,25.,340.));
#3575 = SURFACE_CURVE('',#3576,(#3580,#3587),.PCURVE_S1.);
#3576 = LINE('',#3577,#3578);
#3577 = CARTESIAN_POINT('',(-320.,25.,334.));
#3578 = VECTOR('',#3579,1.);
#3579 = DIRECTION('',(0.,0.,1.));
#3580 = PCURVE('',#3520,#3581);
#3581 = DEFINITIONAL_REPRESENTATION('',(#3582),#3586);
#3582 = LINE('',#3583,#3584);
#3583 = CARTESIAN_POINT('',(0.,-50.));
#3584 = VECTOR('',#3585,1.);
#3585 = DIRECTION('',(1.,0.));
#3586 = ( GEOMETRIC_REPRESENTATION_CONTEXT(2) 
PARAMETRIC_REPRESENTATION_CONTEXT() REPRESENTATION_CONTEXT('2D SPACE',''
  ) );
#3587 = PCURVE('',#3588,#3593);
#3588 = PLANE('',#3589);
#3589 = AXIS2_PLACEMENT_3D('',#3590,#3591,#3592);
#3590 = CARTESIAN_POINT('',(-320.,25.,334.));
#3591 = DIRECTION('',(0.,1.,0.));
#3592 = DIRECTION('',(0.,0.,1.));
#3593 = DEFINITIONAL_REPRESENTATION('',(#3594),#3598);
#3594 = LINE('',#3595,#3596);
#3595 = CARTESIAN_POINT('',(0.,0.));
#3596 = VECTOR('',#3597,1.);
#3597 = DIRECTION('',(1.,0.));
#3598 = ( GEOMETRIC_REPRESENTATION_CONTEXT(2) 
PARAMETRIC_REPRESENTATION_CONTEXT() REPRESENTATION_CONTEXT('2D SPACE',''
  ) );
#3599 = ORIENTED_EDGE('',*,*,#3600,.F.);
#3600 = EDGE_CURVE('',#3512,#3573,#3601,.T.);
#3601 = SURFACE_CURVE('',#3602,(#3606,#3613),.PCURVE_S1.);
#3602 = LINE('',#3603,#3604);
#3603 = CARTESIAN_POINT('',(-320.,-25.,340.));
#3604 = VECTOR('',#3605,1.);
#3605 = DIRECTION('',(0.,1.,0.));
#3606 = PCURVE('',#3520,#3607);
#3607 = DEFINITIONAL_REPRESENTATION('',(#3608),#3612);
#3608 = LINE('',#3609,#3610);
#3609 = CARTESIAN_POINT('',(6.,0.));
#3610 = VECTOR('',#3611,1.);
#3611 = DIRECTION('',(0.,-1.));
#3612 = ( GEOMETRIC_REPRESENTATION_CONTEXT(2) 
PARAMETRIC_REPRESENTATION_CONTEXT() REPRESENTATION_CONTEXT('2D SPACE',''
  ) );
#3613 = PCURVE('',#3614,#3619);
#3614 = PLANE('',#3615);
#3615 = AXIS2_PLACEMENT_3D('',#3616,#3617,#3618);
#3616 = CARTESIAN_POINT('',(-320.,-25.,340.));
#3617 = DIRECTION('',(0.,0.,1.));
#3618 = DIRECTION('',(1.,0.,0.));
#3619 = DEFINITIONAL_REPRESENTATION('',(#3620),#3624);
#3620 = LINE('',#3621,#3622);
#3621 = CARTESIAN_POINT('',(0.,0.));
#3622 = VECTOR('',#3623,1.);
#3623 = DIRECTION('',(0.,1.));
#3624 = ( GEOMETRIC_REPRESENTATION_CONTEXT(2) 
PARAMETRIC_REPRESENTATION_CONTEXT() REPRESENTATION_CONTEXT('2D SPACE',''
  ) );
#3625 = ADVANCED_FACE('',(#3626),#3640,.T.);
#3626 = FACE_BOUND('',#3627,.T.);
#3627 = EDGE_LOOP('',(#3628,#3658,#3681,#3704));
#3628 = ORIENTED_EDGE('',*,*,#3629,.F.);
#3629 = EDGE_CURVE('',#3630,#3632,#3634,.T.);
#3630 = VERTEX_POINT('',#3631);
#3631 = CARTESIAN_POINT('',(-200.,-25.,334.));
#3632 = VERTEX_POINT('',#3633);
#3633 = CARTESIAN_POINT('',(-200.,-25.,340.));
#3634 = SURFACE_CURVE('',#3635,(#3639,#3651),.PCURVE_S1.);
#3635 = LINE('',#3636,#3637);
#3636 = CARTESIAN_POINT('',(-200.,-25.,334.));
#3637 = VECTOR('',#3638,1.);
#3638 = DIRECTION('',(0.,0.,1.));
#3639 = PCURVE('',#3640,#3645);
#3640 = PLANE('',#3641);
#3641 = AXIS2_PLACEMENT_3D('',#3642,#3643,#3644);
#3642 = CARTESIAN_POINT('',(-200.,-25.,334.));
#3643 = DIRECTION('',(1.,0.,0.));
#3644 = DIRECTION('',(0.,0.,1.));
#3645 = DEFINITIONAL_REPRESENTATION('',(#3646),#3650);
#3646 = LINE('',#3647,#3648);
#3647 = CARTESIAN_POINT('',(0.,0.));
#3648 = VECTOR('',#3649,1.);
#3649 = DIRECTION('',(1.,0.));
#3650 = ( GEOMETRIC_REPRESENTATION_CONTEXT(2) 
PARAMETRIC_REPRESENTATION_CONTEXT() REPRESENTATION_CONTEXT('2D SPACE',''
  ) );
#3651 = PCURVE('',#3532,#3652);
#3652 = DEFINITIONAL_REPRESENTATION('',(#3653),#3657);
#3653 = LINE('',#3654,#3655);
#3654 = CARTESIAN_POINT('',(0.,120.));
#3655 = VECTOR('',#3656,1.);
#3656 = DIRECTION('',(1.,0.));
#3657 = ( GEOMETRIC_REPRESENTATION_CONTEXT(2) 
PARAMETRIC_REPRESENTATION_CONTEXT() REPRESENTATION_CONTEXT('2D SPACE',''
  ) );
#3658 = ORIENTED_EDGE('',*,*,#3659,.T.);
#3659 = EDGE_CURVE('',#3630,#3660,#3662,.T.);
#3660 = VERTEX_POINT('',#3661);
#3661 = CARTESIAN_POINT('',(-200.,25.,334.));
#3662 = SURFACE_CURVE('',#3663,(#3667,#3674),.PCURVE_S1.);
#3663 = LINE('',#3664,#3665);
#3664 = CARTESIAN_POINT('',(-200.,-25.,334.));
#3665 = VECTOR('',#3666,1.);
#3666 = DIRECTION('',(0.,1.,0.));
#3667 = PCURVE('',#3640,#3668);
#3668 = DEFINITIONAL_REPRESENTATION('',(#3669),#3673);
#3669 = LINE('',#3670,#3671);
#3670 = CARTESIAN_POINT('',(0.,0.));
#3671 = VECTOR('',#3672,1.);
#3672 = DIRECTION('',(0.,-1.));
#3673 = ( GEOMETRIC_REPRESENTATION_CONTEXT(2) 
PARAMETRIC_REPRESENTATION_CONTEXT() REPRESENTATION_CONTEXT('2D SPACE',''
  ) );
#3674 = PCURVE('',#3560,#3675);
#3675 = DEFINITIONAL_REPRESENTATION('',(#3676),#3680);
#3676 = LINE('',#3677,#3678);
#3677 = CARTESIAN_POINT('',(120.,0.));
#3678 = VECTOR('',#3679,1.);
#3679 = DIRECTION('',(0.,1.));
#3680 = ( GEOMETRIC_REPRESENTATION_CONTEXT(2) 
PARAMETRIC_REPRESENTATION_CONTEXT() REPRESENTATION_CONTEXT('2D SPACE',''
  ) );
#3681 = ORIENTED_EDGE('',*,*,#3682,.T.);
#3682 = EDGE_CURVE('',#3660,#3683,#3685,.T.);
#3683 = VERTEX_POINT('',#3684);
#3684 = CARTESIAN_POINT('',(-200.,25.,340.));
#3685 = SURFACE_CURVE('',#3686,(#3690,#3697),.PCURVE_S1.);
#3686 = LINE('',#3687,#3688);
#3687 = CARTESIAN_POINT('',(-200.,25.,334.));
#3688 = VECTOR('',#3689,1.);
#3689 = DIRECTION('',(0.,0.,1.));
#3690 = PCURVE('',#3640,#3691);
#3691 = DEFINITIONAL_REPRESENTATION('',(#3692),#3696);
#3692 = LINE('',#3693,#3694);
#3693 = CARTESIAN_POINT('',(0.,-50.));
#3694 = VECTOR('',#3695,1.);
#3695 = DIRECTION('',(1.,0.));
#3696 = ( GEOMETRIC_REPRESENTATION_CONTEXT(2) 
PARAMETRIC_REPRESENTATION_CONTEXT() REPRESENTATION_CONTEXT('2D SPACE',''
  ) );
#3697 = PCURVE('',#3588,#3698);
#3698 = DEFINITIONAL_REPRESENTATION('',(#3699),#3703);
#3699 = LINE('',#3700,#3701);
#3700 = CARTESIAN_POINT('',(0.,120.));
#3701 = VECTOR('',#3702,1.);
#3702 = DIRECTION('',(1.,0.));
#3703 = ( GEOMETRIC_REPRESENTATION_CONTEXT(2) 
PARAMETRIC_REPRESENTATION_CONTEXT() REPRESENTATION_CONTEXT('2D SPACE',''
  ) );
#3704 = ORIENTED_EDGE('',*,*,#3705,.F.);
#3705 = EDGE_CURVE('',#3632,#3683,#3706,.T.);
#3706 = SURFACE_CURVE('',#3707,(#3711,#3718),.PCURVE_S1.);
#3707 = LINE('',#3708,#3709);
#3708 = CARTESIAN_POINT('',(-200.,-25.,340.));
#3709 = VECTOR('',#3710,1.);
#3710 = DIRECTION('',(0.,1.,0.));
#3711 = PCURVE('',#3640,#3712);
#3712 = DEFINITIONAL_REPRESENTATION('',(#3713),#3717);
#3713 = LINE('',#3714,#3715);
#3714 = CARTESIAN_POINT('',(6.,0.));
#3715 = VECTOR('',#3716,1.);
#3716 = DIRECTION('',(0.,-1.));
#3717 = ( GEOMETRIC_REPRESENTATION_CONTEXT(2) 
PARAMETRIC_REPRESENTATION_CONTEXT() REPRESENTATION_CONTEXT('2D SPACE',''
  ) );
#3718 = PCURVE('',#3614,#3719);
#3719 = DEFINITIONAL_REPRESENTATION('',(#3720),#3724);
#3720 = LINE('',#3721,#3722);
#3721 = CARTESIAN_POINT('',(120.,0.));
#3722 = VECTOR('',#3723,1.);
#3723 = DIRECTION('',(0.,1.));
#3724 = ( GEOMETRIC_REPRESENTATION_CONTEXT(2) 
PARAMETRIC_REPRESENTATION_CONTEXT() REPRESENTATION_CONTEXT('2D SPACE',''
  ) );
#3725 = ADVANCED_FACE('',(#3726),#3532,.F.);
#3726 = FACE_BOUND('',#3727,.F.);
#3727 = EDGE_LOOP('',(#3728,#3749,#3750,#3771));
#3728 = ORIENTED_EDGE('',*,*,#3729,.F.);
#3729 = EDGE_CURVE('',#3510,#3630,#3730,.T.);
#3730 = SURFACE_CURVE('',#3731,(#3735,#3742),.PCURVE_S1.);
#3731 = LINE('',#3732,#3733);
#3732 = CARTESIAN_POINT('',(-320.,-25.,334.));
#3733 = VECTOR('',#3734,1.);
#3734 = DIRECTION('',(1.,0.,0.));
#3735 = PCURVE('',#3532,#3736);
#3736 = DEFINITIONAL_REPRESENTATION('',(#3737),#3741);
#3737 = LINE('',#3738,#3739);
#3738 = CARTESIAN_POINT('',(0.,0.));
#3739 = VECTOR('',#3740,1.);
#3740 = DIRECTION('',(0.,1.));
#3741 = ( GEOMETRIC_REPRESENTATION_CONTEXT(2) 
PARAMETRIC_REPRESENTATION_CONTEXT() REPRESENTATION_CONTEXT('2D SPACE',''
  ) );
#3742 = PCURVE('',#3560,#3743);
#3743 = DEFINITIONAL_REPRESENTATION('',(#3744),#3748);
#3744 = LINE('',#3745,#3746);
#3745 = CARTESIAN_POINT('',(0.,0.));
#3746 = VECTOR('',#3747,1.);
#3747 = DIRECTION('',(1.,0.));
#3748 = ( GEOMETRIC_REPRESENTATION_CONTEXT(2) 
PARAMETRIC_REPRESENTATION_CONTEXT() REPRESENTATION_CONTEXT('2D SPACE',''
  ) );
#3749 = ORIENTED_EDGE('',*,*,#3509,.T.);
#3750 = ORIENTED_EDGE('',*,*,#3751,.T.);
#3751 = EDGE_CURVE('',#3512,#3632,#3752,.T.);
#3752 = SURFACE_CURVE('',#3753,(#3757,#3764),.PCURVE_S1.);
#3753 = LINE('',#3754,#3755);
#3754 = CARTESIAN_POINT('',(-320.,-25.,340.));
#3755 = VECTOR('',#3756,1.);
#3756 = DIRECTION('',(1.,0.,0.));
#3757 = PCURVE('',#3532,#3758);
#3758 = DEFINITIONAL_REPRESENTATION('',(#3759),#3763);
#3759 = LINE('',#3760,#3761);
#3760 = CARTESIAN_POINT('',(6.,0.));
#3761 = VECTOR('',#3762,1.);
#3762 = DIRECTION('',(0.,1.));
#3763 = ( GEOMETRIC_REPRESENTATION_CONTEXT(2) 
PARAMETRIC_REPRESENTATION_CONTEXT() REPRESENTATION_CONTEXT('2D SPACE',''
  ) );
#3764 = PCURVE('',#3614,#3765);
#3765 = DEFINITIONAL_REPRESENTATION('',(#3766),#3770);
#3766 = LINE('',#3767,#3768);
#3767 = CARTESIAN_POINT('',(0.,0.));
#3768 = VECTOR('',#3769,1.);
#3769 = DIRECTION('',(1.,0.));
#3770 = ( GEOMETRIC_REPRESENTATION_CONTEXT(2) 
PARAMETRIC_REPRESENTATION_CONTEXT() REPRESENTATION_CONTEXT('2D SPACE',''
  ) );
#3771 = ORIENTED_EDGE('',*,*,#3629,.F.);
#3772 = ADVANCED_FACE('',(#3773),#3588,.T.);
#3773 = FACE_BOUND('',#3774,.T.);
#3774 = EDGE_LOOP('',(#3775,#3796,#3797,#3818));
#3775 = ORIENTED_EDGE('',*,*,#3776,.F.);
#3776 = EDGE_CURVE('',#3545,#3660,#3777,.T.);
#3777 = SURFACE_CURVE('',#3778,(#3782,#3789),.PCURVE_S1.);
#3778 = LINE('',#3779,#3780);
#3779 = CARTESIAN_POINT('',(-320.,25.,334.));
#3780 = VECTOR('',#3781,1.);
#3781 = DIRECTION('',(1.,0.,0.));
#3782 = PCURVE('',#3588,#3783);
#3783 = DEFINITIONAL_REPRESENTATION('',(#3784),#3788);
#3784 = LINE('',#3785,#3786);
#3785 = CARTESIAN_POINT('',(0.,0.));
#3786 = VECTOR('',#3787,1.);
#3787 = DIRECTION('',(0.,1.));
#3788 = ( GEOMETRIC_REPRESENTATION_CONTEXT(2) 
PARAMETRIC_REPRESENTATION_CONTEXT() REPRESENTATION_CONTEXT('2D SPACE',''
  ) );
#3789 = PCURVE('',#3560,#3790);
#3790 = DEFINITIONAL_REPRESENTATION('',(#3791),#3795);
#3791 = LINE('',#3792,#3793);
#3792 = CARTESIAN_POINT('',(0.,50.));
#3793 = VECTOR('',#3794,1.);
#3794 = DIRECTION('',(1.,0.));
#3795 = ( GEOMETRIC_REPRESENTATION_CONTEXT(2) 
PARAMETRIC_REPRESENTATION_CONTEXT() REPRESENTATION_CONTEXT('2D SPACE',''
  ) );
#3796 = ORIENTED_EDGE('',*,*,#3572,.T.);
#3797 = ORIENTED_EDGE('',*,*,#3798,.T.);
#3798 = EDGE_CURVE('',#3573,#3683,#3799,.T.);
#3799 = SURFACE_CURVE('',#3800,(#3804,#3811),.PCURVE_S1.);
#3800 = LINE('',#3801,#3802);
#3801 = CARTESIAN_POINT('',(-320.,25.,340.));
#3802 = VECTOR('',#3803,1.);
#3803 = DIRECTION('',(1.,0.,0.));
#3804 = PCURVE('',#3588,#3805);
#3805 = DEFINITIONAL_REPRESENTATION('',(#3806),#3810);
#3806 = LINE('',#3807,#3808);
#3807 = CARTESIAN_POINT('',(6.,0.));
#3808 = VECTOR('',#3809,1.);
#3809 = DIRECTION('',(0.,1.));
#3810 = ( GEOMETRIC_REPRESENTATION_CONTEXT(2) 
PARAMETRIC_REPRESENTATION_CONTEXT() REPRESENTATION_CONTEXT('2D SPACE',''
  ) );
#3811 = PCURVE('',#3614,#3812);
#3812 = DEFINITIONAL_REPRESENTATION('',(#3813),#3817);
#3813 = LINE('',#3814,#3815);
#3814 = CARTESIAN_POINT('',(0.,50.));
#3815 = VECTOR('',#3816,1.);
#3816 = DIRECTION('',(1.,0.));
#3817 = ( GEOMETRIC_REPRESENTATION_CONTEXT(2) 
PARAMETRIC_REPRESENTATION_CONTEXT() REPRESENTATION_CONTEXT('2D SPACE',''
  ) );
#3818 = ORIENTED_EDGE('',*,*,#3682,.F.);
#3819 = ADVANCED_FACE('',(#3820),#3560,.F.);
#3820 = FACE_BOUND('',#3821,.F.);
#3821 = EDGE_LOOP('',(#3822,#3823,#3824,#3825));
#3822 = ORIENTED_EDGE('',*,*,#3544,.F.);
#3823 = ORIENTED_EDGE('',*,*,#3729,.T.);
#3824 = ORIENTED_EDGE('',*,*,#3659,.T.);
#3825 = ORIENTED_EDGE('',*,*,#3776,.F.);
#3826 = ADVANCED_FACE('',(#3827),#3614,.T.);
#3827 = FACE_BOUND('',#3828,.T.);
#3828 = EDGE_LOOP('',(#3829,#3830,#3831,#3832));
#3829 = ORIENTED_EDGE('',*,*,#3600,.F.);
#3830 = ORIENTED_EDGE('',*,*,#3751,.T.);
#3831 = ORIENTED_EDGE('',*,*,#3705,.T.);
#3832 = ORIENTED_EDGE('',*,*,#3798,.F.);
#3833 = ( GEOMETRIC_REPRESENTATION_CONTEXT(3) 
GLOBAL_UNCERTAINTY_ASSIGNED_CONTEXT((#3837)) 
GLOBAL_UNIT_ASSIGNED_CONTEXT((#3834,#3835,#3836)) REPRESENTATION_CONTEXT
('Context #1','3D Context with UNIT and UNCERTAINTY') );
#3834 = ( LENGTH_UNIT() NAMED_UNIT(*) SI_UNIT(.MILLI.,.METRE.) );
#3835 = ( NAMED_UNIT(*) PLANE_ANGLE_UNIT() SI_UNIT($,.RADIAN.) );
#3836 = ( NAMED_UNIT(*) SI_UNIT($,.STERADIAN.) SOLID_ANGLE_UNIT() );
#3837 = UNCERTAINTY_MEASURE_WITH_UNIT(LENGTH_MEASURE(1.E-07),#3834,
  'distance_accuracy_value','confusion accuracy');
#3838 = CONTEXT_DEPENDENT_SHAPE_REPRESENTATION(#3839,#3841);
#3839 = ( REPRESENTATION_RELATIONSHIP('','',#3502,#10) 
REPRESENTATION_RELATIONSHIP_WITH_TRANSFORMATION(#3840) 
SHAPE_REPRESENTATION_RELATIONSHIP() );
#3840 = ITEM_DEFINED_TRANSFORMATION('','',#11,#23);
#3841 = PRODUCT_DEFINITION_SHAPE('Placement','Placement of an item',
  #3842);
#3842 = NEXT_ASSEMBLY_USAGE_OCCURRENCE('3282',
  'NVR-P10_master_locator_plate','',#5,#3497,$);
#3843 = PRODUCT_RELATED_PRODUCT_CATEGORY('part',$,(#3499));
#3844 = SHAPE_DEFINITION_REPRESENTATION(#3845,#3851);
#3845 = PRODUCT_DEFINITION_SHAPE('','',#3846);
#3846 = PRODUCT_DEFINITION('design','',#3847,#3850);
#3847 = PRODUCT_DEFINITION_FORMATION('','',#3848);
#3848 = PRODUCT('NVR-C02_master_locator_PROVISIONAL',
  'NVR-C02_master_locator_PROVISIONAL','',(#3849));
#3849 = PRODUCT_CONTEXT('',#2,'mechanical');
#3850 = PRODUCT_DEFINITION_CONTEXT('part definition',#2,'design');
#3851 = ADVANCED_BREP_SHAPE_REPRESENTATION('',(#11,#3852),#3950);
#3852 = MANIFOLD_SOLID_BREP('',#3853);
#3853 = CLOSED_SHELL('',(#3854,#3942,#3946));
#3854 = ADVANCED_FACE('',(#3855),#3869,.T.);
#3855 = FACE_BOUND('',#3856,.F.);
#3856 = EDGE_LOOP('',(#3857,#3887,#3914,#3915));
#3857 = ORIENTED_EDGE('',*,*,#3858,.T.);
#3858 = EDGE_CURVE('',#3859,#3861,#3863,.T.);
#3859 = VERTEX_POINT('',#3860);
#3860 = CARTESIAN_POINT('',(-250.,0.,340.));
#3861 = VERTEX_POINT('',#3862);
#3862 = CARTESIAN_POINT('',(-250.,0.,365.));
#3863 = SEAM_CURVE('',#3864,(#3868,#3880),.PCURVE_S1.);
#3864 = LINE('',#3865,#3866);
#3865 = CARTESIAN_POINT('',(-250.,0.,340.));
#3866 = VECTOR('',#3867,1.);
#3867 = DIRECTION('',(0.,0.,1.));
#3868 = PCURVE('',#3869,#3874);
#3869 = CYLINDRICAL_SURFACE('',#3870,10.);
#3870 = AXIS2_PLACEMENT_3D('',#3871,#3872,#3873);
#3871 = CARTESIAN_POINT('',(-260.,0.,340.));
#3872 = DIRECTION('',(-0.,-0.,-1.));
#3873 = DIRECTION('',(1.,0.,0.));
#3874 = DEFINITIONAL_REPRESENTATION('',(#3875),#3879);
#3875 = LINE('',#3876,#3877);
#3876 = CARTESIAN_POINT('',(-0.,0.));
#3877 = VECTOR('',#3878,1.);
#3878 = DIRECTION('',(-0.,-1.));
#3879 = ( GEOMETRIC_REPRESENTATION_CONTEXT(2) 
PARAMETRIC_REPRESENTATION_CONTEXT() REPRESENTATION_CONTEXT('2D SPACE',''
  ) );
#3880 = PCURVE('',#3869,#3881);
#3881 = DEFINITIONAL_REPRESENTATION('',(#3882),#3886);
#3882 = LINE('',#3883,#3884);
#3883 = CARTESIAN_POINT('',(-6.28318530718,0.));
#3884 = VECTOR('',#3885,1.);
#3885 = DIRECTION('',(-0.,-1.));
#3886 = ( GEOMETRIC_REPRESENTATION_CONTEXT(2) 
PARAMETRIC_REPRESENTATION_CONTEXT() REPRESENTATION_CONTEXT('2D SPACE',''
  ) );
#3887 = ORIENTED_EDGE('',*,*,#3888,.T.);
#3888 = EDGE_CURVE('',#3861,#3861,#3889,.T.);
#3889 = SURFACE_CURVE('',#3890,(#3895,#3902),.PCURVE_S1.);
#3890 = CIRCLE('',#3891,10.);
#3891 = AXIS2_PLACEMENT_3D('',#3892,#3893,#3894);
#3892 = CARTESIAN_POINT('',(-260.,0.,365.));
#3893 = DIRECTION('',(0.,0.,1.));
#3894 = DIRECTION('',(1.,0.,0.));
#3895 = PCURVE('',#3869,#3896);
#3896 = DEFINITIONAL_REPRESENTATION('',(#3897),#3901);
#3897 = LINE('',#3898,#3899);
#3898 = CARTESIAN_POINT('',(-0.,-25.));
#3899 = VECTOR('',#3900,1.);
#3900 = DIRECTION('',(-1.,0.));
#3901 = ( GEOMETRIC_REPRESENTATION_CONTEXT(2) 
PARAMETRIC_REPRESENTATION_CONTEXT() REPRESENTATION_CONTEXT('2D SPACE',''
  ) );
#3902 = PCURVE('',#3903,#3908);
#3903 = PLANE('',#3904);
#3904 = AXIS2_PLACEMENT_3D('',#3905,#3906,#3907);
#3905 = CARTESIAN_POINT('',(-260.,1.387604533E-16,365.));
#3906 = DIRECTION('',(0.,0.,1.));
#3907 = DIRECTION('',(1.,0.,-0.));
#3908 = DEFINITIONAL_REPRESENTATION('',(#3909),#3913);
#3909 = CIRCLE('',#3910,10.);
#3910 = AXIS2_PLACEMENT_2D('',#3911,#3912);
#3911 = CARTESIAN_POINT('',(0.,-1.387604533E-16));
#3912 = DIRECTION('',(1.,0.));
#3913 = ( GEOMETRIC_REPRESENTATION_CONTEXT(2) 
PARAMETRIC_REPRESENTATION_CONTEXT() REPRESENTATION_CONTEXT('2D SPACE',''
  ) );
#3914 = ORIENTED_EDGE('',*,*,#3858,.F.);
#3915 = ORIENTED_EDGE('',*,*,#3916,.F.);
#3916 = EDGE_CURVE('',#3859,#3859,#3917,.T.);
#3917 = SURFACE_CURVE('',#3918,(#3923,#3930),.PCURVE_S1.);
#3918 = CIRCLE('',#3919,10.);
#3919 = AXIS2_PLACEMENT_3D('',#3920,#3921,#3922);
#3920 = CARTESIAN_POINT('',(-260.,0.,340.));
#3921 = DIRECTION('',(0.,0.,1.));
#3922 = DIRECTION('',(1.,0.,0.));
#3923 = PCURVE('',#3869,#3924);
#3924 = DEFINITIONAL_REPRESENTATION('',(#3925),#3929);
#3925 = LINE('',#3926,#3927);
#3926 = CARTESIAN_POINT('',(-0.,0.));
#3927 = VECTOR('',#3928,1.);
#3928 = DIRECTION('',(-1.,0.));
#3929 = ( GEOMETRIC_REPRESENTATION_CONTEXT(2) 
PARAMETRIC_REPRESENTATION_CONTEXT() REPRESENTATION_CONTEXT('2D SPACE',''
  ) );
#3930 = PCURVE('',#3931,#3936);
#3931 = PLANE('',#3932);
#3932 = AXIS2_PLACEMENT_3D('',#3933,#3934,#3935);
#3933 = CARTESIAN_POINT('',(-260.,1.387604533E-16,340.));
#3934 = DIRECTION('',(0.,0.,1.));
#3935 = DIRECTION('',(1.,0.,-0.));
#3936 = DEFINITIONAL_REPRESENTATION('',(#3937),#3941);
#3937 = CIRCLE('',#3938,10.);
#3938 = AXIS2_PLACEMENT_2D('',#3939,#3940);
#3939 = CARTESIAN_POINT('',(0.,-1.387604533E-16));
#3940 = DIRECTION('',(1.,0.));
#3941 = ( GEOMETRIC_REPRESENTATION_CONTEXT(2) 
PARAMETRIC_REPRESENTATION_CONTEXT() REPRESENTATION_CONTEXT('2D SPACE',''
  ) );
#3942 = ADVANCED_FACE('',(#3943),#3931,.F.);
#3943 = FACE_BOUND('',#3944,.F.);
#3944 = EDGE_LOOP('',(#3945));
#3945 = ORIENTED_EDGE('',*,*,#3916,.T.);
#3946 = ADVANCED_FACE('',(#3947),#3903,.T.);
#3947 = FACE_BOUND('',#3948,.T.);
#3948 = EDGE_LOOP('',(#3949));
#3949 = ORIENTED_EDGE('',*,*,#3888,.T.);
#3950 = ( GEOMETRIC_REPRESENTATION_CONTEXT(3) 
GLOBAL_UNCERTAINTY_ASSIGNED_CONTEXT((#3954)) 
GLOBAL_UNIT_ASSIGNED_CONTEXT((#3951,#3952,#3953)) REPRESENTATION_CONTEXT
('Context #1','3D Context with UNIT and UNCERTAINTY') );
#3951 = ( LENGTH_UNIT() NAMED_UNIT(*) SI_UNIT(.MILLI.,.METRE.) );
#3952 = ( NAMED_UNIT(*) PLANE_ANGLE_UNIT() SI_UNIT($,.RADIAN.) );
#3953 = ( NAMED_UNIT(*) SI_UNIT($,.STERADIAN.) SOLID_ANGLE_UNIT() );
#3954 = UNCERTAINTY_MEASURE_WITH_UNIT(LENGTH_MEASURE(1.E-07),#3951,
  'distance_accuracy_value','confusion accuracy');
#3955 = CONTEXT_DEPENDENT_SHAPE_REPRESENTATION(#3956,#3958);
#3956 = ( REPRESENTATION_RELATIONSHIP('','',#3851,#10) 
REPRESENTATION_RELATIONSHIP_WITH_TRANSFORMATION(#3957) 
SHAPE_REPRESENTATION_RELATIONSHIP() );
#3957 = ITEM_DEFINED_TRANSFORMATION('','',#11,#27);
#3958 = PRODUCT_DEFINITION_SHAPE('Placement','Placement of an item',
  #3959);
#3959 = NEXT_ASSEMBLY_USAGE_OCCURRENCE('3283',
  'NVR-C02_master_locator_PROVISIONAL','',#5,#3846,$);
#3960 = PRODUCT_RELATED_PRODUCT_CATEGORY('part',$,(#3848));
#3961 = SHAPE_DEFINITION_REPRESENTATION(#3962,#3968);
#3962 = PRODUCT_DEFINITION_SHAPE('','',#3963);
#3963 = PRODUCT_DEFINITION('design','',#3964,#3967);
#3964 = PRODUCT_DEFINITION_FORMATION('','',#3965);
#3965 = PRODUCT('LOCATOR_1_screw','LOCATOR_1_screw','',(#3966));
#3966 = PRODUCT_CONTEXT('',#2,'mechanical');
#3967 = PRODUCT_DEFINITION_CONTEXT('part definition',#2,'design');
#3968 = SHAPE_REPRESENTATION('',(#11,#3969,#4067),#4165);
#3969 = MANIFOLD_SOLID_BREP('',#3970);
#3970 = CLOSED_SHELL('',(#3971,#4059,#4063));
#3971 = ADVANCED_FACE('',(#3972),#3986,.T.);
#3972 = FACE_BOUND('',#3973,.F.);
#3973 = EDGE_LOOP('',(#3974,#4004,#4031,#4032));
#3974 = ORIENTED_EDGE('',*,*,#3975,.T.);
#3975 = EDGE_CURVE('',#3976,#3978,#3980,.T.);
#3976 = VERTEX_POINT('',#3977);
#3977 = CARTESIAN_POINT('',(-256.,0.,335.));
#3978 = VERTEX_POINT('',#3979);
#3979 = CARTESIAN_POINT('',(-256.,0.,375.));
#3980 = SEAM_CURVE('',#3981,(#3985,#3997),.PCURVE_S1.);
#3981 = LINE('',#3982,#3983);
#3982 = CARTESIAN_POINT('',(-256.,0.,335.));
#3983 = VECTOR('',#3984,1.);
#3984 = DIRECTION('',(0.,0.,1.));
#3985 = PCURVE('',#3986,#3991);
#3986 = CYLINDRICAL_SURFACE('',#3987,4.);
#3987 = AXIS2_PLACEMENT_3D('',#3988,#3989,#3990);
#3988 = CARTESIAN_POINT('',(-260.,0.,335.));
#3989 = DIRECTION('',(-0.,-0.,-1.));
#3990 = DIRECTION('',(1.,0.,0.));
#3991 = DEFINITIONAL_REPRESENTATION('',(#3992),#3996);
#3992 = LINE('',#3993,#3994);
#3993 = CARTESIAN_POINT('',(-0.,0.));
#3994 = VECTOR('',#3995,1.);
#3995 = DIRECTION('',(-0.,-1.));
#3996 = ( GEOMETRIC_REPRESENTATION_CONTEXT(2) 
PARAMETRIC_REPRESENTATION_CONTEXT() REPRESENTATION_CONTEXT('2D SPACE',''
  ) );
#3997 = PCURVE('',#3986,#3998);
#3998 = DEFINITIONAL_REPRESENTATION('',(#3999),#4003);
#3999 = LINE('',#4000,#4001);
#4000 = CARTESIAN_POINT('',(-6.28318530718,0.));
#4001 = VECTOR('',#4002,1.);
#4002 = DIRECTION('',(-0.,-1.));
#4003 = ( GEOMETRIC_REPRESENTATION_CONTEXT(2) 
PARAMETRIC_REPRESENTATION_CONTEXT() REPRESENTATION_CONTEXT('2D SPACE',''
  ) );
#4004 = ORIENTED_EDGE('',*,*,#4005,.T.);
#4005 = EDGE_CURVE('',#3978,#3978,#4006,.T.);
#4006 = SURFACE_CURVE('',#4007,(#4012,#4019),.PCURVE_S1.);
#4007 = CIRCLE('',#4008,4.);
#4008 = AXIS2_PLACEMENT_3D('',#4009,#4010,#4011);
#4009 = CARTESIAN_POINT('',(-260.,0.,375.));
#4010 = DIRECTION('',(0.,0.,1.));
#4011 = DIRECTION('',(1.,0.,0.));
#4012 = PCURVE('',#3986,#4013);
#4013 = DEFINITIONAL_REPRESENTATION('',(#4014),#4018);
#4014 = LINE('',#4015,#4016);
#4015 = CARTESIAN_POINT('',(-0.,-40.));
#4016 = VECTOR('',#4017,1.);
#4017 = DIRECTION('',(-1.,0.));
#4018 = ( GEOMETRIC_REPRESENTATION_CONTEXT(2) 
PARAMETRIC_REPRESENTATION_CONTEXT() REPRESENTATION_CONTEXT('2D SPACE',''
  ) );
#4019 = PCURVE('',#4020,#4025);
#4020 = PLANE('',#4021);
#4021 = AXIS2_PLACEMENT_3D('',#4022,#4023,#4024);
#4022 = CARTESIAN_POINT('',(-260.,7.643776681114E-18,375.));
#4023 = DIRECTION('',(0.,0.,1.));
#4024 = DIRECTION('',(1.,0.,-0.));
#4025 = DEFINITIONAL_REPRESENTATION('',(#4026),#4030);
#4026 = CIRCLE('',#4027,4.);
#4027 = AXIS2_PLACEMENT_2D('',#4028,#4029);
#4028 = CARTESIAN_POINT('',(0.,-7.643776681114E-18));
#4029 = DIRECTION('',(1.,0.));
#4030 = ( GEOMETRIC_REPRESENTATION_CONTEXT(2) 
PARAMETRIC_REPRESENTATION_CONTEXT() REPRESENTATION_CONTEXT('2D SPACE',''
  ) );
#4031 = ORIENTED_EDGE('',*,*,#3975,.F.);
#4032 = ORIENTED_EDGE('',*,*,#4033,.F.);
#4033 = EDGE_CURVE('',#3976,#3976,#4034,.T.);
#4034 = SURFACE_CURVE('',#4035,(#4040,#4047),.PCURVE_S1.);
#4035 = CIRCLE('',#4036,4.);
#4036 = AXIS2_PLACEMENT_3D('',#4037,#4038,#4039);
#4037 = CARTESIAN_POINT('',(-260.,0.,335.));
#4038 = DIRECTION('',(0.,0.,1.));
#4039 = DIRECTION('',(1.,0.,0.));
#4040 = PCURVE('',#3986,#4041);
#4041 = DEFINITIONAL_REPRESENTATION('',(#4042),#4046);
#4042 = LINE('',#4043,#4044);
#4043 = CARTESIAN_POINT('',(-0.,0.));
#4044 = VECTOR('',#4045,1.);
#4045 = DIRECTION('',(-1.,0.));
#4046 = ( GEOMETRIC_REPRESENTATION_CONTEXT(2) 
PARAMETRIC_REPRESENTATION_CONTEXT() REPRESENTATION_CONTEXT('2D SPACE',''
  ) );
#4047 = PCURVE('',#4048,#4053);
#4048 = PLANE('',#4049);
#4049 = AXIS2_PLACEMENT_3D('',#4050,#4051,#4052);
#4050 = CARTESIAN_POINT('',(-260.,7.643776681114E-18,335.));
#4051 = DIRECTION('',(0.,0.,1.));
#4052 = DIRECTION('',(1.,0.,-0.));
#4053 = DEFINITIONAL_REPRESENTATION('',(#4054),#4058);
#4054 = CIRCLE('',#4055,4.);
#4055 = AXIS2_PLACEMENT_2D('',#4056,#4057);
#4056 = CARTESIAN_POINT('',(0.,-7.643776681114E-18));
#4057 = DIRECTION('',(1.,0.));
#4058 = ( GEOMETRIC_REPRESENTATION_CONTEXT(2) 
PARAMETRIC_REPRESENTATION_CONTEXT() REPRESENTATION_CONTEXT('2D SPACE',''
  ) );
#4059 = ADVANCED_FACE('',(#4060),#4048,.F.);
#4060 = FACE_BOUND('',#4061,.F.);
#4061 = EDGE_LOOP('',(#4062));
#4062 = ORIENTED_EDGE('',*,*,#4033,.T.);
#4063 = ADVANCED_FACE('',(#4064),#4020,.T.);
#4064 = FACE_BOUND('',#4065,.T.);
#4065 = EDGE_LOOP('',(#4066));
#4066 = ORIENTED_EDGE('',*,*,#4005,.T.);
#4067 = MANIFOLD_SOLID_BREP('',#4068);
#4068 = CLOSED_SHELL('',(#4069,#4157,#4161));
#4069 = ADVANCED_FACE('',(#4070),#4084,.T.);
#4070 = FACE_BOUND('',#4071,.F.);
#4071 = EDGE_LOOP('',(#4072,#4102,#4129,#4130));
#4072 = ORIENTED_EDGE('',*,*,#4073,.T.);
#4073 = EDGE_CURVE('',#4074,#4076,#4078,.T.);
#4074 = VERTEX_POINT('',#4075);
#4075 = CARTESIAN_POINT('',(-253.5,0.,370.));
#4076 = VERTEX_POINT('',#4077);
#4077 = CARTESIAN_POINT('',(-253.5,0.,375.));
#4078 = SEAM_CURVE('',#4079,(#4083,#4095),.PCURVE_S1.);
#4079 = LINE('',#4080,#4081);
#4080 = CARTESIAN_POINT('',(-253.5,0.,370.));
#4081 = VECTOR('',#4082,1.);
#4082 = DIRECTION('',(0.,0.,1.));
#4083 = PCURVE('',#4084,#4089);
#4084 = CYLINDRICAL_SURFACE('',#4085,6.5);
#4085 = AXIS2_PLACEMENT_3D('',#4086,#4087,#4088);
#4086 = CARTESIAN_POINT('',(-260.,0.,370.));
#4087 = DIRECTION('',(-0.,-0.,-1.));
#4088 = DIRECTION('',(1.,0.,0.));
#4089 = DEFINITIONAL_REPRESENTATION('',(#4090),#4094);
#4090 = LINE('',#4091,#4092);
#4091 = CARTESIAN_POINT('',(-0.,0.));
#4092 = VECTOR('',#4093,1.);
#4093 = DIRECTION('',(-0.,-1.));
#4094 = ( GEOMETRIC_REPRESENTATION_CONTEXT(2) 
PARAMETRIC_REPRESENTATION_CONTEXT() REPRESENTATION_CONTEXT('2D SPACE',''
  ) );
#4095 = PCURVE('',#4084,#4096);
#4096 = DEFINITIONAL_REPRESENTATION('',(#4097),#4101);
#4097 = LINE('',#4098,#4099);
#4098 = CARTESIAN_POINT('',(-6.28318530718,0.));
#4099 = VECTOR('',#4100,1.);
#4100 = DIRECTION('',(-0.,-1.));
#4101 = ( GEOMETRIC_REPRESENTATION_CONTEXT(2) 
PARAMETRIC_REPRESENTATION_CONTEXT() REPRESENTATION_CONTEXT('2D SPACE',''
  ) );
#4102 = ORIENTED_EDGE('',*,*,#4103,.T.);
#4103 = EDGE_CURVE('',#4076,#4076,#4104,.T.);
#4104 = SURFACE_CURVE('',#4105,(#4110,#4117),.PCURVE_S1.);
#4105 = CIRCLE('',#4106,6.5);
#4106 = AXIS2_PLACEMENT_3D('',#4107,#4108,#4109);
#4107 = CARTESIAN_POINT('',(-260.,0.,375.));
#4108 = DIRECTION('',(0.,0.,1.));
#4109 = DIRECTION('',(1.,0.,0.));
#4110 = PCURVE('',#4084,#4111);
#4111 = DEFINITIONAL_REPRESENTATION('',(#4112),#4116);
#4112 = LINE('',#4113,#4114);
#4113 = CARTESIAN_POINT('',(-0.,-5.));
#4114 = VECTOR('',#4115,1.);
#4115 = DIRECTION('',(-1.,0.));
#4116 = ( GEOMETRIC_REPRESENTATION_CONTEXT(2) 
PARAMETRIC_REPRESENTATION_CONTEXT() REPRESENTATION_CONTEXT('2D SPACE',''
  ) );
#4117 = PCURVE('',#4118,#4123);
#4118 = PLANE('',#4119);
#4119 = AXIS2_PLACEMENT_3D('',#4120,#4121,#4122);
#4120 = CARTESIAN_POINT('',(-260.,3.657860752029E-16,375.));
#4121 = DIRECTION('',(0.,0.,1.));
#4122 = DIRECTION('',(1.,0.,-0.));
#4123 = DEFINITIONAL_REPRESENTATION('',(#4124),#4128);
#4124 = CIRCLE('',#4125,6.5);
#4125 = AXIS2_PLACEMENT_2D('',#4126,#4127);
#4126 = CARTESIAN_POINT('',(0.,-3.657860752029E-16));
#4127 = DIRECTION('',(1.,0.));
#4128 = ( GEOMETRIC_REPRESENTATION_CONTEXT(2) 
PARAMETRIC_REPRESENTATION_CONTEXT() REPRESENTATION_CONTEXT('2D SPACE',''
  ) );
#4129 = ORIENTED_EDGE('',*,*,#4073,.F.);
#4130 = ORIENTED_EDGE('',*,*,#4131,.F.);
#4131 = EDGE_CURVE('',#4074,#4074,#4132,.T.);
#4132 = SURFACE_CURVE('',#4133,(#4138,#4145),.PCURVE_S1.);
#4133 = CIRCLE('',#4134,6.5);
#4134 = AXIS2_PLACEMENT_3D('',#4135,#4136,#4137);
#4135 = CARTESIAN_POINT('',(-260.,0.,370.));
#4136 = DIRECTION('',(0.,0.,1.));
#4137 = DIRECTION('',(1.,0.,0.));
#4138 = PCURVE('',#4084,#4139);
#4139 = DEFINITIONAL_REPRESENTATION('',(#4140),#4144);
#4140 = LINE('',#4141,#4142);
#4141 = CARTESIAN_POINT('',(-0.,0.));
#4142 = VECTOR('',#4143,1.);
#4143 = DIRECTION('',(-1.,0.));
#4144 = ( GEOMETRIC_REPRESENTATION_CONTEXT(2) 
PARAMETRIC_REPRESENTATION_CONTEXT() REPRESENTATION_CONTEXT('2D SPACE',''
  ) );
#4145 = PCURVE('',#4146,#4151);
#4146 = PLANE('',#4147);
#4147 = AXIS2_PLACEMENT_3D('',#4148,#4149,#4150);
#4148 = CARTESIAN_POINT('',(-260.,3.657860752029E-16,370.));
#4149 = DIRECTION('',(0.,0.,1.));
#4150 = DIRECTION('',(1.,0.,-0.));
#4151 = DEFINITIONAL_REPRESENTATION('',(#4152),#4156);
#4152 = CIRCLE('',#4153,6.5);
#4153 = AXIS2_PLACEMENT_2D('',#4154,#4155);
#4154 = CARTESIAN_POINT('',(0.,-3.657860752029E-16));
#4155 = DIRECTION('',(1.,0.));
#4156 = ( GEOMETRIC_REPRESENTATION_CONTEXT(2) 
PARAMETRIC_REPRESENTATION_CONTEXT() REPRESENTATION_CONTEXT('2D SPACE',''
  ) );
#4157 = ADVANCED_FACE('',(#4158),#4146,.F.);
#4158 = FACE_BOUND('',#4159,.F.);
#4159 = EDGE_LOOP('',(#4160));
#4160 = ORIENTED_EDGE('',*,*,#4131,.T.);
#4161 = ADVANCED_FACE('',(#4162),#4118,.T.);
#4162 = FACE_BOUND('',#4163,.T.);
#4163 = EDGE_LOOP('',(#4164));
#4164 = ORIENTED_EDGE('',*,*,#4103,.T.);
#4165 = ( GEOMETRIC_REPRESENTATION_CONTEXT(3) 
GLOBAL_UNCERTAINTY_ASSIGNED_CONTEXT((#4169)) 
GLOBAL_UNIT_ASSIGNED_CONTEXT((#4166,#4167,#4168)) REPRESENTATION_CONTEXT
('Context #1','3D Context with UNIT and UNCERTAINTY') );
#4166 = ( LENGTH_UNIT() NAMED_UNIT(*) SI_UNIT(.MILLI.,.METRE.) );
#4167 = ( NAMED_UNIT(*) PLANE_ANGLE_UNIT() SI_UNIT($,.RADIAN.) );
#4168 = ( NAMED_UNIT(*) SI_UNIT($,.STERADIAN.) SOLID_ANGLE_UNIT() );
#4169 = UNCERTAINTY_MEASURE_WITH_UNIT(LENGTH_MEASURE(1.E-07),#4166,
  'distance_accuracy_value','confusion accuracy');
#4170 = CONTEXT_DEPENDENT_SHAPE_REPRESENTATION(#4171,#4173);
#4171 = ( REPRESENTATION_RELATIONSHIP('','',#3968,#10) 
REPRESENTATION_RELATIONSHIP_WITH_TRANSFORMATION(#4172) 
SHAPE_REPRESENTATION_RELATIONSHIP() );
#4172 = ITEM_DEFINED_TRANSFORMATION('','',#11,#31);
#4173 = PRODUCT_DEFINITION_SHAPE('Placement','Placement of an item',
  #4174);
#4174 = NEXT_ASSEMBLY_USAGE_OCCURRENCE('3284','LOCATOR_1_screw','',#5,
  #3963,$);
#4175 = PRODUCT_RELATED_PRODUCT_CATEGORY('part',$,(#3965));
#4176 = SHAPE_DEFINITION_REPRESENTATION(#4177,#4183);
#4177 = PRODUCT_DEFINITION_SHAPE('','',#4178);
#4178 = PRODUCT_DEFINITION('design','',#4179,#4182);
#4179 = PRODUCT_DEFINITION_FORMATION('','',#4180);
#4180 = PRODUCT('LOCATOR_1_washer','LOCATOR_1_washer','',(#4181));
#4181 = PRODUCT_CONTEXT('',#2,'mechanical');
#4182 = PRODUCT_DEFINITION_CONTEXT('part definition',#2,'design');
#4183 = ADVANCED_BREP_SHAPE_REPRESENTATION('',(#11,#4184),#4374);
#4184 = MANIFOLD_SOLID_BREP('',#4185);
#4185 = CLOSED_SHELL('',(#4186,#4274,#4313,#4347));
#4186 = ADVANCED_FACE('',(#4187),#4201,.T.);
#4187 = FACE_BOUND('',#4188,.F.);
#4188 = EDGE_LOOP('',(#4189,#4219,#4246,#4247));
#4189 = ORIENTED_EDGE('',*,*,#4190,.T.);
#4190 = EDGE_CURVE('',#4191,#4193,#4195,.T.);
#4191 = VERTEX_POINT('',#4192);
#4192 = CARTESIAN_POINT('',(-251.5,0.,369.));
#4193 = VERTEX_POINT('',#4194);
#4194 = CARTESIAN_POINT('',(-251.5,0.,370.));
#4195 = SEAM_CURVE('',#4196,(#4200,#4212),.PCURVE_S1.);
#4196 = LINE('',#4197,#4198);
#4197 = CARTESIAN_POINT('',(-251.5,0.,369.));
#4198 = VECTOR('',#4199,1.);
#4199 = DIRECTION('',(0.,0.,1.));
#4200 = PCURVE('',#4201,#4206);
#4201 = CYLINDRICAL_SURFACE('',#4202,8.5);
#4202 = AXIS2_PLACEMENT_3D('',#4203,#4204,#4205);
#4203 = CARTESIAN_POINT('',(-260.,0.,369.));
#4204 = DIRECTION('',(-0.,-0.,-1.));
#4205 = DIRECTION('',(1.,0.,0.));
#4206 = DEFINITIONAL_REPRESENTATION('',(#4207),#4211);
#4207 = LINE('',#4208,#4209);
#4208 = CARTESIAN_POINT('',(-0.,0.));
#4209 = VECTOR('',#4210,1.);
#4210 = DIRECTION('',(-0.,-1.));
#4211 = ( GEOMETRIC_REPRESENTATION_CONTEXT(2) 
PARAMETRIC_REPRESENTATION_CONTEXT() REPRESENTATION_CONTEXT('2D SPACE',''
  ) );
#4212 = PCURVE('',#4201,#4213);
#4213 = DEFINITIONAL_REPRESENTATION('',(#4214),#4218);
#4214 = LINE('',#4215,#4216);
#4215 = CARTESIAN_POINT('',(-6.28318530718,0.));
#4216 = VECTOR('',#4217,1.);
#4217 = DIRECTION('',(-0.,-1.));
#4218 = ( GEOMETRIC_REPRESENTATION_CONTEXT(2) 
PARAMETRIC_REPRESENTATION_CONTEXT() REPRESENTATION_CONTEXT('2D SPACE',''
  ) );
#4219 = ORIENTED_EDGE('',*,*,#4220,.T.);
#4220 = EDGE_CURVE('',#4193,#4193,#4221,.T.);
#4221 = SURFACE_CURVE('',#4222,(#4227,#4234),.PCURVE_S1.);
#4222 = CIRCLE('',#4223,8.5);
#4223 = AXIS2_PLACEMENT_3D('',#4224,#4225,#4226);
#4224 = CARTESIAN_POINT('',(-260.,0.,370.));
#4225 = DIRECTION('',(0.,0.,1.));
#4226 = DIRECTION('',(1.,0.,0.));
#4227 = PCURVE('',#4201,#4228);
#4228 = DEFINITIONAL_REPRESENTATION('',(#4229),#4233);
#4229 = LINE('',#4230,#4231);
#4230 = CARTESIAN_POINT('',(-0.,-1.));
#4231 = VECTOR('',#4232,1.);
#4232 = DIRECTION('',(-1.,0.));
#4233 = ( GEOMETRIC_REPRESENTATION_CONTEXT(2) 
PARAMETRIC_REPRESENTATION_CONTEXT() REPRESENTATION_CONTEXT('2D SPACE',''
  ) );
#4234 = PCURVE('',#4235,#4240);
#4235 = PLANE('',#4236);
#4236 = AXIS2_PLACEMENT_3D('',#4237,#4238,#4239);
#4237 = CARTESIAN_POINT('',(-260.,-3.469832597584E-16,370.));
#4238 = DIRECTION('',(0.,0.,1.));
#4239 = DIRECTION('',(1.,0.,-0.));
#4240 = DEFINITIONAL_REPRESENTATION('',(#4241),#4245);
#4241 = CIRCLE('',#4242,8.5);
#4242 = AXIS2_PLACEMENT_2D('',#4243,#4244);
#4243 = CARTESIAN_POINT('',(0.,3.469832597584E-16));
#4244 = DIRECTION('',(1.,0.));
#4245 = ( GEOMETRIC_REPRESENTATION_CONTEXT(2) 
PARAMETRIC_REPRESENTATION_CONTEXT() REPRESENTATION_CONTEXT('2D SPACE',''
  ) );
#4246 = ORIENTED_EDGE('',*,*,#4190,.F.);
#4247 = ORIENTED_EDGE('',*,*,#4248,.F.);
#4248 = EDGE_CURVE('',#4191,#4191,#4249,.T.);
#4249 = SURFACE_CURVE('',#4250,(#4255,#4262),.PCURVE_S1.);
#4250 = CIRCLE('',#4251,8.5);
#4251 = AXIS2_PLACEMENT_3D('',#4252,#4253,#4254);
#4252 = CARTESIAN_POINT('',(-260.,0.,369.));
#4253 = DIRECTION('',(0.,0.,1.));
#4254 = DIRECTION('',(1.,0.,0.));
#4255 = PCURVE('',#4201,#4256);
#4256 = DEFINITIONAL_REPRESENTATION('',(#4257),#4261);
#4257 = LINE('',#4258,#4259);
#4258 = CARTESIAN_POINT('',(-0.,0.));
#4259 = VECTOR('',#4260,1.);
#4260 = DIRECTION('',(-1.,0.));
#4261 = ( GEOMETRIC_REPRESENTATION_CONTEXT(2) 
PARAMETRIC_REPRESENTATION_CONTEXT() REPRESENTATION_CONTEXT('2D SPACE',''
  ) );
#4262 = PCURVE('',#4263,#4268);
#4263 = PLANE('',#4264);
#4264 = AXIS2_PLACEMENT_3D('',#4265,#4266,#4267);
#4265 = CARTESIAN_POINT('',(-260.,-3.469832597584E-16,369.));
#4266 = DIRECTION('',(0.,0.,1.));
#4267 = DIRECTION('',(1.,0.,-0.));
#4268 = DEFINITIONAL_REPRESENTATION('',(#4269),#4273);
#4269 = CIRCLE('',#4270,8.5);
#4270 = AXIS2_PLACEMENT_2D('',#4271,#4272);
#4271 = CARTESIAN_POINT('',(0.,3.469832597584E-16));
#4272 = DIRECTION('',(1.,0.));
#4273 = ( GEOMETRIC_REPRESENTATION_CONTEXT(2) 
PARAMETRIC_REPRESENTATION_CONTEXT() REPRESENTATION_CONTEXT('2D SPACE',''
  ) );
#4274 = ADVANCED_FACE('',(#4275,#4278),#4263,.F.);
#4275 = FACE_BOUND('',#4276,.F.);
#4276 = EDGE_LOOP('',(#4277));
#4277 = ORIENTED_EDGE('',*,*,#4248,.T.);
#4278 = FACE_BOUND('',#4279,.F.);
#4279 = EDGE_LOOP('',(#4280));
#4280 = ORIENTED_EDGE('',*,*,#4281,.T.);
#4281 = EDGE_CURVE('',#4282,#4282,#4284,.T.);
#4282 = VERTEX_POINT('',#4283);
#4283 = CARTESIAN_POINT('',(-255.7,0.,369.));
#4284 = SURFACE_CURVE('',#4285,(#4290,#4301),.PCURVE_S1.);
#4285 = CIRCLE('',#4286,4.3);
#4286 = AXIS2_PLACEMENT_3D('',#4287,#4288,#4289);
#4287 = CARTESIAN_POINT('',(-260.,0.,369.));
#4288 = DIRECTION('',(0.,0.,-1.));
#4289 = DIRECTION('',(1.,0.,0.));
#4290 = PCURVE('',#4263,#4291);
#4291 = DEFINITIONAL_REPRESENTATION('',(#4292),#4300);
#4292 = ( BOUNDED_CURVE() B_SPLINE_CURVE(2,(#4293,#4294,#4295,#4296,
#4297,#4298,#4299),.UNSPECIFIED.,.T.,.F.) B_SPLINE_CURVE_WITH_KNOTS((1,2
    ,2,2,2,1),(-2.094395102393,0.,2.094395102393,4.188790204786,
6.28318530718,8.377580409573),.UNSPECIFIED.) CURVE() 
GEOMETRIC_REPRESENTATION_ITEM() RATIONAL_B_SPLINE_CURVE((1.,0.5,1.,0.5,
1.,0.5,1.)) REPRESENTATION_ITEM('') );
#4293 = CARTESIAN_POINT('',(4.3,3.469832597584E-16));
#4294 = CARTESIAN_POINT('',(4.3,-7.447818472546));
#4295 = CARTESIAN_POINT('',(-2.15,-3.723909236273));
#4296 = CARTESIAN_POINT('',(-8.6,-7.062129875083E-16));
#4297 = CARTESIAN_POINT('',(-2.15,3.723909236273));
#4298 = CARTESIAN_POINT('',(4.3,7.447818472546));
#4299 = CARTESIAN_POINT('',(4.3,3.469832597584E-16));
#4300 = ( GEOMETRIC_REPRESENTATION_CONTEXT(2) 
PARAMETRIC_REPRESENTATION_CONTEXT() REPRESENTATION_CONTEXT('2D SPACE',''
  ) );
#4301 = PCURVE('',#4302,#4307);
#4302 = CYLINDRICAL_SURFACE('',#4303,4.3);
#4303 = AXIS2_PLACEMENT_3D('',#4304,#4305,#4306);
#4304 = CARTESIAN_POINT('',(-260.,0.,368.));
#4305 = DIRECTION('',(-0.,-0.,-1.));
#4306 = DIRECTION('',(1.,0.,0.));
#4307 = DEFINITIONAL_REPRESENTATION('',(#4308),#4312);
#4308 = LINE('',#4309,#4310);
#4309 = CARTESIAN_POINT('',(-6.28318530718,-1.));
#4310 = VECTOR('',#4311,1.);
#4311 = DIRECTION('',(1.,-0.));
#4312 = ( GEOMETRIC_REPRESENTATION_CONTEXT(2) 
PARAMETRIC_REPRESENTATION_CONTEXT() REPRESENTATION_CONTEXT('2D SPACE',''
  ) );
#4313 = ADVANCED_FACE('',(#4314,#4317),#4235,.T.);
#4314 = FACE_BOUND('',#4315,.T.);
#4315 = EDGE_LOOP('',(#4316));
#4316 = ORIENTED_EDGE('',*,*,#4220,.T.);
#4317 = FACE_BOUND('',#4318,.T.);
#4318 = EDGE_LOOP('',(#4319));
#4319 = ORIENTED_EDGE('',*,*,#4320,.T.);
#4320 = EDGE_CURVE('',#4321,#4321,#4323,.T.);
#4321 = VERTEX_POINT('',#4322);
#4322 = CARTESIAN_POINT('',(-255.7,0.,370.));
#4323 = SURFACE_CURVE('',#4324,(#4329,#4340),.PCURVE_S1.);
#4324 = CIRCLE('',#4325,4.3);
#4325 = AXIS2_PLACEMENT_3D('',#4326,#4327,#4328);
#4326 = CARTESIAN_POINT('',(-260.,0.,370.));
#4327 = DIRECTION('',(0.,0.,-1.));
#4328 = DIRECTION('',(1.,0.,0.));
#4329 = PCURVE('',#4235,#4330);
#4330 = DEFINITIONAL_REPRESENTATION('',(#4331),#4339);
#4331 = ( BOUNDED_CURVE() B_SPLINE_CURVE(2,(#4332,#4333,#4334,#4335,
#4336,#4337,#4338),.UNSPECIFIED.,.T.,.F.) B_SPLINE_CURVE_WITH_KNOTS((1,2
    ,2,2,2,1),(-2.094395102393,0.,2.094395102393,4.188790204786,
6.28318530718,8.377580409573),.UNSPECIFIED.) CURVE() 
GEOMETRIC_REPRESENTATION_ITEM() RATIONAL_B_SPLINE_CURVE((1.,0.5,1.,0.5,
1.,0.5,1.)) REPRESENTATION_ITEM('') );
#4332 = CARTESIAN_POINT('',(4.3,3.469832597584E-16));
#4333 = CARTESIAN_POINT('',(4.3,-7.447818472546));
#4334 = CARTESIAN_POINT('',(-2.15,-3.723909236273));
#4335 = CARTESIAN_POINT('',(-8.6,-7.062129875083E-16));
#4336 = CARTESIAN_POINT('',(-2.15,3.723909236273));
#4337 = CARTESIAN_POINT('',(4.3,7.447818472546));
#4338 = CARTESIAN_POINT('',(4.3,3.469832597584E-16));
#4339 = ( GEOMETRIC_REPRESENTATION_CONTEXT(2) 
PARAMETRIC_REPRESENTATION_CONTEXT() REPRESENTATION_CONTEXT('2D SPACE',''
  ) );
#4340 = PCURVE('',#4302,#4341);
#4341 = DEFINITIONAL_REPRESENTATION('',(#4342),#4346);
#4342 = LINE('',#4343,#4344);
#4343 = CARTESIAN_POINT('',(-6.28318530718,-2.));
#4344 = VECTOR('',#4345,1.);
#4345 = DIRECTION('',(1.,-0.));
#4346 = ( GEOMETRIC_REPRESENTATION_CONTEXT(2) 
PARAMETRIC_REPRESENTATION_CONTEXT() REPRESENTATION_CONTEXT('2D SPACE',''
  ) );
#4347 = ADVANCED_FACE('',(#4348),#4302,.F.);
#4348 = FACE_BOUND('',#4349,.T.);
#4349 = EDGE_LOOP('',(#4350,#4351,#4372,#4373));
#4350 = ORIENTED_EDGE('',*,*,#4281,.T.);
#4351 = ORIENTED_EDGE('',*,*,#4352,.T.);
#4352 = EDGE_CURVE('',#4282,#4321,#4353,.T.);
#4353 = SEAM_CURVE('',#4354,(#4358,#4365),.PCURVE_S1.);
#4354 = LINE('',#4355,#4356);
#4355 = CARTESIAN_POINT('',(-255.7,0.,368.));
#4356 = VECTOR('',#4357,1.);
#4357 = DIRECTION('',(0.,0.,1.));
#4358 = PCURVE('',#4302,#4359);
#4359 = DEFINITIONAL_REPRESENTATION('',(#4360),#4364);
#4360 = LINE('',#4361,#4362);
#4361 = CARTESIAN_POINT('',(-6.28318530718,0.));
#4362 = VECTOR('',#4363,1.);
#4363 = DIRECTION('',(-0.,-1.));
#4364 = ( GEOMETRIC_REPRESENTATION_CONTEXT(2) 
PARAMETRIC_REPRESENTATION_CONTEXT() REPRESENTATION_CONTEXT('2D SPACE',''
  ) );
#4365 = PCURVE('',#4302,#4366);
#4366 = DEFINITIONAL_REPRESENTATION('',(#4367),#4371);
#4367 = LINE('',#4368,#4369);
#4368 = CARTESIAN_POINT('',(-0.,0.));
#4369 = VECTOR('',#4370,1.);
#4370 = DIRECTION('',(-0.,-1.));
#4371 = ( GEOMETRIC_REPRESENTATION_CONTEXT(2) 
PARAMETRIC_REPRESENTATION_CONTEXT() REPRESENTATION_CONTEXT('2D SPACE',''
  ) );
#4372 = ORIENTED_EDGE('',*,*,#4320,.F.);
#4373 = ORIENTED_EDGE('',*,*,#4352,.F.);
#4374 = ( GEOMETRIC_REPRESENTATION_CONTEXT(3) 
GLOBAL_UNCERTAINTY_ASSIGNED_CONTEXT((#4378)) 
GLOBAL_UNIT_ASSIGNED_CONTEXT((#4375,#4376,#4377)) REPRESENTATION_CONTEXT
('Context #1','3D Context with UNIT and UNCERTAINTY') );
#4375 = ( LENGTH_UNIT() NAMED_UNIT(*) SI_UNIT(.MILLI.,.METRE.) );
#4376 = ( NAMED_UNIT(*) PLANE_ANGLE_UNIT() SI_UNIT($,.RADIAN.) );
#4377 = ( NAMED_UNIT(*) SI_UNIT($,.STERADIAN.) SOLID_ANGLE_UNIT() );
#4378 = UNCERTAINTY_MEASURE_WITH_UNIT(LENGTH_MEASURE(1.E-07),#4375,
  'distance_accuracy_value','confusion accuracy');
#4379 = CONTEXT_DEPENDENT_SHAPE_REPRESENTATION(#4380,#4382);
#4380 = ( REPRESENTATION_RELATIONSHIP('','',#4183,#10) 
REPRESENTATION_RELATIONSHIP_WITH_TRANSFORMATION(#4381) 
SHAPE_REPRESENTATION_RELATIONSHIP() );
#4381 = ITEM_DEFINED_TRANSFORMATION('','',#11,#35);
#4382 = PRODUCT_DEFINITION_SHAPE('Placement','Placement of an item',
  #4383);
#4383 = NEXT_ASSEMBLY_USAGE_OCCURRENCE('3285','LOCATOR_1_washer','',#5,
  #4178,$);
#4384 = PRODUCT_RELATED_PRODUCT_CATEGORY('part',$,(#4180));
#4385 = SHAPE_DEFINITION_REPRESENTATION(#4386,#4392);
#4386 = PRODUCT_DEFINITION_SHAPE('','',#4387);
#4387 = PRODUCT_DEFINITION('design','',#4388,#4391);
#4388 = PRODUCT_DEFINITION_FORMATION('','',#4389);
#4389 = PRODUCT('LOCATOR_1_nyloc','LOCATOR_1_nyloc','',(#4390));
#4390 = PRODUCT_CONTEXT('',#2,'mechanical');
#4391 = PRODUCT_DEFINITION_CONTEXT('part definition',#2,'design');
#4392 = ADVANCED_BREP_SHAPE_REPRESENTATION('',(#11,#4393),#4879);
#4393 = MANIFOLD_SOLID_BREP('',#4394);
#4394 = CLOSED_SHELL('',(#4395,#4515,#4591,#4667,#4743,#4814,#4861,#4870
    ));
#4395 = ADVANCED_FACE('',(#4396),#4410,.F.);
#4396 = FACE_BOUND('',#4397,.F.);
#4397 = EDGE_LOOP('',(#4398,#4433,#4461,#4489));
#4398 = ORIENTED_EDGE('',*,*,#4399,.T.);
#4399 = EDGE_CURVE('',#4400,#4402,#4404,.T.);
#4400 = VERTEX_POINT('',#4401);
#4401 = CARTESIAN_POINT('',(-253.5,0.,329.));
#4402 = VERTEX_POINT('',#4403);
#4403 = CARTESIAN_POINT('',(-253.5,0.,335.));
#4404 = SURFACE_CURVE('',#4405,(#4409,#4421),.PCURVE_S1.);
#4405 = LINE('',#4406,#4407);
#4406 = CARTESIAN_POINT('',(-253.5,0.,329.));
#4407 = VECTOR('',#4408,1.);
#4408 = DIRECTION('',(0.,0.,1.));
#4409 = PCURVE('',#4410,#4415);
#4410 = PLANE('',#4411);
#4411 = AXIS2_PLACEMENT_3D('',#4412,#4413,#4414);
#4412 = CARTESIAN_POINT('',(-253.5,0.,329.));
#4413 = DIRECTION('',(-0.866025403784,-0.5,0.));
#4414 = DIRECTION('',(-0.5,0.866025403784,0.));
#4415 = DEFINITIONAL_REPRESENTATION('',(#4416),#4420);
#4416 = LINE('',#4417,#4418);
#4417 = CARTESIAN_POINT('',(0.,0.));
#4418 = VECTOR('',#4419,1.);
#4419 = DIRECTION('',(0.,-1.));
#4420 = ( GEOMETRIC_REPRESENTATION_CONTEXT(2) 
PARAMETRIC_REPRESENTATION_CONTEXT() REPRESENTATION_CONTEXT('2D SPACE',''
  ) );
#4421 = PCURVE('',#4422,#4427);
#4422 = PLANE('',#4423);
#4423 = AXIS2_PLACEMENT_3D('',#4424,#4425,#4426);
#4424 = CARTESIAN_POINT('',(-256.75,-5.629165124599,329.));
#4425 = DIRECTION('',(-0.866025403784,0.5,0.));
#4426 = DIRECTION('',(0.5,0.866025403784,0.));
#4427 = DEFINITIONAL_REPRESENTATION('',(#4428),#4432);
#4428 = LINE('',#4429,#4430);
#4429 = CARTESIAN_POINT('',(6.5,0.));
#4430 = VECTOR('',#4431,1.);
#4431 = DIRECTION('',(0.,-1.));
#4432 = ( GEOMETRIC_REPRESENTATION_CONTEXT(2) 
PARAMETRIC_REPRESENTATION_CONTEXT() REPRESENTATION_CONTEXT('2D SPACE',''
  ) );
#4433 = ORIENTED_EDGE('',*,*,#4434,.T.);
#4434 = EDGE_CURVE('',#4402,#4435,#4437,.T.);
#4435 = VERTEX_POINT('',#4436);
#4436 = CARTESIAN_POINT('',(-256.75,5.629165124599,335.));
#4437 = SURFACE_CURVE('',#4438,(#4442,#4449),.PCURVE_S1.);
#4438 = LINE('',#4439,#4440);
#4439 = CARTESIAN_POINT('',(-253.5,0.,335.));
#4440 = VECTOR('',#4441,1.);
#4441 = DIRECTION('',(-0.5,0.866025403784,0.));
#4442 = PCURVE('',#4410,#4443);
#4443 = DEFINITIONAL_REPRESENTATION('',(#4444),#4448);
#4444 = LINE('',#4445,#4446);
#4445 = CARTESIAN_POINT('',(0.,-6.));
#4446 = VECTOR('',#4447,1.);
#4447 = DIRECTION('',(1.,0.));
#4448 = ( GEOMETRIC_REPRESENTATION_CONTEXT(2) 
PARAMETRIC_REPRESENTATION_CONTEXT() REPRESENTATION_CONTEXT('2D SPACE',''
  ) );
#4449 = PCURVE('',#4450,#4455);
#4450 = PLANE('',#4451);
#4451 = AXIS2_PLACEMENT_3D('',#4452,#4453,#4454);
#4452 = CARTESIAN_POINT('',(-260.,-2.732856676E-16,335.));
#4453 = DIRECTION('',(0.,0.,1.));
#4454 = DIRECTION('',(1.,0.,-0.));
#4455 = DEFINITIONAL_REPRESENTATION('',(#4456),#4460);
#4456 = LINE('',#4457,#4458);
#4457 = CARTESIAN_POINT('',(6.5,2.732856676E-16));
#4458 = VECTOR('',#4459,1.);
#4459 = DIRECTION('',(-0.5,0.866025403784));
#4460 = ( GEOMETRIC_REPRESENTATION_CONTEXT(2) 
PARAMETRIC_REPRESENTATION_CONTEXT() REPRESENTATION_CONTEXT('2D SPACE',''
  ) );
#4461 = ORIENTED_EDGE('',*,*,#4462,.F.);
#4462 = EDGE_CURVE('',#4463,#4435,#4465,.T.);
#4463 = VERTEX_POINT('',#4464);
#4464 = CARTESIAN_POINT('',(-256.75,5.629165124599,329.));
#4465 = SURFACE_CURVE('',#4466,(#4470,#4477),.PCURVE_S1.);
#4466 = LINE('',#4467,#4468);
#4467 = CARTESIAN_POINT('',(-256.75,5.629165124599,329.));
#4468 = VECTOR('',#4469,1.);
#4469 = DIRECTION('',(0.,0.,1.));
#4470 = PCURVE('',#4410,#4471);
#4471 = DEFINITIONAL_REPRESENTATION('',(#4472),#4476);
#4472 = LINE('',#4473,#4474);
#4473 = CARTESIAN_POINT('',(6.5,0.));
#4474 = VECTOR('',#4475,1.);
#4475 = DIRECTION('',(0.,-1.));
#4476 = ( GEOMETRIC_REPRESENTATION_CONTEXT(2) 
PARAMETRIC_REPRESENTATION_CONTEXT() REPRESENTATION_CONTEXT('2D SPACE',''
  ) );
#4477 = PCURVE('',#4478,#4483);
#4478 = PLANE('',#4479);
#4479 = AXIS2_PLACEMENT_3D('',#4480,#4481,#4482);
#4480 = CARTESIAN_POINT('',(-256.75,5.629165124599,329.));
#4481 = DIRECTION('',(-1.366428338E-16,-1.,0.));
#4482 = DIRECTION('',(-1.,1.366428338E-16,0.));
#4483 = DEFINITIONAL_REPRESENTATION('',(#4484),#4488);
#4484 = LINE('',#4485,#4486);
#4485 = CARTESIAN_POINT('',(0.,0.));
#4486 = VECTOR('',#4487,1.);
#4487 = DIRECTION('',(0.,-1.));
#4488 = ( GEOMETRIC_REPRESENTATION_CONTEXT(2) 
PARAMETRIC_REPRESENTATION_CONTEXT() REPRESENTATION_CONTEXT('2D SPACE',''
  ) );
#4489 = ORIENTED_EDGE('',*,*,#4490,.F.);
#4490 = EDGE_CURVE('',#4400,#4463,#4491,.T.);
#4491 = SURFACE_CURVE('',#4492,(#4496,#4503),.PCURVE_S1.);
#4492 = LINE('',#4493,#4494);
#4493 = CARTESIAN_POINT('',(-253.5,0.,329.));
#4494 = VECTOR('',#4495,1.);
#4495 = DIRECTION('',(-0.5,0.866025403784,0.));
#4496 = PCURVE('',#4410,#4497);
#4497 = DEFINITIONAL_REPRESENTATION('',(#4498),#4502);
#4498 = LINE('',#4499,#4500);
#4499 = CARTESIAN_POINT('',(0.,0.));
#4500 = VECTOR('',#4501,1.);
#4501 = DIRECTION('',(1.,0.));
#4502 = ( GEOMETRIC_REPRESENTATION_CONTEXT(2) 
PARAMETRIC_REPRESENTATION_CONTEXT() REPRESENTATION_CONTEXT('2D SPACE',''
  ) );
#4503 = PCURVE('',#4504,#4509);
#4504 = PLANE('',#4505);
#4505 = AXIS2_PLACEMENT_3D('',#4506,#4507,#4508);
#4506 = CARTESIAN_POINT('',(-260.,-2.732856676E-16,329.));
#4507 = DIRECTION('',(0.,0.,1.));
#4508 = DIRECTION('',(1.,0.,-0.));
#4509 = DEFINITIONAL_REPRESENTATION('',(#4510),#4514);
#4510 = LINE('',#4511,#4512);
#4511 = CARTESIAN_POINT('',(6.5,2.732856676E-16));
#4512 = VECTOR('',#4513,1.);
#4513 = DIRECTION('',(-0.5,0.866025403784));
#4514 = ( GEOMETRIC_REPRESENTATION_CONTEXT(2) 
PARAMETRIC_REPRESENTATION_CONTEXT() REPRESENTATION_CONTEXT('2D SPACE',''
  ) );
#4515 = ADVANCED_FACE('',(#4516),#4478,.F.);
#4516 = FACE_BOUND('',#4517,.F.);
#4517 = EDGE_LOOP('',(#4518,#4519,#4542,#4570));
#4518 = ORIENTED_EDGE('',*,*,#4462,.T.);
#4519 = ORIENTED_EDGE('',*,*,#4520,.T.);
#4520 = EDGE_CURVE('',#4435,#4521,#4523,.T.);
#4521 = VERTEX_POINT('',#4522);
#4522 = CARTESIAN_POINT('',(-263.25,5.629165124599,335.));
#4523 = SURFACE_CURVE('',#4524,(#4528,#4535),.PCURVE_S1.);
#4524 = LINE('',#4525,#4526);
#4525 = CARTESIAN_POINT('',(-256.75,5.629165124599,335.));
#4526 = VECTOR('',#4527,1.);
#4527 = DIRECTION('',(-1.,1.366428338E-16,0.));
#4528 = PCURVE('',#4478,#4529);
#4529 = DEFINITIONAL_REPRESENTATION('',(#4530),#4534);
#4530 = LINE('',#4531,#4532);
#4531 = CARTESIAN_POINT('',(0.,-6.));
#4532 = VECTOR('',#4533,1.);
#4533 = DIRECTION('',(1.,0.));
#4534 = ( GEOMETRIC_REPRESENTATION_CONTEXT(2) 
PARAMETRIC_REPRESENTATION_CONTEXT() REPRESENTATION_CONTEXT('2D SPACE',''
  ) );
#4535 = PCURVE('',#4450,#4536);
#4536 = DEFINITIONAL_REPRESENTATION('',(#4537),#4541);
#4537 = LINE('',#4538,#4539);
#4538 = CARTESIAN_POINT('',(3.25,5.629165124599));
#4539 = VECTOR('',#4540,1.);
#4540 = DIRECTION('',(-1.,1.366428338E-16));
#4541 = ( GEOMETRIC_REPRESENTATION_CONTEXT(2) 
PARAMETRIC_REPRESENTATION_CONTEXT() REPRESENTATION_CONTEXT('2D SPACE',''
  ) );
#4542 = ORIENTED_EDGE('',*,*,#4543,.F.);
#4543 = EDGE_CURVE('',#4544,#4521,#4546,.T.);
#4544 = VERTEX_POINT('',#4545);
#4545 = CARTESIAN_POINT('',(-263.25,5.629165124599,329.));
#4546 = SURFACE_CURVE('',#4547,(#4551,#4558),.PCURVE_S1.);
#4547 = LINE('',#4548,#4549);
#4548 = CARTESIAN_POINT('',(-263.25,5.629165124599,329.));
#4549 = VECTOR('',#4550,1.);
#4550 = DIRECTION('',(0.,0.,1.));
#4551 = PCURVE('',#4478,#4552);
#4552 = DEFINITIONAL_REPRESENTATION('',(#4553),#4557);
#4553 = LINE('',#4554,#4555);
#4554 = CARTESIAN_POINT('',(6.5,0.));
#4555 = VECTOR('',#4556,1.);
#4556 = DIRECTION('',(0.,-1.));
#4557 = ( GEOMETRIC_REPRESENTATION_CONTEXT(2) 
PARAMETRIC_REPRESENTATION_CONTEXT() REPRESENTATION_CONTEXT('2D SPACE',''
  ) );
#4558 = PCURVE('',#4559,#4564);
#4559 = PLANE('',#4560);
#4560 = AXIS2_PLACEMENT_3D('',#4561,#4562,#4563);
#4561 = CARTESIAN_POINT('',(-263.25,5.629165124599,329.));
#4562 = DIRECTION('',(0.866025403784,-0.5,0.));
#4563 = DIRECTION('',(-0.5,-0.866025403784,0.));
#4564 = DEFINITIONAL_REPRESENTATION('',(#4565),#4569);
#4565 = LINE('',#4566,#4567);
#4566 = CARTESIAN_POINT('',(0.,0.));
#4567 = VECTOR('',#4568,1.);
#4568 = DIRECTION('',(0.,-1.));
#4569 = ( GEOMETRIC_REPRESENTATION_CONTEXT(2) 
PARAMETRIC_REPRESENTATION_CONTEXT() REPRESENTATION_CONTEXT('2D SPACE',''
  ) );
#4570 = ORIENTED_EDGE('',*,*,#4571,.F.);
#4571 = EDGE_CURVE('',#4463,#4544,#4572,.T.);
#4572 = SURFACE_CURVE('',#4573,(#4577,#4584),.PCURVE_S1.);
#4573 = LINE('',#4574,#4575);
#4574 = CARTESIAN_POINT('',(-256.75,5.629165124599,329.));
#4575 = VECTOR('',#4576,1.);
#4576 = DIRECTION('',(-1.,1.366428338E-16,0.));
#4577 = PCURVE('',#4478,#4578);
#4578 = DEFINITIONAL_REPRESENTATION('',(#4579),#4583);
#4579 = LINE('',#4580,#4581);
#4580 = CARTESIAN_POINT('',(0.,0.));
#4581 = VECTOR('',#4582,1.);
#4582 = DIRECTION('',(1.,0.));
#4583 = ( GEOMETRIC_REPRESENTATION_CONTEXT(2) 
PARAMETRIC_REPRESENTATION_CONTEXT() REPRESENTATION_CONTEXT('2D SPACE',''
  ) );
#4584 = PCURVE('',#4504,#4585);
#4585 = DEFINITIONAL_REPRESENTATION('',(#4586),#4590);
#4586 = LINE('',#4587,#4588);
#4587 = CARTESIAN_POINT('',(3.25,5.629165124599));
#4588 = VECTOR('',#4589,1.);
#4589 = DIRECTION('',(-1.,1.366428338E-16));
#4590 = ( GEOMETRIC_REPRESENTATION_CONTEXT(2) 
PARAMETRIC_REPRESENTATION_CONTEXT() REPRESENTATION_CONTEXT('2D SPACE',''
  ) );
#4591 = ADVANCED_FACE('',(#4592),#4559,.F.);
#4592 = FACE_BOUND('',#4593,.F.);
#4593 = EDGE_LOOP('',(#4594,#4595,#4618,#4646));
#4594 = ORIENTED_EDGE('',*,*,#4543,.T.);
#4595 = ORIENTED_EDGE('',*,*,#4596,.T.);
#4596 = EDGE_CURVE('',#4521,#4597,#4599,.T.);
#4597 = VERTEX_POINT('',#4598);
#4598 = CARTESIAN_POINT('',(-266.5,7.960204194458E-16,335.));
#4599 = SURFACE_CURVE('',#4600,(#4604,#4611),.PCURVE_S1.);
#4600 = LINE('',#4601,#4602);
#4601 = CARTESIAN_POINT('',(-263.25,5.629165124599,335.));
#4602 = VECTOR('',#4603,1.);
#4603 = DIRECTION('',(-0.5,-0.866025403784,0.));
#4604 = PCURVE('',#4559,#4605);
#4605 = DEFINITIONAL_REPRESENTATION('',(#4606),#4610);
#4606 = LINE('',#4607,#4608);
#4607 = CARTESIAN_POINT('',(0.,-6.));
#4608 = VECTOR('',#4609,1.);
#4609 = DIRECTION('',(1.,0.));
#4610 = ( GEOMETRIC_REPRESENTATION_CONTEXT(2) 
PARAMETRIC_REPRESENTATION_CONTEXT() REPRESENTATION_CONTEXT('2D SPACE',''
  ) );
#4611 = PCURVE('',#4450,#4612);
#4612 = DEFINITIONAL_REPRESENTATION('',(#4613),#4617);
#4613 = LINE('',#4614,#4615);
#4614 = CARTESIAN_POINT('',(-3.25,5.629165124599));
#4615 = VECTOR('',#4616,1.);
#4616 = DIRECTION('',(-0.5,-0.866025403784));
#4617 = ( GEOMETRIC_REPRESENTATION_CONTEXT(2) 
PARAMETRIC_REPRESENTATION_CONTEXT() REPRESENTATION_CONTEXT('2D SPACE',''
  ) );
#4618 = ORIENTED_EDGE('',*,*,#4619,.F.);
#4619 = EDGE_CURVE('',#4620,#4597,#4622,.T.);
#4620 = VERTEX_POINT('',#4621);
#4621 = CARTESIAN_POINT('',(-266.5,7.960204194458E-16,329.));
#4622 = SURFACE_CURVE('',#4623,(#4627,#4634),.PCURVE_S1.);
#4623 = LINE('',#4624,#4625);
#4624 = CARTESIAN_POINT('',(-266.5,7.960204194458E-16,329.));
#4625 = VECTOR('',#4626,1.);
#4626 = DIRECTION('',(0.,0.,1.));
#4627 = PCURVE('',#4559,#4628);
#4628 = DEFINITIONAL_REPRESENTATION('',(#4629),#4633);
#4629 = LINE('',#4630,#4631);
#4630 = CARTESIAN_POINT('',(6.5,0.));
#4631 = VECTOR('',#4632,1.);
#4632 = DIRECTION('',(0.,-1.));
#4633 = ( GEOMETRIC_REPRESENTATION_CONTEXT(2) 
PARAMETRIC_REPRESENTATION_CONTEXT() REPRESENTATION_CONTEXT('2D SPACE',''
  ) );
#4634 = PCURVE('',#4635,#4640);
#4635 = PLANE('',#4636);
#4636 = AXIS2_PLACEMENT_3D('',#4637,#4638,#4639);
#4637 = CARTESIAN_POINT('',(-266.5,7.960204194458E-16,329.));
#4638 = DIRECTION('',(0.866025403784,0.5,-0.));
#4639 = DIRECTION('',(0.5,-0.866025403784,0.));
#4640 = DEFINITIONAL_REPRESENTATION('',(#4641),#4645);
#4641 = LINE('',#4642,#4643);
#4642 = CARTESIAN_POINT('',(0.,0.));
#4643 = VECTOR('',#4644,1.);
#4644 = DIRECTION('',(0.,-1.));
#4645 = ( GEOMETRIC_REPRESENTATION_CONTEXT(2) 
PARAMETRIC_REPRESENTATION_CONTEXT() REPRESENTATION_CONTEXT('2D SPACE',''
  ) );
#4646 = ORIENTED_EDGE('',*,*,#4647,.F.);
#4647 = EDGE_CURVE('',#4544,#4620,#4648,.T.);
#4648 = SURFACE_CURVE('',#4649,(#4653,#4660),.PCURVE_S1.);
#4649 = LINE('',#4650,#4651);
#4650 = CARTESIAN_POINT('',(-263.25,5.629165124599,329.));
#4651 = VECTOR('',#4652,1.);
#4652 = DIRECTION('',(-0.5,-0.866025403784,0.));
#4653 = PCURVE('',#4559,#4654);
#4654 = DEFINITIONAL_REPRESENTATION('',(#4655),#4659);
#4655 = LINE('',#4656,#4657);
#4656 = CARTESIAN_POINT('',(0.,0.));
#4657 = VECTOR('',#4658,1.);
#4658 = DIRECTION('',(1.,0.));
#4659 = ( GEOMETRIC_REPRESENTATION_CONTEXT(2) 
PARAMETRIC_REPRESENTATION_CONTEXT() REPRESENTATION_CONTEXT('2D SPACE',''
  ) );
#4660 = PCURVE('',#4504,#4661);
#4661 = DEFINITIONAL_REPRESENTATION('',(#4662),#4666);
#4662 = LINE('',#4663,#4664);
#4663 = CARTESIAN_POINT('',(-3.25,5.629165124599));
#4664 = VECTOR('',#4665,1.);
#4665 = DIRECTION('',(-0.5,-0.866025403784));
#4666 = ( GEOMETRIC_REPRESENTATION_CONTEXT(2) 
PARAMETRIC_REPRESENTATION_CONTEXT() REPRESENTATION_CONTEXT('2D SPACE',''
  ) );
#4667 = ADVANCED_FACE('',(#4668),#4635,.F.);
#4668 = FACE_BOUND('',#4669,.F.);
#4669 = EDGE_LOOP('',(#4670,#4671,#4694,#4722));
#4670 = ORIENTED_EDGE('',*,*,#4619,.T.);
#4671 = ORIENTED_EDGE('',*,*,#4672,.T.);
#4672 = EDGE_CURVE('',#4597,#4673,#4675,.T.);
#4673 = VERTEX_POINT('',#4674);
#4674 = CARTESIAN_POINT('',(-263.25,-5.629165124599,335.));
#4675 = SURFACE_CURVE('',#4676,(#4680,#4687),.PCURVE_S1.);
#4676 = LINE('',#4677,#4678);
#4677 = CARTESIAN_POINT('',(-266.5,7.960204194458E-16,335.));
#4678 = VECTOR('',#4679,1.);
#4679 = DIRECTION('',(0.5,-0.866025403784,0.));
#4680 = PCURVE('',#4635,#4681);
#4681 = DEFINITIONAL_REPRESENTATION('',(#4682),#4686);
#4682 = LINE('',#4683,#4684);
#4683 = CARTESIAN_POINT('',(0.,-6.));
#4684 = VECTOR('',#4685,1.);
#4685 = DIRECTION('',(1.,0.));
#4686 = ( GEOMETRIC_REPRESENTATION_CONTEXT(2) 
PARAMETRIC_REPRESENTATION_CONTEXT() REPRESENTATION_CONTEXT('2D SPACE',''
  ) );
#4687 = PCURVE('',#4450,#4688);
#4688 = DEFINITIONAL_REPRESENTATION('',(#4689),#4693);
#4689 = LINE('',#4690,#4691);
#4690 = CARTESIAN_POINT('',(-6.5,1.069306087046E-15));
#4691 = VECTOR('',#4692,1.);
#4692 = DIRECTION('',(0.5,-0.866025403784));
#4693 = ( GEOMETRIC_REPRESENTATION_CONTEXT(2) 
PARAMETRIC_REPRESENTATION_CONTEXT() REPRESENTATION_CONTEXT('2D SPACE',''
  ) );
#4694 = ORIENTED_EDGE('',*,*,#4695,.F.);
#4695 = EDGE_CURVE('',#4696,#4673,#4698,.T.);
#4696 = VERTEX_POINT('',#4697);
#4697 = CARTESIAN_POINT('',(-263.25,-5.629165124599,329.));
#4698 = SURFACE_CURVE('',#4699,(#4703,#4710),.PCURVE_S1.);
#4699 = LINE('',#4700,#4701);
#4700 = CARTESIAN_POINT('',(-263.25,-5.629165124599,329.));
#4701 = VECTOR('',#4702,1.);
#4702 = DIRECTION('',(0.,0.,1.));
#4703 = PCURVE('',#4635,#4704);
#4704 = DEFINITIONAL_REPRESENTATION('',(#4705),#4709);
#4705 = LINE('',#4706,#4707);
#4706 = CARTESIAN_POINT('',(6.5,0.));
#4707 = VECTOR('',#4708,1.);
#4708 = DIRECTION('',(0.,-1.));
#4709 = ( GEOMETRIC_REPRESENTATION_CONTEXT(2) 
PARAMETRIC_REPRESENTATION_CONTEXT() REPRESENTATION_CONTEXT('2D SPACE',''
  ) );
#4710 = PCURVE('',#4711,#4716);
#4711 = PLANE('',#4712);
#4712 = AXIS2_PLACEMENT_3D('',#4713,#4714,#4715);
#4713 = CARTESIAN_POINT('',(-263.25,-5.629165124599,329.));
#4714 = DIRECTION('',(5.465713352001E-16,1.,-0.));
#4715 = DIRECTION('',(1.,-5.465713352001E-16,0.));
#4716 = DEFINITIONAL_REPRESENTATION('',(#4717),#4721);
#4717 = LINE('',#4718,#4719);
#4718 = CARTESIAN_POINT('',(0.,0.));
#4719 = VECTOR('',#4720,1.);
#4720 = DIRECTION('',(0.,-1.));
#4721 = ( GEOMETRIC_REPRESENTATION_CONTEXT(2) 
PARAMETRIC_REPRESENTATION_CONTEXT() REPRESENTATION_CONTEXT('2D SPACE',''
  ) );
#4722 = ORIENTED_EDGE('',*,*,#4723,.F.);
#4723 = EDGE_CURVE('',#4620,#4696,#4724,.T.);
#4724 = SURFACE_CURVE('',#4725,(#4729,#4736),.PCURVE_S1.);
#4725 = LINE('',#4726,#4727);
#4726 = CARTESIAN_POINT('',(-266.5,7.960204194458E-16,329.));
#4727 = VECTOR('',#4728,1.);
#4728 = DIRECTION('',(0.5,-0.866025403784,0.));
#4729 = PCURVE('',#4635,#4730);
#4730 = DEFINITIONAL_REPRESENTATION('',(#4731),#4735);
#4731 = LINE('',#4732,#4733);
#4732 = CARTESIAN_POINT('',(0.,0.));
#4733 = VECTOR('',#4734,1.);
#4734 = DIRECTION('',(1.,0.));
#4735 = ( GEOMETRIC_REPRESENTATION_CONTEXT(2) 
PARAMETRIC_REPRESENTATION_CONTEXT() REPRESENTATION_CONTEXT('2D SPACE',''
  ) );
#4736 = PCURVE('',#4504,#4737);
#4737 = DEFINITIONAL_REPRESENTATION('',(#4738),#4742);
#4738 = LINE('',#4739,#4740);
#4739 = CARTESIAN_POINT('',(-6.5,1.069306087046E-15));
#4740 = VECTOR('',#4741,1.);
#4741 = DIRECTION('',(0.5,-0.866025403784));
#4742 = ( GEOMETRIC_REPRESENTATION_CONTEXT(2) 
PARAMETRIC_REPRESENTATION_CONTEXT() REPRESENTATION_CONTEXT('2D SPACE',''
  ) );
#4743 = ADVANCED_FACE('',(#4744),#4711,.F.);
#4744 = FACE_BOUND('',#4745,.F.);
#4745 = EDGE_LOOP('',(#4746,#4747,#4770,#4793));
#4746 = ORIENTED_EDGE('',*,*,#4695,.T.);
#4747 = ORIENTED_EDGE('',*,*,#4748,.T.);
#4748 = EDGE_CURVE('',#4673,#4749,#4751,.T.);
#4749 = VERTEX_POINT('',#4750);
#4750 = CARTESIAN_POINT('',(-256.75,-5.629165124599,335.));
#4751 = SURFACE_CURVE('',#4752,(#4756,#4763),.PCURVE_S1.);
#4752 = LINE('',#4753,#4754);
#4753 = CARTESIAN_POINT('',(-263.25,-5.629165124599,335.));
#4754 = VECTOR('',#4755,1.);
#4755 = DIRECTION('',(1.,-5.465713352001E-16,0.));
#4756 = PCURVE('',#4711,#4757);
#4757 = DEFINITIONAL_REPRESENTATION('',(#4758),#4762);
#4758 = LINE('',#4759,#4760);
#4759 = CARTESIAN_POINT('',(0.,-6.));
#4760 = VECTOR('',#4761,1.);
#4761 = DIRECTION('',(1.,0.));
#4762 = ( GEOMETRIC_REPRESENTATION_CONTEXT(2) 
PARAMETRIC_REPRESENTATION_CONTEXT() REPRESENTATION_CONTEXT('2D SPACE',''
  ) );
#4763 = PCURVE('',#4450,#4764);
#4764 = DEFINITIONAL_REPRESENTATION('',(#4765),#4769);
#4765 = LINE('',#4766,#4767);
#4766 = CARTESIAN_POINT('',(-3.25,-5.629165124599));
#4767 = VECTOR('',#4768,1.);
#4768 = DIRECTION('',(1.,-5.465713352001E-16));
#4769 = ( GEOMETRIC_REPRESENTATION_CONTEXT(2) 
PARAMETRIC_REPRESENTATION_CONTEXT() REPRESENTATION_CONTEXT('2D SPACE',''
  ) );
#4770 = ORIENTED_EDGE('',*,*,#4771,.F.);
#4771 = EDGE_CURVE('',#4772,#4749,#4774,.T.);
#4772 = VERTEX_POINT('',#4773);
#4773 = CARTESIAN_POINT('',(-256.75,-5.629165124599,329.));
#4774 = SURFACE_CURVE('',#4775,(#4779,#4786),.PCURVE_S1.);
#4775 = LINE('',#4776,#4777);
#4776 = CARTESIAN_POINT('',(-256.75,-5.629165124599,329.));
#4777 = VECTOR('',#4778,1.);
#4778 = DIRECTION('',(0.,0.,1.));
#4779 = PCURVE('',#4711,#4780);
#4780 = DEFINITIONAL_REPRESENTATION('',(#4781),#4785);
#4781 = LINE('',#4782,#4783);
#4782 = CARTESIAN_POINT('',(6.5,0.));
#4783 = VECTOR('',#4784,1.);
#4784 = DIRECTION('',(0.,-1.));
#4785 = ( GEOMETRIC_REPRESENTATION_CONTEXT(2) 
PARAMETRIC_REPRESENTATION_CONTEXT() REPRESENTATION_CONTEXT('2D SPACE',''
  ) );
#4786 = PCURVE('',#4422,#4787);
#4787 = DEFINITIONAL_REPRESENTATION('',(#4788),#4792);
#4788 = LINE('',#4789,#4790);
#4789 = CARTESIAN_POINT('',(0.,0.));
#4790 = VECTOR('',#4791,1.);
#4791 = DIRECTION('',(0.,-1.));
#4792 = ( GEOMETRIC_REPRESENTATION_CONTEXT(2) 
PARAMETRIC_REPRESENTATION_CONTEXT() REPRESENTATION_CONTEXT('2D SPACE',''
  ) );
#4793 = ORIENTED_EDGE('',*,*,#4794,.F.);
#4794 = EDGE_CURVE('',#4696,#4772,#4795,.T.);
#4795 = SURFACE_CURVE('',#4796,(#4800,#4807),.PCURVE_S1.);
#4796 = LINE('',#4797,#4798);
#4797 = CARTESIAN_POINT('',(-263.25,-5.629165124599,329.));
#4798 = VECTOR('',#4799,1.);
#4799 = DIRECTION('',(1.,-5.465713352001E-16,0.));
#4800 = PCURVE('',#4711,#4801);
#4801 = DEFINITIONAL_REPRESENTATION('',(#4802),#4806);
#4802 = LINE('',#4803,#4804);
#4803 = CARTESIAN_POINT('',(0.,0.));
#4804 = VECTOR('',#4805,1.);
#4805 = DIRECTION('',(1.,0.));
#4806 = ( GEOMETRIC_REPRESENTATION_CONTEXT(2) 
PARAMETRIC_REPRESENTATION_CONTEXT() REPRESENTATION_CONTEXT('2D SPACE',''
  ) );
#4807 = PCURVE('',#4504,#4808);
#4808 = DEFINITIONAL_REPRESENTATION('',(#4809),#4813);
#4809 = LINE('',#4810,#4811);
#4810 = CARTESIAN_POINT('',(-3.25,-5.629165124599));
#4811 = VECTOR('',#4812,1.);
#4812 = DIRECTION('',(1.,-5.465713352001E-16));
#4813 = ( GEOMETRIC_REPRESENTATION_CONTEXT(2) 
PARAMETRIC_REPRESENTATION_CONTEXT() REPRESENTATION_CONTEXT('2D SPACE',''
  ) );
#4814 = ADVANCED_FACE('',(#4815),#4422,.F.);
#4815 = FACE_BOUND('',#4816,.F.);
#4816 = EDGE_LOOP('',(#4817,#4818,#4839,#4840));
#4817 = ORIENTED_EDGE('',*,*,#4771,.T.);
#4818 = ORIENTED_EDGE('',*,*,#4819,.T.);
#4819 = EDGE_CURVE('',#4749,#4402,#4820,.T.);
#4820 = SURFACE_CURVE('',#4821,(#4825,#4832),.PCURVE_S1.);
#4821 = LINE('',#4822,#4823);
#4822 = CARTESIAN_POINT('',(-256.75,-5.629165124599,335.));
#4823 = VECTOR('',#4824,1.);
#4824 = DIRECTION('',(0.5,0.866025403784,0.));
#4825 = PCURVE('',#4422,#4826);
#4826 = DEFINITIONAL_REPRESENTATION('',(#4827),#4831);
#4827 = LINE('',#4828,#4829);
#4828 = CARTESIAN_POINT('',(0.,-6.));
#4829 = VECTOR('',#4830,1.);
#4830 = DIRECTION('',(1.,0.));
#4831 = ( GEOMETRIC_REPRESENTATION_CONTEXT(2) 
PARAMETRIC_REPRESENTATION_CONTEXT() REPRESENTATION_CONTEXT('2D SPACE',''
  ) );
#4832 = PCURVE('',#4450,#4833);
#4833 = DEFINITIONAL_REPRESENTATION('',(#4834),#4838);
#4834 = LINE('',#4835,#4836);
#4835 = CARTESIAN_POINT('',(3.25,-5.629165124599));
#4836 = VECTOR('',#4837,1.);
#4837 = DIRECTION('',(0.5,0.866025403784));
#4838 = ( GEOMETRIC_REPRESENTATION_CONTEXT(2) 
PARAMETRIC_REPRESENTATION_CONTEXT() REPRESENTATION_CONTEXT('2D SPACE',''
  ) );
#4839 = ORIENTED_EDGE('',*,*,#4399,.F.);
#4840 = ORIENTED_EDGE('',*,*,#4841,.F.);
#4841 = EDGE_CURVE('',#4772,#4400,#4842,.T.);
#4842 = SURFACE_CURVE('',#4843,(#4847,#4854),.PCURVE_S1.);
#4843 = LINE('',#4844,#4845);
#4844 = CARTESIAN_POINT('',(-256.75,-5.629165124599,329.));
#4845 = VECTOR('',#4846,1.);
#4846 = DIRECTION('',(0.5,0.866025403784,0.));
#4847 = PCURVE('',#4422,#4848);
#4848 = DEFINITIONAL_REPRESENTATION('',(#4849),#4853);
#4849 = LINE('',#4850,#4851);
#4850 = CARTESIAN_POINT('',(0.,0.));
#4851 = VECTOR('',#4852,1.);
#4852 = DIRECTION('',(1.,0.));
#4853 = ( GEOMETRIC_REPRESENTATION_CONTEXT(2) 
PARAMETRIC_REPRESENTATION_CONTEXT() REPRESENTATION_CONTEXT('2D SPACE',''
  ) );
#4854 = PCURVE('',#4504,#4855);
#4855 = DEFINITIONAL_REPRESENTATION('',(#4856),#4860);
#4856 = LINE('',#4857,#4858);
#4857 = CARTESIAN_POINT('',(3.25,-5.629165124599));
#4858 = VECTOR('',#4859,1.);
#4859 = DIRECTION('',(0.5,0.866025403784));
#4860 = ( GEOMETRIC_REPRESENTATION_CONTEXT(2) 
PARAMETRIC_REPRESENTATION_CONTEXT() REPRESENTATION_CONTEXT('2D SPACE',''
  ) );
#4861 = ADVANCED_FACE('',(#4862),#4504,.F.);
#4862 = FACE_BOUND('',#4863,.F.);
#4863 = EDGE_LOOP('',(#4864,#4865,#4866,#4867,#4868,#4869));
#4864 = ORIENTED_EDGE('',*,*,#4490,.T.);
#4865 = ORIENTED_EDGE('',*,*,#4571,.T.);
#4866 = ORIENTED_EDGE('',*,*,#4647,.T.);
#4867 = ORIENTED_EDGE('',*,*,#4723,.T.);
#4868 = ORIENTED_EDGE('',*,*,#4794,.T.);
#4869 = ORIENTED_EDGE('',*,*,#4841,.T.);
#4870 = ADVANCED_FACE('',(#4871),#4450,.T.);
#4871 = FACE_BOUND('',#4872,.T.);
#4872 = EDGE_LOOP('',(#4873,#4874,#4875,#4876,#4877,#4878));
#4873 = ORIENTED_EDGE('',*,*,#4434,.T.);
#4874 = ORIENTED_EDGE('',*,*,#4520,.T.);
#4875 = ORIENTED_EDGE('',*,*,#4596,.T.);
#4876 = ORIENTED_EDGE('',*,*,#4672,.T.);
#4877 = ORIENTED_EDGE('',*,*,#4748,.T.);
#4878 = ORIENTED_EDGE('',*,*,#4819,.T.);
#4879 = ( GEOMETRIC_REPRESENTATION_CONTEXT(3) 
GLOBAL_UNCERTAINTY_ASSIGNED_CONTEXT((#4883)) 
GLOBAL_UNIT_ASSIGNED_CONTEXT((#4880,#4881,#4882)) REPRESENTATION_CONTEXT
('Context #1','3D Context with UNIT and UNCERTAINTY') );
#4880 = ( LENGTH_UNIT() NAMED_UNIT(*) SI_UNIT(.MILLI.,.METRE.) );
#4881 = ( NAMED_UNIT(*) PLANE_ANGLE_UNIT() SI_UNIT($,.RADIAN.) );
#4882 = ( NAMED_UNIT(*) SI_UNIT($,.STERADIAN.) SOLID_ANGLE_UNIT() );
#4883 = UNCERTAINTY_MEASURE_WITH_UNIT(LENGTH_MEASURE(1.E-07),#4880,
  'distance_accuracy_value','confusion accuracy');
#4884 = CONTEXT_DEPENDENT_SHAPE_REPRESENTATION(#4885,#4887);
#4885 = ( REPRESENTATION_RELATIONSHIP('','',#4392,#10) 
REPRESENTATION_RELATIONSHIP_WITH_TRANSFORMATION(#4886) 
SHAPE_REPRESENTATION_RELATIONSHIP() );
#4886 = ITEM_DEFINED_TRANSFORMATION('','',#11,#39);
#4887 = PRODUCT_DEFINITION_SHAPE('Placement','Placement of an item',
  #4888);
#4888 = NEXT_ASSEMBLY_USAGE_OCCURRENCE('3286','LOCATOR_1_nyloc','',#5,
  #4387,$);
#4889 = PRODUCT_RELATED_PRODUCT_CATEGORY('part',$,(#4389));
#4890 = SHAPE_DEFINITION_REPRESENTATION(#4891,#4897);
#4891 = PRODUCT_DEFINITION_SHAPE('','',#4892);
#4892 = PRODUCT_DEFINITION('design','',#4893,#4896);
#4893 = PRODUCT_DEFINITION_FORMATION('','',#4894);
#4894 = PRODUCT('NVR-P10_secondary_locator_plate',
  'NVR-P10_secondary_locator_plate','',(#4895));
#4895 = PRODUCT_CONTEXT('',#2,'mechanical');
#4896 = PRODUCT_DEFINITION_CONTEXT('part definition',#2,'design');
#4897 = ADVANCED_BREP_SHAPE_REPRESENTATION('',(#11,#4898),#5228);
#4898 = MANIFOLD_SOLID_BREP('',#4899);
#4899 = CLOSED_SHELL('',(#4900,#5020,#5120,#5167,#5214,#5221));
#4900 = ADVANCED_FACE('',(#4901),#4915,.F.);
#4901 = FACE_BOUND('',#4902,.F.);
#4902 = EDGE_LOOP('',(#4903,#4938,#4966,#4994));
#4903 = ORIENTED_EDGE('',*,*,#4904,.F.);
#4904 = EDGE_CURVE('',#4905,#4907,#4909,.T.);
#4905 = VERTEX_POINT('',#4906);
#4906 = CARTESIAN_POINT('',(200.,-25.,334.));
#4907 = VERTEX_POINT('',#4908);
#4908 = CARTESIAN_POINT('',(200.,-25.,340.));
#4909 = SURFACE_CURVE('',#4910,(#4914,#4926),.PCURVE_S1.);
#4910 = LINE('',#4911,#4912);
#4911 = CARTESIAN_POINT('',(200.,-25.,334.));
#4912 = VECTOR('',#4913,1.);
#4913 = DIRECTION('',(0.,0.,1.));
#4914 = PCURVE('',#4915,#4920);
#4915 = PLANE('',#4916);
#4916 = AXIS2_PLACEMENT_3D('',#4917,#4918,#4919);
#4917 = CARTESIAN_POINT('',(200.,-25.,334.));
#4918 = DIRECTION('',(1.,0.,0.));
#4919 = DIRECTION('',(0.,0.,1.));
#4920 = DEFINITIONAL_REPRESENTATION('',(#4921),#4925);
#4921 = LINE('',#4922,#4923);
#4922 = CARTESIAN_POINT('',(0.,0.));
#4923 = VECTOR('',#4924,1.);
#4924 = DIRECTION('',(1.,0.));
#4925 = ( GEOMETRIC_REPRESENTATION_CONTEXT(2) 
PARAMETRIC_REPRESENTATION_CONTEXT() REPRESENTATION_CONTEXT('2D SPACE',''
  ) );
#4926 = PCURVE('',#4927,#4932);
#4927 = PLANE('',#4928);
#4928 = AXIS2_PLACEMENT_3D('',#4929,#4930,#4931);
#4929 = CARTESIAN_POINT('',(200.,-25.,334.));
#4930 = DIRECTION('',(0.,1.,0.));
#4931 = DIRECTION('',(0.,0.,1.));
#4932 = DEFINITIONAL_REPRESENTATION('',(#4933),#4937);
#4933 = LINE('',#4934,#4935);
#4934 = CARTESIAN_POINT('',(0.,0.));
#4935 = VECTOR('',#4936,1.);
#4936 = DIRECTION('',(1.,0.));
#4937 = ( GEOMETRIC_REPRESENTATION_CONTEXT(2) 
PARAMETRIC_REPRESENTATION_CONTEXT() REPRESENTATION_CONTEXT('2D SPACE',''
  ) );
#4938 = ORIENTED_EDGE('',*,*,#4939,.T.);
#4939 = EDGE_CURVE('',#4905,#4940,#4942,.T.);
#4940 = VERTEX_POINT('',#4941);
#4941 = CARTESIAN_POINT('',(200.,25.,334.));
#4942 = SURFACE_CURVE('',#4943,(#4947,#4954),.PCURVE_S1.);
#4943 = LINE('',#4944,#4945);
#4944 = CARTESIAN_POINT('',(200.,-25.,334.));
#4945 = VECTOR('',#4946,1.);
#4946 = DIRECTION('',(0.,1.,0.));
#4947 = PCURVE('',#4915,#4948);
#4948 = DEFINITIONAL_REPRESENTATION('',(#4949),#4953);
#4949 = LINE('',#4950,#4951);
#4950 = CARTESIAN_POINT('',(0.,0.));
#4951 = VECTOR('',#4952,1.);
#4952 = DIRECTION('',(0.,-1.));
#4953 = ( GEOMETRIC_REPRESENTATION_CONTEXT(2) 
PARAMETRIC_REPRESENTATION_CONTEXT() REPRESENTATION_CONTEXT('2D SPACE',''
  ) );
#4954 = PCURVE('',#4955,#4960);
#4955 = PLANE('',#4956);
#4956 = AXIS2_PLACEMENT_3D('',#4957,#4958,#4959);
#4957 = CARTESIAN_POINT('',(200.,-25.,334.));
#4958 = DIRECTION('',(0.,0.,1.));
#4959 = DIRECTION('',(1.,0.,0.));
#4960 = DEFINITIONAL_REPRESENTATION('',(#4961),#4965);
#4961 = LINE('',#4962,#4963);
#4962 = CARTESIAN_POINT('',(0.,0.));
#4963 = VECTOR('',#4964,1.);
#4964 = DIRECTION('',(0.,1.));
#4965 = ( GEOMETRIC_REPRESENTATION_CONTEXT(2) 
PARAMETRIC_REPRESENTATION_CONTEXT() REPRESENTATION_CONTEXT('2D SPACE',''
  ) );
#4966 = ORIENTED_EDGE('',*,*,#4967,.T.);
#4967 = EDGE_CURVE('',#4940,#4968,#4970,.T.);
#4968 = VERTEX_POINT('',#4969);
#4969 = CARTESIAN_POINT('',(200.,25.,340.));
#4970 = SURFACE_CURVE('',#4971,(#4975,#4982),.PCURVE_S1.);
#4971 = LINE('',#4972,#4973);
#4972 = CARTESIAN_POINT('',(200.,25.,334.));
#4973 = VECTOR('',#4974,1.);
#4974 = DIRECTION('',(0.,0.,1.));
#4975 = PCURVE('',#4915,#4976);
#4976 = DEFINITIONAL_REPRESENTATION('',(#4977),#4981);
#4977 = LINE('',#4978,#4979);
#4978 = CARTESIAN_POINT('',(0.,-50.));
#4979 = VECTOR('',#4980,1.);
#4980 = DIRECTION('',(1.,0.));
#4981 = ( GEOMETRIC_REPRESENTATION_CONTEXT(2) 
PARAMETRIC_REPRESENTATION_CONTEXT() REPRESENTATION_CONTEXT('2D SPACE',''
  ) );
#4982 = PCURVE('',#4983,#4988);
#4983 = PLANE('',#4984);
#4984 = AXIS2_PLACEMENT_3D('',#4985,#4986,#4987);
#4985 = CARTESIAN_POINT('',(200.,25.,334.));
#4986 = DIRECTION('',(0.,1.,0.));
#4987 = DIRECTION('',(0.,0.,1.));
#4988 = DEFINITIONAL_REPRESENTATION('',(#4989),#4993);
#4989 = LINE('',#4990,#4991);
#4990 = CARTESIAN_POINT('',(0.,0.));
#4991 = VECTOR('',#4992,1.);
#4992 = DIRECTION('',(1.,0.));
#4993 = ( GEOMETRIC_REPRESENTATION_CONTEXT(2) 
PARAMETRIC_REPRESENTATION_CONTEXT() REPRESENTATION_CONTEXT('2D SPACE',''
  ) );
#4994 = ORIENTED_EDGE('',*,*,#4995,.F.);
#4995 = EDGE_CURVE('',#4907,#4968,#4996,.T.);
#4996 = SURFACE_CURVE('',#4997,(#5001,#5008),.PCURVE_S1.);
#4997 = LINE('',#4998,#4999);
#4998 = CARTESIAN_POINT('',(200.,-25.,340.));
#4999 = VECTOR('',#5000,1.);
#5000 = DIRECTION('',(0.,1.,0.));
#5001 = PCURVE('',#4915,#5002);
#5002 = DEFINITIONAL_REPRESENTATION('',(#5003),#5007);
#5003 = LINE('',#5004,#5005);
#5004 = CARTESIAN_POINT('',(6.,0.));
#5005 = VECTOR('',#5006,1.);
#5006 = DIRECTION('',(0.,-1.));
#5007 = ( GEOMETRIC_REPRESENTATION_CONTEXT(2) 
PARAMETRIC_REPRESENTATION_CONTEXT() REPRESENTATION_CONTEXT('2D SPACE',''
  ) );
#5008 = PCURVE('',#5009,#5014);
#5009 = PLANE('',#5010);
#5010 = AXIS2_PLACEMENT_3D('',#5011,#5012,#5013);
#5011 = CARTESIAN_POINT('',(200.,-25.,340.));
#5012 = DIRECTION('',(0.,0.,1.));
#5013 = DIRECTION('',(1.,0.,0.));
#5014 = DEFINITIONAL_REPRESENTATION('',(#5015),#5019);
#5015 = LINE('',#5016,#5017);
#5016 = CARTESIAN_POINT('',(0.,0.));
#5017 = VECTOR('',#5018,1.);
#5018 = DIRECTION('',(0.,1.));
#5019 = ( GEOMETRIC_REPRESENTATION_CONTEXT(2) 
PARAMETRIC_REPRESENTATION_CONTEXT() REPRESENTATION_CONTEXT('2D SPACE',''
  ) );
#5020 = ADVANCED_FACE('',(#5021),#5035,.T.);
#5021 = FACE_BOUND('',#5022,.T.);
#5022 = EDGE_LOOP('',(#5023,#5053,#5076,#5099));
#5023 = ORIENTED_EDGE('',*,*,#5024,.F.);
#5024 = EDGE_CURVE('',#5025,#5027,#5029,.T.);
#5025 = VERTEX_POINT('',#5026);
#5026 = CARTESIAN_POINT('',(320.,-25.,334.));
#5027 = VERTEX_POINT('',#5028);
#5028 = CARTESIAN_POINT('',(320.,-25.,340.));
#5029 = SURFACE_CURVE('',#5030,(#5034,#5046),.PCURVE_S1.);
#5030 = LINE('',#5031,#5032);
#5031 = CARTESIAN_POINT('',(320.,-25.,334.));
#5032 = VECTOR('',#5033,1.);
#5033 = DIRECTION('',(0.,0.,1.));
#5034 = PCURVE('',#5035,#5040);
#5035 = PLANE('',#5036);
#5036 = AXIS2_PLACEMENT_3D('',#5037,#5038,#5039);
#5037 = CARTESIAN_POINT('',(320.,-25.,334.));
#5038 = DIRECTION('',(1.,0.,0.));
#5039 = DIRECTION('',(0.,0.,1.));
#5040 = DEFINITIONAL_REPRESENTATION('',(#5041),#5045);
#5041 = LINE('',#5042,#5043);
#5042 = CARTESIAN_POINT('',(0.,0.));
#5043 = VECTOR('',#5044,1.);
#5044 = DIRECTION('',(1.,0.));
#5045 = ( GEOMETRIC_REPRESENTATION_CONTEXT(2) 
PARAMETRIC_REPRESENTATION_CONTEXT() REPRESENTATION_CONTEXT('2D SPACE',''
  ) );
#5046 = PCURVE('',#4927,#5047);
#5047 = DEFINITIONAL_REPRESENTATION('',(#5048),#5052);
#5048 = LINE('',#5049,#5050);
#5049 = CARTESIAN_POINT('',(0.,120.));
#5050 = VECTOR('',#5051,1.);
#5051 = DIRECTION('',(1.,0.));
#5052 = ( GEOMETRIC_REPRESENTATION_CONTEXT(2) 
PARAMETRIC_REPRESENTATION_CONTEXT() REPRESENTATION_CONTEXT('2D SPACE',''
  ) );
#5053 = ORIENTED_EDGE('',*,*,#5054,.T.);
#5054 = EDGE_CURVE('',#5025,#5055,#5057,.T.);
#5055 = VERTEX_POINT('',#5056);
#5056 = CARTESIAN_POINT('',(320.,25.,334.));
#5057 = SURFACE_CURVE('',#5058,(#5062,#5069),.PCURVE_S1.);
#5058 = LINE('',#5059,#5060);
#5059 = CARTESIAN_POINT('',(320.,-25.,334.));
#5060 = VECTOR('',#5061,1.);
#5061 = DIRECTION('',(0.,1.,0.));
#5062 = PCURVE('',#5035,#5063);
#5063 = DEFINITIONAL_REPRESENTATION('',(#5064),#5068);
#5064 = LINE('',#5065,#5066);
#5065 = CARTESIAN_POINT('',(0.,0.));
#5066 = VECTOR('',#5067,1.);
#5067 = DIRECTION('',(0.,-1.));
#5068 = ( GEOMETRIC_REPRESENTATION_CONTEXT(2) 
PARAMETRIC_REPRESENTATION_CONTEXT() REPRESENTATION_CONTEXT('2D SPACE',''
  ) );
#5069 = PCURVE('',#4955,#5070);
#5070 = DEFINITIONAL_REPRESENTATION('',(#5071),#5075);
#5071 = LINE('',#5072,#5073);
#5072 = CARTESIAN_POINT('',(120.,0.));
#5073 = VECTOR('',#5074,1.);
#5074 = DIRECTION('',(0.,1.));
#5075 = ( GEOMETRIC_REPRESENTATION_CONTEXT(2) 
PARAMETRIC_REPRESENTATION_CONTEXT() REPRESENTATION_CONTEXT('2D SPACE',''
  ) );
#5076 = ORIENTED_EDGE('',*,*,#5077,.T.);
#5077 = EDGE_CURVE('',#5055,#5078,#5080,.T.);
#5078 = VERTEX_POINT('',#5079);
#5079 = CARTESIAN_POINT('',(320.,25.,340.));
#5080 = SURFACE_CURVE('',#5081,(#5085,#5092),.PCURVE_S1.);
#5081 = LINE('',#5082,#5083);
#5082 = CARTESIAN_POINT('',(320.,25.,334.));
#5083 = VECTOR('',#5084,1.);
#5084 = DIRECTION('',(0.,0.,1.));
#5085 = PCURVE('',#5035,#5086);
#5086 = DEFINITIONAL_REPRESENTATION('',(#5087),#5091);
#5087 = LINE('',#5088,#5089);
#5088 = CARTESIAN_POINT('',(0.,-50.));
#5089 = VECTOR('',#5090,1.);
#5090 = DIRECTION('',(1.,0.));
#5091 = ( GEOMETRIC_REPRESENTATION_CONTEXT(2) 
PARAMETRIC_REPRESENTATION_CONTEXT() REPRESENTATION_CONTEXT('2D SPACE',''
  ) );
#5092 = PCURVE('',#4983,#5093);
#5093 = DEFINITIONAL_REPRESENTATION('',(#5094),#5098);
#5094 = LINE('',#5095,#5096);
#5095 = CARTESIAN_POINT('',(0.,120.));
#5096 = VECTOR('',#5097,1.);
#5097 = DIRECTION('',(1.,0.));
#5098 = ( GEOMETRIC_REPRESENTATION_CONTEXT(2) 
PARAMETRIC_REPRESENTATION_CONTEXT() REPRESENTATION_CONTEXT('2D SPACE',''
  ) );
#5099 = ORIENTED_EDGE('',*,*,#5100,.F.);
#5100 = EDGE_CURVE('',#5027,#5078,#5101,.T.);
#5101 = SURFACE_CURVE('',#5102,(#5106,#5113),.PCURVE_S1.);
#5102 = LINE('',#5103,#5104);
#5103 = CARTESIAN_POINT('',(320.,-25.,340.));
#5104 = VECTOR('',#5105,1.);
#5105 = DIRECTION('',(0.,1.,0.));
#5106 = PCURVE('',#5035,#5107);
#5107 = DEFINITIONAL_REPRESENTATION('',(#5108),#5112);
#5108 = LINE('',#5109,#5110);
#5109 = CARTESIAN_POINT('',(6.,0.));
#5110 = VECTOR('',#5111,1.);
#5111 = DIRECTION('',(0.,-1.));
#5112 = ( GEOMETRIC_REPRESENTATION_CONTEXT(2) 
PARAMETRIC_REPRESENTATION_CONTEXT() REPRESENTATION_CONTEXT('2D SPACE',''
  ) );
#5113 = PCURVE('',#5009,#5114);
#5114 = DEFINITIONAL_REPRESENTATION('',(#5115),#5119);
#5115 = LINE('',#5116,#5117);
#5116 = CARTESIAN_POINT('',(120.,0.));
#5117 = VECTOR('',#5118,1.);
#5118 = DIRECTION('',(0.,1.));
#5119 = ( GEOMETRIC_REPRESENTATION_CONTEXT(2) 
PARAMETRIC_REPRESENTATION_CONTEXT() REPRESENTATION_CONTEXT('2D SPACE',''
  ) );
#5120 = ADVANCED_FACE('',(#5121),#4927,.F.);
#5121 = FACE_BOUND('',#5122,.F.);
#5122 = EDGE_LOOP('',(#5123,#5144,#5145,#5166));
#5123 = ORIENTED_EDGE('',*,*,#5124,.F.);
#5124 = EDGE_CURVE('',#4905,#5025,#5125,.T.);
#5125 = SURFACE_CURVE('',#5126,(#5130,#5137),.PCURVE_S1.);
#5126 = LINE('',#5127,#5128);
#5127 = CARTESIAN_POINT('',(200.,-25.,334.));
#5128 = VECTOR('',#5129,1.);
#5129 = DIRECTION('',(1.,0.,0.));
#5130 = PCURVE('',#4927,#5131);
#5131 = DEFINITIONAL_REPRESENTATION('',(#5132),#5136);
#5132 = LINE('',#5133,#5134);
#5133 = CARTESIAN_POINT('',(0.,0.));
#5134 = VECTOR('',#5135,1.);
#5135 = DIRECTION('',(0.,1.));
#5136 = ( GEOMETRIC_REPRESENTATION_CONTEXT(2) 
PARAMETRIC_REPRESENTATION_CONTEXT() REPRESENTATION_CONTEXT('2D SPACE',''
  ) );
#5137 = PCURVE('',#4955,#5138);
#5138 = DEFINITIONAL_REPRESENTATION('',(#5139),#5143);
#5139 = LINE('',#5140,#5141);
#5140 = CARTESIAN_POINT('',(0.,0.));
#5141 = VECTOR('',#5142,1.);
#5142 = DIRECTION('',(1.,0.));
#5143 = ( GEOMETRIC_REPRESENTATION_CONTEXT(2) 
PARAMETRIC_REPRESENTATION_CONTEXT() REPRESENTATION_CONTEXT('2D SPACE',''
  ) );
#5144 = ORIENTED_EDGE('',*,*,#4904,.T.);
#5145 = ORIENTED_EDGE('',*,*,#5146,.T.);
#5146 = EDGE_CURVE('',#4907,#5027,#5147,.T.);
#5147 = SURFACE_CURVE('',#5148,(#5152,#5159),.PCURVE_S1.);
#5148 = LINE('',#5149,#5150);
#5149 = CARTESIAN_POINT('',(200.,-25.,340.));
#5150 = VECTOR('',#5151,1.);
#5151 = DIRECTION('',(1.,0.,0.));
#5152 = PCURVE('',#4927,#5153);
#5153 = DEFINITIONAL_REPRESENTATION('',(#5154),#5158);
#5154 = LINE('',#5155,#5156);
#5155 = CARTESIAN_POINT('',(6.,0.));
#5156 = VECTOR('',#5157,1.);
#5157 = DIRECTION('',(0.,1.));
#5158 = ( GEOMETRIC_REPRESENTATION_CONTEXT(2) 
PARAMETRIC_REPRESENTATION_CONTEXT() REPRESENTATION_CONTEXT('2D SPACE',''
  ) );
#5159 = PCURVE('',#5009,#5160);
#5160 = DEFINITIONAL_REPRESENTATION('',(#5161),#5165);
#5161 = LINE('',#5162,#5163);
#5162 = CARTESIAN_POINT('',(0.,0.));
#5163 = VECTOR('',#5164,1.);
#5164 = DIRECTION('',(1.,0.));
#5165 = ( GEOMETRIC_REPRESENTATION_CONTEXT(2) 
PARAMETRIC_REPRESENTATION_CONTEXT() REPRESENTATION_CONTEXT('2D SPACE',''
  ) );
#5166 = ORIENTED_EDGE('',*,*,#5024,.F.);
#5167 = ADVANCED_FACE('',(#5168),#4983,.T.);
#5168 = FACE_BOUND('',#5169,.T.);
#5169 = EDGE_LOOP('',(#5170,#5191,#5192,#5213));
#5170 = ORIENTED_EDGE('',*,*,#5171,.F.);
#5171 = EDGE_CURVE('',#4940,#5055,#5172,.T.);
#5172 = SURFACE_CURVE('',#5173,(#5177,#5184),.PCURVE_S1.);
#5173 = LINE('',#5174,#5175);
#5174 = CARTESIAN_POINT('',(200.,25.,334.));
#5175 = VECTOR('',#5176,1.);
#5176 = DIRECTION('',(1.,0.,0.));
#5177 = PCURVE('',#4983,#5178);
#5178 = DEFINITIONAL_REPRESENTATION('',(#5179),#5183);
#5179 = LINE('',#5180,#5181);
#5180 = CARTESIAN_POINT('',(0.,0.));
#5181 = VECTOR('',#5182,1.);
#5182 = DIRECTION('',(0.,1.));
#5183 = ( GEOMETRIC_REPRESENTATION_CONTEXT(2) 
PARAMETRIC_REPRESENTATION_CONTEXT() REPRESENTATION_CONTEXT('2D SPACE',''
  ) );
#5184 = PCURVE('',#4955,#5185);
#5185 = DEFINITIONAL_REPRESENTATION('',(#5186),#5190);
#5186 = LINE('',#5187,#5188);
#5187 = CARTESIAN_POINT('',(0.,50.));
#5188 = VECTOR('',#5189,1.);
#5189 = DIRECTION('',(1.,0.));
#5190 = ( GEOMETRIC_REPRESENTATION_CONTEXT(2) 
PARAMETRIC_REPRESENTATION_CONTEXT() REPRESENTATION_CONTEXT('2D SPACE',''
  ) );
#5191 = ORIENTED_EDGE('',*,*,#4967,.T.);
#5192 = ORIENTED_EDGE('',*,*,#5193,.T.);
#5193 = EDGE_CURVE('',#4968,#5078,#5194,.T.);
#5194 = SURFACE_CURVE('',#5195,(#5199,#5206),.PCURVE_S1.);
#5195 = LINE('',#5196,#5197);
#5196 = CARTESIAN_POINT('',(200.,25.,340.));
#5197 = VECTOR('',#5198,1.);
#5198 = DIRECTION('',(1.,0.,0.));
#5199 = PCURVE('',#4983,#5200);
#5200 = DEFINITIONAL_REPRESENTATION('',(#5201),#5205);
#5201 = LINE('',#5202,#5203);
#5202 = CARTESIAN_POINT('',(6.,0.));
#5203 = VECTOR('',#5204,1.);
#5204 = DIRECTION('',(0.,1.));
#5205 = ( GEOMETRIC_REPRESENTATION_CONTEXT(2) 
PARAMETRIC_REPRESENTATION_CONTEXT() REPRESENTATION_CONTEXT('2D SPACE',''
  ) );
#5206 = PCURVE('',#5009,#5207);
#5207 = DEFINITIONAL_REPRESENTATION('',(#5208),#5212);
#5208 = LINE('',#5209,#5210);
#5209 = CARTESIAN_POINT('',(0.,50.));
#5210 = VECTOR('',#5211,1.);
#5211 = DIRECTION('',(1.,0.));
#5212 = ( GEOMETRIC_REPRESENTATION_CONTEXT(2) 
PARAMETRIC_REPRESENTATION_CONTEXT() REPRESENTATION_CONTEXT('2D SPACE',''
  ) );
#5213 = ORIENTED_EDGE('',*,*,#5077,.F.);
#5214 = ADVANCED_FACE('',(#5215),#4955,.F.);
#5215 = FACE_BOUND('',#5216,.F.);
#5216 = EDGE_LOOP('',(#5217,#5218,#5219,#5220));
#5217 = ORIENTED_EDGE('',*,*,#4939,.F.);
#5218 = ORIENTED_EDGE('',*,*,#5124,.T.);
#5219 = ORIENTED_EDGE('',*,*,#5054,.T.);
#5220 = ORIENTED_EDGE('',*,*,#5171,.F.);
#5221 = ADVANCED_FACE('',(#5222),#5009,.T.);
#5222 = FACE_BOUND('',#5223,.T.);
#5223 = EDGE_LOOP('',(#5224,#5225,#5226,#5227));
#5224 = ORIENTED_EDGE('',*,*,#4995,.F.);
#5225 = ORIENTED_EDGE('',*,*,#5146,.T.);
#5226 = ORIENTED_EDGE('',*,*,#5100,.T.);
#5227 = ORIENTED_EDGE('',*,*,#5193,.F.);
#5228 = ( GEOMETRIC_REPRESENTATION_CONTEXT(3) 
GLOBAL_UNCERTAINTY_ASSIGNED_CONTEXT((#5232)) 
GLOBAL_UNIT_ASSIGNED_CONTEXT((#5229,#5230,#5231)) REPRESENTATION_CONTEXT
('Context #1','3D Context with UNIT and UNCERTAINTY') );
#5229 = ( LENGTH_UNIT() NAMED_UNIT(*) SI_UNIT(.MILLI.,.METRE.) );
#5230 = ( NAMED_UNIT(*) PLANE_ANGLE_UNIT() SI_UNIT($,.RADIAN.) );
#5231 = ( NAMED_UNIT(*) SI_UNIT($,.STERADIAN.) SOLID_ANGLE_UNIT() );
#5232 = UNCERTAINTY_MEASURE_WITH_UNIT(LENGTH_MEASURE(1.E-07),#5229,
  'distance_accuracy_value','confusion accuracy');
#5233 = CONTEXT_DEPENDENT_SHAPE_REPRESENTATION(#5234,#5236);
#5234 = ( REPRESENTATION_RELATIONSHIP('','',#4897,#10) 
REPRESENTATION_RELATIONSHIP_WITH_TRANSFORMATION(#5235) 
SHAPE_REPRESENTATION_RELATIONSHIP() );
#5235 = ITEM_DEFINED_TRANSFORMATION('','',#11,#43);
#5236 = PRODUCT_DEFINITION_SHAPE('Placement','Placement of an item',
  #5237);
#5237 = NEXT_ASSEMBLY_USAGE_OCCURRENCE('3287',
  'NVR-P10_secondary_locator_plate','',#5,#4892,$);
#5238 = PRODUCT_RELATED_PRODUCT_CATEGORY('part',$,(#4894));
#5239 = SHAPE_DEFINITION_REPRESENTATION(#5240,#5246);
#5240 = PRODUCT_DEFINITION_SHAPE('','',#5241);
#5241 = PRODUCT_DEFINITION('design','',#5242,#5245);
#5242 = PRODUCT_DEFINITION_FORMATION('','',#5243);
#5243 = PRODUCT('NVR-C02_secondary_locator_PROVISIONAL',
  'NVR-C02_secondary_locator_PROVISIONAL','',(#5244));
#5244 = PRODUCT_CONTEXT('',#2,'mechanical');
#5245 = PRODUCT_DEFINITION_CONTEXT('part definition',#2,'design');
#5246 = ADVANCED_BREP_SHAPE_REPRESENTATION('',(#11,#5247),#5345);
#5247 = MANIFOLD_SOLID_BREP('',#5248);
#5248 = CLOSED_SHELL('',(#5249,#5337,#5341));
#5249 = ADVANCED_FACE('',(#5250),#5264,.T.);
#5250 = FACE_BOUND('',#5251,.F.);
#5251 = EDGE_LOOP('',(#5252,#5282,#5309,#5310));
#5252 = ORIENTED_EDGE('',*,*,#5253,.T.);
#5253 = EDGE_CURVE('',#5254,#5256,#5258,.T.);
#5254 = VERTEX_POINT('',#5255);
#5255 = CARTESIAN_POINT('',(269.,0.,340.));
#5256 = VERTEX_POINT('',#5257);
#5257 = CARTESIAN_POINT('',(269.,0.,365.));
#5258 = SEAM_CURVE('',#5259,(#5263,#5275),.PCURVE_S1.);
#5259 = LINE('',#5260,#5261);
#5260 = CARTESIAN_POINT('',(269.,0.,340.));
#5261 = VECTOR('',#5262,1.);
#5262 = DIRECTION('',(0.,0.,1.));
#5263 = PCURVE('',#5264,#5269);
#5264 = CYLINDRICAL_SURFACE('',#5265,9.);
#5265 = AXIS2_PLACEMENT_3D('',#5266,#5267,#5268);
#5266 = CARTESIAN_POINT('',(260.,0.,340.));
#5267 = DIRECTION('',(-0.,-0.,-1.));
#5268 = DIRECTION('',(1.,0.,0.));
#5269 = DEFINITIONAL_REPRESENTATION('',(#5270),#5274);
#5270 = LINE('',#5271,#5272);
#5271 = CARTESIAN_POINT('',(-0.,0.));
#5272 = VECTOR('',#5273,1.);
#5273 = DIRECTION('',(-0.,-1.));
#5274 = ( GEOMETRIC_REPRESENTATION_CONTEXT(2) 
PARAMETRIC_REPRESENTATION_CONTEXT() REPRESENTATION_CONTEXT('2D SPACE',''
  ) );
#5275 = PCURVE('',#5264,#5276);
#5276 = DEFINITIONAL_REPRESENTATION('',(#5277),#5281);
#5277 = LINE('',#5278,#5279);
#5278 = CARTESIAN_POINT('',(-6.28318530718,0.));
#5279 = VECTOR('',#5280,1.);
#5280 = DIRECTION('',(-0.,-1.));
#5281 = ( GEOMETRIC_REPRESENTATION_CONTEXT(2) 
PARAMETRIC_REPRESENTATION_CONTEXT() REPRESENTATION_CONTEXT('2D SPACE',''
  ) );
#5282 = ORIENTED_EDGE('',*,*,#5283,.T.);
#5283 = EDGE_CURVE('',#5256,#5256,#5284,.T.);
#5284 = SURFACE_CURVE('',#5285,(#5290,#5297),.PCURVE_S1.);
#5285 = CIRCLE('',#5286,9.);
#5286 = AXIS2_PLACEMENT_3D('',#5287,#5288,#5289);
#5287 = CARTESIAN_POINT('',(260.,0.,365.));
#5288 = DIRECTION('',(0.,0.,1.));
#5289 = DIRECTION('',(1.,0.,0.));
#5290 = PCURVE('',#5264,#5291);
#5291 = DEFINITIONAL_REPRESENTATION('',(#5292),#5296);
#5292 = LINE('',#5293,#5294);
#5293 = CARTESIAN_POINT('',(-0.,-25.));
#5294 = VECTOR('',#5295,1.);
#5295 = DIRECTION('',(-1.,0.));
#5296 = ( GEOMETRIC_REPRESENTATION_CONTEXT(2) 
PARAMETRIC_REPRESENTATION_CONTEXT() REPRESENTATION_CONTEXT('2D SPACE',''
  ) );
#5297 = PCURVE('',#5298,#5303);
#5298 = PLANE('',#5299);
#5299 = AXIS2_PLACEMENT_3D('',#5300,#5301,#5302);
#5300 = CARTESIAN_POINT('',(260.,-3.673940397442E-16,365.));
#5301 = DIRECTION('',(0.,0.,1.));
#5302 = DIRECTION('',(1.,0.,-0.));
#5303 = DEFINITIONAL_REPRESENTATION('',(#5304),#5308);
#5304 = CIRCLE('',#5305,9.);
#5305 = AXIS2_PLACEMENT_2D('',#5306,#5307);
#5306 = CARTESIAN_POINT('',(0.,3.673940397442E-16));
#5307 = DIRECTION('',(1.,0.));
#5308 = ( GEOMETRIC_REPRESENTATION_CONTEXT(2) 
PARAMETRIC_REPRESENTATION_CONTEXT() REPRESENTATION_CONTEXT('2D SPACE',''
  ) );
#5309 = ORIENTED_EDGE('',*,*,#5253,.F.);
#5310 = ORIENTED_EDGE('',*,*,#5311,.F.);
#5311 = EDGE_CURVE('',#5254,#5254,#5312,.T.);
#5312 = SURFACE_CURVE('',#5313,(#5318,#5325),.PCURVE_S1.);
#5313 = CIRCLE('',#5314,9.);
#5314 = AXIS2_PLACEMENT_3D('',#5315,#5316,#5317);
#5315 = CARTESIAN_POINT('',(260.,0.,340.));
#5316 = DIRECTION('',(0.,0.,1.));
#5317 = DIRECTION('',(1.,0.,0.));
#5318 = PCURVE('',#5264,#5319);
#5319 = DEFINITIONAL_REPRESENTATION('',(#5320),#5324);
#5320 = LINE('',#5321,#5322);
#5321 = CARTESIAN_POINT('',(-0.,0.));
#5322 = VECTOR('',#5323,1.);
#5323 = DIRECTION('',(-1.,0.));
#5324 = ( GEOMETRIC_REPRESENTATION_CONTEXT(2) 
PARAMETRIC_REPRESENTATION_CONTEXT() REPRESENTATION_CONTEXT('2D SPACE',''
  ) );
#5325 = PCURVE('',#5326,#5331);
#5326 = PLANE('',#5327);
#5327 = AXIS2_PLACEMENT_3D('',#5328,#5329,#5330);
#5328 = CARTESIAN_POINT('',(260.,-3.673940397442E-16,340.));
#5329 = DIRECTION('',(0.,0.,1.));
#5330 = DIRECTION('',(1.,0.,-0.));
#5331 = DEFINITIONAL_REPRESENTATION('',(#5332),#5336);
#5332 = CIRCLE('',#5333,9.);
#5333 = AXIS2_PLACEMENT_2D('',#5334,#5335);
#5334 = CARTESIAN_POINT('',(0.,3.673940397442E-16));
#5335 = DIRECTION('',(1.,0.));
#5336 = ( GEOMETRIC_REPRESENTATION_CONTEXT(2) 
PARAMETRIC_REPRESENTATION_CONTEXT() REPRESENTATION_CONTEXT('2D SPACE',''
  ) );
#5337 = ADVANCED_FACE('',(#5338),#5326,.F.);
#5338 = FACE_BOUND('',#5339,.F.);
#5339 = EDGE_LOOP('',(#5340));
#5340 = ORIENTED_EDGE('',*,*,#5311,.T.);
#5341 = ADVANCED_FACE('',(#5342),#5298,.T.);
#5342 = FACE_BOUND('',#5343,.T.);
#5343 = EDGE_LOOP('',(#5344));
#5344 = ORIENTED_EDGE('',*,*,#5283,.T.);
#5345 = ( GEOMETRIC_REPRESENTATION_CONTEXT(3) 
GLOBAL_UNCERTAINTY_ASSIGNED_CONTEXT((#5349)) 
GLOBAL_UNIT_ASSIGNED_CONTEXT((#5346,#5347,#5348)) REPRESENTATION_CONTEXT
('Context #1','3D Context with UNIT and UNCERTAINTY') );
#5346 = ( LENGTH_UNIT() NAMED_UNIT(*) SI_UNIT(.MILLI.,.METRE.) );
#5347 = ( NAMED_UNIT(*) PLANE_ANGLE_UNIT() SI_UNIT($,.RADIAN.) );
#5348 = ( NAMED_UNIT(*) SI_UNIT($,.STERADIAN.) SOLID_ANGLE_UNIT() );
#5349 = UNCERTAINTY_MEASURE_WITH_UNIT(LENGTH_MEASURE(1.E-07),#5346,
  'distance_accuracy_value','confusion accuracy');
#5350 = CONTEXT_DEPENDENT_SHAPE_REPRESENTATION(#5351,#5353);
#5351 = ( REPRESENTATION_RELATIONSHIP('','',#5246,#10) 
REPRESENTATION_RELATIONSHIP_WITH_TRANSFORMATION(#5352) 
SHAPE_REPRESENTATION_RELATIONSHIP() );
#5352 = ITEM_DEFINED_TRANSFORMATION('','',#11,#47);
#5353 = PRODUCT_DEFINITION_SHAPE('Placement','Placement of an item',
  #5354);
#5354 = NEXT_ASSEMBLY_USAGE_OCCURRENCE('3288',
  'NVR-C02_secondary_locator_PROVISIONAL','',#5,#5241,$);
#5355 = PRODUCT_RELATED_PRODUCT_CATEGORY('part',$,(#5243));
#5356 = SHAPE_DEFINITION_REPRESENTATION(#5357,#5363);
#5357 = PRODUCT_DEFINITION_SHAPE('','',#5358);
#5358 = PRODUCT_DEFINITION('design','',#5359,#5362);
#5359 = PRODUCT_DEFINITION_FORMATION('','',#5360);
#5360 = PRODUCT('LOCATOR_2_screw','LOCATOR_2_screw','',(#5361));
#5361 = PRODUCT_CONTEXT('',#2,'mechanical');
#5362 = PRODUCT_DEFINITION_CONTEXT('part definition',#2,'design');
#5363 = SHAPE_REPRESENTATION('',(#11,#5364,#5462),#5560);
#5364 = MANIFOLD_SOLID_BREP('',#5365);
#5365 = CLOSED_SHELL('',(#5366,#5454,#5458));
#5366 = ADVANCED_FACE('',(#5367),#5381,.T.);
#5367 = FACE_BOUND('',#5368,.F.);
#5368 = EDGE_LOOP('',(#5369,#5399,#5426,#5427));
#5369 = ORIENTED_EDGE('',*,*,#5370,.T.);
#5370 = EDGE_CURVE('',#5371,#5373,#5375,.T.);
#5371 = VERTEX_POINT('',#5372);
#5372 = CARTESIAN_POINT('',(264.,0.,335.));
#5373 = VERTEX_POINT('',#5374);
#5374 = CARTESIAN_POINT('',(264.,0.,375.));
#5375 = SEAM_CURVE('',#5376,(#5380,#5392),.PCURVE_S1.);
#5376 = LINE('',#5377,#5378);
#5377 = CARTESIAN_POINT('',(264.,0.,335.));
#5378 = VECTOR('',#5379,1.);
#5379 = DIRECTION('',(0.,0.,1.));
#5380 = PCURVE('',#5381,#5386);
#5381 = CYLINDRICAL_SURFACE('',#5382,4.);
#5382 = AXIS2_PLACEMENT_3D('',#5383,#5384,#5385);
#5383 = CARTESIAN_POINT('',(260.,0.,335.));
#5384 = DIRECTION('',(-0.,-0.,-1.));
#5385 = DIRECTION('',(1.,0.,0.));
#5386 = DEFINITIONAL_REPRESENTATION('',(#5387),#5391);
#5387 = LINE('',#5388,#5389);
#5388 = CARTESIAN_POINT('',(-0.,0.));
#5389 = VECTOR('',#5390,1.);
#5390 = DIRECTION('',(-0.,-1.));
#5391 = ( GEOMETRIC_REPRESENTATION_CONTEXT(2) 
PARAMETRIC_REPRESENTATION_CONTEXT() REPRESENTATION_CONTEXT('2D SPACE',''
  ) );
#5392 = PCURVE('',#5381,#5393);
#5393 = DEFINITIONAL_REPRESENTATION('',(#5394),#5398);
#5394 = LINE('',#5395,#5396);
#5395 = CARTESIAN_POINT('',(-6.28318530718,0.));
#5396 = VECTOR('',#5397,1.);
#5397 = DIRECTION('',(-0.,-1.));
#5398 = ( GEOMETRIC_REPRESENTATION_CONTEXT(2) 
PARAMETRIC_REPRESENTATION_CONTEXT() REPRESENTATION_CONTEXT('2D SPACE',''
  ) );
#5399 = ORIENTED_EDGE('',*,*,#5400,.T.);
#5400 = EDGE_CURVE('',#5373,#5373,#5401,.T.);
#5401 = SURFACE_CURVE('',#5402,(#5407,#5414),.PCURVE_S1.);
#5402 = CIRCLE('',#5403,4.);
#5403 = AXIS2_PLACEMENT_3D('',#5404,#5405,#5406);
#5404 = CARTESIAN_POINT('',(260.,0.,375.));
#5405 = DIRECTION('',(0.,0.,1.));
#5406 = DIRECTION('',(1.,0.,0.));
#5407 = PCURVE('',#5381,#5408);
#5408 = DEFINITIONAL_REPRESENTATION('',(#5409),#5413);
#5409 = LINE('',#5410,#5411);
#5410 = CARTESIAN_POINT('',(-0.,-40.));
#5411 = VECTOR('',#5412,1.);
#5412 = DIRECTION('',(-1.,0.));
#5413 = ( GEOMETRIC_REPRESENTATION_CONTEXT(2) 
PARAMETRIC_REPRESENTATION_CONTEXT() REPRESENTATION_CONTEXT('2D SPACE',''
  ) );
#5414 = PCURVE('',#5415,#5420);
#5415 = PLANE('',#5416);
#5416 = AXIS2_PLACEMENT_3D('',#5417,#5418,#5419);
#5417 = CARTESIAN_POINT('',(260.,7.643776681114E-18,375.));
#5418 = DIRECTION('',(0.,0.,1.));
#5419 = DIRECTION('',(1.,0.,-0.));
#5420 = DEFINITIONAL_REPRESENTATION('',(#5421),#5425);
#5421 = CIRCLE('',#5422,4.);
#5422 = AXIS2_PLACEMENT_2D('',#5423,#5424);
#5423 = CARTESIAN_POINT('',(0.,-7.643776681114E-18));
#5424 = DIRECTION('',(1.,0.));
#5425 = ( GEOMETRIC_REPRESENTATION_CONTEXT(2) 
PARAMETRIC_REPRESENTATION_CONTEXT() REPRESENTATION_CONTEXT('2D SPACE',''
  ) );
#5426 = ORIENTED_EDGE('',*,*,#5370,.F.);
#5427 = ORIENTED_EDGE('',*,*,#5428,.F.);
#5428 = EDGE_CURVE('',#5371,#5371,#5429,.T.);
#5429 = SURFACE_CURVE('',#5430,(#5435,#5442),.PCURVE_S1.);
#5430 = CIRCLE('',#5431,4.);
#5431 = AXIS2_PLACEMENT_3D('',#5432,#5433,#5434);
#5432 = CARTESIAN_POINT('',(260.,0.,335.));
#5433 = DIRECTION('',(0.,0.,1.));
#5434 = DIRECTION('',(1.,0.,0.));
#5435 = PCURVE('',#5381,#5436);
#5436 = DEFINITIONAL_REPRESENTATION('',(#5437),#5441);
#5437 = LINE('',#5438,#5439);
#5438 = CARTESIAN_POINT('',(-0.,0.));
#5439 = VECTOR('',#5440,1.);
#5440 = DIRECTION('',(-1.,0.));
#5441 = ( GEOMETRIC_REPRESENTATION_CONTEXT(2) 
PARAMETRIC_REPRESENTATION_CONTEXT() REPRESENTATION_CONTEXT('2D SPACE',''
  ) );
#5442 = PCURVE('',#5443,#5448);
#5443 = PLANE('',#5444);
#5444 = AXIS2_PLACEMENT_3D('',#5445,#5446,#5447);
#5445 = CARTESIAN_POINT('',(260.,7.643776681114E-18,335.));
#5446 = DIRECTION('',(0.,0.,1.));
#5447 = DIRECTION('',(1.,0.,-0.));
#5448 = DEFINITIONAL_REPRESENTATION('',(#5449),#5453);
#5449 = CIRCLE('',#5450,4.);
#5450 = AXIS2_PLACEMENT_2D('',#5451,#5452);
#5451 = CARTESIAN_POINT('',(0.,-7.643776681114E-18));
#5452 = DIRECTION('',(1.,0.));
#5453 = ( GEOMETRIC_REPRESENTATION_CONTEXT(2) 
PARAMETRIC_REPRESENTATION_CONTEXT() REPRESENTATION_CONTEXT('2D SPACE',''
  ) );
#5454 = ADVANCED_FACE('',(#5455),#5443,.F.);
#5455 = FACE_BOUND('',#5456,.F.);
#5456 = EDGE_LOOP('',(#5457));
#5457 = ORIENTED_EDGE('',*,*,#5428,.T.);
#5458 = ADVANCED_FACE('',(#5459),#5415,.T.);
#5459 = FACE_BOUND('',#5460,.T.);
#5460 = EDGE_LOOP('',(#5461));
#5461 = ORIENTED_EDGE('',*,*,#5400,.T.);
#5462 = MANIFOLD_SOLID_BREP('',#5463);
#5463 = CLOSED_SHELL('',(#5464,#5552,#5556));
#5464 = ADVANCED_FACE('',(#5465),#5479,.T.);
#5465 = FACE_BOUND('',#5466,.F.);
#5466 = EDGE_LOOP('',(#5467,#5497,#5524,#5525));
#5467 = ORIENTED_EDGE('',*,*,#5468,.T.);
#5468 = EDGE_CURVE('',#5469,#5471,#5473,.T.);
#5469 = VERTEX_POINT('',#5470);
#5470 = CARTESIAN_POINT('',(266.5,0.,370.));
#5471 = VERTEX_POINT('',#5472);
#5472 = CARTESIAN_POINT('',(266.5,0.,375.));
#5473 = SEAM_CURVE('',#5474,(#5478,#5490),.PCURVE_S1.);
#5474 = LINE('',#5475,#5476);
#5475 = CARTESIAN_POINT('',(266.5,0.,370.));
#5476 = VECTOR('',#5477,1.);
#5477 = DIRECTION('',(0.,0.,1.));
#5478 = PCURVE('',#5479,#5484);
#5479 = CYLINDRICAL_SURFACE('',#5480,6.5);
#5480 = AXIS2_PLACEMENT_3D('',#5481,#5482,#5483);
#5481 = CARTESIAN_POINT('',(260.,0.,370.));
#5482 = DIRECTION('',(-0.,-0.,-1.));
#5483 = DIRECTION('',(1.,0.,0.));
#5484 = DEFINITIONAL_REPRESENTATION('',(#5485),#5489);
#5485 = LINE('',#5486,#5487);
#5486 = CARTESIAN_POINT('',(-0.,0.));
#5487 = VECTOR('',#5488,1.);
#5488 = DIRECTION('',(-0.,-1.));
#5489 = ( GEOMETRIC_REPRESENTATION_CONTEXT(2) 
PARAMETRIC_REPRESENTATION_CONTEXT() REPRESENTATION_CONTEXT('2D SPACE',''
  ) );
#5490 = PCURVE('',#5479,#5491);
#5491 = DEFINITIONAL_REPRESENTATION('',(#5492),#5496);
#5492 = LINE('',#5493,#5494);
#5493 = CARTESIAN_POINT('',(-6.28318530718,0.));
#5494 = VECTOR('',#5495,1.);
#5495 = DIRECTION('',(-0.,-1.));
#5496 = ( GEOMETRIC_REPRESENTATION_CONTEXT(2) 
PARAMETRIC_REPRESENTATION_CONTEXT() REPRESENTATION_CONTEXT('2D SPACE',''
  ) );
#5497 = ORIENTED_EDGE('',*,*,#5498,.T.);
#5498 = EDGE_CURVE('',#5471,#5471,#5499,.T.);
#5499 = SURFACE_CURVE('',#5500,(#5505,#5512),.PCURVE_S1.);
#5500 = CIRCLE('',#5501,6.5);
#5501 = AXIS2_PLACEMENT_3D('',#5502,#5503,#5504);
#5502 = CARTESIAN_POINT('',(260.,0.,375.));
#5503 = DIRECTION('',(0.,0.,1.));
#5504 = DIRECTION('',(1.,0.,0.));
#5505 = PCURVE('',#5479,#5506);
#5506 = DEFINITIONAL_REPRESENTATION('',(#5507),#5511);
#5507 = LINE('',#5508,#5509);
#5508 = CARTESIAN_POINT('',(-0.,-5.));
#5509 = VECTOR('',#5510,1.);
#5510 = DIRECTION('',(-1.,0.));
#5511 = ( GEOMETRIC_REPRESENTATION_CONTEXT(2) 
PARAMETRIC_REPRESENTATION_CONTEXT() REPRESENTATION_CONTEXT('2D SPACE',''
  ) );
#5512 = PCURVE('',#5513,#5518);
#5513 = PLANE('',#5514);
#5514 = AXIS2_PLACEMENT_3D('',#5515,#5516,#5517);
#5515 = CARTESIAN_POINT('',(260.,3.657860752029E-16,375.));
#5516 = DIRECTION('',(0.,0.,1.));
#5517 = DIRECTION('',(1.,0.,-0.));
#5518 = DEFINITIONAL_REPRESENTATION('',(#5519),#5523);
#5519 = CIRCLE('',#5520,6.5);
#5520 = AXIS2_PLACEMENT_2D('',#5521,#5522);
#5521 = CARTESIAN_POINT('',(0.,-3.657860752029E-16));
#5522 = DIRECTION('',(1.,0.));
#5523 = ( GEOMETRIC_REPRESENTATION_CONTEXT(2) 
PARAMETRIC_REPRESENTATION_CONTEXT() REPRESENTATION_CONTEXT('2D SPACE',''
  ) );
#5524 = ORIENTED_EDGE('',*,*,#5468,.F.);
#5525 = ORIENTED_EDGE('',*,*,#5526,.F.);
#5526 = EDGE_CURVE('',#5469,#5469,#5527,.T.);
#5527 = SURFACE_CURVE('',#5528,(#5533,#5540),.PCURVE_S1.);
#5528 = CIRCLE('',#5529,6.5);
#5529 = AXIS2_PLACEMENT_3D('',#5530,#5531,#5532);
#5530 = CARTESIAN_POINT('',(260.,0.,370.));
#5531 = DIRECTION('',(0.,0.,1.));
#5532 = DIRECTION('',(1.,0.,0.));
#5533 = PCURVE('',#5479,#5534);
#5534 = DEFINITIONAL_REPRESENTATION('',(#5535),#5539);
#5535 = LINE('',#5536,#5537);
#5536 = CARTESIAN_POINT('',(-0.,0.));
#5537 = VECTOR('',#5538,1.);
#5538 = DIRECTION('',(-1.,0.));
#5539 = ( GEOMETRIC_REPRESENTATION_CONTEXT(2) 
PARAMETRIC_REPRESENTATION_CONTEXT() REPRESENTATION_CONTEXT('2D SPACE',''
  ) );
#5540 = PCURVE('',#5541,#5546);
#5541 = PLANE('',#5542);
#5542 = AXIS2_PLACEMENT_3D('',#5543,#5544,#5545);
#5543 = CARTESIAN_POINT('',(260.,3.657860752029E-16,370.));
#5544 = DIRECTION('',(0.,0.,1.));
#5545 = DIRECTION('',(1.,0.,-0.));
#5546 = DEFINITIONAL_REPRESENTATION('',(#5547),#5551);
#5547 = CIRCLE('',#5548,6.5);
#5548 = AXIS2_PLACEMENT_2D('',#5549,#5550);
#5549 = CARTESIAN_POINT('',(0.,-3.657860752029E-16));
#5550 = DIRECTION('',(1.,0.));
#5551 = ( GEOMETRIC_REPRESENTATION_CONTEXT(2) 
PARAMETRIC_REPRESENTATION_CONTEXT() REPRESENTATION_CONTEXT('2D SPACE',''
  ) );
#5552 = ADVANCED_FACE('',(#5553),#5541,.F.);
#5553 = FACE_BOUND('',#5554,.F.);
#5554 = EDGE_LOOP('',(#5555));
#5555 = ORIENTED_EDGE('',*,*,#5526,.T.);
#5556 = ADVANCED_FACE('',(#5557),#5513,.T.);
#5557 = FACE_BOUND('',#5558,.T.);
#5558 = EDGE_LOOP('',(#5559));
#5559 = ORIENTED_EDGE('',*,*,#5498,.T.);
#5560 = ( GEOMETRIC_REPRESENTATION_CONTEXT(3) 
GLOBAL_UNCERTAINTY_ASSIGNED_CONTEXT((#5564)) 
GLOBAL_UNIT_ASSIGNED_CONTEXT((#5561,#5562,#5563)) REPRESENTATION_CONTEXT
('Context #1','3D Context with UNIT and UNCERTAINTY') );
#5561 = ( LENGTH_UNIT() NAMED_UNIT(*) SI_UNIT(.MILLI.,.METRE.) );
#5562 = ( NAMED_UNIT(*) PLANE_ANGLE_UNIT() SI_UNIT($,.RADIAN.) );
#5563 = ( NAMED_UNIT(*) SI_UNIT($,.STERADIAN.) SOLID_ANGLE_UNIT() );
#5564 = UNCERTAINTY_MEASURE_WITH_UNIT(LENGTH_MEASURE(1.E-07),#5561,
  'distance_accuracy_value','confusion accuracy');
#5565 = CONTEXT_DEPENDENT_SHAPE_REPRESENTATION(#5566,#5568);
#5566 = ( REPRESENTATION_RELATIONSHIP('','',#5363,#10) 
REPRESENTATION_RELATIONSHIP_WITH_TRANSFORMATION(#5567) 
SHAPE_REPRESENTATION_RELATIONSHIP() );
#5567 = ITEM_DEFINED_TRANSFORMATION('','',#11,#51);
#5568 = PRODUCT_DEFINITION_SHAPE('Placement','Placement of an item',
  #5569);
#5569 = NEXT_ASSEMBLY_USAGE_OCCURRENCE('3289','LOCATOR_2_screw','',#5,
  #5358,$);
#5570 = PRODUCT_RELATED_PRODUCT_CATEGORY('part',$,(#5360));
#5571 = SHAPE_DEFINITION_REPRESENTATION(#5572,#5578);
#5572 = PRODUCT_DEFINITION_SHAPE('','',#5573);
#5573 = PRODUCT_DEFINITION('design','',#5574,#5577);
#5574 = PRODUCT_DEFINITION_FORMATION('','',#5575);
#5575 = PRODUCT('LOCATOR_2_washer','LOCATOR_2_washer','',(#5576));
#5576 = PRODUCT_CONTEXT('',#2,'mechanical');
#5577 = PRODUCT_DEFINITION_CONTEXT('part definition',#2,'design');
#5578 = ADVANCED_BREP_SHAPE_REPRESENTATION('',(#11,#5579),#5769);
#5579 = MANIFOLD_SOLID_BREP('',#5580);
#5580 = CLOSED_SHELL('',(#5581,#5669,#5708,#5742));
#5581 = ADVANCED_FACE('',(#5582),#5596,.T.);
#5582 = FACE_BOUND('',#5583,.F.);
#5583 = EDGE_LOOP('',(#5584,#5614,#5641,#5642));
#5584 = ORIENTED_EDGE('',*,*,#5585,.T.);
#5585 = EDGE_CURVE('',#5586,#5588,#5590,.T.);
#5586 = VERTEX_POINT('',#5587);
#5587 = CARTESIAN_POINT('',(268.5,0.,369.));
#5588 = VERTEX_POINT('',#5589);
#5589 = CARTESIAN_POINT('',(268.5,0.,370.));
#5590 = SEAM_CURVE('',#5591,(#5595,#5607),.PCURVE_S1.);
#5591 = LINE('',#5592,#5593);
#5592 = CARTESIAN_POINT('',(268.5,0.,369.));
#5593 = VECTOR('',#5594,1.);
#5594 = DIRECTION('',(0.,0.,1.));
#5595 = PCURVE('',#5596,#5601);
#5596 = CYLINDRICAL_SURFACE('',#5597,8.5);
#5597 = AXIS2_PLACEMENT_3D('',#5598,#5599,#5600);
#5598 = CARTESIAN_POINT('',(260.,0.,369.));
#5599 = DIRECTION('',(-0.,-0.,-1.));
#5600 = DIRECTION('',(1.,0.,0.));
#5601 = DEFINITIONAL_REPRESENTATION('',(#5602),#5606);
#5602 = LINE('',#5603,#5604);
#5603 = CARTESIAN_POINT('',(-0.,0.));
#5604 = VECTOR('',#5605,1.);
#5605 = DIRECTION('',(-0.,-1.));
#5606 = ( GEOMETRIC_REPRESENTATION_CONTEXT(2) 
PARAMETRIC_REPRESENTATION_CONTEXT() REPRESENTATION_CONTEXT('2D SPACE',''
  ) );
#5607 = PCURVE('',#5596,#5608);
#5608 = DEFINITIONAL_REPRESENTATION('',(#5609),#5613);
#5609 = LINE('',#5610,#5611);
#5610 = CARTESIAN_POINT('',(-6.28318530718,0.));
#5611 = VECTOR('',#5612,1.);
#5612 = DIRECTION('',(-0.,-1.));
#5613 = ( GEOMETRIC_REPRESENTATION_CONTEXT(2) 
PARAMETRIC_REPRESENTATION_CONTEXT() REPRESENTATION_CONTEXT('2D SPACE',''
  ) );
#5614 = ORIENTED_EDGE('',*,*,#5615,.T.);
#5615 = EDGE_CURVE('',#5588,#5588,#5616,.T.);
#5616 = SURFACE_CURVE('',#5617,(#5622,#5629),.PCURVE_S1.);
#5617 = CIRCLE('',#5618,8.5);
#5618 = AXIS2_PLACEMENT_3D('',#5619,#5620,#5621);
#5619 = CARTESIAN_POINT('',(260.,0.,370.));
#5620 = DIRECTION('',(0.,0.,1.));
#5621 = DIRECTION('',(1.,0.,0.));
#5622 = PCURVE('',#5596,#5623);
#5623 = DEFINITIONAL_REPRESENTATION('',(#5624),#5628);
#5624 = LINE('',#5625,#5626);
#5625 = CARTESIAN_POINT('',(-0.,-1.));
#5626 = VECTOR('',#5627,1.);
#5627 = DIRECTION('',(-1.,0.));
#5628 = ( GEOMETRIC_REPRESENTATION_CONTEXT(2) 
PARAMETRIC_REPRESENTATION_CONTEXT() REPRESENTATION_CONTEXT('2D SPACE',''
  ) );
#5629 = PCURVE('',#5630,#5635);
#5630 = PLANE('',#5631);
#5631 = AXIS2_PLACEMENT_3D('',#5632,#5633,#5634);
#5632 = CARTESIAN_POINT('',(260.,-3.469832597584E-16,370.));
#5633 = DIRECTION('',(0.,0.,1.));
#5634 = DIRECTION('',(1.,0.,-0.));
#5635 = DEFINITIONAL_REPRESENTATION('',(#5636),#5640);
#5636 = CIRCLE('',#5637,8.5);
#5637 = AXIS2_PLACEMENT_2D('',#5638,#5639);
#5638 = CARTESIAN_POINT('',(0.,3.469832597584E-16));
#5639 = DIRECTION('',(1.,0.));
#5640 = ( GEOMETRIC_REPRESENTATION_CONTEXT(2) 
PARAMETRIC_REPRESENTATION_CONTEXT() REPRESENTATION_CONTEXT('2D SPACE',''
  ) );
#5641 = ORIENTED_EDGE('',*,*,#5585,.F.);
#5642 = ORIENTED_EDGE('',*,*,#5643,.F.);
#5643 = EDGE_CURVE('',#5586,#5586,#5644,.T.);
#5644 = SURFACE_CURVE('',#5645,(#5650,#5657),.PCURVE_S1.);
#5645 = CIRCLE('',#5646,8.5);
#5646 = AXIS2_PLACEMENT_3D('',#5647,#5648,#5649);
#5647 = CARTESIAN_POINT('',(260.,0.,369.));
#5648 = DIRECTION('',(0.,0.,1.));
#5649 = DIRECTION('',(1.,0.,0.));
#5650 = PCURVE('',#5596,#5651);
#5651 = DEFINITIONAL_REPRESENTATION('',(#5652),#5656);
#5652 = LINE('',#5653,#5654);
#5653 = CARTESIAN_POINT('',(-0.,0.));
#5654 = VECTOR('',#5655,1.);
#5655 = DIRECTION('',(-1.,0.));
#5656 = ( GEOMETRIC_REPRESENTATION_CONTEXT(2) 
PARAMETRIC_REPRESENTATION_CONTEXT() REPRESENTATION_CONTEXT('2D SPACE',''
  ) );
#5657 = PCURVE('',#5658,#5663);
#5658 = PLANE('',#5659);
#5659 = AXIS2_PLACEMENT_3D('',#5660,#5661,#5662);
#5660 = CARTESIAN_POINT('',(260.,-3.469832597584E-16,369.));
#5661 = DIRECTION('',(0.,0.,1.));
#5662 = DIRECTION('',(1.,0.,-0.));
#5663 = DEFINITIONAL_REPRESENTATION('',(#5664),#5668);
#5664 = CIRCLE('',#5665,8.5);
#5665 = AXIS2_PLACEMENT_2D('',#5666,#5667);
#5666 = CARTESIAN_POINT('',(0.,3.469832597584E-16));
#5667 = DIRECTION('',(1.,0.));
#5668 = ( GEOMETRIC_REPRESENTATION_CONTEXT(2) 
PARAMETRIC_REPRESENTATION_CONTEXT() REPRESENTATION_CONTEXT('2D SPACE',''
  ) );
#5669 = ADVANCED_FACE('',(#5670,#5673),#5658,.F.);
#5670 = FACE_BOUND('',#5671,.F.);
#5671 = EDGE_LOOP('',(#5672));
#5672 = ORIENTED_EDGE('',*,*,#5643,.T.);
#5673 = FACE_BOUND('',#5674,.F.);
#5674 = EDGE_LOOP('',(#5675));
#5675 = ORIENTED_EDGE('',*,*,#5676,.T.);
#5676 = EDGE_CURVE('',#5677,#5677,#5679,.T.);
#5677 = VERTEX_POINT('',#5678);
#5678 = CARTESIAN_POINT('',(264.3,0.,369.));
#5679 = SURFACE_CURVE('',#5680,(#5685,#5696),.PCURVE_S1.);
#5680 = CIRCLE('',#5681,4.3);
#5681 = AXIS2_PLACEMENT_3D('',#5682,#5683,#5684);
#5682 = CARTESIAN_POINT('',(260.,0.,369.));
#5683 = DIRECTION('',(0.,0.,-1.));
#5684 = DIRECTION('',(1.,0.,0.));
#5685 = PCURVE('',#5658,#5686);
#5686 = DEFINITIONAL_REPRESENTATION('',(#5687),#5695);
#5687 = ( BOUNDED_CURVE() B_SPLINE_CURVE(2,(#5688,#5689,#5690,#5691,
#5692,#5693,#5694),.UNSPECIFIED.,.T.,.F.) B_SPLINE_CURVE_WITH_KNOTS((1,2
    ,2,2,2,1),(-2.094395102393,0.,2.094395102393,4.188790204786,
6.28318530718,8.377580409573),.UNSPECIFIED.) CURVE() 
GEOMETRIC_REPRESENTATION_ITEM() RATIONAL_B_SPLINE_CURVE((1.,0.5,1.,0.5,
1.,0.5,1.)) REPRESENTATION_ITEM('') );
#5688 = CARTESIAN_POINT('',(4.3,3.469832597584E-16));
#5689 = CARTESIAN_POINT('',(4.3,-7.447818472546));
#5690 = CARTESIAN_POINT('',(-2.15,-3.723909236273));
#5691 = CARTESIAN_POINT('',(-8.6,-7.062129875083E-16));
#5692 = CARTESIAN_POINT('',(-2.15,3.723909236273));
#5693 = CARTESIAN_POINT('',(4.3,7.447818472546));
#5694 = CARTESIAN_POINT('',(4.3,3.469832597584E-16));
#5695 = ( GEOMETRIC_REPRESENTATION_CONTEXT(2) 
PARAMETRIC_REPRESENTATION_CONTEXT() REPRESENTATION_CONTEXT('2D SPACE',''
  ) );
#5696 = PCURVE('',#5697,#5702);
#5697 = CYLINDRICAL_SURFACE('',#5698,4.3);
#5698 = AXIS2_PLACEMENT_3D('',#5699,#5700,#5701);
#5699 = CARTESIAN_POINT('',(260.,0.,368.));
#5700 = DIRECTION('',(-0.,-0.,-1.));
#5701 = DIRECTION('',(1.,0.,0.));
#5702 = DEFINITIONAL_REPRESENTATION('',(#5703),#5707);
#5703 = LINE('',#5704,#5705);
#5704 = CARTESIAN_POINT('',(-6.28318530718,-1.));
#5705 = VECTOR('',#5706,1.);
#5706 = DIRECTION('',(1.,-0.));
#5707 = ( GEOMETRIC_REPRESENTATION_CONTEXT(2) 
PARAMETRIC_REPRESENTATION_CONTEXT() REPRESENTATION_CONTEXT('2D SPACE',''
  ) );
#5708 = ADVANCED_FACE('',(#5709,#5712),#5630,.T.);
#5709 = FACE_BOUND('',#5710,.T.);
#5710 = EDGE_LOOP('',(#5711));
#5711 = ORIENTED_EDGE('',*,*,#5615,.T.);
#5712 = FACE_BOUND('',#5713,.T.);
#5713 = EDGE_LOOP('',(#5714));
#5714 = ORIENTED_EDGE('',*,*,#5715,.T.);
#5715 = EDGE_CURVE('',#5716,#5716,#5718,.T.);
#5716 = VERTEX_POINT('',#5717);
#5717 = CARTESIAN_POINT('',(264.3,0.,370.));
#5718 = SURFACE_CURVE('',#5719,(#5724,#5735),.PCURVE_S1.);
#5719 = CIRCLE('',#5720,4.3);
#5720 = AXIS2_PLACEMENT_3D('',#5721,#5722,#5723);
#5721 = CARTESIAN_POINT('',(260.,0.,370.));
#5722 = DIRECTION('',(0.,0.,-1.));
#5723 = DIRECTION('',(1.,0.,0.));
#5724 = PCURVE('',#5630,#5725);
#5725 = DEFINITIONAL_REPRESENTATION('',(#5726),#5734);
#5726 = ( BOUNDED_CURVE() B_SPLINE_CURVE(2,(#5727,#5728,#5729,#5730,
#5731,#5732,#5733),.UNSPECIFIED.,.T.,.F.) B_SPLINE_CURVE_WITH_KNOTS((1,2
    ,2,2,2,1),(-2.094395102393,0.,2.094395102393,4.188790204786,
6.28318530718,8.377580409573),.UNSPECIFIED.) CURVE() 
GEOMETRIC_REPRESENTATION_ITEM() RATIONAL_B_SPLINE_CURVE((1.,0.5,1.,0.5,
1.,0.5,1.)) REPRESENTATION_ITEM('') );
#5727 = CARTESIAN_POINT('',(4.3,3.469832597584E-16));
#5728 = CARTESIAN_POINT('',(4.3,-7.447818472546));
#5729 = CARTESIAN_POINT('',(-2.15,-3.723909236273));
#5730 = CARTESIAN_POINT('',(-8.6,-7.062129875083E-16));
#5731 = CARTESIAN_POINT('',(-2.15,3.723909236273));
#5732 = CARTESIAN_POINT('',(4.3,7.447818472546));
#5733 = CARTESIAN_POINT('',(4.3,3.469832597584E-16));
#5734 = ( GEOMETRIC_REPRESENTATION_CONTEXT(2) 
PARAMETRIC_REPRESENTATION_CONTEXT() REPRESENTATION_CONTEXT('2D SPACE',''
  ) );
#5735 = PCURVE('',#5697,#5736);
#5736 = DEFINITIONAL_REPRESENTATION('',(#5737),#5741);
#5737 = LINE('',#5738,#5739);
#5738 = CARTESIAN_POINT('',(-6.28318530718,-2.));
#5739 = VECTOR('',#5740,1.);
#5740 = DIRECTION('',(1.,-0.));
#5741 = ( GEOMETRIC_REPRESENTATION_CONTEXT(2) 
PARAMETRIC_REPRESENTATION_CONTEXT() REPRESENTATION_CONTEXT('2D SPACE',''
  ) );
#5742 = ADVANCED_FACE('',(#5743),#5697,.F.);
#5743 = FACE_BOUND('',#5744,.T.);
#5744 = EDGE_LOOP('',(#5745,#5746,#5767,#5768));
#5745 = ORIENTED_EDGE('',*,*,#5676,.T.);
#5746 = ORIENTED_EDGE('',*,*,#5747,.T.);
#5747 = EDGE_CURVE('',#5677,#5716,#5748,.T.);
#5748 = SEAM_CURVE('',#5749,(#5753,#5760),.PCURVE_S1.);
#5749 = LINE('',#5750,#5751);
#5750 = CARTESIAN_POINT('',(264.3,0.,368.));
#5751 = VECTOR('',#5752,1.);
#5752 = DIRECTION('',(0.,0.,1.));
#5753 = PCURVE('',#5697,#5754);
#5754 = DEFINITIONAL_REPRESENTATION('',(#5755),#5759);
#5755 = LINE('',#5756,#5757);
#5756 = CARTESIAN_POINT('',(-6.28318530718,0.));
#5757 = VECTOR('',#5758,1.);
#5758 = DIRECTION('',(-0.,-1.));
#5759 = ( GEOMETRIC_REPRESENTATION_CONTEXT(2) 
PARAMETRIC_REPRESENTATION_CONTEXT() REPRESENTATION_CONTEXT('2D SPACE',''
  ) );
#5760 = PCURVE('',#5697,#5761);
#5761 = DEFINITIONAL_REPRESENTATION('',(#5762),#5766);
#5762 = LINE('',#5763,#5764);
#5763 = CARTESIAN_POINT('',(-0.,0.));
#5764 = VECTOR('',#5765,1.);
#5765 = DIRECTION('',(-0.,-1.));
#5766 = ( GEOMETRIC_REPRESENTATION_CONTEXT(2) 
PARAMETRIC_REPRESENTATION_CONTEXT() REPRESENTATION_CONTEXT('2D SPACE',''
  ) );
#5767 = ORIENTED_EDGE('',*,*,#5715,.F.);
#5768 = ORIENTED_EDGE('',*,*,#5747,.F.);
#5769 = ( GEOMETRIC_REPRESENTATION_CONTEXT(3) 
GLOBAL_UNCERTAINTY_ASSIGNED_CONTEXT((#5773)) 
GLOBAL_UNIT_ASSIGNED_CONTEXT((#5770,#5771,#5772)) REPRESENTATION_CONTEXT
('Context #1','3D Context with UNIT and UNCERTAINTY') );
#5770 = ( LENGTH_UNIT() NAMED_UNIT(*) SI_UNIT(.MILLI.,.METRE.) );
#5771 = ( NAMED_UNIT(*) PLANE_ANGLE_UNIT() SI_UNIT($,.RADIAN.) );
#5772 = ( NAMED_UNIT(*) SI_UNIT($,.STERADIAN.) SOLID_ANGLE_UNIT() );
#5773 = UNCERTAINTY_MEASURE_WITH_UNIT(LENGTH_MEASURE(1.E-07),#5770,
  'distance_accuracy_value','confusion accuracy');
#5774 = CONTEXT_DEPENDENT_SHAPE_REPRESENTATION(#5775,#5777);
#5775 = ( REPRESENTATION_RELATIONSHIP('','',#5578,#10) 
REPRESENTATION_RELATIONSHIP_WITH_TRANSFORMATION(#5776) 
SHAPE_REPRESENTATION_RELATIONSHIP() );
#5776 = ITEM_DEFINED_TRANSFORMATION('','',#11,#55);
#5777 = PRODUCT_DEFINITION_SHAPE('Placement','Placement of an item',
  #5778);
#5778 = NEXT_ASSEMBLY_USAGE_OCCURRENCE('3290','LOCATOR_2_washer','',#5,
  #5573,$);
#5779 = PRODUCT_RELATED_PRODUCT_CATEGORY('part',$,(#5575));
#5780 = SHAPE_DEFINITION_REPRESENTATION(#5781,#5787);
#5781 = PRODUCT_DEFINITION_SHAPE('','',#5782);
#5782 = PRODUCT_DEFINITION('design','',#5783,#5786);
#5783 = PRODUCT_DEFINITION_FORMATION('','',#5784);
#5784 = PRODUCT('LOCATOR_2_nyloc','LOCATOR_2_nyloc','',(#5785));
#5785 = PRODUCT_CONTEXT('',#2,'mechanical');
#5786 = PRODUCT_DEFINITION_CONTEXT('part definition',#2,'design');
#5787 = ADVANCED_BREP_SHAPE_REPRESENTATION('',(#11,#5788),#6274);
#5788 = MANIFOLD_SOLID_BREP('',#5789);
#5789 = CLOSED_SHELL('',(#5790,#5910,#5986,#6062,#6138,#6209,#6256,#6265
    ));
#5790 = ADVANCED_FACE('',(#5791),#5805,.F.);
#5791 = FACE_BOUND('',#5792,.F.);
#5792 = EDGE_LOOP('',(#5793,#5828,#5856,#5884));
#5793 = ORIENTED_EDGE('',*,*,#5794,.T.);
#5794 = EDGE_CURVE('',#5795,#5797,#5799,.T.);
#5795 = VERTEX_POINT('',#5796);
#5796 = CARTESIAN_POINT('',(266.5,0.,329.));
#5797 = VERTEX_POINT('',#5798);
#5798 = CARTESIAN_POINT('',(266.5,0.,335.));
#5799 = SURFACE_CURVE('',#5800,(#5804,#5816),.PCURVE_S1.);
#5800 = LINE('',#5801,#5802);
#5801 = CARTESIAN_POINT('',(266.5,0.,329.));
#5802 = VECTOR('',#5803,1.);
#5803 = DIRECTION('',(0.,0.,1.));
#5804 = PCURVE('',#5805,#5810);
#5805 = PLANE('',#5806);
#5806 = AXIS2_PLACEMENT_3D('',#5807,#5808,#5809);
#5807 = CARTESIAN_POINT('',(266.5,0.,329.));
#5808 = DIRECTION('',(-0.866025403784,-0.5,0.));
#5809 = DIRECTION('',(-0.5,0.866025403784,0.));
#5810 = DEFINITIONAL_REPRESENTATION('',(#5811),#5815);
#5811 = LINE('',#5812,#5813);
#5812 = CARTESIAN_POINT('',(0.,0.));
#5813 = VECTOR('',#5814,1.);
#5814 = DIRECTION('',(0.,-1.));
#5815 = ( GEOMETRIC_REPRESENTATION_CONTEXT(2) 
PARAMETRIC_REPRESENTATION_CONTEXT() REPRESENTATION_CONTEXT('2D SPACE',''
  ) );
#5816 = PCURVE('',#5817,#5822);
#5817 = PLANE('',#5818);
#5818 = AXIS2_PLACEMENT_3D('',#5819,#5820,#5821);
#5819 = CARTESIAN_POINT('',(263.25,-5.629165124599,329.));
#5820 = DIRECTION('',(-0.866025403784,0.5,0.));
#5821 = DIRECTION('',(0.5,0.866025403784,0.));
#5822 = DEFINITIONAL_REPRESENTATION('',(#5823),#5827);
#5823 = LINE('',#5824,#5825);
#5824 = CARTESIAN_POINT('',(6.5,0.));
#5825 = VECTOR('',#5826,1.);
#5826 = DIRECTION('',(0.,-1.));
#5827 = ( GEOMETRIC_REPRESENTATION_CONTEXT(2) 
PARAMETRIC_REPRESENTATION_CONTEXT() REPRESENTATION_CONTEXT('2D SPACE',''
  ) );
#5828 = ORIENTED_EDGE('',*,*,#5829,.T.);
#5829 = EDGE_CURVE('',#5797,#5830,#5832,.T.);
#5830 = VERTEX_POINT('',#5831);
#5831 = CARTESIAN_POINT('',(263.25,5.629165124599,335.));
#5832 = SURFACE_CURVE('',#5833,(#5837,#5844),.PCURVE_S1.);
#5833 = LINE('',#5834,#5835);
#5834 = CARTESIAN_POINT('',(266.5,0.,335.));
#5835 = VECTOR('',#5836,1.);
#5836 = DIRECTION('',(-0.5,0.866025403784,0.));
#5837 = PCURVE('',#5805,#5838);
#5838 = DEFINITIONAL_REPRESENTATION('',(#5839),#5843);
#5839 = LINE('',#5840,#5841);
#5840 = CARTESIAN_POINT('',(0.,-6.));
#5841 = VECTOR('',#5842,1.);
#5842 = DIRECTION('',(1.,0.));
#5843 = ( GEOMETRIC_REPRESENTATION_CONTEXT(2) 
PARAMETRIC_REPRESENTATION_CONTEXT() REPRESENTATION_CONTEXT('2D SPACE',''
  ) );
#5844 = PCURVE('',#5845,#5850);
#5845 = PLANE('',#5846);
#5846 = AXIS2_PLACEMENT_3D('',#5847,#5848,#5849);
#5847 = CARTESIAN_POINT('',(260.,-2.732856676E-16,335.));
#5848 = DIRECTION('',(0.,0.,1.));
#5849 = DIRECTION('',(1.,0.,-0.));
#5850 = DEFINITIONAL_REPRESENTATION('',(#5851),#5855);
#5851 = LINE('',#5852,#5853);
#5852 = CARTESIAN_POINT('',(6.5,2.732856676E-16));
#5853 = VECTOR('',#5854,1.);
#5854 = DIRECTION('',(-0.5,0.866025403784));
#5855 = ( GEOMETRIC_REPRESENTATION_CONTEXT(2) 
PARAMETRIC_REPRESENTATION_CONTEXT() REPRESENTATION_CONTEXT('2D SPACE',''
  ) );
#5856 = ORIENTED_EDGE('',*,*,#5857,.F.);
#5857 = EDGE_CURVE('',#5858,#5830,#5860,.T.);
#5858 = VERTEX_POINT('',#5859);
#5859 = CARTESIAN_POINT('',(263.25,5.629165124599,329.));
#5860 = SURFACE_CURVE('',#5861,(#5865,#5872),.PCURVE_S1.);
#5861 = LINE('',#5862,#5863);
#5862 = CARTESIAN_POINT('',(263.25,5.629165124599,329.));
#5863 = VECTOR('',#5864,1.);
#5864 = DIRECTION('',(0.,0.,1.));
#5865 = PCURVE('',#5805,#5866);
#5866 = DEFINITIONAL_REPRESENTATION('',(#5867),#5871);
#5867 = LINE('',#5868,#5869);
#5868 = CARTESIAN_POINT('',(6.5,0.));
#5869 = VECTOR('',#5870,1.);
#5870 = DIRECTION('',(0.,-1.));
#5871 = ( GEOMETRIC_REPRESENTATION_CONTEXT(2) 
PARAMETRIC_REPRESENTATION_CONTEXT() REPRESENTATION_CONTEXT('2D SPACE',''
  ) );
#5872 = PCURVE('',#5873,#5878);
#5873 = PLANE('',#5874);
#5874 = AXIS2_PLACEMENT_3D('',#5875,#5876,#5877);
#5875 = CARTESIAN_POINT('',(263.25,5.629165124599,329.));
#5876 = DIRECTION('',(-1.366428338E-16,-1.,0.));
#5877 = DIRECTION('',(-1.,1.366428338E-16,0.));
#5878 = DEFINITIONAL_REPRESENTATION('',(#5879),#5883);
#5879 = LINE('',#5880,#5881);
#5880 = CARTESIAN_POINT('',(0.,0.));
#5881 = VECTOR('',#5882,1.);
#5882 = DIRECTION('',(0.,-1.));
#5883 = ( GEOMETRIC_REPRESENTATION_CONTEXT(2) 
PARAMETRIC_REPRESENTATION_CONTEXT() REPRESENTATION_CONTEXT('2D SPACE',''
  ) );
#5884 = ORIENTED_EDGE('',*,*,#5885,.F.);
#5885 = EDGE_CURVE('',#5795,#5858,#5886,.T.);
#5886 = SURFACE_CURVE('',#5887,(#5891,#5898),.PCURVE_S1.);
#5887 = LINE('',#5888,#5889);
#5888 = CARTESIAN_POINT('',(266.5,0.,329.));
#5889 = VECTOR('',#5890,1.);
#5890 = DIRECTION('',(-0.5,0.866025403784,0.));
#5891 = PCURVE('',#5805,#5892);
#5892 = DEFINITIONAL_REPRESENTATION('',(#5893),#5897);
#5893 = LINE('',#5894,#5895);
#5894 = CARTESIAN_POINT('',(0.,0.));
#5895 = VECTOR('',#5896,1.);
#5896 = DIRECTION('',(1.,0.));
#5897 = ( GEOMETRIC_REPRESENTATION_CONTEXT(2) 
PARAMETRIC_REPRESENTATION_CONTEXT() REPRESENTATION_CONTEXT('2D SPACE',''
  ) );
#5898 = PCURVE('',#5899,#5904);
#5899 = PLANE('',#5900);
#5900 = AXIS2_PLACEMENT_3D('',#5901,#5902,#5903);
#5901 = CARTESIAN_POINT('',(260.,-2.732856676E-16,329.));
#5902 = DIRECTION('',(0.,0.,1.));
#5903 = DIRECTION('',(1.,0.,-0.));
#5904 = DEFINITIONAL_REPRESENTATION('',(#5905),#5909);
#5905 = LINE('',#5906,#5907);
#5906 = CARTESIAN_POINT('',(6.5,2.732856676E-16));
#5907 = VECTOR('',#5908,1.);
#5908 = DIRECTION('',(-0.5,0.866025403784));
#5909 = ( GEOMETRIC_REPRESENTATION_CONTEXT(2) 
PARAMETRIC_REPRESENTATION_CONTEXT() REPRESENTATION_CONTEXT('2D SPACE',''
  ) );
#5910 = ADVANCED_FACE('',(#5911),#5873,.F.);
#5911 = FACE_BOUND('',#5912,.F.);
#5912 = EDGE_LOOP('',(#5913,#5914,#5937,#5965));
#5913 = ORIENTED_EDGE('',*,*,#5857,.T.);
#5914 = ORIENTED_EDGE('',*,*,#5915,.T.);
#5915 = EDGE_CURVE('',#5830,#5916,#5918,.T.);
#5916 = VERTEX_POINT('',#5917);
#5917 = CARTESIAN_POINT('',(256.75,5.629165124599,335.));
#5918 = SURFACE_CURVE('',#5919,(#5923,#5930),.PCURVE_S1.);
#5919 = LINE('',#5920,#5921);
#5920 = CARTESIAN_POINT('',(263.25,5.629165124599,335.));
#5921 = VECTOR('',#5922,1.);
#5922 = DIRECTION('',(-1.,1.366428338E-16,0.));
#5923 = PCURVE('',#5873,#5924);
#5924 = DEFINITIONAL_REPRESENTATION('',(#5925),#5929);
#5925 = LINE('',#5926,#5927);
#5926 = CARTESIAN_POINT('',(0.,-6.));
#5927 = VECTOR('',#5928,1.);
#5928 = DIRECTION('',(1.,0.));
#5929 = ( GEOMETRIC_REPRESENTATION_CONTEXT(2) 
PARAMETRIC_REPRESENTATION_CONTEXT() REPRESENTATION_CONTEXT('2D SPACE',''
  ) );
#5930 = PCURVE('',#5845,#5931);
#5931 = DEFINITIONAL_REPRESENTATION('',(#5932),#5936);
#5932 = LINE('',#5933,#5934);
#5933 = CARTESIAN_POINT('',(3.25,5.629165124599));
#5934 = VECTOR('',#5935,1.);
#5935 = DIRECTION('',(-1.,1.366428338E-16));
#5936 = ( GEOMETRIC_REPRESENTATION_CONTEXT(2) 
PARAMETRIC_REPRESENTATION_CONTEXT() REPRESENTATION_CONTEXT('2D SPACE',''
  ) );
#5937 = ORIENTED_EDGE('',*,*,#5938,.F.);
#5938 = EDGE_CURVE('',#5939,#5916,#5941,.T.);
#5939 = VERTEX_POINT('',#5940);
#5940 = CARTESIAN_POINT('',(256.75,5.629165124599,329.));
#5941 = SURFACE_CURVE('',#5942,(#5946,#5953),.PCURVE_S1.);
#5942 = LINE('',#5943,#5944);
#5943 = CARTESIAN_POINT('',(256.75,5.629165124599,329.));
#5944 = VECTOR('',#5945,1.);
#5945 = DIRECTION('',(0.,0.,1.));
#5946 = PCURVE('',#5873,#5947);
#5947 = DEFINITIONAL_REPRESENTATION('',(#5948),#5952);
#5948 = LINE('',#5949,#5950);
#5949 = CARTESIAN_POINT('',(6.5,0.));
#5950 = VECTOR('',#5951,1.);
#5951 = DIRECTION('',(0.,-1.));
#5952 = ( GEOMETRIC_REPRESENTATION_CONTEXT(2) 
PARAMETRIC_REPRESENTATION_CONTEXT() REPRESENTATION_CONTEXT('2D SPACE',''
  ) );
#5953 = PCURVE('',#5954,#5959);
#5954 = PLANE('',#5955);
#5955 = AXIS2_PLACEMENT_3D('',#5956,#5957,#5958);
#5956 = CARTESIAN_POINT('',(256.75,5.629165124599,329.));
#5957 = DIRECTION('',(0.866025403784,-0.5,0.));
#5958 = DIRECTION('',(-0.5,-0.866025403784,0.));
#5959 = DEFINITIONAL_REPRESENTATION('',(#5960),#5964);
#5960 = LINE('',#5961,#5962);
#5961 = CARTESIAN_POINT('',(0.,0.));
#5962 = VECTOR('',#5963,1.);
#5963 = DIRECTION('',(0.,-1.));
#5964 = ( GEOMETRIC_REPRESENTATION_CONTEXT(2) 
PARAMETRIC_REPRESENTATION_CONTEXT() REPRESENTATION_CONTEXT('2D SPACE',''
  ) );
#5965 = ORIENTED_EDGE('',*,*,#5966,.F.);
#5966 = EDGE_CURVE('',#5858,#5939,#5967,.T.);
#5967 = SURFACE_CURVE('',#5968,(#5972,#5979),.PCURVE_S1.);
#5968 = LINE('',#5969,#5970);
#5969 = CARTESIAN_POINT('',(263.25,5.629165124599,329.));
#5970 = VECTOR('',#5971,1.);
#5971 = DIRECTION('',(-1.,1.366428338E-16,0.));
#5972 = PCURVE('',#5873,#5973);
#5973 = DEFINITIONAL_REPRESENTATION('',(#5974),#5978);
#5974 = LINE('',#5975,#5976);
#5975 = CARTESIAN_POINT('',(0.,0.));
#5976 = VECTOR('',#5977,1.);
#5977 = DIRECTION('',(1.,0.));
#5978 = ( GEOMETRIC_REPRESENTATION_CONTEXT(2) 
PARAMETRIC_REPRESENTATION_CONTEXT() REPRESENTATION_CONTEXT('2D SPACE',''
  ) );
#5979 = PCURVE('',#5899,#5980);
#5980 = DEFINITIONAL_REPRESENTATION('',(#5981),#5985);
#5981 = LINE('',#5982,#5983);
#5982 = CARTESIAN_POINT('',(3.25,5.629165124599));
#5983 = VECTOR('',#5984,1.);
#5984 = DIRECTION('',(-1.,1.366428338E-16));
#5985 = ( GEOMETRIC_REPRESENTATION_CONTEXT(2) 
PARAMETRIC_REPRESENTATION_CONTEXT() REPRESENTATION_CONTEXT('2D SPACE',''
  ) );
#5986 = ADVANCED_FACE('',(#5987),#5954,.F.);
#5987 = FACE_BOUND('',#5988,.F.);
#5988 = EDGE_LOOP('',(#5989,#5990,#6013,#6041));
#5989 = ORIENTED_EDGE('',*,*,#5938,.T.);
#5990 = ORIENTED_EDGE('',*,*,#5991,.T.);
#5991 = EDGE_CURVE('',#5916,#5992,#5994,.T.);
#5992 = VERTEX_POINT('',#5993);
#5993 = CARTESIAN_POINT('',(253.5,7.960204194458E-16,335.));
#5994 = SURFACE_CURVE('',#5995,(#5999,#6006),.PCURVE_S1.);
#5995 = LINE('',#5996,#5997);
#5996 = CARTESIAN_POINT('',(256.75,5.629165124599,335.));
#5997 = VECTOR('',#5998,1.);
#5998 = DIRECTION('',(-0.5,-0.866025403784,0.));
#5999 = PCURVE('',#5954,#6000);
#6000 = DEFINITIONAL_REPRESENTATION('',(#6001),#6005);
#6001 = LINE('',#6002,#6003);
#6002 = CARTESIAN_POINT('',(0.,-6.));
#6003 = VECTOR('',#6004,1.);
#6004 = DIRECTION('',(1.,0.));
#6005 = ( GEOMETRIC_REPRESENTATION_CONTEXT(2) 
PARAMETRIC_REPRESENTATION_CONTEXT() REPRESENTATION_CONTEXT('2D SPACE',''
  ) );
#6006 = PCURVE('',#5845,#6007);
#6007 = DEFINITIONAL_REPRESENTATION('',(#6008),#6012);
#6008 = LINE('',#6009,#6010);
#6009 = CARTESIAN_POINT('',(-3.25,5.629165124599));
#6010 = VECTOR('',#6011,1.);
#6011 = DIRECTION('',(-0.5,-0.866025403784));
#6012 = ( GEOMETRIC_REPRESENTATION_CONTEXT(2) 
PARAMETRIC_REPRESENTATION_CONTEXT() REPRESENTATION_CONTEXT('2D SPACE',''
  ) );
#6013 = ORIENTED_EDGE('',*,*,#6014,.F.);
#6014 = EDGE_CURVE('',#6015,#5992,#6017,.T.);
#6015 = VERTEX_POINT('',#6016);
#6016 = CARTESIAN_POINT('',(253.5,7.960204194458E-16,329.));
#6017 = SURFACE_CURVE('',#6018,(#6022,#6029),.PCURVE_S1.);
#6018 = LINE('',#6019,#6020);
#6019 = CARTESIAN_POINT('',(253.5,7.960204194458E-16,329.));
#6020 = VECTOR('',#6021,1.);
#6021 = DIRECTION('',(0.,0.,1.));
#6022 = PCURVE('',#5954,#6023);
#6023 = DEFINITIONAL_REPRESENTATION('',(#6024),#6028);
#6024 = LINE('',#6025,#6026);
#6025 = CARTESIAN_POINT('',(6.5,0.));
#6026 = VECTOR('',#6027,1.);
#6027 = DIRECTION('',(0.,-1.));
#6028 = ( GEOMETRIC_REPRESENTATION_CONTEXT(2) 
PARAMETRIC_REPRESENTATION_CONTEXT() REPRESENTATION_CONTEXT('2D SPACE',''
  ) );
#6029 = PCURVE('',#6030,#6035);
#6030 = PLANE('',#6031);
#6031 = AXIS2_PLACEMENT_3D('',#6032,#6033,#6034);
#6032 = CARTESIAN_POINT('',(253.5,7.960204194458E-16,329.));
#6033 = DIRECTION('',(0.866025403784,0.5,-0.));
#6034 = DIRECTION('',(0.5,-0.866025403784,0.));
#6035 = DEFINITIONAL_REPRESENTATION('',(#6036),#6040);
#6036 = LINE('',#6037,#6038);
#6037 = CARTESIAN_POINT('',(0.,0.));
#6038 = VECTOR('',#6039,1.);
#6039 = DIRECTION('',(0.,-1.));
#6040 = ( GEOMETRIC_REPRESENTATION_CONTEXT(2) 
PARAMETRIC_REPRESENTATION_CONTEXT() REPRESENTATION_CONTEXT('2D SPACE',''
  ) );
#6041 = ORIENTED_EDGE('',*,*,#6042,.F.);
#6042 = EDGE_CURVE('',#5939,#6015,#6043,.T.);
#6043 = SURFACE_CURVE('',#6044,(#6048,#6055),.PCURVE_S1.);
#6044 = LINE('',#6045,#6046);
#6045 = CARTESIAN_POINT('',(256.75,5.629165124599,329.));
#6046 = VECTOR('',#6047,1.);
#6047 = DIRECTION('',(-0.5,-0.866025403784,0.));
#6048 = PCURVE('',#5954,#6049);
#6049 = DEFINITIONAL_REPRESENTATION('',(#6050),#6054);
#6050 = LINE('',#6051,#6052);
#6051 = CARTESIAN_POINT('',(0.,0.));
#6052 = VECTOR('',#6053,1.);
#6053 = DIRECTION('',(1.,0.));
#6054 = ( GEOMETRIC_REPRESENTATION_CONTEXT(2) 
PARAMETRIC_REPRESENTATION_CONTEXT() REPRESENTATION_CONTEXT('2D SPACE',''
  ) );
#6055 = PCURVE('',#5899,#6056);
#6056 = DEFINITIONAL_REPRESENTATION('',(#6057),#6061);
#6057 = LINE('',#6058,#6059);
#6058 = CARTESIAN_POINT('',(-3.25,5.629165124599));
#6059 = VECTOR('',#6060,1.);
#6060 = DIRECTION('',(-0.5,-0.866025403784));
#6061 = ( GEOMETRIC_REPRESENTATION_CONTEXT(2) 
PARAMETRIC_REPRESENTATION_CONTEXT() REPRESENTATION_CONTEXT('2D SPACE',''
  ) );
#6062 = ADVANCED_FACE('',(#6063),#6030,.F.);
#6063 = FACE_BOUND('',#6064,.F.);
#6064 = EDGE_LOOP('',(#6065,#6066,#6089,#6117));
#6065 = ORIENTED_EDGE('',*,*,#6014,.T.);
#6066 = ORIENTED_EDGE('',*,*,#6067,.T.);
#6067 = EDGE_CURVE('',#5992,#6068,#6070,.T.);
#6068 = VERTEX_POINT('',#6069);
#6069 = CARTESIAN_POINT('',(256.75,-5.629165124599,335.));
#6070 = SURFACE_CURVE('',#6071,(#6075,#6082),.PCURVE_S1.);
#6071 = LINE('',#6072,#6073);
#6072 = CARTESIAN_POINT('',(253.5,7.960204194458E-16,335.));
#6073 = VECTOR('',#6074,1.);
#6074 = DIRECTION('',(0.5,-0.866025403784,0.));
#6075 = PCURVE('',#6030,#6076);
#6076 = DEFINITIONAL_REPRESENTATION('',(#6077),#6081);
#6077 = LINE('',#6078,#6079);
#6078 = CARTESIAN_POINT('',(0.,-6.));
#6079 = VECTOR('',#6080,1.);
#6080 = DIRECTION('',(1.,0.));
#6081 = ( GEOMETRIC_REPRESENTATION_CONTEXT(2) 
PARAMETRIC_REPRESENTATION_CONTEXT() REPRESENTATION_CONTEXT('2D SPACE',''
  ) );
#6082 = PCURVE('',#5845,#6083);
#6083 = DEFINITIONAL_REPRESENTATION('',(#6084),#6088);
#6084 = LINE('',#6085,#6086);
#6085 = CARTESIAN_POINT('',(-6.5,1.069306087046E-15));
#6086 = VECTOR('',#6087,1.);
#6087 = DIRECTION('',(0.5,-0.866025403784));
#6088 = ( GEOMETRIC_REPRESENTATION_CONTEXT(2) 
PARAMETRIC_REPRESENTATION_CONTEXT() REPRESENTATION_CONTEXT('2D SPACE',''
  ) );
#6089 = ORIENTED_EDGE('',*,*,#6090,.F.);
#6090 = EDGE_CURVE('',#6091,#6068,#6093,.T.);
#6091 = VERTEX_POINT('',#6092);
#6092 = CARTESIAN_POINT('',(256.75,-5.629165124599,329.));
#6093 = SURFACE_CURVE('',#6094,(#6098,#6105),.PCURVE_S1.);
#6094 = LINE('',#6095,#6096);
#6095 = CARTESIAN_POINT('',(256.75,-5.629165124599,329.));
#6096 = VECTOR('',#6097,1.);
#6097 = DIRECTION('',(0.,0.,1.));
#6098 = PCURVE('',#6030,#6099);
#6099 = DEFINITIONAL_REPRESENTATION('',(#6100),#6104);
#6100 = LINE('',#6101,#6102);
#6101 = CARTESIAN_POINT('',(6.5,0.));
#6102 = VECTOR('',#6103,1.);
#6103 = DIRECTION('',(0.,-1.));
#6104 = ( GEOMETRIC_REPRESENTATION_CONTEXT(2) 
PARAMETRIC_REPRESENTATION_CONTEXT() REPRESENTATION_CONTEXT('2D SPACE',''
  ) );
#6105 = PCURVE('',#6106,#6111);
#6106 = PLANE('',#6107);
#6107 = AXIS2_PLACEMENT_3D('',#6108,#6109,#6110);
#6108 = CARTESIAN_POINT('',(256.75,-5.629165124599,329.));
#6109 = DIRECTION('',(5.465713352001E-16,1.,-0.));
#6110 = DIRECTION('',(1.,-5.465713352001E-16,0.));
#6111 = DEFINITIONAL_REPRESENTATION('',(#6112),#6116);
#6112 = LINE('',#6113,#6114);
#6113 = CARTESIAN_POINT('',(0.,0.));
#6114 = VECTOR('',#6115,1.);
#6115 = DIRECTION('',(0.,-1.));
#6116 = ( GEOMETRIC_REPRESENTATION_CONTEXT(2) 
PARAMETRIC_REPRESENTATION_CONTEXT() REPRESENTATION_CONTEXT('2D SPACE',''
  ) );
#6117 = ORIENTED_EDGE('',*,*,#6118,.F.);
#6118 = EDGE_CURVE('',#6015,#6091,#6119,.T.);
#6119 = SURFACE_CURVE('',#6120,(#6124,#6131),.PCURVE_S1.);
#6120 = LINE('',#6121,#6122);
#6121 = CARTESIAN_POINT('',(253.5,7.960204194458E-16,329.));
#6122 = VECTOR('',#6123,1.);
#6123 = DIRECTION('',(0.5,-0.866025403784,0.));
#6124 = PCURVE('',#6030,#6125);
#6125 = DEFINITIONAL_REPRESENTATION('',(#6126),#6130);
#6126 = LINE('',#6127,#6128);
#6127 = CARTESIAN_POINT('',(0.,0.));
#6128 = VECTOR('',#6129,1.);
#6129 = DIRECTION('',(1.,0.));
#6130 = ( GEOMETRIC_REPRESENTATION_CONTEXT(2) 
PARAMETRIC_REPRESENTATION_CONTEXT() REPRESENTATION_CONTEXT('2D SPACE',''
  ) );
#6131 = PCURVE('',#5899,#6132);
#6132 = DEFINITIONAL_REPRESENTATION('',(#6133),#6137);
#6133 = LINE('',#6134,#6135);
#6134 = CARTESIAN_POINT('',(-6.5,1.069306087046E-15));
#6135 = VECTOR('',#6136,1.);
#6136 = DIRECTION('',(0.5,-0.866025403784));
#6137 = ( GEOMETRIC_REPRESENTATION_CONTEXT(2) 
PARAMETRIC_REPRESENTATION_CONTEXT() REPRESENTATION_CONTEXT('2D SPACE',''
  ) );
#6138 = ADVANCED_FACE('',(#6139),#6106,.F.);
#6139 = FACE_BOUND('',#6140,.F.);
#6140 = EDGE_LOOP('',(#6141,#6142,#6165,#6188));
#6141 = ORIENTED_EDGE('',*,*,#6090,.T.);
#6142 = ORIENTED_EDGE('',*,*,#6143,.T.);
#6143 = EDGE_CURVE('',#6068,#6144,#6146,.T.);
#6144 = VERTEX_POINT('',#6145);
#6145 = CARTESIAN_POINT('',(263.25,-5.629165124599,335.));
#6146 = SURFACE_CURVE('',#6147,(#6151,#6158),.PCURVE_S1.);
#6147 = LINE('',#6148,#6149);
#6148 = CARTESIAN_POINT('',(256.75,-5.629165124599,335.));
#6149 = VECTOR('',#6150,1.);
#6150 = DIRECTION('',(1.,-5.465713352001E-16,0.));
#6151 = PCURVE('',#6106,#6152);
#6152 = DEFINITIONAL_REPRESENTATION('',(#6153),#6157);
#6153 = LINE('',#6154,#6155);
#6154 = CARTESIAN_POINT('',(0.,-6.));
#6155 = VECTOR('',#6156,1.);
#6156 = DIRECTION('',(1.,0.));
#6157 = ( GEOMETRIC_REPRESENTATION_CONTEXT(2) 
PARAMETRIC_REPRESENTATION_CONTEXT() REPRESENTATION_CONTEXT('2D SPACE',''
  ) );
#6158 = PCURVE('',#5845,#6159);
#6159 = DEFINITIONAL_REPRESENTATION('',(#6160),#6164);
#6160 = LINE('',#6161,#6162);
#6161 = CARTESIAN_POINT('',(-3.25,-5.629165124599));
#6162 = VECTOR('',#6163,1.);
#6163 = DIRECTION('',(1.,-5.465713352001E-16));
#6164 = ( GEOMETRIC_REPRESENTATION_CONTEXT(2) 
PARAMETRIC_REPRESENTATION_CONTEXT() REPRESENTATION_CONTEXT('2D SPACE',''
  ) );
#6165 = ORIENTED_EDGE('',*,*,#6166,.F.);
#6166 = EDGE_CURVE('',#6167,#6144,#6169,.T.);
#6167 = VERTEX_POINT('',#6168);
#6168 = CARTESIAN_POINT('',(263.25,-5.629165124599,329.));
#6169 = SURFACE_CURVE('',#6170,(#6174,#6181),.PCURVE_S1.);
#6170 = LINE('',#6171,#6172);
#6171 = CARTESIAN_POINT('',(263.25,-5.629165124599,329.));
#6172 = VECTOR('',#6173,1.);
#6173 = DIRECTION('',(0.,0.,1.));
#6174 = PCURVE('',#6106,#6175);
#6175 = DEFINITIONAL_REPRESENTATION('',(#6176),#6180);
#6176 = LINE('',#6177,#6178);
#6177 = CARTESIAN_POINT('',(6.5,0.));
#6178 = VECTOR('',#6179,1.);
#6179 = DIRECTION('',(0.,-1.));
#6180 = ( GEOMETRIC_REPRESENTATION_CONTEXT(2) 
PARAMETRIC_REPRESENTATION_CONTEXT() REPRESENTATION_CONTEXT('2D SPACE',''
  ) );
#6181 = PCURVE('',#5817,#6182);
#6182 = DEFINITIONAL_REPRESENTATION('',(#6183),#6187);
#6183 = LINE('',#6184,#6185);
#6184 = CARTESIAN_POINT('',(0.,0.));
#6185 = VECTOR('',#6186,1.);
#6186 = DIRECTION('',(0.,-1.));
#6187 = ( GEOMETRIC_REPRESENTATION_CONTEXT(2) 
PARAMETRIC_REPRESENTATION_CONTEXT() REPRESENTATION_CONTEXT('2D SPACE',''
  ) );
#6188 = ORIENTED_EDGE('',*,*,#6189,.F.);
#6189 = EDGE_CURVE('',#6091,#6167,#6190,.T.);
#6190 = SURFACE_CURVE('',#6191,(#6195,#6202),.PCURVE_S1.);
#6191 = LINE('',#6192,#6193);
#6192 = CARTESIAN_POINT('',(256.75,-5.629165124599,329.));
#6193 = VECTOR('',#6194,1.);
#6194 = DIRECTION('',(1.,-5.465713352001E-16,0.));
#6195 = PCURVE('',#6106,#6196);
#6196 = DEFINITIONAL_REPRESENTATION('',(#6197),#6201);
#6197 = LINE('',#6198,#6199);
#6198 = CARTESIAN_POINT('',(0.,0.));
#6199 = VECTOR('',#6200,1.);
#6200 = DIRECTION('',(1.,0.));
#6201 = ( GEOMETRIC_REPRESENTATION_CONTEXT(2) 
PARAMETRIC_REPRESENTATION_CONTEXT() REPRESENTATION_CONTEXT('2D SPACE',''
  ) );
#6202 = PCURVE('',#5899,#6203);
#6203 = DEFINITIONAL_REPRESENTATION('',(#6204),#6208);
#6204 = LINE('',#6205,#6206);
#6205 = CARTESIAN_POINT('',(-3.25,-5.629165124599));
#6206 = VECTOR('',#6207,1.);
#6207 = DIRECTION('',(1.,-5.465713352001E-16));
#6208 = ( GEOMETRIC_REPRESENTATION_CONTEXT(2) 
PARAMETRIC_REPRESENTATION_CONTEXT() REPRESENTATION_CONTEXT('2D SPACE',''
  ) );
#6209 = ADVANCED_FACE('',(#6210),#5817,.F.);
#6210 = FACE_BOUND('',#6211,.F.);
#6211 = EDGE_LOOP('',(#6212,#6213,#6234,#6235));
#6212 = ORIENTED_EDGE('',*,*,#6166,.T.);
#6213 = ORIENTED_EDGE('',*,*,#6214,.T.);
#6214 = EDGE_CURVE('',#6144,#5797,#6215,.T.);
#6215 = SURFACE_CURVE('',#6216,(#6220,#6227),.PCURVE_S1.);
#6216 = LINE('',#6217,#6218);
#6217 = CARTESIAN_POINT('',(263.25,-5.629165124599,335.));
#6218 = VECTOR('',#6219,1.);
#6219 = DIRECTION('',(0.5,0.866025403784,0.));
#6220 = PCURVE('',#5817,#6221);
#6221 = DEFINITIONAL_REPRESENTATION('',(#6222),#6226);
#6222 = LINE('',#6223,#6224);
#6223 = CARTESIAN_POINT('',(0.,-6.));
#6224 = VECTOR('',#6225,1.);
#6225 = DIRECTION('',(1.,0.));
#6226 = ( GEOMETRIC_REPRESENTATION_CONTEXT(2) 
PARAMETRIC_REPRESENTATION_CONTEXT() REPRESENTATION_CONTEXT('2D SPACE',''
  ) );
#6227 = PCURVE('',#5845,#6228);
#6228 = DEFINITIONAL_REPRESENTATION('',(#6229),#6233);
#6229 = LINE('',#6230,#6231);
#6230 = CARTESIAN_POINT('',(3.25,-5.629165124599));
#6231 = VECTOR('',#6232,1.);
#6232 = DIRECTION('',(0.5,0.866025403784));
#6233 = ( GEOMETRIC_REPRESENTATION_CONTEXT(2) 
PARAMETRIC_REPRESENTATION_CONTEXT() REPRESENTATION_CONTEXT('2D SPACE',''
  ) );
#6234 = ORIENTED_EDGE('',*,*,#5794,.F.);
#6235 = ORIENTED_EDGE('',*,*,#6236,.F.);
#6236 = EDGE_CURVE('',#6167,#5795,#6237,.T.);
#6237 = SURFACE_CURVE('',#6238,(#6242,#6249),.PCURVE_S1.);
#6238 = LINE('',#6239,#6240);
#6239 = CARTESIAN_POINT('',(263.25,-5.629165124599,329.));
#6240 = VECTOR('',#6241,1.);
#6241 = DIRECTION('',(0.5,0.866025403784,0.));
#6242 = PCURVE('',#5817,#6243);
#6243 = DEFINITIONAL_REPRESENTATION('',(#6244),#6248);
#6244 = LINE('',#6245,#6246);
#6245 = CARTESIAN_POINT('',(0.,0.));
#6246 = VECTOR('',#6247,1.);
#6247 = DIRECTION('',(1.,0.));
#6248 = ( GEOMETRIC_REPRESENTATION_CONTEXT(2) 
PARAMETRIC_REPRESENTATION_CONTEXT() REPRESENTATION_CONTEXT('2D SPACE',''
  ) );
#6249 = PCURVE('',#5899,#6250);
#6250 = DEFINITIONAL_REPRESENTATION('',(#6251),#6255);
#6251 = LINE('',#6252,#6253);
#6252 = CARTESIAN_POINT('',(3.25,-5.629165124599));
#6253 = VECTOR('',#6254,1.);
#6254 = DIRECTION('',(0.5,0.866025403784));
#6255 = ( GEOMETRIC_REPRESENTATION_CONTEXT(2) 
PARAMETRIC_REPRESENTATION_CONTEXT() REPRESENTATION_CONTEXT('2D SPACE',''
  ) );
#6256 = ADVANCED_FACE('',(#6257),#5899,.F.);
#6257 = FACE_BOUND('',#6258,.F.);
#6258 = EDGE_LOOP('',(#6259,#6260,#6261,#6262,#6263,#6264));
#6259 = ORIENTED_EDGE('',*,*,#5885,.T.);
#6260 = ORIENTED_EDGE('',*,*,#5966,.T.);
#6261 = ORIENTED_EDGE('',*,*,#6042,.T.);
#6262 = ORIENTED_EDGE('',*,*,#6118,.T.);
#6263 = ORIENTED_EDGE('',*,*,#6189,.T.);
#6264 = ORIENTED_EDGE('',*,*,#6236,.T.);
#6265 = ADVANCED_FACE('',(#6266),#5845,.T.);
#6266 = FACE_BOUND('',#6267,.T.);
#6267 = EDGE_LOOP('',(#6268,#6269,#6270,#6271,#6272,#6273));
#6268 = ORIENTED_EDGE('',*,*,#5829,.T.);
#6269 = ORIENTED_EDGE('',*,*,#5915,.T.);
#6270 = ORIENTED_EDGE('',*,*,#5991,.T.);
#6271 = ORIENTED_EDGE('',*,*,#6067,.T.);
#6272 = ORIENTED_EDGE('',*,*,#6143,.T.);
#6273 = ORIENTED_EDGE('',*,*,#6214,.T.);
#6274 = ( GEOMETRIC_REPRESENTATION_CONTEXT(3) 
GLOBAL_UNCERTAINTY_ASSIGNED_CONTEXT((#6278)) 
GLOBAL_UNIT_ASSIGNED_CONTEXT((#6275,#6276,#6277)) REPRESENTATION_CONTEXT
('Context #1','3D Context with UNIT and UNCERTAINTY') );
#6275 = ( LENGTH_UNIT() NAMED_UNIT(*) SI_UNIT(.MILLI.,.METRE.) );
#6276 = ( NAMED_UNIT(*) PLANE_ANGLE_UNIT() SI_UNIT($,.RADIAN.) );
#6277 = ( NAMED_UNIT(*) SI_UNIT($,.STERADIAN.) SOLID_ANGLE_UNIT() );
#6278 = UNCERTAINTY_MEASURE_WITH_UNIT(LENGTH_MEASURE(1.E-07),#6275,
  'distance_accuracy_value','confusion accuracy');
#6279 = CONTEXT_DEPENDENT_SHAPE_REPRESENTATION(#6280,#6282);
#6280 = ( REPRESENTATION_RELATIONSHIP('','',#5787,#10) 
REPRESENTATION_RELATIONSHIP_WITH_TRANSFORMATION(#6281) 
SHAPE_REPRESENTATION_RELATIONSHIP() );
#6281 = ITEM_DEFINED_TRANSFORMATION('','',#11,#59);
#6282 = PRODUCT_DEFINITION_SHAPE('Placement','Placement of an item',
  #6283);
#6283 = NEXT_ASSEMBLY_USAGE_OCCURRENCE('3291','LOCATOR_2_nyloc','',#5,
  #5782,$);
#6284 = PRODUCT_RELATED_PRODUCT_CATEGORY('part',$,(#5784));
#6285 = SHAPE_DEFINITION_REPRESENTATION(#6286,#6292);
#6286 = PRODUCT_DEFINITION_SHAPE('','',#6287);
#6287 = PRODUCT_DEFINITION('design','',#6288,#6291);
#6288 = PRODUCT_DEFINITION_FORMATION('','',#6289);
#6289 = PRODUCT('NVR-P11_latch_spreader_1','NVR-P11_latch_spreader_1',''
  ,(#6290));
#6290 = PRODUCT_CONTEXT('',#2,'mechanical');
#6291 = PRODUCT_DEFINITION_CONTEXT('part definition',#2,'design');
#6292 = ADVANCED_BREP_SHAPE_REPRESENTATION('',(#11,#6293),#6623);
#6293 = MANIFOLD_SOLID_BREP('',#6294);
#6294 = CLOSED_SHELL('',(#6295,#6415,#6515,#6562,#6609,#6616));
#6295 = ADVANCED_FACE('',(#6296),#6310,.F.);
#6296 = FACE_BOUND('',#6297,.F.);
#6297 = EDGE_LOOP('',(#6298,#6333,#6361,#6389));
#6298 = ORIENTED_EDGE('',*,*,#6299,.F.);
#6299 = EDGE_CURVE('',#6300,#6302,#6304,.T.);
#6300 = VERTEX_POINT('',#6301);
#6301 = CARTESIAN_POINT('',(-380.,-285.,300.));
#6302 = VERTEX_POINT('',#6303);
#6303 = CARTESIAN_POINT('',(-380.,-285.,306.));
#6304 = SURFACE_CURVE('',#6305,(#6309,#6321),.PCURVE_S1.);
#6305 = LINE('',#6306,#6307);
#6306 = CARTESIAN_POINT('',(-380.,-285.,300.));
#6307 = VECTOR('',#6308,1.);
#6308 = DIRECTION('',(0.,0.,1.));
#6309 = PCURVE('',#6310,#6315);
#6310 = PLANE('',#6311);
#6311 = AXIS2_PLACEMENT_3D('',#6312,#6313,#6314);
#6312 = CARTESIAN_POINT('',(-380.,-285.,300.));
#6313 = DIRECTION('',(1.,0.,0.));
#6314 = DIRECTION('',(0.,0.,1.));
#6315 = DEFINITIONAL_REPRESENTATION('',(#6316),#6320);
#6316 = LINE('',#6317,#6318);
#6317 = CARTESIAN_POINT('',(0.,0.));
#6318 = VECTOR('',#6319,1.);
#6319 = DIRECTION('',(1.,0.));
#6320 = ( GEOMETRIC_REPRESENTATION_CONTEXT(2) 
PARAMETRIC_REPRESENTATION_CONTEXT() REPRESENTATION_CONTEXT('2D SPACE',''
  ) );
#6321 = PCURVE('',#6322,#6327);
#6322 = PLANE('',#6323);
#6323 = AXIS2_PLACEMENT_3D('',#6324,#6325,#6326);
#6324 = CARTESIAN_POINT('',(-380.,-285.,300.));
#6325 = DIRECTION('',(0.,1.,0.));
#6326 = DIRECTION('',(0.,0.,1.));
#6327 = DEFINITIONAL_REPRESENTATION('',(#6328),#6332);
#6328 = LINE('',#6329,#6330);
#6329 = CARTESIAN_POINT('',(0.,0.));
#6330 = VECTOR('',#6331,1.);
#6331 = DIRECTION('',(1.,0.));
#6332 = ( GEOMETRIC_REPRESENTATION_CONTEXT(2) 
PARAMETRIC_REPRESENTATION_CONTEXT() REPRESENTATION_CONTEXT('2D SPACE',''
  ) );
#6333 = ORIENTED_EDGE('',*,*,#6334,.T.);
#6334 = EDGE_CURVE('',#6300,#6335,#6337,.T.);
#6335 = VERTEX_POINT('',#6336);
#6336 = CARTESIAN_POINT('',(-380.,-235.,300.));
#6337 = SURFACE_CURVE('',#6338,(#6342,#6349),.PCURVE_S1.);
#6338 = LINE('',#6339,#6340);
#6339 = CARTESIAN_POINT('',(-380.,-285.,300.));
#6340 = VECTOR('',#6341,1.);
#6341 = DIRECTION('',(0.,1.,0.));
#6342 = PCURVE('',#6310,#6343);
#6343 = DEFINITIONAL_REPRESENTATION('',(#6344),#6348);
#6344 = LINE('',#6345,#6346);
#6345 = CARTESIAN_POINT('',(0.,0.));
#6346 = VECTOR('',#6347,1.);
#6347 = DIRECTION('',(0.,-1.));
#6348 = ( GEOMETRIC_REPRESENTATION_CONTEXT(2) 
PARAMETRIC_REPRESENTATION_CONTEXT() REPRESENTATION_CONTEXT('2D SPACE',''
  ) );
#6349 = PCURVE('',#6350,#6355);
#6350 = PLANE('',#6351);
#6351 = AXIS2_PLACEMENT_3D('',#6352,#6353,#6354);
#6352 = CARTESIAN_POINT('',(-380.,-285.,300.));
#6353 = DIRECTION('',(0.,0.,1.));
#6354 = DIRECTION('',(1.,0.,0.));
#6355 = DEFINITIONAL_REPRESENTATION('',(#6356),#6360);
#6356 = LINE('',#6357,#6358);
#6357 = CARTESIAN_POINT('',(0.,0.));
#6358 = VECTOR('',#6359,1.);
#6359 = DIRECTION('',(0.,1.));
#6360 = ( GEOMETRIC_REPRESENTATION_CONTEXT(2) 
PARAMETRIC_REPRESENTATION_CONTEXT() REPRESENTATION_CONTEXT('2D SPACE',''
  ) );
#6361 = ORIENTED_EDGE('',*,*,#6362,.T.);
#6362 = EDGE_CURVE('',#6335,#6363,#6365,.T.);
#6363 = VERTEX_POINT('',#6364);
#6364 = CARTESIAN_POINT('',(-380.,-235.,306.));
#6365 = SURFACE_CURVE('',#6366,(#6370,#6377),.PCURVE_S1.);
#6366 = LINE('',#6367,#6368);
#6367 = CARTESIAN_POINT('',(-380.,-235.,300.));
#6368 = VECTOR('',#6369,1.);
#6369 = DIRECTION('',(0.,0.,1.));
#6370 = PCURVE('',#6310,#6371);
#6371 = DEFINITIONAL_REPRESENTATION('',(#6372),#6376);
#6372 = LINE('',#6373,#6374);
#6373 = CARTESIAN_POINT('',(0.,-50.));
#6374 = VECTOR('',#6375,1.);
#6375 = DIRECTION('',(1.,0.));
#6376 = ( GEOMETRIC_REPRESENTATION_CONTEXT(2) 
PARAMETRIC_REPRESENTATION_CONTEXT() REPRESENTATION_CONTEXT('2D SPACE',''
  ) );
#6377 = PCURVE('',#6378,#6383);
#6378 = PLANE('',#6379);
#6379 = AXIS2_PLACEMENT_3D('',#6380,#6381,#6382);
#6380 = CARTESIAN_POINT('',(-380.,-235.,300.));
#6381 = DIRECTION('',(0.,1.,0.));
#6382 = DIRECTION('',(0.,0.,1.));
#6383 = DEFINITIONAL_REPRESENTATION('',(#6384),#6388);
#6384 = LINE('',#6385,#6386);
#6385 = CARTESIAN_POINT('',(0.,0.));
#6386 = VECTOR('',#6387,1.);
#6387 = DIRECTION('',(1.,0.));
#6388 = ( GEOMETRIC_REPRESENTATION_CONTEXT(2) 
PARAMETRIC_REPRESENTATION_CONTEXT() REPRESENTATION_CONTEXT('2D SPACE',''
  ) );
#6389 = ORIENTED_EDGE('',*,*,#6390,.F.);
#6390 = EDGE_CURVE('',#6302,#6363,#6391,.T.);
#6391 = SURFACE_CURVE('',#6392,(#6396,#6403),.PCURVE_S1.);
#6392 = LINE('',#6393,#6394);
#6393 = CARTESIAN_POINT('',(-380.,-285.,306.));
#6394 = VECTOR('',#6395,1.);
#6395 = DIRECTION('',(0.,1.,0.));
#6396 = PCURVE('',#6310,#6397);
#6397 = DEFINITIONAL_REPRESENTATION('',(#6398),#6402);
#6398 = LINE('',#6399,#6400);
#6399 = CARTESIAN_POINT('',(6.,0.));
#6400 = VECTOR('',#6401,1.);
#6401 = DIRECTION('',(0.,-1.));
#6402 = ( GEOMETRIC_REPRESENTATION_CONTEXT(2) 
PARAMETRIC_REPRESENTATION_CONTEXT() REPRESENTATION_CONTEXT('2D SPACE',''
  ) );
#6403 = PCURVE('',#6404,#6409);
#6404 = PLANE('',#6405);
#6405 = AXIS2_PLACEMENT_3D('',#6406,#6407,#6408);
#6406 = CARTESIAN_POINT('',(-380.,-285.,306.));
#6407 = DIRECTION('',(0.,0.,1.));
#6408 = DIRECTION('',(1.,0.,0.));
#6409 = DEFINITIONAL_REPRESENTATION('',(#6410),#6414);
#6410 = LINE('',#6411,#6412);
#6411 = CARTESIAN_POINT('',(0.,0.));
#6412 = VECTOR('',#6413,1.);
#6413 = DIRECTION('',(0.,1.));
#6414 = ( GEOMETRIC_REPRESENTATION_CONTEXT(2) 
PARAMETRIC_REPRESENTATION_CONTEXT() REPRESENTATION_CONTEXT('2D SPACE',''
  ) );
#6415 = ADVANCED_FACE('',(#6416),#6430,.T.);
#6416 = FACE_BOUND('',#6417,.T.);
#6417 = EDGE_LOOP('',(#6418,#6448,#6471,#6494));
#6418 = ORIENTED_EDGE('',*,*,#6419,.F.);
#6419 = EDGE_CURVE('',#6420,#6422,#6424,.T.);
#6420 = VERTEX_POINT('',#6421);
#6421 = CARTESIAN_POINT('',(-280.,-285.,300.));
#6422 = VERTEX_POINT('',#6423);
#6423 = CARTESIAN_POINT('',(-280.,-285.,306.));
#6424 = SURFACE_CURVE('',#6425,(#6429,#6441),.PCURVE_S1.);
#6425 = LINE('',#6426,#6427);
#6426 = CARTESIAN_POINT('',(-280.,-285.,300.));
#6427 = VECTOR('',#6428,1.);
#6428 = DIRECTION('',(0.,0.,1.));
#6429 = PCURVE('',#6430,#6435);
#6430 = PLANE('',#6431);
#6431 = AXIS2_PLACEMENT_3D('',#6432,#6433,#6434);
#6432 = CARTESIAN_POINT('',(-280.,-285.,300.));
#6433 = DIRECTION('',(1.,0.,0.));
#6434 = DIRECTION('',(0.,0.,1.));
#6435 = DEFINITIONAL_REPRESENTATION('',(#6436),#6440);
#6436 = LINE('',#6437,#6438);
#6437 = CARTESIAN_POINT('',(0.,0.));
#6438 = VECTOR('',#6439,1.);
#6439 = DIRECTION('',(1.,0.));
#6440 = ( GEOMETRIC_REPRESENTATION_CONTEXT(2) 
PARAMETRIC_REPRESENTATION_CONTEXT() REPRESENTATION_CONTEXT('2D SPACE',''
  ) );
#6441 = PCURVE('',#6322,#6442);
#6442 = DEFINITIONAL_REPRESENTATION('',(#6443),#6447);
#6443 = LINE('',#6444,#6445);
#6444 = CARTESIAN_POINT('',(0.,100.));
#6445 = VECTOR('',#6446,1.);
#6446 = DIRECTION('',(1.,0.));
#6447 = ( GEOMETRIC_REPRESENTATION_CONTEXT(2) 
PARAMETRIC_REPRESENTATION_CONTEXT() REPRESENTATION_CONTEXT('2D SPACE',''
  ) );
#6448 = ORIENTED_EDGE('',*,*,#6449,.T.);
#6449 = EDGE_CURVE('',#6420,#6450,#6452,.T.);
#6450 = VERTEX_POINT('',#6451);
#6451 = CARTESIAN_POINT('',(-280.,-235.,300.));
#6452 = SURFACE_CURVE('',#6453,(#6457,#6464),.PCURVE_S1.);
#6453 = LINE('',#6454,#6455);
#6454 = CARTESIAN_POINT('',(-280.,-285.,300.));
#6455 = VECTOR('',#6456,1.);
#6456 = DIRECTION('',(0.,1.,0.));
#6457 = PCURVE('',#6430,#6458);
#6458 = DEFINITIONAL_REPRESENTATION('',(#6459),#6463);
#6459 = LINE('',#6460,#6461);
#6460 = CARTESIAN_POINT('',(0.,0.));
#6461 = VECTOR('',#6462,1.);
#6462 = DIRECTION('',(0.,-1.));
#6463 = ( GEOMETRIC_REPRESENTATION_CONTEXT(2) 
PARAMETRIC_REPRESENTATION_CONTEXT() REPRESENTATION_CONTEXT('2D SPACE',''
  ) );
#6464 = PCURVE('',#6350,#6465);
#6465 = DEFINITIONAL_REPRESENTATION('',(#6466),#6470);
#6466 = LINE('',#6467,#6468);
#6467 = CARTESIAN_POINT('',(100.,0.));
#6468 = VECTOR('',#6469,1.);
#6469 = DIRECTION('',(0.,1.));
#6470 = ( GEOMETRIC_REPRESENTATION_CONTEXT(2) 
PARAMETRIC_REPRESENTATION_CONTEXT() REPRESENTATION_CONTEXT('2D SPACE',''
  ) );
#6471 = ORIENTED_EDGE('',*,*,#6472,.T.);
#6472 = EDGE_CURVE('',#6450,#6473,#6475,.T.);
#6473 = VERTEX_POINT('',#6474);
#6474 = CARTESIAN_POINT('',(-280.,-235.,306.));
#6475 = SURFACE_CURVE('',#6476,(#6480,#6487),.PCURVE_S1.);
#6476 = LINE('',#6477,#6478);
#6477 = CARTESIAN_POINT('',(-280.,-235.,300.));
#6478 = VECTOR('',#6479,1.);
#6479 = DIRECTION('',(0.,0.,1.));
#6480 = PCURVE('',#6430,#6481);
#6481 = DEFINITIONAL_REPRESENTATION('',(#6482),#6486);
#6482 = LINE('',#6483,#6484);
#6483 = CARTESIAN_POINT('',(0.,-50.));
#6484 = VECTOR('',#6485,1.);
#6485 = DIRECTION('',(1.,0.));
#6486 = ( GEOMETRIC_REPRESENTATION_CONTEXT(2) 
PARAMETRIC_REPRESENTATION_CONTEXT() REPRESENTATION_CONTEXT('2D SPACE',''
  ) );
#6487 = PCURVE('',#6378,#6488);
#6488 = DEFINITIONAL_REPRESENTATION('',(#6489),#6493);
#6489 = LINE('',#6490,#6491);
#6490 = CARTESIAN_POINT('',(0.,100.));
#6491 = VECTOR('',#6492,1.);
#6492 = DIRECTION('',(1.,0.));
#6493 = ( GEOMETRIC_REPRESENTATION_CONTEXT(2) 
PARAMETRIC_REPRESENTATION_CONTEXT() REPRESENTATION_CONTEXT('2D SPACE',''
  ) );
#6494 = ORIENTED_EDGE('',*,*,#6495,.F.);
#6495 = EDGE_CURVE('',#6422,#6473,#6496,.T.);
#6496 = SURFACE_CURVE('',#6497,(#6501,#6508),.PCURVE_S1.);
#6497 = LINE('',#6498,#6499);
#6498 = CARTESIAN_POINT('',(-280.,-285.,306.));
#6499 = VECTOR('',#6500,1.);
#6500 = DIRECTION('',(0.,1.,0.));
#6501 = PCURVE('',#6430,#6502);
#6502 = DEFINITIONAL_REPRESENTATION('',(#6503),#6507);
#6503 = LINE('',#6504,#6505);
#6504 = CARTESIAN_POINT('',(6.,0.));
#6505 = VECTOR('',#6506,1.);
#6506 = DIRECTION('',(0.,-1.));
#6507 = ( GEOMETRIC_REPRESENTATION_CONTEXT(2) 
PARAMETRIC_REPRESENTATION_CONTEXT() REPRESENTATION_CONTEXT('2D SPACE',''
  ) );
#6508 = PCURVE('',#6404,#6509);
#6509 = DEFINITIONAL_REPRESENTATION('',(#6510),#6514);
#6510 = LINE('',#6511,#6512);
#6511 = CARTESIAN_POINT('',(100.,0.));
#6512 = VECTOR('',#6513,1.);
#6513 = DIRECTION('',(0.,1.));
#6514 = ( GEOMETRIC_REPRESENTATION_CONTEXT(2) 
PARAMETRIC_REPRESENTATION_CONTEXT() REPRESENTATION_CONTEXT('2D SPACE',''
  ) );
#6515 = ADVANCED_FACE('',(#6516),#6322,.F.);
#6516 = FACE_BOUND('',#6517,.F.);
#6517 = EDGE_LOOP('',(#6518,#6539,#6540,#6561));
#6518 = ORIENTED_EDGE('',*,*,#6519,.F.);
#6519 = EDGE_CURVE('',#6300,#6420,#6520,.T.);
#6520 = SURFACE_CURVE('',#6521,(#6525,#6532),.PCURVE_S1.);
#6521 = LINE('',#6522,#6523);
#6522 = CARTESIAN_POINT('',(-380.,-285.,300.));
#6523 = VECTOR('',#6524,1.);
#6524 = DIRECTION('',(1.,0.,0.));
#6525 = PCURVE('',#6322,#6526);
#6526 = DEFINITIONAL_REPRESENTATION('',(#6527),#6531);
#6527 = LINE('',#6528,#6529);
#6528 = CARTESIAN_POINT('',(0.,0.));
#6529 = VECTOR('',#6530,1.);
#6530 = DIRECTION('',(0.,1.));
#6531 = ( GEOMETRIC_REPRESENTATION_CONTEXT(2) 
PARAMETRIC_REPRESENTATION_CONTEXT() REPRESENTATION_CONTEXT('2D SPACE',''
  ) );
#6532 = PCURVE('',#6350,#6533);
#6533 = DEFINITIONAL_REPRESENTATION('',(#6534),#6538);
#6534 = LINE('',#6535,#6536);
#6535 = CARTESIAN_POINT('',(0.,0.));
#6536 = VECTOR('',#6537,1.);
#6537 = DIRECTION('',(1.,0.));
#6538 = ( GEOMETRIC_REPRESENTATION_CONTEXT(2) 
PARAMETRIC_REPRESENTATION_CONTEXT() REPRESENTATION_CONTEXT('2D SPACE',''
  ) );
#6539 = ORIENTED_EDGE('',*,*,#6299,.T.);
#6540 = ORIENTED_EDGE('',*,*,#6541,.T.);
#6541 = EDGE_CURVE('',#6302,#6422,#6542,.T.);
#6542 = SURFACE_CURVE('',#6543,(#6547,#6554),.PCURVE_S1.);
#6543 = LINE('',#6544,#6545);
#6544 = CARTESIAN_POINT('',(-380.,-285.,306.));
#6545 = VECTOR('',#6546,1.);
#6546 = DIRECTION('',(1.,0.,0.));
#6547 = PCURVE('',#6322,#6548);
#6548 = DEFINITIONAL_REPRESENTATION('',(#6549),#6553);
#6549 = LINE('',#6550,#6551);
#6550 = CARTESIAN_POINT('',(6.,0.));
#6551 = VECTOR('',#6552,1.);
#6552 = DIRECTION('',(0.,1.));
#6553 = ( GEOMETRIC_REPRESENTATION_CONTEXT(2) 
PARAMETRIC_REPRESENTATION_CONTEXT() REPRESENTATION_CONTEXT('2D SPACE',''
  ) );
#6554 = PCURVE('',#6404,#6555);
#6555 = DEFINITIONAL_REPRESENTATION('',(#6556),#6560);
#6556 = LINE('',#6557,#6558);
#6557 = CARTESIAN_POINT('',(0.,0.));
#6558 = VECTOR('',#6559,1.);
#6559 = DIRECTION('',(1.,0.));
#6560 = ( GEOMETRIC_REPRESENTATION_CONTEXT(2) 
PARAMETRIC_REPRESENTATION_CONTEXT() REPRESENTATION_CONTEXT('2D SPACE',''
  ) );
#6561 = ORIENTED_EDGE('',*,*,#6419,.F.);
#6562 = ADVANCED_FACE('',(#6563),#6378,.T.);
#6563 = FACE_BOUND('',#6564,.T.);
#6564 = EDGE_LOOP('',(#6565,#6586,#6587,#6608));
#6565 = ORIENTED_EDGE('',*,*,#6566,.F.);
#6566 = EDGE_CURVE('',#6335,#6450,#6567,.T.);
#6567 = SURFACE_CURVE('',#6568,(#6572,#6579),.PCURVE_S1.);
#6568 = LINE('',#6569,#6570);
#6569 = CARTESIAN_POINT('',(-380.,-235.,300.));
#6570 = VECTOR('',#6571,1.);
#6571 = DIRECTION('',(1.,0.,0.));
#6572 = PCURVE('',#6378,#6573);
#6573 = DEFINITIONAL_REPRESENTATION('',(#6574),#6578);
#6574 = LINE('',#6575,#6576);
#6575 = CARTESIAN_POINT('',(0.,0.));
#6576 = VECTOR('',#6577,1.);
#6577 = DIRECTION('',(0.,1.));
#6578 = ( GEOMETRIC_REPRESENTATION_CONTEXT(2) 
PARAMETRIC_REPRESENTATION_CONTEXT() REPRESENTATION_CONTEXT('2D SPACE',''
  ) );
#6579 = PCURVE('',#6350,#6580);
#6580 = DEFINITIONAL_REPRESENTATION('',(#6581),#6585);
#6581 = LINE('',#6582,#6583);
#6582 = CARTESIAN_POINT('',(0.,50.));
#6583 = VECTOR('',#6584,1.);
#6584 = DIRECTION('',(1.,0.));
#6585 = ( GEOMETRIC_REPRESENTATION_CONTEXT(2) 
PARAMETRIC_REPRESENTATION_CONTEXT() REPRESENTATION_CONTEXT('2D SPACE',''
  ) );
#6586 = ORIENTED_EDGE('',*,*,#6362,.T.);
#6587 = ORIENTED_EDGE('',*,*,#6588,.T.);
#6588 = EDGE_CURVE('',#6363,#6473,#6589,.T.);
#6589 = SURFACE_CURVE('',#6590,(#6594,#6601),.PCURVE_S1.);
#6590 = LINE('',#6591,#6592);
#6591 = CARTESIAN_POINT('',(-380.,-235.,306.));
#6592 = VECTOR('',#6593,1.);
#6593 = DIRECTION('',(1.,0.,0.));
#6594 = PCURVE('',#6378,#6595);
#6595 = DEFINITIONAL_REPRESENTATION('',(#6596),#6600);
#6596 = LINE('',#6597,#6598);
#6597 = CARTESIAN_POINT('',(6.,0.));
#6598 = VECTOR('',#6599,1.);
#6599 = DIRECTION('',(0.,1.));
#6600 = ( GEOMETRIC_REPRESENTATION_CONTEXT(2) 
PARAMETRIC_REPRESENTATION_CONTEXT() REPRESENTATION_CONTEXT('2D SPACE',''
  ) );
#6601 = PCURVE('',#6404,#6602);
#6602 = DEFINITIONAL_REPRESENTATION('',(#6603),#6607);
#6603 = LINE('',#6604,#6605);
#6604 = CARTESIAN_POINT('',(0.,50.));
#6605 = VECTOR('',#6606,1.);
#6606 = DIRECTION('',(1.,0.));
#6607 = ( GEOMETRIC_REPRESENTATION_CONTEXT(2) 
PARAMETRIC_REPRESENTATION_CONTEXT() REPRESENTATION_CONTEXT('2D SPACE',''
  ) );
#6608 = ORIENTED_EDGE('',*,*,#6472,.F.);
#6609 = ADVANCED_FACE('',(#6610),#6350,.F.);
#6610 = FACE_BOUND('',#6611,.F.);
#6611 = EDGE_LOOP('',(#6612,#6613,#6614,#6615));
#6612 = ORIENTED_EDGE('',*,*,#6334,.F.);
#6613 = ORIENTED_EDGE('',*,*,#6519,.T.);
#6614 = ORIENTED_EDGE('',*,*,#6449,.T.);
#6615 = ORIENTED_EDGE('',*,*,#6566,.F.);
#6616 = ADVANCED_FACE('',(#6617),#6404,.T.);
#6617 = FACE_BOUND('',#6618,.T.);
#6618 = EDGE_LOOP('',(#6619,#6620,#6621,#6622));
#6619 = ORIENTED_EDGE('',*,*,#6390,.F.);
#6620 = ORIENTED_EDGE('',*,*,#6541,.T.);
#6621 = ORIENTED_EDGE('',*,*,#6495,.T.);
#6622 = ORIENTED_EDGE('',*,*,#6588,.F.);
#6623 = ( GEOMETRIC_REPRESENTATION_CONTEXT(3) 
GLOBAL_UNCERTAINTY_ASSIGNED_CONTEXT((#6627)) 
GLOBAL_UNIT_ASSIGNED_CONTEXT((#6624,#6625,#6626)) REPRESENTATION_CONTEXT
('Context #1','3D Context with UNIT and UNCERTAINTY') );
#6624 = ( LENGTH_UNIT() NAMED_UNIT(*) SI_UNIT(.MILLI.,.METRE.) );
#6625 = ( NAMED_UNIT(*) PLANE_ANGLE_UNIT() SI_UNIT($,.RADIAN.) );
#6626 = ( NAMED_UNIT(*) SI_UNIT($,.STERADIAN.) SOLID_ANGLE_UNIT() );
#6627 = UNCERTAINTY_MEASURE_WITH_UNIT(LENGTH_MEASURE(1.E-07),#6624,
  'distance_accuracy_value','confusion accuracy');
#6628 = CONTEXT_DEPENDENT_SHAPE_REPRESENTATION(#6629,#6631);
#6629 = ( REPRESENTATION_RELATIONSHIP('','',#6292,#10) 
REPRESENTATION_RELATIONSHIP_WITH_TRANSFORMATION(#6630) 
SHAPE_REPRESENTATION_RELATIONSHIP() );
#6630 = ITEM_DEFINED_TRANSFORMATION('','',#11,#63);
#6631 = PRODUCT_DEFINITION_SHAPE('Placement','Placement of an item',
  #6632);
#6632 = NEXT_ASSEMBLY_USAGE_OCCURRENCE('3292','NVR-P11_latch_spreader_1'
  ,'',#5,#6287,$);
#6633 = PRODUCT_RELATED_PRODUCT_CATEGORY('part',$,(#6289));
#6634 = SHAPE_DEFINITION_REPRESENTATION(#6635,#6641);
#6635 = PRODUCT_DEFINITION_SHAPE('','',#6636);
#6636 = PRODUCT_DEFINITION('design','',#6637,#6640);
#6637 = PRODUCT_DEFINITION_FORMATION('','',#6638);
#6638 = PRODUCT('CR3001_latch_1_PROVISIONAL',
  'CR3001_latch_1_PROVISIONAL','',(#6639));
#6639 = PRODUCT_CONTEXT('',#2,'mechanical');
#6640 = PRODUCT_DEFINITION_CONTEXT('part definition',#2,'design');
#6641 = ADVANCED_BREP_SHAPE_REPRESENTATION('',(#11,#6642),#6972);
#6642 = MANIFOLD_SOLID_BREP('',#6643);
#6643 = CLOSED_SHELL('',(#6644,#6764,#6864,#6911,#6958,#6965));
#6644 = ADVANCED_FACE('',(#6645),#6659,.F.);
#6645 = FACE_BOUND('',#6646,.F.);
#6646 = EDGE_LOOP('',(#6647,#6682,#6710,#6738));
#6647 = ORIENTED_EDGE('',*,*,#6648,.F.);
#6648 = EDGE_CURVE('',#6649,#6651,#6653,.T.);
#6649 = VERTEX_POINT('',#6650);
#6650 = CARTESIAN_POINT('',(-372.5,-277.,301.));
#6651 = VERTEX_POINT('',#6652);
#6652 = CARTESIAN_POINT('',(-372.5,-277.,345.));
#6653 = SURFACE_CURVE('',#6654,(#6658,#6670),.PCURVE_S1.);
#6654 = LINE('',#6655,#6656);
#6655 = CARTESIAN_POINT('',(-372.5,-277.,301.));
#6656 = VECTOR('',#6657,1.);
#6657 = DIRECTION('',(0.,0.,1.));
#6658 = PCURVE('',#6659,#6664);
#6659 = PLANE('',#6660);
#6660 = AXIS2_PLACEMENT_3D('',#6661,#6662,#6663);
#6661 = CARTESIAN_POINT('',(-372.5,-277.,301.));
#6662 = DIRECTION('',(1.,0.,0.));
#6663 = DIRECTION('',(0.,0.,1.));
#6664 = DEFINITIONAL_REPRESENTATION('',(#6665),#6669);
#6665 = LINE('',#6666,#6667);
#6666 = CARTESIAN_POINT('',(0.,0.));
#6667 = VECTOR('',#6668,1.);
#6668 = DIRECTION('',(1.,0.));
#6669 = ( GEOMETRIC_REPRESENTATION_CONTEXT(2) 
PARAMETRIC_REPRESENTATION_CONTEXT() REPRESENTATION_CONTEXT('2D SPACE',''
  ) );
#6670 = PCURVE('',#6671,#6676);
#6671 = PLANE('',#6672);
#6672 = AXIS2_PLACEMENT_3D('',#6673,#6674,#6675);
#6673 = CARTESIAN_POINT('',(-372.5,-277.,301.));
#6674 = DIRECTION('',(0.,1.,0.));
#6675 = DIRECTION('',(0.,0.,1.));
#6676 = DEFINITIONAL_REPRESENTATION('',(#6677),#6681);
#6677 = LINE('',#6678,#6679);
#6678 = CARTESIAN_POINT('',(0.,0.));
#6679 = VECTOR('',#6680,1.);
#6680 = DIRECTION('',(1.,0.));
#6681 = ( GEOMETRIC_REPRESENTATION_CONTEXT(2) 
PARAMETRIC_REPRESENTATION_CONTEXT() REPRESENTATION_CONTEXT('2D SPACE',''
  ) );
#6682 = ORIENTED_EDGE('',*,*,#6683,.T.);
#6683 = EDGE_CURVE('',#6649,#6684,#6686,.T.);
#6684 = VERTEX_POINT('',#6685);
#6685 = CARTESIAN_POINT('',(-372.5,-243.,301.));
#6686 = SURFACE_CURVE('',#6687,(#6691,#6698),.PCURVE_S1.);
#6687 = LINE('',#6688,#6689);
#6688 = CARTESIAN_POINT('',(-372.5,-277.,301.));
#6689 = VECTOR('',#6690,1.);
#6690 = DIRECTION('',(0.,1.,0.));
#6691 = PCURVE('',#6659,#6692);
#6692 = DEFINITIONAL_REPRESENTATION('',(#6693),#6697);
#6693 = LINE('',#6694,#6695);
#6694 = CARTESIAN_POINT('',(0.,0.));
#6695 = VECTOR('',#6696,1.);
#6696 = DIRECTION('',(0.,-1.));
#6697 = ( GEOMETRIC_REPRESENTATION_CONTEXT(2) 
PARAMETRIC_REPRESENTATION_CONTEXT() REPRESENTATION_CONTEXT('2D SPACE',''
  ) );
#6698 = PCURVE('',#6699,#6704);
#6699 = PLANE('',#6700);
#6700 = AXIS2_PLACEMENT_3D('',#6701,#6702,#6703);
#6701 = CARTESIAN_POINT('',(-372.5,-277.,301.));
#6702 = DIRECTION('',(0.,0.,1.));
#6703 = DIRECTION('',(1.,0.,0.));
#6704 = DEFINITIONAL_REPRESENTATION('',(#6705),#6709);
#6705 = LINE('',#6706,#6707);
#6706 = CARTESIAN_POINT('',(0.,0.));
#6707 = VECTOR('',#6708,1.);
#6708 = DIRECTION('',(0.,1.));
#6709 = ( GEOMETRIC_REPRESENTATION_CONTEXT(2) 
PARAMETRIC_REPRESENTATION_CONTEXT() REPRESENTATION_CONTEXT('2D SPACE',''
  ) );
#6710 = ORIENTED_EDGE('',*,*,#6711,.T.);
#6711 = EDGE_CURVE('',#6684,#6712,#6714,.T.);
#6712 = VERTEX_POINT('',#6713);
#6713 = CARTESIAN_POINT('',(-372.5,-243.,345.));
#6714 = SURFACE_CURVE('',#6715,(#6719,#6726),.PCURVE_S1.);
#6715 = LINE('',#6716,#6717);
#6716 = CARTESIAN_POINT('',(-372.5,-243.,301.));
#6717 = VECTOR('',#6718,1.);
#6718 = DIRECTION('',(0.,0.,1.));
#6719 = PCURVE('',#6659,#6720);
#6720 = DEFINITIONAL_REPRESENTATION('',(#6721),#6725);
#6721 = LINE('',#6722,#6723);
#6722 = CARTESIAN_POINT('',(0.,-34.));
#6723 = VECTOR('',#6724,1.);
#6724 = DIRECTION('',(1.,0.));
#6725 = ( GEOMETRIC_REPRESENTATION_CONTEXT(2) 
PARAMETRIC_REPRESENTATION_CONTEXT() REPRESENTATION_CONTEXT('2D SPACE',''
  ) );
#6726 = PCURVE('',#6727,#6732);
#6727 = PLANE('',#6728);
#6728 = AXIS2_PLACEMENT_3D('',#6729,#6730,#6731);
#6729 = CARTESIAN_POINT('',(-372.5,-243.,301.));
#6730 = DIRECTION('',(0.,1.,0.));
#6731 = DIRECTION('',(0.,0.,1.));
#6732 = DEFINITIONAL_REPRESENTATION('',(#6733),#6737);
#6733 = LINE('',#6734,#6735);
#6734 = CARTESIAN_POINT('',(0.,0.));
#6735 = VECTOR('',#6736,1.);
#6736 = DIRECTION('',(1.,0.));
#6737 = ( GEOMETRIC_REPRESENTATION_CONTEXT(2) 
PARAMETRIC_REPRESENTATION_CONTEXT() REPRESENTATION_CONTEXT('2D SPACE',''
  ) );
#6738 = ORIENTED_EDGE('',*,*,#6739,.F.);
#6739 = EDGE_CURVE('',#6651,#6712,#6740,.T.);
#6740 = SURFACE_CURVE('',#6741,(#6745,#6752),.PCURVE_S1.);
#6741 = LINE('',#6742,#6743);
#6742 = CARTESIAN_POINT('',(-372.5,-277.,345.));
#6743 = VECTOR('',#6744,1.);
#6744 = DIRECTION('',(0.,1.,0.));
#6745 = PCURVE('',#6659,#6746);
#6746 = DEFINITIONAL_REPRESENTATION('',(#6747),#6751);
#6747 = LINE('',#6748,#6749);
#6748 = CARTESIAN_POINT('',(44.,0.));
#6749 = VECTOR('',#6750,1.);
#6750 = DIRECTION('',(0.,-1.));
#6751 = ( GEOMETRIC_REPRESENTATION_CONTEXT(2) 
PARAMETRIC_REPRESENTATION_CONTEXT() REPRESENTATION_CONTEXT('2D SPACE',''
  ) );
#6752 = PCURVE('',#6753,#6758);
#6753 = PLANE('',#6754);
#6754 = AXIS2_PLACEMENT_3D('',#6755,#6756,#6757);
#6755 = CARTESIAN_POINT('',(-372.5,-277.,345.));
#6756 = DIRECTION('',(0.,0.,1.));
#6757 = DIRECTION('',(1.,0.,0.));
#6758 = DEFINITIONAL_REPRESENTATION('',(#6759),#6763);
#6759 = LINE('',#6760,#6761);
#6760 = CARTESIAN_POINT('',(0.,0.));
#6761 = VECTOR('',#6762,1.);
#6762 = DIRECTION('',(0.,1.));
#6763 = ( GEOMETRIC_REPRESENTATION_CONTEXT(2) 
PARAMETRIC_REPRESENTATION_CONTEXT() REPRESENTATION_CONTEXT('2D SPACE',''
  ) );
#6764 = ADVANCED_FACE('',(#6765),#6779,.T.);
#6765 = FACE_BOUND('',#6766,.T.);
#6766 = EDGE_LOOP('',(#6767,#6797,#6820,#6843));
#6767 = ORIENTED_EDGE('',*,*,#6768,.F.);
#6768 = EDGE_CURVE('',#6769,#6771,#6773,.T.);
#6769 = VERTEX_POINT('',#6770);
#6770 = CARTESIAN_POINT('',(-287.5,-277.,301.));
#6771 = VERTEX_POINT('',#6772);
#6772 = CARTESIAN_POINT('',(-287.5,-277.,345.));
#6773 = SURFACE_CURVE('',#6774,(#6778,#6790),.PCURVE_S1.);
#6774 = LINE('',#6775,#6776);
#6775 = CARTESIAN_POINT('',(-287.5,-277.,301.));
#6776 = VECTOR('',#6777,1.);
#6777 = DIRECTION('',(0.,0.,1.));
#6778 = PCURVE('',#6779,#6784);
#6779 = PLANE('',#6780);
#6780 = AXIS2_PLACEMENT_3D('',#6781,#6782,#6783);
#6781 = CARTESIAN_POINT('',(-287.5,-277.,301.));
#6782 = DIRECTION('',(1.,0.,0.));
#6783 = DIRECTION('',(0.,0.,1.));
#6784 = DEFINITIONAL_REPRESENTATION('',(#6785),#6789);
#6785 = LINE('',#6786,#6787);
#6786 = CARTESIAN_POINT('',(0.,0.));
#6787 = VECTOR('',#6788,1.);
#6788 = DIRECTION('',(1.,0.));
#6789 = ( GEOMETRIC_REPRESENTATION_CONTEXT(2) 
PARAMETRIC_REPRESENTATION_CONTEXT() REPRESENTATION_CONTEXT('2D SPACE',''
  ) );
#6790 = PCURVE('',#6671,#6791);
#6791 = DEFINITIONAL_REPRESENTATION('',(#6792),#6796);
#6792 = LINE('',#6793,#6794);
#6793 = CARTESIAN_POINT('',(0.,85.));
#6794 = VECTOR('',#6795,1.);
#6795 = DIRECTION('',(1.,0.));
#6796 = ( GEOMETRIC_REPRESENTATION_CONTEXT(2) 
PARAMETRIC_REPRESENTATION_CONTEXT() REPRESENTATION_CONTEXT('2D SPACE',''
  ) );
#6797 = ORIENTED_EDGE('',*,*,#6798,.T.);
#6798 = EDGE_CURVE('',#6769,#6799,#6801,.T.);
#6799 = VERTEX_POINT('',#6800);
#6800 = CARTESIAN_POINT('',(-287.5,-243.,301.));
#6801 = SURFACE_CURVE('',#6802,(#6806,#6813),.PCURVE_S1.);
#6802 = LINE('',#6803,#6804);
#6803 = CARTESIAN_POINT('',(-287.5,-277.,301.));
#6804 = VECTOR('',#6805,1.);
#6805 = DIRECTION('',(0.,1.,0.));
#6806 = PCURVE('',#6779,#6807);
#6807 = DEFINITIONAL_REPRESENTATION('',(#6808),#6812);
#6808 = LINE('',#6809,#6810);
#6809 = CARTESIAN_POINT('',(0.,0.));
#6810 = VECTOR('',#6811,1.);
#6811 = DIRECTION('',(0.,-1.));
#6812 = ( GEOMETRIC_REPRESENTATION_CONTEXT(2) 
PARAMETRIC_REPRESENTATION_CONTEXT() REPRESENTATION_CONTEXT('2D SPACE',''
  ) );
#6813 = PCURVE('',#6699,#6814);
#6814 = DEFINITIONAL_REPRESENTATION('',(#6815),#6819);
#6815 = LINE('',#6816,#6817);
#6816 = CARTESIAN_POINT('',(85.,0.));
#6817 = VECTOR('',#6818,1.);
#6818 = DIRECTION('',(0.,1.));
#6819 = ( GEOMETRIC_REPRESENTATION_CONTEXT(2) 
PARAMETRIC_REPRESENTATION_CONTEXT() REPRESENTATION_CONTEXT('2D SPACE',''
  ) );
#6820 = ORIENTED_EDGE('',*,*,#6821,.T.);
#6821 = EDGE_CURVE('',#6799,#6822,#6824,.T.);
#6822 = VERTEX_POINT('',#6823);
#6823 = CARTESIAN_POINT('',(-287.5,-243.,345.));
#6824 = SURFACE_CURVE('',#6825,(#6829,#6836),.PCURVE_S1.);
#6825 = LINE('',#6826,#6827);
#6826 = CARTESIAN_POINT('',(-287.5,-243.,301.));
#6827 = VECTOR('',#6828,1.);
#6828 = DIRECTION('',(0.,0.,1.));
#6829 = PCURVE('',#6779,#6830);
#6830 = DEFINITIONAL_REPRESENTATION('',(#6831),#6835);
#6831 = LINE('',#6832,#6833);
#6832 = CARTESIAN_POINT('',(0.,-34.));
#6833 = VECTOR('',#6834,1.);
#6834 = DIRECTION('',(1.,0.));
#6835 = ( GEOMETRIC_REPRESENTATION_CONTEXT(2) 
PARAMETRIC_REPRESENTATION_CONTEXT() REPRESENTATION_CONTEXT('2D SPACE',''
  ) );
#6836 = PCURVE('',#6727,#6837);
#6837 = DEFINITIONAL_REPRESENTATION('',(#6838),#6842);
#6838 = LINE('',#6839,#6840);
#6839 = CARTESIAN_POINT('',(0.,85.));
#6840 = VECTOR('',#6841,1.);
#6841 = DIRECTION('',(1.,0.));
#6842 = ( GEOMETRIC_REPRESENTATION_CONTEXT(2) 
PARAMETRIC_REPRESENTATION_CONTEXT() REPRESENTATION_CONTEXT('2D SPACE',''
  ) );
#6843 = ORIENTED_EDGE('',*,*,#6844,.F.);
#6844 = EDGE_CURVE('',#6771,#6822,#6845,.T.);
#6845 = SURFACE_CURVE('',#6846,(#6850,#6857),.PCURVE_S1.);
#6846 = LINE('',#6847,#6848);
#6847 = CARTESIAN_POINT('',(-287.5,-277.,345.));
#6848 = VECTOR('',#6849,1.);
#6849 = DIRECTION('',(0.,1.,0.));
#6850 = PCURVE('',#6779,#6851);
#6851 = DEFINITIONAL_REPRESENTATION('',(#6852),#6856);
#6852 = LINE('',#6853,#6854);
#6853 = CARTESIAN_POINT('',(44.,0.));
#6854 = VECTOR('',#6855,1.);
#6855 = DIRECTION('',(0.,-1.));
#6856 = ( GEOMETRIC_REPRESENTATION_CONTEXT(2) 
PARAMETRIC_REPRESENTATION_CONTEXT() REPRESENTATION_CONTEXT('2D SPACE',''
  ) );
#6857 = PCURVE('',#6753,#6858);
#6858 = DEFINITIONAL_REPRESENTATION('',(#6859),#6863);
#6859 = LINE('',#6860,#6861);
#6860 = CARTESIAN_POINT('',(85.,0.));
#6861 = VECTOR('',#6862,1.);
#6862 = DIRECTION('',(0.,1.));
#6863 = ( GEOMETRIC_REPRESENTATION_CONTEXT(2) 
PARAMETRIC_REPRESENTATION_CONTEXT() REPRESENTATION_CONTEXT('2D SPACE',''
  ) );
#6864 = ADVANCED_FACE('',(#6865),#6671,.F.);
#6865 = FACE_BOUND('',#6866,.F.);
#6866 = EDGE_LOOP('',(#6867,#6888,#6889,#6910));
#6867 = ORIENTED_EDGE('',*,*,#6868,.F.);
#6868 = EDGE_CURVE('',#6649,#6769,#6869,.T.);
#6869 = SURFACE_CURVE('',#6870,(#6874,#6881),.PCURVE_S1.);
#6870 = LINE('',#6871,#6872);
#6871 = CARTESIAN_POINT('',(-372.5,-277.,301.));
#6872 = VECTOR('',#6873,1.);
#6873 = DIRECTION('',(1.,0.,0.));
#6874 = PCURVE('',#6671,#6875);
#6875 = DEFINITIONAL_REPRESENTATION('',(#6876),#6880);
#6876 = LINE('',#6877,#6878);
#6877 = CARTESIAN_POINT('',(0.,0.));
#6878 = VECTOR('',#6879,1.);
#6879 = DIRECTION('',(0.,1.));
#6880 = ( GEOMETRIC_REPRESENTATION_CONTEXT(2) 
PARAMETRIC_REPRESENTATION_CONTEXT() REPRESENTATION_CONTEXT('2D SPACE',''
  ) );
#6881 = PCURVE('',#6699,#6882);
#6882 = DEFINITIONAL_REPRESENTATION('',(#6883),#6887);
#6883 = LINE('',#6884,#6885);
#6884 = CARTESIAN_POINT('',(0.,0.));
#6885 = VECTOR('',#6886,1.);
#6886 = DIRECTION('',(1.,0.));
#6887 = ( GEOMETRIC_REPRESENTATION_CONTEXT(2) 
PARAMETRIC_REPRESENTATION_CONTEXT() REPRESENTATION_CONTEXT('2D SPACE',''
  ) );
#6888 = ORIENTED_EDGE('',*,*,#6648,.T.);
#6889 = ORIENTED_EDGE('',*,*,#6890,.T.);
#6890 = EDGE_CURVE('',#6651,#6771,#6891,.T.);
#6891 = SURFACE_CURVE('',#6892,(#6896,#6903),.PCURVE_S1.);
#6892 = LINE('',#6893,#6894);
#6893 = CARTESIAN_POINT('',(-372.5,-277.,345.));
#6894 = VECTOR('',#6895,1.);
#6895 = DIRECTION('',(1.,0.,0.));
#6896 = PCURVE('',#6671,#6897);
#6897 = DEFINITIONAL_REPRESENTATION('',(#6898),#6902);
#6898 = LINE('',#6899,#6900);
#6899 = CARTESIAN_POINT('',(44.,0.));
#6900 = VECTOR('',#6901,1.);
#6901 = DIRECTION('',(0.,1.));
#6902 = ( GEOMETRIC_REPRESENTATION_CONTEXT(2) 
PARAMETRIC_REPRESENTATION_CONTEXT() REPRESENTATION_CONTEXT('2D SPACE',''
  ) );
#6903 = PCURVE('',#6753,#6904);
#6904 = DEFINITIONAL_REPRESENTATION('',(#6905),#6909);
#6905 = LINE('',#6906,#6907);
#6906 = CARTESIAN_POINT('',(0.,0.));
#6907 = VECTOR('',#6908,1.);
#6908 = DIRECTION('',(1.,0.));
#6909 = ( GEOMETRIC_REPRESENTATION_CONTEXT(2) 
PARAMETRIC_REPRESENTATION_CONTEXT() REPRESENTATION_CONTEXT('2D SPACE',''
  ) );
#6910 = ORIENTED_EDGE('',*,*,#6768,.F.);
#6911 = ADVANCED_FACE('',(#6912),#6727,.T.);
#6912 = FACE_BOUND('',#6913,.T.);
#6913 = EDGE_LOOP('',(#6914,#6935,#6936,#6957));
#6914 = ORIENTED_EDGE('',*,*,#6915,.F.);
#6915 = EDGE_CURVE('',#6684,#6799,#6916,.T.);
#6916 = SURFACE_CURVE('',#6917,(#6921,#6928),.PCURVE_S1.);
#6917 = LINE('',#6918,#6919);
#6918 = CARTESIAN_POINT('',(-372.5,-243.,301.));
#6919 = VECTOR('',#6920,1.);
#6920 = DIRECTION('',(1.,0.,0.));
#6921 = PCURVE('',#6727,#6922);
#6922 = DEFINITIONAL_REPRESENTATION('',(#6923),#6927);
#6923 = LINE('',#6924,#6925);
#6924 = CARTESIAN_POINT('',(0.,0.));
#6925 = VECTOR('',#6926,1.);
#6926 = DIRECTION('',(0.,1.));
#6927 = ( GEOMETRIC_REPRESENTATION_CONTEXT(2) 
PARAMETRIC_REPRESENTATION_CONTEXT() REPRESENTATION_CONTEXT('2D SPACE',''
  ) );
#6928 = PCURVE('',#6699,#6929);
#6929 = DEFINITIONAL_REPRESENTATION('',(#6930),#6934);
#6930 = LINE('',#6931,#6932);
#6931 = CARTESIAN_POINT('',(0.,34.));
#6932 = VECTOR('',#6933,1.);
#6933 = DIRECTION('',(1.,0.));
#6934 = ( GEOMETRIC_REPRESENTATION_CONTEXT(2) 
PARAMETRIC_REPRESENTATION_CONTEXT() REPRESENTATION_CONTEXT('2D SPACE',''
  ) );
#6935 = ORIENTED_EDGE('',*,*,#6711,.T.);
#6936 = ORIENTED_EDGE('',*,*,#6937,.T.);
#6937 = EDGE_CURVE('',#6712,#6822,#6938,.T.);
#6938 = SURFACE_CURVE('',#6939,(#6943,#6950),.PCURVE_S1.);
#6939 = LINE('',#6940,#6941);
#6940 = CARTESIAN_POINT('',(-372.5,-243.,345.));
#6941 = VECTOR('',#6942,1.);
#6942 = DIRECTION('',(1.,0.,0.));
#6943 = PCURVE('',#6727,#6944);
#6944 = DEFINITIONAL_REPRESENTATION('',(#6945),#6949);
#6945 = LINE('',#6946,#6947);
#6946 = CARTESIAN_POINT('',(44.,0.));
#6947 = VECTOR('',#6948,1.);
#6948 = DIRECTION('',(0.,1.));
#6949 = ( GEOMETRIC_REPRESENTATION_CONTEXT(2) 
PARAMETRIC_REPRESENTATION_CONTEXT() REPRESENTATION_CONTEXT('2D SPACE',''
  ) );
#6950 = PCURVE('',#6753,#6951);
#6951 = DEFINITIONAL_REPRESENTATION('',(#6952),#6956);
#6952 = LINE('',#6953,#6954);
#6953 = CARTESIAN_POINT('',(0.,34.));
#6954 = VECTOR('',#6955,1.);
#6955 = DIRECTION('',(1.,0.));
#6956 = ( GEOMETRIC_REPRESENTATION_CONTEXT(2) 
PARAMETRIC_REPRESENTATION_CONTEXT() REPRESENTATION_CONTEXT('2D SPACE',''
  ) );
#6957 = ORIENTED_EDGE('',*,*,#6821,.F.);
#6958 = ADVANCED_FACE('',(#6959),#6699,.F.);
#6959 = FACE_BOUND('',#6960,.F.);
#6960 = EDGE_LOOP('',(#6961,#6962,#6963,#6964));
#6961 = ORIENTED_EDGE('',*,*,#6683,.F.);
#6962 = ORIENTED_EDGE('',*,*,#6868,.T.);
#6963 = ORIENTED_EDGE('',*,*,#6798,.T.);
#6964 = ORIENTED_EDGE('',*,*,#6915,.F.);
#6965 = ADVANCED_FACE('',(#6966),#6753,.T.);
#6966 = FACE_BOUND('',#6967,.T.);
#6967 = EDGE_LOOP('',(#6968,#6969,#6970,#6971));
#6968 = ORIENTED_EDGE('',*,*,#6739,.F.);
#6969 = ORIENTED_EDGE('',*,*,#6890,.T.);
#6970 = ORIENTED_EDGE('',*,*,#6844,.T.);
#6971 = ORIENTED_EDGE('',*,*,#6937,.F.);
#6972 = ( GEOMETRIC_REPRESENTATION_CONTEXT(3) 
GLOBAL_UNCERTAINTY_ASSIGNED_CONTEXT((#6976)) 
GLOBAL_UNIT_ASSIGNED_CONTEXT((#6973,#6974,#6975)) REPRESENTATION_CONTEXT
('Context #1','3D Context with UNIT and UNCERTAINTY') );
#6973 = ( LENGTH_UNIT() NAMED_UNIT(*) SI_UNIT(.MILLI.,.METRE.) );
#6974 = ( NAMED_UNIT(*) PLANE_ANGLE_UNIT() SI_UNIT($,.RADIAN.) );
#6975 = ( NAMED_UNIT(*) SI_UNIT($,.STERADIAN.) SOLID_ANGLE_UNIT() );
#6976 = UNCERTAINTY_MEASURE_WITH_UNIT(LENGTH_MEASURE(1.E-07),#6973,
  'distance_accuracy_value','confusion accuracy');
#6977 = CONTEXT_DEPENDENT_SHAPE_REPRESENTATION(#6978,#6980);
#6978 = ( REPRESENTATION_RELATIONSHIP('','',#6641,#10) 
REPRESENTATION_RELATIONSHIP_WITH_TRANSFORMATION(#6979) 
SHAPE_REPRESENTATION_RELATIONSHIP() );
#6979 = ITEM_DEFINED_TRANSFORMATION('','',#11,#67);
#6980 = PRODUCT_DEFINITION_SHAPE('Placement','Placement of an item',
  #6981);
#6981 = NEXT_ASSEMBLY_USAGE_OCCURRENCE('3293',
  'CR3001_latch_1_PROVISIONAL','',#5,#6636,$);
#6982 = PRODUCT_RELATED_PRODUCT_CATEGORY('part',$,(#6638));
#6983 = SHAPE_DEFINITION_REPRESENTATION(#6984,#6990);
#6984 = PRODUCT_DEFINITION_SHAPE('','',#6985);
#6985 = PRODUCT_DEFINITION('design','',#6986,#6989);
#6986 = PRODUCT_DEFINITION_FORMATION('','',#6987);
#6987 = PRODUCT('NVR-P12_CR3001_keeper_1_PROVISIONAL',
  'NVR-P12_CR3001_keeper_1_PROVISIONAL','',(#6988));
#6988 = PRODUCT_CONTEXT('',#2,'mechanical');
#6989 = PRODUCT_DEFINITION_CONTEXT('part definition',#2,'design');
#6990 = ADVANCED_BREP_SHAPE_REPRESENTATION('',(#11,#6991),#7321);
#6991 = MANIFOLD_SOLID_BREP('',#6992);
#6992 = CLOSED_SHELL('',(#6993,#7113,#7213,#7260,#7307,#7314));
#6993 = ADVANCED_FACE('',(#6994),#7008,.F.);
#6994 = FACE_BOUND('',#6995,.F.);
#6995 = EDGE_LOOP('',(#6996,#7031,#7059,#7087));
#6996 = ORIENTED_EDGE('',*,*,#6997,.F.);
#6997 = EDGE_CURVE('',#6998,#7000,#7002,.T.);
#6998 = VERTEX_POINT('',#6999);
#6999 = CARTESIAN_POINT('',(-365.,-248.,342.));
#7000 = VERTEX_POINT('',#7001);
#7001 = CARTESIAN_POINT('',(-365.,-248.,348.));
#7002 = SURFACE_CURVE('',#7003,(#7007,#7019),.PCURVE_S1.);
#7003 = LINE('',#7004,#7005);
#7004 = CARTESIAN_POINT('',(-365.,-248.,342.));
#7005 = VECTOR('',#7006,1.);
#7006 = DIRECTION('',(0.,0.,1.));
#7007 = PCURVE('',#7008,#7013);
#7008 = PLANE('',#7009);
#7009 = AXIS2_PLACEMENT_3D('',#7010,#7011,#7012);
#7010 = CARTESIAN_POINT('',(-365.,-248.,342.));
#7011 = DIRECTION('',(1.,0.,0.));
#7012 = DIRECTION('',(0.,0.,1.));
#7013 = DEFINITIONAL_REPRESENTATION('',(#7014),#7018);
#7014 = LINE('',#7015,#7016);
#7015 = CARTESIAN_POINT('',(0.,0.));
#7016 = VECTOR('',#7017,1.);
#7017 = DIRECTION('',(1.,0.));
#7018 = ( GEOMETRIC_REPRESENTATION_CONTEXT(2) 
PARAMETRIC_REPRESENTATION_CONTEXT() REPRESENTATION_CONTEXT('2D SPACE',''
  ) );
#7019 = PCURVE('',#7020,#7025);
#7020 = PLANE('',#7021);
#7021 = AXIS2_PLACEMENT_3D('',#7022,#7023,#7024);
#7022 = CARTESIAN_POINT('',(-365.,-248.,342.));
#7023 = DIRECTION('',(0.,1.,0.));
#7024 = DIRECTION('',(0.,0.,1.));
#7025 = DEFINITIONAL_REPRESENTATION('',(#7026),#7030);
#7026 = LINE('',#7027,#7028);
#7027 = CARTESIAN_POINT('',(0.,0.));
#7028 = VECTOR('',#7029,1.);
#7029 = DIRECTION('',(1.,0.));
#7030 = ( GEOMETRIC_REPRESENTATION_CONTEXT(2) 
PARAMETRIC_REPRESENTATION_CONTEXT() REPRESENTATION_CONTEXT('2D SPACE',''
  ) );
#7031 = ORIENTED_EDGE('',*,*,#7032,.T.);
#7032 = EDGE_CURVE('',#6998,#7033,#7035,.T.);
#7033 = VERTEX_POINT('',#7034);
#7034 = CARTESIAN_POINT('',(-365.,-228.,342.));
#7035 = SURFACE_CURVE('',#7036,(#7040,#7047),.PCURVE_S1.);
#7036 = LINE('',#7037,#7038);
#7037 = CARTESIAN_POINT('',(-365.,-248.,342.));
#7038 = VECTOR('',#7039,1.);
#7039 = DIRECTION('',(0.,1.,0.));
#7040 = PCURVE('',#7008,#7041);
#7041 = DEFINITIONAL_REPRESENTATION('',(#7042),#7046);
#7042 = LINE('',#7043,#7044);
#7043 = CARTESIAN_POINT('',(0.,0.));
#7044 = VECTOR('',#7045,1.);
#7045 = DIRECTION('',(0.,-1.));
#7046 = ( GEOMETRIC_REPRESENTATION_CONTEXT(2) 
PARAMETRIC_REPRESENTATION_CONTEXT() REPRESENTATION_CONTEXT('2D SPACE',''
  ) );
#7047 = PCURVE('',#7048,#7053);
#7048 = PLANE('',#7049);
#7049 = AXIS2_PLACEMENT_3D('',#7050,#7051,#7052);
#7050 = CARTESIAN_POINT('',(-365.,-248.,342.));
#7051 = DIRECTION('',(0.,0.,1.));
#7052 = DIRECTION('',(1.,0.,0.));
#7053 = DEFINITIONAL_REPRESENTATION('',(#7054),#7058);
#7054 = LINE('',#7055,#7056);
#7055 = CARTESIAN_POINT('',(0.,0.));
#7056 = VECTOR('',#7057,1.);
#7057 = DIRECTION('',(0.,1.));
#7058 = ( GEOMETRIC_REPRESENTATION_CONTEXT(2) 
PARAMETRIC_REPRESENTATION_CONTEXT() REPRESENTATION_CONTEXT('2D SPACE',''
  ) );
#7059 = ORIENTED_EDGE('',*,*,#7060,.T.);
#7060 = EDGE_CURVE('',#7033,#7061,#7063,.T.);
#7061 = VERTEX_POINT('',#7062);
#7062 = CARTESIAN_POINT('',(-365.,-228.,348.));
#7063 = SURFACE_CURVE('',#7064,(#7068,#7075),.PCURVE_S1.);
#7064 = LINE('',#7065,#7066);
#7065 = CARTESIAN_POINT('',(-365.,-228.,342.));
#7066 = VECTOR('',#7067,1.);
#7067 = DIRECTION('',(0.,0.,1.));
#7068 = PCURVE('',#7008,#7069);
#7069 = DEFINITIONAL_REPRESENTATION('',(#7070),#7074);
#7070 = LINE('',#7071,#7072);
#7071 = CARTESIAN_POINT('',(0.,-20.));
#7072 = VECTOR('',#7073,1.);
#7073 = DIRECTION('',(1.,0.));
#7074 = ( GEOMETRIC_REPRESENTATION_CONTEXT(2) 
PARAMETRIC_REPRESENTATION_CONTEXT() REPRESENTATION_CONTEXT('2D SPACE',''
  ) );
#7075 = PCURVE('',#7076,#7081);
#7076 = PLANE('',#7077);
#7077 = AXIS2_PLACEMENT_3D('',#7078,#7079,#7080);
#7078 = CARTESIAN_POINT('',(-365.,-228.,342.));
#7079 = DIRECTION('',(0.,1.,0.));
#7080 = DIRECTION('',(0.,0.,1.));
#7081 = DEFINITIONAL_REPRESENTATION('',(#7082),#7086);
#7082 = LINE('',#7083,#7084);
#7083 = CARTESIAN_POINT('',(0.,0.));
#7084 = VECTOR('',#7085,1.);
#7085 = DIRECTION('',(1.,0.));
#7086 = ( GEOMETRIC_REPRESENTATION_CONTEXT(2) 
PARAMETRIC_REPRESENTATION_CONTEXT() REPRESENTATION_CONTEXT('2D SPACE',''
  ) );
#7087 = ORIENTED_EDGE('',*,*,#7088,.F.);
#7088 = EDGE_CURVE('',#7000,#7061,#7089,.T.);
#7089 = SURFACE_CURVE('',#7090,(#7094,#7101),.PCURVE_S1.);
#7090 = LINE('',#7091,#7092);
#7091 = CARTESIAN_POINT('',(-365.,-248.,348.));
#7092 = VECTOR('',#7093,1.);
#7093 = DIRECTION('',(0.,1.,0.));
#7094 = PCURVE('',#7008,#7095);
#7095 = DEFINITIONAL_REPRESENTATION('',(#7096),#7100);
#7096 = LINE('',#7097,#7098);
#7097 = CARTESIAN_POINT('',(6.,0.));
#7098 = VECTOR('',#7099,1.);
#7099 = DIRECTION('',(0.,-1.));
#7100 = ( GEOMETRIC_REPRESENTATION_CONTEXT(2) 
PARAMETRIC_REPRESENTATION_CONTEXT() REPRESENTATION_CONTEXT('2D SPACE',''
  ) );
#7101 = PCURVE('',#7102,#7107);
#7102 = PLANE('',#7103);
#7103 = AXIS2_PLACEMENT_3D('',#7104,#7105,#7106);
#7104 = CARTESIAN_POINT('',(-365.,-248.,348.));
#7105 = DIRECTION('',(0.,0.,1.));
#7106 = DIRECTION('',(1.,0.,0.));
#7107 = DEFINITIONAL_REPRESENTATION('',(#7108),#7112);
#7108 = LINE('',#7109,#7110);
#7109 = CARTESIAN_POINT('',(0.,0.));
#7110 = VECTOR('',#7111,1.);
#7111 = DIRECTION('',(0.,1.));
#7112 = ( GEOMETRIC_REPRESENTATION_CONTEXT(2) 
PARAMETRIC_REPRESENTATION_CONTEXT() REPRESENTATION_CONTEXT('2D SPACE',''
  ) );
#7113 = ADVANCED_FACE('',(#7114),#7128,.T.);
#7114 = FACE_BOUND('',#7115,.T.);
#7115 = EDGE_LOOP('',(#7116,#7146,#7169,#7192));
#7116 = ORIENTED_EDGE('',*,*,#7117,.F.);
#7117 = EDGE_CURVE('',#7118,#7120,#7122,.T.);
#7118 = VERTEX_POINT('',#7119);
#7119 = CARTESIAN_POINT('',(-295.,-248.,342.));
#7120 = VERTEX_POINT('',#7121);
#7121 = CARTESIAN_POINT('',(-295.,-248.,348.));
#7122 = SURFACE_CURVE('',#7123,(#7127,#7139),.PCURVE_S1.);
#7123 = LINE('',#7124,#7125);
#7124 = CARTESIAN_POINT('',(-295.,-248.,342.));
#7125 = VECTOR('',#7126,1.);
#7126 = DIRECTION('',(0.,0.,1.));
#7127 = PCURVE('',#7128,#7133);
#7128 = PLANE('',#7129);
#7129 = AXIS2_PLACEMENT_3D('',#7130,#7131,#7132);
#7130 = CARTESIAN_POINT('',(-295.,-248.,342.));
#7131 = DIRECTION('',(1.,0.,0.));
#7132 = DIRECTION('',(0.,0.,1.));
#7133 = DEFINITIONAL_REPRESENTATION('',(#7134),#7138);
#7134 = LINE('',#7135,#7136);
#7135 = CARTESIAN_POINT('',(0.,0.));
#7136 = VECTOR('',#7137,1.);
#7137 = DIRECTION('',(1.,0.));
#7138 = ( GEOMETRIC_REPRESENTATION_CONTEXT(2) 
PARAMETRIC_REPRESENTATION_CONTEXT() REPRESENTATION_CONTEXT('2D SPACE',''
  ) );
#7139 = PCURVE('',#7020,#7140);
#7140 = DEFINITIONAL_REPRESENTATION('',(#7141),#7145);
#7141 = LINE('',#7142,#7143);
#7142 = CARTESIAN_POINT('',(0.,70.));
#7143 = VECTOR('',#7144,1.);
#7144 = DIRECTION('',(1.,0.));
#7145 = ( GEOMETRIC_REPRESENTATION_CONTEXT(2) 
PARAMETRIC_REPRESENTATION_CONTEXT() REPRESENTATION_CONTEXT('2D SPACE',''
  ) );
#7146 = ORIENTED_EDGE('',*,*,#7147,.T.);
#7147 = EDGE_CURVE('',#7118,#7148,#7150,.T.);
#7148 = VERTEX_POINT('',#7149);
#7149 = CARTESIAN_POINT('',(-295.,-228.,342.));
#7150 = SURFACE_CURVE('',#7151,(#7155,#7162),.PCURVE_S1.);
#7151 = LINE('',#7152,#7153);
#7152 = CARTESIAN_POINT('',(-295.,-248.,342.));
#7153 = VECTOR('',#7154,1.);
#7154 = DIRECTION('',(0.,1.,0.));
#7155 = PCURVE('',#7128,#7156);
#7156 = DEFINITIONAL_REPRESENTATION('',(#7157),#7161);
#7157 = LINE('',#7158,#7159);
#7158 = CARTESIAN_POINT('',(0.,0.));
#7159 = VECTOR('',#7160,1.);
#7160 = DIRECTION('',(0.,-1.));
#7161 = ( GEOMETRIC_REPRESENTATION_CONTEXT(2) 
PARAMETRIC_REPRESENTATION_CONTEXT() REPRESENTATION_CONTEXT('2D SPACE',''
  ) );
#7162 = PCURVE('',#7048,#7163);
#7163 = DEFINITIONAL_REPRESENTATION('',(#7164),#7168);
#7164 = LINE('',#7165,#7166);
#7165 = CARTESIAN_POINT('',(70.,0.));
#7166 = VECTOR('',#7167,1.);
#7167 = DIRECTION('',(0.,1.));
#7168 = ( GEOMETRIC_REPRESENTATION_CONTEXT(2) 
PARAMETRIC_REPRESENTATION_CONTEXT() REPRESENTATION_CONTEXT('2D SPACE',''
  ) );
#7169 = ORIENTED_EDGE('',*,*,#7170,.T.);
#7170 = EDGE_CURVE('',#7148,#7171,#7173,.T.);
#7171 = VERTEX_POINT('',#7172);
#7172 = CARTESIAN_POINT('',(-295.,-228.,348.));
#7173 = SURFACE_CURVE('',#7174,(#7178,#7185),.PCURVE_S1.);
#7174 = LINE('',#7175,#7176);
#7175 = CARTESIAN_POINT('',(-295.,-228.,342.));
#7176 = VECTOR('',#7177,1.);
#7177 = DIRECTION('',(0.,0.,1.));
#7178 = PCURVE('',#7128,#7179);
#7179 = DEFINITIONAL_REPRESENTATION('',(#7180),#7184);
#7180 = LINE('',#7181,#7182);
#7181 = CARTESIAN_POINT('',(0.,-20.));
#7182 = VECTOR('',#7183,1.);
#7183 = DIRECTION('',(1.,0.));
#7184 = ( GEOMETRIC_REPRESENTATION_CONTEXT(2) 
PARAMETRIC_REPRESENTATION_CONTEXT() REPRESENTATION_CONTEXT('2D SPACE',''
  ) );
#7185 = PCURVE('',#7076,#7186);
#7186 = DEFINITIONAL_REPRESENTATION('',(#7187),#7191);
#7187 = LINE('',#7188,#7189);
#7188 = CARTESIAN_POINT('',(0.,70.));
#7189 = VECTOR('',#7190,1.);
#7190 = DIRECTION('',(1.,0.));
#7191 = ( GEOMETRIC_REPRESENTATION_CONTEXT(2) 
PARAMETRIC_REPRESENTATION_CONTEXT() REPRESENTATION_CONTEXT('2D SPACE',''
  ) );
#7192 = ORIENTED_EDGE('',*,*,#7193,.F.);
#7193 = EDGE_CURVE('',#7120,#7171,#7194,.T.);
#7194 = SURFACE_CURVE('',#7195,(#7199,#7206),.PCURVE_S1.);
#7195 = LINE('',#7196,#7197);
#7196 = CARTESIAN_POINT('',(-295.,-248.,348.));
#7197 = VECTOR('',#7198,1.);
#7198 = DIRECTION('',(0.,1.,0.));
#7199 = PCURVE('',#7128,#7200);
#7200 = DEFINITIONAL_REPRESENTATION('',(#7201),#7205);
#7201 = LINE('',#7202,#7203);
#7202 = CARTESIAN_POINT('',(6.,0.));
#7203 = VECTOR('',#7204,1.);
#7204 = DIRECTION('',(0.,-1.));
#7205 = ( GEOMETRIC_REPRESENTATION_CONTEXT(2) 
PARAMETRIC_REPRESENTATION_CONTEXT() REPRESENTATION_CONTEXT('2D SPACE',''
  ) );
#7206 = PCURVE('',#7102,#7207);
#7207 = DEFINITIONAL_REPRESENTATION('',(#7208),#7212);
#7208 = LINE('',#7209,#7210);
#7209 = CARTESIAN_POINT('',(70.,0.));
#7210 = VECTOR('',#7211,1.);
#7211 = DIRECTION('',(0.,1.));
#7212 = ( GEOMETRIC_REPRESENTATION_CONTEXT(2) 
PARAMETRIC_REPRESENTATION_CONTEXT() REPRESENTATION_CONTEXT('2D SPACE',''
  ) );
#7213 = ADVANCED_FACE('',(#7214),#7020,.F.);
#7214 = FACE_BOUND('',#7215,.F.);
#7215 = EDGE_LOOP('',(#7216,#7237,#7238,#7259));
#7216 = ORIENTED_EDGE('',*,*,#7217,.F.);
#7217 = EDGE_CURVE('',#6998,#7118,#7218,.T.);
#7218 = SURFACE_CURVE('',#7219,(#7223,#7230),.PCURVE_S1.);
#7219 = LINE('',#7220,#7221);
#7220 = CARTESIAN_POINT('',(-365.,-248.,342.));
#7221 = VECTOR('',#7222,1.);
#7222 = DIRECTION('',(1.,0.,0.));
#7223 = PCURVE('',#7020,#7224);
#7224 = DEFINITIONAL_REPRESENTATION('',(#7225),#7229);
#7225 = LINE('',#7226,#7227);
#7226 = CARTESIAN_POINT('',(0.,0.));
#7227 = VECTOR('',#7228,1.);
#7228 = DIRECTION('',(0.,1.));
#7229 = ( GEOMETRIC_REPRESENTATION_CONTEXT(2) 
PARAMETRIC_REPRESENTATION_CONTEXT() REPRESENTATION_CONTEXT('2D SPACE',''
  ) );
#7230 = PCURVE('',#7048,#7231);
#7231 = DEFINITIONAL_REPRESENTATION('',(#7232),#7236);
#7232 = LINE('',#7233,#7234);
#7233 = CARTESIAN_POINT('',(0.,0.));
#7234 = VECTOR('',#7235,1.);
#7235 = DIRECTION('',(1.,0.));
#7236 = ( GEOMETRIC_REPRESENTATION_CONTEXT(2) 
PARAMETRIC_REPRESENTATION_CONTEXT() REPRESENTATION_CONTEXT('2D SPACE',''
  ) );
#7237 = ORIENTED_EDGE('',*,*,#6997,.T.);
#7238 = ORIENTED_EDGE('',*,*,#7239,.T.);
#7239 = EDGE_CURVE('',#7000,#7120,#7240,.T.);
#7240 = SURFACE_CURVE('',#7241,(#7245,#7252),.PCURVE_S1.);
#7241 = LINE('',#7242,#7243);
#7242 = CARTESIAN_POINT('',(-365.,-248.,348.));
#7243 = VECTOR('',#7244,1.);
#7244 = DIRECTION('',(1.,0.,0.));
#7245 = PCURVE('',#7020,#7246);
#7246 = DEFINITIONAL_REPRESENTATION('',(#7247),#7251);
#7247 = LINE('',#7248,#7249);
#7248 = CARTESIAN_POINT('',(6.,0.));
#7249 = VECTOR('',#7250,1.);
#7250 = DIRECTION('',(0.,1.));
#7251 = ( GEOMETRIC_REPRESENTATION_CONTEXT(2) 
PARAMETRIC_REPRESENTATION_CONTEXT() REPRESENTATION_CONTEXT('2D SPACE',''
  ) );
#7252 = PCURVE('',#7102,#7253);
#7253 = DEFINITIONAL_REPRESENTATION('',(#7254),#7258);
#7254 = LINE('',#7255,#7256);
#7255 = CARTESIAN_POINT('',(0.,0.));
#7256 = VECTOR('',#7257,1.);
#7257 = DIRECTION('',(1.,0.));
#7258 = ( GEOMETRIC_REPRESENTATION_CONTEXT(2) 
PARAMETRIC_REPRESENTATION_CONTEXT() REPRESENTATION_CONTEXT('2D SPACE',''
  ) );
#7259 = ORIENTED_EDGE('',*,*,#7117,.F.);
#7260 = ADVANCED_FACE('',(#7261),#7076,.T.);
#7261 = FACE_BOUND('',#7262,.T.);
#7262 = EDGE_LOOP('',(#7263,#7284,#7285,#7306));
#7263 = ORIENTED_EDGE('',*,*,#7264,.F.);
#7264 = EDGE_CURVE('',#7033,#7148,#7265,.T.);
#7265 = SURFACE_CURVE('',#7266,(#7270,#7277),.PCURVE_S1.);
#7266 = LINE('',#7267,#7268);
#7267 = CARTESIAN_POINT('',(-365.,-228.,342.));
#7268 = VECTOR('',#7269,1.);
#7269 = DIRECTION('',(1.,0.,0.));
#7270 = PCURVE('',#7076,#7271);
#7271 = DEFINITIONAL_REPRESENTATION('',(#7272),#7276);
#7272 = LINE('',#7273,#7274);
#7273 = CARTESIAN_POINT('',(0.,0.));
#7274 = VECTOR('',#7275,1.);
#7275 = DIRECTION('',(0.,1.));
#7276 = ( GEOMETRIC_REPRESENTATION_CONTEXT(2) 
PARAMETRIC_REPRESENTATION_CONTEXT() REPRESENTATION_CONTEXT('2D SPACE',''
  ) );
#7277 = PCURVE('',#7048,#7278);
#7278 = DEFINITIONAL_REPRESENTATION('',(#7279),#7283);
#7279 = LINE('',#7280,#7281);
#7280 = CARTESIAN_POINT('',(0.,20.));
#7281 = VECTOR('',#7282,1.);
#7282 = DIRECTION('',(1.,0.));
#7283 = ( GEOMETRIC_REPRESENTATION_CONTEXT(2) 
PARAMETRIC_REPRESENTATION_CONTEXT() REPRESENTATION_CONTEXT('2D SPACE',''
  ) );
#7284 = ORIENTED_EDGE('',*,*,#7060,.T.);
#7285 = ORIENTED_EDGE('',*,*,#7286,.T.);
#7286 = EDGE_CURVE('',#7061,#7171,#7287,.T.);
#7287 = SURFACE_CURVE('',#7288,(#7292,#7299),.PCURVE_S1.);
#7288 = LINE('',#7289,#7290);
#7289 = CARTESIAN_POINT('',(-365.,-228.,348.));
#7290 = VECTOR('',#7291,1.);
#7291 = DIRECTION('',(1.,0.,0.));
#7292 = PCURVE('',#7076,#7293);
#7293 = DEFINITIONAL_REPRESENTATION('',(#7294),#7298);
#7294 = LINE('',#7295,#7296);
#7295 = CARTESIAN_POINT('',(6.,0.));
#7296 = VECTOR('',#7297,1.);
#7297 = DIRECTION('',(0.,1.));
#7298 = ( GEOMETRIC_REPRESENTATION_CONTEXT(2) 
PARAMETRIC_REPRESENTATION_CONTEXT() REPRESENTATION_CONTEXT('2D SPACE',''
  ) );
#7299 = PCURVE('',#7102,#7300);
#7300 = DEFINITIONAL_REPRESENTATION('',(#7301),#7305);
#7301 = LINE('',#7302,#7303);
#7302 = CARTESIAN_POINT('',(0.,20.));
#7303 = VECTOR('',#7304,1.);
#7304 = DIRECTION('',(1.,0.));
#7305 = ( GEOMETRIC_REPRESENTATION_CONTEXT(2) 
PARAMETRIC_REPRESENTATION_CONTEXT() REPRESENTATION_CONTEXT('2D SPACE',''
  ) );
#7306 = ORIENTED_EDGE('',*,*,#7170,.F.);
#7307 = ADVANCED_FACE('',(#7308),#7048,.F.);
#7308 = FACE_BOUND('',#7309,.F.);
#7309 = EDGE_LOOP('',(#7310,#7311,#7312,#7313));
#7310 = ORIENTED_EDGE('',*,*,#7032,.F.);
#7311 = ORIENTED_EDGE('',*,*,#7217,.T.);
#7312 = ORIENTED_EDGE('',*,*,#7147,.T.);
#7313 = ORIENTED_EDGE('',*,*,#7264,.F.);
#7314 = ADVANCED_FACE('',(#7315),#7102,.T.);
#7315 = FACE_BOUND('',#7316,.T.);
#7316 = EDGE_LOOP('',(#7317,#7318,#7319,#7320));
#7317 = ORIENTED_EDGE('',*,*,#7088,.F.);
#7318 = ORIENTED_EDGE('',*,*,#7239,.T.);
#7319 = ORIENTED_EDGE('',*,*,#7193,.T.);
#7320 = ORIENTED_EDGE('',*,*,#7286,.F.);
#7321 = ( GEOMETRIC_REPRESENTATION_CONTEXT(3) 
GLOBAL_UNCERTAINTY_ASSIGNED_CONTEXT((#7325)) 
GLOBAL_UNIT_ASSIGNED_CONTEXT((#7322,#7323,#7324)) REPRESENTATION_CONTEXT
('Context #1','3D Context with UNIT and UNCERTAINTY') );
#7322 = ( LENGTH_UNIT() NAMED_UNIT(*) SI_UNIT(.MILLI.,.METRE.) );
#7323 = ( NAMED_UNIT(*) PLANE_ANGLE_UNIT() SI_UNIT($,.RADIAN.) );
#7324 = ( NAMED_UNIT(*) SI_UNIT($,.STERADIAN.) SOLID_ANGLE_UNIT() );
#7325 = UNCERTAINTY_MEASURE_WITH_UNIT(LENGTH_MEASURE(1.E-07),#7322,
  'distance_accuracy_value','confusion accuracy');
#7326 = CONTEXT_DEPENDENT_SHAPE_REPRESENTATION(#7327,#7329);
#7327 = ( REPRESENTATION_RELATIONSHIP('','',#6990,#10) 
REPRESENTATION_RELATIONSHIP_WITH_TRANSFORMATION(#7328) 
SHAPE_REPRESENTATION_RELATIONSHIP() );
#7328 = ITEM_DEFINED_TRANSFORMATION('','',#11,#71);
#7329 = PRODUCT_DEFINITION_SHAPE('Placement','Placement of an item',
  #7330);
#7330 = NEXT_ASSEMBLY_USAGE_OCCURRENCE('3294',
  'NVR-P12_CR3001_keeper_1_PROVISIONAL','',#5,#6985,$);
#7331 = PRODUCT_RELATED_PRODUCT_CATEGORY('part',$,(#6987));
#7332 = SHAPE_DEFINITION_REPRESENTATION(#7333,#7339);
#7333 = PRODUCT_DEFINITION_SHAPE('','',#7334);
#7334 = PRODUCT_DEFINITION('design','',#7335,#7338);
#7335 = PRODUCT_DEFINITION_FORMATION('','',#7336);
#7336 = PRODUCT('LATCH_1_1_screw','LATCH_1_1_screw','',(#7337));
#7337 = PRODUCT_CONTEXT('',#2,'mechanical');
#7338 = PRODUCT_DEFINITION_CONTEXT('part definition',#2,'design');
#7339 = SHAPE_REPRESENTATION('',(#11,#7340,#7438),#7536);
#7340 = MANIFOLD_SOLID_BREP('',#7341);
#7341 = CLOSED_SHELL('',(#7342,#7430,#7434));
#7342 = ADVANCED_FACE('',(#7343),#7357,.T.);
#7343 = FACE_BOUND('',#7344,.F.);
#7344 = EDGE_LOOP('',(#7345,#7375,#7402,#7403));
#7345 = ORIENTED_EDGE('',*,*,#7346,.T.);
#7346 = EDGE_CURVE('',#7347,#7349,#7351,.T.);
#7347 = VERTEX_POINT('',#7348);
#7348 = CARTESIAN_POINT('',(-352.,-260.,325.));
#7349 = VERTEX_POINT('',#7350);
#7350 = CARTESIAN_POINT('',(-352.,-260.,353.));
#7351 = SEAM_CURVE('',#7352,(#7356,#7368),.PCURVE_S1.);
#7352 = LINE('',#7353,#7354);
#7353 = CARTESIAN_POINT('',(-352.,-260.,325.));
#7354 = VECTOR('',#7355,1.);
#7355 = DIRECTION('',(0.,0.,1.));
#7356 = PCURVE('',#7357,#7362);
#7357 = CYLINDRICAL_SURFACE('',#7358,3.);
#7358 = AXIS2_PLACEMENT_3D('',#7359,#7360,#7361);
#7359 = CARTESIAN_POINT('',(-355.,-260.,325.));
#7360 = DIRECTION('',(-0.,-0.,-1.));
#7361 = DIRECTION('',(1.,0.,0.));
#7362 = DEFINITIONAL_REPRESENTATION('',(#7363),#7367);
#7363 = LINE('',#7364,#7365);
#7364 = CARTESIAN_POINT('',(-0.,0.));
#7365 = VECTOR('',#7366,1.);
#7366 = DIRECTION('',(-0.,-1.));
#7367 = ( GEOMETRIC_REPRESENTATION_CONTEXT(2) 
PARAMETRIC_REPRESENTATION_CONTEXT() REPRESENTATION_CONTEXT('2D SPACE',''
  ) );
#7368 = PCURVE('',#7357,#7369);
#7369 = DEFINITIONAL_REPRESENTATION('',(#7370),#7374);
#7370 = LINE('',#7371,#7372);
#7371 = CARTESIAN_POINT('',(-6.28318530718,0.));
#7372 = VECTOR('',#7373,1.);
#7373 = DIRECTION('',(-0.,-1.));
#7374 = ( GEOMETRIC_REPRESENTATION_CONTEXT(2) 
PARAMETRIC_REPRESENTATION_CONTEXT() REPRESENTATION_CONTEXT('2D SPACE',''
  ) );
#7375 = ORIENTED_EDGE('',*,*,#7376,.T.);
#7376 = EDGE_CURVE('',#7349,#7349,#7377,.T.);
#7377 = SURFACE_CURVE('',#7378,(#7383,#7390),.PCURVE_S1.);
#7378 = CIRCLE('',#7379,3.);
#7379 = AXIS2_PLACEMENT_3D('',#7380,#7381,#7382);
#7380 = CARTESIAN_POINT('',(-355.,-260.,353.));
#7381 = DIRECTION('',(0.,0.,1.));
#7382 = DIRECTION('',(1.,0.,0.));
#7383 = PCURVE('',#7357,#7384);
#7384 = DEFINITIONAL_REPRESENTATION('',(#7385),#7389);
#7385 = LINE('',#7386,#7387);
#7386 = CARTESIAN_POINT('',(-0.,-28.));
#7387 = VECTOR('',#7388,1.);
#7388 = DIRECTION('',(-1.,0.));
#7389 = ( GEOMETRIC_REPRESENTATION_CONTEXT(2) 
PARAMETRIC_REPRESENTATION_CONTEXT() REPRESENTATION_CONTEXT('2D SPACE',''
  ) );
#7390 = PCURVE('',#7391,#7396);
#7391 = PLANE('',#7392);
#7392 = AXIS2_PLACEMENT_3D('',#7393,#7394,#7395);
#7393 = CARTESIAN_POINT('',(-355.,-260.,353.));
#7394 = DIRECTION('',(0.,0.,1.));
#7395 = DIRECTION('',(1.,0.,-0.));
#7396 = DEFINITIONAL_REPRESENTATION('',(#7397),#7401);
#7397 = CIRCLE('',#7398,3.);
#7398 = AXIS2_PLACEMENT_2D('',#7399,#7400);
#7399 = CARTESIAN_POINT('',(0.,0.));
#7400 = DIRECTION('',(1.,0.));
#7401 = ( GEOMETRIC_REPRESENTATION_CONTEXT(2) 
PARAMETRIC_REPRESENTATION_CONTEXT() REPRESENTATION_CONTEXT('2D SPACE',''
  ) );
#7402 = ORIENTED_EDGE('',*,*,#7346,.F.);
#7403 = ORIENTED_EDGE('',*,*,#7404,.F.);
#7404 = EDGE_CURVE('',#7347,#7347,#7405,.T.);
#7405 = SURFACE_CURVE('',#7406,(#7411,#7418),.PCURVE_S1.);
#7406 = CIRCLE('',#7407,3.);
#7407 = AXIS2_PLACEMENT_3D('',#7408,#7409,#7410);
#7408 = CARTESIAN_POINT('',(-355.,-260.,325.));
#7409 = DIRECTION('',(0.,0.,1.));
#7410 = DIRECTION('',(1.,0.,0.));
#7411 = PCURVE('',#7357,#7412);
#7412 = DEFINITIONAL_REPRESENTATION('',(#7413),#7417);
#7413 = LINE('',#7414,#7415);
#7414 = CARTESIAN_POINT('',(-0.,0.));
#7415 = VECTOR('',#7416,1.);
#7416 = DIRECTION('',(-1.,0.));
#7417 = ( GEOMETRIC_REPRESENTATION_CONTEXT(2) 
PARAMETRIC_REPRESENTATION_CONTEXT() REPRESENTATION_CONTEXT('2D SPACE',''
  ) );
#7418 = PCURVE('',#7419,#7424);
#7419 = PLANE('',#7420);
#7420 = AXIS2_PLACEMENT_3D('',#7421,#7422,#7423);
#7421 = CARTESIAN_POINT('',(-355.,-260.,325.));
#7422 = DIRECTION('',(0.,0.,1.));
#7423 = DIRECTION('',(1.,0.,-0.));
#7424 = DEFINITIONAL_REPRESENTATION('',(#7425),#7429);
#7425 = CIRCLE('',#7426,3.);
#7426 = AXIS2_PLACEMENT_2D('',#7427,#7428);
#7427 = CARTESIAN_POINT('',(0.,0.));
#7428 = DIRECTION('',(1.,0.));
#7429 = ( GEOMETRIC_REPRESENTATION_CONTEXT(2) 
PARAMETRIC_REPRESENTATION_CONTEXT() REPRESENTATION_CONTEXT('2D SPACE',''
  ) );
#7430 = ADVANCED_FACE('',(#7431),#7419,.F.);
#7431 = FACE_BOUND('',#7432,.F.);
#7432 = EDGE_LOOP('',(#7433));
#7433 = ORIENTED_EDGE('',*,*,#7404,.T.);
#7434 = ADVANCED_FACE('',(#7435),#7391,.T.);
#7435 = FACE_BOUND('',#7436,.T.);
#7436 = EDGE_LOOP('',(#7437));
#7437 = ORIENTED_EDGE('',*,*,#7376,.T.);
#7438 = MANIFOLD_SOLID_BREP('',#7439);
#7439 = CLOSED_SHELL('',(#7440,#7528,#7532));
#7440 = ADVANCED_FACE('',(#7441),#7455,.T.);
#7441 = FACE_BOUND('',#7442,.F.);
#7442 = EDGE_LOOP('',(#7443,#7473,#7500,#7501));
#7443 = ORIENTED_EDGE('',*,*,#7444,.T.);
#7444 = EDGE_CURVE('',#7445,#7447,#7449,.T.);
#7445 = VERTEX_POINT('',#7446);
#7446 = CARTESIAN_POINT('',(-349.8,-260.,349.));
#7447 = VERTEX_POINT('',#7448);
#7448 = CARTESIAN_POINT('',(-349.8,-260.,353.));
#7449 = SEAM_CURVE('',#7450,(#7454,#7466),.PCURVE_S1.);
#7450 = LINE('',#7451,#7452);
#7451 = CARTESIAN_POINT('',(-349.8,-260.,349.));
#7452 = VECTOR('',#7453,1.);
#7453 = DIRECTION('',(0.,0.,1.));
#7454 = PCURVE('',#7455,#7460);
#7455 = CYLINDRICAL_SURFACE('',#7456,5.2);
#7456 = AXIS2_PLACEMENT_3D('',#7457,#7458,#7459);
#7457 = CARTESIAN_POINT('',(-355.,-260.,349.));
#7458 = DIRECTION('',(-0.,-0.,-1.));
#7459 = DIRECTION('',(1.,0.,0.));
#7460 = DEFINITIONAL_REPRESENTATION('',(#7461),#7465);
#7461 = LINE('',#7462,#7463);
#7462 = CARTESIAN_POINT('',(-0.,0.));
#7463 = VECTOR('',#7464,1.);
#7464 = DIRECTION('',(-0.,-1.));
#7465 = ( GEOMETRIC_REPRESENTATION_CONTEXT(2) 
PARAMETRIC_REPRESENTATION_CONTEXT() REPRESENTATION_CONTEXT('2D SPACE',''
  ) );
#7466 = PCURVE('',#7455,#7467);
#7467 = DEFINITIONAL_REPRESENTATION('',(#7468),#7472);
#7468 = LINE('',#7469,#7470);
#7469 = CARTESIAN_POINT('',(-6.28318530718,0.));
#7470 = VECTOR('',#7471,1.);
#7471 = DIRECTION('',(-0.,-1.));
#7472 = ( GEOMETRIC_REPRESENTATION_CONTEXT(2) 
PARAMETRIC_REPRESENTATION_CONTEXT() REPRESENTATION_CONTEXT('2D SPACE',''
  ) );
#7473 = ORIENTED_EDGE('',*,*,#7474,.T.);
#7474 = EDGE_CURVE('',#7447,#7447,#7475,.T.);
#7475 = SURFACE_CURVE('',#7476,(#7481,#7488),.PCURVE_S1.);
#7476 = CIRCLE('',#7477,5.2);
#7477 = AXIS2_PLACEMENT_3D('',#7478,#7479,#7480);
#7478 = CARTESIAN_POINT('',(-355.,-260.,353.));
#7479 = DIRECTION('',(0.,0.,1.));
#7480 = DIRECTION('',(1.,0.,0.));
#7481 = PCURVE('',#7455,#7482);
#7482 = DEFINITIONAL_REPRESENTATION('',(#7483),#7487);
#7483 = LINE('',#7484,#7485);
#7484 = CARTESIAN_POINT('',(-0.,-4.));
#7485 = VECTOR('',#7486,1.);
#7486 = DIRECTION('',(-1.,0.));
#7487 = ( GEOMETRIC_REPRESENTATION_CONTEXT(2) 
PARAMETRIC_REPRESENTATION_CONTEXT() REPRESENTATION_CONTEXT('2D SPACE',''
  ) );
#7488 = PCURVE('',#7489,#7494);
#7489 = PLANE('',#7490);
#7490 = AXIS2_PLACEMENT_3D('',#7491,#7492,#7493);
#7491 = CARTESIAN_POINT('',(-355.,-260.,353.));
#7492 = DIRECTION('',(0.,0.,1.));
#7493 = DIRECTION('',(1.,0.,-0.));
#7494 = DEFINITIONAL_REPRESENTATION('',(#7495),#7499);
#7495 = CIRCLE('',#7496,5.2);
#7496 = AXIS2_PLACEMENT_2D('',#7497,#7498);
#7497 = CARTESIAN_POINT('',(0.,0.));
#7498 = DIRECTION('',(1.,0.));
#7499 = ( GEOMETRIC_REPRESENTATION_CONTEXT(2) 
PARAMETRIC_REPRESENTATION_CONTEXT() REPRESENTATION_CONTEXT('2D SPACE',''
  ) );
#7500 = ORIENTED_EDGE('',*,*,#7444,.F.);
#7501 = ORIENTED_EDGE('',*,*,#7502,.F.);
#7502 = EDGE_CURVE('',#7445,#7445,#7503,.T.);
#7503 = SURFACE_CURVE('',#7504,(#7509,#7516),.PCURVE_S1.);
#7504 = CIRCLE('',#7505,5.2);
#7505 = AXIS2_PLACEMENT_3D('',#7506,#7507,#7508);
#7506 = CARTESIAN_POINT('',(-355.,-260.,349.));
#7507 = DIRECTION('',(0.,0.,1.));
#7508 = DIRECTION('',(1.,0.,0.));
#7509 = PCURVE('',#7455,#7510);
#7510 = DEFINITIONAL_REPRESENTATION('',(#7511),#7515);
#7511 = LINE('',#7512,#7513);
#7512 = CARTESIAN_POINT('',(-0.,0.));
#7513 = VECTOR('',#7514,1.);
#7514 = DIRECTION('',(-1.,0.));
#7515 = ( GEOMETRIC_REPRESENTATION_CONTEXT(2) 
PARAMETRIC_REPRESENTATION_CONTEXT() REPRESENTATION_CONTEXT('2D SPACE',''
  ) );
#7516 = PCURVE('',#7517,#7522);
#7517 = PLANE('',#7518);
#7518 = AXIS2_PLACEMENT_3D('',#7519,#7520,#7521);
#7519 = CARTESIAN_POINT('',(-355.,-260.,349.));
#7520 = DIRECTION('',(0.,0.,1.));
#7521 = DIRECTION('',(1.,0.,-0.));
#7522 = DEFINITIONAL_REPRESENTATION('',(#7523),#7527);
#7523 = CIRCLE('',#7524,5.2);
#7524 = AXIS2_PLACEMENT_2D('',#7525,#7526);
#7525 = CARTESIAN_POINT('',(0.,0.));
#7526 = DIRECTION('',(1.,0.));
#7527 = ( GEOMETRIC_REPRESENTATION_CONTEXT(2) 
PARAMETRIC_REPRESENTATION_CONTEXT() REPRESENTATION_CONTEXT('2D SPACE',''
  ) );
#7528 = ADVANCED_FACE('',(#7529),#7517,.F.);
#7529 = FACE_BOUND('',#7530,.F.);
#7530 = EDGE_LOOP('',(#7531));
#7531 = ORIENTED_EDGE('',*,*,#7502,.T.);
#7532 = ADVANCED_FACE('',(#7533),#7489,.T.);
#7533 = FACE_BOUND('',#7534,.T.);
#7534 = EDGE_LOOP('',(#7535));
#7535 = ORIENTED_EDGE('',*,*,#7474,.T.);
#7536 = ( GEOMETRIC_REPRESENTATION_CONTEXT(3) 
GLOBAL_UNCERTAINTY_ASSIGNED_CONTEXT((#7540)) 
GLOBAL_UNIT_ASSIGNED_CONTEXT((#7537,#7538,#7539)) REPRESENTATION_CONTEXT
('Context #1','3D Context with UNIT and UNCERTAINTY') );
#7537 = ( LENGTH_UNIT() NAMED_UNIT(*) SI_UNIT(.MILLI.,.METRE.) );
#7538 = ( NAMED_UNIT(*) PLANE_ANGLE_UNIT() SI_UNIT($,.RADIAN.) );
#7539 = ( NAMED_UNIT(*) SI_UNIT($,.STERADIAN.) SOLID_ANGLE_UNIT() );
#7540 = UNCERTAINTY_MEASURE_WITH_UNIT(LENGTH_MEASURE(1.E-07),#7537,
  'distance_accuracy_value','confusion accuracy');
#7541 = CONTEXT_DEPENDENT_SHAPE_REPRESENTATION(#7542,#7544);
#7542 = ( REPRESENTATION_RELATIONSHIP('','',#7339,#10) 
REPRESENTATION_RELATIONSHIP_WITH_TRANSFORMATION(#7543) 
SHAPE_REPRESENTATION_RELATIONSHIP() );
#7543 = ITEM_DEFINED_TRANSFORMATION('','',#11,#75);
#7544 = PRODUCT_DEFINITION_SHAPE('Placement','Placement of an item',
  #7545);
#7545 = NEXT_ASSEMBLY_USAGE_OCCURRENCE('3295','LATCH_1_1_screw','',#5,
  #7334,$);
#7546 = PRODUCT_RELATED_PRODUCT_CATEGORY('part',$,(#7336));
#7547 = SHAPE_DEFINITION_REPRESENTATION(#7548,#7554);
#7548 = PRODUCT_DEFINITION_SHAPE('','',#7549);
#7549 = PRODUCT_DEFINITION('design','',#7550,#7553);
#7550 = PRODUCT_DEFINITION_FORMATION('','',#7551);
#7551 = PRODUCT('LATCH_1_1_washer','LATCH_1_1_washer','',(#7552));
#7552 = PRODUCT_CONTEXT('',#2,'mechanical');
#7553 = PRODUCT_DEFINITION_CONTEXT('part definition',#2,'design');
#7554 = ADVANCED_BREP_SHAPE_REPRESENTATION('',(#11,#7555),#7745);
#7555 = MANIFOLD_SOLID_BREP('',#7556);
#7556 = CLOSED_SHELL('',(#7557,#7645,#7684,#7718));
#7557 = ADVANCED_FACE('',(#7558),#7572,.T.);
#7558 = FACE_BOUND('',#7559,.F.);
#7559 = EDGE_LOOP('',(#7560,#7590,#7617,#7618));
#7560 = ORIENTED_EDGE('',*,*,#7561,.T.);
#7561 = EDGE_CURVE('',#7562,#7564,#7566,.T.);
#7562 = VERTEX_POINT('',#7563);
#7563 = CARTESIAN_POINT('',(-349.,-260.,348.));
#7564 = VERTEX_POINT('',#7565);
#7565 = CARTESIAN_POINT('',(-349.,-260.,349.));
#7566 = SEAM_CURVE('',#7567,(#7571,#7583),.PCURVE_S1.);
#7567 = LINE('',#7568,#7569);
#7568 = CARTESIAN_POINT('',(-349.,-260.,348.));
#7569 = VECTOR('',#7570,1.);
#7570 = DIRECTION('',(0.,0.,1.));
#7571 = PCURVE('',#7572,#7577);
#7572 = CYLINDRICAL_SURFACE('',#7573,6.);
#7573 = AXIS2_PLACEMENT_3D('',#7574,#7575,#7576);
#7574 = CARTESIAN_POINT('',(-355.,-260.,348.));
#7575 = DIRECTION('',(-0.,-0.,-1.));
#7576 = DIRECTION('',(1.,0.,0.));
#7577 = DEFINITIONAL_REPRESENTATION('',(#7578),#7582);
#7578 = LINE('',#7579,#7580);
#7579 = CARTESIAN_POINT('',(-0.,0.));
#7580 = VECTOR('',#7581,1.);
#7581 = DIRECTION('',(-0.,-1.));
#7582 = ( GEOMETRIC_REPRESENTATION_CONTEXT(2) 
PARAMETRIC_REPRESENTATION_CONTEXT() REPRESENTATION_CONTEXT('2D SPACE',''
  ) );
#7583 = PCURVE('',#7572,#7584);
#7584 = DEFINITIONAL_REPRESENTATION('',(#7585),#7589);
#7585 = LINE('',#7586,#7587);
#7586 = CARTESIAN_POINT('',(-6.28318530718,0.));
#7587 = VECTOR('',#7588,1.);
#7588 = DIRECTION('',(-0.,-1.));
#7589 = ( GEOMETRIC_REPRESENTATION_CONTEXT(2) 
PARAMETRIC_REPRESENTATION_CONTEXT() REPRESENTATION_CONTEXT('2D SPACE',''
  ) );
#7590 = ORIENTED_EDGE('',*,*,#7591,.T.);
#7591 = EDGE_CURVE('',#7564,#7564,#7592,.T.);
#7592 = SURFACE_CURVE('',#7593,(#7598,#7605),.PCURVE_S1.);
#7593 = CIRCLE('',#7594,6.);
#7594 = AXIS2_PLACEMENT_3D('',#7595,#7596,#7597);
#7595 = CARTESIAN_POINT('',(-355.,-260.,349.));
#7596 = DIRECTION('',(0.,0.,1.));
#7597 = DIRECTION('',(1.,0.,0.));
#7598 = PCURVE('',#7572,#7599);
#7599 = DEFINITIONAL_REPRESENTATION('',(#7600),#7604);
#7600 = LINE('',#7601,#7602);
#7601 = CARTESIAN_POINT('',(-0.,-1.));
#7602 = VECTOR('',#7603,1.);
#7603 = DIRECTION('',(-1.,0.));
#7604 = ( GEOMETRIC_REPRESENTATION_CONTEXT(2) 
PARAMETRIC_REPRESENTATION_CONTEXT() REPRESENTATION_CONTEXT('2D SPACE',''
  ) );
#7605 = PCURVE('',#7606,#7611);
#7606 = PLANE('',#7607);
#7607 = AXIS2_PLACEMENT_3D('',#7608,#7609,#7610);
#7608 = CARTESIAN_POINT('',(-355.,-260.,349.));
#7609 = DIRECTION('',(0.,0.,1.));
#7610 = DIRECTION('',(1.,0.,-0.));
#7611 = DEFINITIONAL_REPRESENTATION('',(#7612),#7616);
#7612 = CIRCLE('',#7613,6.);
#7613 = AXIS2_PLACEMENT_2D('',#7614,#7615);
#7614 = CARTESIAN_POINT('',(0.,0.));
#7615 = DIRECTION('',(1.,0.));
#7616 = ( GEOMETRIC_REPRESENTATION_CONTEXT(2) 
PARAMETRIC_REPRESENTATION_CONTEXT() REPRESENTATION_CONTEXT('2D SPACE',''
  ) );
#7617 = ORIENTED_EDGE('',*,*,#7561,.F.);
#7618 = ORIENTED_EDGE('',*,*,#7619,.F.);
#7619 = EDGE_CURVE('',#7562,#7562,#7620,.T.);
#7620 = SURFACE_CURVE('',#7621,(#7626,#7633),.PCURVE_S1.);
#7621 = CIRCLE('',#7622,6.);
#7622 = AXIS2_PLACEMENT_3D('',#7623,#7624,#7625);
#7623 = CARTESIAN_POINT('',(-355.,-260.,348.));
#7624 = DIRECTION('',(0.,0.,1.));
#7625 = DIRECTION('',(1.,0.,0.));
#7626 = PCURVE('',#7572,#7627);
#7627 = DEFINITIONAL_REPRESENTATION('',(#7628),#7632);
#7628 = LINE('',#7629,#7630);
#7629 = CARTESIAN_POINT('',(-0.,0.));
#7630 = VECTOR('',#7631,1.);
#7631 = DIRECTION('',(-1.,0.));
#7632 = ( GEOMETRIC_REPRESENTATION_CONTEXT(2) 
PARAMETRIC_REPRESENTATION_CONTEXT() REPRESENTATION_CONTEXT('2D SPACE',''
  ) );
#7633 = PCURVE('',#7634,#7639);
#7634 = PLANE('',#7635);
#7635 = AXIS2_PLACEMENT_3D('',#7636,#7637,#7638);
#7636 = CARTESIAN_POINT('',(-355.,-260.,348.));
#7637 = DIRECTION('',(0.,0.,1.));
#7638 = DIRECTION('',(1.,0.,-0.));
#7639 = DEFINITIONAL_REPRESENTATION('',(#7640),#7644);
#7640 = CIRCLE('',#7641,6.);
#7641 = AXIS2_PLACEMENT_2D('',#7642,#7643);
#7642 = CARTESIAN_POINT('',(0.,0.));
#7643 = DIRECTION('',(1.,0.));
#7644 = ( GEOMETRIC_REPRESENTATION_CONTEXT(2) 
PARAMETRIC_REPRESENTATION_CONTEXT() REPRESENTATION_CONTEXT('2D SPACE',''
  ) );
#7645 = ADVANCED_FACE('',(#7646,#7649),#7634,.F.);
#7646 = FACE_BOUND('',#7647,.F.);
#7647 = EDGE_LOOP('',(#7648));
#7648 = ORIENTED_EDGE('',*,*,#7619,.T.);
#7649 = FACE_BOUND('',#7650,.F.);
#7650 = EDGE_LOOP('',(#7651));
#7651 = ORIENTED_EDGE('',*,*,#7652,.T.);
#7652 = EDGE_CURVE('',#7653,#7653,#7655,.T.);
#7653 = VERTEX_POINT('',#7654);
#7654 = CARTESIAN_POINT('',(-351.7,-260.,348.));
#7655 = SURFACE_CURVE('',#7656,(#7661,#7672),.PCURVE_S1.);
#7656 = CIRCLE('',#7657,3.3);
#7657 = AXIS2_PLACEMENT_3D('',#7658,#7659,#7660);
#7658 = CARTESIAN_POINT('',(-355.,-260.,348.));
#7659 = DIRECTION('',(0.,0.,-1.));
#7660 = DIRECTION('',(1.,0.,0.));
#7661 = PCURVE('',#7634,#7662);
#7662 = DEFINITIONAL_REPRESENTATION('',(#7663),#7671);
#7663 = ( BOUNDED_CURVE() B_SPLINE_CURVE(2,(#7664,#7665,#7666,#7667,
#7668,#7669,#7670),.UNSPECIFIED.,.T.,.F.) B_SPLINE_CURVE_WITH_KNOTS((1,2
    ,2,2,2,1),(-2.094395102393,0.,2.094395102393,4.188790204786,
6.28318530718,8.377580409573),.UNSPECIFIED.) CURVE() 
GEOMETRIC_REPRESENTATION_ITEM() RATIONAL_B_SPLINE_CURVE((1.,0.5,1.,0.5,
1.,0.5,1.)) REPRESENTATION_ITEM('') );
#7664 = CARTESIAN_POINT('',(3.3,0.));
#7665 = CARTESIAN_POINT('',(3.3,-5.715767664977));
#7666 = CARTESIAN_POINT('',(-1.65,-2.857883832489));
#7667 = CARTESIAN_POINT('',(-6.6,-8.082668874373E-16));
#7668 = CARTESIAN_POINT('',(-1.65,2.857883832489));
#7669 = CARTESIAN_POINT('',(3.3,5.715767664977));
#7670 = CARTESIAN_POINT('',(3.3,0.));
#7671 = ( GEOMETRIC_REPRESENTATION_CONTEXT(2) 
PARAMETRIC_REPRESENTATION_CONTEXT() REPRESENTATION_CONTEXT('2D SPACE',''
  ) );
#7672 = PCURVE('',#7673,#7678);
#7673 = CYLINDRICAL_SURFACE('',#7674,3.3);
#7674 = AXIS2_PLACEMENT_3D('',#7675,#7676,#7677);
#7675 = CARTESIAN_POINT('',(-355.,-260.,347.));
#7676 = DIRECTION('',(-0.,-0.,-1.));
#7677 = DIRECTION('',(1.,0.,0.));
#7678 = DEFINITIONAL_REPRESENTATION('',(#7679),#7683);
#7679 = LINE('',#7680,#7681);
#7680 = CARTESIAN_POINT('',(-6.28318530718,-1.));
#7681 = VECTOR('',#7682,1.);
#7682 = DIRECTION('',(1.,-0.));
#7683 = ( GEOMETRIC_REPRESENTATION_CONTEXT(2) 
PARAMETRIC_REPRESENTATION_CONTEXT() REPRESENTATION_CONTEXT('2D SPACE',''
  ) );
#7684 = ADVANCED_FACE('',(#7685,#7688),#7606,.T.);
#7685 = FACE_BOUND('',#7686,.T.);
#7686 = EDGE_LOOP('',(#7687));
#7687 = ORIENTED_EDGE('',*,*,#7591,.T.);
#7688 = FACE_BOUND('',#7689,.T.);
#7689 = EDGE_LOOP('',(#7690));
#7690 = ORIENTED_EDGE('',*,*,#7691,.T.);
#7691 = EDGE_CURVE('',#7692,#7692,#7694,.T.);
#7692 = VERTEX_POINT('',#7693);
#7693 = CARTESIAN_POINT('',(-351.7,-260.,349.));
#7694 = SURFACE_CURVE('',#7695,(#7700,#7711),.PCURVE_S1.);
#7695 = CIRCLE('',#7696,3.3);
#7696 = AXIS2_PLACEMENT_3D('',#7697,#7698,#7699);
#7697 = CARTESIAN_POINT('',(-355.,-260.,349.));
#7698 = DIRECTION('',(0.,0.,-1.));
#7699 = DIRECTION('',(1.,0.,0.));
#7700 = PCURVE('',#7606,#7701);
#7701 = DEFINITIONAL_REPRESENTATION('',(#7702),#7710);
#7702 = ( BOUNDED_CURVE() B_SPLINE_CURVE(2,(#7703,#7704,#7705,#7706,
#7707,#7708,#7709),.UNSPECIFIED.,.T.,.F.) B_SPLINE_CURVE_WITH_KNOTS((1,2
    ,2,2,2,1),(-2.094395102393,0.,2.094395102393,4.188790204786,
6.28318530718,8.377580409573),.UNSPECIFIED.) CURVE() 
GEOMETRIC_REPRESENTATION_ITEM() RATIONAL_B_SPLINE_CURVE((1.,0.5,1.,0.5,
1.,0.5,1.)) REPRESENTATION_ITEM('') );
#7703 = CARTESIAN_POINT('',(3.3,0.));
#7704 = CARTESIAN_POINT('',(3.3,-5.715767664977));
#7705 = CARTESIAN_POINT('',(-1.65,-2.857883832489));
#7706 = CARTESIAN_POINT('',(-6.6,-8.082668874373E-16));
#7707 = CARTESIAN_POINT('',(-1.65,2.857883832489));
#7708 = CARTESIAN_POINT('',(3.3,5.715767664977));
#7709 = CARTESIAN_POINT('',(3.3,0.));
#7710 = ( GEOMETRIC_REPRESENTATION_CONTEXT(2) 
PARAMETRIC_REPRESENTATION_CONTEXT() REPRESENTATION_CONTEXT('2D SPACE',''
  ) );
#7711 = PCURVE('',#7673,#7712);
#7712 = DEFINITIONAL_REPRESENTATION('',(#7713),#7717);
#7713 = LINE('',#7714,#7715);
#7714 = CARTESIAN_POINT('',(-6.28318530718,-2.));
#7715 = VECTOR('',#7716,1.);
#7716 = DIRECTION('',(1.,-0.));
#7717 = ( GEOMETRIC_REPRESENTATION_CONTEXT(2) 
PARAMETRIC_REPRESENTATION_CONTEXT() REPRESENTATION_CONTEXT('2D SPACE',''
  ) );
#7718 = ADVANCED_FACE('',(#7719),#7673,.F.);
#7719 = FACE_BOUND('',#7720,.T.);
#7720 = EDGE_LOOP('',(#7721,#7722,#7743,#7744));
#7721 = ORIENTED_EDGE('',*,*,#7652,.T.);
#7722 = ORIENTED_EDGE('',*,*,#7723,.T.);
#7723 = EDGE_CURVE('',#7653,#7692,#7724,.T.);
#7724 = SEAM_CURVE('',#7725,(#7729,#7736),.PCURVE_S1.);
#7725 = LINE('',#7726,#7727);
#7726 = CARTESIAN_POINT('',(-351.7,-260.,347.));
#7727 = VECTOR('',#7728,1.);
#7728 = DIRECTION('',(0.,0.,1.));
#7729 = PCURVE('',#7673,#7730);
#7730 = DEFINITIONAL_REPRESENTATION('',(#7731),#7735);
#7731 = LINE('',#7732,#7733);
#7732 = CARTESIAN_POINT('',(-6.28318530718,0.));
#7733 = VECTOR('',#7734,1.);
#7734 = DIRECTION('',(-0.,-1.));
#7735 = ( GEOMETRIC_REPRESENTATION_CONTEXT(2) 
PARAMETRIC_REPRESENTATION_CONTEXT() REPRESENTATION_CONTEXT('2D SPACE',''
  ) );
#7736 = PCURVE('',#7673,#7737);
#7737 = DEFINITIONAL_REPRESENTATION('',(#7738),#7742);
#7738 = LINE('',#7739,#7740);
#7739 = CARTESIAN_POINT('',(-0.,0.));
#7740 = VECTOR('',#7741,1.);
#7741 = DIRECTION('',(-0.,-1.));
#7742 = ( GEOMETRIC_REPRESENTATION_CONTEXT(2) 
PARAMETRIC_REPRESENTATION_CONTEXT() REPRESENTATION_CONTEXT('2D SPACE',''
  ) );
#7743 = ORIENTED_EDGE('',*,*,#7691,.F.);
#7744 = ORIENTED_EDGE('',*,*,#7723,.F.);
#7745 = ( GEOMETRIC_REPRESENTATION_CONTEXT(3) 
GLOBAL_UNCERTAINTY_ASSIGNED_CONTEXT((#7749)) 
GLOBAL_UNIT_ASSIGNED_CONTEXT((#7746,#7747,#7748)) REPRESENTATION_CONTEXT
('Context #1','3D Context with UNIT and UNCERTAINTY') );
#7746 = ( LENGTH_UNIT() NAMED_UNIT(*) SI_UNIT(.MILLI.,.METRE.) );
#7747 = ( NAMED_UNIT(*) PLANE_ANGLE_UNIT() SI_UNIT($,.RADIAN.) );
#7748 = ( NAMED_UNIT(*) SI_UNIT($,.STERADIAN.) SOLID_ANGLE_UNIT() );
#7749 = UNCERTAINTY_MEASURE_WITH_UNIT(LENGTH_MEASURE(1.E-07),#7746,
  'distance_accuracy_value','confusion accuracy');
#7750 = CONTEXT_DEPENDENT_SHAPE_REPRESENTATION(#7751,#7753);
#7751 = ( REPRESENTATION_RELATIONSHIP('','',#7554,#10) 
REPRESENTATION_RELATIONSHIP_WITH_TRANSFORMATION(#7752) 
SHAPE_REPRESENTATION_RELATIONSHIP() );
#7752 = ITEM_DEFINED_TRANSFORMATION('','',#11,#79);
#7753 = PRODUCT_DEFINITION_SHAPE('Placement','Placement of an item',
  #7754);
#7754 = NEXT_ASSEMBLY_USAGE_OCCURRENCE('3296','LATCH_1_1_washer','',#5,
  #7549,$);
#7755 = PRODUCT_RELATED_PRODUCT_CATEGORY('part',$,(#7551));
#7756 = SHAPE_DEFINITION_REPRESENTATION(#7757,#7763);
#7757 = PRODUCT_DEFINITION_SHAPE('','',#7758);
#7758 = PRODUCT_DEFINITION('design','',#7759,#7762);
#7759 = PRODUCT_DEFINITION_FORMATION('','',#7760);
#7760 = PRODUCT('LATCH_1_1_tnut','LATCH_1_1_tnut','',(#7761));
#7761 = PRODUCT_CONTEXT('',#2,'mechanical');
#7762 = PRODUCT_DEFINITION_CONTEXT('part definition',#2,'design');
#7763 = ADVANCED_BREP_SHAPE_REPRESENTATION('',(#11,#7764),#8094);
#7764 = MANIFOLD_SOLID_BREP('',#7765);
#7765 = CLOSED_SHELL('',(#7766,#7886,#7986,#8033,#8080,#8087));
#7766 = ADVANCED_FACE('',(#7767),#7781,.F.);
#7767 = FACE_BOUND('',#7768,.F.);
#7768 = EDGE_LOOP('',(#7769,#7804,#7832,#7860));
#7769 = ORIENTED_EDGE('',*,*,#7770,.F.);
#7770 = EDGE_CURVE('',#7771,#7773,#7775,.T.);
#7771 = VERTEX_POINT('',#7772);
#7772 = CARTESIAN_POINT('',(-362.,-265.,320.));
#7773 = VERTEX_POINT('',#7774);
#7774 = CARTESIAN_POINT('',(-362.,-265.,325.));
#7775 = SURFACE_CURVE('',#7776,(#7780,#7792),.PCURVE_S1.);
#7776 = LINE('',#7777,#7778);
#7777 = CARTESIAN_POINT('',(-362.,-265.,320.));
#7778 = VECTOR('',#7779,1.);
#7779 = DIRECTION('',(0.,0.,1.));
#7780 = PCURVE('',#7781,#7786);
#7781 = PLANE('',#7782);
#7782 = AXIS2_PLACEMENT_3D('',#7783,#7784,#7785);
#7783 = CARTESIAN_POINT('',(-362.,-265.,320.));
#7784 = DIRECTION('',(1.,0.,0.));
#7785 = DIRECTION('',(0.,0.,1.));
#7786 = DEFINITIONAL_REPRESENTATION('',(#7787),#7791);
#7787 = LINE('',#7788,#7789);
#7788 = CARTESIAN_POINT('',(0.,0.));
#7789 = VECTOR('',#7790,1.);
#7790 = DIRECTION('',(1.,0.));
#7791 = ( GEOMETRIC_REPRESENTATION_CONTEXT(2) 
PARAMETRIC_REPRESENTATION_CONTEXT() REPRESENTATION_CONTEXT('2D SPACE',''
  ) );
#7792 = PCURVE('',#7793,#7798);
#7793 = PLANE('',#7794);
#7794 = AXIS2_PLACEMENT_3D('',#7795,#7796,#7797);
#7795 = CARTESIAN_POINT('',(-362.,-265.,320.));
#7796 = DIRECTION('',(0.,1.,0.));
#7797 = DIRECTION('',(0.,0.,1.));
#7798 = DEFINITIONAL_REPRESENTATION('',(#7799),#7803);
#7799 = LINE('',#7800,#7801);
#7800 = CARTESIAN_POINT('',(0.,0.));
#7801 = VECTOR('',#7802,1.);
#7802 = DIRECTION('',(1.,0.));
#7803 = ( GEOMETRIC_REPRESENTATION_CONTEXT(2) 
PARAMETRIC_REPRESENTATION_CONTEXT() REPRESENTATION_CONTEXT('2D SPACE',''
  ) );
#7804 = ORIENTED_EDGE('',*,*,#7805,.T.);
#7805 = EDGE_CURVE('',#7771,#7806,#7808,.T.);
#7806 = VERTEX_POINT('',#7807);
#7807 = CARTESIAN_POINT('',(-362.,-255.,320.));
#7808 = SURFACE_CURVE('',#7809,(#7813,#7820),.PCURVE_S1.);
#7809 = LINE('',#7810,#7811);
#7810 = CARTESIAN_POINT('',(-362.,-265.,320.));
#7811 = VECTOR('',#7812,1.);
#7812 = DIRECTION('',(0.,1.,0.));
#7813 = PCURVE('',#7781,#7814);
#7814 = DEFINITIONAL_REPRESENTATION('',(#7815),#7819);
#7815 = LINE('',#7816,#7817);
#7816 = CARTESIAN_POINT('',(0.,0.));
#7817 = VECTOR('',#7818,1.);
#7818 = DIRECTION('',(0.,-1.));
#7819 = ( GEOMETRIC_REPRESENTATION_CONTEXT(2) 
PARAMETRIC_REPRESENTATION_CONTEXT() REPRESENTATION_CONTEXT('2D SPACE',''
  ) );
#7820 = PCURVE('',#7821,#7826);
#7821 = PLANE('',#7822);
#7822 = AXIS2_PLACEMENT_3D('',#7823,#7824,#7825);
#7823 = CARTESIAN_POINT('',(-362.,-265.,320.));
#7824 = DIRECTION('',(0.,0.,1.));
#7825 = DIRECTION('',(1.,0.,0.));
#7826 = DEFINITIONAL_REPRESENTATION('',(#7827),#7831);
#7827 = LINE('',#7828,#7829);
#7828 = CARTESIAN_POINT('',(0.,0.));
#7829 = VECTOR('',#7830,1.);
#7830 = DIRECTION('',(0.,1.));
#7831 = ( GEOMETRIC_REPRESENTATION_CONTEXT(2) 
PARAMETRIC_REPRESENTATION_CONTEXT() REPRESENTATION_CONTEXT('2D SPACE',''
  ) );
#7832 = ORIENTED_EDGE('',*,*,#7833,.T.);
#7833 = EDGE_CURVE('',#7806,#7834,#7836,.T.);
#7834 = VERTEX_POINT('',#7835);
#7835 = CARTESIAN_POINT('',(-362.,-255.,325.));
#7836 = SURFACE_CURVE('',#7837,(#7841,#7848),.PCURVE_S1.);
#7837 = LINE('',#7838,#7839);
#7838 = CARTESIAN_POINT('',(-362.,-255.,320.));
#7839 = VECTOR('',#7840,1.);
#7840 = DIRECTION('',(0.,0.,1.));
#7841 = PCURVE('',#7781,#7842);
#7842 = DEFINITIONAL_REPRESENTATION('',(#7843),#7847);
#7843 = LINE('',#7844,#7845);
#7844 = CARTESIAN_POINT('',(0.,-10.));
#7845 = VECTOR('',#7846,1.);
#7846 = DIRECTION('',(1.,0.));
#7847 = ( GEOMETRIC_REPRESENTATION_CONTEXT(2) 
PARAMETRIC_REPRESENTATION_CONTEXT() REPRESENTATION_CONTEXT('2D SPACE',''
  ) );
#7848 = PCURVE('',#7849,#7854);
#7849 = PLANE('',#7850);
#7850 = AXIS2_PLACEMENT_3D('',#7851,#7852,#7853);
#7851 = CARTESIAN_POINT('',(-362.,-255.,320.));
#7852 = DIRECTION('',(0.,1.,0.));
#7853 = DIRECTION('',(0.,0.,1.));
#7854 = DEFINITIONAL_REPRESENTATION('',(#7855),#7859);
#7855 = LINE('',#7856,#7857);
#7856 = CARTESIAN_POINT('',(0.,0.));
#7857 = VECTOR('',#7858,1.);
#7858 = DIRECTION('',(1.,0.));
#7859 = ( GEOMETRIC_REPRESENTATION_CONTEXT(2) 
PARAMETRIC_REPRESENTATION_CONTEXT() REPRESENTATION_CONTEXT('2D SPACE',''
  ) );
#7860 = ORIENTED_EDGE('',*,*,#7861,.F.);
#7861 = EDGE_CURVE('',#7773,#7834,#7862,.T.);
#7862 = SURFACE_CURVE('',#7863,(#7867,#7874),.PCURVE_S1.);
#7863 = LINE('',#7864,#7865);
#7864 = CARTESIAN_POINT('',(-362.,-265.,325.));
#7865 = VECTOR('',#7866,1.);
#7866 = DIRECTION('',(0.,1.,0.));
#7867 = PCURVE('',#7781,#7868);
#7868 = DEFINITIONAL_REPRESENTATION('',(#7869),#7873);
#7869 = LINE('',#7870,#7871);
#7870 = CARTESIAN_POINT('',(5.,0.));
#7871 = VECTOR('',#7872,1.);
#7872 = DIRECTION('',(0.,-1.));
#7873 = ( GEOMETRIC_REPRESENTATION_CONTEXT(2) 
PARAMETRIC_REPRESENTATION_CONTEXT() REPRESENTATION_CONTEXT('2D SPACE',''
  ) );
#7874 = PCURVE('',#7875,#7880);
#7875 = PLANE('',#7876);
#7876 = AXIS2_PLACEMENT_3D('',#7877,#7878,#7879);
#7877 = CARTESIAN_POINT('',(-362.,-265.,325.));
#7878 = DIRECTION('',(0.,0.,1.));
#7879 = DIRECTION('',(1.,0.,0.));
#7880 = DEFINITIONAL_REPRESENTATION('',(#7881),#7885);
#7881 = LINE('',#7882,#7883);
#7882 = CARTESIAN_POINT('',(0.,0.));
#7883 = VECTOR('',#7884,1.);
#7884 = DIRECTION('',(0.,1.));
#7885 = ( GEOMETRIC_REPRESENTATION_CONTEXT(2) 
PARAMETRIC_REPRESENTATION_CONTEXT() REPRESENTATION_CONTEXT('2D SPACE',''
  ) );
#7886 = ADVANCED_FACE('',(#7887),#7901,.T.);
#7887 = FACE_BOUND('',#7888,.T.);
#7888 = EDGE_LOOP('',(#7889,#7919,#7942,#7965));
#7889 = ORIENTED_EDGE('',*,*,#7890,.F.);
#7890 = EDGE_CURVE('',#7891,#7893,#7895,.T.);
#7891 = VERTEX_POINT('',#7892);
#7892 = CARTESIAN_POINT('',(-348.,-265.,320.));
#7893 = VERTEX_POINT('',#7894);
#7894 = CARTESIAN_POINT('',(-348.,-265.,325.));
#7895 = SURFACE_CURVE('',#7896,(#7900,#7912),.PCURVE_S1.);
#7896 = LINE('',#7897,#7898);
#7897 = CARTESIAN_POINT('',(-348.,-265.,320.));
#7898 = VECTOR('',#7899,1.);
#7899 = DIRECTION('',(0.,0.,1.));
#7900 = PCURVE('',#7901,#7906);
#7901 = PLANE('',#7902);
#7902 = AXIS2_PLACEMENT_3D('',#7903,#7904,#7905);
#7903 = CARTESIAN_POINT('',(-348.,-265.,320.));
#7904 = DIRECTION('',(1.,0.,0.));
#7905 = DIRECTION('',(0.,0.,1.));
#7906 = DEFINITIONAL_REPRESENTATION('',(#7907),#7911);
#7907 = LINE('',#7908,#7909);
#7908 = CARTESIAN_POINT('',(0.,0.));
#7909 = VECTOR('',#7910,1.);
#7910 = DIRECTION('',(1.,0.));
#7911 = ( GEOMETRIC_REPRESENTATION_CONTEXT(2) 
PARAMETRIC_REPRESENTATION_CONTEXT() REPRESENTATION_CONTEXT('2D SPACE',''
  ) );
#7912 = PCURVE('',#7793,#7913);
#7913 = DEFINITIONAL_REPRESENTATION('',(#7914),#7918);
#7914 = LINE('',#7915,#7916);
#7915 = CARTESIAN_POINT('',(0.,14.));
#7916 = VECTOR('',#7917,1.);
#7917 = DIRECTION('',(1.,0.));
#7918 = ( GEOMETRIC_REPRESENTATION_CONTEXT(2) 
PARAMETRIC_REPRESENTATION_CONTEXT() REPRESENTATION_CONTEXT('2D SPACE',''
  ) );
#7919 = ORIENTED_EDGE('',*,*,#7920,.T.);
#7920 = EDGE_CURVE('',#7891,#7921,#7923,.T.);
#7921 = VERTEX_POINT('',#7922);
#7922 = CARTESIAN_POINT('',(-348.,-255.,320.));
#7923 = SURFACE_CURVE('',#7924,(#7928,#7935),.PCURVE_S1.);
#7924 = LINE('',#7925,#7926);
#7925 = CARTESIAN_POINT('',(-348.,-265.,320.));
#7926 = VECTOR('',#7927,1.);
#7927 = DIRECTION('',(0.,1.,0.));
#7928 = PCURVE('',#7901,#7929);
#7929 = DEFINITIONAL_REPRESENTATION('',(#7930),#7934);
#7930 = LINE('',#7931,#7932);
#7931 = CARTESIAN_POINT('',(0.,0.));
#7932 = VECTOR('',#7933,1.);
#7933 = DIRECTION('',(0.,-1.));
#7934 = ( GEOMETRIC_REPRESENTATION_CONTEXT(2) 
PARAMETRIC_REPRESENTATION_CONTEXT() REPRESENTATION_CONTEXT('2D SPACE',''
  ) );
#7935 = PCURVE('',#7821,#7936);
#7936 = DEFINITIONAL_REPRESENTATION('',(#7937),#7941);
#7937 = LINE('',#7938,#7939);
#7938 = CARTESIAN_POINT('',(14.,0.));
#7939 = VECTOR('',#7940,1.);
#7940 = DIRECTION('',(0.,1.));
#7941 = ( GEOMETRIC_REPRESENTATION_CONTEXT(2) 
PARAMETRIC_REPRESENTATION_CONTEXT() REPRESENTATION_CONTEXT('2D SPACE',''
  ) );
#7942 = ORIENTED_EDGE('',*,*,#7943,.T.);
#7943 = EDGE_CURVE('',#7921,#7944,#7946,.T.);
#7944 = VERTEX_POINT('',#7945);
#7945 = CARTESIAN_POINT('',(-348.,-255.,325.));
#7946 = SURFACE_CURVE('',#7947,(#7951,#7958),.PCURVE_S1.);
#7947 = LINE('',#7948,#7949);
#7948 = CARTESIAN_POINT('',(-348.,-255.,320.));
#7949 = VECTOR('',#7950,1.);
#7950 = DIRECTION('',(0.,0.,1.));
#7951 = PCURVE('',#7901,#7952);
#7952 = DEFINITIONAL_REPRESENTATION('',(#7953),#7957);
#7953 = LINE('',#7954,#7955);
#7954 = CARTESIAN_POINT('',(0.,-10.));
#7955 = VECTOR('',#7956,1.);
#7956 = DIRECTION('',(1.,0.));
#7957 = ( GEOMETRIC_REPRESENTATION_CONTEXT(2) 
PARAMETRIC_REPRESENTATION_CONTEXT() REPRESENTATION_CONTEXT('2D SPACE',''
  ) );
#7958 = PCURVE('',#7849,#7959);
#7959 = DEFINITIONAL_REPRESENTATION('',(#7960),#7964);
#7960 = LINE('',#7961,#7962);
#7961 = CARTESIAN_POINT('',(0.,14.));
#7962 = VECTOR('',#7963,1.);
#7963 = DIRECTION('',(1.,0.));
#7964 = ( GEOMETRIC_REPRESENTATION_CONTEXT(2) 
PARAMETRIC_REPRESENTATION_CONTEXT() REPRESENTATION_CONTEXT('2D SPACE',''
  ) );
#7965 = ORIENTED_EDGE('',*,*,#7966,.F.);
#7966 = EDGE_CURVE('',#7893,#7944,#7967,.T.);
#7967 = SURFACE_CURVE('',#7968,(#7972,#7979),.PCURVE_S1.);
#7968 = LINE('',#7969,#7970);
#7969 = CARTESIAN_POINT('',(-348.,-265.,325.));
#7970 = VECTOR('',#7971,1.);
#7971 = DIRECTION('',(0.,1.,0.));
#7972 = PCURVE('',#7901,#7973);
#7973 = DEFINITIONAL_REPRESENTATION('',(#7974),#7978);
#7974 = LINE('',#7975,#7976);
#7975 = CARTESIAN_POINT('',(5.,0.));
#7976 = VECTOR('',#7977,1.);
#7977 = DIRECTION('',(0.,-1.));
#7978 = ( GEOMETRIC_REPRESENTATION_CONTEXT(2) 
PARAMETRIC_REPRESENTATION_CONTEXT() REPRESENTATION_CONTEXT('2D SPACE',''
  ) );
#7979 = PCURVE('',#7875,#7980);
#7980 = DEFINITIONAL_REPRESENTATION('',(#7981),#7985);
#7981 = LINE('',#7982,#7983);
#7982 = CARTESIAN_POINT('',(14.,0.));
#7983 = VECTOR('',#7984,1.);
#7984 = DIRECTION('',(0.,1.));
#7985 = ( GEOMETRIC_REPRESENTATION_CONTEXT(2) 
PARAMETRIC_REPRESENTATION_CONTEXT() REPRESENTATION_CONTEXT('2D SPACE',''
  ) );
#7986 = ADVANCED_FACE('',(#7987),#7793,.F.);
#7987 = FACE_BOUND('',#7988,.F.);
#7988 = EDGE_LOOP('',(#7989,#8010,#8011,#8032));
#7989 = ORIENTED_EDGE('',*,*,#7990,.F.);
#7990 = EDGE_CURVE('',#7771,#7891,#7991,.T.);
#7991 = SURFACE_CURVE('',#7992,(#7996,#8003),.PCURVE_S1.);
#7992 = LINE('',#7993,#7994);
#7993 = CARTESIAN_POINT('',(-362.,-265.,320.));
#7994 = VECTOR('',#7995,1.);
#7995 = DIRECTION('',(1.,0.,0.));
#7996 = PCURVE('',#7793,#7997);
#7997 = DEFINITIONAL_REPRESENTATION('',(#7998),#8002);
#7998 = LINE('',#7999,#8000);
#7999 = CARTESIAN_POINT('',(0.,0.));
#8000 = VECTOR('',#8001,1.);
#8001 = DIRECTION('',(0.,1.));
#8002 = ( GEOMETRIC_REPRESENTATION_CONTEXT(2) 
PARAMETRIC_REPRESENTATION_CONTEXT() REPRESENTATION_CONTEXT('2D SPACE',''
  ) );
#8003 = PCURVE('',#7821,#8004);
#8004 = DEFINITIONAL_REPRESENTATION('',(#8005),#8009);
#8005 = LINE('',#8006,#8007);
#8006 = CARTESIAN_POINT('',(0.,0.));
#8007 = VECTOR('',#8008,1.);
#8008 = DIRECTION('',(1.,0.));
#8009 = ( GEOMETRIC_REPRESENTATION_CONTEXT(2) 
PARAMETRIC_REPRESENTATION_CONTEXT() REPRESENTATION_CONTEXT('2D SPACE',''
  ) );
#8010 = ORIENTED_EDGE('',*,*,#7770,.T.);
#8011 = ORIENTED_EDGE('',*,*,#8012,.T.);
#8012 = EDGE_CURVE('',#7773,#7893,#8013,.T.);
#8013 = SURFACE_CURVE('',#8014,(#8018,#8025),.PCURVE_S1.);
#8014 = LINE('',#8015,#8016);
#8015 = CARTESIAN_POINT('',(-362.,-265.,325.));
#8016 = VECTOR('',#8017,1.);
#8017 = DIRECTION('',(1.,0.,0.));
#8018 = PCURVE('',#7793,#8019);
#8019 = DEFINITIONAL_REPRESENTATION('',(#8020),#8024);
#8020 = LINE('',#8021,#8022);
#8021 = CARTESIAN_POINT('',(5.,0.));
#8022 = VECTOR('',#8023,1.);
#8023 = DIRECTION('',(0.,1.));
#8024 = ( GEOMETRIC_REPRESENTATION_CONTEXT(2) 
PARAMETRIC_REPRESENTATION_CONTEXT() REPRESENTATION_CONTEXT('2D SPACE',''
  ) );
#8025 = PCURVE('',#7875,#8026);
#8026 = DEFINITIONAL_REPRESENTATION('',(#8027),#8031);
#8027 = LINE('',#8028,#8029);
#8028 = CARTESIAN_POINT('',(0.,0.));
#8029 = VECTOR('',#8030,1.);
#8030 = DIRECTION('',(1.,0.));
#8031 = ( GEOMETRIC_REPRESENTATION_CONTEXT(2) 
PARAMETRIC_REPRESENTATION_CONTEXT() REPRESENTATION_CONTEXT('2D SPACE',''
  ) );
#8032 = ORIENTED_EDGE('',*,*,#7890,.F.);
#8033 = ADVANCED_FACE('',(#8034),#7849,.T.);
#8034 = FACE_BOUND('',#8035,.T.);
#8035 = EDGE_LOOP('',(#8036,#8057,#8058,#8079));
#8036 = ORIENTED_EDGE('',*,*,#8037,.F.);
#8037 = EDGE_CURVE('',#7806,#7921,#8038,.T.);
#8038 = SURFACE_CURVE('',#8039,(#8043,#8050),.PCURVE_S1.);
#8039 = LINE('',#8040,#8041);
#8040 = CARTESIAN_POINT('',(-362.,-255.,320.));
#8041 = VECTOR('',#8042,1.);
#8042 = DIRECTION('',(1.,0.,0.));
#8043 = PCURVE('',#7849,#8044);
#8044 = DEFINITIONAL_REPRESENTATION('',(#8045),#8049);
#8045 = LINE('',#8046,#8047);
#8046 = CARTESIAN_POINT('',(0.,0.));
#8047 = VECTOR('',#8048,1.);
#8048 = DIRECTION('',(0.,1.));
#8049 = ( GEOMETRIC_REPRESENTATION_CONTEXT(2) 
PARAMETRIC_REPRESENTATION_CONTEXT() REPRESENTATION_CONTEXT('2D SPACE',''
  ) );
#8050 = PCURVE('',#7821,#8051);
#8051 = DEFINITIONAL_REPRESENTATION('',(#8052),#8056);
#8052 = LINE('',#8053,#8054);
#8053 = CARTESIAN_POINT('',(0.,10.));
#8054 = VECTOR('',#8055,1.);
#8055 = DIRECTION('',(1.,0.));
#8056 = ( GEOMETRIC_REPRESENTATION_CONTEXT(2) 
PARAMETRIC_REPRESENTATION_CONTEXT() REPRESENTATION_CONTEXT('2D SPACE',''
  ) );
#8057 = ORIENTED_EDGE('',*,*,#7833,.T.);
#8058 = ORIENTED_EDGE('',*,*,#8059,.T.);
#8059 = EDGE_CURVE('',#7834,#7944,#8060,.T.);
#8060 = SURFACE_CURVE('',#8061,(#8065,#8072),.PCURVE_S1.);
#8061 = LINE('',#8062,#8063);
#8062 = CARTESIAN_POINT('',(-362.,-255.,325.));
#8063 = VECTOR('',#8064,1.);
#8064 = DIRECTION('',(1.,0.,0.));
#8065 = PCURVE('',#7849,#8066);
#8066 = DEFINITIONAL_REPRESENTATION('',(#8067),#8071);
#8067 = LINE('',#8068,#8069);
#8068 = CARTESIAN_POINT('',(5.,0.));
#8069 = VECTOR('',#8070,1.);
#8070 = DIRECTION('',(0.,1.));
#8071 = ( GEOMETRIC_REPRESENTATION_CONTEXT(2) 
PARAMETRIC_REPRESENTATION_CONTEXT() REPRESENTATION_CONTEXT('2D SPACE',''
  ) );
#8072 = PCURVE('',#7875,#8073);
#8073 = DEFINITIONAL_REPRESENTATION('',(#8074),#8078);
#8074 = LINE('',#8075,#8076);
#8075 = CARTESIAN_POINT('',(0.,10.));
#8076 = VECTOR('',#8077,1.);
#8077 = DIRECTION('',(1.,0.));
#8078 = ( GEOMETRIC_REPRESENTATION_CONTEXT(2) 
PARAMETRIC_REPRESENTATION_CONTEXT() REPRESENTATION_CONTEXT('2D SPACE',''
  ) );
#8079 = ORIENTED_EDGE('',*,*,#7943,.F.);
#8080 = ADVANCED_FACE('',(#8081),#7821,.F.);
#8081 = FACE_BOUND('',#8082,.F.);
#8082 = EDGE_LOOP('',(#8083,#8084,#8085,#8086));
#8083 = ORIENTED_EDGE('',*,*,#7805,.F.);
#8084 = ORIENTED_EDGE('',*,*,#7990,.T.);
#8085 = ORIENTED_EDGE('',*,*,#7920,.T.);
#8086 = ORIENTED_EDGE('',*,*,#8037,.F.);
#8087 = ADVANCED_FACE('',(#8088),#7875,.T.);
#8088 = FACE_BOUND('',#8089,.T.);
#8089 = EDGE_LOOP('',(#8090,#8091,#8092,#8093));
#8090 = ORIENTED_EDGE('',*,*,#7861,.F.);
#8091 = ORIENTED_EDGE('',*,*,#8012,.T.);
#8092 = ORIENTED_EDGE('',*,*,#7966,.T.);
#8093 = ORIENTED_EDGE('',*,*,#8059,.F.);
#8094 = ( GEOMETRIC_REPRESENTATION_CONTEXT(3) 
GLOBAL_UNCERTAINTY_ASSIGNED_CONTEXT((#8098)) 
GLOBAL_UNIT_ASSIGNED_CONTEXT((#8095,#8096,#8097)) REPRESENTATION_CONTEXT
('Context #1','3D Context with UNIT and UNCERTAINTY') );
#8095 = ( LENGTH_UNIT() NAMED_UNIT(*) SI_UNIT(.MILLI.,.METRE.) );
#8096 = ( NAMED_UNIT(*) PLANE_ANGLE_UNIT() SI_UNIT($,.RADIAN.) );
#8097 = ( NAMED_UNIT(*) SI_UNIT($,.STERADIAN.) SOLID_ANGLE_UNIT() );
#8098 = UNCERTAINTY_MEASURE_WITH_UNIT(LENGTH_MEASURE(1.E-07),#8095,
  'distance_accuracy_value','confusion accuracy');
#8099 = CONTEXT_DEPENDENT_SHAPE_REPRESENTATION(#8100,#8102);
#8100 = ( REPRESENTATION_RELATIONSHIP('','',#7763,#10) 
REPRESENTATION_RELATIONSHIP_WITH_TRANSFORMATION(#8101) 
SHAPE_REPRESENTATION_RELATIONSHIP() );
#8101 = ITEM_DEFINED_TRANSFORMATION('','',#11,#83);
#8102 = PRODUCT_DEFINITION_SHAPE('Placement','Placement of an item',
  #8103);
#8103 = NEXT_ASSEMBLY_USAGE_OCCURRENCE('3297','LATCH_1_1_tnut','',#5,
  #7758,$);
#8104 = PRODUCT_RELATED_PRODUCT_CATEGORY('part',$,(#7760));
#8105 = SHAPE_DEFINITION_REPRESENTATION(#8106,#8112);
#8106 = PRODUCT_DEFINITION_SHAPE('','',#8107);
#8107 = PRODUCT_DEFINITION('design','',#8108,#8111);
#8108 = PRODUCT_DEFINITION_FORMATION('','',#8109);
#8109 = PRODUCT('LATCH_1_2_screw','LATCH_1_2_screw','',(#8110));
#8110 = PRODUCT_CONTEXT('',#2,'mechanical');
#8111 = PRODUCT_DEFINITION_CONTEXT('part definition',#2,'design');
#8112 = SHAPE_REPRESENTATION('',(#11,#8113,#8211),#8309);
#8113 = MANIFOLD_SOLID_BREP('',#8114);
#8114 = CLOSED_SHELL('',(#8115,#8203,#8207));
#8115 = ADVANCED_FACE('',(#8116),#8130,.T.);
#8116 = FACE_BOUND('',#8117,.F.);
#8117 = EDGE_LOOP('',(#8118,#8148,#8175,#8176));
#8118 = ORIENTED_EDGE('',*,*,#8119,.T.);
#8119 = EDGE_CURVE('',#8120,#8122,#8124,.T.);
#8120 = VERTEX_POINT('',#8121);
#8121 = CARTESIAN_POINT('',(-302.,-260.,325.));
#8122 = VERTEX_POINT('',#8123);
#8123 = CARTESIAN_POINT('',(-302.,-260.,353.));
#8124 = SEAM_CURVE('',#8125,(#8129,#8141),.PCURVE_S1.);
#8125 = LINE('',#8126,#8127);
#8126 = CARTESIAN_POINT('',(-302.,-260.,325.));
#8127 = VECTOR('',#8128,1.);
#8128 = DIRECTION('',(0.,0.,1.));
#8129 = PCURVE('',#8130,#8135);
#8130 = CYLINDRICAL_SURFACE('',#8131,3.);
#8131 = AXIS2_PLACEMENT_3D('',#8132,#8133,#8134);
#8132 = CARTESIAN_POINT('',(-305.,-260.,325.));
#8133 = DIRECTION('',(-0.,-0.,-1.));
#8134 = DIRECTION('',(1.,0.,0.));
#8135 = DEFINITIONAL_REPRESENTATION('',(#8136),#8140);
#8136 = LINE('',#8137,#8138);
#8137 = CARTESIAN_POINT('',(-0.,0.));
#8138 = VECTOR('',#8139,1.);
#8139 = DIRECTION('',(-0.,-1.));
#8140 = ( GEOMETRIC_REPRESENTATION_CONTEXT(2) 
PARAMETRIC_REPRESENTATION_CONTEXT() REPRESENTATION_CONTEXT('2D SPACE',''
  ) );
#8141 = PCURVE('',#8130,#8142);
#8142 = DEFINITIONAL_REPRESENTATION('',(#8143),#8147);
#8143 = LINE('',#8144,#8145);
#8144 = CARTESIAN_POINT('',(-6.28318530718,0.));
#8145 = VECTOR('',#8146,1.);
#8146 = DIRECTION('',(-0.,-1.));
#8147 = ( GEOMETRIC_REPRESENTATION_CONTEXT(2) 
PARAMETRIC_REPRESENTATION_CONTEXT() REPRESENTATION_CONTEXT('2D SPACE',''
  ) );
#8148 = ORIENTED_EDGE('',*,*,#8149,.T.);
#8149 = EDGE_CURVE('',#8122,#8122,#8150,.T.);
#8150 = SURFACE_CURVE('',#8151,(#8156,#8163),.PCURVE_S1.);
#8151 = CIRCLE('',#8152,3.);
#8152 = AXIS2_PLACEMENT_3D('',#8153,#8154,#8155);
#8153 = CARTESIAN_POINT('',(-305.,-260.,353.));
#8154 = DIRECTION('',(0.,0.,1.));
#8155 = DIRECTION('',(1.,0.,0.));
#8156 = PCURVE('',#8130,#8157);
#8157 = DEFINITIONAL_REPRESENTATION('',(#8158),#8162);
#8158 = LINE('',#8159,#8160);
#8159 = CARTESIAN_POINT('',(-0.,-28.));
#8160 = VECTOR('',#8161,1.);
#8161 = DIRECTION('',(-1.,0.));
#8162 = ( GEOMETRIC_REPRESENTATION_CONTEXT(2) 
PARAMETRIC_REPRESENTATION_CONTEXT() REPRESENTATION_CONTEXT('2D SPACE',''
  ) );
#8163 = PCURVE('',#8164,#8169);
#8164 = PLANE('',#8165);
#8165 = AXIS2_PLACEMENT_3D('',#8166,#8167,#8168);
#8166 = CARTESIAN_POINT('',(-305.,-260.,353.));
#8167 = DIRECTION('',(0.,0.,1.));
#8168 = DIRECTION('',(1.,0.,-0.));
#8169 = DEFINITIONAL_REPRESENTATION('',(#8170),#8174);
#8170 = CIRCLE('',#8171,3.);
#8171 = AXIS2_PLACEMENT_2D('',#8172,#8173);
#8172 = CARTESIAN_POINT('',(0.,0.));
#8173 = DIRECTION('',(1.,0.));
#8174 = ( GEOMETRIC_REPRESENTATION_CONTEXT(2) 
PARAMETRIC_REPRESENTATION_CONTEXT() REPRESENTATION_CONTEXT('2D SPACE',''
  ) );
#8175 = ORIENTED_EDGE('',*,*,#8119,.F.);
#8176 = ORIENTED_EDGE('',*,*,#8177,.F.);
#8177 = EDGE_CURVE('',#8120,#8120,#8178,.T.);
#8178 = SURFACE_CURVE('',#8179,(#8184,#8191),.PCURVE_S1.);
#8179 = CIRCLE('',#8180,3.);
#8180 = AXIS2_PLACEMENT_3D('',#8181,#8182,#8183);
#8181 = CARTESIAN_POINT('',(-305.,-260.,325.));
#8182 = DIRECTION('',(0.,0.,1.));
#8183 = DIRECTION('',(1.,0.,0.));
#8184 = PCURVE('',#8130,#8185);
#8185 = DEFINITIONAL_REPRESENTATION('',(#8186),#8190);
#8186 = LINE('',#8187,#8188);
#8187 = CARTESIAN_POINT('',(-0.,0.));
#8188 = VECTOR('',#8189,1.);
#8189 = DIRECTION('',(-1.,0.));
#8190 = ( GEOMETRIC_REPRESENTATION_CONTEXT(2) 
PARAMETRIC_REPRESENTATION_CONTEXT() REPRESENTATION_CONTEXT('2D SPACE',''
  ) );
#8191 = PCURVE('',#8192,#8197);
#8192 = PLANE('',#8193);
#8193 = AXIS2_PLACEMENT_3D('',#8194,#8195,#8196);
#8194 = CARTESIAN_POINT('',(-305.,-260.,325.));
#8195 = DIRECTION('',(0.,0.,1.));
#8196 = DIRECTION('',(1.,0.,-0.));
#8197 = DEFINITIONAL_REPRESENTATION('',(#8198),#8202);
#8198 = CIRCLE('',#8199,3.);
#8199 = AXIS2_PLACEMENT_2D('',#8200,#8201);
#8200 = CARTESIAN_POINT('',(0.,0.));
#8201 = DIRECTION('',(1.,0.));
#8202 = ( GEOMETRIC_REPRESENTATION_CONTEXT(2) 
PARAMETRIC_REPRESENTATION_CONTEXT() REPRESENTATION_CONTEXT('2D SPACE',''
  ) );
#8203 = ADVANCED_FACE('',(#8204),#8192,.F.);
#8204 = FACE_BOUND('',#8205,.F.);
#8205 = EDGE_LOOP('',(#8206));
#8206 = ORIENTED_EDGE('',*,*,#8177,.T.);
#8207 = ADVANCED_FACE('',(#8208),#8164,.T.);
#8208 = FACE_BOUND('',#8209,.T.);
#8209 = EDGE_LOOP('',(#8210));
#8210 = ORIENTED_EDGE('',*,*,#8149,.T.);
#8211 = MANIFOLD_SOLID_BREP('',#8212);
#8212 = CLOSED_SHELL('',(#8213,#8301,#8305));
#8213 = ADVANCED_FACE('',(#8214),#8228,.T.);
#8214 = FACE_BOUND('',#8215,.F.);
#8215 = EDGE_LOOP('',(#8216,#8246,#8273,#8274));
#8216 = ORIENTED_EDGE('',*,*,#8217,.T.);
#8217 = EDGE_CURVE('',#8218,#8220,#8222,.T.);
#8218 = VERTEX_POINT('',#8219);
#8219 = CARTESIAN_POINT('',(-299.8,-260.,349.));
#8220 = VERTEX_POINT('',#8221);
#8221 = CARTESIAN_POINT('',(-299.8,-260.,353.));
#8222 = SEAM_CURVE('',#8223,(#8227,#8239),.PCURVE_S1.);
#8223 = LINE('',#8224,#8225);
#8224 = CARTESIAN_POINT('',(-299.8,-260.,349.));
#8225 = VECTOR('',#8226,1.);
#8226 = DIRECTION('',(0.,0.,1.));
#8227 = PCURVE('',#8228,#8233);
#8228 = CYLINDRICAL_SURFACE('',#8229,5.2);
#8229 = AXIS2_PLACEMENT_3D('',#8230,#8231,#8232);
#8230 = CARTESIAN_POINT('',(-305.,-260.,349.));
#8231 = DIRECTION('',(-0.,-0.,-1.));
#8232 = DIRECTION('',(1.,0.,0.));
#8233 = DEFINITIONAL_REPRESENTATION('',(#8234),#8238);
#8234 = LINE('',#8235,#8236);
#8235 = CARTESIAN_POINT('',(-0.,0.));
#8236 = VECTOR('',#8237,1.);
#8237 = DIRECTION('',(-0.,-1.));
#8238 = ( GEOMETRIC_REPRESENTATION_CONTEXT(2) 
PARAMETRIC_REPRESENTATION_CONTEXT() REPRESENTATION_CONTEXT('2D SPACE',''
  ) );
#8239 = PCURVE('',#8228,#8240);
#8240 = DEFINITIONAL_REPRESENTATION('',(#8241),#8245);
#8241 = LINE('',#8242,#8243);
#8242 = CARTESIAN_POINT('',(-6.28318530718,0.));
#8243 = VECTOR('',#8244,1.);
#8244 = DIRECTION('',(-0.,-1.));
#8245 = ( GEOMETRIC_REPRESENTATION_CONTEXT(2) 
PARAMETRIC_REPRESENTATION_CONTEXT() REPRESENTATION_CONTEXT('2D SPACE',''
  ) );
#8246 = ORIENTED_EDGE('',*,*,#8247,.T.);
#8247 = EDGE_CURVE('',#8220,#8220,#8248,.T.);
#8248 = SURFACE_CURVE('',#8249,(#8254,#8261),.PCURVE_S1.);
#8249 = CIRCLE('',#8250,5.2);
#8250 = AXIS2_PLACEMENT_3D('',#8251,#8252,#8253);
#8251 = CARTESIAN_POINT('',(-305.,-260.,353.));
#8252 = DIRECTION('',(0.,0.,1.));
#8253 = DIRECTION('',(1.,0.,0.));
#8254 = PCURVE('',#8228,#8255);
#8255 = DEFINITIONAL_REPRESENTATION('',(#8256),#8260);
#8256 = LINE('',#8257,#8258);
#8257 = CARTESIAN_POINT('',(-0.,-4.));
#8258 = VECTOR('',#8259,1.);
#8259 = DIRECTION('',(-1.,0.));
#8260 = ( GEOMETRIC_REPRESENTATION_CONTEXT(2) 
PARAMETRIC_REPRESENTATION_CONTEXT() REPRESENTATION_CONTEXT('2D SPACE',''
  ) );
#8261 = PCURVE('',#8262,#8267);
#8262 = PLANE('',#8263);
#8263 = AXIS2_PLACEMENT_3D('',#8264,#8265,#8266);
#8264 = CARTESIAN_POINT('',(-305.,-260.,353.));
#8265 = DIRECTION('',(0.,0.,1.));
#8266 = DIRECTION('',(1.,0.,-0.));
#8267 = DEFINITIONAL_REPRESENTATION('',(#8268),#8272);
#8268 = CIRCLE('',#8269,5.2);
#8269 = AXIS2_PLACEMENT_2D('',#8270,#8271);
#8270 = CARTESIAN_POINT('',(0.,0.));
#8271 = DIRECTION('',(1.,0.));
#8272 = ( GEOMETRIC_REPRESENTATION_CONTEXT(2) 
PARAMETRIC_REPRESENTATION_CONTEXT() REPRESENTATION_CONTEXT('2D SPACE',''
  ) );
#8273 = ORIENTED_EDGE('',*,*,#8217,.F.);
#8274 = ORIENTED_EDGE('',*,*,#8275,.F.);
#8275 = EDGE_CURVE('',#8218,#8218,#8276,.T.);
#8276 = SURFACE_CURVE('',#8277,(#8282,#8289),.PCURVE_S1.);
#8277 = CIRCLE('',#8278,5.2);
#8278 = AXIS2_PLACEMENT_3D('',#8279,#8280,#8281);
#8279 = CARTESIAN_POINT('',(-305.,-260.,349.));
#8280 = DIRECTION('',(0.,0.,1.));
#8281 = DIRECTION('',(1.,0.,0.));
#8282 = PCURVE('',#8228,#8283);
#8283 = DEFINITIONAL_REPRESENTATION('',(#8284),#8288);
#8284 = LINE('',#8285,#8286);
#8285 = CARTESIAN_POINT('',(-0.,0.));
#8286 = VECTOR('',#8287,1.);
#8287 = DIRECTION('',(-1.,0.));
#8288 = ( GEOMETRIC_REPRESENTATION_CONTEXT(2) 
PARAMETRIC_REPRESENTATION_CONTEXT() REPRESENTATION_CONTEXT('2D SPACE',''
  ) );
#8289 = PCURVE('',#8290,#8295);
#8290 = PLANE('',#8291);
#8291 = AXIS2_PLACEMENT_3D('',#8292,#8293,#8294);
#8292 = CARTESIAN_POINT('',(-305.,-260.,349.));
#8293 = DIRECTION('',(0.,0.,1.));
#8294 = DIRECTION('',(1.,0.,-0.));
#8295 = DEFINITIONAL_REPRESENTATION('',(#8296),#8300);
#8296 = CIRCLE('',#8297,5.2);
#8297 = AXIS2_PLACEMENT_2D('',#8298,#8299);
#8298 = CARTESIAN_POINT('',(0.,0.));
#8299 = DIRECTION('',(1.,0.));
#8300 = ( GEOMETRIC_REPRESENTATION_CONTEXT(2) 
PARAMETRIC_REPRESENTATION_CONTEXT() REPRESENTATION_CONTEXT('2D SPACE',''
  ) );
#8301 = ADVANCED_FACE('',(#8302),#8290,.F.);
#8302 = FACE_BOUND('',#8303,.F.);
#8303 = EDGE_LOOP('',(#8304));
#8304 = ORIENTED_EDGE('',*,*,#8275,.T.);
#8305 = ADVANCED_FACE('',(#8306),#8262,.T.);
#8306 = FACE_BOUND('',#8307,.T.);
#8307 = EDGE_LOOP('',(#8308));
#8308 = ORIENTED_EDGE('',*,*,#8247,.T.);
#8309 = ( GEOMETRIC_REPRESENTATION_CONTEXT(3) 
GLOBAL_UNCERTAINTY_ASSIGNED_CONTEXT((#8313)) 
GLOBAL_UNIT_ASSIGNED_CONTEXT((#8310,#8311,#8312)) REPRESENTATION_CONTEXT
('Context #1','3D Context with UNIT and UNCERTAINTY') );
#8310 = ( LENGTH_UNIT() NAMED_UNIT(*) SI_UNIT(.MILLI.,.METRE.) );
#8311 = ( NAMED_UNIT(*) PLANE_ANGLE_UNIT() SI_UNIT($,.RADIAN.) );
#8312 = ( NAMED_UNIT(*) SI_UNIT($,.STERADIAN.) SOLID_ANGLE_UNIT() );
#8313 = UNCERTAINTY_MEASURE_WITH_UNIT(LENGTH_MEASURE(1.E-07),#8310,
  'distance_accuracy_value','confusion accuracy');
#8314 = CONTEXT_DEPENDENT_SHAPE_REPRESENTATION(#8315,#8317);
#8315 = ( REPRESENTATION_RELATIONSHIP('','',#8112,#10) 
REPRESENTATION_RELATIONSHIP_WITH_TRANSFORMATION(#8316) 
SHAPE_REPRESENTATION_RELATIONSHIP() );
#8316 = ITEM_DEFINED_TRANSFORMATION('','',#11,#87);
#8317 = PRODUCT_DEFINITION_SHAPE('Placement','Placement of an item',
  #8318);
#8318 = NEXT_ASSEMBLY_USAGE_OCCURRENCE('3298','LATCH_1_2_screw','',#5,
  #8107,$);
#8319 = PRODUCT_RELATED_PRODUCT_CATEGORY('part',$,(#8109));
#8320 = SHAPE_DEFINITION_REPRESENTATION(#8321,#8327);
#8321 = PRODUCT_DEFINITION_SHAPE('','',#8322);
#8322 = PRODUCT_DEFINITION('design','',#8323,#8326);
#8323 = PRODUCT_DEFINITION_FORMATION('','',#8324);
#8324 = PRODUCT('LATCH_1_2_washer','LATCH_1_2_washer','',(#8325));
#8325 = PRODUCT_CONTEXT('',#2,'mechanical');
#8326 = PRODUCT_DEFINITION_CONTEXT('part definition',#2,'design');
#8327 = ADVANCED_BREP_SHAPE_REPRESENTATION('',(#11,#8328),#8518);
#8328 = MANIFOLD_SOLID_BREP('',#8329);
#8329 = CLOSED_SHELL('',(#8330,#8418,#8457,#8491));
#8330 = ADVANCED_FACE('',(#8331),#8345,.T.);
#8331 = FACE_BOUND('',#8332,.F.);
#8332 = EDGE_LOOP('',(#8333,#8363,#8390,#8391));
#8333 = ORIENTED_EDGE('',*,*,#8334,.T.);
#8334 = EDGE_CURVE('',#8335,#8337,#8339,.T.);
#8335 = VERTEX_POINT('',#8336);
#8336 = CARTESIAN_POINT('',(-299.,-260.,348.));
#8337 = VERTEX_POINT('',#8338);
#8338 = CARTESIAN_POINT('',(-299.,-260.,349.));
#8339 = SEAM_CURVE('',#8340,(#8344,#8356),.PCURVE_S1.);
#8340 = LINE('',#8341,#8342);
#8341 = CARTESIAN_POINT('',(-299.,-260.,348.));
#8342 = VECTOR('',#8343,1.);
#8343 = DIRECTION('',(0.,0.,1.));
#8344 = PCURVE('',#8345,#8350);
#8345 = CYLINDRICAL_SURFACE('',#8346,6.);
#8346 = AXIS2_PLACEMENT_3D('',#8347,#8348,#8349);
#8347 = CARTESIAN_POINT('',(-305.,-260.,348.));
#8348 = DIRECTION('',(-0.,-0.,-1.));
#8349 = DIRECTION('',(1.,0.,0.));
#8350 = DEFINITIONAL_REPRESENTATION('',(#8351),#8355);
#8351 = LINE('',#8352,#8353);
#8352 = CARTESIAN_POINT('',(-0.,0.));
#8353 = VECTOR('',#8354,1.);
#8354 = DIRECTION('',(-0.,-1.));
#8355 = ( GEOMETRIC_REPRESENTATION_CONTEXT(2) 
PARAMETRIC_REPRESENTATION_CONTEXT() REPRESENTATION_CONTEXT('2D SPACE',''
  ) );
#8356 = PCURVE('',#8345,#8357);
#8357 = DEFINITIONAL_REPRESENTATION('',(#8358),#8362);
#8358 = LINE('',#8359,#8360);
#8359 = CARTESIAN_POINT('',(-6.28318530718,0.));
#8360 = VECTOR('',#8361,1.);
#8361 = DIRECTION('',(-0.,-1.));
#8362 = ( GEOMETRIC_REPRESENTATION_CONTEXT(2) 
PARAMETRIC_REPRESENTATION_CONTEXT() REPRESENTATION_CONTEXT('2D SPACE',''
  ) );
#8363 = ORIENTED_EDGE('',*,*,#8364,.T.);
#8364 = EDGE_CURVE('',#8337,#8337,#8365,.T.);
#8365 = SURFACE_CURVE('',#8366,(#8371,#8378),.PCURVE_S1.);
#8366 = CIRCLE('',#8367,6.);
#8367 = AXIS2_PLACEMENT_3D('',#8368,#8369,#8370);
#8368 = CARTESIAN_POINT('',(-305.,-260.,349.));
#8369 = DIRECTION('',(0.,0.,1.));
#8370 = DIRECTION('',(1.,0.,0.));
#8371 = PCURVE('',#8345,#8372);
#8372 = DEFINITIONAL_REPRESENTATION('',(#8373),#8377);
#8373 = LINE('',#8374,#8375);
#8374 = CARTESIAN_POINT('',(-0.,-1.));
#8375 = VECTOR('',#8376,1.);
#8376 = DIRECTION('',(-1.,0.));
#8377 = ( GEOMETRIC_REPRESENTATION_CONTEXT(2) 
PARAMETRIC_REPRESENTATION_CONTEXT() REPRESENTATION_CONTEXT('2D SPACE',''
  ) );
#8378 = PCURVE('',#8379,#8384);
#8379 = PLANE('',#8380);
#8380 = AXIS2_PLACEMENT_3D('',#8381,#8382,#8383);
#8381 = CARTESIAN_POINT('',(-305.,-260.,349.));
#8382 = DIRECTION('',(0.,0.,1.));
#8383 = DIRECTION('',(1.,0.,-0.));
#8384 = DEFINITIONAL_REPRESENTATION('',(#8385),#8389);
#8385 = CIRCLE('',#8386,6.);
#8386 = AXIS2_PLACEMENT_2D('',#8387,#8388);
#8387 = CARTESIAN_POINT('',(0.,0.));
#8388 = DIRECTION('',(1.,0.));
#8389 = ( GEOMETRIC_REPRESENTATION_CONTEXT(2) 
PARAMETRIC_REPRESENTATION_CONTEXT() REPRESENTATION_CONTEXT('2D SPACE',''
  ) );
#8390 = ORIENTED_EDGE('',*,*,#8334,.F.);
#8391 = ORIENTED_EDGE('',*,*,#8392,.F.);
#8392 = EDGE_CURVE('',#8335,#8335,#8393,.T.);
#8393 = SURFACE_CURVE('',#8394,(#8399,#8406),.PCURVE_S1.);
#8394 = CIRCLE('',#8395,6.);
#8395 = AXIS2_PLACEMENT_3D('',#8396,#8397,#8398);
#8396 = CARTESIAN_POINT('',(-305.,-260.,348.));
#8397 = DIRECTION('',(0.,0.,1.));
#8398 = DIRECTION('',(1.,0.,0.));
#8399 = PCURVE('',#8345,#8400);
#8400 = DEFINITIONAL_REPRESENTATION('',(#8401),#8405);
#8401 = LINE('',#8402,#8403);
#8402 = CARTESIAN_POINT('',(-0.,0.));
#8403 = VECTOR('',#8404,1.);
#8404 = DIRECTION('',(-1.,0.));
#8405 = ( GEOMETRIC_REPRESENTATION_CONTEXT(2) 
PARAMETRIC_REPRESENTATION_CONTEXT() REPRESENTATION_CONTEXT('2D SPACE',''
  ) );
#8406 = PCURVE('',#8407,#8412);
#8407 = PLANE('',#8408);
#8408 = AXIS2_PLACEMENT_3D('',#8409,#8410,#8411);
#8409 = CARTESIAN_POINT('',(-305.,-260.,348.));
#8410 = DIRECTION('',(0.,0.,1.));
#8411 = DIRECTION('',(1.,0.,-0.));
#8412 = DEFINITIONAL_REPRESENTATION('',(#8413),#8417);
#8413 = CIRCLE('',#8414,6.);
#8414 = AXIS2_PLACEMENT_2D('',#8415,#8416);
#8415 = CARTESIAN_POINT('',(0.,0.));
#8416 = DIRECTION('',(1.,0.));
#8417 = ( GEOMETRIC_REPRESENTATION_CONTEXT(2) 
PARAMETRIC_REPRESENTATION_CONTEXT() REPRESENTATION_CONTEXT('2D SPACE',''
  ) );
#8418 = ADVANCED_FACE('',(#8419,#8422),#8407,.F.);
#8419 = FACE_BOUND('',#8420,.F.);
#8420 = EDGE_LOOP('',(#8421));
#8421 = ORIENTED_EDGE('',*,*,#8392,.T.);
#8422 = FACE_BOUND('',#8423,.F.);
#8423 = EDGE_LOOP('',(#8424));
#8424 = ORIENTED_EDGE('',*,*,#8425,.T.);
#8425 = EDGE_CURVE('',#8426,#8426,#8428,.T.);
#8426 = VERTEX_POINT('',#8427);
#8427 = CARTESIAN_POINT('',(-301.7,-260.,348.));
#8428 = SURFACE_CURVE('',#8429,(#8434,#8445),.PCURVE_S1.);
#8429 = CIRCLE('',#8430,3.3);
#8430 = AXIS2_PLACEMENT_3D('',#8431,#8432,#8433);
#8431 = CARTESIAN_POINT('',(-305.,-260.,348.));
#8432 = DIRECTION('',(0.,0.,-1.));
#8433 = DIRECTION('',(1.,0.,0.));
#8434 = PCURVE('',#8407,#8435);
#8435 = DEFINITIONAL_REPRESENTATION('',(#8436),#8444);
#8436 = ( BOUNDED_CURVE() B_SPLINE_CURVE(2,(#8437,#8438,#8439,#8440,
#8441,#8442,#8443),.UNSPECIFIED.,.T.,.F.) B_SPLINE_CURVE_WITH_KNOTS((1,2
    ,2,2,2,1),(-2.094395102393,0.,2.094395102393,4.188790204786,
6.28318530718,8.377580409573),.UNSPECIFIED.) CURVE() 
GEOMETRIC_REPRESENTATION_ITEM() RATIONAL_B_SPLINE_CURVE((1.,0.5,1.,0.5,
1.,0.5,1.)) REPRESENTATION_ITEM('') );
#8437 = CARTESIAN_POINT('',(3.3,0.));
#8438 = CARTESIAN_POINT('',(3.3,-5.715767664977));
#8439 = CARTESIAN_POINT('',(-1.65,-2.857883832489));
#8440 = CARTESIAN_POINT('',(-6.6,-8.082668874373E-16));
#8441 = CARTESIAN_POINT('',(-1.65,2.857883832489));
#8442 = CARTESIAN_POINT('',(3.3,5.715767664977));
#8443 = CARTESIAN_POINT('',(3.3,0.));
#8444 = ( GEOMETRIC_REPRESENTATION_CONTEXT(2) 
PARAMETRIC_REPRESENTATION_CONTEXT() REPRESENTATION_CONTEXT('2D SPACE',''
  ) );
#8445 = PCURVE('',#8446,#8451);
#8446 = CYLINDRICAL_SURFACE('',#8447,3.3);
#8447 = AXIS2_PLACEMENT_3D('',#8448,#8449,#8450);
#8448 = CARTESIAN_POINT('',(-305.,-260.,347.));
#8449 = DIRECTION('',(-0.,-0.,-1.));
#8450 = DIRECTION('',(1.,0.,0.));
#8451 = DEFINITIONAL_REPRESENTATION('',(#8452),#8456);
#8452 = LINE('',#8453,#8454);
#8453 = CARTESIAN_POINT('',(-6.28318530718,-1.));
#8454 = VECTOR('',#8455,1.);
#8455 = DIRECTION('',(1.,-0.));
#8456 = ( GEOMETRIC_REPRESENTATION_CONTEXT(2) 
PARAMETRIC_REPRESENTATION_CONTEXT() REPRESENTATION_CONTEXT('2D SPACE',''
  ) );
#8457 = ADVANCED_FACE('',(#8458,#8461),#8379,.T.);
#8458 = FACE_BOUND('',#8459,.T.);
#8459 = EDGE_LOOP('',(#8460));
#8460 = ORIENTED_EDGE('',*,*,#8364,.T.);
#8461 = FACE_BOUND('',#8462,.T.);
#8462 = EDGE_LOOP('',(#8463));
#8463 = ORIENTED_EDGE('',*,*,#8464,.T.);
#8464 = EDGE_CURVE('',#8465,#8465,#8467,.T.);
#8465 = VERTEX_POINT('',#8466);
#8466 = CARTESIAN_POINT('',(-301.7,-260.,349.));
#8467 = SURFACE_CURVE('',#8468,(#8473,#8484),.PCURVE_S1.);
#8468 = CIRCLE('',#8469,3.3);
#8469 = AXIS2_PLACEMENT_3D('',#8470,#8471,#8472);
#8470 = CARTESIAN_POINT('',(-305.,-260.,349.));
#8471 = DIRECTION('',(0.,0.,-1.));
#8472 = DIRECTION('',(1.,0.,0.));
#8473 = PCURVE('',#8379,#8474);
#8474 = DEFINITIONAL_REPRESENTATION('',(#8475),#8483);
#8475 = ( BOUNDED_CURVE() B_SPLINE_CURVE(2,(#8476,#8477,#8478,#8479,
#8480,#8481,#8482),.UNSPECIFIED.,.T.,.F.) B_SPLINE_CURVE_WITH_KNOTS((1,2
    ,2,2,2,1),(-2.094395102393,0.,2.094395102393,4.188790204786,
6.28318530718,8.377580409573),.UNSPECIFIED.) CURVE() 
GEOMETRIC_REPRESENTATION_ITEM() RATIONAL_B_SPLINE_CURVE((1.,0.5,1.,0.5,
1.,0.5,1.)) REPRESENTATION_ITEM('') );
#8476 = CARTESIAN_POINT('',(3.3,0.));
#8477 = CARTESIAN_POINT('',(3.3,-5.715767664977));
#8478 = CARTESIAN_POINT('',(-1.65,-2.857883832489));
#8479 = CARTESIAN_POINT('',(-6.6,-8.082668874373E-16));
#8480 = CARTESIAN_POINT('',(-1.65,2.857883832489));
#8481 = CARTESIAN_POINT('',(3.3,5.715767664977));
#8482 = CARTESIAN_POINT('',(3.3,0.));
#8483 = ( GEOMETRIC_REPRESENTATION_CONTEXT(2) 
PARAMETRIC_REPRESENTATION_CONTEXT() REPRESENTATION_CONTEXT('2D SPACE',''
  ) );
#8484 = PCURVE('',#8446,#8485);
#8485 = DEFINITIONAL_REPRESENTATION('',(#8486),#8490);
#8486 = LINE('',#8487,#8488);
#8487 = CARTESIAN_POINT('',(-6.28318530718,-2.));
#8488 = VECTOR('',#8489,1.);
#8489 = DIRECTION('',(1.,-0.));
#8490 = ( GEOMETRIC_REPRESENTATION_CONTEXT(2) 
PARAMETRIC_REPRESENTATION_CONTEXT() REPRESENTATION_CONTEXT('2D SPACE',''
  ) );
#8491 = ADVANCED_FACE('',(#8492),#8446,.F.);
#8492 = FACE_BOUND('',#8493,.T.);
#8493 = EDGE_LOOP('',(#8494,#8495,#8516,#8517));
#8494 = ORIENTED_EDGE('',*,*,#8425,.T.);
#8495 = ORIENTED_EDGE('',*,*,#8496,.T.);
#8496 = EDGE_CURVE('',#8426,#8465,#8497,.T.);
#8497 = SEAM_CURVE('',#8498,(#8502,#8509),.PCURVE_S1.);
#8498 = LINE('',#8499,#8500);
#8499 = CARTESIAN_POINT('',(-301.7,-260.,347.));
#8500 = VECTOR('',#8501,1.);
#8501 = DIRECTION('',(0.,0.,1.));
#8502 = PCURVE('',#8446,#8503);
#8503 = DEFINITIONAL_REPRESENTATION('',(#8504),#8508);
#8504 = LINE('',#8505,#8506);
#8505 = CARTESIAN_POINT('',(-6.28318530718,0.));
#8506 = VECTOR('',#8507,1.);
#8507 = DIRECTION('',(-0.,-1.));
#8508 = ( GEOMETRIC_REPRESENTATION_CONTEXT(2) 
PARAMETRIC_REPRESENTATION_CONTEXT() REPRESENTATION_CONTEXT('2D SPACE',''
  ) );
#8509 = PCURVE('',#8446,#8510);
#8510 = DEFINITIONAL_REPRESENTATION('',(#8511),#8515);
#8511 = LINE('',#8512,#8513);
#8512 = CARTESIAN_POINT('',(-0.,0.));
#8513 = VECTOR('',#8514,1.);
#8514 = DIRECTION('',(-0.,-1.));
#8515 = ( GEOMETRIC_REPRESENTATION_CONTEXT(2) 
PARAMETRIC_REPRESENTATION_CONTEXT() REPRESENTATION_CONTEXT('2D SPACE',''
  ) );
#8516 = ORIENTED_EDGE('',*,*,#8464,.F.);
#8517 = ORIENTED_EDGE('',*,*,#8496,.F.);
#8518 = ( GEOMETRIC_REPRESENTATION_CONTEXT(3) 
GLOBAL_UNCERTAINTY_ASSIGNED_CONTEXT((#8522)) 
GLOBAL_UNIT_ASSIGNED_CONTEXT((#8519,#8520,#8521)) REPRESENTATION_CONTEXT
('Context #1','3D Context with UNIT and UNCERTAINTY') );
#8519 = ( LENGTH_UNIT() NAMED_UNIT(*) SI_UNIT(.MILLI.,.METRE.) );
#8520 = ( NAMED_UNIT(*) PLANE_ANGLE_UNIT() SI_UNIT($,.RADIAN.) );
#8521 = ( NAMED_UNIT(*) SI_UNIT($,.STERADIAN.) SOLID_ANGLE_UNIT() );
#8522 = UNCERTAINTY_MEASURE_WITH_UNIT(LENGTH_MEASURE(1.E-07),#8519,
  'distance_accuracy_value','confusion accuracy');
#8523 = CONTEXT_DEPENDENT_SHAPE_REPRESENTATION(#8524,#8526);
#8524 = ( REPRESENTATION_RELATIONSHIP('','',#8327,#10) 
REPRESENTATION_RELATIONSHIP_WITH_TRANSFORMATION(#8525) 
SHAPE_REPRESENTATION_RELATIONSHIP() );
#8525 = ITEM_DEFINED_TRANSFORMATION('','',#11,#91);
#8526 = PRODUCT_DEFINITION_SHAPE('Placement','Placement of an item',
  #8527);
#8527 = NEXT_ASSEMBLY_USAGE_OCCURRENCE('3299','LATCH_1_2_washer','',#5,
  #8322,$);
#8528 = PRODUCT_RELATED_PRODUCT_CATEGORY('part',$,(#8324));
#8529 = SHAPE_DEFINITION_REPRESENTATION(#8530,#8536);
#8530 = PRODUCT_DEFINITION_SHAPE('','',#8531);
#8531 = PRODUCT_DEFINITION('design','',#8532,#8535);
#8532 = PRODUCT_DEFINITION_FORMATION('','',#8533);
#8533 = PRODUCT('LATCH_1_2_tnut','LATCH_1_2_tnut','',(#8534));
#8534 = PRODUCT_CONTEXT('',#2,'mechanical');
#8535 = PRODUCT_DEFINITION_CONTEXT('part definition',#2,'design');
#8536 = ADVANCED_BREP_SHAPE_REPRESENTATION('',(#11,#8537),#8867);
#8537 = MANIFOLD_SOLID_BREP('',#8538);
#8538 = CLOSED_SHELL('',(#8539,#8659,#8759,#8806,#8853,#8860));
#8539 = ADVANCED_FACE('',(#8540),#8554,.F.);
#8540 = FACE_BOUND('',#8541,.F.);
#8541 = EDGE_LOOP('',(#8542,#8577,#8605,#8633));
#8542 = ORIENTED_EDGE('',*,*,#8543,.F.);
#8543 = EDGE_CURVE('',#8544,#8546,#8548,.T.);
#8544 = VERTEX_POINT('',#8545);
#8545 = CARTESIAN_POINT('',(-312.,-265.,320.));
#8546 = VERTEX_POINT('',#8547);
#8547 = CARTESIAN_POINT('',(-312.,-265.,325.));
#8548 = SURFACE_CURVE('',#8549,(#8553,#8565),.PCURVE_S1.);
#8549 = LINE('',#8550,#8551);
#8550 = CARTESIAN_POINT('',(-312.,-265.,320.));
#8551 = VECTOR('',#8552,1.);
#8552 = DIRECTION('',(0.,0.,1.));
#8553 = PCURVE('',#8554,#8559);
#8554 = PLANE('',#8555);
#8555 = AXIS2_PLACEMENT_3D('',#8556,#8557,#8558);
#8556 = CARTESIAN_POINT('',(-312.,-265.,320.));
#8557 = DIRECTION('',(1.,0.,0.));
#8558 = DIRECTION('',(0.,0.,1.));
#8559 = DEFINITIONAL_REPRESENTATION('',(#8560),#8564);
#8560 = LINE('',#8561,#8562);
#8561 = CARTESIAN_POINT('',(0.,0.));
#8562 = VECTOR('',#8563,1.);
#8563 = DIRECTION('',(1.,0.));
#8564 = ( GEOMETRIC_REPRESENTATION_CONTEXT(2) 
PARAMETRIC_REPRESENTATION_CONTEXT() REPRESENTATION_CONTEXT('2D SPACE',''
  ) );
#8565 = PCURVE('',#8566,#8571);
#8566 = PLANE('',#8567);
#8567 = AXIS2_PLACEMENT_3D('',#8568,#8569,#8570);
#8568 = CARTESIAN_POINT('',(-312.,-265.,320.));
#8569 = DIRECTION('',(0.,1.,0.));
#8570 = DIRECTION('',(0.,0.,1.));
#8571 = DEFINITIONAL_REPRESENTATION('',(#8572),#8576);
#8572 = LINE('',#8573,#8574);
#8573 = CARTESIAN_POINT('',(0.,0.));
#8574 = VECTOR('',#8575,1.);
#8575 = DIRECTION('',(1.,0.));
#8576 = ( GEOMETRIC_REPRESENTATION_CONTEXT(2) 
PARAMETRIC_REPRESENTATION_CONTEXT() REPRESENTATION_CONTEXT('2D SPACE',''
  ) );
#8577 = ORIENTED_EDGE('',*,*,#8578,.T.);
#8578 = EDGE_CURVE('',#8544,#8579,#8581,.T.);
#8579 = VERTEX_POINT('',#8580);
#8580 = CARTESIAN_POINT('',(-312.,-255.,320.));
#8581 = SURFACE_CURVE('',#8582,(#8586,#8593),.PCURVE_S1.);
#8582 = LINE('',#8583,#8584);
#8583 = CARTESIAN_POINT('',(-312.,-265.,320.));
#8584 = VECTOR('',#8585,1.);
#8585 = DIRECTION('',(0.,1.,0.));
#8586 = PCURVE('',#8554,#8587);
#8587 = DEFINITIONAL_REPRESENTATION('',(#8588),#8592);
#8588 = LINE('',#8589,#8590);
#8589 = CARTESIAN_POINT('',(0.,0.));
#8590 = VECTOR('',#8591,1.);
#8591 = DIRECTION('',(0.,-1.));
#8592 = ( GEOMETRIC_REPRESENTATION_CONTEXT(2) 
PARAMETRIC_REPRESENTATION_CONTEXT() REPRESENTATION_CONTEXT('2D SPACE',''
  ) );
#8593 = PCURVE('',#8594,#8599);
#8594 = PLANE('',#8595);
#8595 = AXIS2_PLACEMENT_3D('',#8596,#8597,#8598);
#8596 = CARTESIAN_POINT('',(-312.,-265.,320.));
#8597 = DIRECTION('',(0.,0.,1.));
#8598 = DIRECTION('',(1.,0.,0.));
#8599 = DEFINITIONAL_REPRESENTATION('',(#8600),#8604);
#8600 = LINE('',#8601,#8602);
#8601 = CARTESIAN_POINT('',(0.,0.));
#8602 = VECTOR('',#8603,1.);
#8603 = DIRECTION('',(0.,1.));
#8604 = ( GEOMETRIC_REPRESENTATION_CONTEXT(2) 
PARAMETRIC_REPRESENTATION_CONTEXT() REPRESENTATION_CONTEXT('2D SPACE',''
  ) );
#8605 = ORIENTED_EDGE('',*,*,#8606,.T.);
#8606 = EDGE_CURVE('',#8579,#8607,#8609,.T.);
#8607 = VERTEX_POINT('',#8608);
#8608 = CARTESIAN_POINT('',(-312.,-255.,325.));
#8609 = SURFACE_CURVE('',#8610,(#8614,#8621),.PCURVE_S1.);
#8610 = LINE('',#8611,#8612);
#8611 = CARTESIAN_POINT('',(-312.,-255.,320.));
#8612 = VECTOR('',#8613,1.);
#8613 = DIRECTION('',(0.,0.,1.));
#8614 = PCURVE('',#8554,#8615);
#8615 = DEFINITIONAL_REPRESENTATION('',(#8616),#8620);
#8616 = LINE('',#8617,#8618);
#8617 = CARTESIAN_POINT('',(0.,-10.));
#8618 = VECTOR('',#8619,1.);
#8619 = DIRECTION('',(1.,0.));
#8620 = ( GEOMETRIC_REPRESENTATION_CONTEXT(2) 
PARAMETRIC_REPRESENTATION_CONTEXT() REPRESENTATION_CONTEXT('2D SPACE',''
  ) );
#8621 = PCURVE('',#8622,#8627);
#8622 = PLANE('',#8623);
#8623 = AXIS2_PLACEMENT_3D('',#8624,#8625,#8626);
#8624 = CARTESIAN_POINT('',(-312.,-255.,320.));
#8625 = DIRECTION('',(0.,1.,0.));
#8626 = DIRECTION('',(0.,0.,1.));
#8627 = DEFINITIONAL_REPRESENTATION('',(#8628),#8632);
#8628 = LINE('',#8629,#8630);
#8629 = CARTESIAN_POINT('',(0.,0.));
#8630 = VECTOR('',#8631,1.);
#8631 = DIRECTION('',(1.,0.));
#8632 = ( GEOMETRIC_REPRESENTATION_CONTEXT(2) 
PARAMETRIC_REPRESENTATION_CONTEXT() REPRESENTATION_CONTEXT('2D SPACE',''
  ) );
#8633 = ORIENTED_EDGE('',*,*,#8634,.F.);
#8634 = EDGE_CURVE('',#8546,#8607,#8635,.T.);
#8635 = SURFACE_CURVE('',#8636,(#8640,#8647),.PCURVE_S1.);
#8636 = LINE('',#8637,#8638);
#8637 = CARTESIAN_POINT('',(-312.,-265.,325.));
#8638 = VECTOR('',#8639,1.);
#8639 = DIRECTION('',(0.,1.,0.));
#8640 = PCURVE('',#8554,#8641);
#8641 = DEFINITIONAL_REPRESENTATION('',(#8642),#8646);
#8642 = LINE('',#8643,#8644);
#8643 = CARTESIAN_POINT('',(5.,0.));
#8644 = VECTOR('',#8645,1.);
#8645 = DIRECTION('',(0.,-1.));
#8646 = ( GEOMETRIC_REPRESENTATION_CONTEXT(2) 
PARAMETRIC_REPRESENTATION_CONTEXT() REPRESENTATION_CONTEXT('2D SPACE',''
  ) );
#8647 = PCURVE('',#8648,#8653);
#8648 = PLANE('',#8649);
#8649 = AXIS2_PLACEMENT_3D('',#8650,#8651,#8652);
#8650 = CARTESIAN_POINT('',(-312.,-265.,325.));
#8651 = DIRECTION('',(0.,0.,1.));
#8652 = DIRECTION('',(1.,0.,0.));
#8653 = DEFINITIONAL_REPRESENTATION('',(#8654),#8658);
#8654 = LINE('',#8655,#8656);
#8655 = CARTESIAN_POINT('',(0.,0.));
#8656 = VECTOR('',#8657,1.);
#8657 = DIRECTION('',(0.,1.));
#8658 = ( GEOMETRIC_REPRESENTATION_CONTEXT(2) 
PARAMETRIC_REPRESENTATION_CONTEXT() REPRESENTATION_CONTEXT('2D SPACE',''
  ) );
#8659 = ADVANCED_FACE('',(#8660),#8674,.T.);
#8660 = FACE_BOUND('',#8661,.T.);
#8661 = EDGE_LOOP('',(#8662,#8692,#8715,#8738));
#8662 = ORIENTED_EDGE('',*,*,#8663,.F.);
#8663 = EDGE_CURVE('',#8664,#8666,#8668,.T.);
#8664 = VERTEX_POINT('',#8665);
#8665 = CARTESIAN_POINT('',(-298.,-265.,320.));
#8666 = VERTEX_POINT('',#8667);
#8667 = CARTESIAN_POINT('',(-298.,-265.,325.));
#8668 = SURFACE_CURVE('',#8669,(#8673,#8685),.PCURVE_S1.);
#8669 = LINE('',#8670,#8671);
#8670 = CARTESIAN_POINT('',(-298.,-265.,320.));
#8671 = VECTOR('',#8672,1.);
#8672 = DIRECTION('',(0.,0.,1.));
#8673 = PCURVE('',#8674,#8679);
#8674 = PLANE('',#8675);
#8675 = AXIS2_PLACEMENT_3D('',#8676,#8677,#8678);
#8676 = CARTESIAN_POINT('',(-298.,-265.,320.));
#8677 = DIRECTION('',(1.,0.,0.));
#8678 = DIRECTION('',(0.,0.,1.));
#8679 = DEFINITIONAL_REPRESENTATION('',(#8680),#8684);
#8680 = LINE('',#8681,#8682);
#8681 = CARTESIAN_POINT('',(0.,0.));
#8682 = VECTOR('',#8683,1.);
#8683 = DIRECTION('',(1.,0.));
#8684 = ( GEOMETRIC_REPRESENTATION_CONTEXT(2) 
PARAMETRIC_REPRESENTATION_CONTEXT() REPRESENTATION_CONTEXT('2D SPACE',''
  ) );
#8685 = PCURVE('',#8566,#8686);
#8686 = DEFINITIONAL_REPRESENTATION('',(#8687),#8691);
#8687 = LINE('',#8688,#8689);
#8688 = CARTESIAN_POINT('',(0.,14.));
#8689 = VECTOR('',#8690,1.);
#8690 = DIRECTION('',(1.,0.));
#8691 = ( GEOMETRIC_REPRESENTATION_CONTEXT(2) 
PARAMETRIC_REPRESENTATION_CONTEXT() REPRESENTATION_CONTEXT('2D SPACE',''
  ) );
#8692 = ORIENTED_EDGE('',*,*,#8693,.T.);
#8693 = EDGE_CURVE('',#8664,#8694,#8696,.T.);
#8694 = VERTEX_POINT('',#8695);
#8695 = CARTESIAN_POINT('',(-298.,-255.,320.));
#8696 = SURFACE_CURVE('',#8697,(#8701,#8708),.PCURVE_S1.);
#8697 = LINE('',#8698,#8699);
#8698 = CARTESIAN_POINT('',(-298.,-265.,320.));
#8699 = VECTOR('',#8700,1.);
#8700 = DIRECTION('',(0.,1.,0.));
#8701 = PCURVE('',#8674,#8702);
#8702 = DEFINITIONAL_REPRESENTATION('',(#8703),#8707);
#8703 = LINE('',#8704,#8705);
#8704 = CARTESIAN_POINT('',(0.,0.));
#8705 = VECTOR('',#8706,1.);
#8706 = DIRECTION('',(0.,-1.));
#8707 = ( GEOMETRIC_REPRESENTATION_CONTEXT(2) 
PARAMETRIC_REPRESENTATION_CONTEXT() REPRESENTATION_CONTEXT('2D SPACE',''
  ) );
#8708 = PCURVE('',#8594,#8709);
#8709 = DEFINITIONAL_REPRESENTATION('',(#8710),#8714);
#8710 = LINE('',#8711,#8712);
#8711 = CARTESIAN_POINT('',(14.,0.));
#8712 = VECTOR('',#8713,1.);
#8713 = DIRECTION('',(0.,1.));
#8714 = ( GEOMETRIC_REPRESENTATION_CONTEXT(2) 
PARAMETRIC_REPRESENTATION_CONTEXT() REPRESENTATION_CONTEXT('2D SPACE',''
  ) );
#8715 = ORIENTED_EDGE('',*,*,#8716,.T.);
#8716 = EDGE_CURVE('',#8694,#8717,#8719,.T.);
#8717 = VERTEX_POINT('',#8718);
#8718 = CARTESIAN_POINT('',(-298.,-255.,325.));
#8719 = SURFACE_CURVE('',#8720,(#8724,#8731),.PCURVE_S1.);
#8720 = LINE('',#8721,#8722);
#8721 = CARTESIAN_POINT('',(-298.,-255.,320.));
#8722 = VECTOR('',#8723,1.);
#8723 = DIRECTION('',(0.,0.,1.));
#8724 = PCURVE('',#8674,#8725);
#8725 = DEFINITIONAL_REPRESENTATION('',(#8726),#8730);
#8726 = LINE('',#8727,#8728);
#8727 = CARTESIAN_POINT('',(0.,-10.));
#8728 = VECTOR('',#8729,1.);
#8729 = DIRECTION('',(1.,0.));
#8730 = ( GEOMETRIC_REPRESENTATION_CONTEXT(2) 
PARAMETRIC_REPRESENTATION_CONTEXT() REPRESENTATION_CONTEXT('2D SPACE',''
  ) );
#8731 = PCURVE('',#8622,#8732);
#8732 = DEFINITIONAL_REPRESENTATION('',(#8733),#8737);
#8733 = LINE('',#8734,#8735);
#8734 = CARTESIAN_POINT('',(0.,14.));
#8735 = VECTOR('',#8736,1.);
#8736 = DIRECTION('',(1.,0.));
#8737 = ( GEOMETRIC_REPRESENTATION_CONTEXT(2) 
PARAMETRIC_REPRESENTATION_CONTEXT() REPRESENTATION_CONTEXT('2D SPACE',''
  ) );
#8738 = ORIENTED_EDGE('',*,*,#8739,.F.);
#8739 = EDGE_CURVE('',#8666,#8717,#8740,.T.);
#8740 = SURFACE_CURVE('',#8741,(#8745,#8752),.PCURVE_S1.);
#8741 = LINE('',#8742,#8743);
#8742 = CARTESIAN_POINT('',(-298.,-265.,325.));
#8743 = VECTOR('',#8744,1.);
#8744 = DIRECTION('',(0.,1.,0.));
#8745 = PCURVE('',#8674,#8746);
#8746 = DEFINITIONAL_REPRESENTATION('',(#8747),#8751);
#8747 = LINE('',#8748,#8749);
#8748 = CARTESIAN_POINT('',(5.,0.));
#8749 = VECTOR('',#8750,1.);
#8750 = DIRECTION('',(0.,-1.));
#8751 = ( GEOMETRIC_REPRESENTATION_CONTEXT(2) 
PARAMETRIC_REPRESENTATION_CONTEXT() REPRESENTATION_CONTEXT('2D SPACE',''
  ) );
#8752 = PCURVE('',#8648,#8753);
#8753 = DEFINITIONAL_REPRESENTATION('',(#8754),#8758);
#8754 = LINE('',#8755,#8756);
#8755 = CARTESIAN_POINT('',(14.,0.));
#8756 = VECTOR('',#8757,1.);
#8757 = DIRECTION('',(0.,1.));
#8758 = ( GEOMETRIC_REPRESENTATION_CONTEXT(2) 
PARAMETRIC_REPRESENTATION_CONTEXT() REPRESENTATION_CONTEXT('2D SPACE',''
  ) );
#8759 = ADVANCED_FACE('',(#8760),#8566,.F.);
#8760 = FACE_BOUND('',#8761,.F.);
#8761 = EDGE_LOOP('',(#8762,#8783,#8784,#8805));
#8762 = ORIENTED_EDGE('',*,*,#8763,.F.);
#8763 = EDGE_CURVE('',#8544,#8664,#8764,.T.);
#8764 = SURFACE_CURVE('',#8765,(#8769,#8776),.PCURVE_S1.);
#8765 = LINE('',#8766,#8767);
#8766 = CARTESIAN_POINT('',(-312.,-265.,320.));
#8767 = VECTOR('',#8768,1.);
#8768 = DIRECTION('',(1.,0.,0.));
#8769 = PCURVE('',#8566,#8770);
#8770 = DEFINITIONAL_REPRESENTATION('',(#8771),#8775);
#8771 = LINE('',#8772,#8773);
#8772 = CARTESIAN_POINT('',(0.,0.));
#8773 = VECTOR('',#8774,1.);
#8774 = DIRECTION('',(0.,1.));
#8775 = ( GEOMETRIC_REPRESENTATION_CONTEXT(2) 
PARAMETRIC_REPRESENTATION_CONTEXT() REPRESENTATION_CONTEXT('2D SPACE',''
  ) );
#8776 = PCURVE('',#8594,#8777);
#8777 = DEFINITIONAL_REPRESENTATION('',(#8778),#8782);
#8778 = LINE('',#8779,#8780);
#8779 = CARTESIAN_POINT('',(0.,0.));
#8780 = VECTOR('',#8781,1.);
#8781 = DIRECTION('',(1.,0.));
#8782 = ( GEOMETRIC_REPRESENTATION_CONTEXT(2) 
PARAMETRIC_REPRESENTATION_CONTEXT() REPRESENTATION_CONTEXT('2D SPACE',''
  ) );
#8783 = ORIENTED_EDGE('',*,*,#8543,.T.);
#8784 = ORIENTED_EDGE('',*,*,#8785,.T.);
#8785 = EDGE_CURVE('',#8546,#8666,#8786,.T.);
#8786 = SURFACE_CURVE('',#8787,(#8791,#8798),.PCURVE_S1.);
#8787 = LINE('',#8788,#8789);
#8788 = CARTESIAN_POINT('',(-312.,-265.,325.));
#8789 = VECTOR('',#8790,1.);
#8790 = DIRECTION('',(1.,0.,0.));
#8791 = PCURVE('',#8566,#8792);
#8792 = DEFINITIONAL_REPRESENTATION('',(#8793),#8797);
#8793 = LINE('',#8794,#8795);
#8794 = CARTESIAN_POINT('',(5.,0.));
#8795 = VECTOR('',#8796,1.);
#8796 = DIRECTION('',(0.,1.));
#8797 = ( GEOMETRIC_REPRESENTATION_CONTEXT(2) 
PARAMETRIC_REPRESENTATION_CONTEXT() REPRESENTATION_CONTEXT('2D SPACE',''
  ) );
#8798 = PCURVE('',#8648,#8799);
#8799 = DEFINITIONAL_REPRESENTATION('',(#8800),#8804);
#8800 = LINE('',#8801,#8802);
#8801 = CARTESIAN_POINT('',(0.,0.));
#8802 = VECTOR('',#8803,1.);
#8803 = DIRECTION('',(1.,0.));
#8804 = ( GEOMETRIC_REPRESENTATION_CONTEXT(2) 
PARAMETRIC_REPRESENTATION_CONTEXT() REPRESENTATION_CONTEXT('2D SPACE',''
  ) );
#8805 = ORIENTED_EDGE('',*,*,#8663,.F.);
#8806 = ADVANCED_FACE('',(#8807),#8622,.T.);
#8807 = FACE_BOUND('',#8808,.T.);
#8808 = EDGE_LOOP('',(#8809,#8830,#8831,#8852));
#8809 = ORIENTED_EDGE('',*,*,#8810,.F.);
#8810 = EDGE_CURVE('',#8579,#8694,#8811,.T.);
#8811 = SURFACE_CURVE('',#8812,(#8816,#8823),.PCURVE_S1.);
#8812 = LINE('',#8813,#8814);
#8813 = CARTESIAN_POINT('',(-312.,-255.,320.));
#8814 = VECTOR('',#8815,1.);
#8815 = DIRECTION('',(1.,0.,0.));
#8816 = PCURVE('',#8622,#8817);
#8817 = DEFINITIONAL_REPRESENTATION('',(#8818),#8822);
#8818 = LINE('',#8819,#8820);
#8819 = CARTESIAN_POINT('',(0.,0.));
#8820 = VECTOR('',#8821,1.);
#8821 = DIRECTION('',(0.,1.));
#8822 = ( GEOMETRIC_REPRESENTATION_CONTEXT(2) 
PARAMETRIC_REPRESENTATION_CONTEXT() REPRESENTATION_CONTEXT('2D SPACE',''
  ) );
#8823 = PCURVE('',#8594,#8824);
#8824 = DEFINITIONAL_REPRESENTATION('',(#8825),#8829);
#8825 = LINE('',#8826,#8827);
#8826 = CARTESIAN_POINT('',(0.,10.));
#8827 = VECTOR('',#8828,1.);
#8828 = DIRECTION('',(1.,0.));
#8829 = ( GEOMETRIC_REPRESENTATION_CONTEXT(2) 
PARAMETRIC_REPRESENTATION_CONTEXT() REPRESENTATION_CONTEXT('2D SPACE',''
  ) );
#8830 = ORIENTED_EDGE('',*,*,#8606,.T.);
#8831 = ORIENTED_EDGE('',*,*,#8832,.T.);
#8832 = EDGE_CURVE('',#8607,#8717,#8833,.T.);
#8833 = SURFACE_CURVE('',#8834,(#8838,#8845),.PCURVE_S1.);
#8834 = LINE('',#8835,#8836);
#8835 = CARTESIAN_POINT('',(-312.,-255.,325.));
#8836 = VECTOR('',#8837,1.);
#8837 = DIRECTION('',(1.,0.,0.));
#8838 = PCURVE('',#8622,#8839);
#8839 = DEFINITIONAL_REPRESENTATION('',(#8840),#8844);
#8840 = LINE('',#8841,#8842);
#8841 = CARTESIAN_POINT('',(5.,0.));
#8842 = VECTOR('',#8843,1.);
#8843 = DIRECTION('',(0.,1.));
#8844 = ( GEOMETRIC_REPRESENTATION_CONTEXT(2) 
PARAMETRIC_REPRESENTATION_CONTEXT() REPRESENTATION_CONTEXT('2D SPACE',''
  ) );
#8845 = PCURVE('',#8648,#8846);
#8846 = DEFINITIONAL_REPRESENTATION('',(#8847),#8851);
#8847 = LINE('',#8848,#8849);
#8848 = CARTESIAN_POINT('',(0.,10.));
#8849 = VECTOR('',#8850,1.);
#8850 = DIRECTION('',(1.,0.));
#8851 = ( GEOMETRIC_REPRESENTATION_CONTEXT(2) 
PARAMETRIC_REPRESENTATION_CONTEXT() REPRESENTATION_CONTEXT('2D SPACE',''
  ) );
#8852 = ORIENTED_EDGE('',*,*,#8716,.F.);
#8853 = ADVANCED_FACE('',(#8854),#8594,.F.);
#8854 = FACE_BOUND('',#8855,.F.);
#8855 = EDGE_LOOP('',(#8856,#8857,#8858,#8859));
#8856 = ORIENTED_EDGE('',*,*,#8578,.F.);
#8857 = ORIENTED_EDGE('',*,*,#8763,.T.);
#8858 = ORIENTED_EDGE('',*,*,#8693,.T.);
#8859 = ORIENTED_EDGE('',*,*,#8810,.F.);
#8860 = ADVANCED_FACE('',(#8861),#8648,.T.);
#8861 = FACE_BOUND('',#8862,.T.);
#8862 = EDGE_LOOP('',(#8863,#8864,#8865,#8866));
#8863 = ORIENTED_EDGE('',*,*,#8634,.F.);
#8864 = ORIENTED_EDGE('',*,*,#8785,.T.);
#8865 = ORIENTED_EDGE('',*,*,#8739,.T.);
#8866 = ORIENTED_EDGE('',*,*,#8832,.F.);
#8867 = ( GEOMETRIC_REPRESENTATION_CONTEXT(3) 
GLOBAL_UNCERTAINTY_ASSIGNED_CONTEXT((#8871)) 
GLOBAL_UNIT_ASSIGNED_CONTEXT((#8868,#8869,#8870)) REPRESENTATION_CONTEXT
('Context #1','3D Context with UNIT and UNCERTAINTY') );
#8868 = ( LENGTH_UNIT() NAMED_UNIT(*) SI_UNIT(.MILLI.,.METRE.) );
#8869 = ( NAMED_UNIT(*) PLANE_ANGLE_UNIT() SI_UNIT($,.RADIAN.) );
#8870 = ( NAMED_UNIT(*) SI_UNIT($,.STERADIAN.) SOLID_ANGLE_UNIT() );
#8871 = UNCERTAINTY_MEASURE_WITH_UNIT(LENGTH_MEASURE(1.E-07),#8868,
  'distance_accuracy_value','confusion accuracy');
#8872 = CONTEXT_DEPENDENT_SHAPE_REPRESENTATION(#8873,#8875);
#8873 = ( REPRESENTATION_RELATIONSHIP('','',#8536,#10) 
REPRESENTATION_RELATIONSHIP_WITH_TRANSFORMATION(#8874) 
SHAPE_REPRESENTATION_RELATIONSHIP() );
#8874 = ITEM_DEFINED_TRANSFORMATION('','',#11,#95);
#8875 = PRODUCT_DEFINITION_SHAPE('Placement','Placement of an item',
  #8876);
#8876 = NEXT_ASSEMBLY_USAGE_OCCURRENCE('3300','LATCH_1_2_tnut','',#5,
  #8531,$);
#8877 = PRODUCT_RELATED_PRODUCT_CATEGORY('part',$,(#8533));
#8878 = SHAPE_DEFINITION_REPRESENTATION(#8879,#8885);
#8879 = PRODUCT_DEFINITION_SHAPE('','',#8880);
#8880 = PRODUCT_DEFINITION('design','',#8881,#8884);
#8881 = PRODUCT_DEFINITION_FORMATION('','',#8882);
#8882 = PRODUCT('NVR-P11_latch_spreader_2','NVR-P11_latch_spreader_2',''
  ,(#8883));
#8883 = PRODUCT_CONTEXT('',#2,'mechanical');
#8884 = PRODUCT_DEFINITION_CONTEXT('part definition',#2,'design');
#8885 = ADVANCED_BREP_SHAPE_REPRESENTATION('',(#11,#8886),#9216);
#8886 = MANIFOLD_SOLID_BREP('',#8887);
#8887 = CLOSED_SHELL('',(#8888,#9008,#9108,#9155,#9202,#9209));
#8888 = ADVANCED_FACE('',(#8889),#8903,.F.);
#8889 = FACE_BOUND('',#8890,.F.);
#8890 = EDGE_LOOP('',(#8891,#8926,#8954,#8982));
#8891 = ORIENTED_EDGE('',*,*,#8892,.F.);
#8892 = EDGE_CURVE('',#8893,#8895,#8897,.T.);
#8893 = VERTEX_POINT('',#8894);
#8894 = CARTESIAN_POINT('',(-380.,235.,300.));
#8895 = VERTEX_POINT('',#8896);
#8896 = CARTESIAN_POINT('',(-380.,235.,306.));
#8897 = SURFACE_CURVE('',#8898,(#8902,#8914),.PCURVE_S1.);
#8898 = LINE('',#8899,#8900);
#8899 = CARTESIAN_POINT('',(-380.,235.,300.));
#8900 = VECTOR('',#8901,1.);
#8901 = DIRECTION('',(0.,0.,1.));
#8902 = PCURVE('',#8903,#8908);
#8903 = PLANE('',#8904);
#8904 = AXIS2_PLACEMENT_3D('',#8905,#8906,#8907);
#8905 = CARTESIAN_POINT('',(-380.,235.,300.));
#8906 = DIRECTION('',(1.,0.,0.));
#8907 = DIRECTION('',(0.,0.,1.));
#8908 = DEFINITIONAL_REPRESENTATION('',(#8909),#8913);
#8909 = LINE('',#8910,#8911);
#8910 = CARTESIAN_POINT('',(0.,0.));
#8911 = VECTOR('',#8912,1.);
#8912 = DIRECTION('',(1.,0.));
#8913 = ( GEOMETRIC_REPRESENTATION_CONTEXT(2) 
PARAMETRIC_REPRESENTATION_CONTEXT() REPRESENTATION_CONTEXT('2D SPACE',''
  ) );
#8914 = PCURVE('',#8915,#8920);
#8915 = PLANE('',#8916);
#8916 = AXIS2_PLACEMENT_3D('',#8917,#8918,#8919);
#8917 = CARTESIAN_POINT('',(-380.,235.,300.));
#8918 = DIRECTION('',(0.,1.,0.));
#8919 = DIRECTION('',(0.,0.,1.));
#8920 = DEFINITIONAL_REPRESENTATION('',(#8921),#8925);
#8921 = LINE('',#8922,#8923);
#8922 = CARTESIAN_POINT('',(0.,0.));
#8923 = VECTOR('',#8924,1.);
#8924 = DIRECTION('',(1.,0.));
#8925 = ( GEOMETRIC_REPRESENTATION_CONTEXT(2) 
PARAMETRIC_REPRESENTATION_CONTEXT() REPRESENTATION_CONTEXT('2D SPACE',''
  ) );
#8926 = ORIENTED_EDGE('',*,*,#8927,.T.);
#8927 = EDGE_CURVE('',#8893,#8928,#8930,.T.);
#8928 = VERTEX_POINT('',#8929);
#8929 = CARTESIAN_POINT('',(-380.,285.,300.));
#8930 = SURFACE_CURVE('',#8931,(#8935,#8942),.PCURVE_S1.);
#8931 = LINE('',#8932,#8933);
#8932 = CARTESIAN_POINT('',(-380.,235.,300.));
#8933 = VECTOR('',#8934,1.);
#8934 = DIRECTION('',(0.,1.,0.));
#8935 = PCURVE('',#8903,#8936);
#8936 = DEFINITIONAL_REPRESENTATION('',(#8937),#8941);
#8937 = LINE('',#8938,#8939);
#8938 = CARTESIAN_POINT('',(0.,0.));
#8939 = VECTOR('',#8940,1.);
#8940 = DIRECTION('',(0.,-1.));
#8941 = ( GEOMETRIC_REPRESENTATION_CONTEXT(2) 
PARAMETRIC_REPRESENTATION_CONTEXT() REPRESENTATION_CONTEXT('2D SPACE',''
  ) );
#8942 = PCURVE('',#8943,#8948);
#8943 = PLANE('',#8944);
#8944 = AXIS2_PLACEMENT_3D('',#8945,#8946,#8947);
#8945 = CARTESIAN_POINT('',(-380.,235.,300.));
#8946 = DIRECTION('',(0.,0.,1.));
#8947 = DIRECTION('',(1.,0.,0.));
#8948 = DEFINITIONAL_REPRESENTATION('',(#8949),#8953);
#8949 = LINE('',#8950,#8951);
#8950 = CARTESIAN_POINT('',(0.,0.));
#8951 = VECTOR('',#8952,1.);
#8952 = DIRECTION('',(0.,1.));
#8953 = ( GEOMETRIC_REPRESENTATION_CONTEXT(2) 
PARAMETRIC_REPRESENTATION_CONTEXT() REPRESENTATION_CONTEXT('2D SPACE',''
  ) );
#8954 = ORIENTED_EDGE('',*,*,#8955,.T.);
#8955 = EDGE_CURVE('',#8928,#8956,#8958,.T.);
#8956 = VERTEX_POINT('',#8957);
#8957 = CARTESIAN_POINT('',(-380.,285.,306.));
#8958 = SURFACE_CURVE('',#8959,(#8963,#8970),.PCURVE_S1.);
#8959 = LINE('',#8960,#8961);
#8960 = CARTESIAN_POINT('',(-380.,285.,300.));
#8961 = VECTOR('',#8962,1.);
#8962 = DIRECTION('',(0.,0.,1.));
#8963 = PCURVE('',#8903,#8964);
#8964 = DEFINITIONAL_REPRESENTATION('',(#8965),#8969);
#8965 = LINE('',#8966,#8967);
#8966 = CARTESIAN_POINT('',(0.,-50.));
#8967 = VECTOR('',#8968,1.);
#8968 = DIRECTION('',(1.,0.));
#8969 = ( GEOMETRIC_REPRESENTATION_CONTEXT(2) 
PARAMETRIC_REPRESENTATION_CONTEXT() REPRESENTATION_CONTEXT('2D SPACE',''
  ) );
#8970 = PCURVE('',#8971,#8976);
#8971 = PLANE('',#8972);
#8972 = AXIS2_PLACEMENT_3D('',#8973,#8974,#8975);
#8973 = CARTESIAN_POINT('',(-380.,285.,300.));
#8974 = DIRECTION('',(0.,1.,0.));
#8975 = DIRECTION('',(0.,0.,1.));
#8976 = DEFINITIONAL_REPRESENTATION('',(#8977),#8981);
#8977 = LINE('',#8978,#8979);
#8978 = CARTESIAN_POINT('',(0.,0.));
#8979 = VECTOR('',#8980,1.);
#8980 = DIRECTION('',(1.,0.));
#8981 = ( GEOMETRIC_REPRESENTATION_CONTEXT(2) 
PARAMETRIC_REPRESENTATION_CONTEXT() REPRESENTATION_CONTEXT('2D SPACE',''
  ) );
#8982 = ORIENTED_EDGE('',*,*,#8983,.F.);
#8983 = EDGE_CURVE('',#8895,#8956,#8984,.T.);
#8984 = SURFACE_CURVE('',#8985,(#8989,#8996),.PCURVE_S1.);
#8985 = LINE('',#8986,#8987);
#8986 = CARTESIAN_POINT('',(-380.,235.,306.));
#8987 = VECTOR('',#8988,1.);
#8988 = DIRECTION('',(0.,1.,0.));
#8989 = PCURVE('',#8903,#8990);
#8990 = DEFINITIONAL_REPRESENTATION('',(#8991),#8995);
#8991 = LINE('',#8992,#8993);
#8992 = CARTESIAN_POINT('',(6.,0.));
#8993 = VECTOR('',#8994,1.);
#8994 = DIRECTION('',(0.,-1.));
#8995 = ( GEOMETRIC_REPRESENTATION_CONTEXT(2) 
PARAMETRIC_REPRESENTATION_CONTEXT() REPRESENTATION_CONTEXT('2D SPACE',''
  ) );
#8996 = PCURVE('',#8997,#9002);
#8997 = PLANE('',#8998);
#8998 = AXIS2_PLACEMENT_3D('',#8999,#9000,#9001);
#8999 = CARTESIAN_POINT('',(-380.,235.,306.));
#9000 = DIRECTION('',(0.,0.,1.));
#9001 = DIRECTION('',(1.,0.,0.));
#9002 = DEFINITIONAL_REPRESENTATION('',(#9003),#9007);
#9003 = LINE('',#9004,#9005);
#9004 = CARTESIAN_POINT('',(0.,0.));
#9005 = VECTOR('',#9006,1.);
#9006 = DIRECTION('',(0.,1.));
#9007 = ( GEOMETRIC_REPRESENTATION_CONTEXT(2) 
PARAMETRIC_REPRESENTATION_CONTEXT() REPRESENTATION_CONTEXT('2D SPACE',''
  ) );
#9008 = ADVANCED_FACE('',(#9009),#9023,.T.);
#9009 = FACE_BOUND('',#9010,.T.);
#9010 = EDGE_LOOP('',(#9011,#9041,#9064,#9087));
#9011 = ORIENTED_EDGE('',*,*,#9012,.F.);
#9012 = EDGE_CURVE('',#9013,#9015,#9017,.T.);
#9013 = VERTEX_POINT('',#9014);
#9014 = CARTESIAN_POINT('',(-280.,235.,300.));
#9015 = VERTEX_POINT('',#9016);
#9016 = CARTESIAN_POINT('',(-280.,235.,306.));
#9017 = SURFACE_CURVE('',#9018,(#9022,#9034),.PCURVE_S1.);
#9018 = LINE('',#9019,#9020);
#9019 = CARTESIAN_POINT('',(-280.,235.,300.));
#9020 = VECTOR('',#9021,1.);
#9021 = DIRECTION('',(0.,0.,1.));
#9022 = PCURVE('',#9023,#9028);
#9023 = PLANE('',#9024);
#9024 = AXIS2_PLACEMENT_3D('',#9025,#9026,#9027);
#9025 = CARTESIAN_POINT('',(-280.,235.,300.));
#9026 = DIRECTION('',(1.,0.,0.));
#9027 = DIRECTION('',(0.,0.,1.));
#9028 = DEFINITIONAL_REPRESENTATION('',(#9029),#9033);
#9029 = LINE('',#9030,#9031);
#9030 = CARTESIAN_POINT('',(0.,0.));
#9031 = VECTOR('',#9032,1.);
#9032 = DIRECTION('',(1.,0.));
#9033 = ( GEOMETRIC_REPRESENTATION_CONTEXT(2) 
PARAMETRIC_REPRESENTATION_CONTEXT() REPRESENTATION_CONTEXT('2D SPACE',''
  ) );
#9034 = PCURVE('',#8915,#9035);
#9035 = DEFINITIONAL_REPRESENTATION('',(#9036),#9040);
#9036 = LINE('',#9037,#9038);
#9037 = CARTESIAN_POINT('',(0.,100.));
#9038 = VECTOR('',#9039,1.);
#9039 = DIRECTION('',(1.,0.));
#9040 = ( GEOMETRIC_REPRESENTATION_CONTEXT(2) 
PARAMETRIC_REPRESENTATION_CONTEXT() REPRESENTATION_CONTEXT('2D SPACE',''
  ) );
#9041 = ORIENTED_EDGE('',*,*,#9042,.T.);
#9042 = EDGE_CURVE('',#9013,#9043,#9045,.T.);
#9043 = VERTEX_POINT('',#9044);
#9044 = CARTESIAN_POINT('',(-280.,285.,300.));
#9045 = SURFACE_CURVE('',#9046,(#9050,#9057),.PCURVE_S1.);
#9046 = LINE('',#9047,#9048);
#9047 = CARTESIAN_POINT('',(-280.,235.,300.));
#9048 = VECTOR('',#9049,1.);
#9049 = DIRECTION('',(0.,1.,0.));
#9050 = PCURVE('',#9023,#9051);
#9051 = DEFINITIONAL_REPRESENTATION('',(#9052),#9056);
#9052 = LINE('',#9053,#9054);
#9053 = CARTESIAN_POINT('',(0.,0.));
#9054 = VECTOR('',#9055,1.);
#9055 = DIRECTION('',(0.,-1.));
#9056 = ( GEOMETRIC_REPRESENTATION_CONTEXT(2) 
PARAMETRIC_REPRESENTATION_CONTEXT() REPRESENTATION_CONTEXT('2D SPACE',''
  ) );
#9057 = PCURVE('',#8943,#9058);
#9058 = DEFINITIONAL_REPRESENTATION('',(#9059),#9063);
#9059 = LINE('',#9060,#9061);
#9060 = CARTESIAN_POINT('',(100.,0.));
#9061 = VECTOR('',#9062,1.);
#9062 = DIRECTION('',(0.,1.));
#9063 = ( GEOMETRIC_REPRESENTATION_CONTEXT(2) 
PARAMETRIC_REPRESENTATION_CONTEXT() REPRESENTATION_CONTEXT('2D SPACE',''
  ) );
#9064 = ORIENTED_EDGE('',*,*,#9065,.T.);
#9065 = EDGE_CURVE('',#9043,#9066,#9068,.T.);
#9066 = VERTEX_POINT('',#9067);
#9067 = CARTESIAN_POINT('',(-280.,285.,306.));
#9068 = SURFACE_CURVE('',#9069,(#9073,#9080),.PCURVE_S1.);
#9069 = LINE('',#9070,#9071);
#9070 = CARTESIAN_POINT('',(-280.,285.,300.));
#9071 = VECTOR('',#9072,1.);
#9072 = DIRECTION('',(0.,0.,1.));
#9073 = PCURVE('',#9023,#9074);
#9074 = DEFINITIONAL_REPRESENTATION('',(#9075),#9079);
#9075 = LINE('',#9076,#9077);
#9076 = CARTESIAN_POINT('',(0.,-50.));
#9077 = VECTOR('',#9078,1.);
#9078 = DIRECTION('',(1.,0.));
#9079 = ( GEOMETRIC_REPRESENTATION_CONTEXT(2) 
PARAMETRIC_REPRESENTATION_CONTEXT() REPRESENTATION_CONTEXT('2D SPACE',''
  ) );
#9080 = PCURVE('',#8971,#9081);
#9081 = DEFINITIONAL_REPRESENTATION('',(#9082),#9086);
#9082 = LINE('',#9083,#9084);
#9083 = CARTESIAN_POINT('',(0.,100.));
#9084 = VECTOR('',#9085,1.);
#9085 = DIRECTION('',(1.,0.));
#9086 = ( GEOMETRIC_REPRESENTATION_CONTEXT(2) 
PARAMETRIC_REPRESENTATION_CONTEXT() REPRESENTATION_CONTEXT('2D SPACE',''
  ) );
#9087 = ORIENTED_EDGE('',*,*,#9088,.F.);
#9088 = EDGE_CURVE('',#9015,#9066,#9089,.T.);
#9089 = SURFACE_CURVE('',#9090,(#9094,#9101),.PCURVE_S1.);
#9090 = LINE('',#9091,#9092);
#9091 = CARTESIAN_POINT('',(-280.,235.,306.));
#9092 = VECTOR('',#9093,1.);
#9093 = DIRECTION('',(0.,1.,0.));
#9094 = PCURVE('',#9023,#9095);
#9095 = DEFINITIONAL_REPRESENTATION('',(#9096),#9100);
#9096 = LINE('',#9097,#9098);
#9097 = CARTESIAN_POINT('',(6.,0.));
#9098 = VECTOR('',#9099,1.);
#9099 = DIRECTION('',(0.,-1.));
#9100 = ( GEOMETRIC_REPRESENTATION_CONTEXT(2) 
PARAMETRIC_REPRESENTATION_CONTEXT() REPRESENTATION_CONTEXT('2D SPACE',''
  ) );
#9101 = PCURVE('',#8997,#9102);
#9102 = DEFINITIONAL_REPRESENTATION('',(#9103),#9107);
#9103 = LINE('',#9104,#9105);
#9104 = CARTESIAN_POINT('',(100.,0.));
#9105 = VECTOR('',#9106,1.);
#9106 = DIRECTION('',(0.,1.));
#9107 = ( GEOMETRIC_REPRESENTATION_CONTEXT(2) 
PARAMETRIC_REPRESENTATION_CONTEXT() REPRESENTATION_CONTEXT('2D SPACE',''
  ) );
#9108 = ADVANCED_FACE('',(#9109),#8915,.F.);
#9109 = FACE_BOUND('',#9110,.F.);
#9110 = EDGE_LOOP('',(#9111,#9132,#9133,#9154));
#9111 = ORIENTED_EDGE('',*,*,#9112,.F.);
#9112 = EDGE_CURVE('',#8893,#9013,#9113,.T.);
#9113 = SURFACE_CURVE('',#9114,(#9118,#9125),.PCURVE_S1.);
#9114 = LINE('',#9115,#9116);
#9115 = CARTESIAN_POINT('',(-380.,235.,300.));
#9116 = VECTOR('',#9117,1.);
#9117 = DIRECTION('',(1.,0.,0.));
#9118 = PCURVE('',#8915,#9119);
#9119 = DEFINITIONAL_REPRESENTATION('',(#9120),#9124);
#9120 = LINE('',#9121,#9122);
#9121 = CARTESIAN_POINT('',(0.,0.));
#9122 = VECTOR('',#9123,1.);
#9123 = DIRECTION('',(0.,1.));
#9124 = ( GEOMETRIC_REPRESENTATION_CONTEXT(2) 
PARAMETRIC_REPRESENTATION_CONTEXT() REPRESENTATION_CONTEXT('2D SPACE',''
  ) );
#9125 = PCURVE('',#8943,#9126);
#9126 = DEFINITIONAL_REPRESENTATION('',(#9127),#9131);
#9127 = LINE('',#9128,#9129);
#9128 = CARTESIAN_POINT('',(0.,0.));
#9129 = VECTOR('',#9130,1.);
#9130 = DIRECTION('',(1.,0.));
#9131 = ( GEOMETRIC_REPRESENTATION_CONTEXT(2) 
PARAMETRIC_REPRESENTATION_CONTEXT() REPRESENTATION_CONTEXT('2D SPACE',''
  ) );
#9132 = ORIENTED_EDGE('',*,*,#8892,.T.);
#9133 = ORIENTED_EDGE('',*,*,#9134,.T.);
#9134 = EDGE_CURVE('',#8895,#9015,#9135,.T.);
#9135 = SURFACE_CURVE('',#9136,(#9140,#9147),.PCURVE_S1.);
#9136 = LINE('',#9137,#9138);
#9137 = CARTESIAN_POINT('',(-380.,235.,306.));
#9138 = VECTOR('',#9139,1.);
#9139 = DIRECTION('',(1.,0.,0.));
#9140 = PCURVE('',#8915,#9141);
#9141 = DEFINITIONAL_REPRESENTATION('',(#9142),#9146);
#9142 = LINE('',#9143,#9144);
#9143 = CARTESIAN_POINT('',(6.,0.));
#9144 = VECTOR('',#9145,1.);
#9145 = DIRECTION('',(0.,1.));
#9146 = ( GEOMETRIC_REPRESENTATION_CONTEXT(2) 
PARAMETRIC_REPRESENTATION_CONTEXT() REPRESENTATION_CONTEXT('2D SPACE',''
  ) );
#9147 = PCURVE('',#8997,#9148);
#9148 = DEFINITIONAL_REPRESENTATION('',(#9149),#9153);
#9149 = LINE('',#9150,#9151);
#9150 = CARTESIAN_POINT('',(0.,0.));
#9151 = VECTOR('',#9152,1.);
#9152 = DIRECTION('',(1.,0.));
#9153 = ( GEOMETRIC_REPRESENTATION_CONTEXT(2) 
PARAMETRIC_REPRESENTATION_CONTEXT() REPRESENTATION_CONTEXT('2D SPACE',''
  ) );
#9154 = ORIENTED_EDGE('',*,*,#9012,.F.);
#9155 = ADVANCED_FACE('',(#9156),#8971,.T.);
#9156 = FACE_BOUND('',#9157,.T.);
#9157 = EDGE_LOOP('',(#9158,#9179,#9180,#9201));
#9158 = ORIENTED_EDGE('',*,*,#9159,.F.);
#9159 = EDGE_CURVE('',#8928,#9043,#9160,.T.);
#9160 = SURFACE_CURVE('',#9161,(#9165,#9172),.PCURVE_S1.);
#9161 = LINE('',#9162,#9163);
#9162 = CARTESIAN_POINT('',(-380.,285.,300.));
#9163 = VECTOR('',#9164,1.);
#9164 = DIRECTION('',(1.,0.,0.));
#9165 = PCURVE('',#8971,#9166);
#9166 = DEFINITIONAL_REPRESENTATION('',(#9167),#9171);
#9167 = LINE('',#9168,#9169);
#9168 = CARTESIAN_POINT('',(0.,0.));
#9169 = VECTOR('',#9170,1.);
#9170 = DIRECTION('',(0.,1.));
#9171 = ( GEOMETRIC_REPRESENTATION_CONTEXT(2) 
PARAMETRIC_REPRESENTATION_CONTEXT() REPRESENTATION_CONTEXT('2D SPACE',''
  ) );
#9172 = PCURVE('',#8943,#9173);
#9173 = DEFINITIONAL_REPRESENTATION('',(#9174),#9178);
#9174 = LINE('',#9175,#9176);
#9175 = CARTESIAN_POINT('',(0.,50.));
#9176 = VECTOR('',#9177,1.);
#9177 = DIRECTION('',(1.,0.));
#9178 = ( GEOMETRIC_REPRESENTATION_CONTEXT(2) 
PARAMETRIC_REPRESENTATION_CONTEXT() REPRESENTATION_CONTEXT('2D SPACE',''
  ) );
#9179 = ORIENTED_EDGE('',*,*,#8955,.T.);
#9180 = ORIENTED_EDGE('',*,*,#9181,.T.);
#9181 = EDGE_CURVE('',#8956,#9066,#9182,.T.);
#9182 = SURFACE_CURVE('',#9183,(#9187,#9194),.PCURVE_S1.);
#9183 = LINE('',#9184,#9185);
#9184 = CARTESIAN_POINT('',(-380.,285.,306.));
#9185 = VECTOR('',#9186,1.);
#9186 = DIRECTION('',(1.,0.,0.));
#9187 = PCURVE('',#8971,#9188);
#9188 = DEFINITIONAL_REPRESENTATION('',(#9189),#9193);
#9189 = LINE('',#9190,#9191);
#9190 = CARTESIAN_POINT('',(6.,0.));
#9191 = VECTOR('',#9192,1.);
#9192 = DIRECTION('',(0.,1.));
#9193 = ( GEOMETRIC_REPRESENTATION_CONTEXT(2) 
PARAMETRIC_REPRESENTATION_CONTEXT() REPRESENTATION_CONTEXT('2D SPACE',''
  ) );
#9194 = PCURVE('',#8997,#9195);
#9195 = DEFINITIONAL_REPRESENTATION('',(#9196),#9200);
#9196 = LINE('',#9197,#9198);
#9197 = CARTESIAN_POINT('',(0.,50.));
#9198 = VECTOR('',#9199,1.);
#9199 = DIRECTION('',(1.,0.));
#9200 = ( GEOMETRIC_REPRESENTATION_CONTEXT(2) 
PARAMETRIC_REPRESENTATION_CONTEXT() REPRESENTATION_CONTEXT('2D SPACE',''
  ) );
#9201 = ORIENTED_EDGE('',*,*,#9065,.F.);
#9202 = ADVANCED_FACE('',(#9203),#8943,.F.);
#9203 = FACE_BOUND('',#9204,.F.);
#9204 = EDGE_LOOP('',(#9205,#9206,#9207,#9208));
#9205 = ORIENTED_EDGE('',*,*,#8927,.F.);
#9206 = ORIENTED_EDGE('',*,*,#9112,.T.);
#9207 = ORIENTED_EDGE('',*,*,#9042,.T.);
#9208 = ORIENTED_EDGE('',*,*,#9159,.F.);
#9209 = ADVANCED_FACE('',(#9210),#8997,.T.);
#9210 = FACE_BOUND('',#9211,.T.);
#9211 = EDGE_LOOP('',(#9212,#9213,#9214,#9215));
#9212 = ORIENTED_EDGE('',*,*,#8983,.F.);
#9213 = ORIENTED_EDGE('',*,*,#9134,.T.);
#9214 = ORIENTED_EDGE('',*,*,#9088,.T.);
#9215 = ORIENTED_EDGE('',*,*,#9181,.F.);
#9216 = ( GEOMETRIC_REPRESENTATION_CONTEXT(3) 
GLOBAL_UNCERTAINTY_ASSIGNED_CONTEXT((#9220)) 
GLOBAL_UNIT_ASSIGNED_CONTEXT((#9217,#9218,#9219)) REPRESENTATION_CONTEXT
('Context #1','3D Context with UNIT and UNCERTAINTY') );
#9217 = ( LENGTH_UNIT() NAMED_UNIT(*) SI_UNIT(.MILLI.,.METRE.) );
#9218 = ( NAMED_UNIT(*) PLANE_ANGLE_UNIT() SI_UNIT($,.RADIAN.) );
#9219 = ( NAMED_UNIT(*) SI_UNIT($,.STERADIAN.) SOLID_ANGLE_UNIT() );
#9220 = UNCERTAINTY_MEASURE_WITH_UNIT(LENGTH_MEASURE(1.E-07),#9217,
  'distance_accuracy_value','confusion accuracy');
#9221 = CONTEXT_DEPENDENT_SHAPE_REPRESENTATION(#9222,#9224);
#9222 = ( REPRESENTATION_RELATIONSHIP('','',#8885,#10) 
REPRESENTATION_RELATIONSHIP_WITH_TRANSFORMATION(#9223) 
SHAPE_REPRESENTATION_RELATIONSHIP() );
#9223 = ITEM_DEFINED_TRANSFORMATION('','',#11,#99);
#9224 = PRODUCT_DEFINITION_SHAPE('Placement','Placement of an item',
  #9225);
#9225 = NEXT_ASSEMBLY_USAGE_OCCURRENCE('3301','NVR-P11_latch_spreader_2'
  ,'',#5,#8880,$);
#9226 = PRODUCT_RELATED_PRODUCT_CATEGORY('part',$,(#8882));
#9227 = SHAPE_DEFINITION_REPRESENTATION(#9228,#9234);
#9228 = PRODUCT_DEFINITION_SHAPE('','',#9229);
#9229 = PRODUCT_DEFINITION('design','',#9230,#9233);
#9230 = PRODUCT_DEFINITION_FORMATION('','',#9231);
#9231 = PRODUCT('CR3001_latch_2_PROVISIONAL',
  'CR3001_latch_2_PROVISIONAL','',(#9232));
#9232 = PRODUCT_CONTEXT('',#2,'mechanical');
#9233 = PRODUCT_DEFINITION_CONTEXT('part definition',#2,'design');
#9234 = ADVANCED_BREP_SHAPE_REPRESENTATION('',(#11,#9235),#9565);
#9235 = MANIFOLD_SOLID_BREP('',#9236);
#9236 = CLOSED_SHELL('',(#9237,#9357,#9457,#9504,#9551,#9558));
#9237 = ADVANCED_FACE('',(#9238),#9252,.F.);
#9238 = FACE_BOUND('',#9239,.F.);
#9239 = EDGE_LOOP('',(#9240,#9275,#9303,#9331));
#9240 = ORIENTED_EDGE('',*,*,#9241,.F.);
#9241 = EDGE_CURVE('',#9242,#9244,#9246,.T.);
#9242 = VERTEX_POINT('',#9243);
#9243 = CARTESIAN_POINT('',(-372.5,243.,301.));
#9244 = VERTEX_POINT('',#9245);
#9245 = CARTESIAN_POINT('',(-372.5,243.,345.));
#9246 = SURFACE_CURVE('',#9247,(#9251,#9263),.PCURVE_S1.);
#9247 = LINE('',#9248,#9249);
#9248 = CARTESIAN_POINT('',(-372.5,243.,301.));
#9249 = VECTOR('',#9250,1.);
#9250 = DIRECTION('',(0.,0.,1.));
#9251 = PCURVE('',#9252,#9257);
#9252 = PLANE('',#9253);
#9253 = AXIS2_PLACEMENT_3D('',#9254,#9255,#9256);
#9254 = CARTESIAN_POINT('',(-372.5,243.,301.));
#9255 = DIRECTION('',(1.,0.,0.));
#9256 = DIRECTION('',(0.,0.,1.));
#9257 = DEFINITIONAL_REPRESENTATION('',(#9258),#9262);
#9258 = LINE('',#9259,#9260);
#9259 = CARTESIAN_POINT('',(0.,0.));
#9260 = VECTOR('',#9261,1.);
#9261 = DIRECTION('',(1.,0.));
#9262 = ( GEOMETRIC_REPRESENTATION_CONTEXT(2) 
PARAMETRIC_REPRESENTATION_CONTEXT() REPRESENTATION_CONTEXT('2D SPACE',''
  ) );
#9263 = PCURVE('',#9264,#9269);
#9264 = PLANE('',#9265);
#9265 = AXIS2_PLACEMENT_3D('',#9266,#9267,#9268);
#9266 = CARTESIAN_POINT('',(-372.5,243.,301.));
#9267 = DIRECTION('',(0.,1.,0.));
#9268 = DIRECTION('',(0.,0.,1.));
#9269 = DEFINITIONAL_REPRESENTATION('',(#9270),#9274);
#9270 = LINE('',#9271,#9272);
#9271 = CARTESIAN_POINT('',(0.,0.));
#9272 = VECTOR('',#9273,1.);
#9273 = DIRECTION('',(1.,0.));
#9274 = ( GEOMETRIC_REPRESENTATION_CONTEXT(2) 
PARAMETRIC_REPRESENTATION_CONTEXT() REPRESENTATION_CONTEXT('2D SPACE',''
  ) );
#9275 = ORIENTED_EDGE('',*,*,#9276,.T.);
#9276 = EDGE_CURVE('',#9242,#9277,#9279,.T.);
#9277 = VERTEX_POINT('',#9278);
#9278 = CARTESIAN_POINT('',(-372.5,277.,301.));
#9279 = SURFACE_CURVE('',#9280,(#9284,#9291),.PCURVE_S1.);
#9280 = LINE('',#9281,#9282);
#9281 = CARTESIAN_POINT('',(-372.5,243.,301.));
#9282 = VECTOR('',#9283,1.);
#9283 = DIRECTION('',(0.,1.,0.));
#9284 = PCURVE('',#9252,#9285);
#9285 = DEFINITIONAL_REPRESENTATION('',(#9286),#9290);
#9286 = LINE('',#9287,#9288);
#9287 = CARTESIAN_POINT('',(0.,0.));
#9288 = VECTOR('',#9289,1.);
#9289 = DIRECTION('',(0.,-1.));
#9290 = ( GEOMETRIC_REPRESENTATION_CONTEXT(2) 
PARAMETRIC_REPRESENTATION_CONTEXT() REPRESENTATION_CONTEXT('2D SPACE',''
  ) );
#9291 = PCURVE('',#9292,#9297);
#9292 = PLANE('',#9293);
#9293 = AXIS2_PLACEMENT_3D('',#9294,#9295,#9296);
#9294 = CARTESIAN_POINT('',(-372.5,243.,301.));
#9295 = DIRECTION('',(0.,0.,1.));
#9296 = DIRECTION('',(1.,0.,0.));
#9297 = DEFINITIONAL_REPRESENTATION('',(#9298),#9302);
#9298 = LINE('',#9299,#9300);
#9299 = CARTESIAN_POINT('',(0.,0.));
#9300 = VECTOR('',#9301,1.);
#9301 = DIRECTION('',(0.,1.));
#9302 = ( GEOMETRIC_REPRESENTATION_CONTEXT(2) 
PARAMETRIC_REPRESENTATION_CONTEXT() REPRESENTATION_CONTEXT('2D SPACE',''
  ) );
#9303 = ORIENTED_EDGE('',*,*,#9304,.T.);
#9304 = EDGE_CURVE('',#9277,#9305,#9307,.T.);
#9305 = VERTEX_POINT('',#9306);
#9306 = CARTESIAN_POINT('',(-372.5,277.,345.));
#9307 = SURFACE_CURVE('',#9308,(#9312,#9319),.PCURVE_S1.);
#9308 = LINE('',#9309,#9310);
#9309 = CARTESIAN_POINT('',(-372.5,277.,301.));
#9310 = VECTOR('',#9311,1.);
#9311 = DIRECTION('',(0.,0.,1.));
#9312 = PCURVE('',#9252,#9313);
#9313 = DEFINITIONAL_REPRESENTATION('',(#9314),#9318);
#9314 = LINE('',#9315,#9316);
#9315 = CARTESIAN_POINT('',(0.,-34.));
#9316 = VECTOR('',#9317,1.);
#9317 = DIRECTION('',(1.,0.));
#9318 = ( GEOMETRIC_REPRESENTATION_CONTEXT(2) 
PARAMETRIC_REPRESENTATION_CONTEXT() REPRESENTATION_CONTEXT('2D SPACE',''
  ) );
#9319 = PCURVE('',#9320,#9325);
#9320 = PLANE('',#9321);
#9321 = AXIS2_PLACEMENT_3D('',#9322,#9323,#9324);
#9322 = CARTESIAN_POINT('',(-372.5,277.,301.));
#9323 = DIRECTION('',(0.,1.,0.));
#9324 = DIRECTION('',(0.,0.,1.));
#9325 = DEFINITIONAL_REPRESENTATION('',(#9326),#9330);
#9326 = LINE('',#9327,#9328);
#9327 = CARTESIAN_POINT('',(0.,0.));
#9328 = VECTOR('',#9329,1.);
#9329 = DIRECTION('',(1.,0.));
#9330 = ( GEOMETRIC_REPRESENTATION_CONTEXT(2) 
PARAMETRIC_REPRESENTATION_CONTEXT() REPRESENTATION_CONTEXT('2D SPACE',''
  ) );
#9331 = ORIENTED_EDGE('',*,*,#9332,.F.);
#9332 = EDGE_CURVE('',#9244,#9305,#9333,.T.);
#9333 = SURFACE_CURVE('',#9334,(#9338,#9345),.PCURVE_S1.);
#9334 = LINE('',#9335,#9336);
#9335 = CARTESIAN_POINT('',(-372.5,243.,345.));
#9336 = VECTOR('',#9337,1.);
#9337 = DIRECTION('',(0.,1.,0.));
#9338 = PCURVE('',#9252,#9339);
#9339 = DEFINITIONAL_REPRESENTATION('',(#9340),#9344);
#9340 = LINE('',#9341,#9342);
#9341 = CARTESIAN_POINT('',(44.,0.));
#9342 = VECTOR('',#9343,1.);
#9343 = DIRECTION('',(0.,-1.));
#9344 = ( GEOMETRIC_REPRESENTATION_CONTEXT(2) 
PARAMETRIC_REPRESENTATION_CONTEXT() REPRESENTATION_CONTEXT('2D SPACE',''
  ) );
#9345 = PCURVE('',#9346,#9351);
#9346 = PLANE('',#9347);
#9347 = AXIS2_PLACEMENT_3D('',#9348,#9349,#9350);
#9348 = CARTESIAN_POINT('',(-372.5,243.,345.));
#9349 = DIRECTION('',(0.,0.,1.));
#9350 = DIRECTION('',(1.,0.,0.));
#9351 = DEFINITIONAL_REPRESENTATION('',(#9352),#9356);
#9352 = LINE('',#9353,#9354);
#9353 = CARTESIAN_POINT('',(0.,0.));
#9354 = VECTOR('',#9355,1.);
#9355 = DIRECTION('',(0.,1.));
#9356 = ( GEOMETRIC_REPRESENTATION_CONTEXT(2) 
PARAMETRIC_REPRESENTATION_CONTEXT() REPRESENTATION_CONTEXT('2D SPACE',''
  ) );
#9357 = ADVANCED_FACE('',(#9358),#9372,.T.);
#9358 = FACE_BOUND('',#9359,.T.);
#9359 = EDGE_LOOP('',(#9360,#9390,#9413,#9436));
#9360 = ORIENTED_EDGE('',*,*,#9361,.F.);
#9361 = EDGE_CURVE('',#9362,#9364,#9366,.T.);
#9362 = VERTEX_POINT('',#9363);
#9363 = CARTESIAN_POINT('',(-287.5,243.,301.));
#9364 = VERTEX_POINT('',#9365);
#9365 = CARTESIAN_POINT('',(-287.5,243.,345.));
#9366 = SURFACE_CURVE('',#9367,(#9371,#9383),.PCURVE_S1.);
#9367 = LINE('',#9368,#9369);
#9368 = CARTESIAN_POINT('',(-287.5,243.,301.));
#9369 = VECTOR('',#9370,1.);
#9370 = DIRECTION('',(0.,0.,1.));
#9371 = PCURVE('',#9372,#9377);
#9372 = PLANE('',#9373);
#9373 = AXIS2_PLACEMENT_3D('',#9374,#9375,#9376);
#9374 = CARTESIAN_POINT('',(-287.5,243.,301.));
#9375 = DIRECTION('',(1.,0.,0.));
#9376 = DIRECTION('',(0.,0.,1.));
#9377 = DEFINITIONAL_REPRESENTATION('',(#9378),#9382);
#9378 = LINE('',#9379,#9380);
#9379 = CARTESIAN_POINT('',(0.,0.));
#9380 = VECTOR('',#9381,1.);
#9381 = DIRECTION('',(1.,0.));
#9382 = ( GEOMETRIC_REPRESENTATION_CONTEXT(2) 
PARAMETRIC_REPRESENTATION_CONTEXT() REPRESENTATION_CONTEXT('2D SPACE',''
  ) );
#9383 = PCURVE('',#9264,#9384);
#9384 = DEFINITIONAL_REPRESENTATION('',(#9385),#9389);
#9385 = LINE('',#9386,#9387);
#9386 = CARTESIAN_POINT('',(0.,85.));
#9387 = VECTOR('',#9388,1.);
#9388 = DIRECTION('',(1.,0.));
#9389 = ( GEOMETRIC_REPRESENTATION_CONTEXT(2) 
PARAMETRIC_REPRESENTATION_CONTEXT() REPRESENTATION_CONTEXT('2D SPACE',''
  ) );
#9390 = ORIENTED_EDGE('',*,*,#9391,.T.);
#9391 = EDGE_CURVE('',#9362,#9392,#9394,.T.);
#9392 = VERTEX_POINT('',#9393);
#9393 = CARTESIAN_POINT('',(-287.5,277.,301.));
#9394 = SURFACE_CURVE('',#9395,(#9399,#9406),.PCURVE_S1.);
#9395 = LINE('',#9396,#9397);
#9396 = CARTESIAN_POINT('',(-287.5,243.,301.));
#9397 = VECTOR('',#9398,1.);
#9398 = DIRECTION('',(0.,1.,0.));
#9399 = PCURVE('',#9372,#9400);
#9400 = DEFINITIONAL_REPRESENTATION('',(#9401),#9405);
#9401 = LINE('',#9402,#9403);
#9402 = CARTESIAN_POINT('',(0.,0.));
#9403 = VECTOR('',#9404,1.);
#9404 = DIRECTION('',(0.,-1.));
#9405 = ( GEOMETRIC_REPRESENTATION_CONTEXT(2) 
PARAMETRIC_REPRESENTATION_CONTEXT() REPRESENTATION_CONTEXT('2D SPACE',''
  ) );
#9406 = PCURVE('',#9292,#9407);
#9407 = DEFINITIONAL_REPRESENTATION('',(#9408),#9412);
#9408 = LINE('',#9409,#9410);
#9409 = CARTESIAN_POINT('',(85.,0.));
#9410 = VECTOR('',#9411,1.);
#9411 = DIRECTION('',(0.,1.));
#9412 = ( GEOMETRIC_REPRESENTATION_CONTEXT(2) 
PARAMETRIC_REPRESENTATION_CONTEXT() REPRESENTATION_CONTEXT('2D SPACE',''
  ) );
#9413 = ORIENTED_EDGE('',*,*,#9414,.T.);
#9414 = EDGE_CURVE('',#9392,#9415,#9417,.T.);
#9415 = VERTEX_POINT('',#9416);
#9416 = CARTESIAN_POINT('',(-287.5,277.,345.));
#9417 = SURFACE_CURVE('',#9418,(#9422,#9429),.PCURVE_S1.);
#9418 = LINE('',#9419,#9420);
#9419 = CARTESIAN_POINT('',(-287.5,277.,301.));
#9420 = VECTOR('',#9421,1.);
#9421 = DIRECTION('',(0.,0.,1.));
#9422 = PCURVE('',#9372,#9423);
#9423 = DEFINITIONAL_REPRESENTATION('',(#9424),#9428);
#9424 = LINE('',#9425,#9426);
#9425 = CARTESIAN_POINT('',(0.,-34.));
#9426 = VECTOR('',#9427,1.);
#9427 = DIRECTION('',(1.,0.));
#9428 = ( GEOMETRIC_REPRESENTATION_CONTEXT(2) 
PARAMETRIC_REPRESENTATION_CONTEXT() REPRESENTATION_CONTEXT('2D SPACE',''
  ) );
#9429 = PCURVE('',#9320,#9430);
#9430 = DEFINITIONAL_REPRESENTATION('',(#9431),#9435);
#9431 = LINE('',#9432,#9433);
#9432 = CARTESIAN_POINT('',(0.,85.));
#9433 = VECTOR('',#9434,1.);
#9434 = DIRECTION('',(1.,0.));
#9435 = ( GEOMETRIC_REPRESENTATION_CONTEXT(2) 
PARAMETRIC_REPRESENTATION_CONTEXT() REPRESENTATION_CONTEXT('2D SPACE',''
  ) );
#9436 = ORIENTED_EDGE('',*,*,#9437,.F.);
#9437 = EDGE_CURVE('',#9364,#9415,#9438,.T.);
#9438 = SURFACE_CURVE('',#9439,(#9443,#9450),.PCURVE_S1.);
#9439 = LINE('',#9440,#9441);
#9440 = CARTESIAN_POINT('',(-287.5,243.,345.));
#9441 = VECTOR('',#9442,1.);
#9442 = DIRECTION('',(0.,1.,0.));
#9443 = PCURVE('',#9372,#9444);
#9444 = DEFINITIONAL_REPRESENTATION('',(#9445),#9449);
#9445 = LINE('',#9446,#9447);
#9446 = CARTESIAN_POINT('',(44.,0.));
#9447 = VECTOR('',#9448,1.);
#9448 = DIRECTION('',(0.,-1.));
#9449 = ( GEOMETRIC_REPRESENTATION_CONTEXT(2) 
PARAMETRIC_REPRESENTATION_CONTEXT() REPRESENTATION_CONTEXT('2D SPACE',''
  ) );
#9450 = PCURVE('',#9346,#9451);
#9451 = DEFINITIONAL_REPRESENTATION('',(#9452),#9456);
#9452 = LINE('',#9453,#9454);
#9453 = CARTESIAN_POINT('',(85.,0.));
#9454 = VECTOR('',#9455,1.);
#9455 = DIRECTION('',(0.,1.));
#9456 = ( GEOMETRIC_REPRESENTATION_CONTEXT(2) 
PARAMETRIC_REPRESENTATION_CONTEXT() REPRESENTATION_CONTEXT('2D SPACE',''
  ) );
#9457 = ADVANCED_FACE('',(#9458),#9264,.F.);
#9458 = FACE_BOUND('',#9459,.F.);
#9459 = EDGE_LOOP('',(#9460,#9481,#9482,#9503));
#9460 = ORIENTED_EDGE('',*,*,#9461,.F.);
#9461 = EDGE_CURVE('',#9242,#9362,#9462,.T.);
#9462 = SURFACE_CURVE('',#9463,(#9467,#9474),.PCURVE_S1.);
#9463 = LINE('',#9464,#9465);
#9464 = CARTESIAN_POINT('',(-372.5,243.,301.));
#9465 = VECTOR('',#9466,1.);
#9466 = DIRECTION('',(1.,0.,0.));
#9467 = PCURVE('',#9264,#9468);
#9468 = DEFINITIONAL_REPRESENTATION('',(#9469),#9473);
#9469 = LINE('',#9470,#9471);
#9470 = CARTESIAN_POINT('',(0.,0.));
#9471 = VECTOR('',#9472,1.);
#9472 = DIRECTION('',(0.,1.));
#9473 = ( GEOMETRIC_REPRESENTATION_CONTEXT(2) 
PARAMETRIC_REPRESENTATION_CONTEXT() REPRESENTATION_CONTEXT('2D SPACE',''
  ) );
#9474 = PCURVE('',#9292,#9475);
#9475 = DEFINITIONAL_REPRESENTATION('',(#9476),#9480);
#9476 = LINE('',#9477,#9478);
#9477 = CARTESIAN_POINT('',(0.,0.));
#9478 = VECTOR('',#9479,1.);
#9479 = DIRECTION('',(1.,0.));
#9480 = ( GEOMETRIC_REPRESENTATION_CONTEXT(2) 
PARAMETRIC_REPRESENTATION_CONTEXT() REPRESENTATION_CONTEXT('2D SPACE',''
  ) );
#9481 = ORIENTED_EDGE('',*,*,#9241,.T.);
#9482 = ORIENTED_EDGE('',*,*,#9483,.T.);
#9483 = EDGE_CURVE('',#9244,#9364,#9484,.T.);
#9484 = SURFACE_CURVE('',#9485,(#9489,#9496),.PCURVE_S1.);
#9485 = LINE('',#9486,#9487);
#9486 = CARTESIAN_POINT('',(-372.5,243.,345.));
#9487 = VECTOR('',#9488,1.);
#9488 = DIRECTION('',(1.,0.,0.));
#9489 = PCURVE('',#9264,#9490);
#9490 = DEFINITIONAL_REPRESENTATION('',(#9491),#9495);
#9491 = LINE('',#9492,#9493);
#9492 = CARTESIAN_POINT('',(44.,0.));
#9493 = VECTOR('',#9494,1.);
#9494 = DIRECTION('',(0.,1.));
#9495 = ( GEOMETRIC_REPRESENTATION_CONTEXT(2) 
PARAMETRIC_REPRESENTATION_CONTEXT() REPRESENTATION_CONTEXT('2D SPACE',''
  ) );
#9496 = PCURVE('',#9346,#9497);
#9497 = DEFINITIONAL_REPRESENTATION('',(#9498),#9502);
#9498 = LINE('',#9499,#9500);
#9499 = CARTESIAN_POINT('',(0.,0.));
#9500 = VECTOR('',#9501,1.);
#9501 = DIRECTION('',(1.,0.));
#9502 = ( GEOMETRIC_REPRESENTATION_CONTEXT(2) 
PARAMETRIC_REPRESENTATION_CONTEXT() REPRESENTATION_CONTEXT('2D SPACE',''
  ) );
#9503 = ORIENTED_EDGE('',*,*,#9361,.F.);
#9504 = ADVANCED_FACE('',(#9505),#9320,.T.);
#9505 = FACE_BOUND('',#9506,.T.);
#9506 = EDGE_LOOP('',(#9507,#9528,#9529,#9550));
#9507 = ORIENTED_EDGE('',*,*,#9508,.F.);
#9508 = EDGE_CURVE('',#9277,#9392,#9509,.T.);
#9509 = SURFACE_CURVE('',#9510,(#9514,#9521),.PCURVE_S1.);
#9510 = LINE('',#9511,#9512);
#9511 = CARTESIAN_POINT('',(-372.5,277.,301.));
#9512 = VECTOR('',#9513,1.);
#9513 = DIRECTION('',(1.,0.,0.));
#9514 = PCURVE('',#9320,#9515);
#9515 = DEFINITIONAL_REPRESENTATION('',(#9516),#9520);
#9516 = LINE('',#9517,#9518);
#9517 = CARTESIAN_POINT('',(0.,0.));
#9518 = VECTOR('',#9519,1.);
#9519 = DIRECTION('',(0.,1.));
#9520 = ( GEOMETRIC_REPRESENTATION_CONTEXT(2) 
PARAMETRIC_REPRESENTATION_CONTEXT() REPRESENTATION_CONTEXT('2D SPACE',''
  ) );
#9521 = PCURVE('',#9292,#9522);
#9522 = DEFINITIONAL_REPRESENTATION('',(#9523),#9527);
#9523 = LINE('',#9524,#9525);
#9524 = CARTESIAN_POINT('',(0.,34.));
#9525 = VECTOR('',#9526,1.);
#9526 = DIRECTION('',(1.,0.));
#9527 = ( GEOMETRIC_REPRESENTATION_CONTEXT(2) 
PARAMETRIC_REPRESENTATION_CONTEXT() REPRESENTATION_CONTEXT('2D SPACE',''
  ) );
#9528 = ORIENTED_EDGE('',*,*,#9304,.T.);
#9529 = ORIENTED_EDGE('',*,*,#9530,.T.);
#9530 = EDGE_CURVE('',#9305,#9415,#9531,.T.);
#9531 = SURFACE_CURVE('',#9532,(#9536,#9543),.PCURVE_S1.);
#9532 = LINE('',#9533,#9534);
#9533 = CARTESIAN_POINT('',(-372.5,277.,345.));
#9534 = VECTOR('',#9535,1.);
#9535 = DIRECTION('',(1.,0.,0.));
#9536 = PCURVE('',#9320,#9537);
#9537 = DEFINITIONAL_REPRESENTATION('',(#9538),#9542);
#9538 = LINE('',#9539,#9540);
#9539 = CARTESIAN_POINT('',(44.,0.));
#9540 = VECTOR('',#9541,1.);
#9541 = DIRECTION('',(0.,1.));
#9542 = ( GEOMETRIC_REPRESENTATION_CONTEXT(2) 
PARAMETRIC_REPRESENTATION_CONTEXT() REPRESENTATION_CONTEXT('2D SPACE',''
  ) );
#9543 = PCURVE('',#9346,#9544);
#9544 = DEFINITIONAL_REPRESENTATION('',(#9545),#9549);
#9545 = LINE('',#9546,#9547);
#9546 = CARTESIAN_POINT('',(0.,34.));
#9547 = VECTOR('',#9548,1.);
#9548 = DIRECTION('',(1.,0.));
#9549 = ( GEOMETRIC_REPRESENTATION_CONTEXT(2) 
PARAMETRIC_REPRESENTATION_CONTEXT() REPRESENTATION_CONTEXT('2D SPACE',''
  ) );
#9550 = ORIENTED_EDGE('',*,*,#9414,.F.);
#9551 = ADVANCED_FACE('',(#9552),#9292,.F.);
#9552 = FACE_BOUND('',#9553,.F.);
#9553 = EDGE_LOOP('',(#9554,#9555,#9556,#9557));
#9554 = ORIENTED_EDGE('',*,*,#9276,.F.);
#9555 = ORIENTED_EDGE('',*,*,#9461,.T.);
#9556 = ORIENTED_EDGE('',*,*,#9391,.T.);
#9557 = ORIENTED_EDGE('',*,*,#9508,.F.);
#9558 = ADVANCED_FACE('',(#9559),#9346,.T.);
#9559 = FACE_BOUND('',#9560,.T.);
#9560 = EDGE_LOOP('',(#9561,#9562,#9563,#9564));
#9561 = ORIENTED_EDGE('',*,*,#9332,.F.);
#9562 = ORIENTED_EDGE('',*,*,#9483,.T.);
#9563 = ORIENTED_EDGE('',*,*,#9437,.T.);
#9564 = ORIENTED_EDGE('',*,*,#9530,.F.);
#9565 = ( GEOMETRIC_REPRESENTATION_CONTEXT(3) 
GLOBAL_UNCERTAINTY_ASSIGNED_CONTEXT((#9569)) 
GLOBAL_UNIT_ASSIGNED_CONTEXT((#9566,#9567,#9568)) REPRESENTATION_CONTEXT
('Context #1','3D Context with UNIT and UNCERTAINTY') );
#9566 = ( LENGTH_UNIT() NAMED_UNIT(*) SI_UNIT(.MILLI.,.METRE.) );
#9567 = ( NAMED_UNIT(*) PLANE_ANGLE_UNIT() SI_UNIT($,.RADIAN.) );
#9568 = ( NAMED_UNIT(*) SI_UNIT($,.STERADIAN.) SOLID_ANGLE_UNIT() );
#9569 = UNCERTAINTY_MEASURE_WITH_UNIT(LENGTH_MEASURE(1.E-07),#9566,
  'distance_accuracy_value','confusion accuracy');
#9570 = CONTEXT_DEPENDENT_SHAPE_REPRESENTATION(#9571,#9573);
#9571 = ( REPRESENTATION_RELATIONSHIP('','',#9234,#10) 
REPRESENTATION_RELATIONSHIP_WITH_TRANSFORMATION(#9572) 
SHAPE_REPRESENTATION_RELATIONSHIP() );
#9572 = ITEM_DEFINED_TRANSFORMATION('','',#11,#103);
#9573 = PRODUCT_DEFINITION_SHAPE('Placement','Placement of an item',
  #9574);
#9574 = NEXT_ASSEMBLY_USAGE_OCCURRENCE('3302',
  'CR3001_latch_2_PROVISIONAL','',#5,#9229,$);
#9575 = PRODUCT_RELATED_PRODUCT_CATEGORY('part',$,(#9231));
#9576 = SHAPE_DEFINITION_REPRESENTATION(#9577,#9583);
#9577 = PRODUCT_DEFINITION_SHAPE('','',#9578);
#9578 = PRODUCT_DEFINITION('design','',#9579,#9582);
#9579 = PRODUCT_DEFINITION_FORMATION('','',#9580);
#9580 = PRODUCT('NVR-P12_CR3001_keeper_2_PROVISIONAL',
  'NVR-P12_CR3001_keeper_2_PROVISIONAL','',(#9581));
#9581 = PRODUCT_CONTEXT('',#2,'mechanical');
#9582 = PRODUCT_DEFINITION_CONTEXT('part definition',#2,'design');
#9583 = ADVANCED_BREP_SHAPE_REPRESENTATION('',(#11,#9584),#9914);
#9584 = MANIFOLD_SOLID_BREP('',#9585);
#9585 = CLOSED_SHELL('',(#9586,#9706,#9806,#9853,#9900,#9907));
#9586 = ADVANCED_FACE('',(#9587),#9601,.F.);
#9587 = FACE_BOUND('',#9588,.F.);
#9588 = EDGE_LOOP('',(#9589,#9624,#9652,#9680));
#9589 = ORIENTED_EDGE('',*,*,#9590,.F.);
#9590 = EDGE_CURVE('',#9591,#9593,#9595,.T.);
#9591 = VERTEX_POINT('',#9592);
#9592 = CARTESIAN_POINT('',(-365.,228.,342.));
#9593 = VERTEX_POINT('',#9594);
#9594 = CARTESIAN_POINT('',(-365.,228.,348.));
#9595 = SURFACE_CURVE('',#9596,(#9600,#9612),.PCURVE_S1.);
#9596 = LINE('',#9597,#9598);
#9597 = CARTESIAN_POINT('',(-365.,228.,342.));
#9598 = VECTOR('',#9599,1.);
#9599 = DIRECTION('',(0.,0.,1.));
#9600 = PCURVE('',#9601,#9606);
#9601 = PLANE('',#9602);
#9602 = AXIS2_PLACEMENT_3D('',#9603,#9604,#9605);
#9603 = CARTESIAN_POINT('',(-365.,228.,342.));
#9604 = DIRECTION('',(1.,0.,0.));
#9605 = DIRECTION('',(0.,0.,1.));
#9606 = DEFINITIONAL_REPRESENTATION('',(#9607),#9611);
#9607 = LINE('',#9608,#9609);
#9608 = CARTESIAN_POINT('',(0.,0.));
#9609 = VECTOR('',#9610,1.);
#9610 = DIRECTION('',(1.,0.));
#9611 = ( GEOMETRIC_REPRESENTATION_CONTEXT(2) 
PARAMETRIC_REPRESENTATION_CONTEXT() REPRESENTATION_CONTEXT('2D SPACE',''
  ) );
#9612 = PCURVE('',#9613,#9618);
#9613 = PLANE('',#9614);
#9614 = AXIS2_PLACEMENT_3D('',#9615,#9616,#9617);
#9615 = CARTESIAN_POINT('',(-365.,228.,342.));
#9616 = DIRECTION('',(0.,1.,0.));
#9617 = DIRECTION('',(0.,0.,1.));
#9618 = DEFINITIONAL_REPRESENTATION('',(#9619),#9623);
#9619 = LINE('',#9620,#9621);
#9620 = CARTESIAN_POINT('',(0.,0.));
#9621 = VECTOR('',#9622,1.);
#9622 = DIRECTION('',(1.,0.));
#9623 = ( GEOMETRIC_REPRESENTATION_CONTEXT(2) 
PARAMETRIC_REPRESENTATION_CONTEXT() REPRESENTATION_CONTEXT('2D SPACE',''
  ) );
#9624 = ORIENTED_EDGE('',*,*,#9625,.T.);
#9625 = EDGE_CURVE('',#9591,#9626,#9628,.T.);
#9626 = VERTEX_POINT('',#9627);
#9627 = CARTESIAN_POINT('',(-365.,248.,342.));
#9628 = SURFACE_CURVE('',#9629,(#9633,#9640),.PCURVE_S1.);
#9629 = LINE('',#9630,#9631);
#9630 = CARTESIAN_POINT('',(-365.,228.,342.));
#9631 = VECTOR('',#9632,1.);
#9632 = DIRECTION('',(0.,1.,0.));
#9633 = PCURVE('',#9601,#9634);
#9634 = DEFINITIONAL_REPRESENTATION('',(#9635),#9639);
#9635 = LINE('',#9636,#9637);
#9636 = CARTESIAN_POINT('',(0.,0.));
#9637 = VECTOR('',#9638,1.);
#9638 = DIRECTION('',(0.,-1.));
#9639 = ( GEOMETRIC_REPRESENTATION_CONTEXT(2) 
PARAMETRIC_REPRESENTATION_CONTEXT() REPRESENTATION_CONTEXT('2D SPACE',''
  ) );
#9640 = PCURVE('',#9641,#9646);
#9641 = PLANE('',#9642);
#9642 = AXIS2_PLACEMENT_3D('',#9643,#9644,#9645);
#9643 = CARTESIAN_POINT('',(-365.,228.,342.));
#9644 = DIRECTION('',(0.,0.,1.));
#9645 = DIRECTION('',(1.,0.,0.));
#9646 = DEFINITIONAL_REPRESENTATION('',(#9647),#9651);
#9647 = LINE('',#9648,#9649);
#9648 = CARTESIAN_POINT('',(0.,0.));
#9649 = VECTOR('',#9650,1.);
#9650 = DIRECTION('',(0.,1.));
#9651 = ( GEOMETRIC_REPRESENTATION_CONTEXT(2) 
PARAMETRIC_REPRESENTATION_CONTEXT() REPRESENTATION_CONTEXT('2D SPACE',''
  ) );
#9652 = ORIENTED_EDGE('',*,*,#9653,.T.);
#9653 = EDGE_CURVE('',#9626,#9654,#9656,.T.);
#9654 = VERTEX_POINT('',#9655);
#9655 = CARTESIAN_POINT('',(-365.,248.,348.));
#9656 = SURFACE_CURVE('',#9657,(#9661,#9668),.PCURVE_S1.);
#9657 = LINE('',#9658,#9659);
#9658 = CARTESIAN_POINT('',(-365.,248.,342.));
#9659 = VECTOR('',#9660,1.);
#9660 = DIRECTION('',(0.,0.,1.));
#9661 = PCURVE('',#9601,#9662);
#9662 = DEFINITIONAL_REPRESENTATION('',(#9663),#9667);
#9663 = LINE('',#9664,#9665);
#9664 = CARTESIAN_POINT('',(0.,-20.));
#9665 = VECTOR('',#9666,1.);
#9666 = DIRECTION('',(1.,0.));
#9667 = ( GEOMETRIC_REPRESENTATION_CONTEXT(2) 
PARAMETRIC_REPRESENTATION_CONTEXT() REPRESENTATION_CONTEXT('2D SPACE',''
  ) );
#9668 = PCURVE('',#9669,#9674);
#9669 = PLANE('',#9670);
#9670 = AXIS2_PLACEMENT_3D('',#9671,#9672,#9673);
#9671 = CARTESIAN_POINT('',(-365.,248.,342.));
#9672 = DIRECTION('',(0.,1.,0.));
#9673 = DIRECTION('',(0.,0.,1.));
#9674 = DEFINITIONAL_REPRESENTATION('',(#9675),#9679);
#9675 = LINE('',#9676,#9677);
#9676 = CARTESIAN_POINT('',(0.,0.));
#9677 = VECTOR('',#9678,1.);
#9678 = DIRECTION('',(1.,0.));
#9679 = ( GEOMETRIC_REPRESENTATION_CONTEXT(2) 
PARAMETRIC_REPRESENTATION_CONTEXT() REPRESENTATION_CONTEXT('2D SPACE',''
  ) );
#9680 = ORIENTED_EDGE('',*,*,#9681,.F.);
#9681 = EDGE_CURVE('',#9593,#9654,#9682,.T.);
#9682 = SURFACE_CURVE('',#9683,(#9687,#9694),.PCURVE_S1.);
#9683 = LINE('',#9684,#9685);
#9684 = CARTESIAN_POINT('',(-365.,228.,348.));
#9685 = VECTOR('',#9686,1.);
#9686 = DIRECTION('',(0.,1.,0.));
#9687 = PCURVE('',#9601,#9688);
#9688 = DEFINITIONAL_REPRESENTATION('',(#9689),#9693);
#9689 = LINE('',#9690,#9691);
#9690 = CARTESIAN_POINT('',(6.,0.));
#9691 = VECTOR('',#9692,1.);
#9692 = DIRECTION('',(0.,-1.));
#9693 = ( GEOMETRIC_REPRESENTATION_CONTEXT(2) 
PARAMETRIC_REPRESENTATION_CONTEXT() REPRESENTATION_CONTEXT('2D SPACE',''
  ) );
#9694 = PCURVE('',#9695,#9700);
#9695 = PLANE('',#9696);
#9696 = AXIS2_PLACEMENT_3D('',#9697,#9698,#9699);
#9697 = CARTESIAN_POINT('',(-365.,228.,348.));
#9698 = DIRECTION('',(0.,0.,1.));
#9699 = DIRECTION('',(1.,0.,0.));
#9700 = DEFINITIONAL_REPRESENTATION('',(#9701),#9705);
#9701 = LINE('',#9702,#9703);
#9702 = CARTESIAN_POINT('',(0.,0.));
#9703 = VECTOR('',#9704,1.);
#9704 = DIRECTION('',(0.,1.));
#9705 = ( GEOMETRIC_REPRESENTATION_CONTEXT(2) 
PARAMETRIC_REPRESENTATION_CONTEXT() REPRESENTATION_CONTEXT('2D SPACE',''
  ) );
#9706 = ADVANCED_FACE('',(#9707),#9721,.T.);
#9707 = FACE_BOUND('',#9708,.T.);
#9708 = EDGE_LOOP('',(#9709,#9739,#9762,#9785));
#9709 = ORIENTED_EDGE('',*,*,#9710,.F.);
#9710 = EDGE_CURVE('',#9711,#9713,#9715,.T.);
#9711 = VERTEX_POINT('',#9712);
#9712 = CARTESIAN_POINT('',(-295.,228.,342.));
#9713 = VERTEX_POINT('',#9714);
#9714 = CARTESIAN_POINT('',(-295.,228.,348.));
#9715 = SURFACE_CURVE('',#9716,(#9720,#9732),.PCURVE_S1.);
#9716 = LINE('',#9717,#9718);
#9717 = CARTESIAN_POINT('',(-295.,228.,342.));
#9718 = VECTOR('',#9719,1.);
#9719 = DIRECTION('',(0.,0.,1.));
#9720 = PCURVE('',#9721,#9726);
#9721 = PLANE('',#9722);
#9722 = AXIS2_PLACEMENT_3D('',#9723,#9724,#9725);
#9723 = CARTESIAN_POINT('',(-295.,228.,342.));
#9724 = DIRECTION('',(1.,0.,0.));
#9725 = DIRECTION('',(0.,0.,1.));
#9726 = DEFINITIONAL_REPRESENTATION('',(#9727),#9731);
#9727 = LINE('',#9728,#9729);
#9728 = CARTESIAN_POINT('',(0.,0.));
#9729 = VECTOR('',#9730,1.);
#9730 = DIRECTION('',(1.,0.));
#9731 = ( GEOMETRIC_REPRESENTATION_CONTEXT(2) 
PARAMETRIC_REPRESENTATION_CONTEXT() REPRESENTATION_CONTEXT('2D SPACE',''
  ) );
#9732 = PCURVE('',#9613,#9733);
#9733 = DEFINITIONAL_REPRESENTATION('',(#9734),#9738);
#9734 = LINE('',#9735,#9736);
#9735 = CARTESIAN_POINT('',(0.,70.));
#9736 = VECTOR('',#9737,1.);
#9737 = DIRECTION('',(1.,0.));
#9738 = ( GEOMETRIC_REPRESENTATION_CONTEXT(2) 
PARAMETRIC_REPRESENTATION_CONTEXT() REPRESENTATION_CONTEXT('2D SPACE',''
  ) );
#9739 = ORIENTED_EDGE('',*,*,#9740,.T.);
#9740 = EDGE_CURVE('',#9711,#9741,#9743,.T.);
#9741 = VERTEX_POINT('',#9742);
#9742 = CARTESIAN_POINT('',(-295.,248.,342.));
#9743 = SURFACE_CURVE('',#9744,(#9748,#9755),.PCURVE_S1.);
#9744 = LINE('',#9745,#9746);
#9745 = CARTESIAN_POINT('',(-295.,228.,342.));
#9746 = VECTOR('',#9747,1.);
#9747 = DIRECTION('',(0.,1.,0.));
#9748 = PCURVE('',#9721,#9749);
#9749 = DEFINITIONAL_REPRESENTATION('',(#9750),#9754);
#9750 = LINE('',#9751,#9752);
#9751 = CARTESIAN_POINT('',(0.,0.));
#9752 = VECTOR('',#9753,1.);
#9753 = DIRECTION('',(0.,-1.));
#9754 = ( GEOMETRIC_REPRESENTATION_CONTEXT(2) 
PARAMETRIC_REPRESENTATION_CONTEXT() REPRESENTATION_CONTEXT('2D SPACE',''
  ) );
#9755 = PCURVE('',#9641,#9756);
#9756 = DEFINITIONAL_REPRESENTATION('',(#9757),#9761);
#9757 = LINE('',#9758,#9759);
#9758 = CARTESIAN_POINT('',(70.,0.));
#9759 = VECTOR('',#9760,1.);
#9760 = DIRECTION('',(0.,1.));
#9761 = ( GEOMETRIC_REPRESENTATION_CONTEXT(2) 
PARAMETRIC_REPRESENTATION_CONTEXT() REPRESENTATION_CONTEXT('2D SPACE',''
  ) );
#9762 = ORIENTED_EDGE('',*,*,#9763,.T.);
#9763 = EDGE_CURVE('',#9741,#9764,#9766,.T.);
#9764 = VERTEX_POINT('',#9765);
#9765 = CARTESIAN_POINT('',(-295.,248.,348.));
#9766 = SURFACE_CURVE('',#9767,(#9771,#9778),.PCURVE_S1.);
#9767 = LINE('',#9768,#9769);
#9768 = CARTESIAN_POINT('',(-295.,248.,342.));
#9769 = VECTOR('',#9770,1.);
#9770 = DIRECTION('',(0.,0.,1.));
#9771 = PCURVE('',#9721,#9772);
#9772 = DEFINITIONAL_REPRESENTATION('',(#9773),#9777);
#9773 = LINE('',#9774,#9775);
#9774 = CARTESIAN_POINT('',(0.,-20.));
#9775 = VECTOR('',#9776,1.);
#9776 = DIRECTION('',(1.,0.));
#9777 = ( GEOMETRIC_REPRESENTATION_CONTEXT(2) 
PARAMETRIC_REPRESENTATION_CONTEXT() REPRESENTATION_CONTEXT('2D SPACE',''
  ) );
#9778 = PCURVE('',#9669,#9779);
#9779 = DEFINITIONAL_REPRESENTATION('',(#9780),#9784);
#9780 = LINE('',#9781,#9782);
#9781 = CARTESIAN_POINT('',(0.,70.));
#9782 = VECTOR('',#9783,1.);
#9783 = DIRECTION('',(1.,0.));
#9784 = ( GEOMETRIC_REPRESENTATION_CONTEXT(2) 
PARAMETRIC_REPRESENTATION_CONTEXT() REPRESENTATION_CONTEXT('2D SPACE',''
  ) );
#9785 = ORIENTED_EDGE('',*,*,#9786,.F.);
#9786 = EDGE_CURVE('',#9713,#9764,#9787,.T.);
#9787 = SURFACE_CURVE('',#9788,(#9792,#9799),.PCURVE_S1.);
#9788 = LINE('',#9789,#9790);
#9789 = CARTESIAN_POINT('',(-295.,228.,348.));
#9790 = VECTOR('',#9791,1.);
#9791 = DIRECTION('',(0.,1.,0.));
#9792 = PCURVE('',#9721,#9793);
#9793 = DEFINITIONAL_REPRESENTATION('',(#9794),#9798);
#9794 = LINE('',#9795,#9796);
#9795 = CARTESIAN_POINT('',(6.,0.));
#9796 = VECTOR('',#9797,1.);
#9797 = DIRECTION('',(0.,-1.));
#9798 = ( GEOMETRIC_REPRESENTATION_CONTEXT(2) 
PARAMETRIC_REPRESENTATION_CONTEXT() REPRESENTATION_CONTEXT('2D SPACE',''
  ) );
#9799 = PCURVE('',#9695,#9800);
#9800 = DEFINITIONAL_REPRESENTATION('',(#9801),#9805);
#9801 = LINE('',#9802,#9803);
#9802 = CARTESIAN_POINT('',(70.,0.));
#9803 = VECTOR('',#9804,1.);
#9804 = DIRECTION('',(0.,1.));
#9805 = ( GEOMETRIC_REPRESENTATION_CONTEXT(2) 
PARAMETRIC_REPRESENTATION_CONTEXT() REPRESENTATION_CONTEXT('2D SPACE',''
  ) );
#9806 = ADVANCED_FACE('',(#9807),#9613,.F.);
#9807 = FACE_BOUND('',#9808,.F.);
#9808 = EDGE_LOOP('',(#9809,#9830,#9831,#9852));
#9809 = ORIENTED_EDGE('',*,*,#9810,.F.);
#9810 = EDGE_CURVE('',#9591,#9711,#9811,.T.);
#9811 = SURFACE_CURVE('',#9812,(#9816,#9823),.PCURVE_S1.);
#9812 = LINE('',#9813,#9814);
#9813 = CARTESIAN_POINT('',(-365.,228.,342.));
#9814 = VECTOR('',#9815,1.);
#9815 = DIRECTION('',(1.,0.,0.));
#9816 = PCURVE('',#9613,#9817);
#9817 = DEFINITIONAL_REPRESENTATION('',(#9818),#9822);
#9818 = LINE('',#9819,#9820);
#9819 = CARTESIAN_POINT('',(0.,0.));
#9820 = VECTOR('',#9821,1.);
#9821 = DIRECTION('',(0.,1.));
#9822 = ( GEOMETRIC_REPRESENTATION_CONTEXT(2) 
PARAMETRIC_REPRESENTATION_CONTEXT() REPRESENTATION_CONTEXT('2D SPACE',''
  ) );
#9823 = PCURVE('',#9641,#9824);
#9824 = DEFINITIONAL_REPRESENTATION('',(#9825),#9829);
#9825 = LINE('',#9826,#9827);
#9826 = CARTESIAN_POINT('',(0.,0.));
#9827 = VECTOR('',#9828,1.);
#9828 = DIRECTION('',(1.,0.));
#9829 = ( GEOMETRIC_REPRESENTATION_CONTEXT(2) 
PARAMETRIC_REPRESENTATION_CONTEXT() REPRESENTATION_CONTEXT('2D SPACE',''
  ) );
#9830 = ORIENTED_EDGE('',*,*,#9590,.T.);
#9831 = ORIENTED_EDGE('',*,*,#9832,.T.);
#9832 = EDGE_CURVE('',#9593,#9713,#9833,.T.);
#9833 = SURFACE_CURVE('',#9834,(#9838,#9845),.PCURVE_S1.);
#9834 = LINE('',#9835,#9836);
#9835 = CARTESIAN_POINT('',(-365.,228.,348.));
#9836 = VECTOR('',#9837,1.);
#9837 = DIRECTION('',(1.,0.,0.));
#9838 = PCURVE('',#9613,#9839);
#9839 = DEFINITIONAL_REPRESENTATION('',(#9840),#9844);
#9840 = LINE('',#9841,#9842);
#9841 = CARTESIAN_POINT('',(6.,0.));
#9842 = VECTOR('',#9843,1.);
#9843 = DIRECTION('',(0.,1.));
#9844 = ( GEOMETRIC_REPRESENTATION_CONTEXT(2) 
PARAMETRIC_REPRESENTATION_CONTEXT() REPRESENTATION_CONTEXT('2D SPACE',''
  ) );
#9845 = PCURVE('',#9695,#9846);
#9846 = DEFINITIONAL_REPRESENTATION('',(#9847),#9851);
#9847 = LINE('',#9848,#9849);
#9848 = CARTESIAN_POINT('',(0.,0.));
#9849 = VECTOR('',#9850,1.);
#9850 = DIRECTION('',(1.,0.));
#9851 = ( GEOMETRIC_REPRESENTATION_CONTEXT(2) 
PARAMETRIC_REPRESENTATION_CONTEXT() REPRESENTATION_CONTEXT('2D SPACE',''
  ) );
#9852 = ORIENTED_EDGE('',*,*,#9710,.F.);
#9853 = ADVANCED_FACE('',(#9854),#9669,.T.);
#9854 = FACE_BOUND('',#9855,.T.);
#9855 = EDGE_LOOP('',(#9856,#9877,#9878,#9899));
#9856 = ORIENTED_EDGE('',*,*,#9857,.F.);
#9857 = EDGE_CURVE('',#9626,#9741,#9858,.T.);
#9858 = SURFACE_CURVE('',#9859,(#9863,#9870),.PCURVE_S1.);
#9859 = LINE('',#9860,#9861);
#9860 = CARTESIAN_POINT('',(-365.,248.,342.));
#9861 = VECTOR('',#9862,1.);
#9862 = DIRECTION('',(1.,0.,0.));
#9863 = PCURVE('',#9669,#9864);
#9864 = DEFINITIONAL_REPRESENTATION('',(#9865),#9869);
#9865 = LINE('',#9866,#9867);
#9866 = CARTESIAN_POINT('',(0.,0.));
#9867 = VECTOR('',#9868,1.);
#9868 = DIRECTION('',(0.,1.));
#9869 = ( GEOMETRIC_REPRESENTATION_CONTEXT(2) 
PARAMETRIC_REPRESENTATION_CONTEXT() REPRESENTATION_CONTEXT('2D SPACE',''
  ) );
#9870 = PCURVE('',#9641,#9871);
#9871 = DEFINITIONAL_REPRESENTATION('',(#9872),#9876);
#9872 = LINE('',#9873,#9874);
#9873 = CARTESIAN_POINT('',(0.,20.));
#9874 = VECTOR('',#9875,1.);
#9875 = DIRECTION('',(1.,0.));
#9876 = ( GEOMETRIC_REPRESENTATION_CONTEXT(2) 
PARAMETRIC_REPRESENTATION_CONTEXT() REPRESENTATION_CONTEXT('2D SPACE',''
  ) );
#9877 = ORIENTED_EDGE('',*,*,#9653,.T.);
#9878 = ORIENTED_EDGE('',*,*,#9879,.T.);
#9879 = EDGE_CURVE('',#9654,#9764,#9880,.T.);
#9880 = SURFACE_CURVE('',#9881,(#9885,#9892),.PCURVE_S1.);
#9881 = LINE('',#9882,#9883);
#9882 = CARTESIAN_POINT('',(-365.,248.,348.));
#9883 = VECTOR('',#9884,1.);
#9884 = DIRECTION('',(1.,0.,0.));
#9885 = PCURVE('',#9669,#9886);
#9886 = DEFINITIONAL_REPRESENTATION('',(#9887),#9891);
#9887 = LINE('',#9888,#9889);
#9888 = CARTESIAN_POINT('',(6.,0.));
#9889 = VECTOR('',#9890,1.);
#9890 = DIRECTION('',(0.,1.));
#9891 = ( GEOMETRIC_REPRESENTATION_CONTEXT(2) 
PARAMETRIC_REPRESENTATION_CONTEXT() REPRESENTATION_CONTEXT('2D SPACE',''
  ) );
#9892 = PCURVE('',#9695,#9893);
#9893 = DEFINITIONAL_REPRESENTATION('',(#9894),#9898);
#9894 = LINE('',#9895,#9896);
#9895 = CARTESIAN_POINT('',(0.,20.));
#9896 = VECTOR('',#9897,1.);
#9897 = DIRECTION('',(1.,0.));
#9898 = ( GEOMETRIC_REPRESENTATION_CONTEXT(2) 
PARAMETRIC_REPRESENTATION_CONTEXT() REPRESENTATION_CONTEXT('2D SPACE',''
  ) );
#9899 = ORIENTED_EDGE('',*,*,#9763,.F.);
#9900 = ADVANCED_FACE('',(#9901),#9641,.F.);
#9901 = FACE_BOUND('',#9902,.F.);
#9902 = EDGE_LOOP('',(#9903,#9904,#9905,#9906));
#9903 = ORIENTED_EDGE('',*,*,#9625,.F.);
#9904 = ORIENTED_EDGE('',*,*,#9810,.T.);
#9905 = ORIENTED_EDGE('',*,*,#9740,.T.);
#9906 = ORIENTED_EDGE('',*,*,#9857,.F.);
#9907 = ADVANCED_FACE('',(#9908),#9695,.T.);
#9908 = FACE_BOUND('',#9909,.T.);
#9909 = EDGE_LOOP('',(#9910,#9911,#9912,#9913));
#9910 = ORIENTED_EDGE('',*,*,#9681,.F.);
#9911 = ORIENTED_EDGE('',*,*,#9832,.T.);
#9912 = ORIENTED_EDGE('',*,*,#9786,.T.);
#9913 = ORIENTED_EDGE('',*,*,#9879,.F.);
#9914 = ( GEOMETRIC_REPRESENTATION_CONTEXT(3) 
GLOBAL_UNCERTAINTY_ASSIGNED_CONTEXT((#9918)) 
GLOBAL_UNIT_ASSIGNED_CONTEXT((#9915,#9916,#9917)) REPRESENTATION_CONTEXT
('Context #1','3D Context with UNIT and UNCERTAINTY') );
#9915 = ( LENGTH_UNIT() NAMED_UNIT(*) SI_UNIT(.MILLI.,.METRE.) );
#9916 = ( NAMED_UNIT(*) PLANE_ANGLE_UNIT() SI_UNIT($,.RADIAN.) );
#9917 = ( NAMED_UNIT(*) SI_UNIT($,.STERADIAN.) SOLID_ANGLE_UNIT() );
#9918 = UNCERTAINTY_MEASURE_WITH_UNIT(LENGTH_MEASURE(1.E-07),#9915,
  'distance_accuracy_value','confusion accuracy');
#9919 = CONTEXT_DEPENDENT_SHAPE_REPRESENTATION(#9920,#9922);
#9920 = ( REPRESENTATION_RELATIONSHIP('','',#9583,#10) 
REPRESENTATION_RELATIONSHIP_WITH_TRANSFORMATION(#9921) 
SHAPE_REPRESENTATION_RELATIONSHIP() );
#9921 = ITEM_DEFINED_TRANSFORMATION('','',#11,#107);
#9922 = PRODUCT_DEFINITION_SHAPE('Placement','Placement of an item',
  #9923);
#9923 = NEXT_ASSEMBLY_USAGE_OCCURRENCE('3303',
  'NVR-P12_CR3001_keeper_2_PROVISIONAL','',#5,#9578,$);
#9924 = PRODUCT_RELATED_PRODUCT_CATEGORY('part',$,(#9580));
#9925 = SHAPE_DEFINITION_REPRESENTATION(#9926,#9932);
#9926 = PRODUCT_DEFINITION_SHAPE('','',#9927);
#9927 = PRODUCT_DEFINITION('design','',#9928,#9931);
#9928 = PRODUCT_DEFINITION_FORMATION('','',#9929);
#9929 = PRODUCT('LATCH_2_1_screw','LATCH_2_1_screw','',(#9930));
#9930 = PRODUCT_CONTEXT('',#2,'mechanical');
#9931 = PRODUCT_DEFINITION_CONTEXT('part definition',#2,'design');
#9932 = SHAPE_REPRESENTATION('',(#11,#9933,#10031),#10129);
#9933 = MANIFOLD_SOLID_BREP('',#9934);
#9934 = CLOSED_SHELL('',(#9935,#10023,#10027));
#9935 = ADVANCED_FACE('',(#9936),#9950,.T.);
#9936 = FACE_BOUND('',#9937,.F.);
#9937 = EDGE_LOOP('',(#9938,#9968,#9995,#9996));
#9938 = ORIENTED_EDGE('',*,*,#9939,.T.);
#9939 = EDGE_CURVE('',#9940,#9942,#9944,.T.);
#9940 = VERTEX_POINT('',#9941);
#9941 = CARTESIAN_POINT('',(-352.,260.,325.));
#9942 = VERTEX_POINT('',#9943);
#9943 = CARTESIAN_POINT('',(-352.,260.,353.));
#9944 = SEAM_CURVE('',#9945,(#9949,#9961),.PCURVE_S1.);
#9945 = LINE('',#9946,#9947);
#9946 = CARTESIAN_POINT('',(-352.,260.,325.));
#9947 = VECTOR('',#9948,1.);
#9948 = DIRECTION('',(0.,0.,1.));
#9949 = PCURVE('',#9950,#9955);
#9950 = CYLINDRICAL_SURFACE('',#9951,3.);
#9951 = AXIS2_PLACEMENT_3D('',#9952,#9953,#9954);
#9952 = CARTESIAN_POINT('',(-355.,260.,325.));
#9953 = DIRECTION('',(-0.,-0.,-1.));
#9954 = DIRECTION('',(1.,0.,0.));
#9955 = DEFINITIONAL_REPRESENTATION('',(#9956),#9960);
#9956 = LINE('',#9957,#9958);
#9957 = CARTESIAN_POINT('',(-0.,0.));
#9958 = VECTOR('',#9959,1.);
#9959 = DIRECTION('',(-0.,-1.));
#9960 = ( GEOMETRIC_REPRESENTATION_CONTEXT(2) 
PARAMETRIC_REPRESENTATION_CONTEXT() REPRESENTATION_CONTEXT('2D SPACE',''
  ) );
#9961 = PCURVE('',#9950,#9962);
#9962 = DEFINITIONAL_REPRESENTATION('',(#9963),#9967);
#9963 = LINE('',#9964,#9965);
#9964 = CARTESIAN_POINT('',(-6.28318530718,0.));
#9965 = VECTOR('',#9966,1.);
#9966 = DIRECTION('',(-0.,-1.));
#9967 = ( GEOMETRIC_REPRESENTATION_CONTEXT(2) 
PARAMETRIC_REPRESENTATION_CONTEXT() REPRESENTATION_CONTEXT('2D SPACE',''
  ) );
#9968 = ORIENTED_EDGE('',*,*,#9969,.T.);
#9969 = EDGE_CURVE('',#9942,#9942,#9970,.T.);
#9970 = SURFACE_CURVE('',#9971,(#9976,#9983),.PCURVE_S1.);
#9971 = CIRCLE('',#9972,3.);
#9972 = AXIS2_PLACEMENT_3D('',#9973,#9974,#9975);
#9973 = CARTESIAN_POINT('',(-355.,260.,353.));
#9974 = DIRECTION('',(0.,0.,1.));
#9975 = DIRECTION('',(1.,0.,0.));
#9976 = PCURVE('',#9950,#9977);
#9977 = DEFINITIONAL_REPRESENTATION('',(#9978),#9982);
#9978 = LINE('',#9979,#9980);
#9979 = CARTESIAN_POINT('',(-0.,-28.));
#9980 = VECTOR('',#9981,1.);
#9981 = DIRECTION('',(-1.,0.));
#9982 = ( GEOMETRIC_REPRESENTATION_CONTEXT(2) 
PARAMETRIC_REPRESENTATION_CONTEXT() REPRESENTATION_CONTEXT('2D SPACE',''
  ) );
#9983 = PCURVE('',#9984,#9989);
#9984 = PLANE('',#9985);
#9985 = AXIS2_PLACEMENT_3D('',#9986,#9987,#9988);
#9986 = CARTESIAN_POINT('',(-355.,260.,353.));
#9987 = DIRECTION('',(0.,0.,1.));
#9988 = DIRECTION('',(1.,0.,-0.));
#9989 = DEFINITIONAL_REPRESENTATION('',(#9990),#9994);
#9990 = CIRCLE('',#9991,3.);
#9991 = AXIS2_PLACEMENT_2D('',#9992,#9993);
#9992 = CARTESIAN_POINT('',(0.,0.));
#9993 = DIRECTION('',(1.,0.));
#9994 = ( GEOMETRIC_REPRESENTATION_CONTEXT(2) 
PARAMETRIC_REPRESENTATION_CONTEXT() REPRESENTATION_CONTEXT('2D SPACE',''
  ) );
#9995 = ORIENTED_EDGE('',*,*,#9939,.F.);
#9996 = ORIENTED_EDGE('',*,*,#9997,.F.);
#9997 = EDGE_CURVE('',#9940,#9940,#9998,.T.);
#9998 = SURFACE_CURVE('',#9999,(#10004,#10011),.PCURVE_S1.);
#9999 = CIRCLE('',#10000,3.);
#10000 = AXIS2_PLACEMENT_3D('',#10001,#10002,#10003);
#10001 = CARTESIAN_POINT('',(-355.,260.,325.));
#10002 = DIRECTION('',(0.,0.,1.));
#10003 = DIRECTION('',(1.,0.,0.));
#10004 = PCURVE('',#9950,#10005);
#10005 = DEFINITIONAL_REPRESENTATION('',(#10006),#10010);
#10006 = LINE('',#10007,#10008);
#10007 = CARTESIAN_POINT('',(-0.,0.));
#10008 = VECTOR('',#10009,1.);
#10009 = DIRECTION('',(-1.,0.));
#10010 = ( GEOMETRIC_REPRESENTATION_CONTEXT(2) 
PARAMETRIC_REPRESENTATION_CONTEXT() REPRESENTATION_CONTEXT('2D SPACE',''
  ) );
#10011 = PCURVE('',#10012,#10017);
#10012 = PLANE('',#10013);
#10013 = AXIS2_PLACEMENT_3D('',#10014,#10015,#10016);
#10014 = CARTESIAN_POINT('',(-355.,260.,325.));
#10015 = DIRECTION('',(0.,0.,1.));
#10016 = DIRECTION('',(1.,0.,-0.));
#10017 = DEFINITIONAL_REPRESENTATION('',(#10018),#10022);
#10018 = CIRCLE('',#10019,3.);
#10019 = AXIS2_PLACEMENT_2D('',#10020,#10021);
#10020 = CARTESIAN_POINT('',(0.,0.));
#10021 = DIRECTION('',(1.,0.));
#10022 = ( GEOMETRIC_REPRESENTATION_CONTEXT(2) 
PARAMETRIC_REPRESENTATION_CONTEXT() REPRESENTATION_CONTEXT('2D SPACE',''
  ) );
#10023 = ADVANCED_FACE('',(#10024),#10012,.F.);
#10024 = FACE_BOUND('',#10025,.F.);
#10025 = EDGE_LOOP('',(#10026));
#10026 = ORIENTED_EDGE('',*,*,#9997,.T.);
#10027 = ADVANCED_FACE('',(#10028),#9984,.T.);
#10028 = FACE_BOUND('',#10029,.T.);
#10029 = EDGE_LOOP('',(#10030));
#10030 = ORIENTED_EDGE('',*,*,#9969,.T.);
#10031 = MANIFOLD_SOLID_BREP('',#10032);
#10032 = CLOSED_SHELL('',(#10033,#10121,#10125));
#10033 = ADVANCED_FACE('',(#10034),#10048,.T.);
#10034 = FACE_BOUND('',#10035,.F.);
#10035 = EDGE_LOOP('',(#10036,#10066,#10093,#10094));
#10036 = ORIENTED_EDGE('',*,*,#10037,.T.);
#10037 = EDGE_CURVE('',#10038,#10040,#10042,.T.);
#10038 = VERTEX_POINT('',#10039);
#10039 = CARTESIAN_POINT('',(-349.8,260.,349.));
#10040 = VERTEX_POINT('',#10041);
#10041 = CARTESIAN_POINT('',(-349.8,260.,353.));
#10042 = SEAM_CURVE('',#10043,(#10047,#10059),.PCURVE_S1.);
#10043 = LINE('',#10044,#10045);
#10044 = CARTESIAN_POINT('',(-349.8,260.,349.));
#10045 = VECTOR('',#10046,1.);
#10046 = DIRECTION('',(0.,0.,1.));
#10047 = PCURVE('',#10048,#10053);
#10048 = CYLINDRICAL_SURFACE('',#10049,5.2);
#10049 = AXIS2_PLACEMENT_3D('',#10050,#10051,#10052);
#10050 = CARTESIAN_POINT('',(-355.,260.,349.));
#10051 = DIRECTION('',(-0.,-0.,-1.));
#10052 = DIRECTION('',(1.,0.,0.));
#10053 = DEFINITIONAL_REPRESENTATION('',(#10054),#10058);
#10054 = LINE('',#10055,#10056);
#10055 = CARTESIAN_POINT('',(-0.,0.));
#10056 = VECTOR('',#10057,1.);
#10057 = DIRECTION('',(-0.,-1.));
#10058 = ( GEOMETRIC_REPRESENTATION_CONTEXT(2) 
PARAMETRIC_REPRESENTATION_CONTEXT() REPRESENTATION_CONTEXT('2D SPACE',''
  ) );
#10059 = PCURVE('',#10048,#10060);
#10060 = DEFINITIONAL_REPRESENTATION('',(#10061),#10065);
#10061 = LINE('',#10062,#10063);
#10062 = CARTESIAN_POINT('',(-6.28318530718,0.));
#10063 = VECTOR('',#10064,1.);
#10064 = DIRECTION('',(-0.,-1.));
#10065 = ( GEOMETRIC_REPRESENTATION_CONTEXT(2) 
PARAMETRIC_REPRESENTATION_CONTEXT() REPRESENTATION_CONTEXT('2D SPACE',''
  ) );
#10066 = ORIENTED_EDGE('',*,*,#10067,.T.);
#10067 = EDGE_CURVE('',#10040,#10040,#10068,.T.);
#10068 = SURFACE_CURVE('',#10069,(#10074,#10081),.PCURVE_S1.);
#10069 = CIRCLE('',#10070,5.2);
#10070 = AXIS2_PLACEMENT_3D('',#10071,#10072,#10073);
#10071 = CARTESIAN_POINT('',(-355.,260.,353.));
#10072 = DIRECTION('',(0.,0.,1.));
#10073 = DIRECTION('',(1.,0.,0.));
#10074 = PCURVE('',#10048,#10075);
#10075 = DEFINITIONAL_REPRESENTATION('',(#10076),#10080);
#10076 = LINE('',#10077,#10078);
#10077 = CARTESIAN_POINT('',(-0.,-4.));
#10078 = VECTOR('',#10079,1.);
#10079 = DIRECTION('',(-1.,0.));
#10080 = ( GEOMETRIC_REPRESENTATION_CONTEXT(2) 
PARAMETRIC_REPRESENTATION_CONTEXT() REPRESENTATION_CONTEXT('2D SPACE',''
  ) );
#10081 = PCURVE('',#10082,#10087);
#10082 = PLANE('',#10083);
#10083 = AXIS2_PLACEMENT_3D('',#10084,#10085,#10086);
#10084 = CARTESIAN_POINT('',(-355.,260.,353.));
#10085 = DIRECTION('',(0.,0.,1.));
#10086 = DIRECTION('',(1.,0.,-0.));
#10087 = DEFINITIONAL_REPRESENTATION('',(#10088),#10092);
#10088 = CIRCLE('',#10089,5.2);
#10089 = AXIS2_PLACEMENT_2D('',#10090,#10091);
#10090 = CARTESIAN_POINT('',(0.,0.));
#10091 = DIRECTION('',(1.,0.));
#10092 = ( GEOMETRIC_REPRESENTATION_CONTEXT(2) 
PARAMETRIC_REPRESENTATION_CONTEXT() REPRESENTATION_CONTEXT('2D SPACE',''
  ) );
#10093 = ORIENTED_EDGE('',*,*,#10037,.F.);
#10094 = ORIENTED_EDGE('',*,*,#10095,.F.);
#10095 = EDGE_CURVE('',#10038,#10038,#10096,.T.);
#10096 = SURFACE_CURVE('',#10097,(#10102,#10109),.PCURVE_S1.);
#10097 = CIRCLE('',#10098,5.2);
#10098 = AXIS2_PLACEMENT_3D('',#10099,#10100,#10101);
#10099 = CARTESIAN_POINT('',(-355.,260.,349.));
#10100 = DIRECTION('',(0.,0.,1.));
#10101 = DIRECTION('',(1.,0.,0.));
#10102 = PCURVE('',#10048,#10103);
#10103 = DEFINITIONAL_REPRESENTATION('',(#10104),#10108);
#10104 = LINE('',#10105,#10106);
#10105 = CARTESIAN_POINT('',(-0.,0.));
#10106 = VECTOR('',#10107,1.);
#10107 = DIRECTION('',(-1.,0.));
#10108 = ( GEOMETRIC_REPRESENTATION_CONTEXT(2) 
PARAMETRIC_REPRESENTATION_CONTEXT() REPRESENTATION_CONTEXT('2D SPACE',''
  ) );
#10109 = PCURVE('',#10110,#10115);
#10110 = PLANE('',#10111);
#10111 = AXIS2_PLACEMENT_3D('',#10112,#10113,#10114);
#10112 = CARTESIAN_POINT('',(-355.,260.,349.));
#10113 = DIRECTION('',(0.,0.,1.));
#10114 = DIRECTION('',(1.,0.,-0.));
#10115 = DEFINITIONAL_REPRESENTATION('',(#10116),#10120);
#10116 = CIRCLE('',#10117,5.2);
#10117 = AXIS2_PLACEMENT_2D('',#10118,#10119);
#10118 = CARTESIAN_POINT('',(0.,0.));
#10119 = DIRECTION('',(1.,0.));
#10120 = ( GEOMETRIC_REPRESENTATION_CONTEXT(2) 
PARAMETRIC_REPRESENTATION_CONTEXT() REPRESENTATION_CONTEXT('2D SPACE',''
  ) );
#10121 = ADVANCED_FACE('',(#10122),#10110,.F.);
#10122 = FACE_BOUND('',#10123,.F.);
#10123 = EDGE_LOOP('',(#10124));
#10124 = ORIENTED_EDGE('',*,*,#10095,.T.);
#10125 = ADVANCED_FACE('',(#10126),#10082,.T.);
#10126 = FACE_BOUND('',#10127,.T.);
#10127 = EDGE_LOOP('',(#10128));
#10128 = ORIENTED_EDGE('',*,*,#10067,.T.);
#10129 = ( GEOMETRIC_REPRESENTATION_CONTEXT(3) 
GLOBAL_UNCERTAINTY_ASSIGNED_CONTEXT((#10133)) 
GLOBAL_UNIT_ASSIGNED_CONTEXT((#10130,#10131,#10132)) 
REPRESENTATION_CONTEXT('Context #1',
  '3D Context with UNIT and UNCERTAINTY') );
#10130 = ( LENGTH_UNIT() NAMED_UNIT(*) SI_UNIT(.MILLI.,.METRE.) );
#10131 = ( NAMED_UNIT(*) PLANE_ANGLE_UNIT() SI_UNIT($,.RADIAN.) );
#10132 = ( NAMED_UNIT(*) SI_UNIT($,.STERADIAN.) SOLID_ANGLE_UNIT() );
#10133 = UNCERTAINTY_MEASURE_WITH_UNIT(LENGTH_MEASURE(1.E-07),#10130,
  'distance_accuracy_value','confusion accuracy');
#10134 = CONTEXT_DEPENDENT_SHAPE_REPRESENTATION(#10135,#10137);
#10135 = ( REPRESENTATION_RELATIONSHIP('','',#9932,#10) 
REPRESENTATION_RELATIONSHIP_WITH_TRANSFORMATION(#10136) 
SHAPE_REPRESENTATION_RELATIONSHIP() );
#10136 = ITEM_DEFINED_TRANSFORMATION('','',#11,#111);
#10137 = PRODUCT_DEFINITION_SHAPE('Placement','Placement of an item',
  #10138);
#10138 = NEXT_ASSEMBLY_USAGE_OCCURRENCE('3304','LATCH_2_1_screw','',#5,
  #9927,$);
#10139 = PRODUCT_RELATED_PRODUCT_CATEGORY('part',$,(#9929));
#10140 = SHAPE_DEFINITION_REPRESENTATION(#10141,#10147);
#10141 = PRODUCT_DEFINITION_SHAPE('','',#10142);
#10142 = PRODUCT_DEFINITION('design','',#10143,#10146);
#10143 = PRODUCT_DEFINITION_FORMATION('','',#10144);
#10144 = PRODUCT('LATCH_2_1_washer','LATCH_2_1_washer','',(#10145));
#10145 = PRODUCT_CONTEXT('',#2,'mechanical');
#10146 = PRODUCT_DEFINITION_CONTEXT('part definition',#2,'design');
#10147 = ADVANCED_BREP_SHAPE_REPRESENTATION('',(#11,#10148),#10338);
#10148 = MANIFOLD_SOLID_BREP('',#10149);
#10149 = CLOSED_SHELL('',(#10150,#10238,#10277,#10311));
#10150 = ADVANCED_FACE('',(#10151),#10165,.T.);
#10151 = FACE_BOUND('',#10152,.F.);
#10152 = EDGE_LOOP('',(#10153,#10183,#10210,#10211));
#10153 = ORIENTED_EDGE('',*,*,#10154,.T.);
#10154 = EDGE_CURVE('',#10155,#10157,#10159,.T.);
#10155 = VERTEX_POINT('',#10156);
#10156 = CARTESIAN_POINT('',(-349.,260.,348.));
#10157 = VERTEX_POINT('',#10158);
#10158 = CARTESIAN_POINT('',(-349.,260.,349.));
#10159 = SEAM_CURVE('',#10160,(#10164,#10176),.PCURVE_S1.);
#10160 = LINE('',#10161,#10162);
#10161 = CARTESIAN_POINT('',(-349.,260.,348.));
#10162 = VECTOR('',#10163,1.);
#10163 = DIRECTION('',(0.,0.,1.));
#10164 = PCURVE('',#10165,#10170);
#10165 = CYLINDRICAL_SURFACE('',#10166,6.);
#10166 = AXIS2_PLACEMENT_3D('',#10167,#10168,#10169);
#10167 = CARTESIAN_POINT('',(-355.,260.,348.));
#10168 = DIRECTION('',(-0.,-0.,-1.));
#10169 = DIRECTION('',(1.,0.,0.));
#10170 = DEFINITIONAL_REPRESENTATION('',(#10171),#10175);
#10171 = LINE('',#10172,#10173);
#10172 = CARTESIAN_POINT('',(-0.,0.));
#10173 = VECTOR('',#10174,1.);
#10174 = DIRECTION('',(-0.,-1.));
#10175 = ( GEOMETRIC_REPRESENTATION_CONTEXT(2) 
PARAMETRIC_REPRESENTATION_CONTEXT() REPRESENTATION_CONTEXT('2D SPACE',''
  ) );
#10176 = PCURVE('',#10165,#10177);
#10177 = DEFINITIONAL_REPRESENTATION('',(#10178),#10182);
#10178 = LINE('',#10179,#10180);
#10179 = CARTESIAN_POINT('',(-6.28318530718,0.));
#10180 = VECTOR('',#10181,1.);
#10181 = DIRECTION('',(-0.,-1.));
#10182 = ( GEOMETRIC_REPRESENTATION_CONTEXT(2) 
PARAMETRIC_REPRESENTATION_CONTEXT() REPRESENTATION_CONTEXT('2D SPACE',''
  ) );
#10183 = ORIENTED_EDGE('',*,*,#10184,.T.);
#10184 = EDGE_CURVE('',#10157,#10157,#10185,.T.);
#10185 = SURFACE_CURVE('',#10186,(#10191,#10198),.PCURVE_S1.);
#10186 = CIRCLE('',#10187,6.);
#10187 = AXIS2_PLACEMENT_3D('',#10188,#10189,#10190);
#10188 = CARTESIAN_POINT('',(-355.,260.,349.));
#10189 = DIRECTION('',(0.,0.,1.));
#10190 = DIRECTION('',(1.,0.,0.));
#10191 = PCURVE('',#10165,#10192);
#10192 = DEFINITIONAL_REPRESENTATION('',(#10193),#10197);
#10193 = LINE('',#10194,#10195);
#10194 = CARTESIAN_POINT('',(-0.,-1.));
#10195 = VECTOR('',#10196,1.);
#10196 = DIRECTION('',(-1.,0.));
#10197 = ( GEOMETRIC_REPRESENTATION_CONTEXT(2) 
PARAMETRIC_REPRESENTATION_CONTEXT() REPRESENTATION_CONTEXT('2D SPACE',''
  ) );
#10198 = PCURVE('',#10199,#10204);
#10199 = PLANE('',#10200);
#10200 = AXIS2_PLACEMENT_3D('',#10201,#10202,#10203);
#10201 = CARTESIAN_POINT('',(-355.,260.,349.));
#10202 = DIRECTION('',(0.,0.,1.));
#10203 = DIRECTION('',(1.,0.,-0.));
#10204 = DEFINITIONAL_REPRESENTATION('',(#10205),#10209);
#10205 = CIRCLE('',#10206,6.);
#10206 = AXIS2_PLACEMENT_2D('',#10207,#10208);
#10207 = CARTESIAN_POINT('',(0.,0.));
#10208 = DIRECTION('',(1.,0.));
#10209 = ( GEOMETRIC_REPRESENTATION_CONTEXT(2) 
PARAMETRIC_REPRESENTATION_CONTEXT() REPRESENTATION_CONTEXT('2D SPACE',''
  ) );
#10210 = ORIENTED_EDGE('',*,*,#10154,.F.);
#10211 = ORIENTED_EDGE('',*,*,#10212,.F.);
#10212 = EDGE_CURVE('',#10155,#10155,#10213,.T.);
#10213 = SURFACE_CURVE('',#10214,(#10219,#10226),.PCURVE_S1.);
#10214 = CIRCLE('',#10215,6.);
#10215 = AXIS2_PLACEMENT_3D('',#10216,#10217,#10218);
#10216 = CARTESIAN_POINT('',(-355.,260.,348.));
#10217 = DIRECTION('',(0.,0.,1.));
#10218 = DIRECTION('',(1.,0.,0.));
#10219 = PCURVE('',#10165,#10220);
#10220 = DEFINITIONAL_REPRESENTATION('',(#10221),#10225);
#10221 = LINE('',#10222,#10223);
#10222 = CARTESIAN_POINT('',(-0.,0.));
#10223 = VECTOR('',#10224,1.);
#10224 = DIRECTION('',(-1.,0.));
#10225 = ( GEOMETRIC_REPRESENTATION_CONTEXT(2) 
PARAMETRIC_REPRESENTATION_CONTEXT() REPRESENTATION_CONTEXT('2D SPACE',''
  ) );
#10226 = PCURVE('',#10227,#10232);
#10227 = PLANE('',#10228);
#10228 = AXIS2_PLACEMENT_3D('',#10229,#10230,#10231);
#10229 = CARTESIAN_POINT('',(-355.,260.,348.));
#10230 = DIRECTION('',(0.,0.,1.));
#10231 = DIRECTION('',(1.,0.,-0.));
#10232 = DEFINITIONAL_REPRESENTATION('',(#10233),#10237);
#10233 = CIRCLE('',#10234,6.);
#10234 = AXIS2_PLACEMENT_2D('',#10235,#10236);
#10235 = CARTESIAN_POINT('',(0.,0.));
#10236 = DIRECTION('',(1.,0.));
#10237 = ( GEOMETRIC_REPRESENTATION_CONTEXT(2) 
PARAMETRIC_REPRESENTATION_CONTEXT() REPRESENTATION_CONTEXT('2D SPACE',''
  ) );
#10238 = ADVANCED_FACE('',(#10239,#10242),#10227,.F.);
#10239 = FACE_BOUND('',#10240,.F.);
#10240 = EDGE_LOOP('',(#10241));
#10241 = ORIENTED_EDGE('',*,*,#10212,.T.);
#10242 = FACE_BOUND('',#10243,.F.);
#10243 = EDGE_LOOP('',(#10244));
#10244 = ORIENTED_EDGE('',*,*,#10245,.T.);
#10245 = EDGE_CURVE('',#10246,#10246,#10248,.T.);
#10246 = VERTEX_POINT('',#10247);
#10247 = CARTESIAN_POINT('',(-351.7,260.,348.));
#10248 = SURFACE_CURVE('',#10249,(#10254,#10265),.PCURVE_S1.);
#10249 = CIRCLE('',#10250,3.3);
#10250 = AXIS2_PLACEMENT_3D('',#10251,#10252,#10253);
#10251 = CARTESIAN_POINT('',(-355.,260.,348.));
#10252 = DIRECTION('',(0.,0.,-1.));
#10253 = DIRECTION('',(1.,0.,0.));
#10254 = PCURVE('',#10227,#10255);
#10255 = DEFINITIONAL_REPRESENTATION('',(#10256),#10264);
#10256 = ( BOUNDED_CURVE() B_SPLINE_CURVE(2,(#10257,#10258,#10259,#10260
    ,#10261,#10262,#10263),.UNSPECIFIED.,.T.,.F.) 
B_SPLINE_CURVE_WITH_KNOTS((1,2,2,2,2,1),(-2.094395102393,0.,
    2.094395102393,4.188790204786,6.28318530718,8.377580409573),
.UNSPECIFIED.) CURVE() GEOMETRIC_REPRESENTATION_ITEM() 
RATIONAL_B_SPLINE_CURVE((1.,0.5,1.,0.5,1.,0.5,1.)) REPRESENTATION_ITEM(
  '') );
#10257 = CARTESIAN_POINT('',(3.3,0.));
#10258 = CARTESIAN_POINT('',(3.3,-5.715767664977));
#10259 = CARTESIAN_POINT('',(-1.65,-2.857883832489));
#10260 = CARTESIAN_POINT('',(-6.6,-8.082668874373E-16));
#10261 = CARTESIAN_POINT('',(-1.65,2.857883832489));
#10262 = CARTESIAN_POINT('',(3.3,5.715767664977));
#10263 = CARTESIAN_POINT('',(3.3,0.));
#10264 = ( GEOMETRIC_REPRESENTATION_CONTEXT(2) 
PARAMETRIC_REPRESENTATION_CONTEXT() REPRESENTATION_CONTEXT('2D SPACE',''
  ) );
#10265 = PCURVE('',#10266,#10271);
#10266 = CYLINDRICAL_SURFACE('',#10267,3.3);
#10267 = AXIS2_PLACEMENT_3D('',#10268,#10269,#10270);
#10268 = CARTESIAN_POINT('',(-355.,260.,347.));
#10269 = DIRECTION('',(-0.,-0.,-1.));
#10270 = DIRECTION('',(1.,0.,0.));
#10271 = DEFINITIONAL_REPRESENTATION('',(#10272),#10276);
#10272 = LINE('',#10273,#10274);
#10273 = CARTESIAN_POINT('',(-6.28318530718,-1.));
#10274 = VECTOR('',#10275,1.);
#10275 = DIRECTION('',(1.,-0.));
#10276 = ( GEOMETRIC_REPRESENTATION_CONTEXT(2) 
PARAMETRIC_REPRESENTATION_CONTEXT() REPRESENTATION_CONTEXT('2D SPACE',''
  ) );
#10277 = ADVANCED_FACE('',(#10278,#10281),#10199,.T.);
#10278 = FACE_BOUND('',#10279,.T.);
#10279 = EDGE_LOOP('',(#10280));
#10280 = ORIENTED_EDGE('',*,*,#10184,.T.);
#10281 = FACE_BOUND('',#10282,.T.);
#10282 = EDGE_LOOP('',(#10283));
#10283 = ORIENTED_EDGE('',*,*,#10284,.T.);
#10284 = EDGE_CURVE('',#10285,#10285,#10287,.T.);
#10285 = VERTEX_POINT('',#10286);
#10286 = CARTESIAN_POINT('',(-351.7,260.,349.));
#10287 = SURFACE_CURVE('',#10288,(#10293,#10304),.PCURVE_S1.);
#10288 = CIRCLE('',#10289,3.3);
#10289 = AXIS2_PLACEMENT_3D('',#10290,#10291,#10292);
#10290 = CARTESIAN_POINT('',(-355.,260.,349.));
#10291 = DIRECTION('',(0.,0.,-1.));
#10292 = DIRECTION('',(1.,0.,0.));
#10293 = PCURVE('',#10199,#10294);
#10294 = DEFINITIONAL_REPRESENTATION('',(#10295),#10303);
#10295 = ( BOUNDED_CURVE() B_SPLINE_CURVE(2,(#10296,#10297,#10298,#10299
    ,#10300,#10301,#10302),.UNSPECIFIED.,.T.,.F.) 
B_SPLINE_CURVE_WITH_KNOTS((1,2,2,2,2,1),(-2.094395102393,0.,
    2.094395102393,4.188790204786,6.28318530718,8.377580409573),
.UNSPECIFIED.) CURVE() GEOMETRIC_REPRESENTATION_ITEM() 
RATIONAL_B_SPLINE_CURVE((1.,0.5,1.,0.5,1.,0.5,1.)) REPRESENTATION_ITEM(
  '') );
#10296 = CARTESIAN_POINT('',(3.3,0.));
#10297 = CARTESIAN_POINT('',(3.3,-5.715767664977));
#10298 = CARTESIAN_POINT('',(-1.65,-2.857883832489));
#10299 = CARTESIAN_POINT('',(-6.6,-8.082668874373E-16));
#10300 = CARTESIAN_POINT('',(-1.65,2.857883832489));
#10301 = CARTESIAN_POINT('',(3.3,5.715767664977));
#10302 = CARTESIAN_POINT('',(3.3,0.));
#10303 = ( GEOMETRIC_REPRESENTATION_CONTEXT(2) 
PARAMETRIC_REPRESENTATION_CONTEXT() REPRESENTATION_CONTEXT('2D SPACE',''
  ) );
#10304 = PCURVE('',#10266,#10305);
#10305 = DEFINITIONAL_REPRESENTATION('',(#10306),#10310);
#10306 = LINE('',#10307,#10308);
#10307 = CARTESIAN_POINT('',(-6.28318530718,-2.));
#10308 = VECTOR('',#10309,1.);
#10309 = DIRECTION('',(1.,-0.));
#10310 = ( GEOMETRIC_REPRESENTATION_CONTEXT(2) 
PARAMETRIC_REPRESENTATION_CONTEXT() REPRESENTATION_CONTEXT('2D SPACE',''
  ) );
#10311 = ADVANCED_FACE('',(#10312),#10266,.F.);
#10312 = FACE_BOUND('',#10313,.T.);
#10313 = EDGE_LOOP('',(#10314,#10315,#10336,#10337));
#10314 = ORIENTED_EDGE('',*,*,#10245,.T.);
#10315 = ORIENTED_EDGE('',*,*,#10316,.T.);
#10316 = EDGE_CURVE('',#10246,#10285,#10317,.T.);
#10317 = SEAM_CURVE('',#10318,(#10322,#10329),.PCURVE_S1.);
#10318 = LINE('',#10319,#10320);
#10319 = CARTESIAN_POINT('',(-351.7,260.,347.));
#10320 = VECTOR('',#10321,1.);
#10321 = DIRECTION('',(0.,0.,1.));
#10322 = PCURVE('',#10266,#10323);
#10323 = DEFINITIONAL_REPRESENTATION('',(#10324),#10328);
#10324 = LINE('',#10325,#10326);
#10325 = CARTESIAN_POINT('',(-6.28318530718,0.));
#10326 = VECTOR('',#10327,1.);
#10327 = DIRECTION('',(-0.,-1.));
#10328 = ( GEOMETRIC_REPRESENTATION_CONTEXT(2) 
PARAMETRIC_REPRESENTATION_CONTEXT() REPRESENTATION_CONTEXT('2D SPACE',''
  ) );
#10329 = PCURVE('',#10266,#10330);
#10330 = DEFINITIONAL_REPRESENTATION('',(#10331),#10335);
#10331 = LINE('',#10332,#10333);
#10332 = CARTESIAN_POINT('',(-0.,0.));
#10333 = VECTOR('',#10334,1.);
#10334 = DIRECTION('',(-0.,-1.));
#10335 = ( GEOMETRIC_REPRESENTATION_CONTEXT(2) 
PARAMETRIC_REPRESENTATION_CONTEXT() REPRESENTATION_CONTEXT('2D SPACE',''
  ) );
#10336 = ORIENTED_EDGE('',*,*,#10284,.F.);
#10337 = ORIENTED_EDGE('',*,*,#10316,.F.);
#10338 = ( GEOMETRIC_REPRESENTATION_CONTEXT(3) 
GLOBAL_UNCERTAINTY_ASSIGNED_CONTEXT((#10342)) 
GLOBAL_UNIT_ASSIGNED_CONTEXT((#10339,#10340,#10341)) 
REPRESENTATION_CONTEXT('Context #1',
  '3D Context with UNIT and UNCERTAINTY') );
#10339 = ( LENGTH_UNIT() NAMED_UNIT(*) SI_UNIT(.MILLI.,.METRE.) );
#10340 = ( NAMED_UNIT(*) PLANE_ANGLE_UNIT() SI_UNIT($,.RADIAN.) );
#10341 = ( NAMED_UNIT(*) SI_UNIT($,.STERADIAN.) SOLID_ANGLE_UNIT() );
#10342 = UNCERTAINTY_MEASURE_WITH_UNIT(LENGTH_MEASURE(1.E-07),#10339,
  'distance_accuracy_value','confusion accuracy');
#10343 = CONTEXT_DEPENDENT_SHAPE_REPRESENTATION(#10344,#10346);
#10344 = ( REPRESENTATION_RELATIONSHIP('','',#10147,#10) 
REPRESENTATION_RELATIONSHIP_WITH_TRANSFORMATION(#10345) 
SHAPE_REPRESENTATION_RELATIONSHIP() );
#10345 = ITEM_DEFINED_TRANSFORMATION('','',#11,#115);
#10346 = PRODUCT_DEFINITION_SHAPE('Placement','Placement of an item',
  #10347);
#10347 = NEXT_ASSEMBLY_USAGE_OCCURRENCE('3305','LATCH_2_1_washer','',#5,
  #10142,$);
#10348 = PRODUCT_RELATED_PRODUCT_CATEGORY('part',$,(#10144));
#10349 = SHAPE_DEFINITION_REPRESENTATION(#10350,#10356);
#10350 = PRODUCT_DEFINITION_SHAPE('','',#10351);
#10351 = PRODUCT_DEFINITION('design','',#10352,#10355);
#10352 = PRODUCT_DEFINITION_FORMATION('','',#10353);
#10353 = PRODUCT('LATCH_2_1_tnut','LATCH_2_1_tnut','',(#10354));
#10354 = PRODUCT_CONTEXT('',#2,'mechanical');
#10355 = PRODUCT_DEFINITION_CONTEXT('part definition',#2,'design');
#10356 = ADVANCED_BREP_SHAPE_REPRESENTATION('',(#11,#10357),#10687);
#10357 = MANIFOLD_SOLID_BREP('',#10358);
#10358 = CLOSED_SHELL('',(#10359,#10479,#10579,#10626,#10673,#10680));
#10359 = ADVANCED_FACE('',(#10360),#10374,.F.);
#10360 = FACE_BOUND('',#10361,.F.);
#10361 = EDGE_LOOP('',(#10362,#10397,#10425,#10453));
#10362 = ORIENTED_EDGE('',*,*,#10363,.F.);
#10363 = EDGE_CURVE('',#10364,#10366,#10368,.T.);
#10364 = VERTEX_POINT('',#10365);
#10365 = CARTESIAN_POINT('',(-362.,255.,320.));
#10366 = VERTEX_POINT('',#10367);
#10367 = CARTESIAN_POINT('',(-362.,255.,325.));
#10368 = SURFACE_CURVE('',#10369,(#10373,#10385),.PCURVE_S1.);
#10369 = LINE('',#10370,#10371);
#10370 = CARTESIAN_POINT('',(-362.,255.,320.));
#10371 = VECTOR('',#10372,1.);
#10372 = DIRECTION('',(0.,0.,1.));
#10373 = PCURVE('',#10374,#10379);
#10374 = PLANE('',#10375);
#10375 = AXIS2_PLACEMENT_3D('',#10376,#10377,#10378);
#10376 = CARTESIAN_POINT('',(-362.,255.,320.));
#10377 = DIRECTION('',(1.,0.,0.));
#10378 = DIRECTION('',(0.,0.,1.));
#10379 = DEFINITIONAL_REPRESENTATION('',(#10380),#10384);
#10380 = LINE('',#10381,#10382);
#10381 = CARTESIAN_POINT('',(0.,0.));
#10382 = VECTOR('',#10383,1.);
#10383 = DIRECTION('',(1.,0.));
#10384 = ( GEOMETRIC_REPRESENTATION_CONTEXT(2) 
PARAMETRIC_REPRESENTATION_CONTEXT() REPRESENTATION_CONTEXT('2D SPACE',''
  ) );
#10385 = PCURVE('',#10386,#10391);
#10386 = PLANE('',#10387);
#10387 = AXIS2_PLACEMENT_3D('',#10388,#10389,#10390);
#10388 = CARTESIAN_POINT('',(-362.,255.,320.));
#10389 = DIRECTION('',(0.,1.,0.));
#10390 = DIRECTION('',(0.,0.,1.));
#10391 = DEFINITIONAL_REPRESENTATION('',(#10392),#10396);
#10392 = LINE('',#10393,#10394);
#10393 = CARTESIAN_POINT('',(0.,0.));
#10394 = VECTOR('',#10395,1.);
#10395 = DIRECTION('',(1.,0.));
#10396 = ( GEOMETRIC_REPRESENTATION_CONTEXT(2) 
PARAMETRIC_REPRESENTATION_CONTEXT() REPRESENTATION_CONTEXT('2D SPACE',''
  ) );
#10397 = ORIENTED_EDGE('',*,*,#10398,.T.);
#10398 = EDGE_CURVE('',#10364,#10399,#10401,.T.);
#10399 = VERTEX_POINT('',#10400);
#10400 = CARTESIAN_POINT('',(-362.,265.,320.));
#10401 = SURFACE_CURVE('',#10402,(#10406,#10413),.PCURVE_S1.);
#10402 = LINE('',#10403,#10404);
#10403 = CARTESIAN_POINT('',(-362.,255.,320.));
#10404 = VECTOR('',#10405,1.);
#10405 = DIRECTION('',(0.,1.,0.));
#10406 = PCURVE('',#10374,#10407);
#10407 = DEFINITIONAL_REPRESENTATION('',(#10408),#10412);
#10408 = LINE('',#10409,#10410);
#10409 = CARTESIAN_POINT('',(0.,0.));
#10410 = VECTOR('',#10411,1.);
#10411 = DIRECTION('',(0.,-1.));
#10412 = ( GEOMETRIC_REPRESENTATION_CONTEXT(2) 
PARAMETRIC_REPRESENTATION_CONTEXT() REPRESENTATION_CONTEXT('2D SPACE',''
  ) );
#10413 = PCURVE('',#10414,#10419);
#10414 = PLANE('',#10415);
#10415 = AXIS2_PLACEMENT_3D('',#10416,#10417,#10418);
#10416 = CARTESIAN_POINT('',(-362.,255.,320.));
#10417 = DIRECTION('',(0.,0.,1.));
#10418 = DIRECTION('',(1.,0.,0.));
#10419 = DEFINITIONAL_REPRESENTATION('',(#10420),#10424);
#10420 = LINE('',#10421,#10422);
#10421 = CARTESIAN_POINT('',(0.,0.));
#10422 = VECTOR('',#10423,1.);
#10423 = DIRECTION('',(0.,1.));
#10424 = ( GEOMETRIC_REPRESENTATION_CONTEXT(2) 
PARAMETRIC_REPRESENTATION_CONTEXT() REPRESENTATION_CONTEXT('2D SPACE',''
  ) );
#10425 = ORIENTED_EDGE('',*,*,#10426,.T.);
#10426 = EDGE_CURVE('',#10399,#10427,#10429,.T.);
#10427 = VERTEX_POINT('',#10428);
#10428 = CARTESIAN_POINT('',(-362.,265.,325.));
#10429 = SURFACE_CURVE('',#10430,(#10434,#10441),.PCURVE_S1.);
#10430 = LINE('',#10431,#10432);
#10431 = CARTESIAN_POINT('',(-362.,265.,320.));
#10432 = VECTOR('',#10433,1.);
#10433 = DIRECTION('',(0.,0.,1.));
#10434 = PCURVE('',#10374,#10435);
#10435 = DEFINITIONAL_REPRESENTATION('',(#10436),#10440);
#10436 = LINE('',#10437,#10438);
#10437 = CARTESIAN_POINT('',(0.,-10.));
#10438 = VECTOR('',#10439,1.);
#10439 = DIRECTION('',(1.,0.));
#10440 = ( GEOMETRIC_REPRESENTATION_CONTEXT(2) 
PARAMETRIC_REPRESENTATION_CONTEXT() REPRESENTATION_CONTEXT('2D SPACE',''
  ) );
#10441 = PCURVE('',#10442,#10447);
#10442 = PLANE('',#10443);
#10443 = AXIS2_PLACEMENT_3D('',#10444,#10445,#10446);
#10444 = CARTESIAN_POINT('',(-362.,265.,320.));
#10445 = DIRECTION('',(0.,1.,0.));
#10446 = DIRECTION('',(0.,0.,1.));
#10447 = DEFINITIONAL_REPRESENTATION('',(#10448),#10452);
#10448 = LINE('',#10449,#10450);
#10449 = CARTESIAN_POINT('',(0.,0.));
#10450 = VECTOR('',#10451,1.);
#10451 = DIRECTION('',(1.,0.));
#10452 = ( GEOMETRIC_REPRESENTATION_CONTEXT(2) 
PARAMETRIC_REPRESENTATION_CONTEXT() REPRESENTATION_CONTEXT('2D SPACE',''
  ) );
#10453 = ORIENTED_EDGE('',*,*,#10454,.F.);
#10454 = EDGE_CURVE('',#10366,#10427,#10455,.T.);
#10455 = SURFACE_CURVE('',#10456,(#10460,#10467),.PCURVE_S1.);
#10456 = LINE('',#10457,#10458);
#10457 = CARTESIAN_POINT('',(-362.,255.,325.));
#10458 = VECTOR('',#10459,1.);
#10459 = DIRECTION('',(0.,1.,0.));
#10460 = PCURVE('',#10374,#10461);
#10461 = DEFINITIONAL_REPRESENTATION('',(#10462),#10466);
#10462 = LINE('',#10463,#10464);
#10463 = CARTESIAN_POINT('',(5.,0.));
#10464 = VECTOR('',#10465,1.);
#10465 = DIRECTION('',(0.,-1.));
#10466 = ( GEOMETRIC_REPRESENTATION_CONTEXT(2) 
PARAMETRIC_REPRESENTATION_CONTEXT() REPRESENTATION_CONTEXT('2D SPACE',''
  ) );
#10467 = PCURVE('',#10468,#10473);
#10468 = PLANE('',#10469);
#10469 = AXIS2_PLACEMENT_3D('',#10470,#10471,#10472);
#10470 = CARTESIAN_POINT('',(-362.,255.,325.));
#10471 = DIRECTION('',(0.,0.,1.));
#10472 = DIRECTION('',(1.,0.,0.));
#10473 = DEFINITIONAL_REPRESENTATION('',(#10474),#10478);
#10474 = LINE('',#10475,#10476);
#10475 = CARTESIAN_POINT('',(0.,0.));
#10476 = VECTOR('',#10477,1.);
#10477 = DIRECTION('',(0.,1.));
#10478 = ( GEOMETRIC_REPRESENTATION_CONTEXT(2) 
PARAMETRIC_REPRESENTATION_CONTEXT() REPRESENTATION_CONTEXT('2D SPACE',''
  ) );
#10479 = ADVANCED_FACE('',(#10480),#10494,.T.);
#10480 = FACE_BOUND('',#10481,.T.);
#10481 = EDGE_LOOP('',(#10482,#10512,#10535,#10558));
#10482 = ORIENTED_EDGE('',*,*,#10483,.F.);
#10483 = EDGE_CURVE('',#10484,#10486,#10488,.T.);
#10484 = VERTEX_POINT('',#10485);
#10485 = CARTESIAN_POINT('',(-348.,255.,320.));
#10486 = VERTEX_POINT('',#10487);
#10487 = CARTESIAN_POINT('',(-348.,255.,325.));
#10488 = SURFACE_CURVE('',#10489,(#10493,#10505),.PCURVE_S1.);
#10489 = LINE('',#10490,#10491);
#10490 = CARTESIAN_POINT('',(-348.,255.,320.));
#10491 = VECTOR('',#10492,1.);
#10492 = DIRECTION('',(0.,0.,1.));
#10493 = PCURVE('',#10494,#10499);
#10494 = PLANE('',#10495);
#10495 = AXIS2_PLACEMENT_3D('',#10496,#10497,#10498);
#10496 = CARTESIAN_POINT('',(-348.,255.,320.));
#10497 = DIRECTION('',(1.,0.,0.));
#10498 = DIRECTION('',(0.,0.,1.));
#10499 = DEFINITIONAL_REPRESENTATION('',(#10500),#10504);
#10500 = LINE('',#10501,#10502);
#10501 = CARTESIAN_POINT('',(0.,0.));
#10502 = VECTOR('',#10503,1.);
#10503 = DIRECTION('',(1.,0.));
#10504 = ( GEOMETRIC_REPRESENTATION_CONTEXT(2) 
PARAMETRIC_REPRESENTATION_CONTEXT() REPRESENTATION_CONTEXT('2D SPACE',''
  ) );
#10505 = PCURVE('',#10386,#10506);
#10506 = DEFINITIONAL_REPRESENTATION('',(#10507),#10511);
#10507 = LINE('',#10508,#10509);
#10508 = CARTESIAN_POINT('',(0.,14.));
#10509 = VECTOR('',#10510,1.);
#10510 = DIRECTION('',(1.,0.));
#10511 = ( GEOMETRIC_REPRESENTATION_CONTEXT(2) 
PARAMETRIC_REPRESENTATION_CONTEXT() REPRESENTATION_CONTEXT('2D SPACE',''
  ) );
#10512 = ORIENTED_EDGE('',*,*,#10513,.T.);
#10513 = EDGE_CURVE('',#10484,#10514,#10516,.T.);
#10514 = VERTEX_POINT('',#10515);
#10515 = CARTESIAN_POINT('',(-348.,265.,320.));
#10516 = SURFACE_CURVE('',#10517,(#10521,#10528),.PCURVE_S1.);
#10517 = LINE('',#10518,#10519);
#10518 = CARTESIAN_POINT('',(-348.,255.,320.));
#10519 = VECTOR('',#10520,1.);
#10520 = DIRECTION('',(0.,1.,0.));
#10521 = PCURVE('',#10494,#10522);
#10522 = DEFINITIONAL_REPRESENTATION('',(#10523),#10527);
#10523 = LINE('',#10524,#10525);
#10524 = CARTESIAN_POINT('',(0.,0.));
#10525 = VECTOR('',#10526,1.);
#10526 = DIRECTION('',(0.,-1.));
#10527 = ( GEOMETRIC_REPRESENTATION_CONTEXT(2) 
PARAMETRIC_REPRESENTATION_CONTEXT() REPRESENTATION_CONTEXT('2D SPACE',''
  ) );
#10528 = PCURVE('',#10414,#10529);
#10529 = DEFINITIONAL_REPRESENTATION('',(#10530),#10534);
#10530 = LINE('',#10531,#10532);
#10531 = CARTESIAN_POINT('',(14.,0.));
#10532 = VECTOR('',#10533,1.);
#10533 = DIRECTION('',(0.,1.));
#10534 = ( GEOMETRIC_REPRESENTATION_CONTEXT(2) 
PARAMETRIC_REPRESENTATION_CONTEXT() REPRESENTATION_CONTEXT('2D SPACE',''
  ) );
#10535 = ORIENTED_EDGE('',*,*,#10536,.T.);
#10536 = EDGE_CURVE('',#10514,#10537,#10539,.T.);
#10537 = VERTEX_POINT('',#10538);
#10538 = CARTESIAN_POINT('',(-348.,265.,325.));
#10539 = SURFACE_CURVE('',#10540,(#10544,#10551),.PCURVE_S1.);
#10540 = LINE('',#10541,#10542);
#10541 = CARTESIAN_POINT('',(-348.,265.,320.));
#10542 = VECTOR('',#10543,1.);
#10543 = DIRECTION('',(0.,0.,1.));
#10544 = PCURVE('',#10494,#10545);
#10545 = DEFINITIONAL_REPRESENTATION('',(#10546),#10550);
#10546 = LINE('',#10547,#10548);
#10547 = CARTESIAN_POINT('',(0.,-10.));
#10548 = VECTOR('',#10549,1.);
#10549 = DIRECTION('',(1.,0.));
#10550 = ( GEOMETRIC_REPRESENTATION_CONTEXT(2) 
PARAMETRIC_REPRESENTATION_CONTEXT() REPRESENTATION_CONTEXT('2D SPACE',''
  ) );
#10551 = PCURVE('',#10442,#10552);
#10552 = DEFINITIONAL_REPRESENTATION('',(#10553),#10557);
#10553 = LINE('',#10554,#10555);
#10554 = CARTESIAN_POINT('',(0.,14.));
#10555 = VECTOR('',#10556,1.);
#10556 = DIRECTION('',(1.,0.));
#10557 = ( GEOMETRIC_REPRESENTATION_CONTEXT(2) 
PARAMETRIC_REPRESENTATION_CONTEXT() REPRESENTATION_CONTEXT('2D SPACE',''
  ) );
#10558 = ORIENTED_EDGE('',*,*,#10559,.F.);
#10559 = EDGE_CURVE('',#10486,#10537,#10560,.T.);
#10560 = SURFACE_CURVE('',#10561,(#10565,#10572),.PCURVE_S1.);
#10561 = LINE('',#10562,#10563);
#10562 = CARTESIAN_POINT('',(-348.,255.,325.));
#10563 = VECTOR('',#10564,1.);
#10564 = DIRECTION('',(0.,1.,0.));
#10565 = PCURVE('',#10494,#10566);
#10566 = DEFINITIONAL_REPRESENTATION('',(#10567),#10571);
#10567 = LINE('',#10568,#10569);
#10568 = CARTESIAN_POINT('',(5.,0.));
#10569 = VECTOR('',#10570,1.);
#10570 = DIRECTION('',(0.,-1.));
#10571 = ( GEOMETRIC_REPRESENTATION_CONTEXT(2) 
PARAMETRIC_REPRESENTATION_CONTEXT() REPRESENTATION_CONTEXT('2D SPACE',''
  ) );
#10572 = PCURVE('',#10468,#10573);
#10573 = DEFINITIONAL_REPRESENTATION('',(#10574),#10578);
#10574 = LINE('',#10575,#10576);
#10575 = CARTESIAN_POINT('',(14.,0.));
#10576 = VECTOR('',#10577,1.);
#10577 = DIRECTION('',(0.,1.));
#10578 = ( GEOMETRIC_REPRESENTATION_CONTEXT(2) 
PARAMETRIC_REPRESENTATION_CONTEXT() REPRESENTATION_CONTEXT('2D SPACE',''
  ) );
#10579 = ADVANCED_FACE('',(#10580),#10386,.F.);
#10580 = FACE_BOUND('',#10581,.F.);
#10581 = EDGE_LOOP('',(#10582,#10603,#10604,#10625));
#10582 = ORIENTED_EDGE('',*,*,#10583,.F.);
#10583 = EDGE_CURVE('',#10364,#10484,#10584,.T.);
#10584 = SURFACE_CURVE('',#10585,(#10589,#10596),.PCURVE_S1.);
#10585 = LINE('',#10586,#10587);
#10586 = CARTESIAN_POINT('',(-362.,255.,320.));
#10587 = VECTOR('',#10588,1.);
#10588 = DIRECTION('',(1.,0.,0.));
#10589 = PCURVE('',#10386,#10590);
#10590 = DEFINITIONAL_REPRESENTATION('',(#10591),#10595);
#10591 = LINE('',#10592,#10593);
#10592 = CARTESIAN_POINT('',(0.,0.));
#10593 = VECTOR('',#10594,1.);
#10594 = DIRECTION('',(0.,1.));
#10595 = ( GEOMETRIC_REPRESENTATION_CONTEXT(2) 
PARAMETRIC_REPRESENTATION_CONTEXT() REPRESENTATION_CONTEXT('2D SPACE',''
  ) );
#10596 = PCURVE('',#10414,#10597);
#10597 = DEFINITIONAL_REPRESENTATION('',(#10598),#10602);
#10598 = LINE('',#10599,#10600);
#10599 = CARTESIAN_POINT('',(0.,0.));
#10600 = VECTOR('',#10601,1.);
#10601 = DIRECTION('',(1.,0.));
#10602 = ( GEOMETRIC_REPRESENTATION_CONTEXT(2) 
PARAMETRIC_REPRESENTATION_CONTEXT() REPRESENTATION_CONTEXT('2D SPACE',''
  ) );
#10603 = ORIENTED_EDGE('',*,*,#10363,.T.);
#10604 = ORIENTED_EDGE('',*,*,#10605,.T.);
#10605 = EDGE_CURVE('',#10366,#10486,#10606,.T.);
#10606 = SURFACE_CURVE('',#10607,(#10611,#10618),.PCURVE_S1.);
#10607 = LINE('',#10608,#10609);
#10608 = CARTESIAN_POINT('',(-362.,255.,325.));
#10609 = VECTOR('',#10610,1.);
#10610 = DIRECTION('',(1.,0.,0.));
#10611 = PCURVE('',#10386,#10612);
#10612 = DEFINITIONAL_REPRESENTATION('',(#10613),#10617);
#10613 = LINE('',#10614,#10615);
#10614 = CARTESIAN_POINT('',(5.,0.));
#10615 = VECTOR('',#10616,1.);
#10616 = DIRECTION('',(0.,1.));
#10617 = ( GEOMETRIC_REPRESENTATION_CONTEXT(2) 
PARAMETRIC_REPRESENTATION_CONTEXT() REPRESENTATION_CONTEXT('2D SPACE',''
  ) );
#10618 = PCURVE('',#10468,#10619);
#10619 = DEFINITIONAL_REPRESENTATION('',(#10620),#10624);
#10620 = LINE('',#10621,#10622);
#10621 = CARTESIAN_POINT('',(0.,0.));
#10622 = VECTOR('',#10623,1.);
#10623 = DIRECTION('',(1.,0.));
#10624 = ( GEOMETRIC_REPRESENTATION_CONTEXT(2) 
PARAMETRIC_REPRESENTATION_CONTEXT() REPRESENTATION_CONTEXT('2D SPACE',''
  ) );
#10625 = ORIENTED_EDGE('',*,*,#10483,.F.);
#10626 = ADVANCED_FACE('',(#10627),#10442,.T.);
#10627 = FACE_BOUND('',#10628,.T.);
#10628 = EDGE_LOOP('',(#10629,#10650,#10651,#10672));
#10629 = ORIENTED_EDGE('',*,*,#10630,.F.);
#10630 = EDGE_CURVE('',#10399,#10514,#10631,.T.);
#10631 = SURFACE_CURVE('',#10632,(#10636,#10643),.PCURVE_S1.);
#10632 = LINE('',#10633,#10634);
#10633 = CARTESIAN_POINT('',(-362.,265.,320.));
#10634 = VECTOR('',#10635,1.);
#10635 = DIRECTION('',(1.,0.,0.));
#10636 = PCURVE('',#10442,#10637);
#10637 = DEFINITIONAL_REPRESENTATION('',(#10638),#10642);
#10638 = LINE('',#10639,#10640);
#10639 = CARTESIAN_POINT('',(0.,0.));
#10640 = VECTOR('',#10641,1.);
#10641 = DIRECTION('',(0.,1.));
#10642 = ( GEOMETRIC_REPRESENTATION_CONTEXT(2) 
PARAMETRIC_REPRESENTATION_CONTEXT() REPRESENTATION_CONTEXT('2D SPACE',''
  ) );
#10643 = PCURVE('',#10414,#10644);
#10644 = DEFINITIONAL_REPRESENTATION('',(#10645),#10649);
#10645 = LINE('',#10646,#10647);
#10646 = CARTESIAN_POINT('',(0.,10.));
#10647 = VECTOR('',#10648,1.);
#10648 = DIRECTION('',(1.,0.));
#10649 = ( GEOMETRIC_REPRESENTATION_CONTEXT(2) 
PARAMETRIC_REPRESENTATION_CONTEXT() REPRESENTATION_CONTEXT('2D SPACE',''
  ) );
#10650 = ORIENTED_EDGE('',*,*,#10426,.T.);
#10651 = ORIENTED_EDGE('',*,*,#10652,.T.);
#10652 = EDGE_CURVE('',#10427,#10537,#10653,.T.);
#10653 = SURFACE_CURVE('',#10654,(#10658,#10665),.PCURVE_S1.);
#10654 = LINE('',#10655,#10656);
#10655 = CARTESIAN_POINT('',(-362.,265.,325.));
#10656 = VECTOR('',#10657,1.);
#10657 = DIRECTION('',(1.,0.,0.));
#10658 = PCURVE('',#10442,#10659);
#10659 = DEFINITIONAL_REPRESENTATION('',(#10660),#10664);
#10660 = LINE('',#10661,#10662);
#10661 = CARTESIAN_POINT('',(5.,0.));
#10662 = VECTOR('',#10663,1.);
#10663 = DIRECTION('',(0.,1.));
#10664 = ( GEOMETRIC_REPRESENTATION_CONTEXT(2) 
PARAMETRIC_REPRESENTATION_CONTEXT() REPRESENTATION_CONTEXT('2D SPACE',''
  ) );
#10665 = PCURVE('',#10468,#10666);
#10666 = DEFINITIONAL_REPRESENTATION('',(#10667),#10671);
#10667 = LINE('',#10668,#10669);
#10668 = CARTESIAN_POINT('',(0.,10.));
#10669 = VECTOR('',#10670,1.);
#10670 = DIRECTION('',(1.,0.));
#10671 = ( GEOMETRIC_REPRESENTATION_CONTEXT(2) 
PARAMETRIC_REPRESENTATION_CONTEXT() REPRESENTATION_CONTEXT('2D SPACE',''
  ) );
#10672 = ORIENTED_EDGE('',*,*,#10536,.F.);
#10673 = ADVANCED_FACE('',(#10674),#10414,.F.);
#10674 = FACE_BOUND('',#10675,.F.);
#10675 = EDGE_LOOP('',(#10676,#10677,#10678,#10679));
#10676 = ORIENTED_EDGE('',*,*,#10398,.F.);
#10677 = ORIENTED_EDGE('',*,*,#10583,.T.);
#10678 = ORIENTED_EDGE('',*,*,#10513,.T.);
#10679 = ORIENTED_EDGE('',*,*,#10630,.F.);
#10680 = ADVANCED_FACE('',(#10681),#10468,.T.);
#10681 = FACE_BOUND('',#10682,.T.);
#10682 = EDGE_LOOP('',(#10683,#10684,#10685,#10686));
#10683 = ORIENTED_EDGE('',*,*,#10454,.F.);
#10684 = ORIENTED_EDGE('',*,*,#10605,.T.);
#10685 = ORIENTED_EDGE('',*,*,#10559,.T.);
#10686 = ORIENTED_EDGE('',*,*,#10652,.F.);
#10687 = ( GEOMETRIC_REPRESENTATION_CONTEXT(3) 
GLOBAL_UNCERTAINTY_ASSIGNED_CONTEXT((#10691)) 
GLOBAL_UNIT_ASSIGNED_CONTEXT((#10688,#10689,#10690)) 
REPRESENTATION_CONTEXT('Context #1',
  '3D Context with UNIT and UNCERTAINTY') );
#10688 = ( LENGTH_UNIT() NAMED_UNIT(*) SI_UNIT(.MILLI.,.METRE.) );
#10689 = ( NAMED_UNIT(*) PLANE_ANGLE_UNIT() SI_UNIT($,.RADIAN.) );
#10690 = ( NAMED_UNIT(*) SI_UNIT($,.STERADIAN.) SOLID_ANGLE_UNIT() );
#10691 = UNCERTAINTY_MEASURE_WITH_UNIT(LENGTH_MEASURE(1.E-07),#10688,
  'distance_accuracy_value','confusion accuracy');
#10692 = CONTEXT_DEPENDENT_SHAPE_REPRESENTATION(#10693,#10695);
#10693 = ( REPRESENTATION_RELATIONSHIP('','',#10356,#10) 
REPRESENTATION_RELATIONSHIP_WITH_TRANSFORMATION(#10694) 
SHAPE_REPRESENTATION_RELATIONSHIP() );
#10694 = ITEM_DEFINED_TRANSFORMATION('','',#11,#119);
#10695 = PRODUCT_DEFINITION_SHAPE('Placement','Placement of an item',
  #10696);
#10696 = NEXT_ASSEMBLY_USAGE_OCCURRENCE('3306','LATCH_2_1_tnut','',#5,
  #10351,$);
#10697 = PRODUCT_RELATED_PRODUCT_CATEGORY('part',$,(#10353));
#10698 = SHAPE_DEFINITION_REPRESENTATION(#10699,#10705);
#10699 = PRODUCT_DEFINITION_SHAPE('','',#10700);
#10700 = PRODUCT_DEFINITION('design','',#10701,#10704);
#10701 = PRODUCT_DEFINITION_FORMATION('','',#10702);
#10702 = PRODUCT('LATCH_2_2_screw','LATCH_2_2_screw','',(#10703));
#10703 = PRODUCT_CONTEXT('',#2,'mechanical');
#10704 = PRODUCT_DEFINITION_CONTEXT('part definition',#2,'design');
#10705 = SHAPE_REPRESENTATION('',(#11,#10706,#10804),#10902);
#10706 = MANIFOLD_SOLID_BREP('',#10707);
#10707 = CLOSED_SHELL('',(#10708,#10796,#10800));
#10708 = ADVANCED_FACE('',(#10709),#10723,.T.);
#10709 = FACE_BOUND('',#10710,.F.);
#10710 = EDGE_LOOP('',(#10711,#10741,#10768,#10769));
#10711 = ORIENTED_EDGE('',*,*,#10712,.T.);
#10712 = EDGE_CURVE('',#10713,#10715,#10717,.T.);
#10713 = VERTEX_POINT('',#10714);
#10714 = CARTESIAN_POINT('',(-302.,260.,325.));
#10715 = VERTEX_POINT('',#10716);
#10716 = CARTESIAN_POINT('',(-302.,260.,353.));
#10717 = SEAM_CURVE('',#10718,(#10722,#10734),.PCURVE_S1.);
#10718 = LINE('',#10719,#10720);
#10719 = CARTESIAN_POINT('',(-302.,260.,325.));
#10720 = VECTOR('',#10721,1.);
#10721 = DIRECTION('',(0.,0.,1.));
#10722 = PCURVE('',#10723,#10728);
#10723 = CYLINDRICAL_SURFACE('',#10724,3.);
#10724 = AXIS2_PLACEMENT_3D('',#10725,#10726,#10727);
#10725 = CARTESIAN_POINT('',(-305.,260.,325.));
#10726 = DIRECTION('',(-0.,-0.,-1.));
#10727 = DIRECTION('',(1.,0.,0.));
#10728 = DEFINITIONAL_REPRESENTATION('',(#10729),#10733);
#10729 = LINE('',#10730,#10731);
#10730 = CARTESIAN_POINT('',(-0.,0.));
#10731 = VECTOR('',#10732,1.);
#10732 = DIRECTION('',(-0.,-1.));
#10733 = ( GEOMETRIC_REPRESENTATION_CONTEXT(2) 
PARAMETRIC_REPRESENTATION_CONTEXT() REPRESENTATION_CONTEXT('2D SPACE',''
  ) );
#10734 = PCURVE('',#10723,#10735);
#10735 = DEFINITIONAL_REPRESENTATION('',(#10736),#10740);
#10736 = LINE('',#10737,#10738);
#10737 = CARTESIAN_POINT('',(-6.28318530718,0.));
#10738 = VECTOR('',#10739,1.);
#10739 = DIRECTION('',(-0.,-1.));
#10740 = ( GEOMETRIC_REPRESENTATION_CONTEXT(2) 
PARAMETRIC_REPRESENTATION_CONTEXT() REPRESENTATION_CONTEXT('2D SPACE',''
  ) );
#10741 = ORIENTED_EDGE('',*,*,#10742,.T.);
#10742 = EDGE_CURVE('',#10715,#10715,#10743,.T.);
#10743 = SURFACE_CURVE('',#10744,(#10749,#10756),.PCURVE_S1.);
#10744 = CIRCLE('',#10745,3.);
#10745 = AXIS2_PLACEMENT_3D('',#10746,#10747,#10748);
#10746 = CARTESIAN_POINT('',(-305.,260.,353.));
#10747 = DIRECTION('',(0.,0.,1.));
#10748 = DIRECTION('',(1.,0.,0.));
#10749 = PCURVE('',#10723,#10750);
#10750 = DEFINITIONAL_REPRESENTATION('',(#10751),#10755);
#10751 = LINE('',#10752,#10753);
#10752 = CARTESIAN_POINT('',(-0.,-28.));
#10753 = VECTOR('',#10754,1.);
#10754 = DIRECTION('',(-1.,0.));
#10755 = ( GEOMETRIC_REPRESENTATION_CONTEXT(2) 
PARAMETRIC_REPRESENTATION_CONTEXT() REPRESENTATION_CONTEXT('2D SPACE',''
  ) );
#10756 = PCURVE('',#10757,#10762);
#10757 = PLANE('',#10758);
#10758 = AXIS2_PLACEMENT_3D('',#10759,#10760,#10761);
#10759 = CARTESIAN_POINT('',(-305.,260.,353.));
#10760 = DIRECTION('',(0.,0.,1.));
#10761 = DIRECTION('',(1.,0.,-0.));
#10762 = DEFINITIONAL_REPRESENTATION('',(#10763),#10767);
#10763 = CIRCLE('',#10764,3.);
#10764 = AXIS2_PLACEMENT_2D('',#10765,#10766);
#10765 = CARTESIAN_POINT('',(0.,0.));
#10766 = DIRECTION('',(1.,0.));
#10767 = ( GEOMETRIC_REPRESENTATION_CONTEXT(2) 
PARAMETRIC_REPRESENTATION_CONTEXT() REPRESENTATION_CONTEXT('2D SPACE',''
  ) );
#10768 = ORIENTED_EDGE('',*,*,#10712,.F.);
#10769 = ORIENTED_EDGE('',*,*,#10770,.F.);
#10770 = EDGE_CURVE('',#10713,#10713,#10771,.T.);
#10771 = SURFACE_CURVE('',#10772,(#10777,#10784),.PCURVE_S1.);
#10772 = CIRCLE('',#10773,3.);
#10773 = AXIS2_PLACEMENT_3D('',#10774,#10775,#10776);
#10774 = CARTESIAN_POINT('',(-305.,260.,325.));
#10775 = DIRECTION('',(0.,0.,1.));
#10776 = DIRECTION('',(1.,0.,0.));
#10777 = PCURVE('',#10723,#10778);
#10778 = DEFINITIONAL_REPRESENTATION('',(#10779),#10783);
#10779 = LINE('',#10780,#10781);
#10780 = CARTESIAN_POINT('',(-0.,0.));
#10781 = VECTOR('',#10782,1.);
#10782 = DIRECTION('',(-1.,0.));
#10783 = ( GEOMETRIC_REPRESENTATION_CONTEXT(2) 
PARAMETRIC_REPRESENTATION_CONTEXT() REPRESENTATION_CONTEXT('2D SPACE',''
  ) );
#10784 = PCURVE('',#10785,#10790);
#10785 = PLANE('',#10786);
#10786 = AXIS2_PLACEMENT_3D('',#10787,#10788,#10789);
#10787 = CARTESIAN_POINT('',(-305.,260.,325.));
#10788 = DIRECTION('',(0.,0.,1.));
#10789 = DIRECTION('',(1.,0.,-0.));
#10790 = DEFINITIONAL_REPRESENTATION('',(#10791),#10795);
#10791 = CIRCLE('',#10792,3.);
#10792 = AXIS2_PLACEMENT_2D('',#10793,#10794);
#10793 = CARTESIAN_POINT('',(0.,0.));
#10794 = DIRECTION('',(1.,0.));
#10795 = ( GEOMETRIC_REPRESENTATION_CONTEXT(2) 
PARAMETRIC_REPRESENTATION_CONTEXT() REPRESENTATION_CONTEXT('2D SPACE',''
  ) );
#10796 = ADVANCED_FACE('',(#10797),#10785,.F.);
#10797 = FACE_BOUND('',#10798,.F.);
#10798 = EDGE_LOOP('',(#10799));
#10799 = ORIENTED_EDGE('',*,*,#10770,.T.);
#10800 = ADVANCED_FACE('',(#10801),#10757,.T.);
#10801 = FACE_BOUND('',#10802,.T.);
#10802 = EDGE_LOOP('',(#10803));
#10803 = ORIENTED_EDGE('',*,*,#10742,.T.);
#10804 = MANIFOLD_SOLID_BREP('',#10805);
#10805 = CLOSED_SHELL('',(#10806,#10894,#10898));
#10806 = ADVANCED_FACE('',(#10807),#10821,.T.);
#10807 = FACE_BOUND('',#10808,.F.);
#10808 = EDGE_LOOP('',(#10809,#10839,#10866,#10867));
#10809 = ORIENTED_EDGE('',*,*,#10810,.T.);
#10810 = EDGE_CURVE('',#10811,#10813,#10815,.T.);
#10811 = VERTEX_POINT('',#10812);
#10812 = CARTESIAN_POINT('',(-299.8,260.,349.));
#10813 = VERTEX_POINT('',#10814);
#10814 = CARTESIAN_POINT('',(-299.8,260.,353.));
#10815 = SEAM_CURVE('',#10816,(#10820,#10832),.PCURVE_S1.);
#10816 = LINE('',#10817,#10818);
#10817 = CARTESIAN_POINT('',(-299.8,260.,349.));
#10818 = VECTOR('',#10819,1.);
#10819 = DIRECTION('',(0.,0.,1.));
#10820 = PCURVE('',#10821,#10826);
#10821 = CYLINDRICAL_SURFACE('',#10822,5.2);
#10822 = AXIS2_PLACEMENT_3D('',#10823,#10824,#10825);
#10823 = CARTESIAN_POINT('',(-305.,260.,349.));
#10824 = DIRECTION('',(-0.,-0.,-1.));
#10825 = DIRECTION('',(1.,0.,0.));
#10826 = DEFINITIONAL_REPRESENTATION('',(#10827),#10831);
#10827 = LINE('',#10828,#10829);
#10828 = CARTESIAN_POINT('',(-0.,0.));
#10829 = VECTOR('',#10830,1.);
#10830 = DIRECTION('',(-0.,-1.));
#10831 = ( GEOMETRIC_REPRESENTATION_CONTEXT(2) 
PARAMETRIC_REPRESENTATION_CONTEXT() REPRESENTATION_CONTEXT('2D SPACE',''
  ) );
#10832 = PCURVE('',#10821,#10833);
#10833 = DEFINITIONAL_REPRESENTATION('',(#10834),#10838);
#10834 = LINE('',#10835,#10836);
#10835 = CARTESIAN_POINT('',(-6.28318530718,0.));
#10836 = VECTOR('',#10837,1.);
#10837 = DIRECTION('',(-0.,-1.));
#10838 = ( GEOMETRIC_REPRESENTATION_CONTEXT(2) 
PARAMETRIC_REPRESENTATION_CONTEXT() REPRESENTATION_CONTEXT('2D SPACE',''
  ) );
#10839 = ORIENTED_EDGE('',*,*,#10840,.T.);
#10840 = EDGE_CURVE('',#10813,#10813,#10841,.T.);
#10841 = SURFACE_CURVE('',#10842,(#10847,#10854),.PCURVE_S1.);
#10842 = CIRCLE('',#10843,5.2);
#10843 = AXIS2_PLACEMENT_3D('',#10844,#10845,#10846);
#10844 = CARTESIAN_POINT('',(-305.,260.,353.));
#10845 = DIRECTION('',(0.,0.,1.));
#10846 = DIRECTION('',(1.,0.,0.));
#10847 = PCURVE('',#10821,#10848);
#10848 = DEFINITIONAL_REPRESENTATION('',(#10849),#10853);
#10849 = LINE('',#10850,#10851);
#10850 = CARTESIAN_POINT('',(-0.,-4.));
#10851 = VECTOR('',#10852,1.);
#10852 = DIRECTION('',(-1.,0.));
#10853 = ( GEOMETRIC_REPRESENTATION_CONTEXT(2) 
PARAMETRIC_REPRESENTATION_CONTEXT() REPRESENTATION_CONTEXT('2D SPACE',''
  ) );
#10854 = PCURVE('',#10855,#10860);
#10855 = PLANE('',#10856);
#10856 = AXIS2_PLACEMENT_3D('',#10857,#10858,#10859);
#10857 = CARTESIAN_POINT('',(-305.,260.,353.));
#10858 = DIRECTION('',(0.,0.,1.));
#10859 = DIRECTION('',(1.,0.,-0.));
#10860 = DEFINITIONAL_REPRESENTATION('',(#10861),#10865);
#10861 = CIRCLE('',#10862,5.2);
#10862 = AXIS2_PLACEMENT_2D('',#10863,#10864);
#10863 = CARTESIAN_POINT('',(0.,0.));
#10864 = DIRECTION('',(1.,0.));
#10865 = ( GEOMETRIC_REPRESENTATION_CONTEXT(2) 
PARAMETRIC_REPRESENTATION_CONTEXT() REPRESENTATION_CONTEXT('2D SPACE',''
  ) );
#10866 = ORIENTED_EDGE('',*,*,#10810,.F.);
#10867 = ORIENTED_EDGE('',*,*,#10868,.F.);
#10868 = EDGE_CURVE('',#10811,#10811,#10869,.T.);
#10869 = SURFACE_CURVE('',#10870,(#10875,#10882),.PCURVE_S1.);
#10870 = CIRCLE('',#10871,5.2);
#10871 = AXIS2_PLACEMENT_3D('',#10872,#10873,#10874);
#10872 = CARTESIAN_POINT('',(-305.,260.,349.));
#10873 = DIRECTION('',(0.,0.,1.));
#10874 = DIRECTION('',(1.,0.,0.));
#10875 = PCURVE('',#10821,#10876);
#10876 = DEFINITIONAL_REPRESENTATION('',(#10877),#10881);
#10877 = LINE('',#10878,#10879);
#10878 = CARTESIAN_POINT('',(-0.,0.));
#10879 = VECTOR('',#10880,1.);
#10880 = DIRECTION('',(-1.,0.));
#10881 = ( GEOMETRIC_REPRESENTATION_CONTEXT(2) 
PARAMETRIC_REPRESENTATION_CONTEXT() REPRESENTATION_CONTEXT('2D SPACE',''
  ) );
#10882 = PCURVE('',#10883,#10888);
#10883 = PLANE('',#10884);
#10884 = AXIS2_PLACEMENT_3D('',#10885,#10886,#10887);
#10885 = CARTESIAN_POINT('',(-305.,260.,349.));
#10886 = DIRECTION('',(0.,0.,1.));
#10887 = DIRECTION('',(1.,0.,-0.));
#10888 = DEFINITIONAL_REPRESENTATION('',(#10889),#10893);
#10889 = CIRCLE('',#10890,5.2);
#10890 = AXIS2_PLACEMENT_2D('',#10891,#10892);
#10891 = CARTESIAN_POINT('',(0.,0.));
#10892 = DIRECTION('',(1.,0.));
#10893 = ( GEOMETRIC_REPRESENTATION_CONTEXT(2) 
PARAMETRIC_REPRESENTATION_CONTEXT() REPRESENTATION_CONTEXT('2D SPACE',''
  ) );
#10894 = ADVANCED_FACE('',(#10895),#10883,.F.);
#10895 = FACE_BOUND('',#10896,.F.);
#10896 = EDGE_LOOP('',(#10897));
#10897 = ORIENTED_EDGE('',*,*,#10868,.T.);
#10898 = ADVANCED_FACE('',(#10899),#10855,.T.);
#10899 = FACE_BOUND('',#10900,.T.);
#10900 = EDGE_LOOP('',(#10901));
#10901 = ORIENTED_EDGE('',*,*,#10840,.T.);
#10902 = ( GEOMETRIC_REPRESENTATION_CONTEXT(3) 
GLOBAL_UNCERTAINTY_ASSIGNED_CONTEXT((#10906)) 
GLOBAL_UNIT_ASSIGNED_CONTEXT((#10903,#10904,#10905)) 
REPRESENTATION_CONTEXT('Context #1',
  '3D Context with UNIT and UNCERTAINTY') );
#10903 = ( LENGTH_UNIT() NAMED_UNIT(*) SI_UNIT(.MILLI.,.METRE.) );
#10904 = ( NAMED_UNIT(*) PLANE_ANGLE_UNIT() SI_UNIT($,.RADIAN.) );
#10905 = ( NAMED_UNIT(*) SI_UNIT($,.STERADIAN.) SOLID_ANGLE_UNIT() );
#10906 = UNCERTAINTY_MEASURE_WITH_UNIT(LENGTH_MEASURE(1.E-07),#10903,
  'distance_accuracy_value','confusion accuracy');
#10907 = CONTEXT_DEPENDENT_SHAPE_REPRESENTATION(#10908,#10910);
#10908 = ( REPRESENTATION_RELATIONSHIP('','',#10705,#10) 
REPRESENTATION_RELATIONSHIP_WITH_TRANSFORMATION(#10909) 
SHAPE_REPRESENTATION_RELATIONSHIP() );
#10909 = ITEM_DEFINED_TRANSFORMATION('','',#11,#123);
#10910 = PRODUCT_DEFINITION_SHAPE('Placement','Placement of an item',
  #10911);
#10911 = NEXT_ASSEMBLY_USAGE_OCCURRENCE('3307','LATCH_2_2_screw','',#5,
  #10700,$);
#10912 = PRODUCT_RELATED_PRODUCT_CATEGORY('part',$,(#10702));
#10913 = SHAPE_DEFINITION_REPRESENTATION(#10914,#10920);
#10914 = PRODUCT_DEFINITION_SHAPE('','',#10915);
#10915 = PRODUCT_DEFINITION('design','',#10916,#10919);
#10916 = PRODUCT_DEFINITION_FORMATION('','',#10917);
#10917 = PRODUCT('LATCH_2_2_washer','LATCH_2_2_washer','',(#10918));
#10918 = PRODUCT_CONTEXT('',#2,'mechanical');
#10919 = PRODUCT_DEFINITION_CONTEXT('part definition',#2,'design');
#10920 = ADVANCED_BREP_SHAPE_REPRESENTATION('',(#11,#10921),#11111);
#10921 = MANIFOLD_SOLID_BREP('',#10922);
#10922 = CLOSED_SHELL('',(#10923,#11011,#11050,#11084));
#10923 = ADVANCED_FACE('',(#10924),#10938,.T.);
#10924 = FACE_BOUND('',#10925,.F.);
#10925 = EDGE_LOOP('',(#10926,#10956,#10983,#10984));
#10926 = ORIENTED_EDGE('',*,*,#10927,.T.);
#10927 = EDGE_CURVE('',#10928,#10930,#10932,.T.);
#10928 = VERTEX_POINT('',#10929);
#10929 = CARTESIAN_POINT('',(-299.,260.,348.));
#10930 = VERTEX_POINT('',#10931);
#10931 = CARTESIAN_POINT('',(-299.,260.,349.));
#10932 = SEAM_CURVE('',#10933,(#10937,#10949),.PCURVE_S1.);
#10933 = LINE('',#10934,#10935);
#10934 = CARTESIAN_POINT('',(-299.,260.,348.));
#10935 = VECTOR('',#10936,1.);
#10936 = DIRECTION('',(0.,0.,1.));
#10937 = PCURVE('',#10938,#10943);
#10938 = CYLINDRICAL_SURFACE('',#10939,6.);
#10939 = AXIS2_PLACEMENT_3D('',#10940,#10941,#10942);
#10940 = CARTESIAN_POINT('',(-305.,260.,348.));
#10941 = DIRECTION('',(-0.,-0.,-1.));
#10942 = DIRECTION('',(1.,0.,0.));
#10943 = DEFINITIONAL_REPRESENTATION('',(#10944),#10948);
#10944 = LINE('',#10945,#10946);
#10945 = CARTESIAN_POINT('',(-0.,0.));
#10946 = VECTOR('',#10947,1.);
#10947 = DIRECTION('',(-0.,-1.));
#10948 = ( GEOMETRIC_REPRESENTATION_CONTEXT(2) 
PARAMETRIC_REPRESENTATION_CONTEXT() REPRESENTATION_CONTEXT('2D SPACE',''
  ) );
#10949 = PCURVE('',#10938,#10950);
#10950 = DEFINITIONAL_REPRESENTATION('',(#10951),#10955);
#10951 = LINE('',#10952,#10953);
#10952 = CARTESIAN_POINT('',(-6.28318530718,0.));
#10953 = VECTOR('',#10954,1.);
#10954 = DIRECTION('',(-0.,-1.));
#10955 = ( GEOMETRIC_REPRESENTATION_CONTEXT(2) 
PARAMETRIC_REPRESENTATION_CONTEXT() REPRESENTATION_CONTEXT('2D SPACE',''
  ) );
#10956 = ORIENTED_EDGE('',*,*,#10957,.T.);
#10957 = EDGE_CURVE('',#10930,#10930,#10958,.T.);
#10958 = SURFACE_CURVE('',#10959,(#10964,#10971),.PCURVE_S1.);
#10959 = CIRCLE('',#10960,6.);
#10960 = AXIS2_PLACEMENT_3D('',#10961,#10962,#10963);
#10961 = CARTESIAN_POINT('',(-305.,260.,349.));
#10962 = DIRECTION('',(0.,0.,1.));
#10963 = DIRECTION('',(1.,0.,0.));
#10964 = PCURVE('',#10938,#10965);
#10965 = DEFINITIONAL_REPRESENTATION('',(#10966),#10970);
#10966 = LINE('',#10967,#10968);
#10967 = CARTESIAN_POINT('',(-0.,-1.));
#10968 = VECTOR('',#10969,1.);
#10969 = DIRECTION('',(-1.,0.));
#10970 = ( GEOMETRIC_REPRESENTATION_CONTEXT(2) 
PARAMETRIC_REPRESENTATION_CONTEXT() REPRESENTATION_CONTEXT('2D SPACE',''
  ) );
#10971 = PCURVE('',#10972,#10977);
#10972 = PLANE('',#10973);
#10973 = AXIS2_PLACEMENT_3D('',#10974,#10975,#10976);
#10974 = CARTESIAN_POINT('',(-305.,260.,349.));
#10975 = DIRECTION('',(0.,0.,1.));
#10976 = DIRECTION('',(1.,0.,-0.));
#10977 = DEFINITIONAL_REPRESENTATION('',(#10978),#10982);
#10978 = CIRCLE('',#10979,6.);
#10979 = AXIS2_PLACEMENT_2D('',#10980,#10981);
#10980 = CARTESIAN_POINT('',(0.,0.));
#10981 = DIRECTION('',(1.,0.));
#10982 = ( GEOMETRIC_REPRESENTATION_CONTEXT(2) 
PARAMETRIC_REPRESENTATION_CONTEXT() REPRESENTATION_CONTEXT('2D SPACE',''
  ) );
#10983 = ORIENTED_EDGE('',*,*,#10927,.F.);
#10984 = ORIENTED_EDGE('',*,*,#10985,.F.);
#10985 = EDGE_CURVE('',#10928,#10928,#10986,.T.);
#10986 = SURFACE_CURVE('',#10987,(#10992,#10999),.PCURVE_S1.);
#10987 = CIRCLE('',#10988,6.);
#10988 = AXIS2_PLACEMENT_3D('',#10989,#10990,#10991);
#10989 = CARTESIAN_POINT('',(-305.,260.,348.));
#10990 = DIRECTION('',(0.,0.,1.));
#10991 = DIRECTION('',(1.,0.,0.));
#10992 = PCURVE('',#10938,#10993);
#10993 = DEFINITIONAL_REPRESENTATION('',(#10994),#10998);
#10994 = LINE('',#10995,#10996);
#10995 = CARTESIAN_POINT('',(-0.,0.));
#10996 = VECTOR('',#10997,1.);
#10997 = DIRECTION('',(-1.,0.));
#10998 = ( GEOMETRIC_REPRESENTATION_CONTEXT(2) 
PARAMETRIC_REPRESENTATION_CONTEXT() REPRESENTATION_CONTEXT('2D SPACE',''
  ) );
#10999 = PCURVE('',#11000,#11005);
#11000 = PLANE('',#11001);
#11001 = AXIS2_PLACEMENT_3D('',#11002,#11003,#11004);
#11002 = CARTESIAN_POINT('',(-305.,260.,348.));
#11003 = DIRECTION('',(0.,0.,1.));
#11004 = DIRECTION('',(1.,0.,-0.));
#11005 = DEFINITIONAL_REPRESENTATION('',(#11006),#11010);
#11006 = CIRCLE('',#11007,6.);
#11007 = AXIS2_PLACEMENT_2D('',#11008,#11009);
#11008 = CARTESIAN_POINT('',(0.,0.));
#11009 = DIRECTION('',(1.,0.));
#11010 = ( GEOMETRIC_REPRESENTATION_CONTEXT(2) 
PARAMETRIC_REPRESENTATION_CONTEXT() REPRESENTATION_CONTEXT('2D SPACE',''
  ) );
#11011 = ADVANCED_FACE('',(#11012,#11015),#11000,.F.);
#11012 = FACE_BOUND('',#11013,.F.);
#11013 = EDGE_LOOP('',(#11014));
#11014 = ORIENTED_EDGE('',*,*,#10985,.T.);
#11015 = FACE_BOUND('',#11016,.F.);
#11016 = EDGE_LOOP('',(#11017));
#11017 = ORIENTED_EDGE('',*,*,#11018,.T.);
#11018 = EDGE_CURVE('',#11019,#11019,#11021,.T.);
#11019 = VERTEX_POINT('',#11020);
#11020 = CARTESIAN_POINT('',(-301.7,260.,348.));
#11021 = SURFACE_CURVE('',#11022,(#11027,#11038),.PCURVE_S1.);
#11022 = CIRCLE('',#11023,3.3);
#11023 = AXIS2_PLACEMENT_3D('',#11024,#11025,#11026);
#11024 = CARTESIAN_POINT('',(-305.,260.,348.));
#11025 = DIRECTION('',(0.,0.,-1.));
#11026 = DIRECTION('',(1.,0.,0.));
#11027 = PCURVE('',#11000,#11028);
#11028 = DEFINITIONAL_REPRESENTATION('',(#11029),#11037);
#11029 = ( BOUNDED_CURVE() B_SPLINE_CURVE(2,(#11030,#11031,#11032,#11033
    ,#11034,#11035,#11036),.UNSPECIFIED.,.T.,.F.) 
B_SPLINE_CURVE_WITH_KNOTS((1,2,2,2,2,1),(-2.094395102393,0.,
    2.094395102393,4.188790204786,6.28318530718,8.377580409573),
.UNSPECIFIED.) CURVE() GEOMETRIC_REPRESENTATION_ITEM() 
RATIONAL_B_SPLINE_CURVE((1.,0.5,1.,0.5,1.,0.5,1.)) REPRESENTATION_ITEM(
  '') );
#11030 = CARTESIAN_POINT('',(3.3,0.));
#11031 = CARTESIAN_POINT('',(3.3,-5.715767664977));
#11032 = CARTESIAN_POINT('',(-1.65,-2.857883832489));
#11033 = CARTESIAN_POINT('',(-6.6,-8.082668874373E-16));
#11034 = CARTESIAN_POINT('',(-1.65,2.857883832489));
#11035 = CARTESIAN_POINT('',(3.3,5.715767664977));
#11036 = CARTESIAN_POINT('',(3.3,0.));
#11037 = ( GEOMETRIC_REPRESENTATION_CONTEXT(2) 
PARAMETRIC_REPRESENTATION_CONTEXT() REPRESENTATION_CONTEXT('2D SPACE',''
  ) );
#11038 = PCURVE('',#11039,#11044);
#11039 = CYLINDRICAL_SURFACE('',#11040,3.3);
#11040 = AXIS2_PLACEMENT_3D('',#11041,#11042,#11043);
#11041 = CARTESIAN_POINT('',(-305.,260.,347.));
#11042 = DIRECTION('',(-0.,-0.,-1.));
#11043 = DIRECTION('',(1.,0.,0.));
#11044 = DEFINITIONAL_REPRESENTATION('',(#11045),#11049);
#11045 = LINE('',#11046,#11047);
#11046 = CARTESIAN_POINT('',(-6.28318530718,-1.));
#11047 = VECTOR('',#11048,1.);
#11048 = DIRECTION('',(1.,-0.));
#11049 = ( GEOMETRIC_REPRESENTATION_CONTEXT(2) 
PARAMETRIC_REPRESENTATION_CONTEXT() REPRESENTATION_CONTEXT('2D SPACE',''
  ) );
#11050 = ADVANCED_FACE('',(#11051,#11054),#10972,.T.);
#11051 = FACE_BOUND('',#11052,.T.);
#11052 = EDGE_LOOP('',(#11053));
#11053 = ORIENTED_EDGE('',*,*,#10957,.T.);
#11054 = FACE_BOUND('',#11055,.T.);
#11055 = EDGE_LOOP('',(#11056));
#11056 = ORIENTED_EDGE('',*,*,#11057,.T.);
#11057 = EDGE_CURVE('',#11058,#11058,#11060,.T.);
#11058 = VERTEX_POINT('',#11059);
#11059 = CARTESIAN_POINT('',(-301.7,260.,349.));
#11060 = SURFACE_CURVE('',#11061,(#11066,#11077),.PCURVE_S1.);
#11061 = CIRCLE('',#11062,3.3);
#11062 = AXIS2_PLACEMENT_3D('',#11063,#11064,#11065);
#11063 = CARTESIAN_POINT('',(-305.,260.,349.));
#11064 = DIRECTION('',(0.,0.,-1.));
#11065 = DIRECTION('',(1.,0.,0.));
#11066 = PCURVE('',#10972,#11067);
#11067 = DEFINITIONAL_REPRESENTATION('',(#11068),#11076);
#11068 = ( BOUNDED_CURVE() B_SPLINE_CURVE(2,(#11069,#11070,#11071,#11072
    ,#11073,#11074,#11075),.UNSPECIFIED.,.T.,.F.) 
B_SPLINE_CURVE_WITH_KNOTS((1,2,2,2,2,1),(-2.094395102393,0.,
    2.094395102393,4.188790204786,6.28318530718,8.377580409573),
.UNSPECIFIED.) CURVE() GEOMETRIC_REPRESENTATION_ITEM() 
RATIONAL_B_SPLINE_CURVE((1.,0.5,1.,0.5,1.,0.5,1.)) REPRESENTATION_ITEM(
  '') );
#11069 = CARTESIAN_POINT('',(3.3,0.));
#11070 = CARTESIAN_POINT('',(3.3,-5.715767664977));
#11071 = CARTESIAN_POINT('',(-1.65,-2.857883832489));
#11072 = CARTESIAN_POINT('',(-6.6,-8.082668874373E-16));
#11073 = CARTESIAN_POINT('',(-1.65,2.857883832489));
#11074 = CARTESIAN_POINT('',(3.3,5.715767664977));
#11075 = CARTESIAN_POINT('',(3.3,0.));
#11076 = ( GEOMETRIC_REPRESENTATION_CONTEXT(2) 
PARAMETRIC_REPRESENTATION_CONTEXT() REPRESENTATION_CONTEXT('2D SPACE',''
  ) );
#11077 = PCURVE('',#11039,#11078);
#11078 = DEFINITIONAL_REPRESENTATION('',(#11079),#11083);
#11079 = LINE('',#11080,#11081);
#11080 = CARTESIAN_POINT('',(-6.28318530718,-2.));
#11081 = VECTOR('',#11082,1.);
#11082 = DIRECTION('',(1.,-0.));
#11083 = ( GEOMETRIC_REPRESENTATION_CONTEXT(2) 
PARAMETRIC_REPRESENTATION_CONTEXT() REPRESENTATION_CONTEXT('2D SPACE',''
  ) );
#11084 = ADVANCED_FACE('',(#11085),#11039,.F.);
#11085 = FACE_BOUND('',#11086,.T.);
#11086 = EDGE_LOOP('',(#11087,#11088,#11109,#11110));
#11087 = ORIENTED_EDGE('',*,*,#11018,.T.);
#11088 = ORIENTED_EDGE('',*,*,#11089,.T.);
#11089 = EDGE_CURVE('',#11019,#11058,#11090,.T.);
#11090 = SEAM_CURVE('',#11091,(#11095,#11102),.PCURVE_S1.);
#11091 = LINE('',#11092,#11093);
#11092 = CARTESIAN_POINT('',(-301.7,260.,347.));
#11093 = VECTOR('',#11094,1.);
#11094 = DIRECTION('',(0.,0.,1.));
#11095 = PCURVE('',#11039,#11096);
#11096 = DEFINITIONAL_REPRESENTATION('',(#11097),#11101);
#11097 = LINE('',#11098,#11099);
#11098 = CARTESIAN_POINT('',(-6.28318530718,0.));
#11099 = VECTOR('',#11100,1.);
#11100 = DIRECTION('',(-0.,-1.));
#11101 = ( GEOMETRIC_REPRESENTATION_CONTEXT(2) 
PARAMETRIC_REPRESENTATION_CONTEXT() REPRESENTATION_CONTEXT('2D SPACE',''
  ) );
#11102 = PCURVE('',#11039,#11103);
#11103 = DEFINITIONAL_REPRESENTATION('',(#11104),#11108);
#11104 = LINE('',#11105,#11106);
#11105 = CARTESIAN_POINT('',(-0.,0.));
#11106 = VECTOR('',#11107,1.);
#11107 = DIRECTION('',(-0.,-1.));
#11108 = ( GEOMETRIC_REPRESENTATION_CONTEXT(2) 
PARAMETRIC_REPRESENTATION_CONTEXT() REPRESENTATION_CONTEXT('2D SPACE',''
  ) );
#11109 = ORIENTED_EDGE('',*,*,#11057,.F.);
#11110 = ORIENTED_EDGE('',*,*,#11089,.F.);
#11111 = ( GEOMETRIC_REPRESENTATION_CONTEXT(3) 
GLOBAL_UNCERTAINTY_ASSIGNED_CONTEXT((#11115)) 
GLOBAL_UNIT_ASSIGNED_CONTEXT((#11112,#11113,#11114)) 
REPRESENTATION_CONTEXT('Context #1',
  '3D Context with UNIT and UNCERTAINTY') );
#11112 = ( LENGTH_UNIT() NAMED_UNIT(*) SI_UNIT(.MILLI.,.METRE.) );
#11113 = ( NAMED_UNIT(*) PLANE_ANGLE_UNIT() SI_UNIT($,.RADIAN.) );
#11114 = ( NAMED_UNIT(*) SI_UNIT($,.STERADIAN.) SOLID_ANGLE_UNIT() );
#11115 = UNCERTAINTY_MEASURE_WITH_UNIT(LENGTH_MEASURE(1.E-07),#11112,
  'distance_accuracy_value','confusion accuracy');
#11116 = CONTEXT_DEPENDENT_SHAPE_REPRESENTATION(#11117,#11119);
#11117 = ( REPRESENTATION_RELATIONSHIP('','',#10920,#10) 
REPRESENTATION_RELATIONSHIP_WITH_TRANSFORMATION(#11118) 
SHAPE_REPRESENTATION_RELATIONSHIP() );
#11118 = ITEM_DEFINED_TRANSFORMATION('','',#11,#127);
#11119 = PRODUCT_DEFINITION_SHAPE('Placement','Placement of an item',
  #11120);
#11120 = NEXT_ASSEMBLY_USAGE_OCCURRENCE('3308','LATCH_2_2_washer','',#5,
  #10915,$);
#11121 = PRODUCT_RELATED_PRODUCT_CATEGORY('part',$,(#10917));
#11122 = SHAPE_DEFINITION_REPRESENTATION(#11123,#11129);
#11123 = PRODUCT_DEFINITION_SHAPE('','',#11124);
#11124 = PRODUCT_DEFINITION('design','',#11125,#11128);
#11125 = PRODUCT_DEFINITION_FORMATION('','',#11126);
#11126 = PRODUCT('LATCH_2_2_tnut','LATCH_2_2_tnut','',(#11127));
#11127 = PRODUCT_CONTEXT('',#2,'mechanical');
#11128 = PRODUCT_DEFINITION_CONTEXT('part definition',#2,'design');
#11129 = ADVANCED_BREP_SHAPE_REPRESENTATION('',(#11,#11130),#11460);
#11130 = MANIFOLD_SOLID_BREP('',#11131);
#11131 = CLOSED_SHELL('',(#11132,#11252,#11352,#11399,#11446,#11453));
#11132 = ADVANCED_FACE('',(#11133),#11147,.F.);
#11133 = FACE_BOUND('',#11134,.F.);
#11134 = EDGE_LOOP('',(#11135,#11170,#11198,#11226));
#11135 = ORIENTED_EDGE('',*,*,#11136,.F.);
#11136 = EDGE_CURVE('',#11137,#11139,#11141,.T.);
#11137 = VERTEX_POINT('',#11138);
#11138 = CARTESIAN_POINT('',(-312.,255.,320.));
#11139 = VERTEX_POINT('',#11140);
#11140 = CARTESIAN_POINT('',(-312.,255.,325.));
#11141 = SURFACE_CURVE('',#11142,(#11146,#11158),.PCURVE_S1.);
#11142 = LINE('',#11143,#11144);
#11143 = CARTESIAN_POINT('',(-312.,255.,320.));
#11144 = VECTOR('',#11145,1.);
#11145 = DIRECTION('',(0.,0.,1.));
#11146 = PCURVE('',#11147,#11152);
#11147 = PLANE('',#11148);
#11148 = AXIS2_PLACEMENT_3D('',#11149,#11150,#11151);
#11149 = CARTESIAN_POINT('',(-312.,255.,320.));
#11150 = DIRECTION('',(1.,0.,0.));
#11151 = DIRECTION('',(0.,0.,1.));
#11152 = DEFINITIONAL_REPRESENTATION('',(#11153),#11157);
#11153 = LINE('',#11154,#11155);
#11154 = CARTESIAN_POINT('',(0.,0.));
#11155 = VECTOR('',#11156,1.);
#11156 = DIRECTION('',(1.,0.));
#11157 = ( GEOMETRIC_REPRESENTATION_CONTEXT(2) 
PARAMETRIC_REPRESENTATION_CONTEXT() REPRESENTATION_CONTEXT('2D SPACE',''
  ) );
#11158 = PCURVE('',#11159,#11164);
#11159 = PLANE('',#11160);
#11160 = AXIS2_PLACEMENT_3D('',#11161,#11162,#11163);
#11161 = CARTESIAN_POINT('',(-312.,255.,320.));
#11162 = DIRECTION('',(0.,1.,0.));
#11163 = DIRECTION('',(0.,0.,1.));
#11164 = DEFINITIONAL_REPRESENTATION('',(#11165),#11169);
#11165 = LINE('',#11166,#11167);
#11166 = CARTESIAN_POINT('',(0.,0.));
#11167 = VECTOR('',#11168,1.);
#11168 = DIRECTION('',(1.,0.));
#11169 = ( GEOMETRIC_REPRESENTATION_CONTEXT(2) 
PARAMETRIC_REPRESENTATION_CONTEXT() REPRESENTATION_CONTEXT('2D SPACE',''
  ) );
#11170 = ORIENTED_EDGE('',*,*,#11171,.T.);
#11171 = EDGE_CURVE('',#11137,#11172,#11174,.T.);
#11172 = VERTEX_POINT('',#11173);
#11173 = CARTESIAN_POINT('',(-312.,265.,320.));
#11174 = SURFACE_CURVE('',#11175,(#11179,#11186),.PCURVE_S1.);
#11175 = LINE('',#11176,#11177);
#11176 = CARTESIAN_POINT('',(-312.,255.,320.));
#11177 = VECTOR('',#11178,1.);
#11178 = DIRECTION('',(0.,1.,0.));
#11179 = PCURVE('',#11147,#11180);
#11180 = DEFINITIONAL_REPRESENTATION('',(#11181),#11185);
#11181 = LINE('',#11182,#11183);
#11182 = CARTESIAN_POINT('',(0.,0.));
#11183 = VECTOR('',#11184,1.);
#11184 = DIRECTION('',(0.,-1.));
#11185 = ( GEOMETRIC_REPRESENTATION_CONTEXT(2) 
PARAMETRIC_REPRESENTATION_CONTEXT() REPRESENTATION_CONTEXT('2D SPACE',''
  ) );
#11186 = PCURVE('',#11187,#11192);
#11187 = PLANE('',#11188);
#11188 = AXIS2_PLACEMENT_3D('',#11189,#11190,#11191);
#11189 = CARTESIAN_POINT('',(-312.,255.,320.));
#11190 = DIRECTION('',(0.,0.,1.));
#11191 = DIRECTION('',(1.,0.,0.));
#11192 = DEFINITIONAL_REPRESENTATION('',(#11193),#11197);
#11193 = LINE('',#11194,#11195);
#11194 = CARTESIAN_POINT('',(0.,0.));
#11195 = VECTOR('',#11196,1.);
#11196 = DIRECTION('',(0.,1.));
#11197 = ( GEOMETRIC_REPRESENTATION_CONTEXT(2) 
PARAMETRIC_REPRESENTATION_CONTEXT() REPRESENTATION_CONTEXT('2D SPACE',''
  ) );
#11198 = ORIENTED_EDGE('',*,*,#11199,.T.);
#11199 = EDGE_CURVE('',#11172,#11200,#11202,.T.);
#11200 = VERTEX_POINT('',#11201);
#11201 = CARTESIAN_POINT('',(-312.,265.,325.));
#11202 = SURFACE_CURVE('',#11203,(#11207,#11214),.PCURVE_S1.);
#11203 = LINE('',#11204,#11205);
#11204 = CARTESIAN_POINT('',(-312.,265.,320.));
#11205 = VECTOR('',#11206,1.);
#11206 = DIRECTION('',(0.,0.,1.));
#11207 = PCURVE('',#11147,#11208);
#11208 = DEFINITIONAL_REPRESENTATION('',(#11209),#11213);
#11209 = LINE('',#11210,#11211);
#11210 = CARTESIAN_POINT('',(0.,-10.));
#11211 = VECTOR('',#11212,1.);
#11212 = DIRECTION('',(1.,0.));
#11213 = ( GEOMETRIC_REPRESENTATION_CONTEXT(2) 
PARAMETRIC_REPRESENTATION_CONTEXT() REPRESENTATION_CONTEXT('2D SPACE',''
  ) );
#11214 = PCURVE('',#11215,#11220);
#11215 = PLANE('',#11216);
#11216 = AXIS2_PLACEMENT_3D('',#11217,#11218,#11219);
#11217 = CARTESIAN_POINT('',(-312.,265.,320.));
#11218 = DIRECTION('',(0.,1.,0.));
#11219 = DIRECTION('',(0.,0.,1.));
#11220 = DEFINITIONAL_REPRESENTATION('',(#11221),#11225);
#11221 = LINE('',#11222,#11223);
#11222 = CARTESIAN_POINT('',(0.,0.));
#11223 = VECTOR('',#11224,1.);
#11224 = DIRECTION('',(1.,0.));
#11225 = ( GEOMETRIC_REPRESENTATION_CONTEXT(2) 
PARAMETRIC_REPRESENTATION_CONTEXT() REPRESENTATION_CONTEXT('2D SPACE',''
  ) );
#11226 = ORIENTED_EDGE('',*,*,#11227,.F.);
#11227 = EDGE_CURVE('',#11139,#11200,#11228,.T.);
#11228 = SURFACE_CURVE('',#11229,(#11233,#11240),.PCURVE_S1.);
#11229 = LINE('',#11230,#11231);
#11230 = CARTESIAN_POINT('',(-312.,255.,325.));
#11231 = VECTOR('',#11232,1.);
#11232 = DIRECTION('',(0.,1.,0.));
#11233 = PCURVE('',#11147,#11234);
#11234 = DEFINITIONAL_REPRESENTATION('',(#11235),#11239);
#11235 = LINE('',#11236,#11237);
#11236 = CARTESIAN_POINT('',(5.,0.));
#11237 = VECTOR('',#11238,1.);
#11238 = DIRECTION('',(0.,-1.));
#11239 = ( GEOMETRIC_REPRESENTATION_CONTEXT(2) 
PARAMETRIC_REPRESENTATION_CONTEXT() REPRESENTATION_CONTEXT('2D SPACE',''
  ) );
#11240 = PCURVE('',#11241,#11246);
#11241 = PLANE('',#11242);
#11242 = AXIS2_PLACEMENT_3D('',#11243,#11244,#11245);
#11243 = CARTESIAN_POINT('',(-312.,255.,325.));
#11244 = DIRECTION('',(0.,0.,1.));
#11245 = DIRECTION('',(1.,0.,0.));
#11246 = DEFINITIONAL_REPRESENTATION('',(#11247),#11251);
#11247 = LINE('',#11248,#11249);
#11248 = CARTESIAN_POINT('',(0.,0.));
#11249 = VECTOR('',#11250,1.);
#11250 = DIRECTION('',(0.,1.));
#11251 = ( GEOMETRIC_REPRESENTATION_CONTEXT(2) 
PARAMETRIC_REPRESENTATION_CONTEXT() REPRESENTATION_CONTEXT('2D SPACE',''
  ) );
#11252 = ADVANCED_FACE('',(#11253),#11267,.T.);
#11253 = FACE_BOUND('',#11254,.T.);
#11254 = EDGE_LOOP('',(#11255,#11285,#11308,#11331));
#11255 = ORIENTED_EDGE('',*,*,#11256,.F.);
#11256 = EDGE_CURVE('',#11257,#11259,#11261,.T.);
#11257 = VERTEX_POINT('',#11258);
#11258 = CARTESIAN_POINT('',(-298.,255.,320.));
#11259 = VERTEX_POINT('',#11260);
#11260 = CARTESIAN_POINT('',(-298.,255.,325.));
#11261 = SURFACE_CURVE('',#11262,(#11266,#11278),.PCURVE_S1.);
#11262 = LINE('',#11263,#11264);
#11263 = CARTESIAN_POINT('',(-298.,255.,320.));
#11264 = VECTOR('',#11265,1.);
#11265 = DIRECTION('',(0.,0.,1.));
#11266 = PCURVE('',#11267,#11272);
#11267 = PLANE('',#11268);
#11268 = AXIS2_PLACEMENT_3D('',#11269,#11270,#11271);
#11269 = CARTESIAN_POINT('',(-298.,255.,320.));
#11270 = DIRECTION('',(1.,0.,0.));
#11271 = DIRECTION('',(0.,0.,1.));
#11272 = DEFINITIONAL_REPRESENTATION('',(#11273),#11277);
#11273 = LINE('',#11274,#11275);
#11274 = CARTESIAN_POINT('',(0.,0.));
#11275 = VECTOR('',#11276,1.);
#11276 = DIRECTION('',(1.,0.));
#11277 = ( GEOMETRIC_REPRESENTATION_CONTEXT(2) 
PARAMETRIC_REPRESENTATION_CONTEXT() REPRESENTATION_CONTEXT('2D SPACE',''
  ) );
#11278 = PCURVE('',#11159,#11279);
#11279 = DEFINITIONAL_REPRESENTATION('',(#11280),#11284);
#11280 = LINE('',#11281,#11282);
#11281 = CARTESIAN_POINT('',(0.,14.));
#11282 = VECTOR('',#11283,1.);
#11283 = DIRECTION('',(1.,0.));
#11284 = ( GEOMETRIC_REPRESENTATION_CONTEXT(2) 
PARAMETRIC_REPRESENTATION_CONTEXT() REPRESENTATION_CONTEXT('2D SPACE',''
  ) );
#11285 = ORIENTED_EDGE('',*,*,#11286,.T.);
#11286 = EDGE_CURVE('',#11257,#11287,#11289,.T.);
#11287 = VERTEX_POINT('',#11288);
#11288 = CARTESIAN_POINT('',(-298.,265.,320.));
#11289 = SURFACE_CURVE('',#11290,(#11294,#11301),.PCURVE_S1.);
#11290 = LINE('',#11291,#11292);
#11291 = CARTESIAN_POINT('',(-298.,255.,320.));
#11292 = VECTOR('',#11293,1.);
#11293 = DIRECTION('',(0.,1.,0.));
#11294 = PCURVE('',#11267,#11295);
#11295 = DEFINITIONAL_REPRESENTATION('',(#11296),#11300);
#11296 = LINE('',#11297,#11298);
#11297 = CARTESIAN_POINT('',(0.,0.));
#11298 = VECTOR('',#11299,1.);
#11299 = DIRECTION('',(0.,-1.));
#11300 = ( GEOMETRIC_REPRESENTATION_CONTEXT(2) 
PARAMETRIC_REPRESENTATION_CONTEXT() REPRESENTATION_CONTEXT('2D SPACE',''
  ) );
#11301 = PCURVE('',#11187,#11302);
#11302 = DEFINITIONAL_REPRESENTATION('',(#11303),#11307);
#11303 = LINE('',#11304,#11305);
#11304 = CARTESIAN_POINT('',(14.,0.));
#11305 = VECTOR('',#11306,1.);
#11306 = DIRECTION('',(0.,1.));
#11307 = ( GEOMETRIC_REPRESENTATION_CONTEXT(2) 
PARAMETRIC_REPRESENTATION_CONTEXT() REPRESENTATION_CONTEXT('2D SPACE',''
  ) );
#11308 = ORIENTED_EDGE('',*,*,#11309,.T.);
#11309 = EDGE_CURVE('',#11287,#11310,#11312,.T.);
#11310 = VERTEX_POINT('',#11311);
#11311 = CARTESIAN_POINT('',(-298.,265.,325.));
#11312 = SURFACE_CURVE('',#11313,(#11317,#11324),.PCURVE_S1.);
#11313 = LINE('',#11314,#11315);
#11314 = CARTESIAN_POINT('',(-298.,265.,320.));
#11315 = VECTOR('',#11316,1.);
#11316 = DIRECTION('',(0.,0.,1.));
#11317 = PCURVE('',#11267,#11318);
#11318 = DEFINITIONAL_REPRESENTATION('',(#11319),#11323);
#11319 = LINE('',#11320,#11321);
#11320 = CARTESIAN_POINT('',(0.,-10.));
#11321 = VECTOR('',#11322,1.);
#11322 = DIRECTION('',(1.,0.));
#11323 = ( GEOMETRIC_REPRESENTATION_CONTEXT(2) 
PARAMETRIC_REPRESENTATION_CONTEXT() REPRESENTATION_CONTEXT('2D SPACE',''
  ) );
#11324 = PCURVE('',#11215,#11325);
#11325 = DEFINITIONAL_REPRESENTATION('',(#11326),#11330);
#11326 = LINE('',#11327,#11328);
#11327 = CARTESIAN_POINT('',(0.,14.));
#11328 = VECTOR('',#11329,1.);
#11329 = DIRECTION('',(1.,0.));
#11330 = ( GEOMETRIC_REPRESENTATION_CONTEXT(2) 
PARAMETRIC_REPRESENTATION_CONTEXT() REPRESENTATION_CONTEXT('2D SPACE',''
  ) );
#11331 = ORIENTED_EDGE('',*,*,#11332,.F.);
#11332 = EDGE_CURVE('',#11259,#11310,#11333,.T.);
#11333 = SURFACE_CURVE('',#11334,(#11338,#11345),.PCURVE_S1.);
#11334 = LINE('',#11335,#11336);
#11335 = CARTESIAN_POINT('',(-298.,255.,325.));
#11336 = VECTOR('',#11337,1.);
#11337 = DIRECTION('',(0.,1.,0.));
#11338 = PCURVE('',#11267,#11339);
#11339 = DEFINITIONAL_REPRESENTATION('',(#11340),#11344);
#11340 = LINE('',#11341,#11342);
#11341 = CARTESIAN_POINT('',(5.,0.));
#11342 = VECTOR('',#11343,1.);
#11343 = DIRECTION('',(0.,-1.));
#11344 = ( GEOMETRIC_REPRESENTATION_CONTEXT(2) 
PARAMETRIC_REPRESENTATION_CONTEXT() REPRESENTATION_CONTEXT('2D SPACE',''
  ) );
#11345 = PCURVE('',#11241,#11346);
#11346 = DEFINITIONAL_REPRESENTATION('',(#11347),#11351);
#11347 = LINE('',#11348,#11349);
#11348 = CARTESIAN_POINT('',(14.,0.));
#11349 = VECTOR('',#11350,1.);
#11350 = DIRECTION('',(0.,1.));
#11351 = ( GEOMETRIC_REPRESENTATION_CONTEXT(2) 
PARAMETRIC_REPRESENTATION_CONTEXT() REPRESENTATION_CONTEXT('2D SPACE',''
  ) );
#11352 = ADVANCED_FACE('',(#11353),#11159,.F.);
#11353 = FACE_BOUND('',#11354,.F.);
#11354 = EDGE_LOOP('',(#11355,#11376,#11377,#11398));
#11355 = ORIENTED_EDGE('',*,*,#11356,.F.);
#11356 = EDGE_CURVE('',#11137,#11257,#11357,.T.);
#11357 = SURFACE_CURVE('',#11358,(#11362,#11369),.PCURVE_S1.);
#11358 = LINE('',#11359,#11360);
#11359 = CARTESIAN_POINT('',(-312.,255.,320.));
#11360 = VECTOR('',#11361,1.);
#11361 = DIRECTION('',(1.,0.,0.));
#11362 = PCURVE('',#11159,#11363);
#11363 = DEFINITIONAL_REPRESENTATION('',(#11364),#11368);
#11364 = LINE('',#11365,#11366);
#11365 = CARTESIAN_POINT('',(0.,0.));
#11366 = VECTOR('',#11367,1.);
#11367 = DIRECTION('',(0.,1.));
#11368 = ( GEOMETRIC_REPRESENTATION_CONTEXT(2) 
PARAMETRIC_REPRESENTATION_CONTEXT() REPRESENTATION_CONTEXT('2D SPACE',''
  ) );
#11369 = PCURVE('',#11187,#11370);
#11370 = DEFINITIONAL_REPRESENTATION('',(#11371),#11375);
#11371 = LINE('',#11372,#11373);
#11372 = CARTESIAN_POINT('',(0.,0.));
#11373 = VECTOR('',#11374,1.);
#11374 = DIRECTION('',(1.,0.));
#11375 = ( GEOMETRIC_REPRESENTATION_CONTEXT(2) 
PARAMETRIC_REPRESENTATION_CONTEXT() REPRESENTATION_CONTEXT('2D SPACE',''
  ) );
#11376 = ORIENTED_EDGE('',*,*,#11136,.T.);
#11377 = ORIENTED_EDGE('',*,*,#11378,.T.);
#11378 = EDGE_CURVE('',#11139,#11259,#11379,.T.);
#11379 = SURFACE_CURVE('',#11380,(#11384,#11391),.PCURVE_S1.);
#11380 = LINE('',#11381,#11382);
#11381 = CARTESIAN_POINT('',(-312.,255.,325.));
#11382 = VECTOR('',#11383,1.);
#11383 = DIRECTION('',(1.,0.,0.));
#11384 = PCURVE('',#11159,#11385);
#11385 = DEFINITIONAL_REPRESENTATION('',(#11386),#11390);
#11386 = LINE('',#11387,#11388);
#11387 = CARTESIAN_POINT('',(5.,0.));
#11388 = VECTOR('',#11389,1.);
#11389 = DIRECTION('',(0.,1.));
#11390 = ( GEOMETRIC_REPRESENTATION_CONTEXT(2) 
PARAMETRIC_REPRESENTATION_CONTEXT() REPRESENTATION_CONTEXT('2D SPACE',''
  ) );
#11391 = PCURVE('',#11241,#11392);
#11392 = DEFINITIONAL_REPRESENTATION('',(#11393),#11397);
#11393 = LINE('',#11394,#11395);
#11394 = CARTESIAN_POINT('',(0.,0.));
#11395 = VECTOR('',#11396,1.);
#11396 = DIRECTION('',(1.,0.));
#11397 = ( GEOMETRIC_REPRESENTATION_CONTEXT(2) 
PARAMETRIC_REPRESENTATION_CONTEXT() REPRESENTATION_CONTEXT('2D SPACE',''
  ) );
#11398 = ORIENTED_EDGE('',*,*,#11256,.F.);
#11399 = ADVANCED_FACE('',(#11400),#11215,.T.);
#11400 = FACE_BOUND('',#11401,.T.);
#11401 = EDGE_LOOP('',(#11402,#11423,#11424,#11445));
#11402 = ORIENTED_EDGE('',*,*,#11403,.F.);
#11403 = EDGE_CURVE('',#11172,#11287,#11404,.T.);
#11404 = SURFACE_CURVE('',#11405,(#11409,#11416),.PCURVE_S1.);
#11405 = LINE('',#11406,#11407);
#11406 = CARTESIAN_POINT('',(-312.,265.,320.));
#11407 = VECTOR('',#11408,1.);
#11408 = DIRECTION('',(1.,0.,0.));
#11409 = PCURVE('',#11215,#11410);
#11410 = DEFINITIONAL_REPRESENTATION('',(#11411),#11415);
#11411 = LINE('',#11412,#11413);
#11412 = CARTESIAN_POINT('',(0.,0.));
#11413 = VECTOR('',#11414,1.);
#11414 = DIRECTION('',(0.,1.));
#11415 = ( GEOMETRIC_REPRESENTATION_CONTEXT(2) 
PARAMETRIC_REPRESENTATION_CONTEXT() REPRESENTATION_CONTEXT('2D SPACE',''
  ) );
#11416 = PCURVE('',#11187,#11417);
#11417 = DEFINITIONAL_REPRESENTATION('',(#11418),#11422);
#11418 = LINE('',#11419,#11420);
#11419 = CARTESIAN_POINT('',(0.,10.));
#11420 = VECTOR('',#11421,1.);
#11421 = DIRECTION('',(1.,0.));
#11422 = ( GEOMETRIC_REPRESENTATION_CONTEXT(2) 
PARAMETRIC_REPRESENTATION_CONTEXT() REPRESENTATION_CONTEXT('2D SPACE',''
  ) );
#11423 = ORIENTED_EDGE('',*,*,#11199,.T.);
#11424 = ORIENTED_EDGE('',*,*,#11425,.T.);
#11425 = EDGE_CURVE('',#11200,#11310,#11426,.T.);
#11426 = SURFACE_CURVE('',#11427,(#11431,#11438),.PCURVE_S1.);
#11427 = LINE('',#11428,#11429);
#11428 = CARTESIAN_POINT('',(-312.,265.,325.));
#11429 = VECTOR('',#11430,1.);
#11430 = DIRECTION('',(1.,0.,0.));
#11431 = PCURVE('',#11215,#11432);
#11432 = DEFINITIONAL_REPRESENTATION('',(#11433),#11437);
#11433 = LINE('',#11434,#11435);
#11434 = CARTESIAN_POINT('',(5.,0.));
#11435 = VECTOR('',#11436,1.);
#11436 = DIRECTION('',(0.,1.));
#11437 = ( GEOMETRIC_REPRESENTATION_CONTEXT(2) 
PARAMETRIC_REPRESENTATION_CONTEXT() REPRESENTATION_CONTEXT('2D SPACE',''
  ) );
#11438 = PCURVE('',#11241,#11439);
#11439 = DEFINITIONAL_REPRESENTATION('',(#11440),#11444);
#11440 = LINE('',#11441,#11442);
#11441 = CARTESIAN_POINT('',(0.,10.));
#11442 = VECTOR('',#11443,1.);
#11443 = DIRECTION('',(1.,0.));
#11444 = ( GEOMETRIC_REPRESENTATION_CONTEXT(2) 
PARAMETRIC_REPRESENTATION_CONTEXT() REPRESENTATION_CONTEXT('2D SPACE',''
  ) );
#11445 = ORIENTED_EDGE('',*,*,#11309,.F.);
#11446 = ADVANCED_FACE('',(#11447),#11187,.F.);
#11447 = FACE_BOUND('',#11448,.F.);
#11448 = EDGE_LOOP('',(#11449,#11450,#11451,#11452));
#11449 = ORIENTED_EDGE('',*,*,#11171,.F.);
#11450 = ORIENTED_EDGE('',*,*,#11356,.T.);
#11451 = ORIENTED_EDGE('',*,*,#11286,.T.);
#11452 = ORIENTED_EDGE('',*,*,#11403,.F.);
#11453 = ADVANCED_FACE('',(#11454),#11241,.T.);
#11454 = FACE_BOUND('',#11455,.T.);
#11455 = EDGE_LOOP('',(#11456,#11457,#11458,#11459));
#11456 = ORIENTED_EDGE('',*,*,#11227,.F.);
#11457 = ORIENTED_EDGE('',*,*,#11378,.T.);
#11458 = ORIENTED_EDGE('',*,*,#11332,.T.);
#11459 = ORIENTED_EDGE('',*,*,#11425,.F.);
#11460 = ( GEOMETRIC_REPRESENTATION_CONTEXT(3) 
GLOBAL_UNCERTAINTY_ASSIGNED_CONTEXT((#11464)) 
GLOBAL_UNIT_ASSIGNED_CONTEXT((#11461,#11462,#11463)) 
REPRESENTATION_CONTEXT('Context #1',
  '3D Context with UNIT and UNCERTAINTY') );
#11461 = ( LENGTH_UNIT() NAMED_UNIT(*) SI_UNIT(.MILLI.,.METRE.) );
#11462 = ( NAMED_UNIT(*) PLANE_ANGLE_UNIT() SI_UNIT($,.RADIAN.) );
#11463 = ( NAMED_UNIT(*) SI_UNIT($,.STERADIAN.) SOLID_ANGLE_UNIT() );
#11464 = UNCERTAINTY_MEASURE_WITH_UNIT(LENGTH_MEASURE(1.E-07),#11461,
  'distance_accuracy_value','confusion accuracy');
#11465 = CONTEXT_DEPENDENT_SHAPE_REPRESENTATION(#11466,#11468);
#11466 = ( REPRESENTATION_RELATIONSHIP('','',#11129,#10) 
REPRESENTATION_RELATIONSHIP_WITH_TRANSFORMATION(#11467) 
SHAPE_REPRESENTATION_RELATIONSHIP() );
#11467 = ITEM_DEFINED_TRANSFORMATION('','',#11,#131);
#11468 = PRODUCT_DEFINITION_SHAPE('Placement','Placement of an item',
  #11469);
#11469 = NEXT_ASSEMBLY_USAGE_OCCURRENCE('3309','LATCH_2_2_tnut','',#5,
  #11124,$);
#11470 = PRODUCT_RELATED_PRODUCT_CATEGORY('part',$,(#11126));
#11471 = SHAPE_DEFINITION_REPRESENTATION(#11472,#11478);
#11472 = PRODUCT_DEFINITION_SHAPE('','',#11473);
#11473 = PRODUCT_DEFINITION('design','',#11474,#11477);
#11474 = PRODUCT_DEFINITION_FORMATION('','',#11475);
#11475 = PRODUCT('NVR-P11_latch_spreader_3','NVR-P11_latch_spreader_3',
  '',(#11476));
#11476 = PRODUCT_CONTEXT('',#2,'mechanical');
#11477 = PRODUCT_DEFINITION_CONTEXT('part definition',#2,'design');
#11478 = ADVANCED_BREP_SHAPE_REPRESENTATION('',(#11,#11479),#11809);
#11479 = MANIFOLD_SOLID_BREP('',#11480);
#11480 = CLOSED_SHELL('',(#11481,#11601,#11701,#11748,#11795,#11802));
#11481 = ADVANCED_FACE('',(#11482),#11496,.F.);
#11482 = FACE_BOUND('',#11483,.F.);
#11483 = EDGE_LOOP('',(#11484,#11519,#11547,#11575));
#11484 = ORIENTED_EDGE('',*,*,#11485,.F.);
#11485 = EDGE_CURVE('',#11486,#11488,#11490,.T.);
#11486 = VERTEX_POINT('',#11487);
#11487 = CARTESIAN_POINT('',(280.,-285.,300.));
#11488 = VERTEX_POINT('',#11489);
#11489 = CARTESIAN_POINT('',(280.,-285.,306.));
#11490 = SURFACE_CURVE('',#11491,(#11495,#11507),.PCURVE_S1.);
#11491 = LINE('',#11492,#11493);
#11492 = CARTESIAN_POINT('',(280.,-285.,300.));
#11493 = VECTOR('',#11494,1.);
#11494 = DIRECTION('',(0.,0.,1.));
#11495 = PCURVE('',#11496,#11501);
#11496 = PLANE('',#11497);
#11497 = AXIS2_PLACEMENT_3D('',#11498,#11499,#11500);
#11498 = CARTESIAN_POINT('',(280.,-285.,300.));
#11499 = DIRECTION('',(1.,0.,0.));
#11500 = DIRECTION('',(0.,0.,1.));
#11501 = DEFINITIONAL_REPRESENTATION('',(#11502),#11506);
#11502 = LINE('',#11503,#11504);
#11503 = CARTESIAN_POINT('',(0.,0.));
#11504 = VECTOR('',#11505,1.);
#11505 = DIRECTION('',(1.,0.));
#11506 = ( GEOMETRIC_REPRESENTATION_CONTEXT(2) 
PARAMETRIC_REPRESENTATION_CONTEXT() REPRESENTATION_CONTEXT('2D SPACE',''
  ) );
#11507 = PCURVE('',#11508,#11513);
#11508 = PLANE('',#11509);
#11509 = AXIS2_PLACEMENT_3D('',#11510,#11511,#11512);
#11510 = CARTESIAN_POINT('',(280.,-285.,300.));
#11511 = DIRECTION('',(0.,1.,0.));
#11512 = DIRECTION('',(0.,0.,1.));
#11513 = DEFINITIONAL_REPRESENTATION('',(#11514),#11518);
#11514 = LINE('',#11515,#11516);
#11515 = CARTESIAN_POINT('',(0.,0.));
#11516 = VECTOR('',#11517,1.);
#11517 = DIRECTION('',(1.,0.));
#11518 = ( GEOMETRIC_REPRESENTATION_CONTEXT(2) 
PARAMETRIC_REPRESENTATION_CONTEXT() REPRESENTATION_CONTEXT('2D SPACE',''
  ) );
#11519 = ORIENTED_EDGE('',*,*,#11520,.T.);
#11520 = EDGE_CURVE('',#11486,#11521,#11523,.T.);
#11521 = VERTEX_POINT('',#11522);
#11522 = CARTESIAN_POINT('',(280.,-235.,300.));
#11523 = SURFACE_CURVE('',#11524,(#11528,#11535),.PCURVE_S1.);
#11524 = LINE('',#11525,#11526);
#11525 = CARTESIAN_POINT('',(280.,-285.,300.));
#11526 = VECTOR('',#11527,1.);
#11527 = DIRECTION('',(0.,1.,0.));
#11528 = PCURVE('',#11496,#11529);
#11529 = DEFINITIONAL_REPRESENTATION('',(#11530),#11534);
#11530 = LINE('',#11531,#11532);
#11531 = CARTESIAN_POINT('',(0.,0.));
#11532 = VECTOR('',#11533,1.);
#11533 = DIRECTION('',(0.,-1.));
#11534 = ( GEOMETRIC_REPRESENTATION_CONTEXT(2) 
PARAMETRIC_REPRESENTATION_CONTEXT() REPRESENTATION_CONTEXT('2D SPACE',''
  ) );
#11535 = PCURVE('',#11536,#11541);
#11536 = PLANE('',#11537);
#11537 = AXIS2_PLACEMENT_3D('',#11538,#11539,#11540);
#11538 = CARTESIAN_POINT('',(280.,-285.,300.));
#11539 = DIRECTION('',(0.,0.,1.));
#11540 = DIRECTION('',(1.,0.,0.));
#11541 = DEFINITIONAL_REPRESENTATION('',(#11542),#11546);
#11542 = LINE('',#11543,#11544);
#11543 = CARTESIAN_POINT('',(0.,0.));
#11544 = VECTOR('',#11545,1.);
#11545 = DIRECTION('',(0.,1.));
#11546 = ( GEOMETRIC_REPRESENTATION_CONTEXT(2) 
PARAMETRIC_REPRESENTATION_CONTEXT() REPRESENTATION_CONTEXT('2D SPACE',''
  ) );
#11547 = ORIENTED_EDGE('',*,*,#11548,.T.);
#11548 = EDGE_CURVE('',#11521,#11549,#11551,.T.);
#11549 = VERTEX_POINT('',#11550);
#11550 = CARTESIAN_POINT('',(280.,-235.,306.));
#11551 = SURFACE_CURVE('',#11552,(#11556,#11563),.PCURVE_S1.);
#11552 = LINE('',#11553,#11554);
#11553 = CARTESIAN_POINT('',(280.,-235.,300.));
#11554 = VECTOR('',#11555,1.);
#11555 = DIRECTION('',(0.,0.,1.));
#11556 = PCURVE('',#11496,#11557);
#11557 = DEFINITIONAL_REPRESENTATION('',(#11558),#11562);
#11558 = LINE('',#11559,#11560);
#11559 = CARTESIAN_POINT('',(0.,-50.));
#11560 = VECTOR('',#11561,1.);
#11561 = DIRECTION('',(1.,0.));
#11562 = ( GEOMETRIC_REPRESENTATION_CONTEXT(2) 
PARAMETRIC_REPRESENTATION_CONTEXT() REPRESENTATION_CONTEXT('2D SPACE',''
  ) );
#11563 = PCURVE('',#11564,#11569);
#11564 = PLANE('',#11565);
#11565 = AXIS2_PLACEMENT_3D('',#11566,#11567,#11568);
#11566 = CARTESIAN_POINT('',(280.,-235.,300.));
#11567 = DIRECTION('',(0.,1.,0.));
#11568 = DIRECTION('',(0.,0.,1.));
#11569 = DEFINITIONAL_REPRESENTATION('',(#11570),#11574);
#11570 = LINE('',#11571,#11572);
#11571 = CARTESIAN_POINT('',(0.,0.));
#11572 = VECTOR('',#11573,1.);
#11573 = DIRECTION('',(1.,0.));
#11574 = ( GEOMETRIC_REPRESENTATION_CONTEXT(2) 
PARAMETRIC_REPRESENTATION_CONTEXT() REPRESENTATION_CONTEXT('2D SPACE',''
  ) );
#11575 = ORIENTED_EDGE('',*,*,#11576,.F.);
#11576 = EDGE_CURVE('',#11488,#11549,#11577,.T.);
#11577 = SURFACE_CURVE('',#11578,(#11582,#11589),.PCURVE_S1.);
#11578 = LINE('',#11579,#11580);
#11579 = CARTESIAN_POINT('',(280.,-285.,306.));
#11580 = VECTOR('',#11581,1.);
#11581 = DIRECTION('',(0.,1.,0.));
#11582 = PCURVE('',#11496,#11583);
#11583 = DEFINITIONAL_REPRESENTATION('',(#11584),#11588);
#11584 = LINE('',#11585,#11586);
#11585 = CARTESIAN_POINT('',(6.,0.));
#11586 = VECTOR('',#11587,1.);
#11587 = DIRECTION('',(0.,-1.));
#11588 = ( GEOMETRIC_REPRESENTATION_CONTEXT(2) 
PARAMETRIC_REPRESENTATION_CONTEXT() REPRESENTATION_CONTEXT('2D SPACE',''
  ) );
#11589 = PCURVE('',#11590,#11595);
#11590 = PLANE('',#11591);
#11591 = AXIS2_PLACEMENT_3D('',#11592,#11593,#11594);
#11592 = CARTESIAN_POINT('',(280.,-285.,306.));
#11593 = DIRECTION('',(0.,0.,1.));
#11594 = DIRECTION('',(1.,0.,0.));
#11595 = DEFINITIONAL_REPRESENTATION('',(#11596),#11600);
#11596 = LINE('',#11597,#11598);
#11597 = CARTESIAN_POINT('',(0.,0.));
#11598 = VECTOR('',#11599,1.);
#11599 = DIRECTION('',(0.,1.));
#11600 = ( GEOMETRIC_REPRESENTATION_CONTEXT(2) 
PARAMETRIC_REPRESENTATION_CONTEXT() REPRESENTATION_CONTEXT('2D SPACE',''
  ) );
#11601 = ADVANCED_FACE('',(#11602),#11616,.T.);
#11602 = FACE_BOUND('',#11603,.T.);
#11603 = EDGE_LOOP('',(#11604,#11634,#11657,#11680));
#11604 = ORIENTED_EDGE('',*,*,#11605,.F.);
#11605 = EDGE_CURVE('',#11606,#11608,#11610,.T.);
#11606 = VERTEX_POINT('',#11607);
#11607 = CARTESIAN_POINT('',(380.,-285.,300.));
#11608 = VERTEX_POINT('',#11609);
#11609 = CARTESIAN_POINT('',(380.,-285.,306.));
#11610 = SURFACE_CURVE('',#11611,(#11615,#11627),.PCURVE_S1.);
#11611 = LINE('',#11612,#11613);
#11612 = CARTESIAN_POINT('',(380.,-285.,300.));
#11613 = VECTOR('',#11614,1.);
#11614 = DIRECTION('',(0.,0.,1.));
#11615 = PCURVE('',#11616,#11621);
#11616 = PLANE('',#11617);
#11617 = AXIS2_PLACEMENT_3D('',#11618,#11619,#11620);
#11618 = CARTESIAN_POINT('',(380.,-285.,300.));
#11619 = DIRECTION('',(1.,0.,0.));
#11620 = DIRECTION('',(0.,0.,1.));
#11621 = DEFINITIONAL_REPRESENTATION('',(#11622),#11626);
#11622 = LINE('',#11623,#11624);
#11623 = CARTESIAN_POINT('',(0.,0.));
#11624 = VECTOR('',#11625,1.);
#11625 = DIRECTION('',(1.,0.));
#11626 = ( GEOMETRIC_REPRESENTATION_CONTEXT(2) 
PARAMETRIC_REPRESENTATION_CONTEXT() REPRESENTATION_CONTEXT('2D SPACE',''
  ) );
#11627 = PCURVE('',#11508,#11628);
#11628 = DEFINITIONAL_REPRESENTATION('',(#11629),#11633);
#11629 = LINE('',#11630,#11631);
#11630 = CARTESIAN_POINT('',(0.,100.));
#11631 = VECTOR('',#11632,1.);
#11632 = DIRECTION('',(1.,0.));
#11633 = ( GEOMETRIC_REPRESENTATION_CONTEXT(2) 
PARAMETRIC_REPRESENTATION_CONTEXT() REPRESENTATION_CONTEXT('2D SPACE',''
  ) );
#11634 = ORIENTED_EDGE('',*,*,#11635,.T.);
#11635 = EDGE_CURVE('',#11606,#11636,#11638,.T.);
#11636 = VERTEX_POINT('',#11637);
#11637 = CARTESIAN_POINT('',(380.,-235.,300.));
#11638 = SURFACE_CURVE('',#11639,(#11643,#11650),.PCURVE_S1.);
#11639 = LINE('',#11640,#11641);
#11640 = CARTESIAN_POINT('',(380.,-285.,300.));
#11641 = VECTOR('',#11642,1.);
#11642 = DIRECTION('',(0.,1.,0.));
#11643 = PCURVE('',#11616,#11644);
#11644 = DEFINITIONAL_REPRESENTATION('',(#11645),#11649);
#11645 = LINE('',#11646,#11647);
#11646 = CARTESIAN_POINT('',(0.,0.));
#11647 = VECTOR('',#11648,1.);
#11648 = DIRECTION('',(0.,-1.));
#11649 = ( GEOMETRIC_REPRESENTATION_CONTEXT(2) 
PARAMETRIC_REPRESENTATION_CONTEXT() REPRESENTATION_CONTEXT('2D SPACE',''
  ) );
#11650 = PCURVE('',#11536,#11651);
#11651 = DEFINITIONAL_REPRESENTATION('',(#11652),#11656);
#11652 = LINE('',#11653,#11654);
#11653 = CARTESIAN_POINT('',(100.,0.));
#11654 = VECTOR('',#11655,1.);
#11655 = DIRECTION('',(0.,1.));
#11656 = ( GEOMETRIC_REPRESENTATION_CONTEXT(2) 
PARAMETRIC_REPRESENTATION_CONTEXT() REPRESENTATION_CONTEXT('2D SPACE',''
  ) );
#11657 = ORIENTED_EDGE('',*,*,#11658,.T.);
#11658 = EDGE_CURVE('',#11636,#11659,#11661,.T.);
#11659 = VERTEX_POINT('',#11660);
#11660 = CARTESIAN_POINT('',(380.,-235.,306.));
#11661 = SURFACE_CURVE('',#11662,(#11666,#11673),.PCURVE_S1.);
#11662 = LINE('',#11663,#11664);
#11663 = CARTESIAN_POINT('',(380.,-235.,300.));
#11664 = VECTOR('',#11665,1.);
#11665 = DIRECTION('',(0.,0.,1.));
#11666 = PCURVE('',#11616,#11667);
#11667 = DEFINITIONAL_REPRESENTATION('',(#11668),#11672);
#11668 = LINE('',#11669,#11670);
#11669 = CARTESIAN_POINT('',(0.,-50.));
#11670 = VECTOR('',#11671,1.);
#11671 = DIRECTION('',(1.,0.));
#11672 = ( GEOMETRIC_REPRESENTATION_CONTEXT(2) 
PARAMETRIC_REPRESENTATION_CONTEXT() REPRESENTATION_CONTEXT('2D SPACE',''
  ) );
#11673 = PCURVE('',#11564,#11674);
#11674 = DEFINITIONAL_REPRESENTATION('',(#11675),#11679);
#11675 = LINE('',#11676,#11677);
#11676 = CARTESIAN_POINT('',(0.,100.));
#11677 = VECTOR('',#11678,1.);
#11678 = DIRECTION('',(1.,0.));
#11679 = ( GEOMETRIC_REPRESENTATION_CONTEXT(2) 
PARAMETRIC_REPRESENTATION_CONTEXT() REPRESENTATION_CONTEXT('2D SPACE',''
  ) );
#11680 = ORIENTED_EDGE('',*,*,#11681,.F.);
#11681 = EDGE_CURVE('',#11608,#11659,#11682,.T.);
#11682 = SURFACE_CURVE('',#11683,(#11687,#11694),.PCURVE_S1.);
#11683 = LINE('',#11684,#11685);
#11684 = CARTESIAN_POINT('',(380.,-285.,306.));
#11685 = VECTOR('',#11686,1.);
#11686 = DIRECTION('',(0.,1.,0.));
#11687 = PCURVE('',#11616,#11688);
#11688 = DEFINITIONAL_REPRESENTATION('',(#11689),#11693);
#11689 = LINE('',#11690,#11691);
#11690 = CARTESIAN_POINT('',(6.,0.));
#11691 = VECTOR('',#11692,1.);
#11692 = DIRECTION('',(0.,-1.));
#11693 = ( GEOMETRIC_REPRESENTATION_CONTEXT(2) 
PARAMETRIC_REPRESENTATION_CONTEXT() REPRESENTATION_CONTEXT('2D SPACE',''
  ) );
#11694 = PCURVE('',#11590,#11695);
#11695 = DEFINITIONAL_REPRESENTATION('',(#11696),#11700);
#11696 = LINE('',#11697,#11698);
#11697 = CARTESIAN_POINT('',(100.,0.));
#11698 = VECTOR('',#11699,1.);
#11699 = DIRECTION('',(0.,1.));
#11700 = ( GEOMETRIC_REPRESENTATION_CONTEXT(2) 
PARAMETRIC_REPRESENTATION_CONTEXT() REPRESENTATION_CONTEXT('2D SPACE',''
  ) );
#11701 = ADVANCED_FACE('',(#11702),#11508,.F.);
#11702 = FACE_BOUND('',#11703,.F.);
#11703 = EDGE_LOOP('',(#11704,#11725,#11726,#11747));
#11704 = ORIENTED_EDGE('',*,*,#11705,.F.);
#11705 = EDGE_CURVE('',#11486,#11606,#11706,.T.);
#11706 = SURFACE_CURVE('',#11707,(#11711,#11718),.PCURVE_S1.);
#11707 = LINE('',#11708,#11709);
#11708 = CARTESIAN_POINT('',(280.,-285.,300.));
#11709 = VECTOR('',#11710,1.);
#11710 = DIRECTION('',(1.,0.,0.));
#11711 = PCURVE('',#11508,#11712);
#11712 = DEFINITIONAL_REPRESENTATION('',(#11713),#11717);
#11713 = LINE('',#11714,#11715);
#11714 = CARTESIAN_POINT('',(0.,0.));
#11715 = VECTOR('',#11716,1.);
#11716 = DIRECTION('',(0.,1.));
#11717 = ( GEOMETRIC_REPRESENTATION_CONTEXT(2) 
PARAMETRIC_REPRESENTATION_CONTEXT() REPRESENTATION_CONTEXT('2D SPACE',''
  ) );
#11718 = PCURVE('',#11536,#11719);
#11719 = DEFINITIONAL_REPRESENTATION('',(#11720),#11724);
#11720 = LINE('',#11721,#11722);
#11721 = CARTESIAN_POINT('',(0.,0.));
#11722 = VECTOR('',#11723,1.);
#11723 = DIRECTION('',(1.,0.));
#11724 = ( GEOMETRIC_REPRESENTATION_CONTEXT(2) 
PARAMETRIC_REPRESENTATION_CONTEXT() REPRESENTATION_CONTEXT('2D SPACE',''
  ) );
#11725 = ORIENTED_EDGE('',*,*,#11485,.T.);
#11726 = ORIENTED_EDGE('',*,*,#11727,.T.);
#11727 = EDGE_CURVE('',#11488,#11608,#11728,.T.);
#11728 = SURFACE_CURVE('',#11729,(#11733,#11740),.PCURVE_S1.);
#11729 = LINE('',#11730,#11731);
#11730 = CARTESIAN_POINT('',(280.,-285.,306.));
#11731 = VECTOR('',#11732,1.);
#11732 = DIRECTION('',(1.,0.,0.));
#11733 = PCURVE('',#11508,#11734);
#11734 = DEFINITIONAL_REPRESENTATION('',(#11735),#11739);
#11735 = LINE('',#11736,#11737);
#11736 = CARTESIAN_POINT('',(6.,0.));
#11737 = VECTOR('',#11738,1.);
#11738 = DIRECTION('',(0.,1.));
#11739 = ( GEOMETRIC_REPRESENTATION_CONTEXT(2) 
PARAMETRIC_REPRESENTATION_CONTEXT() REPRESENTATION_CONTEXT('2D SPACE',''
  ) );
#11740 = PCURVE('',#11590,#11741);
#11741 = DEFINITIONAL_REPRESENTATION('',(#11742),#11746);
#11742 = LINE('',#11743,#11744);
#11743 = CARTESIAN_POINT('',(0.,0.));
#11744 = VECTOR('',#11745,1.);
#11745 = DIRECTION('',(1.,0.));
#11746 = ( GEOMETRIC_REPRESENTATION_CONTEXT(2) 
PARAMETRIC_REPRESENTATION_CONTEXT() REPRESENTATION_CONTEXT('2D SPACE',''
  ) );
#11747 = ORIENTED_EDGE('',*,*,#11605,.F.);
#11748 = ADVANCED_FACE('',(#11749),#11564,.T.);
#11749 = FACE_BOUND('',#11750,.T.);
#11750 = EDGE_LOOP('',(#11751,#11772,#11773,#11794));
#11751 = ORIENTED_EDGE('',*,*,#11752,.F.);
#11752 = EDGE_CURVE('',#11521,#11636,#11753,.T.);
#11753 = SURFACE_CURVE('',#11754,(#11758,#11765),.PCURVE_S1.);
#11754 = LINE('',#11755,#11756);
#11755 = CARTESIAN_POINT('',(280.,-235.,300.));
#11756 = VECTOR('',#11757,1.);
#11757 = DIRECTION('',(1.,0.,0.));
#11758 = PCURVE('',#11564,#11759);
#11759 = DEFINITIONAL_REPRESENTATION('',(#11760),#11764);
#11760 = LINE('',#11761,#11762);
#11761 = CARTESIAN_POINT('',(0.,0.));
#11762 = VECTOR('',#11763,1.);
#11763 = DIRECTION('',(0.,1.));
#11764 = ( GEOMETRIC_REPRESENTATION_CONTEXT(2) 
PARAMETRIC_REPRESENTATION_CONTEXT() REPRESENTATION_CONTEXT('2D SPACE',''
  ) );
#11765 = PCURVE('',#11536,#11766);
#11766 = DEFINITIONAL_REPRESENTATION('',(#11767),#11771);
#11767 = LINE('',#11768,#11769);
#11768 = CARTESIAN_POINT('',(0.,50.));
#11769 = VECTOR('',#11770,1.);
#11770 = DIRECTION('',(1.,0.));
#11771 = ( GEOMETRIC_REPRESENTATION_CONTEXT(2) 
PARAMETRIC_REPRESENTATION_CONTEXT() REPRESENTATION_CONTEXT('2D SPACE',''
  ) );
#11772 = ORIENTED_EDGE('',*,*,#11548,.T.);
#11773 = ORIENTED_EDGE('',*,*,#11774,.T.);
#11774 = EDGE_CURVE('',#11549,#11659,#11775,.T.);
#11775 = SURFACE_CURVE('',#11776,(#11780,#11787),.PCURVE_S1.);
#11776 = LINE('',#11777,#11778);
#11777 = CARTESIAN_POINT('',(280.,-235.,306.));
#11778 = VECTOR('',#11779,1.);
#11779 = DIRECTION('',(1.,0.,0.));
#11780 = PCURVE('',#11564,#11781);
#11781 = DEFINITIONAL_REPRESENTATION('',(#11782),#11786);
#11782 = LINE('',#11783,#11784);
#11783 = CARTESIAN_POINT('',(6.,0.));
#11784 = VECTOR('',#11785,1.);
#11785 = DIRECTION('',(0.,1.));
#11786 = ( GEOMETRIC_REPRESENTATION_CONTEXT(2) 
PARAMETRIC_REPRESENTATION_CONTEXT() REPRESENTATION_CONTEXT('2D SPACE',''
  ) );
#11787 = PCURVE('',#11590,#11788);
#11788 = DEFINITIONAL_REPRESENTATION('',(#11789),#11793);
#11789 = LINE('',#11790,#11791);
#11790 = CARTESIAN_POINT('',(0.,50.));
#11791 = VECTOR('',#11792,1.);
#11792 = DIRECTION('',(1.,0.));
#11793 = ( GEOMETRIC_REPRESENTATION_CONTEXT(2) 
PARAMETRIC_REPRESENTATION_CONTEXT() REPRESENTATION_CONTEXT('2D SPACE',''
  ) );
#11794 = ORIENTED_EDGE('',*,*,#11658,.F.);
#11795 = ADVANCED_FACE('',(#11796),#11536,.F.);
#11796 = FACE_BOUND('',#11797,.F.);
#11797 = EDGE_LOOP('',(#11798,#11799,#11800,#11801));
#11798 = ORIENTED_EDGE('',*,*,#11520,.F.);
#11799 = ORIENTED_EDGE('',*,*,#11705,.T.);
#11800 = ORIENTED_EDGE('',*,*,#11635,.T.);
#11801 = ORIENTED_EDGE('',*,*,#11752,.F.);
#11802 = ADVANCED_FACE('',(#11803),#11590,.T.);
#11803 = FACE_BOUND('',#11804,.T.);
#11804 = EDGE_LOOP('',(#11805,#11806,#11807,#11808));
#11805 = ORIENTED_EDGE('',*,*,#11576,.F.);
#11806 = ORIENTED_EDGE('',*,*,#11727,.T.);
#11807 = ORIENTED_EDGE('',*,*,#11681,.T.);
#11808 = ORIENTED_EDGE('',*,*,#11774,.F.);
#11809 = ( GEOMETRIC_REPRESENTATION_CONTEXT(3) 
GLOBAL_UNCERTAINTY_ASSIGNED_CONTEXT((#11813)) 
GLOBAL_UNIT_ASSIGNED_CONTEXT((#11810,#11811,#11812)) 
REPRESENTATION_CONTEXT('Context #1',
  '3D Context with UNIT and UNCERTAINTY') );
#11810 = ( LENGTH_UNIT() NAMED_UNIT(*) SI_UNIT(.MILLI.,.METRE.) );
#11811 = ( NAMED_UNIT(*) PLANE_ANGLE_UNIT() SI_UNIT($,.RADIAN.) );
#11812 = ( NAMED_UNIT(*) SI_UNIT($,.STERADIAN.) SOLID_ANGLE_UNIT() );
#11813 = UNCERTAINTY_MEASURE_WITH_UNIT(LENGTH_MEASURE(1.E-07),#11810,
  'distance_accuracy_value','confusion accuracy');
#11814 = CONTEXT_DEPENDENT_SHAPE_REPRESENTATION(#11815,#11817);
#11815 = ( REPRESENTATION_RELATIONSHIP('','',#11478,#10) 
REPRESENTATION_RELATIONSHIP_WITH_TRANSFORMATION(#11816) 
SHAPE_REPRESENTATION_RELATIONSHIP() );
#11816 = ITEM_DEFINED_TRANSFORMATION('','',#11,#135);
#11817 = PRODUCT_DEFINITION_SHAPE('Placement','Placement of an item',
  #11818);
#11818 = NEXT_ASSEMBLY_USAGE_OCCURRENCE('3310',
  'NVR-P11_latch_spreader_3','',#5,#11473,$);
#11819 = PRODUCT_RELATED_PRODUCT_CATEGORY('part',$,(#11475));
#11820 = SHAPE_DEFINITION_REPRESENTATION(#11821,#11827);
#11821 = PRODUCT_DEFINITION_SHAPE('','',#11822);
#11822 = PRODUCT_DEFINITION('design','',#11823,#11826);
#11823 = PRODUCT_DEFINITION_FORMATION('','',#11824);
#11824 = PRODUCT('CR3001_latch_3_PROVISIONAL',
  'CR3001_latch_3_PROVISIONAL','',(#11825));
#11825 = PRODUCT_CONTEXT('',#2,'mechanical');
#11826 = PRODUCT_DEFINITION_CONTEXT('part definition',#2,'design');
#11827 = ADVANCED_BREP_SHAPE_REPRESENTATION('',(#11,#11828),#12158);
#11828 = MANIFOLD_SOLID_BREP('',#11829);
#11829 = CLOSED_SHELL('',(#11830,#11950,#12050,#12097,#12144,#12151));
#11830 = ADVANCED_FACE('',(#11831),#11845,.F.);
#11831 = FACE_BOUND('',#11832,.F.);
#11832 = EDGE_LOOP('',(#11833,#11868,#11896,#11924));
#11833 = ORIENTED_EDGE('',*,*,#11834,.F.);
#11834 = EDGE_CURVE('',#11835,#11837,#11839,.T.);
#11835 = VERTEX_POINT('',#11836);
#11836 = CARTESIAN_POINT('',(287.5,-277.,301.));
#11837 = VERTEX_POINT('',#11838);
#11838 = CARTESIAN_POINT('',(287.5,-277.,345.));
#11839 = SURFACE_CURVE('',#11840,(#11844,#11856),.PCURVE_S1.);
#11840 = LINE('',#11841,#11842);
#11841 = CARTESIAN_POINT('',(287.5,-277.,301.));
#11842 = VECTOR('',#11843,1.);
#11843 = DIRECTION('',(0.,0.,1.));
#11844 = PCURVE('',#11845,#11850);
#11845 = PLANE('',#11846);
#11846 = AXIS2_PLACEMENT_3D('',#11847,#11848,#11849);
#11847 = CARTESIAN_POINT('',(287.5,-277.,301.));
#11848 = DIRECTION('',(1.,0.,0.));
#11849 = DIRECTION('',(0.,0.,1.));
#11850 = DEFINITIONAL_REPRESENTATION('',(#11851),#11855);
#11851 = LINE('',#11852,#11853);
#11852 = CARTESIAN_POINT('',(0.,0.));
#11853 = VECTOR('',#11854,1.);
#11854 = DIRECTION('',(1.,0.));
#11855 = ( GEOMETRIC_REPRESENTATION_CONTEXT(2) 
PARAMETRIC_REPRESENTATION_CONTEXT() REPRESENTATION_CONTEXT('2D SPACE',''
  ) );
#11856 = PCURVE('',#11857,#11862);
#11857 = PLANE('',#11858);
#11858 = AXIS2_PLACEMENT_3D('',#11859,#11860,#11861);
#11859 = CARTESIAN_POINT('',(287.5,-277.,301.));
#11860 = DIRECTION('',(0.,1.,0.));
#11861 = DIRECTION('',(0.,0.,1.));
#11862 = DEFINITIONAL_REPRESENTATION('',(#11863),#11867);
#11863 = LINE('',#11864,#11865);
#11864 = CARTESIAN_POINT('',(0.,0.));
#11865 = VECTOR('',#11866,1.);
#11866 = DIRECTION('',(1.,0.));
#11867 = ( GEOMETRIC_REPRESENTATION_CONTEXT(2) 
PARAMETRIC_REPRESENTATION_CONTEXT() REPRESENTATION_CONTEXT('2D SPACE',''
  ) );
#11868 = ORIENTED_EDGE('',*,*,#11869,.T.);
#11869 = EDGE_CURVE('',#11835,#11870,#11872,.T.);
#11870 = VERTEX_POINT('',#11871);
#11871 = CARTESIAN_POINT('',(287.5,-243.,301.));
#11872 = SURFACE_CURVE('',#11873,(#11877,#11884),.PCURVE_S1.);
#11873 = LINE('',#11874,#11875);
#11874 = CARTESIAN_POINT('',(287.5,-277.,301.));
#11875 = VECTOR('',#11876,1.);
#11876 = DIRECTION('',(0.,1.,0.));
#11877 = PCURVE('',#11845,#11878);
#11878 = DEFINITIONAL_REPRESENTATION('',(#11879),#11883);
#11879 = LINE('',#11880,#11881);
#11880 = CARTESIAN_POINT('',(0.,0.));
#11881 = VECTOR('',#11882,1.);
#11882 = DIRECTION('',(0.,-1.));
#11883 = ( GEOMETRIC_REPRESENTATION_CONTEXT(2) 
PARAMETRIC_REPRESENTATION_CONTEXT() REPRESENTATION_CONTEXT('2D SPACE',''
  ) );
#11884 = PCURVE('',#11885,#11890);
#11885 = PLANE('',#11886);
#11886 = AXIS2_PLACEMENT_3D('',#11887,#11888,#11889);
#11887 = CARTESIAN_POINT('',(287.5,-277.,301.));
#11888 = DIRECTION('',(0.,0.,1.));
#11889 = DIRECTION('',(1.,0.,0.));
#11890 = DEFINITIONAL_REPRESENTATION('',(#11891),#11895);
#11891 = LINE('',#11892,#11893);
#11892 = CARTESIAN_POINT('',(0.,0.));
#11893 = VECTOR('',#11894,1.);
#11894 = DIRECTION('',(0.,1.));
#11895 = ( GEOMETRIC_REPRESENTATION_CONTEXT(2) 
PARAMETRIC_REPRESENTATION_CONTEXT() REPRESENTATION_CONTEXT('2D SPACE',''
  ) );
#11896 = ORIENTED_EDGE('',*,*,#11897,.T.);
#11897 = EDGE_CURVE('',#11870,#11898,#11900,.T.);
#11898 = VERTEX_POINT('',#11899);
#11899 = CARTESIAN_POINT('',(287.5,-243.,345.));
#11900 = SURFACE_CURVE('',#11901,(#11905,#11912),.PCURVE_S1.);
#11901 = LINE('',#11902,#11903);
#11902 = CARTESIAN_POINT('',(287.5,-243.,301.));
#11903 = VECTOR('',#11904,1.);
#11904 = DIRECTION('',(0.,0.,1.));
#11905 = PCURVE('',#11845,#11906);
#11906 = DEFINITIONAL_REPRESENTATION('',(#11907),#11911);
#11907 = LINE('',#11908,#11909);
#11908 = CARTESIAN_POINT('',(0.,-34.));
#11909 = VECTOR('',#11910,1.);
#11910 = DIRECTION('',(1.,0.));
#11911 = ( GEOMETRIC_REPRESENTATION_CONTEXT(2) 
PARAMETRIC_REPRESENTATION_CONTEXT() REPRESENTATION_CONTEXT('2D SPACE',''
  ) );
#11912 = PCURVE('',#11913,#11918);
#11913 = PLANE('',#11914);
#11914 = AXIS2_PLACEMENT_3D('',#11915,#11916,#11917);
#11915 = CARTESIAN_POINT('',(287.5,-243.,301.));
#11916 = DIRECTION('',(0.,1.,0.));
#11917 = DIRECTION('',(0.,0.,1.));
#11918 = DEFINITIONAL_REPRESENTATION('',(#11919),#11923);
#11919 = LINE('',#11920,#11921);
#11920 = CARTESIAN_POINT('',(0.,0.));
#11921 = VECTOR('',#11922,1.);
#11922 = DIRECTION('',(1.,0.));
#11923 = ( GEOMETRIC_REPRESENTATION_CONTEXT(2) 
PARAMETRIC_REPRESENTATION_CONTEXT() REPRESENTATION_CONTEXT('2D SPACE',''
  ) );
#11924 = ORIENTED_EDGE('',*,*,#11925,.F.);
#11925 = EDGE_CURVE('',#11837,#11898,#11926,.T.);
#11926 = SURFACE_CURVE('',#11927,(#11931,#11938),.PCURVE_S1.);
#11927 = LINE('',#11928,#11929);
#11928 = CARTESIAN_POINT('',(287.5,-277.,345.));
#11929 = VECTOR('',#11930,1.);
#11930 = DIRECTION('',(0.,1.,0.));
#11931 = PCURVE('',#11845,#11932);
#11932 = DEFINITIONAL_REPRESENTATION('',(#11933),#11937);
#11933 = LINE('',#11934,#11935);
#11934 = CARTESIAN_POINT('',(44.,0.));
#11935 = VECTOR('',#11936,1.);
#11936 = DIRECTION('',(0.,-1.));
#11937 = ( GEOMETRIC_REPRESENTATION_CONTEXT(2) 
PARAMETRIC_REPRESENTATION_CONTEXT() REPRESENTATION_CONTEXT('2D SPACE',''
  ) );
#11938 = PCURVE('',#11939,#11944);
#11939 = PLANE('',#11940);
#11940 = AXIS2_PLACEMENT_3D('',#11941,#11942,#11943);
#11941 = CARTESIAN_POINT('',(287.5,-277.,345.));
#11942 = DIRECTION('',(0.,0.,1.));
#11943 = DIRECTION('',(1.,0.,0.));
#11944 = DEFINITIONAL_REPRESENTATION('',(#11945),#11949);
#11945 = LINE('',#11946,#11947);
#11946 = CARTESIAN_POINT('',(0.,0.));
#11947 = VECTOR('',#11948,1.);
#11948 = DIRECTION('',(0.,1.));
#11949 = ( GEOMETRIC_REPRESENTATION_CONTEXT(2) 
PARAMETRIC_REPRESENTATION_CONTEXT() REPRESENTATION_CONTEXT('2D SPACE',''
  ) );
#11950 = ADVANCED_FACE('',(#11951),#11965,.T.);
#11951 = FACE_BOUND('',#11952,.T.);
#11952 = EDGE_LOOP('',(#11953,#11983,#12006,#12029));
#11953 = ORIENTED_EDGE('',*,*,#11954,.F.);
#11954 = EDGE_CURVE('',#11955,#11957,#11959,.T.);
#11955 = VERTEX_POINT('',#11956);
#11956 = CARTESIAN_POINT('',(372.5,-277.,301.));
#11957 = VERTEX_POINT('',#11958);
#11958 = CARTESIAN_POINT('',(372.5,-277.,345.));
#11959 = SURFACE_CURVE('',#11960,(#11964,#11976),.PCURVE_S1.);
#11960 = LINE('',#11961,#11962);
#11961 = CARTESIAN_POINT('',(372.5,-277.,301.));
#11962 = VECTOR('',#11963,1.);
#11963 = DIRECTION('',(0.,0.,1.));
#11964 = PCURVE('',#11965,#11970);
#11965 = PLANE('',#11966);
#11966 = AXIS2_PLACEMENT_3D('',#11967,#11968,#11969);
#11967 = CARTESIAN_POINT('',(372.5,-277.,301.));
#11968 = DIRECTION('',(1.,0.,0.));
#11969 = DIRECTION('',(0.,0.,1.));
#11970 = DEFINITIONAL_REPRESENTATION('',(#11971),#11975);
#11971 = LINE('',#11972,#11973);
#11972 = CARTESIAN_POINT('',(0.,0.));
#11973 = VECTOR('',#11974,1.);
#11974 = DIRECTION('',(1.,0.));
#11975 = ( GEOMETRIC_REPRESENTATION_CONTEXT(2) 
PARAMETRIC_REPRESENTATION_CONTEXT() REPRESENTATION_CONTEXT('2D SPACE',''
  ) );
#11976 = PCURVE('',#11857,#11977);
#11977 = DEFINITIONAL_REPRESENTATION('',(#11978),#11982);
#11978 = LINE('',#11979,#11980);
#11979 = CARTESIAN_POINT('',(0.,85.));
#11980 = VECTOR('',#11981,1.);
#11981 = DIRECTION('',(1.,0.));
#11982 = ( GEOMETRIC_REPRESENTATION_CONTEXT(2) 
PARAMETRIC_REPRESENTATION_CONTEXT() REPRESENTATION_CONTEXT('2D SPACE',''
  ) );
#11983 = ORIENTED_EDGE('',*,*,#11984,.T.);
#11984 = EDGE_CURVE('',#11955,#11985,#11987,.T.);
#11985 = VERTEX_POINT('',#11986);
#11986 = CARTESIAN_POINT('',(372.5,-243.,301.));
#11987 = SURFACE_CURVE('',#11988,(#11992,#11999),.PCURVE_S1.);
#11988 = LINE('',#11989,#11990);
#11989 = CARTESIAN_POINT('',(372.5,-277.,301.));
#11990 = VECTOR('',#11991,1.);
#11991 = DIRECTION('',(0.,1.,0.));
#11992 = PCURVE('',#11965,#11993);
#11993 = DEFINITIONAL_REPRESENTATION('',(#11994),#11998);
#11994 = LINE('',#11995,#11996);
#11995 = CARTESIAN_POINT('',(0.,0.));
#11996 = VECTOR('',#11997,1.);
#11997 = DIRECTION('',(0.,-1.));
#11998 = ( GEOMETRIC_REPRESENTATION_CONTEXT(2) 
PARAMETRIC_REPRESENTATION_CONTEXT() REPRESENTATION_CONTEXT('2D SPACE',''
  ) );
#11999 = PCURVE('',#11885,#12000);
#12000 = DEFINITIONAL_REPRESENTATION('',(#12001),#12005);
#12001 = LINE('',#12002,#12003);
#12002 = CARTESIAN_POINT('',(85.,0.));
#12003 = VECTOR('',#12004,1.);
#12004 = DIRECTION('',(0.,1.));
#12005 = ( GEOMETRIC_REPRESENTATION_CONTEXT(2) 
PARAMETRIC_REPRESENTATION_CONTEXT() REPRESENTATION_CONTEXT('2D SPACE',''
  ) );
#12006 = ORIENTED_EDGE('',*,*,#12007,.T.);
#12007 = EDGE_CURVE('',#11985,#12008,#12010,.T.);
#12008 = VERTEX_POINT('',#12009);
#12009 = CARTESIAN_POINT('',(372.5,-243.,345.));
#12010 = SURFACE_CURVE('',#12011,(#12015,#12022),.PCURVE_S1.);
#12011 = LINE('',#12012,#12013);
#12012 = CARTESIAN_POINT('',(372.5,-243.,301.));
#12013 = VECTOR('',#12014,1.);
#12014 = DIRECTION('',(0.,0.,1.));
#12015 = PCURVE('',#11965,#12016);
#12016 = DEFINITIONAL_REPRESENTATION('',(#12017),#12021);
#12017 = LINE('',#12018,#12019);
#12018 = CARTESIAN_POINT('',(0.,-34.));
#12019 = VECTOR('',#12020,1.);
#12020 = DIRECTION('',(1.,0.));
#12021 = ( GEOMETRIC_REPRESENTATION_CONTEXT(2) 
PARAMETRIC_REPRESENTATION_CONTEXT() REPRESENTATION_CONTEXT('2D SPACE',''
  ) );
#12022 = PCURVE('',#11913,#12023);
#12023 = DEFINITIONAL_REPRESENTATION('',(#12024),#12028);
#12024 = LINE('',#12025,#12026);
#12025 = CARTESIAN_POINT('',(0.,85.));
#12026 = VECTOR('',#12027,1.);
#12027 = DIRECTION('',(1.,0.));
#12028 = ( GEOMETRIC_REPRESENTATION_CONTEXT(2) 
PARAMETRIC_REPRESENTATION_CONTEXT() REPRESENTATION_CONTEXT('2D SPACE',''
  ) );
#12029 = ORIENTED_EDGE('',*,*,#12030,.F.);
#12030 = EDGE_CURVE('',#11957,#12008,#12031,.T.);
#12031 = SURFACE_CURVE('',#12032,(#12036,#12043),.PCURVE_S1.);
#12032 = LINE('',#12033,#12034);
#12033 = CARTESIAN_POINT('',(372.5,-277.,345.));
#12034 = VECTOR('',#12035,1.);
#12035 = DIRECTION('',(0.,1.,0.));
#12036 = PCURVE('',#11965,#12037);
#12037 = DEFINITIONAL_REPRESENTATION('',(#12038),#12042);
#12038 = LINE('',#12039,#12040);
#12039 = CARTESIAN_POINT('',(44.,0.));
#12040 = VECTOR('',#12041,1.);
#12041 = DIRECTION('',(0.,-1.));
#12042 = ( GEOMETRIC_REPRESENTATION_CONTEXT(2) 
PARAMETRIC_REPRESENTATION_CONTEXT() REPRESENTATION_CONTEXT('2D SPACE',''
  ) );
#12043 = PCURVE('',#11939,#12044);
#12044 = DEFINITIONAL_REPRESENTATION('',(#12045),#12049);
#12045 = LINE('',#12046,#12047);
#12046 = CARTESIAN_POINT('',(85.,0.));
#12047 = VECTOR('',#12048,1.);
#12048 = DIRECTION('',(0.,1.));
#12049 = ( GEOMETRIC_REPRESENTATION_CONTEXT(2) 
PARAMETRIC_REPRESENTATION_CONTEXT() REPRESENTATION_CONTEXT('2D SPACE',''
  ) );
#12050 = ADVANCED_FACE('',(#12051),#11857,.F.);
#12051 = FACE_BOUND('',#12052,.F.);
#12052 = EDGE_LOOP('',(#12053,#12074,#12075,#12096));
#12053 = ORIENTED_EDGE('',*,*,#12054,.F.);
#12054 = EDGE_CURVE('',#11835,#11955,#12055,.T.);
#12055 = SURFACE_CURVE('',#12056,(#12060,#12067),.PCURVE_S1.);
#12056 = LINE('',#12057,#12058);
#12057 = CARTESIAN_POINT('',(287.5,-277.,301.));
#12058 = VECTOR('',#12059,1.);
#12059 = DIRECTION('',(1.,0.,0.));
#12060 = PCURVE('',#11857,#12061);
#12061 = DEFINITIONAL_REPRESENTATION('',(#12062),#12066);
#12062 = LINE('',#12063,#12064);
#12063 = CARTESIAN_POINT('',(0.,0.));
#12064 = VECTOR('',#12065,1.);
#12065 = DIRECTION('',(0.,1.));
#12066 = ( GEOMETRIC_REPRESENTATION_CONTEXT(2) 
PARAMETRIC_REPRESENTATION_CONTEXT() REPRESENTATION_CONTEXT('2D SPACE',''
  ) );
#12067 = PCURVE('',#11885,#12068);
#12068 = DEFINITIONAL_REPRESENTATION('',(#12069),#12073);
#12069 = LINE('',#12070,#12071);
#12070 = CARTESIAN_POINT('',(0.,0.));
#12071 = VECTOR('',#12072,1.);
#12072 = DIRECTION('',(1.,0.));
#12073 = ( GEOMETRIC_REPRESENTATION_CONTEXT(2) 
PARAMETRIC_REPRESENTATION_CONTEXT() REPRESENTATION_CONTEXT('2D SPACE',''
  ) );
#12074 = ORIENTED_EDGE('',*,*,#11834,.T.);
#12075 = ORIENTED_EDGE('',*,*,#12076,.T.);
#12076 = EDGE_CURVE('',#11837,#11957,#12077,.T.);
#12077 = SURFACE_CURVE('',#12078,(#12082,#12089),.PCURVE_S1.);
#12078 = LINE('',#12079,#12080);
#12079 = CARTESIAN_POINT('',(287.5,-277.,345.));
#12080 = VECTOR('',#12081,1.);
#12081 = DIRECTION('',(1.,0.,0.));
#12082 = PCURVE('',#11857,#12083);
#12083 = DEFINITIONAL_REPRESENTATION('',(#12084),#12088);
#12084 = LINE('',#12085,#12086);
#12085 = CARTESIAN_POINT('',(44.,0.));
#12086 = VECTOR('',#12087,1.);
#12087 = DIRECTION('',(0.,1.));
#12088 = ( GEOMETRIC_REPRESENTATION_CONTEXT(2) 
PARAMETRIC_REPRESENTATION_CONTEXT() REPRESENTATION_CONTEXT('2D SPACE',''
  ) );
#12089 = PCURVE('',#11939,#12090);
#12090 = DEFINITIONAL_REPRESENTATION('',(#12091),#12095);
#12091 = LINE('',#12092,#12093);
#12092 = CARTESIAN_POINT('',(0.,0.));
#12093 = VECTOR('',#12094,1.);
#12094 = DIRECTION('',(1.,0.));
#12095 = ( GEOMETRIC_REPRESENTATION_CONTEXT(2) 
PARAMETRIC_REPRESENTATION_CONTEXT() REPRESENTATION_CONTEXT('2D SPACE',''
  ) );
#12096 = ORIENTED_EDGE('',*,*,#11954,.F.);
#12097 = ADVANCED_FACE('',(#12098),#11913,.T.);
#12098 = FACE_BOUND('',#12099,.T.);
#12099 = EDGE_LOOP('',(#12100,#12121,#12122,#12143));
#12100 = ORIENTED_EDGE('',*,*,#12101,.F.);
#12101 = EDGE_CURVE('',#11870,#11985,#12102,.T.);
#12102 = SURFACE_CURVE('',#12103,(#12107,#12114),.PCURVE_S1.);
#12103 = LINE('',#12104,#12105);
#12104 = CARTESIAN_POINT('',(287.5,-243.,301.));
#12105 = VECTOR('',#12106,1.);
#12106 = DIRECTION('',(1.,0.,0.));
#12107 = PCURVE('',#11913,#12108);
#12108 = DEFINITIONAL_REPRESENTATION('',(#12109),#12113);
#12109 = LINE('',#12110,#12111);
#12110 = CARTESIAN_POINT('',(0.,0.));
#12111 = VECTOR('',#12112,1.);
#12112 = DIRECTION('',(0.,1.));
#12113 = ( GEOMETRIC_REPRESENTATION_CONTEXT(2) 
PARAMETRIC_REPRESENTATION_CONTEXT() REPRESENTATION_CONTEXT('2D SPACE',''
  ) );
#12114 = PCURVE('',#11885,#12115);
#12115 = DEFINITIONAL_REPRESENTATION('',(#12116),#12120);
#12116 = LINE('',#12117,#12118);
#12117 = CARTESIAN_POINT('',(0.,34.));
#12118 = VECTOR('',#12119,1.);
#12119 = DIRECTION('',(1.,0.));
#12120 = ( GEOMETRIC_REPRESENTATION_CONTEXT(2) 
PARAMETRIC_REPRESENTATION_CONTEXT() REPRESENTATION_CONTEXT('2D SPACE',''
  ) );
#12121 = ORIENTED_EDGE('',*,*,#11897,.T.);
#12122 = ORIENTED_EDGE('',*,*,#12123,.T.);
#12123 = EDGE_CURVE('',#11898,#12008,#12124,.T.);
#12124 = SURFACE_CURVE('',#12125,(#12129,#12136),.PCURVE_S1.);
#12125 = LINE('',#12126,#12127);
#12126 = CARTESIAN_POINT('',(287.5,-243.,345.));
#12127 = VECTOR('',#12128,1.);
#12128 = DIRECTION('',(1.,0.,0.));
#12129 = PCURVE('',#11913,#12130);
#12130 = DEFINITIONAL_REPRESENTATION('',(#12131),#12135);
#12131 = LINE('',#12132,#12133);
#12132 = CARTESIAN_POINT('',(44.,0.));
#12133 = VECTOR('',#12134,1.);
#12134 = DIRECTION('',(0.,1.));
#12135 = ( GEOMETRIC_REPRESENTATION_CONTEXT(2) 
PARAMETRIC_REPRESENTATION_CONTEXT() REPRESENTATION_CONTEXT('2D SPACE',''
  ) );
#12136 = PCURVE('',#11939,#12137);
#12137 = DEFINITIONAL_REPRESENTATION('',(#12138),#12142);
#12138 = LINE('',#12139,#12140);
#12139 = CARTESIAN_POINT('',(0.,34.));
#12140 = VECTOR('',#12141,1.);
#12141 = DIRECTION('',(1.,0.));
#12142 = ( GEOMETRIC_REPRESENTATION_CONTEXT(2) 
PARAMETRIC_REPRESENTATION_CONTEXT() REPRESENTATION_CONTEXT('2D SPACE',''
  ) );
#12143 = ORIENTED_EDGE('',*,*,#12007,.F.);
#12144 = ADVANCED_FACE('',(#12145),#11885,.F.);
#12145 = FACE_BOUND('',#12146,.F.);
#12146 = EDGE_LOOP('',(#12147,#12148,#12149,#12150));
#12147 = ORIENTED_EDGE('',*,*,#11869,.F.);
#12148 = ORIENTED_EDGE('',*,*,#12054,.T.);
#12149 = ORIENTED_EDGE('',*,*,#11984,.T.);
#12150 = ORIENTED_EDGE('',*,*,#12101,.F.);
#12151 = ADVANCED_FACE('',(#12152),#11939,.T.);
#12152 = FACE_BOUND('',#12153,.T.);
#12153 = EDGE_LOOP('',(#12154,#12155,#12156,#12157));
#12154 = ORIENTED_EDGE('',*,*,#11925,.F.);
#12155 = ORIENTED_EDGE('',*,*,#12076,.T.);
#12156 = ORIENTED_EDGE('',*,*,#12030,.T.);
#12157 = ORIENTED_EDGE('',*,*,#12123,.F.);
#12158 = ( GEOMETRIC_REPRESENTATION_CONTEXT(3) 
GLOBAL_UNCERTAINTY_ASSIGNED_CONTEXT((#12162)) 
GLOBAL_UNIT_ASSIGNED_CONTEXT((#12159,#12160,#12161)) 
REPRESENTATION_CONTEXT('Context #1',
  '3D Context with UNIT and UNCERTAINTY') );
#12159 = ( LENGTH_UNIT() NAMED_UNIT(*) SI_UNIT(.MILLI.,.METRE.) );
#12160 = ( NAMED_UNIT(*) PLANE_ANGLE_UNIT() SI_UNIT($,.RADIAN.) );
#12161 = ( NAMED_UNIT(*) SI_UNIT($,.STERADIAN.) SOLID_ANGLE_UNIT() );
#12162 = UNCERTAINTY_MEASURE_WITH_UNIT(LENGTH_MEASURE(1.E-07),#12159,
  'distance_accuracy_value','confusion accuracy');
#12163 = CONTEXT_DEPENDENT_SHAPE_REPRESENTATION(#12164,#12166);
#12164 = ( REPRESENTATION_RELATIONSHIP('','',#11827,#10) 
REPRESENTATION_RELATIONSHIP_WITH_TRANSFORMATION(#12165) 
SHAPE_REPRESENTATION_RELATIONSHIP() );
#12165 = ITEM_DEFINED_TRANSFORMATION('','',#11,#139);
#12166 = PRODUCT_DEFINITION_SHAPE('Placement','Placement of an item',
  #12167);
#12167 = NEXT_ASSEMBLY_USAGE_OCCURRENCE('3311',
  'CR3001_latch_3_PROVISIONAL','',#5,#11822,$);
#12168 = PRODUCT_RELATED_PRODUCT_CATEGORY('part',$,(#11824));
#12169 = SHAPE_DEFINITION_REPRESENTATION(#12170,#12176);
#12170 = PRODUCT_DEFINITION_SHAPE('','',#12171);
#12171 = PRODUCT_DEFINITION('design','',#12172,#12175);
#12172 = PRODUCT_DEFINITION_FORMATION('','',#12173);
#12173 = PRODUCT('NVR-P12_CR3001_keeper_3_PROVISIONAL',
  'NVR-P12_CR3001_keeper_3_PROVISIONAL','',(#12174));
#12174 = PRODUCT_CONTEXT('',#2,'mechanical');
#12175 = PRODUCT_DEFINITION_CONTEXT('part definition',#2,'design');
#12176 = ADVANCED_BREP_SHAPE_REPRESENTATION('',(#11,#12177),#12507);
#12177 = MANIFOLD_SOLID_BREP('',#12178);
#12178 = CLOSED_SHELL('',(#12179,#12299,#12399,#12446,#12493,#12500));
#12179 = ADVANCED_FACE('',(#12180),#12194,.F.);
#12180 = FACE_BOUND('',#12181,.F.);
#12181 = EDGE_LOOP('',(#12182,#12217,#12245,#12273));
#12182 = ORIENTED_EDGE('',*,*,#12183,.F.);
#12183 = EDGE_CURVE('',#12184,#12186,#12188,.T.);
#12184 = VERTEX_POINT('',#12185);
#12185 = CARTESIAN_POINT('',(295.,-248.,342.));
#12186 = VERTEX_POINT('',#12187);
#12187 = CARTESIAN_POINT('',(295.,-248.,348.));
#12188 = SURFACE_CURVE('',#12189,(#12193,#12205),.PCURVE_S1.);
#12189 = LINE('',#12190,#12191);
#12190 = CARTESIAN_POINT('',(295.,-248.,342.));
#12191 = VECTOR('',#12192,1.);
#12192 = DIRECTION('',(0.,0.,1.));
#12193 = PCURVE('',#12194,#12199);
#12194 = PLANE('',#12195);
#12195 = AXIS2_PLACEMENT_3D('',#12196,#12197,#12198);
#12196 = CARTESIAN_POINT('',(295.,-248.,342.));
#12197 = DIRECTION('',(1.,0.,0.));
#12198 = DIRECTION('',(0.,0.,1.));
#12199 = DEFINITIONAL_REPRESENTATION('',(#12200),#12204);
#12200 = LINE('',#12201,#12202);
#12201 = CARTESIAN_POINT('',(0.,0.));
#12202 = VECTOR('',#12203,1.);
#12203 = DIRECTION('',(1.,0.));
#12204 = ( GEOMETRIC_REPRESENTATION_CONTEXT(2) 
PARAMETRIC_REPRESENTATION_CONTEXT() REPRESENTATION_CONTEXT('2D SPACE',''
  ) );
#12205 = PCURVE('',#12206,#12211);
#12206 = PLANE('',#12207);
#12207 = AXIS2_PLACEMENT_3D('',#12208,#12209,#12210);
#12208 = CARTESIAN_POINT('',(295.,-248.,342.));
#12209 = DIRECTION('',(0.,1.,0.));
#12210 = DIRECTION('',(0.,0.,1.));
#12211 = DEFINITIONAL_REPRESENTATION('',(#12212),#12216);
#12212 = LINE('',#12213,#12214);
#12213 = CARTESIAN_POINT('',(0.,0.));
#12214 = VECTOR('',#12215,1.);
#12215 = DIRECTION('',(1.,0.));
#12216 = ( GEOMETRIC_REPRESENTATION_CONTEXT(2) 
PARAMETRIC_REPRESENTATION_CONTEXT() REPRESENTATION_CONTEXT('2D SPACE',''
  ) );
#12217 = ORIENTED_EDGE('',*,*,#12218,.T.);
#12218 = EDGE_CURVE('',#12184,#12219,#12221,.T.);
#12219 = VERTEX_POINT('',#12220);
#12220 = CARTESIAN_POINT('',(295.,-228.,342.));
#12221 = SURFACE_CURVE('',#12222,(#12226,#12233),.PCURVE_S1.);
#12222 = LINE('',#12223,#12224);
#12223 = CARTESIAN_POINT('',(295.,-248.,342.));
#12224 = VECTOR('',#12225,1.);
#12225 = DIRECTION('',(0.,1.,0.));
#12226 = PCURVE('',#12194,#12227);
#12227 = DEFINITIONAL_REPRESENTATION('',(#12228),#12232);
#12228 = LINE('',#12229,#12230);
#12229 = CARTESIAN_POINT('',(0.,0.));
#12230 = VECTOR('',#12231,1.);
#12231 = DIRECTION('',(0.,-1.));
#12232 = ( GEOMETRIC_REPRESENTATION_CONTEXT(2) 
PARAMETRIC_REPRESENTATION_CONTEXT() REPRESENTATION_CONTEXT('2D SPACE',''
  ) );
#12233 = PCURVE('',#12234,#12239);
#12234 = PLANE('',#12235);
#12235 = AXIS2_PLACEMENT_3D('',#12236,#12237,#12238);
#12236 = CARTESIAN_POINT('',(295.,-248.,342.));
#12237 = DIRECTION('',(0.,0.,1.));
#12238 = DIRECTION('',(1.,0.,0.));
#12239 = DEFINITIONAL_REPRESENTATION('',(#12240),#12244);
#12240 = LINE('',#12241,#12242);
#12241 = CARTESIAN_POINT('',(0.,0.));
#12242 = VECTOR('',#12243,1.);
#12243 = DIRECTION('',(0.,1.));
#12244 = ( GEOMETRIC_REPRESENTATION_CONTEXT(2) 
PARAMETRIC_REPRESENTATION_CONTEXT() REPRESENTATION_CONTEXT('2D SPACE',''
  ) );
#12245 = ORIENTED_EDGE('',*,*,#12246,.T.);
#12246 = EDGE_CURVE('',#12219,#12247,#12249,.T.);
#12247 = VERTEX_POINT('',#12248);
#12248 = CARTESIAN_POINT('',(295.,-228.,348.));
#12249 = SURFACE_CURVE('',#12250,(#12254,#12261),.PCURVE_S1.);
#12250 = LINE('',#12251,#12252);
#12251 = CARTESIAN_POINT('',(295.,-228.,342.));
#12252 = VECTOR('',#12253,1.);
#12253 = DIRECTION('',(0.,0.,1.));
#12254 = PCURVE('',#12194,#12255);
#12255 = DEFINITIONAL_REPRESENTATION('',(#12256),#12260);
#12256 = LINE('',#12257,#12258);
#12257 = CARTESIAN_POINT('',(0.,-20.));
#12258 = VECTOR('',#12259,1.);
#12259 = DIRECTION('',(1.,0.));
#12260 = ( GEOMETRIC_REPRESENTATION_CONTEXT(2) 
PARAMETRIC_REPRESENTATION_CONTEXT() REPRESENTATION_CONTEXT('2D SPACE',''
  ) );
#12261 = PCURVE('',#12262,#12267);
#12262 = PLANE('',#12263);
#12263 = AXIS2_PLACEMENT_3D('',#12264,#12265,#12266);
#12264 = CARTESIAN_POINT('',(295.,-228.,342.));
#12265 = DIRECTION('',(0.,1.,0.));
#12266 = DIRECTION('',(0.,0.,1.));
#12267 = DEFINITIONAL_REPRESENTATION('',(#12268),#12272);
#12268 = LINE('',#12269,#12270);
#12269 = CARTESIAN_POINT('',(0.,0.));
#12270 = VECTOR('',#12271,1.);
#12271 = DIRECTION('',(1.,0.));
#12272 = ( GEOMETRIC_REPRESENTATION_CONTEXT(2) 
PARAMETRIC_REPRESENTATION_CONTEXT() REPRESENTATION_CONTEXT('2D SPACE',''
  ) );
#12273 = ORIENTED_EDGE('',*,*,#12274,.F.);
#12274 = EDGE_CURVE('',#12186,#12247,#12275,.T.);
#12275 = SURFACE_CURVE('',#12276,(#12280,#12287),.PCURVE_S1.);
#12276 = LINE('',#12277,#12278);
#12277 = CARTESIAN_POINT('',(295.,-248.,348.));
#12278 = VECTOR('',#12279,1.);
#12279 = DIRECTION('',(0.,1.,0.));
#12280 = PCURVE('',#12194,#12281);
#12281 = DEFINITIONAL_REPRESENTATION('',(#12282),#12286);
#12282 = LINE('',#12283,#12284);
#12283 = CARTESIAN_POINT('',(6.,0.));
#12284 = VECTOR('',#12285,1.);
#12285 = DIRECTION('',(0.,-1.));
#12286 = ( GEOMETRIC_REPRESENTATION_CONTEXT(2) 
PARAMETRIC_REPRESENTATION_CONTEXT() REPRESENTATION_CONTEXT('2D SPACE',''
  ) );
#12287 = PCURVE('',#12288,#12293);
#12288 = PLANE('',#12289);
#12289 = AXIS2_PLACEMENT_3D('',#12290,#12291,#12292);
#12290 = CARTESIAN_POINT('',(295.,-248.,348.));
#12291 = DIRECTION('',(0.,0.,1.));
#12292 = DIRECTION('',(1.,0.,0.));
#12293 = DEFINITIONAL_REPRESENTATION('',(#12294),#12298);
#12294 = LINE('',#12295,#12296);
#12295 = CARTESIAN_POINT('',(0.,0.));
#12296 = VECTOR('',#12297,1.);
#12297 = DIRECTION('',(0.,1.));
#12298 = ( GEOMETRIC_REPRESENTATION_CONTEXT(2) 
PARAMETRIC_REPRESENTATION_CONTEXT() REPRESENTATION_CONTEXT('2D SPACE',''
  ) );
#12299 = ADVANCED_FACE('',(#12300),#12314,.T.);
#12300 = FACE_BOUND('',#12301,.T.);
#12301 = EDGE_LOOP('',(#12302,#12332,#12355,#12378));
#12302 = ORIENTED_EDGE('',*,*,#12303,.F.);
#12303 = EDGE_CURVE('',#12304,#12306,#12308,.T.);
#12304 = VERTEX_POINT('',#12305);
#12305 = CARTESIAN_POINT('',(365.,-248.,342.));
#12306 = VERTEX_POINT('',#12307);
#12307 = CARTESIAN_POINT('',(365.,-248.,348.));
#12308 = SURFACE_CURVE('',#12309,(#12313,#12325),.PCURVE_S1.);
#12309 = LINE('',#12310,#12311);
#12310 = CARTESIAN_POINT('',(365.,-248.,342.));
#12311 = VECTOR('',#12312,1.);
#12312 = DIRECTION('',(0.,0.,1.));
#12313 = PCURVE('',#12314,#12319);
#12314 = PLANE('',#12315);
#12315 = AXIS2_PLACEMENT_3D('',#12316,#12317,#12318);
#12316 = CARTESIAN_POINT('',(365.,-248.,342.));
#12317 = DIRECTION('',(1.,0.,0.));
#12318 = DIRECTION('',(0.,0.,1.));
#12319 = DEFINITIONAL_REPRESENTATION('',(#12320),#12324);
#12320 = LINE('',#12321,#12322);
#12321 = CARTESIAN_POINT('',(0.,0.));
#12322 = VECTOR('',#12323,1.);
#12323 = DIRECTION('',(1.,0.));
#12324 = ( GEOMETRIC_REPRESENTATION_CONTEXT(2) 
PARAMETRIC_REPRESENTATION_CONTEXT() REPRESENTATION_CONTEXT('2D SPACE',''
  ) );
#12325 = PCURVE('',#12206,#12326);
#12326 = DEFINITIONAL_REPRESENTATION('',(#12327),#12331);
#12327 = LINE('',#12328,#12329);
#12328 = CARTESIAN_POINT('',(0.,70.));
#12329 = VECTOR('',#12330,1.);
#12330 = DIRECTION('',(1.,0.));
#12331 = ( GEOMETRIC_REPRESENTATION_CONTEXT(2) 
PARAMETRIC_REPRESENTATION_CONTEXT() REPRESENTATION_CONTEXT('2D SPACE',''
  ) );
#12332 = ORIENTED_EDGE('',*,*,#12333,.T.);
#12333 = EDGE_CURVE('',#12304,#12334,#12336,.T.);
#12334 = VERTEX_POINT('',#12335);
#12335 = CARTESIAN_POINT('',(365.,-228.,342.));
#12336 = SURFACE_CURVE('',#12337,(#12341,#12348),.PCURVE_S1.);
#12337 = LINE('',#12338,#12339);
#12338 = CARTESIAN_POINT('',(365.,-248.,342.));
#12339 = VECTOR('',#12340,1.);
#12340 = DIRECTION('',(0.,1.,0.));
#12341 = PCURVE('',#12314,#12342);
#12342 = DEFINITIONAL_REPRESENTATION('',(#12343),#12347);
#12343 = LINE('',#12344,#12345);
#12344 = CARTESIAN_POINT('',(0.,0.));
#12345 = VECTOR('',#12346,1.);
#12346 = DIRECTION('',(0.,-1.));
#12347 = ( GEOMETRIC_REPRESENTATION_CONTEXT(2) 
PARAMETRIC_REPRESENTATION_CONTEXT() REPRESENTATION_CONTEXT('2D SPACE',''
  ) );
#12348 = PCURVE('',#12234,#12349);
#12349 = DEFINITIONAL_REPRESENTATION('',(#12350),#12354);
#12350 = LINE('',#12351,#12352);
#12351 = CARTESIAN_POINT('',(70.,0.));
#12352 = VECTOR('',#12353,1.);
#12353 = DIRECTION('',(0.,1.));
#12354 = ( GEOMETRIC_REPRESENTATION_CONTEXT(2) 
PARAMETRIC_REPRESENTATION_CONTEXT() REPRESENTATION_CONTEXT('2D SPACE',''
  ) );
#12355 = ORIENTED_EDGE('',*,*,#12356,.T.);
#12356 = EDGE_CURVE('',#12334,#12357,#12359,.T.);
#12357 = VERTEX_POINT('',#12358);
#12358 = CARTESIAN_POINT('',(365.,-228.,348.));
#12359 = SURFACE_CURVE('',#12360,(#12364,#12371),.PCURVE_S1.);
#12360 = LINE('',#12361,#12362);
#12361 = CARTESIAN_POINT('',(365.,-228.,342.));
#12362 = VECTOR('',#12363,1.);
#12363 = DIRECTION('',(0.,0.,1.));
#12364 = PCURVE('',#12314,#12365);
#12365 = DEFINITIONAL_REPRESENTATION('',(#12366),#12370);
#12366 = LINE('',#12367,#12368);
#12367 = CARTESIAN_POINT('',(0.,-20.));
#12368 = VECTOR('',#12369,1.);
#12369 = DIRECTION('',(1.,0.));
#12370 = ( GEOMETRIC_REPRESENTATION_CONTEXT(2) 
PARAMETRIC_REPRESENTATION_CONTEXT() REPRESENTATION_CONTEXT('2D SPACE',''
  ) );
#12371 = PCURVE('',#12262,#12372);
#12372 = DEFINITIONAL_REPRESENTATION('',(#12373),#12377);
#12373 = LINE('',#12374,#12375);
#12374 = CARTESIAN_POINT('',(0.,70.));
#12375 = VECTOR('',#12376,1.);
#12376 = DIRECTION('',(1.,0.));
#12377 = ( GEOMETRIC_REPRESENTATION_CONTEXT(2) 
PARAMETRIC_REPRESENTATION_CONTEXT() REPRESENTATION_CONTEXT('2D SPACE',''
  ) );
#12378 = ORIENTED_EDGE('',*,*,#12379,.F.);
#12379 = EDGE_CURVE('',#12306,#12357,#12380,.T.);
#12380 = SURFACE_CURVE('',#12381,(#12385,#12392),.PCURVE_S1.);
#12381 = LINE('',#12382,#12383);
#12382 = CARTESIAN_POINT('',(365.,-248.,348.));
#12383 = VECTOR('',#12384,1.);
#12384 = DIRECTION('',(0.,1.,0.));
#12385 = PCURVE('',#12314,#12386);
#12386 = DEFINITIONAL_REPRESENTATION('',(#12387),#12391);
#12387 = LINE('',#12388,#12389);
#12388 = CARTESIAN_POINT('',(6.,0.));
#12389 = VECTOR('',#12390,1.);
#12390 = DIRECTION('',(0.,-1.));
#12391 = ( GEOMETRIC_REPRESENTATION_CONTEXT(2) 
PARAMETRIC_REPRESENTATION_CONTEXT() REPRESENTATION_CONTEXT('2D SPACE',''
  ) );
#12392 = PCURVE('',#12288,#12393);
#12393 = DEFINITIONAL_REPRESENTATION('',(#12394),#12398);
#12394 = LINE('',#12395,#12396);
#12395 = CARTESIAN_POINT('',(70.,0.));
#12396 = VECTOR('',#12397,1.);
#12397 = DIRECTION('',(0.,1.));
#12398 = ( GEOMETRIC_REPRESENTATION_CONTEXT(2) 
PARAMETRIC_REPRESENTATION_CONTEXT() REPRESENTATION_CONTEXT('2D SPACE',''
  ) );
#12399 = ADVANCED_FACE('',(#12400),#12206,.F.);
#12400 = FACE_BOUND('',#12401,.F.);
#12401 = EDGE_LOOP('',(#12402,#12423,#12424,#12445));
#12402 = ORIENTED_EDGE('',*,*,#12403,.F.);
#12403 = EDGE_CURVE('',#12184,#12304,#12404,.T.);
#12404 = SURFACE_CURVE('',#12405,(#12409,#12416),.PCURVE_S1.);
#12405 = LINE('',#12406,#12407);
#12406 = CARTESIAN_POINT('',(295.,-248.,342.));
#12407 = VECTOR('',#12408,1.);
#12408 = DIRECTION('',(1.,0.,0.));
#12409 = PCURVE('',#12206,#12410);
#12410 = DEFINITIONAL_REPRESENTATION('',(#12411),#12415);
#12411 = LINE('',#12412,#12413);
#12412 = CARTESIAN_POINT('',(0.,0.));
#12413 = VECTOR('',#12414,1.);
#12414 = DIRECTION('',(0.,1.));
#12415 = ( GEOMETRIC_REPRESENTATION_CONTEXT(2) 
PARAMETRIC_REPRESENTATION_CONTEXT() REPRESENTATION_CONTEXT('2D SPACE',''
  ) );
#12416 = PCURVE('',#12234,#12417);
#12417 = DEFINITIONAL_REPRESENTATION('',(#12418),#12422);
#12418 = LINE('',#12419,#12420);
#12419 = CARTESIAN_POINT('',(0.,0.));
#12420 = VECTOR('',#12421,1.);
#12421 = DIRECTION('',(1.,0.));
#12422 = ( GEOMETRIC_REPRESENTATION_CONTEXT(2) 
PARAMETRIC_REPRESENTATION_CONTEXT() REPRESENTATION_CONTEXT('2D SPACE',''
  ) );
#12423 = ORIENTED_EDGE('',*,*,#12183,.T.);
#12424 = ORIENTED_EDGE('',*,*,#12425,.T.);
#12425 = EDGE_CURVE('',#12186,#12306,#12426,.T.);
#12426 = SURFACE_CURVE('',#12427,(#12431,#12438),.PCURVE_S1.);
#12427 = LINE('',#12428,#12429);
#12428 = CARTESIAN_POINT('',(295.,-248.,348.));
#12429 = VECTOR('',#12430,1.);
#12430 = DIRECTION('',(1.,0.,0.));
#12431 = PCURVE('',#12206,#12432);
#12432 = DEFINITIONAL_REPRESENTATION('',(#12433),#12437);
#12433 = LINE('',#12434,#12435);
#12434 = CARTESIAN_POINT('',(6.,0.));
#12435 = VECTOR('',#12436,1.);
#12436 = DIRECTION('',(0.,1.));
#12437 = ( GEOMETRIC_REPRESENTATION_CONTEXT(2) 
PARAMETRIC_REPRESENTATION_CONTEXT() REPRESENTATION_CONTEXT('2D SPACE',''
  ) );
#12438 = PCURVE('',#12288,#12439);
#12439 = DEFINITIONAL_REPRESENTATION('',(#12440),#12444);
#12440 = LINE('',#12441,#12442);
#12441 = CARTESIAN_POINT('',(0.,0.));
#12442 = VECTOR('',#12443,1.);
#12443 = DIRECTION('',(1.,0.));
#12444 = ( GEOMETRIC_REPRESENTATION_CONTEXT(2) 
PARAMETRIC_REPRESENTATION_CONTEXT() REPRESENTATION_CONTEXT('2D SPACE',''
  ) );
#12445 = ORIENTED_EDGE('',*,*,#12303,.F.);
#12446 = ADVANCED_FACE('',(#12447),#12262,.T.);
#12447 = FACE_BOUND('',#12448,.T.);
#12448 = EDGE_LOOP('',(#12449,#12470,#12471,#12492));
#12449 = ORIENTED_EDGE('',*,*,#12450,.F.);
#12450 = EDGE_CURVE('',#12219,#12334,#12451,.T.);
#12451 = SURFACE_CURVE('',#12452,(#12456,#12463),.PCURVE_S1.);
#12452 = LINE('',#12453,#12454);
#12453 = CARTESIAN_POINT('',(295.,-228.,342.));
#12454 = VECTOR('',#12455,1.);
#12455 = DIRECTION('',(1.,0.,0.));
#12456 = PCURVE('',#12262,#12457);
#12457 = DEFINITIONAL_REPRESENTATION('',(#12458),#12462);
#12458 = LINE('',#12459,#12460);
#12459 = CARTESIAN_POINT('',(0.,0.));
#12460 = VECTOR('',#12461,1.);
#12461 = DIRECTION('',(0.,1.));
#12462 = ( GEOMETRIC_REPRESENTATION_CONTEXT(2) 
PARAMETRIC_REPRESENTATION_CONTEXT() REPRESENTATION_CONTEXT('2D SPACE',''
  ) );
#12463 = PCURVE('',#12234,#12464);
#12464 = DEFINITIONAL_REPRESENTATION('',(#12465),#12469);
#12465 = LINE('',#12466,#12467);
#12466 = CARTESIAN_POINT('',(0.,20.));
#12467 = VECTOR('',#12468,1.);
#12468 = DIRECTION('',(1.,0.));
#12469 = ( GEOMETRIC_REPRESENTATION_CONTEXT(2) 
PARAMETRIC_REPRESENTATION_CONTEXT() REPRESENTATION_CONTEXT('2D SPACE',''
  ) );
#12470 = ORIENTED_EDGE('',*,*,#12246,.T.);
#12471 = ORIENTED_EDGE('',*,*,#12472,.T.);
#12472 = EDGE_CURVE('',#12247,#12357,#12473,.T.);
#12473 = SURFACE_CURVE('',#12474,(#12478,#12485),.PCURVE_S1.);
#12474 = LINE('',#12475,#12476);
#12475 = CARTESIAN_POINT('',(295.,-228.,348.));
#12476 = VECTOR('',#12477,1.);
#12477 = DIRECTION('',(1.,0.,0.));
#12478 = PCURVE('',#12262,#12479);
#12479 = DEFINITIONAL_REPRESENTATION('',(#12480),#12484);
#12480 = LINE('',#12481,#12482);
#12481 = CARTESIAN_POINT('',(6.,0.));
#12482 = VECTOR('',#12483,1.);
#12483 = DIRECTION('',(0.,1.));
#12484 = ( GEOMETRIC_REPRESENTATION_CONTEXT(2) 
PARAMETRIC_REPRESENTATION_CONTEXT() REPRESENTATION_CONTEXT('2D SPACE',''
  ) );
#12485 = PCURVE('',#12288,#12486);
#12486 = DEFINITIONAL_REPRESENTATION('',(#12487),#12491);
#12487 = LINE('',#12488,#12489);
#12488 = CARTESIAN_POINT('',(0.,20.));
#12489 = VECTOR('',#12490,1.);
#12490 = DIRECTION('',(1.,0.));
#12491 = ( GEOMETRIC_REPRESENTATION_CONTEXT(2) 
PARAMETRIC_REPRESENTATION_CONTEXT() REPRESENTATION_CONTEXT('2D SPACE',''
  ) );
#12492 = ORIENTED_EDGE('',*,*,#12356,.F.);
#12493 = ADVANCED_FACE('',(#12494),#12234,.F.);
#12494 = FACE_BOUND('',#12495,.F.);
#12495 = EDGE_LOOP('',(#12496,#12497,#12498,#12499));
#12496 = ORIENTED_EDGE('',*,*,#12218,.F.);
#12497 = ORIENTED_EDGE('',*,*,#12403,.T.);
#12498 = ORIENTED_EDGE('',*,*,#12333,.T.);
#12499 = ORIENTED_EDGE('',*,*,#12450,.F.);
#12500 = ADVANCED_FACE('',(#12501),#12288,.T.);
#12501 = FACE_BOUND('',#12502,.T.);
#12502 = EDGE_LOOP('',(#12503,#12504,#12505,#12506));
#12503 = ORIENTED_EDGE('',*,*,#12274,.F.);
#12504 = ORIENTED_EDGE('',*,*,#12425,.T.);
#12505 = ORIENTED_EDGE('',*,*,#12379,.T.);
#12506 = ORIENTED_EDGE('',*,*,#12472,.F.);
#12507 = ( GEOMETRIC_REPRESENTATION_CONTEXT(3) 
GLOBAL_UNCERTAINTY_ASSIGNED_CONTEXT((#12511)) 
GLOBAL_UNIT_ASSIGNED_CONTEXT((#12508,#12509,#12510)) 
REPRESENTATION_CONTEXT('Context #1',
  '3D Context with UNIT and UNCERTAINTY') );
#12508 = ( LENGTH_UNIT() NAMED_UNIT(*) SI_UNIT(.MILLI.,.METRE.) );
#12509 = ( NAMED_UNIT(*) PLANE_ANGLE_UNIT() SI_UNIT($,.RADIAN.) );
#12510 = ( NAMED_UNIT(*) SI_UNIT($,.STERADIAN.) SOLID_ANGLE_UNIT() );
#12511 = UNCERTAINTY_MEASURE_WITH_UNIT(LENGTH_MEASURE(1.E-07),#12508,
  'distance_accuracy_value','confusion accuracy');
#12512 = CONTEXT_DEPENDENT_SHAPE_REPRESENTATION(#12513,#12515);
#12513 = ( REPRESENTATION_RELATIONSHIP('','',#12176,#10) 
REPRESENTATION_RELATIONSHIP_WITH_TRANSFORMATION(#12514) 
SHAPE_REPRESENTATION_RELATIONSHIP() );
#12514 = ITEM_DEFINED_TRANSFORMATION('','',#11,#143);
#12515 = PRODUCT_DEFINITION_SHAPE('Placement','Placement of an item',
  #12516);
#12516 = NEXT_ASSEMBLY_USAGE_OCCURRENCE('3312',
  'NVR-P12_CR3001_keeper_3_PROVISIONAL','',#5,#12171,$);
#12517 = PRODUCT_RELATED_PRODUCT_CATEGORY('part',$,(#12173));
#12518 = SHAPE_DEFINITION_REPRESENTATION(#12519,#12525);
#12519 = PRODUCT_DEFINITION_SHAPE('','',#12520);
#12520 = PRODUCT_DEFINITION('design','',#12521,#12524);
#12521 = PRODUCT_DEFINITION_FORMATION('','',#12522);
#12522 = PRODUCT('LATCH_3_1_screw','LATCH_3_1_screw','',(#12523));
#12523 = PRODUCT_CONTEXT('',#2,'mechanical');
#12524 = PRODUCT_DEFINITION_CONTEXT('part definition',#2,'design');
#12525 = SHAPE_REPRESENTATION('',(#11,#12526,#12624),#12722);
#12526 = MANIFOLD_SOLID_BREP('',#12527);
#12527 = CLOSED_SHELL('',(#12528,#12616,#12620));
#12528 = ADVANCED_FACE('',(#12529),#12543,.T.);
#12529 = FACE_BOUND('',#12530,.F.);
#12530 = EDGE_LOOP('',(#12531,#12561,#12588,#12589));
#12531 = ORIENTED_EDGE('',*,*,#12532,.T.);
#12532 = EDGE_CURVE('',#12533,#12535,#12537,.T.);
#12533 = VERTEX_POINT('',#12534);
#12534 = CARTESIAN_POINT('',(308.,-260.,325.));
#12535 = VERTEX_POINT('',#12536);
#12536 = CARTESIAN_POINT('',(308.,-260.,353.));
#12537 = SEAM_CURVE('',#12538,(#12542,#12554),.PCURVE_S1.);
#12538 = LINE('',#12539,#12540);
#12539 = CARTESIAN_POINT('',(308.,-260.,325.));
#12540 = VECTOR('',#12541,1.);
#12541 = DIRECTION('',(0.,0.,1.));
#12542 = PCURVE('',#12543,#12548);
#12543 = CYLINDRICAL_SURFACE('',#12544,3.);
#12544 = AXIS2_PLACEMENT_3D('',#12545,#12546,#12547);
#12545 = CARTESIAN_POINT('',(305.,-260.,325.));
#12546 = DIRECTION('',(-0.,-0.,-1.));
#12547 = DIRECTION('',(1.,0.,0.));
#12548 = DEFINITIONAL_REPRESENTATION('',(#12549),#12553);
#12549 = LINE('',#12550,#12551);
#12550 = CARTESIAN_POINT('',(-0.,0.));
#12551 = VECTOR('',#12552,1.);
#12552 = DIRECTION('',(-0.,-1.));
#12553 = ( GEOMETRIC_REPRESENTATION_CONTEXT(2) 
PARAMETRIC_REPRESENTATION_CONTEXT() REPRESENTATION_CONTEXT('2D SPACE',''
  ) );
#12554 = PCURVE('',#12543,#12555);
#12555 = DEFINITIONAL_REPRESENTATION('',(#12556),#12560);
#12556 = LINE('',#12557,#12558);
#12557 = CARTESIAN_POINT('',(-6.28318530718,0.));
#12558 = VECTOR('',#12559,1.);
#12559 = DIRECTION('',(-0.,-1.));
#12560 = ( GEOMETRIC_REPRESENTATION_CONTEXT(2) 
PARAMETRIC_REPRESENTATION_CONTEXT() REPRESENTATION_CONTEXT('2D SPACE',''
  ) );
#12561 = ORIENTED_EDGE('',*,*,#12562,.T.);
#12562 = EDGE_CURVE('',#12535,#12535,#12563,.T.);
#12563 = SURFACE_CURVE('',#12564,(#12569,#12576),.PCURVE_S1.);
#12564 = CIRCLE('',#12565,3.);
#12565 = AXIS2_PLACEMENT_3D('',#12566,#12567,#12568);
#12566 = CARTESIAN_POINT('',(305.,-260.,353.));
#12567 = DIRECTION('',(0.,0.,1.));
#12568 = DIRECTION('',(1.,0.,0.));
#12569 = PCURVE('',#12543,#12570);
#12570 = DEFINITIONAL_REPRESENTATION('',(#12571),#12575);
#12571 = LINE('',#12572,#12573);
#12572 = CARTESIAN_POINT('',(-0.,-28.));
#12573 = VECTOR('',#12574,1.);
#12574 = DIRECTION('',(-1.,0.));
#12575 = ( GEOMETRIC_REPRESENTATION_CONTEXT(2) 
PARAMETRIC_REPRESENTATION_CONTEXT() REPRESENTATION_CONTEXT('2D SPACE',''
  ) );
#12576 = PCURVE('',#12577,#12582);
#12577 = PLANE('',#12578);
#12578 = AXIS2_PLACEMENT_3D('',#12579,#12580,#12581);
#12579 = CARTESIAN_POINT('',(305.,-260.,353.));
#12580 = DIRECTION('',(0.,0.,1.));
#12581 = DIRECTION('',(1.,0.,-0.));
#12582 = DEFINITIONAL_REPRESENTATION('',(#12583),#12587);
#12583 = CIRCLE('',#12584,3.);
#12584 = AXIS2_PLACEMENT_2D('',#12585,#12586);
#12585 = CARTESIAN_POINT('',(0.,0.));
#12586 = DIRECTION('',(1.,0.));
#12587 = ( GEOMETRIC_REPRESENTATION_CONTEXT(2) 
PARAMETRIC_REPRESENTATION_CONTEXT() REPRESENTATION_CONTEXT('2D SPACE',''
  ) );
#12588 = ORIENTED_EDGE('',*,*,#12532,.F.);
#12589 = ORIENTED_EDGE('',*,*,#12590,.F.);
#12590 = EDGE_CURVE('',#12533,#12533,#12591,.T.);
#12591 = SURFACE_CURVE('',#12592,(#12597,#12604),.PCURVE_S1.);
#12592 = CIRCLE('',#12593,3.);
#12593 = AXIS2_PLACEMENT_3D('',#12594,#12595,#12596);
#12594 = CARTESIAN_POINT('',(305.,-260.,325.));
#12595 = DIRECTION('',(0.,0.,1.));
#12596 = DIRECTION('',(1.,0.,0.));
#12597 = PCURVE('',#12543,#12598);
#12598 = DEFINITIONAL_REPRESENTATION('',(#12599),#12603);
#12599 = LINE('',#12600,#12601);
#12600 = CARTESIAN_POINT('',(-0.,0.));
#12601 = VECTOR('',#12602,1.);
#12602 = DIRECTION('',(-1.,0.));
#12603 = ( GEOMETRIC_REPRESENTATION_CONTEXT(2) 
PARAMETRIC_REPRESENTATION_CONTEXT() REPRESENTATION_CONTEXT('2D SPACE',''
  ) );
#12604 = PCURVE('',#12605,#12610);
#12605 = PLANE('',#12606);
#12606 = AXIS2_PLACEMENT_3D('',#12607,#12608,#12609);
#12607 = CARTESIAN_POINT('',(305.,-260.,325.));
#12608 = DIRECTION('',(0.,0.,1.));
#12609 = DIRECTION('',(1.,0.,-0.));
#12610 = DEFINITIONAL_REPRESENTATION('',(#12611),#12615);
#12611 = CIRCLE('',#12612,3.);
#12612 = AXIS2_PLACEMENT_2D('',#12613,#12614);
#12613 = CARTESIAN_POINT('',(0.,0.));
#12614 = DIRECTION('',(1.,0.));
#12615 = ( GEOMETRIC_REPRESENTATION_CONTEXT(2) 
PARAMETRIC_REPRESENTATION_CONTEXT() REPRESENTATION_CONTEXT('2D SPACE',''
  ) );
#12616 = ADVANCED_FACE('',(#12617),#12605,.F.);
#12617 = FACE_BOUND('',#12618,.F.);
#12618 = EDGE_LOOP('',(#12619));
#12619 = ORIENTED_EDGE('',*,*,#12590,.T.);
#12620 = ADVANCED_FACE('',(#12621),#12577,.T.);
#12621 = FACE_BOUND('',#12622,.T.);
#12622 = EDGE_LOOP('',(#12623));
#12623 = ORIENTED_EDGE('',*,*,#12562,.T.);
#12624 = MANIFOLD_SOLID_BREP('',#12625);
#12625 = CLOSED_SHELL('',(#12626,#12714,#12718));
#12626 = ADVANCED_FACE('',(#12627),#12641,.T.);
#12627 = FACE_BOUND('',#12628,.F.);
#12628 = EDGE_LOOP('',(#12629,#12659,#12686,#12687));
#12629 = ORIENTED_EDGE('',*,*,#12630,.T.);
#12630 = EDGE_CURVE('',#12631,#12633,#12635,.T.);
#12631 = VERTEX_POINT('',#12632);
#12632 = CARTESIAN_POINT('',(310.2,-260.,349.));
#12633 = VERTEX_POINT('',#12634);
#12634 = CARTESIAN_POINT('',(310.2,-260.,353.));
#12635 = SEAM_CURVE('',#12636,(#12640,#12652),.PCURVE_S1.);
#12636 = LINE('',#12637,#12638);
#12637 = CARTESIAN_POINT('',(310.2,-260.,349.));
#12638 = VECTOR('',#12639,1.);
#12639 = DIRECTION('',(0.,0.,1.));
#12640 = PCURVE('',#12641,#12646);
#12641 = CYLINDRICAL_SURFACE('',#12642,5.2);
#12642 = AXIS2_PLACEMENT_3D('',#12643,#12644,#12645);
#12643 = CARTESIAN_POINT('',(305.,-260.,349.));
#12644 = DIRECTION('',(-0.,-0.,-1.));
#12645 = DIRECTION('',(1.,0.,0.));
#12646 = DEFINITIONAL_REPRESENTATION('',(#12647),#12651);
#12647 = LINE('',#12648,#12649);
#12648 = CARTESIAN_POINT('',(-0.,0.));
#12649 = VECTOR('',#12650,1.);
#12650 = DIRECTION('',(-0.,-1.));
#12651 = ( GEOMETRIC_REPRESENTATION_CONTEXT(2) 
PARAMETRIC_REPRESENTATION_CONTEXT() REPRESENTATION_CONTEXT('2D SPACE',''
  ) );
#12652 = PCURVE('',#12641,#12653);
#12653 = DEFINITIONAL_REPRESENTATION('',(#12654),#12658);
#12654 = LINE('',#12655,#12656);
#12655 = CARTESIAN_POINT('',(-6.28318530718,0.));
#12656 = VECTOR('',#12657,1.);
#12657 = DIRECTION('',(-0.,-1.));
#12658 = ( GEOMETRIC_REPRESENTATION_CONTEXT(2) 
PARAMETRIC_REPRESENTATION_CONTEXT() REPRESENTATION_CONTEXT('2D SPACE',''
  ) );
#12659 = ORIENTED_EDGE('',*,*,#12660,.T.);
#12660 = EDGE_CURVE('',#12633,#12633,#12661,.T.);
#12661 = SURFACE_CURVE('',#12662,(#12667,#12674),.PCURVE_S1.);
#12662 = CIRCLE('',#12663,5.2);
#12663 = AXIS2_PLACEMENT_3D('',#12664,#12665,#12666);
#12664 = CARTESIAN_POINT('',(305.,-260.,353.));
#12665 = DIRECTION('',(0.,0.,1.));
#12666 = DIRECTION('',(1.,0.,0.));
#12667 = PCURVE('',#12641,#12668);
#12668 = DEFINITIONAL_REPRESENTATION('',(#12669),#12673);
#12669 = LINE('',#12670,#12671);
#12670 = CARTESIAN_POINT('',(-0.,-4.));
#12671 = VECTOR('',#12672,1.);
#12672 = DIRECTION('',(-1.,0.));
#12673 = ( GEOMETRIC_REPRESENTATION_CONTEXT(2) 
PARAMETRIC_REPRESENTATION_CONTEXT() REPRESENTATION_CONTEXT('2D SPACE',''
  ) );
#12674 = PCURVE('',#12675,#12680);
#12675 = PLANE('',#12676);
#12676 = AXIS2_PLACEMENT_3D('',#12677,#12678,#12679);
#12677 = CARTESIAN_POINT('',(305.,-260.,353.));
#12678 = DIRECTION('',(0.,0.,1.));
#12679 = DIRECTION('',(1.,0.,-0.));
#12680 = DEFINITIONAL_REPRESENTATION('',(#12681),#12685);
#12681 = CIRCLE('',#12682,5.2);
#12682 = AXIS2_PLACEMENT_2D('',#12683,#12684);
#12683 = CARTESIAN_POINT('',(0.,0.));
#12684 = DIRECTION('',(1.,0.));
#12685 = ( GEOMETRIC_REPRESENTATION_CONTEXT(2) 
PARAMETRIC_REPRESENTATION_CONTEXT() REPRESENTATION_CONTEXT('2D SPACE',''
  ) );
#12686 = ORIENTED_EDGE('',*,*,#12630,.F.);
#12687 = ORIENTED_EDGE('',*,*,#12688,.F.);
#12688 = EDGE_CURVE('',#12631,#12631,#12689,.T.);
#12689 = SURFACE_CURVE('',#12690,(#12695,#12702),.PCURVE_S1.);
#12690 = CIRCLE('',#12691,5.2);
#12691 = AXIS2_PLACEMENT_3D('',#12692,#12693,#12694);
#12692 = CARTESIAN_POINT('',(305.,-260.,349.));
#12693 = DIRECTION('',(0.,0.,1.));
#12694 = DIRECTION('',(1.,0.,0.));
#12695 = PCURVE('',#12641,#12696);
#12696 = DEFINITIONAL_REPRESENTATION('',(#12697),#12701);
#12697 = LINE('',#12698,#12699);
#12698 = CARTESIAN_POINT('',(-0.,0.));
#12699 = VECTOR('',#12700,1.);
#12700 = DIRECTION('',(-1.,0.));
#12701 = ( GEOMETRIC_REPRESENTATION_CONTEXT(2) 
PARAMETRIC_REPRESENTATION_CONTEXT() REPRESENTATION_CONTEXT('2D SPACE',''
  ) );
#12702 = PCURVE('',#12703,#12708);
#12703 = PLANE('',#12704);
#12704 = AXIS2_PLACEMENT_3D('',#12705,#12706,#12707);
#12705 = CARTESIAN_POINT('',(305.,-260.,349.));
#12706 = DIRECTION('',(0.,0.,1.));
#12707 = DIRECTION('',(1.,0.,-0.));
#12708 = DEFINITIONAL_REPRESENTATION('',(#12709),#12713);
#12709 = CIRCLE('',#12710,5.2);
#12710 = AXIS2_PLACEMENT_2D('',#12711,#12712);
#12711 = CARTESIAN_POINT('',(0.,0.));
#12712 = DIRECTION('',(1.,0.));
#12713 = ( GEOMETRIC_REPRESENTATION_CONTEXT(2) 
PARAMETRIC_REPRESENTATION_CONTEXT() REPRESENTATION_CONTEXT('2D SPACE',''
  ) );
#12714 = ADVANCED_FACE('',(#12715),#12703,.F.);
#12715 = FACE_BOUND('',#12716,.F.);
#12716 = EDGE_LOOP('',(#12717));
#12717 = ORIENTED_EDGE('',*,*,#12688,.T.);
#12718 = ADVANCED_FACE('',(#12719),#12675,.T.);
#12719 = FACE_BOUND('',#12720,.T.);
#12720 = EDGE_LOOP('',(#12721));
#12721 = ORIENTED_EDGE('',*,*,#12660,.T.);
#12722 = ( GEOMETRIC_REPRESENTATION_CONTEXT(3) 
GLOBAL_UNCERTAINTY_ASSIGNED_CONTEXT((#12726)) 
GLOBAL_UNIT_ASSIGNED_CONTEXT((#12723,#12724,#12725)) 
REPRESENTATION_CONTEXT('Context #1',
  '3D Context with UNIT and UNCERTAINTY') );
#12723 = ( LENGTH_UNIT() NAMED_UNIT(*) SI_UNIT(.MILLI.,.METRE.) );
#12724 = ( NAMED_UNIT(*) PLANE_ANGLE_UNIT() SI_UNIT($,.RADIAN.) );
#12725 = ( NAMED_UNIT(*) SI_UNIT($,.STERADIAN.) SOLID_ANGLE_UNIT() );
#12726 = UNCERTAINTY_MEASURE_WITH_UNIT(LENGTH_MEASURE(1.E-07),#12723,
  'distance_accuracy_value','confusion accuracy');
#12727 = CONTEXT_DEPENDENT_SHAPE_REPRESENTATION(#12728,#12730);
#12728 = ( REPRESENTATION_RELATIONSHIP('','',#12525,#10) 
REPRESENTATION_RELATIONSHIP_WITH_TRANSFORMATION(#12729) 
SHAPE_REPRESENTATION_RELATIONSHIP() );
#12729 = ITEM_DEFINED_TRANSFORMATION('','',#11,#147);
#12730 = PRODUCT_DEFINITION_SHAPE('Placement','Placement of an item',
  #12731);
#12731 = NEXT_ASSEMBLY_USAGE_OCCURRENCE('3313','LATCH_3_1_screw','',#5,
  #12520,$);
#12732 = PRODUCT_RELATED_PRODUCT_CATEGORY('part',$,(#12522));
#12733 = SHAPE_DEFINITION_REPRESENTATION(#12734,#12740);
#12734 = PRODUCT_DEFINITION_SHAPE('','',#12735);
#12735 = PRODUCT_DEFINITION('design','',#12736,#12739);
#12736 = PRODUCT_DEFINITION_FORMATION('','',#12737);
#12737 = PRODUCT('LATCH_3_1_washer','LATCH_3_1_washer','',(#12738));
#12738 = PRODUCT_CONTEXT('',#2,'mechanical');
#12739 = PRODUCT_DEFINITION_CONTEXT('part definition',#2,'design');
#12740 = ADVANCED_BREP_SHAPE_REPRESENTATION('',(#11,#12741),#12931);
#12741 = MANIFOLD_SOLID_BREP('',#12742);
#12742 = CLOSED_SHELL('',(#12743,#12831,#12870,#12904));
#12743 = ADVANCED_FACE('',(#12744),#12758,.T.);
#12744 = FACE_BOUND('',#12745,.F.);
#12745 = EDGE_LOOP('',(#12746,#12776,#12803,#12804));
#12746 = ORIENTED_EDGE('',*,*,#12747,.T.);
#12747 = EDGE_CURVE('',#12748,#12750,#12752,.T.);
#12748 = VERTEX_POINT('',#12749);
#12749 = CARTESIAN_POINT('',(311.,-260.,348.));
#12750 = VERTEX_POINT('',#12751);
#12751 = CARTESIAN_POINT('',(311.,-260.,349.));
#12752 = SEAM_CURVE('',#12753,(#12757,#12769),.PCURVE_S1.);
#12753 = LINE('',#12754,#12755);
#12754 = CARTESIAN_POINT('',(311.,-260.,348.));
#12755 = VECTOR('',#12756,1.);
#12756 = DIRECTION('',(0.,0.,1.));
#12757 = PCURVE('',#12758,#12763);
#12758 = CYLINDRICAL_SURFACE('',#12759,6.);
#12759 = AXIS2_PLACEMENT_3D('',#12760,#12761,#12762);
#12760 = CARTESIAN_POINT('',(305.,-260.,348.));
#12761 = DIRECTION('',(-0.,-0.,-1.));
#12762 = DIRECTION('',(1.,0.,0.));
#12763 = DEFINITIONAL_REPRESENTATION('',(#12764),#12768);
#12764 = LINE('',#12765,#12766);
#12765 = CARTESIAN_POINT('',(-0.,0.));
#12766 = VECTOR('',#12767,1.);
#12767 = DIRECTION('',(-0.,-1.));
#12768 = ( GEOMETRIC_REPRESENTATION_CONTEXT(2) 
PARAMETRIC_REPRESENTATION_CONTEXT() REPRESENTATION_CONTEXT('2D SPACE',''
  ) );
#12769 = PCURVE('',#12758,#12770);
#12770 = DEFINITIONAL_REPRESENTATION('',(#12771),#12775);
#12771 = LINE('',#12772,#12773);
#12772 = CARTESIAN_POINT('',(-6.28318530718,0.));
#12773 = VECTOR('',#12774,1.);
#12774 = DIRECTION('',(-0.,-1.));
#12775 = ( GEOMETRIC_REPRESENTATION_CONTEXT(2) 
PARAMETRIC_REPRESENTATION_CONTEXT() REPRESENTATION_CONTEXT('2D SPACE',''
  ) );
#12776 = ORIENTED_EDGE('',*,*,#12777,.T.);
#12777 = EDGE_CURVE('',#12750,#12750,#12778,.T.);
#12778 = SURFACE_CURVE('',#12779,(#12784,#12791),.PCURVE_S1.);
#12779 = CIRCLE('',#12780,6.);
#12780 = AXIS2_PLACEMENT_3D('',#12781,#12782,#12783);
#12781 = CARTESIAN_POINT('',(305.,-260.,349.));
#12782 = DIRECTION('',(0.,0.,1.));
#12783 = DIRECTION('',(1.,0.,0.));
#12784 = PCURVE('',#12758,#12785);
#12785 = DEFINITIONAL_REPRESENTATION('',(#12786),#12790);
#12786 = LINE('',#12787,#12788);
#12787 = CARTESIAN_POINT('',(-0.,-1.));
#12788 = VECTOR('',#12789,1.);
#12789 = DIRECTION('',(-1.,0.));
#12790 = ( GEOMETRIC_REPRESENTATION_CONTEXT(2) 
PARAMETRIC_REPRESENTATION_CONTEXT() REPRESENTATION_CONTEXT('2D SPACE',''
  ) );
#12791 = PCURVE('',#12792,#12797);
#12792 = PLANE('',#12793);
#12793 = AXIS2_PLACEMENT_3D('',#12794,#12795,#12796);
#12794 = CARTESIAN_POINT('',(305.,-260.,349.));
#12795 = DIRECTION('',(0.,0.,1.));
#12796 = DIRECTION('',(1.,0.,-0.));
#12797 = DEFINITIONAL_REPRESENTATION('',(#12798),#12802);
#12798 = CIRCLE('',#12799,6.);
#12799 = AXIS2_PLACEMENT_2D('',#12800,#12801);
#12800 = CARTESIAN_POINT('',(0.,0.));
#12801 = DIRECTION('',(1.,0.));
#12802 = ( GEOMETRIC_REPRESENTATION_CONTEXT(2) 
PARAMETRIC_REPRESENTATION_CONTEXT() REPRESENTATION_CONTEXT('2D SPACE',''
  ) );
#12803 = ORIENTED_EDGE('',*,*,#12747,.F.);
#12804 = ORIENTED_EDGE('',*,*,#12805,.F.);
#12805 = EDGE_CURVE('',#12748,#12748,#12806,.T.);
#12806 = SURFACE_CURVE('',#12807,(#12812,#12819),.PCURVE_S1.);
#12807 = CIRCLE('',#12808,6.);
#12808 = AXIS2_PLACEMENT_3D('',#12809,#12810,#12811);
#12809 = CARTESIAN_POINT('',(305.,-260.,348.));
#12810 = DIRECTION('',(0.,0.,1.));
#12811 = DIRECTION('',(1.,0.,0.));
#12812 = PCURVE('',#12758,#12813);
#12813 = DEFINITIONAL_REPRESENTATION('',(#12814),#12818);
#12814 = LINE('',#12815,#12816);
#12815 = CARTESIAN_POINT('',(-0.,0.));
#12816 = VECTOR('',#12817,1.);
#12817 = DIRECTION('',(-1.,0.));
#12818 = ( GEOMETRIC_REPRESENTATION_CONTEXT(2) 
PARAMETRIC_REPRESENTATION_CONTEXT() REPRESENTATION_CONTEXT('2D SPACE',''
  ) );
#12819 = PCURVE('',#12820,#12825);
#12820 = PLANE('',#12821);
#12821 = AXIS2_PLACEMENT_3D('',#12822,#12823,#12824);
#12822 = CARTESIAN_POINT('',(305.,-260.,348.));
#12823 = DIRECTION('',(0.,0.,1.));
#12824 = DIRECTION('',(1.,0.,-0.));
#12825 = DEFINITIONAL_REPRESENTATION('',(#12826),#12830);
#12826 = CIRCLE('',#12827,6.);
#12827 = AXIS2_PLACEMENT_2D('',#12828,#12829);
#12828 = CARTESIAN_POINT('',(0.,0.));
#12829 = DIRECTION('',(1.,0.));
#12830 = ( GEOMETRIC_REPRESENTATION_CONTEXT(2) 
PARAMETRIC_REPRESENTATION_CONTEXT() REPRESENTATION_CONTEXT('2D SPACE',''
  ) );
#12831 = ADVANCED_FACE('',(#12832,#12835),#12820,.F.);
#12832 = FACE_BOUND('',#12833,.F.);
#12833 = EDGE_LOOP('',(#12834));
#12834 = ORIENTED_EDGE('',*,*,#12805,.T.);
#12835 = FACE_BOUND('',#12836,.F.);
#12836 = EDGE_LOOP('',(#12837));
#12837 = ORIENTED_EDGE('',*,*,#12838,.T.);
#12838 = EDGE_CURVE('',#12839,#12839,#12841,.T.);
#12839 = VERTEX_POINT('',#12840);
#12840 = CARTESIAN_POINT('',(308.3,-260.,348.));
#12841 = SURFACE_CURVE('',#12842,(#12847,#12858),.PCURVE_S1.);
#12842 = CIRCLE('',#12843,3.3);
#12843 = AXIS2_PLACEMENT_3D('',#12844,#12845,#12846);
#12844 = CARTESIAN_POINT('',(305.,-260.,348.));
#12845 = DIRECTION('',(0.,0.,-1.));
#12846 = DIRECTION('',(1.,0.,0.));
#12847 = PCURVE('',#12820,#12848);
#12848 = DEFINITIONAL_REPRESENTATION('',(#12849),#12857);
#12849 = ( BOUNDED_CURVE() B_SPLINE_CURVE(2,(#12850,#12851,#12852,#12853
    ,#12854,#12855,#12856),.UNSPECIFIED.,.T.,.F.) 
B_SPLINE_CURVE_WITH_KNOTS((1,2,2,2,2,1),(-2.094395102393,0.,
    2.094395102393,4.188790204786,6.28318530718,8.377580409573),
.UNSPECIFIED.) CURVE() GEOMETRIC_REPRESENTATION_ITEM() 
RATIONAL_B_SPLINE_CURVE((1.,0.5,1.,0.5,1.,0.5,1.)) REPRESENTATION_ITEM(
  '') );
#12850 = CARTESIAN_POINT('',(3.3,0.));
#12851 = CARTESIAN_POINT('',(3.3,-5.715767664977));
#12852 = CARTESIAN_POINT('',(-1.65,-2.857883832489));
#12853 = CARTESIAN_POINT('',(-6.6,-8.082668874373E-16));
#12854 = CARTESIAN_POINT('',(-1.65,2.857883832489));
#12855 = CARTESIAN_POINT('',(3.3,5.715767664977));
#12856 = CARTESIAN_POINT('',(3.3,0.));
#12857 = ( GEOMETRIC_REPRESENTATION_CONTEXT(2) 
PARAMETRIC_REPRESENTATION_CONTEXT() REPRESENTATION_CONTEXT('2D SPACE',''
  ) );
#12858 = PCURVE('',#12859,#12864);
#12859 = CYLINDRICAL_SURFACE('',#12860,3.3);
#12860 = AXIS2_PLACEMENT_3D('',#12861,#12862,#12863);
#12861 = CARTESIAN_POINT('',(305.,-260.,347.));
#12862 = DIRECTION('',(-0.,-0.,-1.));
#12863 = DIRECTION('',(1.,0.,0.));
#12864 = DEFINITIONAL_REPRESENTATION('',(#12865),#12869);
#12865 = LINE('',#12866,#12867);
#12866 = CARTESIAN_POINT('',(-6.28318530718,-1.));
#12867 = VECTOR('',#12868,1.);
#12868 = DIRECTION('',(1.,-0.));
#12869 = ( GEOMETRIC_REPRESENTATION_CONTEXT(2) 
PARAMETRIC_REPRESENTATION_CONTEXT() REPRESENTATION_CONTEXT('2D SPACE',''
  ) );
#12870 = ADVANCED_FACE('',(#12871,#12874),#12792,.T.);
#12871 = FACE_BOUND('',#12872,.T.);
#12872 = EDGE_LOOP('',(#12873));
#12873 = ORIENTED_EDGE('',*,*,#12777,.T.);
#12874 = FACE_BOUND('',#12875,.T.);
#12875 = EDGE_LOOP('',(#12876));
#12876 = ORIENTED_EDGE('',*,*,#12877,.T.);
#12877 = EDGE_CURVE('',#12878,#12878,#12880,.T.);
#12878 = VERTEX_POINT('',#12879);
#12879 = CARTESIAN_POINT('',(308.3,-260.,349.));
#12880 = SURFACE_CURVE('',#12881,(#12886,#12897),.PCURVE_S1.);
#12881 = CIRCLE('',#12882,3.3);
#12882 = AXIS2_PLACEMENT_3D('',#12883,#12884,#12885);
#12883 = CARTESIAN_POINT('',(305.,-260.,349.));
#12884 = DIRECTION('',(0.,0.,-1.));
#12885 = DIRECTION('',(1.,0.,0.));
#12886 = PCURVE('',#12792,#12887);
#12887 = DEFINITIONAL_REPRESENTATION('',(#12888),#12896);
#12888 = ( BOUNDED_CURVE() B_SPLINE_CURVE(2,(#12889,#12890,#12891,#12892
    ,#12893,#12894,#12895),.UNSPECIFIED.,.T.,.F.) 
B_SPLINE_CURVE_WITH_KNOTS((1,2,2,2,2,1),(-2.094395102393,0.,
    2.094395102393,4.188790204786,6.28318530718,8.377580409573),
.UNSPECIFIED.) CURVE() GEOMETRIC_REPRESENTATION_ITEM() 
RATIONAL_B_SPLINE_CURVE((1.,0.5,1.,0.5,1.,0.5,1.)) REPRESENTATION_ITEM(
  '') );
#12889 = CARTESIAN_POINT('',(3.3,0.));
#12890 = CARTESIAN_POINT('',(3.3,-5.715767664977));
#12891 = CARTESIAN_POINT('',(-1.65,-2.857883832489));
#12892 = CARTESIAN_POINT('',(-6.6,-8.082668874373E-16));
#12893 = CARTESIAN_POINT('',(-1.65,2.857883832489));
#12894 = CARTESIAN_POINT('',(3.3,5.715767664977));
#12895 = CARTESIAN_POINT('',(3.3,0.));
#12896 = ( GEOMETRIC_REPRESENTATION_CONTEXT(2) 
PARAMETRIC_REPRESENTATION_CONTEXT() REPRESENTATION_CONTEXT('2D SPACE',''
  ) );
#12897 = PCURVE('',#12859,#12898);
#12898 = DEFINITIONAL_REPRESENTATION('',(#12899),#12903);
#12899 = LINE('',#12900,#12901);
#12900 = CARTESIAN_POINT('',(-6.28318530718,-2.));
#12901 = VECTOR('',#12902,1.);
#12902 = DIRECTION('',(1.,-0.));
#12903 = ( GEOMETRIC_REPRESENTATION_CONTEXT(2) 
PARAMETRIC_REPRESENTATION_CONTEXT() REPRESENTATION_CONTEXT('2D SPACE',''
  ) );
#12904 = ADVANCED_FACE('',(#12905),#12859,.F.);
#12905 = FACE_BOUND('',#12906,.T.);
#12906 = EDGE_LOOP('',(#12907,#12908,#12929,#12930));
#12907 = ORIENTED_EDGE('',*,*,#12838,.T.);
#12908 = ORIENTED_EDGE('',*,*,#12909,.T.);
#12909 = EDGE_CURVE('',#12839,#12878,#12910,.T.);
#12910 = SEAM_CURVE('',#12911,(#12915,#12922),.PCURVE_S1.);
#12911 = LINE('',#12912,#12913);
#12912 = CARTESIAN_POINT('',(308.3,-260.,347.));
#12913 = VECTOR('',#12914,1.);
#12914 = DIRECTION('',(0.,0.,1.));
#12915 = PCURVE('',#12859,#12916);
#12916 = DEFINITIONAL_REPRESENTATION('',(#12917),#12921);
#12917 = LINE('',#12918,#12919);
#12918 = CARTESIAN_POINT('',(-6.28318530718,0.));
#12919 = VECTOR('',#12920,1.);
#12920 = DIRECTION('',(-0.,-1.));
#12921 = ( GEOMETRIC_REPRESENTATION_CONTEXT(2) 
PARAMETRIC_REPRESENTATION_CONTEXT() REPRESENTATION_CONTEXT('2D SPACE',''
  ) );
#12922 = PCURVE('',#12859,#12923);
#12923 = DEFINITIONAL_REPRESENTATION('',(#12924),#12928);
#12924 = LINE('',#12925,#12926);
#12925 = CARTESIAN_POINT('',(-0.,0.));
#12926 = VECTOR('',#12927,1.);
#12927 = DIRECTION('',(-0.,-1.));
#12928 = ( GEOMETRIC_REPRESENTATION_CONTEXT(2) 
PARAMETRIC_REPRESENTATION_CONTEXT() REPRESENTATION_CONTEXT('2D SPACE',''
  ) );
#12929 = ORIENTED_EDGE('',*,*,#12877,.F.);
#12930 = ORIENTED_EDGE('',*,*,#12909,.F.);
#12931 = ( GEOMETRIC_REPRESENTATION_CONTEXT(3) 
GLOBAL_UNCERTAINTY_ASSIGNED_CONTEXT((#12935)) 
GLOBAL_UNIT_ASSIGNED_CONTEXT((#12932,#12933,#12934)) 
REPRESENTATION_CONTEXT('Context #1',
  '3D Context with UNIT and UNCERTAINTY') );
#12932 = ( LENGTH_UNIT() NAMED_UNIT(*) SI_UNIT(.MILLI.,.METRE.) );
#12933 = ( NAMED_UNIT(*) PLANE_ANGLE_UNIT() SI_UNIT($,.RADIAN.) );
#12934 = ( NAMED_UNIT(*) SI_UNIT($,.STERADIAN.) SOLID_ANGLE_UNIT() );
#12935 = UNCERTAINTY_MEASURE_WITH_UNIT(LENGTH_MEASURE(1.E-07),#12932,
  'distance_accuracy_value','confusion accuracy');
#12936 = CONTEXT_DEPENDENT_SHAPE_REPRESENTATION(#12937,#12939);
#12937 = ( REPRESENTATION_RELATIONSHIP('','',#12740,#10) 
REPRESENTATION_RELATIONSHIP_WITH_TRANSFORMATION(#12938) 
SHAPE_REPRESENTATION_RELATIONSHIP() );
#12938 = ITEM_DEFINED_TRANSFORMATION('','',#11,#151);
#12939 = PRODUCT_DEFINITION_SHAPE('Placement','Placement of an item',
  #12940);
#12940 = NEXT_ASSEMBLY_USAGE_OCCURRENCE('3314','LATCH_3_1_washer','',#5,
  #12735,$);
#12941 = PRODUCT_RELATED_PRODUCT_CATEGORY('part',$,(#12737));
#12942 = SHAPE_DEFINITION_REPRESENTATION(#12943,#12949);
#12943 = PRODUCT_DEFINITION_SHAPE('','',#12944);
#12944 = PRODUCT_DEFINITION('design','',#12945,#12948);
#12945 = PRODUCT_DEFINITION_FORMATION('','',#12946);
#12946 = PRODUCT('LATCH_3_1_tnut','LATCH_3_1_tnut','',(#12947));
#12947 = PRODUCT_CONTEXT('',#2,'mechanical');
#12948 = PRODUCT_DEFINITION_CONTEXT('part definition',#2,'design');
#12949 = ADVANCED_BREP_SHAPE_REPRESENTATION('',(#11,#12950),#13280);
#12950 = MANIFOLD_SOLID_BREP('',#12951);
#12951 = CLOSED_SHELL('',(#12952,#13072,#13172,#13219,#13266,#13273));
#12952 = ADVANCED_FACE('',(#12953),#12967,.F.);
#12953 = FACE_BOUND('',#12954,.F.);
#12954 = EDGE_LOOP('',(#12955,#12990,#13018,#13046));
#12955 = ORIENTED_EDGE('',*,*,#12956,.F.);
#12956 = EDGE_CURVE('',#12957,#12959,#12961,.T.);
#12957 = VERTEX_POINT('',#12958);
#12958 = CARTESIAN_POINT('',(298.,-265.,320.));
#12959 = VERTEX_POINT('',#12960);
#12960 = CARTESIAN_POINT('',(298.,-265.,325.));
#12961 = SURFACE_CURVE('',#12962,(#12966,#12978),.PCURVE_S1.);
#12962 = LINE('',#12963,#12964);
#12963 = CARTESIAN_POINT('',(298.,-265.,320.));
#12964 = VECTOR('',#12965,1.);
#12965 = DIRECTION('',(0.,0.,1.));
#12966 = PCURVE('',#12967,#12972);
#12967 = PLANE('',#12968);
#12968 = AXIS2_PLACEMENT_3D('',#12969,#12970,#12971);
#12969 = CARTESIAN_POINT('',(298.,-265.,320.));
#12970 = DIRECTION('',(1.,0.,0.));
#12971 = DIRECTION('',(0.,0.,1.));
#12972 = DEFINITIONAL_REPRESENTATION('',(#12973),#12977);
#12973 = LINE('',#12974,#12975);
#12974 = CARTESIAN_POINT('',(0.,0.));
#12975 = VECTOR('',#12976,1.);
#12976 = DIRECTION('',(1.,0.));
#12977 = ( GEOMETRIC_REPRESENTATION_CONTEXT(2) 
PARAMETRIC_REPRESENTATION_CONTEXT() REPRESENTATION_CONTEXT('2D SPACE',''
  ) );
#12978 = PCURVE('',#12979,#12984);
#12979 = PLANE('',#12980);
#12980 = AXIS2_PLACEMENT_3D('',#12981,#12982,#12983);
#12981 = CARTESIAN_POINT('',(298.,-265.,320.));
#12982 = DIRECTION('',(0.,1.,0.));
#12983 = DIRECTION('',(0.,0.,1.));
#12984 = DEFINITIONAL_REPRESENTATION('',(#12985),#12989);
#12985 = LINE('',#12986,#12987);
#12986 = CARTESIAN_POINT('',(0.,0.));
#12987 = VECTOR('',#12988,1.);
#12988 = DIRECTION('',(1.,0.));
#12989 = ( GEOMETRIC_REPRESENTATION_CONTEXT(2) 
PARAMETRIC_REPRESENTATION_CONTEXT() REPRESENTATION_CONTEXT('2D SPACE',''
  ) );
#12990 = ORIENTED_EDGE('',*,*,#12991,.T.);
#12991 = EDGE_CURVE('',#12957,#12992,#12994,.T.);
#12992 = VERTEX_POINT('',#12993);
#12993 = CARTESIAN_POINT('',(298.,-255.,320.));
#12994 = SURFACE_CURVE('',#12995,(#12999,#13006),.PCURVE_S1.);
#12995 = LINE('',#12996,#12997);
#12996 = CARTESIAN_POINT('',(298.,-265.,320.));
#12997 = VECTOR('',#12998,1.);
#12998 = DIRECTION('',(0.,1.,0.));
#12999 = PCURVE('',#12967,#13000);
#13000 = DEFINITIONAL_REPRESENTATION('',(#13001),#13005);
#13001 = LINE('',#13002,#13003);
#13002 = CARTESIAN_POINT('',(0.,0.));
#13003 = VECTOR('',#13004,1.);
#13004 = DIRECTION('',(0.,-1.));
#13005 = ( GEOMETRIC_REPRESENTATION_CONTEXT(2) 
PARAMETRIC_REPRESENTATION_CONTEXT() REPRESENTATION_CONTEXT('2D SPACE',''
  ) );
#13006 = PCURVE('',#13007,#13012);
#13007 = PLANE('',#13008);
#13008 = AXIS2_PLACEMENT_3D('',#13009,#13010,#13011);
#13009 = CARTESIAN_POINT('',(298.,-265.,320.));
#13010 = DIRECTION('',(0.,0.,1.));
#13011 = DIRECTION('',(1.,0.,0.));
#13012 = DEFINITIONAL_REPRESENTATION('',(#13013),#13017);
#13013 = LINE('',#13014,#13015);
#13014 = CARTESIAN_POINT('',(0.,0.));
#13015 = VECTOR('',#13016,1.);
#13016 = DIRECTION('',(0.,1.));
#13017 = ( GEOMETRIC_REPRESENTATION_CONTEXT(2) 
PARAMETRIC_REPRESENTATION_CONTEXT() REPRESENTATION_CONTEXT('2D SPACE',''
  ) );
#13018 = ORIENTED_EDGE('',*,*,#13019,.T.);
#13019 = EDGE_CURVE('',#12992,#13020,#13022,.T.);
#13020 = VERTEX_POINT('',#13021);
#13021 = CARTESIAN_POINT('',(298.,-255.,325.));
#13022 = SURFACE_CURVE('',#13023,(#13027,#13034),.PCURVE_S1.);
#13023 = LINE('',#13024,#13025);
#13024 = CARTESIAN_POINT('',(298.,-255.,320.));
#13025 = VECTOR('',#13026,1.);
#13026 = DIRECTION('',(0.,0.,1.));
#13027 = PCURVE('',#12967,#13028);
#13028 = DEFINITIONAL_REPRESENTATION('',(#13029),#13033);
#13029 = LINE('',#13030,#13031);
#13030 = CARTESIAN_POINT('',(0.,-10.));
#13031 = VECTOR('',#13032,1.);
#13032 = DIRECTION('',(1.,0.));
#13033 = ( GEOMETRIC_REPRESENTATION_CONTEXT(2) 
PARAMETRIC_REPRESENTATION_CONTEXT() REPRESENTATION_CONTEXT('2D SPACE',''
  ) );
#13034 = PCURVE('',#13035,#13040);
#13035 = PLANE('',#13036);
#13036 = AXIS2_PLACEMENT_3D('',#13037,#13038,#13039);
#13037 = CARTESIAN_POINT('',(298.,-255.,320.));
#13038 = DIRECTION('',(0.,1.,0.));
#13039 = DIRECTION('',(0.,0.,1.));
#13040 = DEFINITIONAL_REPRESENTATION('',(#13041),#13045);
#13041 = LINE('',#13042,#13043);
#13042 = CARTESIAN_POINT('',(0.,0.));
#13043 = VECTOR('',#13044,1.);
#13044 = DIRECTION('',(1.,0.));
#13045 = ( GEOMETRIC_REPRESENTATION_CONTEXT(2) 
PARAMETRIC_REPRESENTATION_CONTEXT() REPRESENTATION_CONTEXT('2D SPACE',''
  ) );
#13046 = ORIENTED_EDGE('',*,*,#13047,.F.);
#13047 = EDGE_CURVE('',#12959,#13020,#13048,.T.);
#13048 = SURFACE_CURVE('',#13049,(#13053,#13060),.PCURVE_S1.);
#13049 = LINE('',#13050,#13051);
#13050 = CARTESIAN_POINT('',(298.,-265.,325.));
#13051 = VECTOR('',#13052,1.);
#13052 = DIRECTION('',(0.,1.,0.));
#13053 = PCURVE('',#12967,#13054);
#13054 = DEFINITIONAL_REPRESENTATION('',(#13055),#13059);
#13055 = LINE('',#13056,#13057);
#13056 = CARTESIAN_POINT('',(5.,0.));
#13057 = VECTOR('',#13058,1.);
#13058 = DIRECTION('',(0.,-1.));
#13059 = ( GEOMETRIC_REPRESENTATION_CONTEXT(2) 
PARAMETRIC_REPRESENTATION_CONTEXT() REPRESENTATION_CONTEXT('2D SPACE',''
  ) );
#13060 = PCURVE('',#13061,#13066);
#13061 = PLANE('',#13062);
#13062 = AXIS2_PLACEMENT_3D('',#13063,#13064,#13065);
#13063 = CARTESIAN_POINT('',(298.,-265.,325.));
#13064 = DIRECTION('',(0.,0.,1.));
#13065 = DIRECTION('',(1.,0.,0.));
#13066 = DEFINITIONAL_REPRESENTATION('',(#13067),#13071);
#13067 = LINE('',#13068,#13069);
#13068 = CARTESIAN_POINT('',(0.,0.));
#13069 = VECTOR('',#13070,1.);
#13070 = DIRECTION('',(0.,1.));
#13071 = ( GEOMETRIC_REPRESENTATION_CONTEXT(2) 
PARAMETRIC_REPRESENTATION_CONTEXT() REPRESENTATION_CONTEXT('2D SPACE',''
  ) );
#13072 = ADVANCED_FACE('',(#13073),#13087,.T.);
#13073 = FACE_BOUND('',#13074,.T.);
#13074 = EDGE_LOOP('',(#13075,#13105,#13128,#13151));
#13075 = ORIENTED_EDGE('',*,*,#13076,.F.);
#13076 = EDGE_CURVE('',#13077,#13079,#13081,.T.);
#13077 = VERTEX_POINT('',#13078);
#13078 = CARTESIAN_POINT('',(312.,-265.,320.));
#13079 = VERTEX_POINT('',#13080);
#13080 = CARTESIAN_POINT('',(312.,-265.,325.));
#13081 = SURFACE_CURVE('',#13082,(#13086,#13098),.PCURVE_S1.);
#13082 = LINE('',#13083,#13084);
#13083 = CARTESIAN_POINT('',(312.,-265.,320.));
#13084 = VECTOR('',#13085,1.);
#13085 = DIRECTION('',(0.,0.,1.));
#13086 = PCURVE('',#13087,#13092);
#13087 = PLANE('',#13088);
#13088 = AXIS2_PLACEMENT_3D('',#13089,#13090,#13091);
#13089 = CARTESIAN_POINT('',(312.,-265.,320.));
#13090 = DIRECTION('',(1.,0.,0.));
#13091 = DIRECTION('',(0.,0.,1.));
#13092 = DEFINITIONAL_REPRESENTATION('',(#13093),#13097);
#13093 = LINE('',#13094,#13095);
#13094 = CARTESIAN_POINT('',(0.,0.));
#13095 = VECTOR('',#13096,1.);
#13096 = DIRECTION('',(1.,0.));
#13097 = ( GEOMETRIC_REPRESENTATION_CONTEXT(2) 
PARAMETRIC_REPRESENTATION_CONTEXT() REPRESENTATION_CONTEXT('2D SPACE',''
  ) );
#13098 = PCURVE('',#12979,#13099);
#13099 = DEFINITIONAL_REPRESENTATION('',(#13100),#13104);
#13100 = LINE('',#13101,#13102);
#13101 = CARTESIAN_POINT('',(0.,14.));
#13102 = VECTOR('',#13103,1.);
#13103 = DIRECTION('',(1.,0.));
#13104 = ( GEOMETRIC_REPRESENTATION_CONTEXT(2) 
PARAMETRIC_REPRESENTATION_CONTEXT() REPRESENTATION_CONTEXT('2D SPACE',''
  ) );
#13105 = ORIENTED_EDGE('',*,*,#13106,.T.);
#13106 = EDGE_CURVE('',#13077,#13107,#13109,.T.);
#13107 = VERTEX_POINT('',#13108);
#13108 = CARTESIAN_POINT('',(312.,-255.,320.));
#13109 = SURFACE_CURVE('',#13110,(#13114,#13121),.PCURVE_S1.);
#13110 = LINE('',#13111,#13112);
#13111 = CARTESIAN_POINT('',(312.,-265.,320.));
#13112 = VECTOR('',#13113,1.);
#13113 = DIRECTION('',(0.,1.,0.));
#13114 = PCURVE('',#13087,#13115);
#13115 = DEFINITIONAL_REPRESENTATION('',(#13116),#13120);
#13116 = LINE('',#13117,#13118);
#13117 = CARTESIAN_POINT('',(0.,0.));
#13118 = VECTOR('',#13119,1.);
#13119 = DIRECTION('',(0.,-1.));
#13120 = ( GEOMETRIC_REPRESENTATION_CONTEXT(2) 
PARAMETRIC_REPRESENTATION_CONTEXT() REPRESENTATION_CONTEXT('2D SPACE',''
  ) );
#13121 = PCURVE('',#13007,#13122);
#13122 = DEFINITIONAL_REPRESENTATION('',(#13123),#13127);
#13123 = LINE('',#13124,#13125);
#13124 = CARTESIAN_POINT('',(14.,0.));
#13125 = VECTOR('',#13126,1.);
#13126 = DIRECTION('',(0.,1.));
#13127 = ( GEOMETRIC_REPRESENTATION_CONTEXT(2) 
PARAMETRIC_REPRESENTATION_CONTEXT() REPRESENTATION_CONTEXT('2D SPACE',''
  ) );
#13128 = ORIENTED_EDGE('',*,*,#13129,.T.);
#13129 = EDGE_CURVE('',#13107,#13130,#13132,.T.);
#13130 = VERTEX_POINT('',#13131);
#13131 = CARTESIAN_POINT('',(312.,-255.,325.));
#13132 = SURFACE_CURVE('',#13133,(#13137,#13144),.PCURVE_S1.);
#13133 = LINE('',#13134,#13135);
#13134 = CARTESIAN_POINT('',(312.,-255.,320.));
#13135 = VECTOR('',#13136,1.);
#13136 = DIRECTION('',(0.,0.,1.));
#13137 = PCURVE('',#13087,#13138);
#13138 = DEFINITIONAL_REPRESENTATION('',(#13139),#13143);
#13139 = LINE('',#13140,#13141);
#13140 = CARTESIAN_POINT('',(0.,-10.));
#13141 = VECTOR('',#13142,1.);
#13142 = DIRECTION('',(1.,0.));
#13143 = ( GEOMETRIC_REPRESENTATION_CONTEXT(2) 
PARAMETRIC_REPRESENTATION_CONTEXT() REPRESENTATION_CONTEXT('2D SPACE',''
  ) );
#13144 = PCURVE('',#13035,#13145);
#13145 = DEFINITIONAL_REPRESENTATION('',(#13146),#13150);
#13146 = LINE('',#13147,#13148);
#13147 = CARTESIAN_POINT('',(0.,14.));
#13148 = VECTOR('',#13149,1.);
#13149 = DIRECTION('',(1.,0.));
#13150 = ( GEOMETRIC_REPRESENTATION_CONTEXT(2) 
PARAMETRIC_REPRESENTATION_CONTEXT() REPRESENTATION_CONTEXT('2D SPACE',''
  ) );
#13151 = ORIENTED_EDGE('',*,*,#13152,.F.);
#13152 = EDGE_CURVE('',#13079,#13130,#13153,.T.);
#13153 = SURFACE_CURVE('',#13154,(#13158,#13165),.PCURVE_S1.);
#13154 = LINE('',#13155,#13156);
#13155 = CARTESIAN_POINT('',(312.,-265.,325.));
#13156 = VECTOR('',#13157,1.);
#13157 = DIRECTION('',(0.,1.,0.));
#13158 = PCURVE('',#13087,#13159);
#13159 = DEFINITIONAL_REPRESENTATION('',(#13160),#13164);
#13160 = LINE('',#13161,#13162);
#13161 = CARTESIAN_POINT('',(5.,0.));
#13162 = VECTOR('',#13163,1.);
#13163 = DIRECTION('',(0.,-1.));
#13164 = ( GEOMETRIC_REPRESENTATION_CONTEXT(2) 
PARAMETRIC_REPRESENTATION_CONTEXT() REPRESENTATION_CONTEXT('2D SPACE',''
  ) );
#13165 = PCURVE('',#13061,#13166);
#13166 = DEFINITIONAL_REPRESENTATION('',(#13167),#13171);
#13167 = LINE('',#13168,#13169);
#13168 = CARTESIAN_POINT('',(14.,0.));
#13169 = VECTOR('',#13170,1.);
#13170 = DIRECTION('',(0.,1.));
#13171 = ( GEOMETRIC_REPRESENTATION_CONTEXT(2) 
PARAMETRIC_REPRESENTATION_CONTEXT() REPRESENTATION_CONTEXT('2D SPACE',''
  ) );
#13172 = ADVANCED_FACE('',(#13173),#12979,.F.);
#13173 = FACE_BOUND('',#13174,.F.);
#13174 = EDGE_LOOP('',(#13175,#13196,#13197,#13218));
#13175 = ORIENTED_EDGE('',*,*,#13176,.F.);
#13176 = EDGE_CURVE('',#12957,#13077,#13177,.T.);
#13177 = SURFACE_CURVE('',#13178,(#13182,#13189),.PCURVE_S1.);
#13178 = LINE('',#13179,#13180);
#13179 = CARTESIAN_POINT('',(298.,-265.,320.));
#13180 = VECTOR('',#13181,1.);
#13181 = DIRECTION('',(1.,0.,0.));
#13182 = PCURVE('',#12979,#13183);
#13183 = DEFINITIONAL_REPRESENTATION('',(#13184),#13188);
#13184 = LINE('',#13185,#13186);
#13185 = CARTESIAN_POINT('',(0.,0.));
#13186 = VECTOR('',#13187,1.);
#13187 = DIRECTION('',(0.,1.));
#13188 = ( GEOMETRIC_REPRESENTATION_CONTEXT(2) 
PARAMETRIC_REPRESENTATION_CONTEXT() REPRESENTATION_CONTEXT('2D SPACE',''
  ) );
#13189 = PCURVE('',#13007,#13190);
#13190 = DEFINITIONAL_REPRESENTATION('',(#13191),#13195);
#13191 = LINE('',#13192,#13193);
#13192 = CARTESIAN_POINT('',(0.,0.));
#13193 = VECTOR('',#13194,1.);
#13194 = DIRECTION('',(1.,0.));
#13195 = ( GEOMETRIC_REPRESENTATION_CONTEXT(2) 
PARAMETRIC_REPRESENTATION_CONTEXT() REPRESENTATION_CONTEXT('2D SPACE',''
  ) );
#13196 = ORIENTED_EDGE('',*,*,#12956,.T.);
#13197 = ORIENTED_EDGE('',*,*,#13198,.T.);
#13198 = EDGE_CURVE('',#12959,#13079,#13199,.T.);
#13199 = SURFACE_CURVE('',#13200,(#13204,#13211),.PCURVE_S1.);
#13200 = LINE('',#13201,#13202);
#13201 = CARTESIAN_POINT('',(298.,-265.,325.));
#13202 = VECTOR('',#13203,1.);
#13203 = DIRECTION('',(1.,0.,0.));
#13204 = PCURVE('',#12979,#13205);
#13205 = DEFINITIONAL_REPRESENTATION('',(#13206),#13210);
#13206 = LINE('',#13207,#13208);
#13207 = CARTESIAN_POINT('',(5.,0.));
#13208 = VECTOR('',#13209,1.);
#13209 = DIRECTION('',(0.,1.));
#13210 = ( GEOMETRIC_REPRESENTATION_CONTEXT(2) 
PARAMETRIC_REPRESENTATION_CONTEXT() REPRESENTATION_CONTEXT('2D SPACE',''
  ) );
#13211 = PCURVE('',#13061,#13212);
#13212 = DEFINITIONAL_REPRESENTATION('',(#13213),#13217);
#13213 = LINE('',#13214,#13215);
#13214 = CARTESIAN_POINT('',(0.,0.));
#13215 = VECTOR('',#13216,1.);
#13216 = DIRECTION('',(1.,0.));
#13217 = ( GEOMETRIC_REPRESENTATION_CONTEXT(2) 
PARAMETRIC_REPRESENTATION_CONTEXT() REPRESENTATION_CONTEXT('2D SPACE',''
  ) );
#13218 = ORIENTED_EDGE('',*,*,#13076,.F.);
#13219 = ADVANCED_FACE('',(#13220),#13035,.T.);
#13220 = FACE_BOUND('',#13221,.T.);
#13221 = EDGE_LOOP('',(#13222,#13243,#13244,#13265));
#13222 = ORIENTED_EDGE('',*,*,#13223,.F.);
#13223 = EDGE_CURVE('',#12992,#13107,#13224,.T.);
#13224 = SURFACE_CURVE('',#13225,(#13229,#13236),.PCURVE_S1.);
#13225 = LINE('',#13226,#13227);
#13226 = CARTESIAN_POINT('',(298.,-255.,320.));
#13227 = VECTOR('',#13228,1.);
#13228 = DIRECTION('',(1.,0.,0.));
#13229 = PCURVE('',#13035,#13230);
#13230 = DEFINITIONAL_REPRESENTATION('',(#13231),#13235);
#13231 = LINE('',#13232,#13233);
#13232 = CARTESIAN_POINT('',(0.,0.));
#13233 = VECTOR('',#13234,1.);
#13234 = DIRECTION('',(0.,1.));
#13235 = ( GEOMETRIC_REPRESENTATION_CONTEXT(2) 
PARAMETRIC_REPRESENTATION_CONTEXT() REPRESENTATION_CONTEXT('2D SPACE',''
  ) );
#13236 = PCURVE('',#13007,#13237);
#13237 = DEFINITIONAL_REPRESENTATION('',(#13238),#13242);
#13238 = LINE('',#13239,#13240);
#13239 = CARTESIAN_POINT('',(0.,10.));
#13240 = VECTOR('',#13241,1.);
#13241 = DIRECTION('',(1.,0.));
#13242 = ( GEOMETRIC_REPRESENTATION_CONTEXT(2) 
PARAMETRIC_REPRESENTATION_CONTEXT() REPRESENTATION_CONTEXT('2D SPACE',''
  ) );
#13243 = ORIENTED_EDGE('',*,*,#13019,.T.);
#13244 = ORIENTED_EDGE('',*,*,#13245,.T.);
#13245 = EDGE_CURVE('',#13020,#13130,#13246,.T.);
#13246 = SURFACE_CURVE('',#13247,(#13251,#13258),.PCURVE_S1.);
#13247 = LINE('',#13248,#13249);
#13248 = CARTESIAN_POINT('',(298.,-255.,325.));
#13249 = VECTOR('',#13250,1.);
#13250 = DIRECTION('',(1.,0.,0.));
#13251 = PCURVE('',#13035,#13252);
#13252 = DEFINITIONAL_REPRESENTATION('',(#13253),#13257);
#13253 = LINE('',#13254,#13255);
#13254 = CARTESIAN_POINT('',(5.,0.));
#13255 = VECTOR('',#13256,1.);
#13256 = DIRECTION('',(0.,1.));
#13257 = ( GEOMETRIC_REPRESENTATION_CONTEXT(2) 
PARAMETRIC_REPRESENTATION_CONTEXT() REPRESENTATION_CONTEXT('2D SPACE',''
  ) );
#13258 = PCURVE('',#13061,#13259);
#13259 = DEFINITIONAL_REPRESENTATION('',(#13260),#13264);
#13260 = LINE('',#13261,#13262);
#13261 = CARTESIAN_POINT('',(0.,10.));
#13262 = VECTOR('',#13263,1.);
#13263 = DIRECTION('',(1.,0.));
#13264 = ( GEOMETRIC_REPRESENTATION_CONTEXT(2) 
PARAMETRIC_REPRESENTATION_CONTEXT() REPRESENTATION_CONTEXT('2D SPACE',''
  ) );
#13265 = ORIENTED_EDGE('',*,*,#13129,.F.);
#13266 = ADVANCED_FACE('',(#13267),#13007,.F.);
#13267 = FACE_BOUND('',#13268,.F.);
#13268 = EDGE_LOOP('',(#13269,#13270,#13271,#13272));
#13269 = ORIENTED_EDGE('',*,*,#12991,.F.);
#13270 = ORIENTED_EDGE('',*,*,#13176,.T.);
#13271 = ORIENTED_EDGE('',*,*,#13106,.T.);
#13272 = ORIENTED_EDGE('',*,*,#13223,.F.);
#13273 = ADVANCED_FACE('',(#13274),#13061,.T.);
#13274 = FACE_BOUND('',#13275,.T.);
#13275 = EDGE_LOOP('',(#13276,#13277,#13278,#13279));
#13276 = ORIENTED_EDGE('',*,*,#13047,.F.);
#13277 = ORIENTED_EDGE('',*,*,#13198,.T.);
#13278 = ORIENTED_EDGE('',*,*,#13152,.T.);
#13279 = ORIENTED_EDGE('',*,*,#13245,.F.);
#13280 = ( GEOMETRIC_REPRESENTATION_CONTEXT(3) 
GLOBAL_UNCERTAINTY_ASSIGNED_CONTEXT((#13284)) 
GLOBAL_UNIT_ASSIGNED_CONTEXT((#13281,#13282,#13283)) 
REPRESENTATION_CONTEXT('Context #1',
  '3D Context with UNIT and UNCERTAINTY') );
#13281 = ( LENGTH_UNIT() NAMED_UNIT(*) SI_UNIT(.MILLI.,.METRE.) );
#13282 = ( NAMED_UNIT(*) PLANE_ANGLE_UNIT() SI_UNIT($,.RADIAN.) );
#13283 = ( NAMED_UNIT(*) SI_UNIT($,.STERADIAN.) SOLID_ANGLE_UNIT() );
#13284 = UNCERTAINTY_MEASURE_WITH_UNIT(LENGTH_MEASURE(1.E-07),#13281,
  'distance_accuracy_value','confusion accuracy');
#13285 = CONTEXT_DEPENDENT_SHAPE_REPRESENTATION(#13286,#13288);
#13286 = ( REPRESENTATION_RELATIONSHIP('','',#12949,#10) 
REPRESENTATION_RELATIONSHIP_WITH_TRANSFORMATION(#13287) 
SHAPE_REPRESENTATION_RELATIONSHIP() );
#13287 = ITEM_DEFINED_TRANSFORMATION('','',#11,#155);
#13288 = PRODUCT_DEFINITION_SHAPE('Placement','Placement of an item',
  #13289);
#13289 = NEXT_ASSEMBLY_USAGE_OCCURRENCE('3315','LATCH_3_1_tnut','',#5,
  #12944,$);
#13290 = PRODUCT_RELATED_PRODUCT_CATEGORY('part',$,(#12946));
#13291 = SHAPE_DEFINITION_REPRESENTATION(#13292,#13298);
#13292 = PRODUCT_DEFINITION_SHAPE('','',#13293);
#13293 = PRODUCT_DEFINITION('design','',#13294,#13297);
#13294 = PRODUCT_DEFINITION_FORMATION('','',#13295);
#13295 = PRODUCT('LATCH_3_2_screw','LATCH_3_2_screw','',(#13296));
#13296 = PRODUCT_CONTEXT('',#2,'mechanical');
#13297 = PRODUCT_DEFINITION_CONTEXT('part definition',#2,'design');
#13298 = SHAPE_REPRESENTATION('',(#11,#13299,#13397),#13495);
#13299 = MANIFOLD_SOLID_BREP('',#13300);
#13300 = CLOSED_SHELL('',(#13301,#13389,#13393));
#13301 = ADVANCED_FACE('',(#13302),#13316,.T.);
#13302 = FACE_BOUND('',#13303,.F.);
#13303 = EDGE_LOOP('',(#13304,#13334,#13361,#13362));
#13304 = ORIENTED_EDGE('',*,*,#13305,.T.);
#13305 = EDGE_CURVE('',#13306,#13308,#13310,.T.);
#13306 = VERTEX_POINT('',#13307);
#13307 = CARTESIAN_POINT('',(358.,-260.,325.));
#13308 = VERTEX_POINT('',#13309);
#13309 = CARTESIAN_POINT('',(358.,-260.,353.));
#13310 = SEAM_CURVE('',#13311,(#13315,#13327),.PCURVE_S1.);
#13311 = LINE('',#13312,#13313);
#13312 = CARTESIAN_POINT('',(358.,-260.,325.));
#13313 = VECTOR('',#13314,1.);
#13314 = DIRECTION('',(0.,0.,1.));
#13315 = PCURVE('',#13316,#13321);
#13316 = CYLINDRICAL_SURFACE('',#13317,3.);
#13317 = AXIS2_PLACEMENT_3D('',#13318,#13319,#13320);
#13318 = CARTESIAN_POINT('',(355.,-260.,325.));
#13319 = DIRECTION('',(-0.,-0.,-1.));
#13320 = DIRECTION('',(1.,0.,0.));
#13321 = DEFINITIONAL_REPRESENTATION('',(#13322),#13326);
#13322 = LINE('',#13323,#13324);
#13323 = CARTESIAN_POINT('',(-0.,0.));
#13324 = VECTOR('',#13325,1.);
#13325 = DIRECTION('',(-0.,-1.));
#13326 = ( GEOMETRIC_REPRESENTATION_CONTEXT(2) 
PARAMETRIC_REPRESENTATION_CONTEXT() REPRESENTATION_CONTEXT('2D SPACE',''
  ) );
#13327 = PCURVE('',#13316,#13328);
#13328 = DEFINITIONAL_REPRESENTATION('',(#13329),#13333);
#13329 = LINE('',#13330,#13331);
#13330 = CARTESIAN_POINT('',(-6.28318530718,0.));
#13331 = VECTOR('',#13332,1.);
#13332 = DIRECTION('',(-0.,-1.));
#13333 = ( GEOMETRIC_REPRESENTATION_CONTEXT(2) 
PARAMETRIC_REPRESENTATION_CONTEXT() REPRESENTATION_CONTEXT('2D SPACE',''
  ) );
#13334 = ORIENTED_EDGE('',*,*,#13335,.T.);
#13335 = EDGE_CURVE('',#13308,#13308,#13336,.T.);
#13336 = SURFACE_CURVE('',#13337,(#13342,#13349),.PCURVE_S1.);
#13337 = CIRCLE('',#13338,3.);
#13338 = AXIS2_PLACEMENT_3D('',#13339,#13340,#13341);
#13339 = CARTESIAN_POINT('',(355.,-260.,353.));
#13340 = DIRECTION('',(0.,0.,1.));
#13341 = DIRECTION('',(1.,0.,0.));
#13342 = PCURVE('',#13316,#13343);
#13343 = DEFINITIONAL_REPRESENTATION('',(#13344),#13348);
#13344 = LINE('',#13345,#13346);
#13345 = CARTESIAN_POINT('',(-0.,-28.));
#13346 = VECTOR('',#13347,1.);
#13347 = DIRECTION('',(-1.,0.));
#13348 = ( GEOMETRIC_REPRESENTATION_CONTEXT(2) 
PARAMETRIC_REPRESENTATION_CONTEXT() REPRESENTATION_CONTEXT('2D SPACE',''
  ) );
#13349 = PCURVE('',#13350,#13355);
#13350 = PLANE('',#13351);
#13351 = AXIS2_PLACEMENT_3D('',#13352,#13353,#13354);
#13352 = CARTESIAN_POINT('',(355.,-260.,353.));
#13353 = DIRECTION('',(0.,0.,1.));
#13354 = DIRECTION('',(1.,0.,-0.));
#13355 = DEFINITIONAL_REPRESENTATION('',(#13356),#13360);
#13356 = CIRCLE('',#13357,3.);
#13357 = AXIS2_PLACEMENT_2D('',#13358,#13359);
#13358 = CARTESIAN_POINT('',(0.,0.));
#13359 = DIRECTION('',(1.,0.));
#13360 = ( GEOMETRIC_REPRESENTATION_CONTEXT(2) 
PARAMETRIC_REPRESENTATION_CONTEXT() REPRESENTATION_CONTEXT('2D SPACE',''
  ) );
#13361 = ORIENTED_EDGE('',*,*,#13305,.F.);
#13362 = ORIENTED_EDGE('',*,*,#13363,.F.);
#13363 = EDGE_CURVE('',#13306,#13306,#13364,.T.);
#13364 = SURFACE_CURVE('',#13365,(#13370,#13377),.PCURVE_S1.);
#13365 = CIRCLE('',#13366,3.);
#13366 = AXIS2_PLACEMENT_3D('',#13367,#13368,#13369);
#13367 = CARTESIAN_POINT('',(355.,-260.,325.));
#13368 = DIRECTION('',(0.,0.,1.));
#13369 = DIRECTION('',(1.,0.,0.));
#13370 = PCURVE('',#13316,#13371);
#13371 = DEFINITIONAL_REPRESENTATION('',(#13372),#13376);
#13372 = LINE('',#13373,#13374);
#13373 = CARTESIAN_POINT('',(-0.,0.));
#13374 = VECTOR('',#13375,1.);
#13375 = DIRECTION('',(-1.,0.));
#13376 = ( GEOMETRIC_REPRESENTATION_CONTEXT(2) 
PARAMETRIC_REPRESENTATION_CONTEXT() REPRESENTATION_CONTEXT('2D SPACE',''
  ) );
#13377 = PCURVE('',#13378,#13383);
#13378 = PLANE('',#13379);
#13379 = AXIS2_PLACEMENT_3D('',#13380,#13381,#13382);
#13380 = CARTESIAN_POINT('',(355.,-260.,325.));
#13381 = DIRECTION('',(0.,0.,1.));
#13382 = DIRECTION('',(1.,0.,-0.));
#13383 = DEFINITIONAL_REPRESENTATION('',(#13384),#13388);
#13384 = CIRCLE('',#13385,3.);
#13385 = AXIS2_PLACEMENT_2D('',#13386,#13387);
#13386 = CARTESIAN_POINT('',(0.,0.));
#13387 = DIRECTION('',(1.,0.));
#13388 = ( GEOMETRIC_REPRESENTATION_CONTEXT(2) 
PARAMETRIC_REPRESENTATION_CONTEXT() REPRESENTATION_CONTEXT('2D SPACE',''
  ) );
#13389 = ADVANCED_FACE('',(#13390),#13378,.F.);
#13390 = FACE_BOUND('',#13391,.F.);
#13391 = EDGE_LOOP('',(#13392));
#13392 = ORIENTED_EDGE('',*,*,#13363,.T.);
#13393 = ADVANCED_FACE('',(#13394),#13350,.T.);
#13394 = FACE_BOUND('',#13395,.T.);
#13395 = EDGE_LOOP('',(#13396));
#13396 = ORIENTED_EDGE('',*,*,#13335,.T.);
#13397 = MANIFOLD_SOLID_BREP('',#13398);
#13398 = CLOSED_SHELL('',(#13399,#13487,#13491));
#13399 = ADVANCED_FACE('',(#13400),#13414,.T.);
#13400 = FACE_BOUND('',#13401,.F.);
#13401 = EDGE_LOOP('',(#13402,#13432,#13459,#13460));
#13402 = ORIENTED_EDGE('',*,*,#13403,.T.);
#13403 = EDGE_CURVE('',#13404,#13406,#13408,.T.);
#13404 = VERTEX_POINT('',#13405);
#13405 = CARTESIAN_POINT('',(360.2,-260.,349.));
#13406 = VERTEX_POINT('',#13407);
#13407 = CARTESIAN_POINT('',(360.2,-260.,353.));
#13408 = SEAM_CURVE('',#13409,(#13413,#13425),.PCURVE_S1.);
#13409 = LINE('',#13410,#13411);
#13410 = CARTESIAN_POINT('',(360.2,-260.,349.));
#13411 = VECTOR('',#13412,1.);
#13412 = DIRECTION('',(0.,0.,1.));
#13413 = PCURVE('',#13414,#13419);
#13414 = CYLINDRICAL_SURFACE('',#13415,5.2);
#13415 = AXIS2_PLACEMENT_3D('',#13416,#13417,#13418);
#13416 = CARTESIAN_POINT('',(355.,-260.,349.));
#13417 = DIRECTION('',(-0.,-0.,-1.));
#13418 = DIRECTION('',(1.,0.,0.));
#13419 = DEFINITIONAL_REPRESENTATION('',(#13420),#13424);
#13420 = LINE('',#13421,#13422);
#13421 = CARTESIAN_POINT('',(-0.,0.));
#13422 = VECTOR('',#13423,1.);
#13423 = DIRECTION('',(-0.,-1.));
#13424 = ( GEOMETRIC_REPRESENTATION_CONTEXT(2) 
PARAMETRIC_REPRESENTATION_CONTEXT() REPRESENTATION_CONTEXT('2D SPACE',''
  ) );
#13425 = PCURVE('',#13414,#13426);
#13426 = DEFINITIONAL_REPRESENTATION('',(#13427),#13431);
#13427 = LINE('',#13428,#13429);
#13428 = CARTESIAN_POINT('',(-6.28318530718,0.));
#13429 = VECTOR('',#13430,1.);
#13430 = DIRECTION('',(-0.,-1.));
#13431 = ( GEOMETRIC_REPRESENTATION_CONTEXT(2) 
PARAMETRIC_REPRESENTATION_CONTEXT() REPRESENTATION_CONTEXT('2D SPACE',''
  ) );
#13432 = ORIENTED_EDGE('',*,*,#13433,.T.);
#13433 = EDGE_CURVE('',#13406,#13406,#13434,.T.);
#13434 = SURFACE_CURVE('',#13435,(#13440,#13447),.PCURVE_S1.);
#13435 = CIRCLE('',#13436,5.2);
#13436 = AXIS2_PLACEMENT_3D('',#13437,#13438,#13439);
#13437 = CARTESIAN_POINT('',(355.,-260.,353.));
#13438 = DIRECTION('',(0.,0.,1.));
#13439 = DIRECTION('',(1.,0.,0.));
#13440 = PCURVE('',#13414,#13441);
#13441 = DEFINITIONAL_REPRESENTATION('',(#13442),#13446);
#13442 = LINE('',#13443,#13444);
#13443 = CARTESIAN_POINT('',(-0.,-4.));
#13444 = VECTOR('',#13445,1.);
#13445 = DIRECTION('',(-1.,0.));
#13446 = ( GEOMETRIC_REPRESENTATION_CONTEXT(2) 
PARAMETRIC_REPRESENTATION_CONTEXT() REPRESENTATION_CONTEXT('2D SPACE',''
  ) );
#13447 = PCURVE('',#13448,#13453);
#13448 = PLANE('',#13449);
#13449 = AXIS2_PLACEMENT_3D('',#13450,#13451,#13452);
#13450 = CARTESIAN_POINT('',(355.,-260.,353.));
#13451 = DIRECTION('',(0.,0.,1.));
#13452 = DIRECTION('',(1.,0.,-0.));
#13453 = DEFINITIONAL_REPRESENTATION('',(#13454),#13458);
#13454 = CIRCLE('',#13455,5.2);
#13455 = AXIS2_PLACEMENT_2D('',#13456,#13457);
#13456 = CARTESIAN_POINT('',(0.,0.));
#13457 = DIRECTION('',(1.,0.));
#13458 = ( GEOMETRIC_REPRESENTATION_CONTEXT(2) 
PARAMETRIC_REPRESENTATION_CONTEXT() REPRESENTATION_CONTEXT('2D SPACE',''
  ) );
#13459 = ORIENTED_EDGE('',*,*,#13403,.F.);
#13460 = ORIENTED_EDGE('',*,*,#13461,.F.);
#13461 = EDGE_CURVE('',#13404,#13404,#13462,.T.);
#13462 = SURFACE_CURVE('',#13463,(#13468,#13475),.PCURVE_S1.);
#13463 = CIRCLE('',#13464,5.2);
#13464 = AXIS2_PLACEMENT_3D('',#13465,#13466,#13467);
#13465 = CARTESIAN_POINT('',(355.,-260.,349.));
#13466 = DIRECTION('',(0.,0.,1.));
#13467 = DIRECTION('',(1.,0.,0.));
#13468 = PCURVE('',#13414,#13469);
#13469 = DEFINITIONAL_REPRESENTATION('',(#13470),#13474);
#13470 = LINE('',#13471,#13472);
#13471 = CARTESIAN_POINT('',(-0.,0.));
#13472 = VECTOR('',#13473,1.);
#13473 = DIRECTION('',(-1.,0.));
#13474 = ( GEOMETRIC_REPRESENTATION_CONTEXT(2) 
PARAMETRIC_REPRESENTATION_CONTEXT() REPRESENTATION_CONTEXT('2D SPACE',''
  ) );
#13475 = PCURVE('',#13476,#13481);
#13476 = PLANE('',#13477);
#13477 = AXIS2_PLACEMENT_3D('',#13478,#13479,#13480);
#13478 = CARTESIAN_POINT('',(355.,-260.,349.));
#13479 = DIRECTION('',(0.,0.,1.));
#13480 = DIRECTION('',(1.,0.,-0.));
#13481 = DEFINITIONAL_REPRESENTATION('',(#13482),#13486);
#13482 = CIRCLE('',#13483,5.2);
#13483 = AXIS2_PLACEMENT_2D('',#13484,#13485);
#13484 = CARTESIAN_POINT('',(0.,0.));
#13485 = DIRECTION('',(1.,0.));
#13486 = ( GEOMETRIC_REPRESENTATION_CONTEXT(2) 
PARAMETRIC_REPRESENTATION_CONTEXT() REPRESENTATION_CONTEXT('2D SPACE',''
  ) );
#13487 = ADVANCED_FACE('',(#13488),#13476,.F.);
#13488 = FACE_BOUND('',#13489,.F.);
#13489 = EDGE_LOOP('',(#13490));
#13490 = ORIENTED_EDGE('',*,*,#13461,.T.);
#13491 = ADVANCED_FACE('',(#13492),#13448,.T.);
#13492 = FACE_BOUND('',#13493,.T.);
#13493 = EDGE_LOOP('',(#13494));
#13494 = ORIENTED_EDGE('',*,*,#13433,.T.);
#13495 = ( GEOMETRIC_REPRESENTATION_CONTEXT(3) 
GLOBAL_UNCERTAINTY_ASSIGNED_CONTEXT((#13499)) 
GLOBAL_UNIT_ASSIGNED_CONTEXT((#13496,#13497,#13498)) 
REPRESENTATION_CONTEXT('Context #1',
  '3D Context with UNIT and UNCERTAINTY') );
#13496 = ( LENGTH_UNIT() NAMED_UNIT(*) SI_UNIT(.MILLI.,.METRE.) );
#13497 = ( NAMED_UNIT(*) PLANE_ANGLE_UNIT() SI_UNIT($,.RADIAN.) );
#13498 = ( NAMED_UNIT(*) SI_UNIT($,.STERADIAN.) SOLID_ANGLE_UNIT() );
#13499 = UNCERTAINTY_MEASURE_WITH_UNIT(LENGTH_MEASURE(1.E-07),#13496,
  'distance_accuracy_value','confusion accuracy');
#13500 = CONTEXT_DEPENDENT_SHAPE_REPRESENTATION(#13501,#13503);
#13501 = ( REPRESENTATION_RELATIONSHIP('','',#13298,#10) 
REPRESENTATION_RELATIONSHIP_WITH_TRANSFORMATION(#13502) 
SHAPE_REPRESENTATION_RELATIONSHIP() );
#13502 = ITEM_DEFINED_TRANSFORMATION('','',#11,#159);
#13503 = PRODUCT_DEFINITION_SHAPE('Placement','Placement of an item',
  #13504);
#13504 = NEXT_ASSEMBLY_USAGE_OCCURRENCE('3316','LATCH_3_2_screw','',#5,
  #13293,$);
#13505 = PRODUCT_RELATED_PRODUCT_CATEGORY('part',$,(#13295));
#13506 = SHAPE_DEFINITION_REPRESENTATION(#13507,#13513);
#13507 = PRODUCT_DEFINITION_SHAPE('','',#13508);
#13508 = PRODUCT_DEFINITION('design','',#13509,#13512);
#13509 = PRODUCT_DEFINITION_FORMATION('','',#13510);
#13510 = PRODUCT('LATCH_3_2_washer','LATCH_3_2_washer','',(#13511));
#13511 = PRODUCT_CONTEXT('',#2,'mechanical');
#13512 = PRODUCT_DEFINITION_CONTEXT('part definition',#2,'design');
#13513 = ADVANCED_BREP_SHAPE_REPRESENTATION('',(#11,#13514),#13704);
#13514 = MANIFOLD_SOLID_BREP('',#13515);
#13515 = CLOSED_SHELL('',(#13516,#13604,#13643,#13677));
#13516 = ADVANCED_FACE('',(#13517),#13531,.T.);
#13517 = FACE_BOUND('',#13518,.F.);
#13518 = EDGE_LOOP('',(#13519,#13549,#13576,#13577));
#13519 = ORIENTED_EDGE('',*,*,#13520,.T.);
#13520 = EDGE_CURVE('',#13521,#13523,#13525,.T.);
#13521 = VERTEX_POINT('',#13522);
#13522 = CARTESIAN_POINT('',(361.,-260.,348.));
#13523 = VERTEX_POINT('',#13524);
#13524 = CARTESIAN_POINT('',(361.,-260.,349.));
#13525 = SEAM_CURVE('',#13526,(#13530,#13542),.PCURVE_S1.);
#13526 = LINE('',#13527,#13528);
#13527 = CARTESIAN_POINT('',(361.,-260.,348.));
#13528 = VECTOR('',#13529,1.);
#13529 = DIRECTION('',(0.,0.,1.));
#13530 = PCURVE('',#13531,#13536);
#13531 = CYLINDRICAL_SURFACE('',#13532,6.);
#13532 = AXIS2_PLACEMENT_3D('',#13533,#13534,#13535);
#13533 = CARTESIAN_POINT('',(355.,-260.,348.));
#13534 = DIRECTION('',(-0.,-0.,-1.));
#13535 = DIRECTION('',(1.,0.,0.));
#13536 = DEFINITIONAL_REPRESENTATION('',(#13537),#13541);
#13537 = LINE('',#13538,#13539);
#13538 = CARTESIAN_POINT('',(-0.,0.));
#13539 = VECTOR('',#13540,1.);
#13540 = DIRECTION('',(-0.,-1.));
#13541 = ( GEOMETRIC_REPRESENTATION_CONTEXT(2) 
PARAMETRIC_REPRESENTATION_CONTEXT() REPRESENTATION_CONTEXT('2D SPACE',''
  ) );
#13542 = PCURVE('',#13531,#13543);
#13543 = DEFINITIONAL_REPRESENTATION('',(#13544),#13548);
#13544 = LINE('',#13545,#13546);
#13545 = CARTESIAN_POINT('',(-6.28318530718,0.));
#13546 = VECTOR('',#13547,1.);
#13547 = DIRECTION('',(-0.,-1.));
#13548 = ( GEOMETRIC_REPRESENTATION_CONTEXT(2) 
PARAMETRIC_REPRESENTATION_CONTEXT() REPRESENTATION_CONTEXT('2D SPACE',''
  ) );
#13549 = ORIENTED_EDGE('',*,*,#13550,.T.);
#13550 = EDGE_CURVE('',#13523,#13523,#13551,.T.);
#13551 = SURFACE_CURVE('',#13552,(#13557,#13564),.PCURVE_S1.);
#13552 = CIRCLE('',#13553,6.);
#13553 = AXIS2_PLACEMENT_3D('',#13554,#13555,#13556);
#13554 = CARTESIAN_POINT('',(355.,-260.,349.));
#13555 = DIRECTION('',(0.,0.,1.));
#13556 = DIRECTION('',(1.,0.,0.));
#13557 = PCURVE('',#13531,#13558);
#13558 = DEFINITIONAL_REPRESENTATION('',(#13559),#13563);
#13559 = LINE('',#13560,#13561);
#13560 = CARTESIAN_POINT('',(-0.,-1.));
#13561 = VECTOR('',#13562,1.);
#13562 = DIRECTION('',(-1.,0.));
#13563 = ( GEOMETRIC_REPRESENTATION_CONTEXT(2) 
PARAMETRIC_REPRESENTATION_CONTEXT() REPRESENTATION_CONTEXT('2D SPACE',''
  ) );
#13564 = PCURVE('',#13565,#13570);
#13565 = PLANE('',#13566);
#13566 = AXIS2_PLACEMENT_3D('',#13567,#13568,#13569);
#13567 = CARTESIAN_POINT('',(355.,-260.,349.));
#13568 = DIRECTION('',(0.,0.,1.));
#13569 = DIRECTION('',(1.,0.,-0.));
#13570 = DEFINITIONAL_REPRESENTATION('',(#13571),#13575);
#13571 = CIRCLE('',#13572,6.);
#13572 = AXIS2_PLACEMENT_2D('',#13573,#13574);
#13573 = CARTESIAN_POINT('',(0.,0.));
#13574 = DIRECTION('',(1.,0.));
#13575 = ( GEOMETRIC_REPRESENTATION_CONTEXT(2) 
PARAMETRIC_REPRESENTATION_CONTEXT() REPRESENTATION_CONTEXT('2D SPACE',''
  ) );
#13576 = ORIENTED_EDGE('',*,*,#13520,.F.);
#13577 = ORIENTED_EDGE('',*,*,#13578,.F.);
#13578 = EDGE_CURVE('',#13521,#13521,#13579,.T.);
#13579 = SURFACE_CURVE('',#13580,(#13585,#13592),.PCURVE_S1.);
#13580 = CIRCLE('',#13581,6.);
#13581 = AXIS2_PLACEMENT_3D('',#13582,#13583,#13584);
#13582 = CARTESIAN_POINT('',(355.,-260.,348.));
#13583 = DIRECTION('',(0.,0.,1.));
#13584 = DIRECTION('',(1.,0.,0.));
#13585 = PCURVE('',#13531,#13586);
#13586 = DEFINITIONAL_REPRESENTATION('',(#13587),#13591);
#13587 = LINE('',#13588,#13589);
#13588 = CARTESIAN_POINT('',(-0.,0.));
#13589 = VECTOR('',#13590,1.);
#13590 = DIRECTION('',(-1.,0.));
#13591 = ( GEOMETRIC_REPRESENTATION_CONTEXT(2) 
PARAMETRIC_REPRESENTATION_CONTEXT() REPRESENTATION_CONTEXT('2D SPACE',''
  ) );
#13592 = PCURVE('',#13593,#13598);
#13593 = PLANE('',#13594);
#13594 = AXIS2_PLACEMENT_3D('',#13595,#13596,#13597);
#13595 = CARTESIAN_POINT('',(355.,-260.,348.));
#13596 = DIRECTION('',(0.,0.,1.));
#13597 = DIRECTION('',(1.,0.,-0.));
#13598 = DEFINITIONAL_REPRESENTATION('',(#13599),#13603);
#13599 = CIRCLE('',#13600,6.);
#13600 = AXIS2_PLACEMENT_2D('',#13601,#13602);
#13601 = CARTESIAN_POINT('',(0.,0.));
#13602 = DIRECTION('',(1.,0.));
#13603 = ( GEOMETRIC_REPRESENTATION_CONTEXT(2) 
PARAMETRIC_REPRESENTATION_CONTEXT() REPRESENTATION_CONTEXT('2D SPACE',''
  ) );
#13604 = ADVANCED_FACE('',(#13605,#13608),#13593,.F.);
#13605 = FACE_BOUND('',#13606,.F.);
#13606 = EDGE_LOOP('',(#13607));
#13607 = ORIENTED_EDGE('',*,*,#13578,.T.);
#13608 = FACE_BOUND('',#13609,.F.);
#13609 = EDGE_LOOP('',(#13610));
#13610 = ORIENTED_EDGE('',*,*,#13611,.T.);
#13611 = EDGE_CURVE('',#13612,#13612,#13614,.T.);
#13612 = VERTEX_POINT('',#13613);
#13613 = CARTESIAN_POINT('',(358.3,-260.,348.));
#13614 = SURFACE_CURVE('',#13615,(#13620,#13631),.PCURVE_S1.);
#13615 = CIRCLE('',#13616,3.3);
#13616 = AXIS2_PLACEMENT_3D('',#13617,#13618,#13619);
#13617 = CARTESIAN_POINT('',(355.,-260.,348.));
#13618 = DIRECTION('',(0.,0.,-1.));
#13619 = DIRECTION('',(1.,0.,0.));
#13620 = PCURVE('',#13593,#13621);
#13621 = DEFINITIONAL_REPRESENTATION('',(#13622),#13630);
#13622 = ( BOUNDED_CURVE() B_SPLINE_CURVE(2,(#13623,#13624,#13625,#13626
    ,#13627,#13628,#13629),.UNSPECIFIED.,.T.,.F.) 
B_SPLINE_CURVE_WITH_KNOTS((1,2,2,2,2,1),(-2.094395102393,0.,
    2.094395102393,4.188790204786,6.28318530718,8.377580409573),
.UNSPECIFIED.) CURVE() GEOMETRIC_REPRESENTATION_ITEM() 
RATIONAL_B_SPLINE_CURVE((1.,0.5,1.,0.5,1.,0.5,1.)) REPRESENTATION_ITEM(
  '') );
#13623 = CARTESIAN_POINT('',(3.3,0.));
#13624 = CARTESIAN_POINT('',(3.3,-5.715767664977));
#13625 = CARTESIAN_POINT('',(-1.65,-2.857883832489));
#13626 = CARTESIAN_POINT('',(-6.6,-8.082668874373E-16));
#13627 = CARTESIAN_POINT('',(-1.65,2.857883832489));
#13628 = CARTESIAN_POINT('',(3.3,5.715767664977));
#13629 = CARTESIAN_POINT('',(3.3,0.));
#13630 = ( GEOMETRIC_REPRESENTATION_CONTEXT(2) 
PARAMETRIC_REPRESENTATION_CONTEXT() REPRESENTATION_CONTEXT('2D SPACE',''
  ) );
#13631 = PCURVE('',#13632,#13637);
#13632 = CYLINDRICAL_SURFACE('',#13633,3.3);
#13633 = AXIS2_PLACEMENT_3D('',#13634,#13635,#13636);
#13634 = CARTESIAN_POINT('',(355.,-260.,347.));
#13635 = DIRECTION('',(-0.,-0.,-1.));
#13636 = DIRECTION('',(1.,0.,0.));
#13637 = DEFINITIONAL_REPRESENTATION('',(#13638),#13642);
#13638 = LINE('',#13639,#13640);
#13639 = CARTESIAN_POINT('',(-6.28318530718,-1.));
#13640 = VECTOR('',#13641,1.);
#13641 = DIRECTION('',(1.,-0.));
#13642 = ( GEOMETRIC_REPRESENTATION_CONTEXT(2) 
PARAMETRIC_REPRESENTATION_CONTEXT() REPRESENTATION_CONTEXT('2D SPACE',''
  ) );
#13643 = ADVANCED_FACE('',(#13644,#13647),#13565,.T.);
#13644 = FACE_BOUND('',#13645,.T.);
#13645 = EDGE_LOOP('',(#13646));
#13646 = ORIENTED_EDGE('',*,*,#13550,.T.);
#13647 = FACE_BOUND('',#13648,.T.);
#13648 = EDGE_LOOP('',(#13649));
#13649 = ORIENTED_EDGE('',*,*,#13650,.T.);
#13650 = EDGE_CURVE('',#13651,#13651,#13653,.T.);
#13651 = VERTEX_POINT('',#13652);
#13652 = CARTESIAN_POINT('',(358.3,-260.,349.));
#13653 = SURFACE_CURVE('',#13654,(#13659,#13670),.PCURVE_S1.);
#13654 = CIRCLE('',#13655,3.3);
#13655 = AXIS2_PLACEMENT_3D('',#13656,#13657,#13658);
#13656 = CARTESIAN_POINT('',(355.,-260.,349.));
#13657 = DIRECTION('',(0.,0.,-1.));
#13658 = DIRECTION('',(1.,0.,0.));
#13659 = PCURVE('',#13565,#13660);
#13660 = DEFINITIONAL_REPRESENTATION('',(#13661),#13669);
#13661 = ( BOUNDED_CURVE() B_SPLINE_CURVE(2,(#13662,#13663,#13664,#13665
    ,#13666,#13667,#13668),.UNSPECIFIED.,.T.,.F.) 
B_SPLINE_CURVE_WITH_KNOTS((1,2,2,2,2,1),(-2.094395102393,0.,
    2.094395102393,4.188790204786,6.28318530718,8.377580409573),
.UNSPECIFIED.) CURVE() GEOMETRIC_REPRESENTATION_ITEM() 
RATIONAL_B_SPLINE_CURVE((1.,0.5,1.,0.5,1.,0.5,1.)) REPRESENTATION_ITEM(
  '') );
#13662 = CARTESIAN_POINT('',(3.3,0.));
#13663 = CARTESIAN_POINT('',(3.3,-5.715767664977));
#13664 = CARTESIAN_POINT('',(-1.65,-2.857883832489));
#13665 = CARTESIAN_POINT('',(-6.6,-8.082668874373E-16));
#13666 = CARTESIAN_POINT('',(-1.65,2.857883832489));
#13667 = CARTESIAN_POINT('',(3.3,5.715767664977));
#13668 = CARTESIAN_POINT('',(3.3,0.));
#13669 = ( GEOMETRIC_REPRESENTATION_CONTEXT(2) 
PARAMETRIC_REPRESENTATION_CONTEXT() REPRESENTATION_CONTEXT('2D SPACE',''
  ) );
#13670 = PCURVE('',#13632,#13671);
#13671 = DEFINITIONAL_REPRESENTATION('',(#13672),#13676);
#13672 = LINE('',#13673,#13674);
#13673 = CARTESIAN_POINT('',(-6.28318530718,-2.));
#13674 = VECTOR('',#13675,1.);
#13675 = DIRECTION('',(1.,-0.));
#13676 = ( GEOMETRIC_REPRESENTATION_CONTEXT(2) 
PARAMETRIC_REPRESENTATION_CONTEXT() REPRESENTATION_CONTEXT('2D SPACE',''
  ) );
#13677 = ADVANCED_FACE('',(#13678),#13632,.F.);
#13678 = FACE_BOUND('',#13679,.T.);
#13679 = EDGE_LOOP('',(#13680,#13681,#13702,#13703));
#13680 = ORIENTED_EDGE('',*,*,#13611,.T.);
#13681 = ORIENTED_EDGE('',*,*,#13682,.T.);
#13682 = EDGE_CURVE('',#13612,#13651,#13683,.T.);
#13683 = SEAM_CURVE('',#13684,(#13688,#13695),.PCURVE_S1.);
#13684 = LINE('',#13685,#13686);
#13685 = CARTESIAN_POINT('',(358.3,-260.,347.));
#13686 = VECTOR('',#13687,1.);
#13687 = DIRECTION('',(0.,0.,1.));
#13688 = PCURVE('',#13632,#13689);
#13689 = DEFINITIONAL_REPRESENTATION('',(#13690),#13694);
#13690 = LINE('',#13691,#13692);
#13691 = CARTESIAN_POINT('',(-6.28318530718,0.));
#13692 = VECTOR('',#13693,1.);
#13693 = DIRECTION('',(-0.,-1.));
#13694 = ( GEOMETRIC_REPRESENTATION_CONTEXT(2) 
PARAMETRIC_REPRESENTATION_CONTEXT() REPRESENTATION_CONTEXT('2D SPACE',''
  ) );
#13695 = PCURVE('',#13632,#13696);
#13696 = DEFINITIONAL_REPRESENTATION('',(#13697),#13701);
#13697 = LINE('',#13698,#13699);
#13698 = CARTESIAN_POINT('',(-0.,0.));
#13699 = VECTOR('',#13700,1.);
#13700 = DIRECTION('',(-0.,-1.));
#13701 = ( GEOMETRIC_REPRESENTATION_CONTEXT(2) 
PARAMETRIC_REPRESENTATION_CONTEXT() REPRESENTATION_CONTEXT('2D SPACE',''
  ) );
#13702 = ORIENTED_EDGE('',*,*,#13650,.F.);
#13703 = ORIENTED_EDGE('',*,*,#13682,.F.);
#13704 = ( GEOMETRIC_REPRESENTATION_CONTEXT(3) 
GLOBAL_UNCERTAINTY_ASSIGNED_CONTEXT((#13708)) 
GLOBAL_UNIT_ASSIGNED_CONTEXT((#13705,#13706,#13707)) 
REPRESENTATION_CONTEXT('Context #1',
  '3D Context with UNIT and UNCERTAINTY') );
#13705 = ( LENGTH_UNIT() NAMED_UNIT(*) SI_UNIT(.MILLI.,.METRE.) );
#13706 = ( NAMED_UNIT(*) PLANE_ANGLE_UNIT() SI_UNIT($,.RADIAN.) );
#13707 = ( NAMED_UNIT(*) SI_UNIT($,.STERADIAN.) SOLID_ANGLE_UNIT() );
#13708 = UNCERTAINTY_MEASURE_WITH_UNIT(LENGTH_MEASURE(1.E-07),#13705,
  'distance_accuracy_value','confusion accuracy');
#13709 = CONTEXT_DEPENDENT_SHAPE_REPRESENTATION(#13710,#13712);
#13710 = ( REPRESENTATION_RELATIONSHIP('','',#13513,#10) 
REPRESENTATION_RELATIONSHIP_WITH_TRANSFORMATION(#13711) 
SHAPE_REPRESENTATION_RELATIONSHIP() );
#13711 = ITEM_DEFINED_TRANSFORMATION('','',#11,#163);
#13712 = PRODUCT_DEFINITION_SHAPE('Placement','Placement of an item',
  #13713);
#13713 = NEXT_ASSEMBLY_USAGE_OCCURRENCE('3317','LATCH_3_2_washer','',#5,
  #13508,$);
#13714 = PRODUCT_RELATED_PRODUCT_CATEGORY('part',$,(#13510));
#13715 = SHAPE_DEFINITION_REPRESENTATION(#13716,#13722);
#13716 = PRODUCT_DEFINITION_SHAPE('','',#13717);
#13717 = PRODUCT_DEFINITION('design','',#13718,#13721);
#13718 = PRODUCT_DEFINITION_FORMATION('','',#13719);
#13719 = PRODUCT('LATCH_3_2_tnut','LATCH_3_2_tnut','',(#13720));
#13720 = PRODUCT_CONTEXT('',#2,'mechanical');
#13721 = PRODUCT_DEFINITION_CONTEXT('part definition',#2,'design');
#13722 = ADVANCED_BREP_SHAPE_REPRESENTATION('',(#11,#13723),#14053);
#13723 = MANIFOLD_SOLID_BREP('',#13724);
#13724 = CLOSED_SHELL('',(#13725,#13845,#13945,#13992,#14039,#14046));
#13725 = ADVANCED_FACE('',(#13726),#13740,.F.);
#13726 = FACE_BOUND('',#13727,.F.);
#13727 = EDGE_LOOP('',(#13728,#13763,#13791,#13819));
#13728 = ORIENTED_EDGE('',*,*,#13729,.F.);
#13729 = EDGE_CURVE('',#13730,#13732,#13734,.T.);
#13730 = VERTEX_POINT('',#13731);
#13731 = CARTESIAN_POINT('',(348.,-265.,320.));
#13732 = VERTEX_POINT('',#13733);
#13733 = CARTESIAN_POINT('',(348.,-265.,325.));
#13734 = SURFACE_CURVE('',#13735,(#13739,#13751),.PCURVE_S1.);
#13735 = LINE('',#13736,#13737);
#13736 = CARTESIAN_POINT('',(348.,-265.,320.));
#13737 = VECTOR('',#13738,1.);
#13738 = DIRECTION('',(0.,0.,1.));
#13739 = PCURVE('',#13740,#13745);
#13740 = PLANE('',#13741);
#13741 = AXIS2_PLACEMENT_3D('',#13742,#13743,#13744);
#13742 = CARTESIAN_POINT('',(348.,-265.,320.));
#13743 = DIRECTION('',(1.,0.,0.));
#13744 = DIRECTION('',(0.,0.,1.));
#13745 = DEFINITIONAL_REPRESENTATION('',(#13746),#13750);
#13746 = LINE('',#13747,#13748);
#13747 = CARTESIAN_POINT('',(0.,0.));
#13748 = VECTOR('',#13749,1.);
#13749 = DIRECTION('',(1.,0.));
#13750 = ( GEOMETRIC_REPRESENTATION_CONTEXT(2) 
PARAMETRIC_REPRESENTATION_CONTEXT() REPRESENTATION_CONTEXT('2D SPACE',''
  ) );
#13751 = PCURVE('',#13752,#13757);
#13752 = PLANE('',#13753);
#13753 = AXIS2_PLACEMENT_3D('',#13754,#13755,#13756);
#13754 = CARTESIAN_POINT('',(348.,-265.,320.));
#13755 = DIRECTION('',(0.,1.,0.));
#13756 = DIRECTION('',(0.,0.,1.));
#13757 = DEFINITIONAL_REPRESENTATION('',(#13758),#13762);
#13758 = LINE('',#13759,#13760);
#13759 = CARTESIAN_POINT('',(0.,0.));
#13760 = VECTOR('',#13761,1.);
#13761 = DIRECTION('',(1.,0.));
#13762 = ( GEOMETRIC_REPRESENTATION_CONTEXT(2) 
PARAMETRIC_REPRESENTATION_CONTEXT() REPRESENTATION_CONTEXT('2D SPACE',''
  ) );
#13763 = ORIENTED_EDGE('',*,*,#13764,.T.);
#13764 = EDGE_CURVE('',#13730,#13765,#13767,.T.);
#13765 = VERTEX_POINT('',#13766);
#13766 = CARTESIAN_POINT('',(348.,-255.,320.));
#13767 = SURFACE_CURVE('',#13768,(#13772,#13779),.PCURVE_S1.);
#13768 = LINE('',#13769,#13770);
#13769 = CARTESIAN_POINT('',(348.,-265.,320.));
#13770 = VECTOR('',#13771,1.);
#13771 = DIRECTION('',(0.,1.,0.));
#13772 = PCURVE('',#13740,#13773);
#13773 = DEFINITIONAL_REPRESENTATION('',(#13774),#13778);
#13774 = LINE('',#13775,#13776);
#13775 = CARTESIAN_POINT('',(0.,0.));
#13776 = VECTOR('',#13777,1.);
#13777 = DIRECTION('',(0.,-1.));
#13778 = ( GEOMETRIC_REPRESENTATION_CONTEXT(2) 
PARAMETRIC_REPRESENTATION_CONTEXT() REPRESENTATION_CONTEXT('2D SPACE',''
  ) );
#13779 = PCURVE('',#13780,#13785);
#13780 = PLANE('',#13781);
#13781 = AXIS2_PLACEMENT_3D('',#13782,#13783,#13784);
#13782 = CARTESIAN_POINT('',(348.,-265.,320.));
#13783 = DIRECTION('',(0.,0.,1.));
#13784 = DIRECTION('',(1.,0.,0.));
#13785 = DEFINITIONAL_REPRESENTATION('',(#13786),#13790);
#13786 = LINE('',#13787,#13788);
#13787 = CARTESIAN_POINT('',(0.,0.));
#13788 = VECTOR('',#13789,1.);
#13789 = DIRECTION('',(0.,1.));
#13790 = ( GEOMETRIC_REPRESENTATION_CONTEXT(2) 
PARAMETRIC_REPRESENTATION_CONTEXT() REPRESENTATION_CONTEXT('2D SPACE',''
  ) );
#13791 = ORIENTED_EDGE('',*,*,#13792,.T.);
#13792 = EDGE_CURVE('',#13765,#13793,#13795,.T.);
#13793 = VERTEX_POINT('',#13794);
#13794 = CARTESIAN_POINT('',(348.,-255.,325.));
#13795 = SURFACE_CURVE('',#13796,(#13800,#13807),.PCURVE_S1.);
#13796 = LINE('',#13797,#13798);
#13797 = CARTESIAN_POINT('',(348.,-255.,320.));
#13798 = VECTOR('',#13799,1.);
#13799 = DIRECTION('',(0.,0.,1.));
#13800 = PCURVE('',#13740,#13801);
#13801 = DEFINITIONAL_REPRESENTATION('',(#13802),#13806);
#13802 = LINE('',#13803,#13804);
#13803 = CARTESIAN_POINT('',(0.,-10.));
#13804 = VECTOR('',#13805,1.);
#13805 = DIRECTION('',(1.,0.));
#13806 = ( GEOMETRIC_REPRESENTATION_CONTEXT(2) 
PARAMETRIC_REPRESENTATION_CONTEXT() REPRESENTATION_CONTEXT('2D SPACE',''
  ) );
#13807 = PCURVE('',#13808,#13813);
#13808 = PLANE('',#13809);
#13809 = AXIS2_PLACEMENT_3D('',#13810,#13811,#13812);
#13810 = CARTESIAN_POINT('',(348.,-255.,320.));
#13811 = DIRECTION('',(0.,1.,0.));
#13812 = DIRECTION('',(0.,0.,1.));
#13813 = DEFINITIONAL_REPRESENTATION('',(#13814),#13818);
#13814 = LINE('',#13815,#13816);
#13815 = CARTESIAN_POINT('',(0.,0.));
#13816 = VECTOR('',#13817,1.);
#13817 = DIRECTION('',(1.,0.));
#13818 = ( GEOMETRIC_REPRESENTATION_CONTEXT(2) 
PARAMETRIC_REPRESENTATION_CONTEXT() REPRESENTATION_CONTEXT('2D SPACE',''
  ) );
#13819 = ORIENTED_EDGE('',*,*,#13820,.F.);
#13820 = EDGE_CURVE('',#13732,#13793,#13821,.T.);
#13821 = SURFACE_CURVE('',#13822,(#13826,#13833),.PCURVE_S1.);
#13822 = LINE('',#13823,#13824);
#13823 = CARTESIAN_POINT('',(348.,-265.,325.));
#13824 = VECTOR('',#13825,1.);
#13825 = DIRECTION('',(0.,1.,0.));
#13826 = PCURVE('',#13740,#13827);
#13827 = DEFINITIONAL_REPRESENTATION('',(#13828),#13832);
#13828 = LINE('',#13829,#13830);
#13829 = CARTESIAN_POINT('',(5.,0.));
#13830 = VECTOR('',#13831,1.);
#13831 = DIRECTION('',(0.,-1.));
#13832 = ( GEOMETRIC_REPRESENTATION_CONTEXT(2) 
PARAMETRIC_REPRESENTATION_CONTEXT() REPRESENTATION_CONTEXT('2D SPACE',''
  ) );
#13833 = PCURVE('',#13834,#13839);
#13834 = PLANE('',#13835);
#13835 = AXIS2_PLACEMENT_3D('',#13836,#13837,#13838);
#13836 = CARTESIAN_POINT('',(348.,-265.,325.));
#13837 = DIRECTION('',(0.,0.,1.));
#13838 = DIRECTION('',(1.,0.,0.));
#13839 = DEFINITIONAL_REPRESENTATION('',(#13840),#13844);
#13840 = LINE('',#13841,#13842);
#13841 = CARTESIAN_POINT('',(0.,0.));
#13842 = VECTOR('',#13843,1.);
#13843 = DIRECTION('',(0.,1.));
#13844 = ( GEOMETRIC_REPRESENTATION_CONTEXT(2) 
PARAMETRIC_REPRESENTATION_CONTEXT() REPRESENTATION_CONTEXT('2D SPACE',''
  ) );
#13845 = ADVANCED_FACE('',(#13846),#13860,.T.);
#13846 = FACE_BOUND('',#13847,.T.);
#13847 = EDGE_LOOP('',(#13848,#13878,#13901,#13924));
#13848 = ORIENTED_EDGE('',*,*,#13849,.F.);
#13849 = EDGE_CURVE('',#13850,#13852,#13854,.T.);
#13850 = VERTEX_POINT('',#13851);
#13851 = CARTESIAN_POINT('',(362.,-265.,320.));
#13852 = VERTEX_POINT('',#13853);
#13853 = CARTESIAN_POINT('',(362.,-265.,325.));
#13854 = SURFACE_CURVE('',#13855,(#13859,#13871),.PCURVE_S1.);
#13855 = LINE('',#13856,#13857);
#13856 = CARTESIAN_POINT('',(362.,-265.,320.));
#13857 = VECTOR('',#13858,1.);
#13858 = DIRECTION('',(0.,0.,1.));
#13859 = PCURVE('',#13860,#13865);
#13860 = PLANE('',#13861);
#13861 = AXIS2_PLACEMENT_3D('',#13862,#13863,#13864);
#13862 = CARTESIAN_POINT('',(362.,-265.,320.));
#13863 = DIRECTION('',(1.,0.,0.));
#13864 = DIRECTION('',(0.,0.,1.));
#13865 = DEFINITIONAL_REPRESENTATION('',(#13866),#13870);
#13866 = LINE('',#13867,#13868);
#13867 = CARTESIAN_POINT('',(0.,0.));
#13868 = VECTOR('',#13869,1.);
#13869 = DIRECTION('',(1.,0.));
#13870 = ( GEOMETRIC_REPRESENTATION_CONTEXT(2) 
PARAMETRIC_REPRESENTATION_CONTEXT() REPRESENTATION_CONTEXT('2D SPACE',''
  ) );
#13871 = PCURVE('',#13752,#13872);
#13872 = DEFINITIONAL_REPRESENTATION('',(#13873),#13877);
#13873 = LINE('',#13874,#13875);
#13874 = CARTESIAN_POINT('',(0.,14.));
#13875 = VECTOR('',#13876,1.);
#13876 = DIRECTION('',(1.,0.));
#13877 = ( GEOMETRIC_REPRESENTATION_CONTEXT(2) 
PARAMETRIC_REPRESENTATION_CONTEXT() REPRESENTATION_CONTEXT('2D SPACE',''
  ) );
#13878 = ORIENTED_EDGE('',*,*,#13879,.T.);
#13879 = EDGE_CURVE('',#13850,#13880,#13882,.T.);
#13880 = VERTEX_POINT('',#13881);
#13881 = CARTESIAN_POINT('',(362.,-255.,320.));
#13882 = SURFACE_CURVE('',#13883,(#13887,#13894),.PCURVE_S1.);
#13883 = LINE('',#13884,#13885);
#13884 = CARTESIAN_POINT('',(362.,-265.,320.));
#13885 = VECTOR('',#13886,1.);
#13886 = DIRECTION('',(0.,1.,0.));
#13887 = PCURVE('',#13860,#13888);
#13888 = DEFINITIONAL_REPRESENTATION('',(#13889),#13893);
#13889 = LINE('',#13890,#13891);
#13890 = CARTESIAN_POINT('',(0.,0.));
#13891 = VECTOR('',#13892,1.);
#13892 = DIRECTION('',(0.,-1.));
#13893 = ( GEOMETRIC_REPRESENTATION_CONTEXT(2) 
PARAMETRIC_REPRESENTATION_CONTEXT() REPRESENTATION_CONTEXT('2D SPACE',''
  ) );
#13894 = PCURVE('',#13780,#13895);
#13895 = DEFINITIONAL_REPRESENTATION('',(#13896),#13900);
#13896 = LINE('',#13897,#13898);
#13897 = CARTESIAN_POINT('',(14.,0.));
#13898 = VECTOR('',#13899,1.);
#13899 = DIRECTION('',(0.,1.));
#13900 = ( GEOMETRIC_REPRESENTATION_CONTEXT(2) 
PARAMETRIC_REPRESENTATION_CONTEXT() REPRESENTATION_CONTEXT('2D SPACE',''
  ) );
#13901 = ORIENTED_EDGE('',*,*,#13902,.T.);
#13902 = EDGE_CURVE('',#13880,#13903,#13905,.T.);
#13903 = VERTEX_POINT('',#13904);
#13904 = CARTESIAN_POINT('',(362.,-255.,325.));
#13905 = SURFACE_CURVE('',#13906,(#13910,#13917),.PCURVE_S1.);
#13906 = LINE('',#13907,#13908);
#13907 = CARTESIAN_POINT('',(362.,-255.,320.));
#13908 = VECTOR('',#13909,1.);
#13909 = DIRECTION('',(0.,0.,1.));
#13910 = PCURVE('',#13860,#13911);
#13911 = DEFINITIONAL_REPRESENTATION('',(#13912),#13916);
#13912 = LINE('',#13913,#13914);
#13913 = CARTESIAN_POINT('',(0.,-10.));
#13914 = VECTOR('',#13915,1.);
#13915 = DIRECTION('',(1.,0.));
#13916 = ( GEOMETRIC_REPRESENTATION_CONTEXT(2) 
PARAMETRIC_REPRESENTATION_CONTEXT() REPRESENTATION_CONTEXT('2D SPACE',''
  ) );
#13917 = PCURVE('',#13808,#13918);
#13918 = DEFINITIONAL_REPRESENTATION('',(#13919),#13923);
#13919 = LINE('',#13920,#13921);
#13920 = CARTESIAN_POINT('',(0.,14.));
#13921 = VECTOR('',#13922,1.);
#13922 = DIRECTION('',(1.,0.));
#13923 = ( GEOMETRIC_REPRESENTATION_CONTEXT(2) 
PARAMETRIC_REPRESENTATION_CONTEXT() REPRESENTATION_CONTEXT('2D SPACE',''
  ) );
#13924 = ORIENTED_EDGE('',*,*,#13925,.F.);
#13925 = EDGE_CURVE('',#13852,#13903,#13926,.T.);
#13926 = SURFACE_CURVE('',#13927,(#13931,#13938),.PCURVE_S1.);
#13927 = LINE('',#13928,#13929);
#13928 = CARTESIAN_POINT('',(362.,-265.,325.));
#13929 = VECTOR('',#13930,1.);
#13930 = DIRECTION('',(0.,1.,0.));
#13931 = PCURVE('',#13860,#13932);
#13932 = DEFINITIONAL_REPRESENTATION('',(#13933),#13937);
#13933 = LINE('',#13934,#13935);
#13934 = CARTESIAN_POINT('',(5.,0.));
#13935 = VECTOR('',#13936,1.);
#13936 = DIRECTION('',(0.,-1.));
#13937 = ( GEOMETRIC_REPRESENTATION_CONTEXT(2) 
PARAMETRIC_REPRESENTATION_CONTEXT() REPRESENTATION_CONTEXT('2D SPACE',''
  ) );
#13938 = PCURVE('',#13834,#13939);
#13939 = DEFINITIONAL_REPRESENTATION('',(#13940),#13944);
#13940 = LINE('',#13941,#13942);
#13941 = CARTESIAN_POINT('',(14.,0.));
#13942 = VECTOR('',#13943,1.);
#13943 = DIRECTION('',(0.,1.));
#13944 = ( GEOMETRIC_REPRESENTATION_CONTEXT(2) 
PARAMETRIC_REPRESENTATION_CONTEXT() REPRESENTATION_CONTEXT('2D SPACE',''
  ) );
#13945 = ADVANCED_FACE('',(#13946),#13752,.F.);
#13946 = FACE_BOUND('',#13947,.F.);
#13947 = EDGE_LOOP('',(#13948,#13969,#13970,#13991));
#13948 = ORIENTED_EDGE('',*,*,#13949,.F.);
#13949 = EDGE_CURVE('',#13730,#13850,#13950,.T.);
#13950 = SURFACE_CURVE('',#13951,(#13955,#13962),.PCURVE_S1.);
#13951 = LINE('',#13952,#13953);
#13952 = CARTESIAN_POINT('',(348.,-265.,320.));
#13953 = VECTOR('',#13954,1.);
#13954 = DIRECTION('',(1.,0.,0.));
#13955 = PCURVE('',#13752,#13956);
#13956 = DEFINITIONAL_REPRESENTATION('',(#13957),#13961);
#13957 = LINE('',#13958,#13959);
#13958 = CARTESIAN_POINT('',(0.,0.));
#13959 = VECTOR('',#13960,1.);
#13960 = DIRECTION('',(0.,1.));
#13961 = ( GEOMETRIC_REPRESENTATION_CONTEXT(2) 
PARAMETRIC_REPRESENTATION_CONTEXT() REPRESENTATION_CONTEXT('2D SPACE',''
  ) );
#13962 = PCURVE('',#13780,#13963);
#13963 = DEFINITIONAL_REPRESENTATION('',(#13964),#13968);
#13964 = LINE('',#13965,#13966);
#13965 = CARTESIAN_POINT('',(0.,0.));
#13966 = VECTOR('',#13967,1.);
#13967 = DIRECTION('',(1.,0.));
#13968 = ( GEOMETRIC_REPRESENTATION_CONTEXT(2) 
PARAMETRIC_REPRESENTATION_CONTEXT() REPRESENTATION_CONTEXT('2D SPACE',''
  ) );
#13969 = ORIENTED_EDGE('',*,*,#13729,.T.);
#13970 = ORIENTED_EDGE('',*,*,#13971,.T.);
#13971 = EDGE_CURVE('',#13732,#13852,#13972,.T.);
#13972 = SURFACE_CURVE('',#13973,(#13977,#13984),.PCURVE_S1.);
#13973 = LINE('',#13974,#13975);
#13974 = CARTESIAN_POINT('',(348.,-265.,325.));
#13975 = VECTOR('',#13976,1.);
#13976 = DIRECTION('',(1.,0.,0.));
#13977 = PCURVE('',#13752,#13978);
#13978 = DEFINITIONAL_REPRESENTATION('',(#13979),#13983);
#13979 = LINE('',#13980,#13981);
#13980 = CARTESIAN_POINT('',(5.,0.));
#13981 = VECTOR('',#13982,1.);
#13982 = DIRECTION('',(0.,1.));
#13983 = ( GEOMETRIC_REPRESENTATION_CONTEXT(2) 
PARAMETRIC_REPRESENTATION_CONTEXT() REPRESENTATION_CONTEXT('2D SPACE',''
  ) );
#13984 = PCURVE('',#13834,#13985);
#13985 = DEFINITIONAL_REPRESENTATION('',(#13986),#13990);
#13986 = LINE('',#13987,#13988);
#13987 = CARTESIAN_POINT('',(0.,0.));
#13988 = VECTOR('',#13989,1.);
#13989 = DIRECTION('',(1.,0.));
#13990 = ( GEOMETRIC_REPRESENTATION_CONTEXT(2) 
PARAMETRIC_REPRESENTATION_CONTEXT() REPRESENTATION_CONTEXT('2D SPACE',''
  ) );
#13991 = ORIENTED_EDGE('',*,*,#13849,.F.);
#13992 = ADVANCED_FACE('',(#13993),#13808,.T.);
#13993 = FACE_BOUND('',#13994,.T.);
#13994 = EDGE_LOOP('',(#13995,#14016,#14017,#14038));
#13995 = ORIENTED_EDGE('',*,*,#13996,.F.);
#13996 = EDGE_CURVE('',#13765,#13880,#13997,.T.);
#13997 = SURFACE_CURVE('',#13998,(#14002,#14009),.PCURVE_S1.);
#13998 = LINE('',#13999,#14000);
#13999 = CARTESIAN_POINT('',(348.,-255.,320.));
#14000 = VECTOR('',#14001,1.);
#14001 = DIRECTION('',(1.,0.,0.));
#14002 = PCURVE('',#13808,#14003);
#14003 = DEFINITIONAL_REPRESENTATION('',(#14004),#14008);
#14004 = LINE('',#14005,#14006);
#14005 = CARTESIAN_POINT('',(0.,0.));
#14006 = VECTOR('',#14007,1.);
#14007 = DIRECTION('',(0.,1.));
#14008 = ( GEOMETRIC_REPRESENTATION_CONTEXT(2) 
PARAMETRIC_REPRESENTATION_CONTEXT() REPRESENTATION_CONTEXT('2D SPACE',''
  ) );
#14009 = PCURVE('',#13780,#14010);
#14010 = DEFINITIONAL_REPRESENTATION('',(#14011),#14015);
#14011 = LINE('',#14012,#14013);
#14012 = CARTESIAN_POINT('',(0.,10.));
#14013 = VECTOR('',#14014,1.);
#14014 = DIRECTION('',(1.,0.));
#14015 = ( GEOMETRIC_REPRESENTATION_CONTEXT(2) 
PARAMETRIC_REPRESENTATION_CONTEXT() REPRESENTATION_CONTEXT('2D SPACE',''
  ) );
#14016 = ORIENTED_EDGE('',*,*,#13792,.T.);
#14017 = ORIENTED_EDGE('',*,*,#14018,.T.);
#14018 = EDGE_CURVE('',#13793,#13903,#14019,.T.);
#14019 = SURFACE_CURVE('',#14020,(#14024,#14031),.PCURVE_S1.);
#14020 = LINE('',#14021,#14022);
#14021 = CARTESIAN_POINT('',(348.,-255.,325.));
#14022 = VECTOR('',#14023,1.);
#14023 = DIRECTION('',(1.,0.,0.));
#14024 = PCURVE('',#13808,#14025);
#14025 = DEFINITIONAL_REPRESENTATION('',(#14026),#14030);
#14026 = LINE('',#14027,#14028);
#14027 = CARTESIAN_POINT('',(5.,0.));
#14028 = VECTOR('',#14029,1.);
#14029 = DIRECTION('',(0.,1.));
#14030 = ( GEOMETRIC_REPRESENTATION_CONTEXT(2) 
PARAMETRIC_REPRESENTATION_CONTEXT() REPRESENTATION_CONTEXT('2D SPACE',''
  ) );
#14031 = PCURVE('',#13834,#14032);
#14032 = DEFINITIONAL_REPRESENTATION('',(#14033),#14037);
#14033 = LINE('',#14034,#14035);
#14034 = CARTESIAN_POINT('',(0.,10.));
#14035 = VECTOR('',#14036,1.);
#14036 = DIRECTION('',(1.,0.));
#14037 = ( GEOMETRIC_REPRESENTATION_CONTEXT(2) 
PARAMETRIC_REPRESENTATION_CONTEXT() REPRESENTATION_CONTEXT('2D SPACE',''
  ) );
#14038 = ORIENTED_EDGE('',*,*,#13902,.F.);
#14039 = ADVANCED_FACE('',(#14040),#13780,.F.);
#14040 = FACE_BOUND('',#14041,.F.);
#14041 = EDGE_LOOP('',(#14042,#14043,#14044,#14045));
#14042 = ORIENTED_EDGE('',*,*,#13764,.F.);
#14043 = ORIENTED_EDGE('',*,*,#13949,.T.);
#14044 = ORIENTED_EDGE('',*,*,#13879,.T.);
#14045 = ORIENTED_EDGE('',*,*,#13996,.F.);
#14046 = ADVANCED_FACE('',(#14047),#13834,.T.);
#14047 = FACE_BOUND('',#14048,.T.);
#14048 = EDGE_LOOP('',(#14049,#14050,#14051,#14052));
#14049 = ORIENTED_EDGE('',*,*,#13820,.F.);
#14050 = ORIENTED_EDGE('',*,*,#13971,.T.);
#14051 = ORIENTED_EDGE('',*,*,#13925,.T.);
#14052 = ORIENTED_EDGE('',*,*,#14018,.F.);
#14053 = ( GEOMETRIC_REPRESENTATION_CONTEXT(3) 
GLOBAL_UNCERTAINTY_ASSIGNED_CONTEXT((#14057)) 
GLOBAL_UNIT_ASSIGNED_CONTEXT((#14054,#14055,#14056)) 
REPRESENTATION_CONTEXT('Context #1',
  '3D Context with UNIT and UNCERTAINTY') );
#14054 = ( LENGTH_UNIT() NAMED_UNIT(*) SI_UNIT(.MILLI.,.METRE.) );
#14055 = ( NAMED_UNIT(*) PLANE_ANGLE_UNIT() SI_UNIT($,.RADIAN.) );
#14056 = ( NAMED_UNIT(*) SI_UNIT($,.STERADIAN.) SOLID_ANGLE_UNIT() );
#14057 = UNCERTAINTY_MEASURE_WITH_UNIT(LENGTH_MEASURE(1.E-07),#14054,
  'distance_accuracy_value','confusion accuracy');
#14058 = CONTEXT_DEPENDENT_SHAPE_REPRESENTATION(#14059,#14061);
#14059 = ( REPRESENTATION_RELATIONSHIP('','',#13722,#10) 
REPRESENTATION_RELATIONSHIP_WITH_TRANSFORMATION(#14060) 
SHAPE_REPRESENTATION_RELATIONSHIP() );
#14060 = ITEM_DEFINED_TRANSFORMATION('','',#11,#167);
#14061 = PRODUCT_DEFINITION_SHAPE('Placement','Placement of an item',
  #14062);
#14062 = NEXT_ASSEMBLY_USAGE_OCCURRENCE('3318','LATCH_3_2_tnut','',#5,
  #13717,$);
#14063 = PRODUCT_RELATED_PRODUCT_CATEGORY('part',$,(#13719));
#14064 = SHAPE_DEFINITION_REPRESENTATION(#14065,#14071);
#14065 = PRODUCT_DEFINITION_SHAPE('','',#14066);
#14066 = PRODUCT_DEFINITION('design','',#14067,#14070);
#14067 = PRODUCT_DEFINITION_FORMATION('','',#14068);
#14068 = PRODUCT('NVR-P11_latch_spreader_4','NVR-P11_latch_spreader_4',
  '',(#14069));
#14069 = PRODUCT_CONTEXT('',#2,'mechanical');
#14070 = PRODUCT_DEFINITION_CONTEXT('part definition',#2,'design');
#14071 = ADVANCED_BREP_SHAPE_REPRESENTATION('',(#11,#14072),#14402);
#14072 = MANIFOLD_SOLID_BREP('',#14073);
#14073 = CLOSED_SHELL('',(#14074,#14194,#14294,#14341,#14388,#14395));
#14074 = ADVANCED_FACE('',(#14075),#14089,.F.);
#14075 = FACE_BOUND('',#14076,.F.);
#14076 = EDGE_LOOP('',(#14077,#14112,#14140,#14168));
#14077 = ORIENTED_EDGE('',*,*,#14078,.F.);
#14078 = EDGE_CURVE('',#14079,#14081,#14083,.T.);
#14079 = VERTEX_POINT('',#14080);
#14080 = CARTESIAN_POINT('',(280.,235.,300.));
#14081 = VERTEX_POINT('',#14082);
#14082 = CARTESIAN_POINT('',(280.,235.,306.));
#14083 = SURFACE_CURVE('',#14084,(#14088,#14100),.PCURVE_S1.);
#14084 = LINE('',#14085,#14086);
#14085 = CARTESIAN_POINT('',(280.,235.,300.));
#14086 = VECTOR('',#14087,1.);
#14087 = DIRECTION('',(0.,0.,1.));
#14088 = PCURVE('',#14089,#14094);
#14089 = PLANE('',#14090);
#14090 = AXIS2_PLACEMENT_3D('',#14091,#14092,#14093);
#14091 = CARTESIAN_POINT('',(280.,235.,300.));
#14092 = DIRECTION('',(1.,0.,0.));
#14093 = DIRECTION('',(0.,0.,1.));
#14094 = DEFINITIONAL_REPRESENTATION('',(#14095),#14099);
#14095 = LINE('',#14096,#14097);
#14096 = CARTESIAN_POINT('',(0.,0.));
#14097 = VECTOR('',#14098,1.);
#14098 = DIRECTION('',(1.,0.));
#14099 = ( GEOMETRIC_REPRESENTATION_CONTEXT(2) 
PARAMETRIC_REPRESENTATION_CONTEXT() REPRESENTATION_CONTEXT('2D SPACE',''
  ) );
#14100 = PCURVE('',#14101,#14106);
#14101 = PLANE('',#14102);
#14102 = AXIS2_PLACEMENT_3D('',#14103,#14104,#14105);
#14103 = CARTESIAN_POINT('',(280.,235.,300.));
#14104 = DIRECTION('',(0.,1.,0.));
#14105 = DIRECTION('',(0.,0.,1.));
#14106 = DEFINITIONAL_REPRESENTATION('',(#14107),#14111);
#14107 = LINE('',#14108,#14109);
#14108 = CARTESIAN_POINT('',(0.,0.));
#14109 = VECTOR('',#14110,1.);
#14110 = DIRECTION('',(1.,0.));
#14111 = ( GEOMETRIC_REPRESENTATION_CONTEXT(2) 
PARAMETRIC_REPRESENTATION_CONTEXT() REPRESENTATION_CONTEXT('2D SPACE',''
  ) );
#14112 = ORIENTED_EDGE('',*,*,#14113,.T.);
#14113 = EDGE_CURVE('',#14079,#14114,#14116,.T.);
#14114 = VERTEX_POINT('',#14115);
#14115 = CARTESIAN_POINT('',(280.,285.,300.));
#14116 = SURFACE_CURVE('',#14117,(#14121,#14128),.PCURVE_S1.);
#14117 = LINE('',#14118,#14119);
#14118 = CARTESIAN_POINT('',(280.,235.,300.));
#14119 = VECTOR('',#14120,1.);
#14120 = DIRECTION('',(0.,1.,0.));
#14121 = PCURVE('',#14089,#14122);
#14122 = DEFINITIONAL_REPRESENTATION('',(#14123),#14127);
#14123 = LINE('',#14124,#14125);
#14124 = CARTESIAN_POINT('',(0.,0.));
#14125 = VECTOR('',#14126,1.);
#14126 = DIRECTION('',(0.,-1.));
#14127 = ( GEOMETRIC_REPRESENTATION_CONTEXT(2) 
PARAMETRIC_REPRESENTATION_CONTEXT() REPRESENTATION_CONTEXT('2D SPACE',''
  ) );
#14128 = PCURVE('',#14129,#14134);
#14129 = PLANE('',#14130);
#14130 = AXIS2_PLACEMENT_3D('',#14131,#14132,#14133);
#14131 = CARTESIAN_POINT('',(280.,235.,300.));
#14132 = DIRECTION('',(0.,0.,1.));
#14133 = DIRECTION('',(1.,0.,0.));
#14134 = DEFINITIONAL_REPRESENTATION('',(#14135),#14139);
#14135 = LINE('',#14136,#14137);
#14136 = CARTESIAN_POINT('',(0.,0.));
#14137 = VECTOR('',#14138,1.);
#14138 = DIRECTION('',(0.,1.));
#14139 = ( GEOMETRIC_REPRESENTATION_CONTEXT(2) 
PARAMETRIC_REPRESENTATION_CONTEXT() REPRESENTATION_CONTEXT('2D SPACE',''
  ) );
#14140 = ORIENTED_EDGE('',*,*,#14141,.T.);
#14141 = EDGE_CURVE('',#14114,#14142,#14144,.T.);
#14142 = VERTEX_POINT('',#14143);
#14143 = CARTESIAN_POINT('',(280.,285.,306.));
#14144 = SURFACE_CURVE('',#14145,(#14149,#14156),.PCURVE_S1.);
#14145 = LINE('',#14146,#14147);
#14146 = CARTESIAN_POINT('',(280.,285.,300.));
#14147 = VECTOR('',#14148,1.);
#14148 = DIRECTION('',(0.,0.,1.));
#14149 = PCURVE('',#14089,#14150);
#14150 = DEFINITIONAL_REPRESENTATION('',(#14151),#14155);
#14151 = LINE('',#14152,#14153);
#14152 = CARTESIAN_POINT('',(0.,-50.));
#14153 = VECTOR('',#14154,1.);
#14154 = DIRECTION('',(1.,0.));
#14155 = ( GEOMETRIC_REPRESENTATION_CONTEXT(2) 
PARAMETRIC_REPRESENTATION_CONTEXT() REPRESENTATION_CONTEXT('2D SPACE',''
  ) );
#14156 = PCURVE('',#14157,#14162);
#14157 = PLANE('',#14158);
#14158 = AXIS2_PLACEMENT_3D('',#14159,#14160,#14161);
#14159 = CARTESIAN_POINT('',(280.,285.,300.));
#14160 = DIRECTION('',(0.,1.,0.));
#14161 = DIRECTION('',(0.,0.,1.));
#14162 = DEFINITIONAL_REPRESENTATION('',(#14163),#14167);
#14163 = LINE('',#14164,#14165);
#14164 = CARTESIAN_POINT('',(0.,0.));
#14165 = VECTOR('',#14166,1.);
#14166 = DIRECTION('',(1.,0.));
#14167 = ( GEOMETRIC_REPRESENTATION_CONTEXT(2) 
PARAMETRIC_REPRESENTATION_CONTEXT() REPRESENTATION_CONTEXT('2D SPACE',''
  ) );
#14168 = ORIENTED_EDGE('',*,*,#14169,.F.);
#14169 = EDGE_CURVE('',#14081,#14142,#14170,.T.);
#14170 = SURFACE_CURVE('',#14171,(#14175,#14182),.PCURVE_S1.);
#14171 = LINE('',#14172,#14173);
#14172 = CARTESIAN_POINT('',(280.,235.,306.));
#14173 = VECTOR('',#14174,1.);
#14174 = DIRECTION('',(0.,1.,0.));
#14175 = PCURVE('',#14089,#14176);
#14176 = DEFINITIONAL_REPRESENTATION('',(#14177),#14181);
#14177 = LINE('',#14178,#14179);
#14178 = CARTESIAN_POINT('',(6.,0.));
#14179 = VECTOR('',#14180,1.);
#14180 = DIRECTION('',(0.,-1.));
#14181 = ( GEOMETRIC_REPRESENTATION_CONTEXT(2) 
PARAMETRIC_REPRESENTATION_CONTEXT() REPRESENTATION_CONTEXT('2D SPACE',''
  ) );
#14182 = PCURVE('',#14183,#14188);
#14183 = PLANE('',#14184);
#14184 = AXIS2_PLACEMENT_3D('',#14185,#14186,#14187);
#14185 = CARTESIAN_POINT('',(280.,235.,306.));
#14186 = DIRECTION('',(0.,0.,1.));
#14187 = DIRECTION('',(1.,0.,0.));
#14188 = DEFINITIONAL_REPRESENTATION('',(#14189),#14193);
#14189 = LINE('',#14190,#14191);
#14190 = CARTESIAN_POINT('',(0.,0.));
#14191 = VECTOR('',#14192,1.);
#14192 = DIRECTION('',(0.,1.));
#14193 = ( GEOMETRIC_REPRESENTATION_CONTEXT(2) 
PARAMETRIC_REPRESENTATION_CONTEXT() REPRESENTATION_CONTEXT('2D SPACE',''
  ) );
#14194 = ADVANCED_FACE('',(#14195),#14209,.T.);
#14195 = FACE_BOUND('',#14196,.T.);
#14196 = EDGE_LOOP('',(#14197,#14227,#14250,#14273));
#14197 = ORIENTED_EDGE('',*,*,#14198,.F.);
#14198 = EDGE_CURVE('',#14199,#14201,#14203,.T.);
#14199 = VERTEX_POINT('',#14200);
#14200 = CARTESIAN_POINT('',(380.,235.,300.));
#14201 = VERTEX_POINT('',#14202);
#14202 = CARTESIAN_POINT('',(380.,235.,306.));
#14203 = SURFACE_CURVE('',#14204,(#14208,#14220),.PCURVE_S1.);
#14204 = LINE('',#14205,#14206);
#14205 = CARTESIAN_POINT('',(380.,235.,300.));
#14206 = VECTOR('',#14207,1.);
#14207 = DIRECTION('',(0.,0.,1.));
#14208 = PCURVE('',#14209,#14214);
#14209 = PLANE('',#14210);
#14210 = AXIS2_PLACEMENT_3D('',#14211,#14212,#14213);
#14211 = CARTESIAN_POINT('',(380.,235.,300.));
#14212 = DIRECTION('',(1.,0.,0.));
#14213 = DIRECTION('',(0.,0.,1.));
#14214 = DEFINITIONAL_REPRESENTATION('',(#14215),#14219);
#14215 = LINE('',#14216,#14217);
#14216 = CARTESIAN_POINT('',(0.,0.));
#14217 = VECTOR('',#14218,1.);
#14218 = DIRECTION('',(1.,0.));
#14219 = ( GEOMETRIC_REPRESENTATION_CONTEXT(2) 
PARAMETRIC_REPRESENTATION_CONTEXT() REPRESENTATION_CONTEXT('2D SPACE',''
  ) );
#14220 = PCURVE('',#14101,#14221);
#14221 = DEFINITIONAL_REPRESENTATION('',(#14222),#14226);
#14222 = LINE('',#14223,#14224);
#14223 = CARTESIAN_POINT('',(0.,100.));
#14224 = VECTOR('',#14225,1.);
#14225 = DIRECTION('',(1.,0.));
#14226 = ( GEOMETRIC_REPRESENTATION_CONTEXT(2) 
PARAMETRIC_REPRESENTATION_CONTEXT() REPRESENTATION_CONTEXT('2D SPACE',''
  ) );
#14227 = ORIENTED_EDGE('',*,*,#14228,.T.);
#14228 = EDGE_CURVE('',#14199,#14229,#14231,.T.);
#14229 = VERTEX_POINT('',#14230);
#14230 = CARTESIAN_POINT('',(380.,285.,300.));
#14231 = SURFACE_CURVE('',#14232,(#14236,#14243),.PCURVE_S1.);
#14232 = LINE('',#14233,#14234);
#14233 = CARTESIAN_POINT('',(380.,235.,300.));
#14234 = VECTOR('',#14235,1.);
#14235 = DIRECTION('',(0.,1.,0.));
#14236 = PCURVE('',#14209,#14237);
#14237 = DEFINITIONAL_REPRESENTATION('',(#14238),#14242);
#14238 = LINE('',#14239,#14240);
#14239 = CARTESIAN_POINT('',(0.,0.));
#14240 = VECTOR('',#14241,1.);
#14241 = DIRECTION('',(0.,-1.));
#14242 = ( GEOMETRIC_REPRESENTATION_CONTEXT(2) 
PARAMETRIC_REPRESENTATION_CONTEXT() REPRESENTATION_CONTEXT('2D SPACE',''
  ) );
#14243 = PCURVE('',#14129,#14244);
#14244 = DEFINITIONAL_REPRESENTATION('',(#14245),#14249);
#14245 = LINE('',#14246,#14247);
#14246 = CARTESIAN_POINT('',(100.,0.));
#14247 = VECTOR('',#14248,1.);
#14248 = DIRECTION('',(0.,1.));
#14249 = ( GEOMETRIC_REPRESENTATION_CONTEXT(2) 
PARAMETRIC_REPRESENTATION_CONTEXT() REPRESENTATION_CONTEXT('2D SPACE',''
  ) );
#14250 = ORIENTED_EDGE('',*,*,#14251,.T.);
#14251 = EDGE_CURVE('',#14229,#14252,#14254,.T.);
#14252 = VERTEX_POINT('',#14253);
#14253 = CARTESIAN_POINT('',(380.,285.,306.));
#14254 = SURFACE_CURVE('',#14255,(#14259,#14266),.PCURVE_S1.);
#14255 = LINE('',#14256,#14257);
#14256 = CARTESIAN_POINT('',(380.,285.,300.));
#14257 = VECTOR('',#14258,1.);
#14258 = DIRECTION('',(0.,0.,1.));
#14259 = PCURVE('',#14209,#14260);
#14260 = DEFINITIONAL_REPRESENTATION('',(#14261),#14265);
#14261 = LINE('',#14262,#14263);
#14262 = CARTESIAN_POINT('',(0.,-50.));
#14263 = VECTOR('',#14264,1.);
#14264 = DIRECTION('',(1.,0.));
#14265 = ( GEOMETRIC_REPRESENTATION_CONTEXT(2) 
PARAMETRIC_REPRESENTATION_CONTEXT() REPRESENTATION_CONTEXT('2D SPACE',''
  ) );
#14266 = PCURVE('',#14157,#14267);
#14267 = DEFINITIONAL_REPRESENTATION('',(#14268),#14272);
#14268 = LINE('',#14269,#14270);
#14269 = CARTESIAN_POINT('',(0.,100.));
#14270 = VECTOR('',#14271,1.);
#14271 = DIRECTION('',(1.,0.));
#14272 = ( GEOMETRIC_REPRESENTATION_CONTEXT(2) 
PARAMETRIC_REPRESENTATION_CONTEXT() REPRESENTATION_CONTEXT('2D SPACE',''
  ) );
#14273 = ORIENTED_EDGE('',*,*,#14274,.F.);
#14274 = EDGE_CURVE('',#14201,#14252,#14275,.T.);
#14275 = SURFACE_CURVE('',#14276,(#14280,#14287),.PCURVE_S1.);
#14276 = LINE('',#14277,#14278);
#14277 = CARTESIAN_POINT('',(380.,235.,306.));
#14278 = VECTOR('',#14279,1.);
#14279 = DIRECTION('',(0.,1.,0.));
#14280 = PCURVE('',#14209,#14281);
#14281 = DEFINITIONAL_REPRESENTATION('',(#14282),#14286);
#14282 = LINE('',#14283,#14284);
#14283 = CARTESIAN_POINT('',(6.,0.));
#14284 = VECTOR('',#14285,1.);
#14285 = DIRECTION('',(0.,-1.));
#14286 = ( GEOMETRIC_REPRESENTATION_CONTEXT(2) 
PARAMETRIC_REPRESENTATION_CONTEXT() REPRESENTATION_CONTEXT('2D SPACE',''
  ) );
#14287 = PCURVE('',#14183,#14288);
#14288 = DEFINITIONAL_REPRESENTATION('',(#14289),#14293);
#14289 = LINE('',#14290,#14291);
#14290 = CARTESIAN_POINT('',(100.,0.));
#14291 = VECTOR('',#14292,1.);
#14292 = DIRECTION('',(0.,1.));
#14293 = ( GEOMETRIC_REPRESENTATION_CONTEXT(2) 
PARAMETRIC_REPRESENTATION_CONTEXT() REPRESENTATION_CONTEXT('2D SPACE',''
  ) );
#14294 = ADVANCED_FACE('',(#14295),#14101,.F.);
#14295 = FACE_BOUND('',#14296,.F.);
#14296 = EDGE_LOOP('',(#14297,#14318,#14319,#14340));
#14297 = ORIENTED_EDGE('',*,*,#14298,.F.);
#14298 = EDGE_CURVE('',#14079,#14199,#14299,.T.);
#14299 = SURFACE_CURVE('',#14300,(#14304,#14311),.PCURVE_S1.);
#14300 = LINE('',#14301,#14302);
#14301 = CARTESIAN_POINT('',(280.,235.,300.));
#14302 = VECTOR('',#14303,1.);
#14303 = DIRECTION('',(1.,0.,0.));
#14304 = PCURVE('',#14101,#14305);
#14305 = DEFINITIONAL_REPRESENTATION('',(#14306),#14310);
#14306 = LINE('',#14307,#14308);
#14307 = CARTESIAN_POINT('',(0.,0.));
#14308 = VECTOR('',#14309,1.);
#14309 = DIRECTION('',(0.,1.));
#14310 = ( GEOMETRIC_REPRESENTATION_CONTEXT(2) 
PARAMETRIC_REPRESENTATION_CONTEXT() REPRESENTATION_CONTEXT('2D SPACE',''
  ) );
#14311 = PCURVE('',#14129,#14312);
#14312 = DEFINITIONAL_REPRESENTATION('',(#14313),#14317);
#14313 = LINE('',#14314,#14315);
#14314 = CARTESIAN_POINT('',(0.,0.));
#14315 = VECTOR('',#14316,1.);
#14316 = DIRECTION('',(1.,0.));
#14317 = ( GEOMETRIC_REPRESENTATION_CONTEXT(2) 
PARAMETRIC_REPRESENTATION_CONTEXT() REPRESENTATION_CONTEXT('2D SPACE',''
  ) );
#14318 = ORIENTED_EDGE('',*,*,#14078,.T.);
#14319 = ORIENTED_EDGE('',*,*,#14320,.T.);
#14320 = EDGE_CURVE('',#14081,#14201,#14321,.T.);
#14321 = SURFACE_CURVE('',#14322,(#14326,#14333),.PCURVE_S1.);
#14322 = LINE('',#14323,#14324);
#14323 = CARTESIAN_POINT('',(280.,235.,306.));
#14324 = VECTOR('',#14325,1.);
#14325 = DIRECTION('',(1.,0.,0.));
#14326 = PCURVE('',#14101,#14327);
#14327 = DEFINITIONAL_REPRESENTATION('',(#14328),#14332);
#14328 = LINE('',#14329,#14330);
#14329 = CARTESIAN_POINT('',(6.,0.));
#14330 = VECTOR('',#14331,1.);
#14331 = DIRECTION('',(0.,1.));
#14332 = ( GEOMETRIC_REPRESENTATION_CONTEXT(2) 
PARAMETRIC_REPRESENTATION_CONTEXT() REPRESENTATION_CONTEXT('2D SPACE',''
  ) );
#14333 = PCURVE('',#14183,#14334);
#14334 = DEFINITIONAL_REPRESENTATION('',(#14335),#14339);
#14335 = LINE('',#14336,#14337);
#14336 = CARTESIAN_POINT('',(0.,0.));
#14337 = VECTOR('',#14338,1.);
#14338 = DIRECTION('',(1.,0.));
#14339 = ( GEOMETRIC_REPRESENTATION_CONTEXT(2) 
PARAMETRIC_REPRESENTATION_CONTEXT() REPRESENTATION_CONTEXT('2D SPACE',''
  ) );
#14340 = ORIENTED_EDGE('',*,*,#14198,.F.);
#14341 = ADVANCED_FACE('',(#14342),#14157,.T.);
#14342 = FACE_BOUND('',#14343,.T.);
#14343 = EDGE_LOOP('',(#14344,#14365,#14366,#14387));
#14344 = ORIENTED_EDGE('',*,*,#14345,.F.);
#14345 = EDGE_CURVE('',#14114,#14229,#14346,.T.);
#14346 = SURFACE_CURVE('',#14347,(#14351,#14358),.PCURVE_S1.);
#14347 = LINE('',#14348,#14349);
#14348 = CARTESIAN_POINT('',(280.,285.,300.));
#14349 = VECTOR('',#14350,1.);
#14350 = DIRECTION('',(1.,0.,0.));
#14351 = PCURVE('',#14157,#14352);
#14352 = DEFINITIONAL_REPRESENTATION('',(#14353),#14357);
#14353 = LINE('',#14354,#14355);
#14354 = CARTESIAN_POINT('',(0.,0.));
#14355 = VECTOR('',#14356,1.);
#14356 = DIRECTION('',(0.,1.));
#14357 = ( GEOMETRIC_REPRESENTATION_CONTEXT(2) 
PARAMETRIC_REPRESENTATION_CONTEXT() REPRESENTATION_CONTEXT('2D SPACE',''
  ) );
#14358 = PCURVE('',#14129,#14359);
#14359 = DEFINITIONAL_REPRESENTATION('',(#14360),#14364);
#14360 = LINE('',#14361,#14362);
#14361 = CARTESIAN_POINT('',(0.,50.));
#14362 = VECTOR('',#14363,1.);
#14363 = DIRECTION('',(1.,0.));
#14364 = ( GEOMETRIC_REPRESENTATION_CONTEXT(2) 
PARAMETRIC_REPRESENTATION_CONTEXT() REPRESENTATION_CONTEXT('2D SPACE',''
  ) );
#14365 = ORIENTED_EDGE('',*,*,#14141,.T.);
#14366 = ORIENTED_EDGE('',*,*,#14367,.T.);
#14367 = EDGE_CURVE('',#14142,#14252,#14368,.T.);
#14368 = SURFACE_CURVE('',#14369,(#14373,#14380),.PCURVE_S1.);
#14369 = LINE('',#14370,#14371);
#14370 = CARTESIAN_POINT('',(280.,285.,306.));
#14371 = VECTOR('',#14372,1.);
#14372 = DIRECTION('',(1.,0.,0.));
#14373 = PCURVE('',#14157,#14374);
#14374 = DEFINITIONAL_REPRESENTATION('',(#14375),#14379);
#14375 = LINE('',#14376,#14377);
#14376 = CARTESIAN_POINT('',(6.,0.));
#14377 = VECTOR('',#14378,1.);
#14378 = DIRECTION('',(0.,1.));
#14379 = ( GEOMETRIC_REPRESENTATION_CONTEXT(2) 
PARAMETRIC_REPRESENTATION_CONTEXT() REPRESENTATION_CONTEXT('2D SPACE',''
  ) );
#14380 = PCURVE('',#14183,#14381);
#14381 = DEFINITIONAL_REPRESENTATION('',(#14382),#14386);
#14382 = LINE('',#14383,#14384);
#14383 = CARTESIAN_POINT('',(0.,50.));
#14384 = VECTOR('',#14385,1.);
#14385 = DIRECTION('',(1.,0.));
#14386 = ( GEOMETRIC_REPRESENTATION_CONTEXT(2) 
PARAMETRIC_REPRESENTATION_CONTEXT() REPRESENTATION_CONTEXT('2D SPACE',''
  ) );
#14387 = ORIENTED_EDGE('',*,*,#14251,.F.);
#14388 = ADVANCED_FACE('',(#14389),#14129,.F.);
#14389 = FACE_BOUND('',#14390,.F.);
#14390 = EDGE_LOOP('',(#14391,#14392,#14393,#14394));
#14391 = ORIENTED_EDGE('',*,*,#14113,.F.);
#14392 = ORIENTED_EDGE('',*,*,#14298,.T.);
#14393 = ORIENTED_EDGE('',*,*,#14228,.T.);
#14394 = ORIENTED_EDGE('',*,*,#14345,.F.);
#14395 = ADVANCED_FACE('',(#14396),#14183,.T.);
#14396 = FACE_BOUND('',#14397,.T.);
#14397 = EDGE_LOOP('',(#14398,#14399,#14400,#14401));
#14398 = ORIENTED_EDGE('',*,*,#14169,.F.);
#14399 = ORIENTED_EDGE('',*,*,#14320,.T.);
#14400 = ORIENTED_EDGE('',*,*,#14274,.T.);
#14401 = ORIENTED_EDGE('',*,*,#14367,.F.);
#14402 = ( GEOMETRIC_REPRESENTATION_CONTEXT(3) 
GLOBAL_UNCERTAINTY_ASSIGNED_CONTEXT((#14406)) 
GLOBAL_UNIT_ASSIGNED_CONTEXT((#14403,#14404,#14405)) 
REPRESENTATION_CONTEXT('Context #1',
  '3D Context with UNIT and UNCERTAINTY') );
#14403 = ( LENGTH_UNIT() NAMED_UNIT(*) SI_UNIT(.MILLI.,.METRE.) );
#14404 = ( NAMED_UNIT(*) PLANE_ANGLE_UNIT() SI_UNIT($,.RADIAN.) );
#14405 = ( NAMED_UNIT(*) SI_UNIT($,.STERADIAN.) SOLID_ANGLE_UNIT() );
#14406 = UNCERTAINTY_MEASURE_WITH_UNIT(LENGTH_MEASURE(1.E-07),#14403,
  'distance_accuracy_value','confusion accuracy');
#14407 = CONTEXT_DEPENDENT_SHAPE_REPRESENTATION(#14408,#14410);
#14408 = ( REPRESENTATION_RELATIONSHIP('','',#14071,#10) 
REPRESENTATION_RELATIONSHIP_WITH_TRANSFORMATION(#14409) 
SHAPE_REPRESENTATION_RELATIONSHIP() );
#14409 = ITEM_DEFINED_TRANSFORMATION('','',#11,#171);
#14410 = PRODUCT_DEFINITION_SHAPE('Placement','Placement of an item',
  #14411);
#14411 = NEXT_ASSEMBLY_USAGE_OCCURRENCE('3319',
  'NVR-P11_latch_spreader_4','',#5,#14066,$);
#14412 = PRODUCT_RELATED_PRODUCT_CATEGORY('part',$,(#14068));
#14413 = SHAPE_DEFINITION_REPRESENTATION(#14414,#14420);
#14414 = PRODUCT_DEFINITION_SHAPE('','',#14415);
#14415 = PRODUCT_DEFINITION('design','',#14416,#14419);
#14416 = PRODUCT_DEFINITION_FORMATION('','',#14417);
#14417 = PRODUCT('CR3001_latch_4_PROVISIONAL',
  'CR3001_latch_4_PROVISIONAL','',(#14418));
#14418 = PRODUCT_CONTEXT('',#2,'mechanical');
#14419 = PRODUCT_DEFINITION_CONTEXT('part definition',#2,'design');
#14420 = ADVANCED_BREP_SHAPE_REPRESENTATION('',(#11,#14421),#14751);
#14421 = MANIFOLD_SOLID_BREP('',#14422);
#14422 = CLOSED_SHELL('',(#14423,#14543,#14643,#14690,#14737,#14744));
#14423 = ADVANCED_FACE('',(#14424),#14438,.F.);
#14424 = FACE_BOUND('',#14425,.F.);
#14425 = EDGE_LOOP('',(#14426,#14461,#14489,#14517));
#14426 = ORIENTED_EDGE('',*,*,#14427,.F.);
#14427 = EDGE_CURVE('',#14428,#14430,#14432,.T.);
#14428 = VERTEX_POINT('',#14429);
#14429 = CARTESIAN_POINT('',(287.5,243.,301.));
#14430 = VERTEX_POINT('',#14431);
#14431 = CARTESIAN_POINT('',(287.5,243.,345.));
#14432 = SURFACE_CURVE('',#14433,(#14437,#14449),.PCURVE_S1.);
#14433 = LINE('',#14434,#14435);
#14434 = CARTESIAN_POINT('',(287.5,243.,301.));
#14435 = VECTOR('',#14436,1.);
#14436 = DIRECTION('',(0.,0.,1.));
#14437 = PCURVE('',#14438,#14443);
#14438 = PLANE('',#14439);
#14439 = AXIS2_PLACEMENT_3D('',#14440,#14441,#14442);
#14440 = CARTESIAN_POINT('',(287.5,243.,301.));
#14441 = DIRECTION('',(1.,0.,0.));
#14442 = DIRECTION('',(0.,0.,1.));
#14443 = DEFINITIONAL_REPRESENTATION('',(#14444),#14448);
#14444 = LINE('',#14445,#14446);
#14445 = CARTESIAN_POINT('',(0.,0.));
#14446 = VECTOR('',#14447,1.);
#14447 = DIRECTION('',(1.,0.));
#14448 = ( GEOMETRIC_REPRESENTATION_CONTEXT(2) 
PARAMETRIC_REPRESENTATION_CONTEXT() REPRESENTATION_CONTEXT('2D SPACE',''
  ) );
#14449 = PCURVE('',#14450,#14455);
#14450 = PLANE('',#14451);
#14451 = AXIS2_PLACEMENT_3D('',#14452,#14453,#14454);
#14452 = CARTESIAN_POINT('',(287.5,243.,301.));
#14453 = DIRECTION('',(0.,1.,0.));
#14454 = DIRECTION('',(0.,0.,1.));
#14455 = DEFINITIONAL_REPRESENTATION('',(#14456),#14460);
#14456 = LINE('',#14457,#14458);
#14457 = CARTESIAN_POINT('',(0.,0.));
#14458 = VECTOR('',#14459,1.);
#14459 = DIRECTION('',(1.,0.));
#14460 = ( GEOMETRIC_REPRESENTATION_CONTEXT(2) 
PARAMETRIC_REPRESENTATION_CONTEXT() REPRESENTATION_CONTEXT('2D SPACE',''
  ) );
#14461 = ORIENTED_EDGE('',*,*,#14462,.T.);
#14462 = EDGE_CURVE('',#14428,#14463,#14465,.T.);
#14463 = VERTEX_POINT('',#14464);
#14464 = CARTESIAN_POINT('',(287.5,277.,301.));
#14465 = SURFACE_CURVE('',#14466,(#14470,#14477),.PCURVE_S1.);
#14466 = LINE('',#14467,#14468);
#14467 = CARTESIAN_POINT('',(287.5,243.,301.));
#14468 = VECTOR('',#14469,1.);
#14469 = DIRECTION('',(0.,1.,0.));
#14470 = PCURVE('',#14438,#14471);
#14471 = DEFINITIONAL_REPRESENTATION('',(#14472),#14476);
#14472 = LINE('',#14473,#14474);
#14473 = CARTESIAN_POINT('',(0.,0.));
#14474 = VECTOR('',#14475,1.);
#14475 = DIRECTION('',(0.,-1.));
#14476 = ( GEOMETRIC_REPRESENTATION_CONTEXT(2) 
PARAMETRIC_REPRESENTATION_CONTEXT() REPRESENTATION_CONTEXT('2D SPACE',''
  ) );
#14477 = PCURVE('',#14478,#14483);
#14478 = PLANE('',#14479);
#14479 = AXIS2_PLACEMENT_3D('',#14480,#14481,#14482);
#14480 = CARTESIAN_POINT('',(287.5,243.,301.));
#14481 = DIRECTION('',(0.,0.,1.));
#14482 = DIRECTION('',(1.,0.,0.));
#14483 = DEFINITIONAL_REPRESENTATION('',(#14484),#14488);
#14484 = LINE('',#14485,#14486);
#14485 = CARTESIAN_POINT('',(0.,0.));
#14486 = VECTOR('',#14487,1.);
#14487 = DIRECTION('',(0.,1.));
#14488 = ( GEOMETRIC_REPRESENTATION_CONTEXT(2) 
PARAMETRIC_REPRESENTATION_CONTEXT() REPRESENTATION_CONTEXT('2D SPACE',''
  ) );
#14489 = ORIENTED_EDGE('',*,*,#14490,.T.);
#14490 = EDGE_CURVE('',#14463,#14491,#14493,.T.);
#14491 = VERTEX_POINT('',#14492);
#14492 = CARTESIAN_POINT('',(287.5,277.,345.));
#14493 = SURFACE_CURVE('',#14494,(#14498,#14505),.PCURVE_S1.);
#14494 = LINE('',#14495,#14496);
#14495 = CARTESIAN_POINT('',(287.5,277.,301.));
#14496 = VECTOR('',#14497,1.);
#14497 = DIRECTION('',(0.,0.,1.));
#14498 = PCURVE('',#14438,#14499);
#14499 = DEFINITIONAL_REPRESENTATION('',(#14500),#14504);
#14500 = LINE('',#14501,#14502);
#14501 = CARTESIAN_POINT('',(0.,-34.));
#14502 = VECTOR('',#14503,1.);
#14503 = DIRECTION('',(1.,0.));
#14504 = ( GEOMETRIC_REPRESENTATION_CONTEXT(2) 
PARAMETRIC_REPRESENTATION_CONTEXT() REPRESENTATION_CONTEXT('2D SPACE',''
  ) );
#14505 = PCURVE('',#14506,#14511);
#14506 = PLANE('',#14507);
#14507 = AXIS2_PLACEMENT_3D('',#14508,#14509,#14510);
#14508 = CARTESIAN_POINT('',(287.5,277.,301.));
#14509 = DIRECTION('',(0.,1.,0.));
#14510 = DIRECTION('',(0.,0.,1.));
#14511 = DEFINITIONAL_REPRESENTATION('',(#14512),#14516);
#14512 = LINE('',#14513,#14514);
#14513 = CARTESIAN_POINT('',(0.,0.));
#14514 = VECTOR('',#14515,1.);
#14515 = DIRECTION('',(1.,0.));
#14516 = ( GEOMETRIC_REPRESENTATION_CONTEXT(2) 
PARAMETRIC_REPRESENTATION_CONTEXT() REPRESENTATION_CONTEXT('2D SPACE',''
  ) );
#14517 = ORIENTED_EDGE('',*,*,#14518,.F.);
#14518 = EDGE_CURVE('',#14430,#14491,#14519,.T.);
#14519 = SURFACE_CURVE('',#14520,(#14524,#14531),.PCURVE_S1.);
#14520 = LINE('',#14521,#14522);
#14521 = CARTESIAN_POINT('',(287.5,243.,345.));
#14522 = VECTOR('',#14523,1.);
#14523 = DIRECTION('',(0.,1.,0.));
#14524 = PCURVE('',#14438,#14525);
#14525 = DEFINITIONAL_REPRESENTATION('',(#14526),#14530);
#14526 = LINE('',#14527,#14528);
#14527 = CARTESIAN_POINT('',(44.,0.));
#14528 = VECTOR('',#14529,1.);
#14529 = DIRECTION('',(0.,-1.));
#14530 = ( GEOMETRIC_REPRESENTATION_CONTEXT(2) 
PARAMETRIC_REPRESENTATION_CONTEXT() REPRESENTATION_CONTEXT('2D SPACE',''
  ) );
#14531 = PCURVE('',#14532,#14537);
#14532 = PLANE('',#14533);
#14533 = AXIS2_PLACEMENT_3D('',#14534,#14535,#14536);
#14534 = CARTESIAN_POINT('',(287.5,243.,345.));
#14535 = DIRECTION('',(0.,0.,1.));
#14536 = DIRECTION('',(1.,0.,0.));
#14537 = DEFINITIONAL_REPRESENTATION('',(#14538),#14542);
#14538 = LINE('',#14539,#14540);
#14539 = CARTESIAN_POINT('',(0.,0.));
#14540 = VECTOR('',#14541,1.);
#14541 = DIRECTION('',(0.,1.));
#14542 = ( GEOMETRIC_REPRESENTATION_CONTEXT(2) 
PARAMETRIC_REPRESENTATION_CONTEXT() REPRESENTATION_CONTEXT('2D SPACE',''
  ) );
#14543 = ADVANCED_FACE('',(#14544),#14558,.T.);
#14544 = FACE_BOUND('',#14545,.T.);
#14545 = EDGE_LOOP('',(#14546,#14576,#14599,#14622));
#14546 = ORIENTED_EDGE('',*,*,#14547,.F.);
#14547 = EDGE_CURVE('',#14548,#14550,#14552,.T.);
#14548 = VERTEX_POINT('',#14549);
#14549 = CARTESIAN_POINT('',(372.5,243.,301.));
#14550 = VERTEX_POINT('',#14551);
#14551 = CARTESIAN_POINT('',(372.5,243.,345.));
#14552 = SURFACE_CURVE('',#14553,(#14557,#14569),.PCURVE_S1.);
#14553 = LINE('',#14554,#14555);
#14554 = CARTESIAN_POINT('',(372.5,243.,301.));
#14555 = VECTOR('',#14556,1.);
#14556 = DIRECTION('',(0.,0.,1.));
#14557 = PCURVE('',#14558,#14563);
#14558 = PLANE('',#14559);
#14559 = AXIS2_PLACEMENT_3D('',#14560,#14561,#14562);
#14560 = CARTESIAN_POINT('',(372.5,243.,301.));
#14561 = DIRECTION('',(1.,0.,0.));
#14562 = DIRECTION('',(0.,0.,1.));
#14563 = DEFINITIONAL_REPRESENTATION('',(#14564),#14568);
#14564 = LINE('',#14565,#14566);
#14565 = CARTESIAN_POINT('',(0.,0.));
#14566 = VECTOR('',#14567,1.);
#14567 = DIRECTION('',(1.,0.));
#14568 = ( GEOMETRIC_REPRESENTATION_CONTEXT(2) 
PARAMETRIC_REPRESENTATION_CONTEXT() REPRESENTATION_CONTEXT('2D SPACE',''
  ) );
#14569 = PCURVE('',#14450,#14570);
#14570 = DEFINITIONAL_REPRESENTATION('',(#14571),#14575);
#14571 = LINE('',#14572,#14573);
#14572 = CARTESIAN_POINT('',(0.,85.));
#14573 = VECTOR('',#14574,1.);
#14574 = DIRECTION('',(1.,0.));
#14575 = ( GEOMETRIC_REPRESENTATION_CONTEXT(2) 
PARAMETRIC_REPRESENTATION_CONTEXT() REPRESENTATION_CONTEXT('2D SPACE',''
  ) );
#14576 = ORIENTED_EDGE('',*,*,#14577,.T.);
#14577 = EDGE_CURVE('',#14548,#14578,#14580,.T.);
#14578 = VERTEX_POINT('',#14579);
#14579 = CARTESIAN_POINT('',(372.5,277.,301.));
#14580 = SURFACE_CURVE('',#14581,(#14585,#14592),.PCURVE_S1.);
#14581 = LINE('',#14582,#14583);
#14582 = CARTESIAN_POINT('',(372.5,243.,301.));
#14583 = VECTOR('',#14584,1.);
#14584 = DIRECTION('',(0.,1.,0.));
#14585 = PCURVE('',#14558,#14586);
#14586 = DEFINITIONAL_REPRESENTATION('',(#14587),#14591);
#14587 = LINE('',#14588,#14589);
#14588 = CARTESIAN_POINT('',(0.,0.));
#14589 = VECTOR('',#14590,1.);
#14590 = DIRECTION('',(0.,-1.));
#14591 = ( GEOMETRIC_REPRESENTATION_CONTEXT(2) 
PARAMETRIC_REPRESENTATION_CONTEXT() REPRESENTATION_CONTEXT('2D SPACE',''
  ) );
#14592 = PCURVE('',#14478,#14593);
#14593 = DEFINITIONAL_REPRESENTATION('',(#14594),#14598);
#14594 = LINE('',#14595,#14596);
#14595 = CARTESIAN_POINT('',(85.,0.));
#14596 = VECTOR('',#14597,1.);
#14597 = DIRECTION('',(0.,1.));
#14598 = ( GEOMETRIC_REPRESENTATION_CONTEXT(2) 
PARAMETRIC_REPRESENTATION_CONTEXT() REPRESENTATION_CONTEXT('2D SPACE',''
  ) );
#14599 = ORIENTED_EDGE('',*,*,#14600,.T.);
#14600 = EDGE_CURVE('',#14578,#14601,#14603,.T.);
#14601 = VERTEX_POINT('',#14602);
#14602 = CARTESIAN_POINT('',(372.5,277.,345.));
#14603 = SURFACE_CURVE('',#14604,(#14608,#14615),.PCURVE_S1.);
#14604 = LINE('',#14605,#14606);
#14605 = CARTESIAN_POINT('',(372.5,277.,301.));
#14606 = VECTOR('',#14607,1.);
#14607 = DIRECTION('',(0.,0.,1.));
#14608 = PCURVE('',#14558,#14609);
#14609 = DEFINITIONAL_REPRESENTATION('',(#14610),#14614);
#14610 = LINE('',#14611,#14612);
#14611 = CARTESIAN_POINT('',(0.,-34.));
#14612 = VECTOR('',#14613,1.);
#14613 = DIRECTION('',(1.,0.));
#14614 = ( GEOMETRIC_REPRESENTATION_CONTEXT(2) 
PARAMETRIC_REPRESENTATION_CONTEXT() REPRESENTATION_CONTEXT('2D SPACE',''
  ) );
#14615 = PCURVE('',#14506,#14616);
#14616 = DEFINITIONAL_REPRESENTATION('',(#14617),#14621);
#14617 = LINE('',#14618,#14619);
#14618 = CARTESIAN_POINT('',(0.,85.));
#14619 = VECTOR('',#14620,1.);
#14620 = DIRECTION('',(1.,0.));
#14621 = ( GEOMETRIC_REPRESENTATION_CONTEXT(2) 
PARAMETRIC_REPRESENTATION_CONTEXT() REPRESENTATION_CONTEXT('2D SPACE',''
  ) );
#14622 = ORIENTED_EDGE('',*,*,#14623,.F.);
#14623 = EDGE_CURVE('',#14550,#14601,#14624,.T.);
#14624 = SURFACE_CURVE('',#14625,(#14629,#14636),.PCURVE_S1.);
#14625 = LINE('',#14626,#14627);
#14626 = CARTESIAN_POINT('',(372.5,243.,345.));
#14627 = VECTOR('',#14628,1.);
#14628 = DIRECTION('',(0.,1.,0.));
#14629 = PCURVE('',#14558,#14630);
#14630 = DEFINITIONAL_REPRESENTATION('',(#14631),#14635);
#14631 = LINE('',#14632,#14633);
#14632 = CARTESIAN_POINT('',(44.,0.));
#14633 = VECTOR('',#14634,1.);
#14634 = DIRECTION('',(0.,-1.));
#14635 = ( GEOMETRIC_REPRESENTATION_CONTEXT(2) 
PARAMETRIC_REPRESENTATION_CONTEXT() REPRESENTATION_CONTEXT('2D SPACE',''
  ) );
#14636 = PCURVE('',#14532,#14637);
#14637 = DEFINITIONAL_REPRESENTATION('',(#14638),#14642);
#14638 = LINE('',#14639,#14640);
#14639 = CARTESIAN_POINT('',(85.,0.));
#14640 = VECTOR('',#14641,1.);
#14641 = DIRECTION('',(0.,1.));
#14642 = ( GEOMETRIC_REPRESENTATION_CONTEXT(2) 
PARAMETRIC_REPRESENTATION_CONTEXT() REPRESENTATION_CONTEXT('2D SPACE',''
  ) );
#14643 = ADVANCED_FACE('',(#14644),#14450,.F.);
#14644 = FACE_BOUND('',#14645,.F.);
#14645 = EDGE_LOOP('',(#14646,#14667,#14668,#14689));
#14646 = ORIENTED_EDGE('',*,*,#14647,.F.);
#14647 = EDGE_CURVE('',#14428,#14548,#14648,.T.);
#14648 = SURFACE_CURVE('',#14649,(#14653,#14660),.PCURVE_S1.);
#14649 = LINE('',#14650,#14651);
#14650 = CARTESIAN_POINT('',(287.5,243.,301.));
#14651 = VECTOR('',#14652,1.);
#14652 = DIRECTION('',(1.,0.,0.));
#14653 = PCURVE('',#14450,#14654);
#14654 = DEFINITIONAL_REPRESENTATION('',(#14655),#14659);
#14655 = LINE('',#14656,#14657);
#14656 = CARTESIAN_POINT('',(0.,0.));
#14657 = VECTOR('',#14658,1.);
#14658 = DIRECTION('',(0.,1.));
#14659 = ( GEOMETRIC_REPRESENTATION_CONTEXT(2) 
PARAMETRIC_REPRESENTATION_CONTEXT() REPRESENTATION_CONTEXT('2D SPACE',''
  ) );
#14660 = PCURVE('',#14478,#14661);
#14661 = DEFINITIONAL_REPRESENTATION('',(#14662),#14666);
#14662 = LINE('',#14663,#14664);
#14663 = CARTESIAN_POINT('',(0.,0.));
#14664 = VECTOR('',#14665,1.);
#14665 = DIRECTION('',(1.,0.));
#14666 = ( GEOMETRIC_REPRESENTATION_CONTEXT(2) 
PARAMETRIC_REPRESENTATION_CONTEXT() REPRESENTATION_CONTEXT('2D SPACE',''
  ) );
#14667 = ORIENTED_EDGE('',*,*,#14427,.T.);
#14668 = ORIENTED_EDGE('',*,*,#14669,.T.);
#14669 = EDGE_CURVE('',#14430,#14550,#14670,.T.);
#14670 = SURFACE_CURVE('',#14671,(#14675,#14682),.PCURVE_S1.);
#14671 = LINE('',#14672,#14673);
#14672 = CARTESIAN_POINT('',(287.5,243.,345.));
#14673 = VECTOR('',#14674,1.);
#14674 = DIRECTION('',(1.,0.,0.));
#14675 = PCURVE('',#14450,#14676);
#14676 = DEFINITIONAL_REPRESENTATION('',(#14677),#14681);
#14677 = LINE('',#14678,#14679);
#14678 = CARTESIAN_POINT('',(44.,0.));
#14679 = VECTOR('',#14680,1.);
#14680 = DIRECTION('',(0.,1.));
#14681 = ( GEOMETRIC_REPRESENTATION_CONTEXT(2) 
PARAMETRIC_REPRESENTATION_CONTEXT() REPRESENTATION_CONTEXT('2D SPACE',''
  ) );
#14682 = PCURVE('',#14532,#14683);
#14683 = DEFINITIONAL_REPRESENTATION('',(#14684),#14688);
#14684 = LINE('',#14685,#14686);
#14685 = CARTESIAN_POINT('',(0.,0.));
#14686 = VECTOR('',#14687,1.);
#14687 = DIRECTION('',(1.,0.));
#14688 = ( GEOMETRIC_REPRESENTATION_CONTEXT(2) 
PARAMETRIC_REPRESENTATION_CONTEXT() REPRESENTATION_CONTEXT('2D SPACE',''
  ) );
#14689 = ORIENTED_EDGE('',*,*,#14547,.F.);
#14690 = ADVANCED_FACE('',(#14691),#14506,.T.);
#14691 = FACE_BOUND('',#14692,.T.);
#14692 = EDGE_LOOP('',(#14693,#14714,#14715,#14736));
#14693 = ORIENTED_EDGE('',*,*,#14694,.F.);
#14694 = EDGE_CURVE('',#14463,#14578,#14695,.T.);
#14695 = SURFACE_CURVE('',#14696,(#14700,#14707),.PCURVE_S1.);
#14696 = LINE('',#14697,#14698);
#14697 = CARTESIAN_POINT('',(287.5,277.,301.));
#14698 = VECTOR('',#14699,1.);
#14699 = DIRECTION('',(1.,0.,0.));
#14700 = PCURVE('',#14506,#14701);
#14701 = DEFINITIONAL_REPRESENTATION('',(#14702),#14706);
#14702 = LINE('',#14703,#14704);
#14703 = CARTESIAN_POINT('',(0.,0.));
#14704 = VECTOR('',#14705,1.);
#14705 = DIRECTION('',(0.,1.));
#14706 = ( GEOMETRIC_REPRESENTATION_CONTEXT(2) 
PARAMETRIC_REPRESENTATION_CONTEXT() REPRESENTATION_CONTEXT('2D SPACE',''
  ) );
#14707 = PCURVE('',#14478,#14708);
#14708 = DEFINITIONAL_REPRESENTATION('',(#14709),#14713);
#14709 = LINE('',#14710,#14711);
#14710 = CARTESIAN_POINT('',(0.,34.));
#14711 = VECTOR('',#14712,1.);
#14712 = DIRECTION('',(1.,0.));
#14713 = ( GEOMETRIC_REPRESENTATION_CONTEXT(2) 
PARAMETRIC_REPRESENTATION_CONTEXT() REPRESENTATION_CONTEXT('2D SPACE',''
  ) );
#14714 = ORIENTED_EDGE('',*,*,#14490,.T.);
#14715 = ORIENTED_EDGE('',*,*,#14716,.T.);
#14716 = EDGE_CURVE('',#14491,#14601,#14717,.T.);
#14717 = SURFACE_CURVE('',#14718,(#14722,#14729),.PCURVE_S1.);
#14718 = LINE('',#14719,#14720);
#14719 = CARTESIAN_POINT('',(287.5,277.,345.));
#14720 = VECTOR('',#14721,1.);
#14721 = DIRECTION('',(1.,0.,0.));
#14722 = PCURVE('',#14506,#14723);
#14723 = DEFINITIONAL_REPRESENTATION('',(#14724),#14728);
#14724 = LINE('',#14725,#14726);
#14725 = CARTESIAN_POINT('',(44.,0.));
#14726 = VECTOR('',#14727,1.);
#14727 = DIRECTION('',(0.,1.));
#14728 = ( GEOMETRIC_REPRESENTATION_CONTEXT(2) 
PARAMETRIC_REPRESENTATION_CONTEXT() REPRESENTATION_CONTEXT('2D SPACE',''
  ) );
#14729 = PCURVE('',#14532,#14730);
#14730 = DEFINITIONAL_REPRESENTATION('',(#14731),#14735);
#14731 = LINE('',#14732,#14733);
#14732 = CARTESIAN_POINT('',(0.,34.));
#14733 = VECTOR('',#14734,1.);
#14734 = DIRECTION('',(1.,0.));
#14735 = ( GEOMETRIC_REPRESENTATION_CONTEXT(2) 
PARAMETRIC_REPRESENTATION_CONTEXT() REPRESENTATION_CONTEXT('2D SPACE',''
  ) );
#14736 = ORIENTED_EDGE('',*,*,#14600,.F.);
#14737 = ADVANCED_FACE('',(#14738),#14478,.F.);
#14738 = FACE_BOUND('',#14739,.F.);
#14739 = EDGE_LOOP('',(#14740,#14741,#14742,#14743));
#14740 = ORIENTED_EDGE('',*,*,#14462,.F.);
#14741 = ORIENTED_EDGE('',*,*,#14647,.T.);
#14742 = ORIENTED_EDGE('',*,*,#14577,.T.);
#14743 = ORIENTED_EDGE('',*,*,#14694,.F.);
#14744 = ADVANCED_FACE('',(#14745),#14532,.T.);
#14745 = FACE_BOUND('',#14746,.T.);
#14746 = EDGE_LOOP('',(#14747,#14748,#14749,#14750));
#14747 = ORIENTED_EDGE('',*,*,#14518,.F.);
#14748 = ORIENTED_EDGE('',*,*,#14669,.T.);
#14749 = ORIENTED_EDGE('',*,*,#14623,.T.);
#14750 = ORIENTED_EDGE('',*,*,#14716,.F.);
#14751 = ( GEOMETRIC_REPRESENTATION_CONTEXT(3) 
GLOBAL_UNCERTAINTY_ASSIGNED_CONTEXT((#14755)) 
GLOBAL_UNIT_ASSIGNED_CONTEXT((#14752,#14753,#14754)) 
REPRESENTATION_CONTEXT('Context #1',
  '3D Context with UNIT and UNCERTAINTY') );
#14752 = ( LENGTH_UNIT() NAMED_UNIT(*) SI_UNIT(.MILLI.,.METRE.) );
#14753 = ( NAMED_UNIT(*) PLANE_ANGLE_UNIT() SI_UNIT($,.RADIAN.) );
#14754 = ( NAMED_UNIT(*) SI_UNIT($,.STERADIAN.) SOLID_ANGLE_UNIT() );
#14755 = UNCERTAINTY_MEASURE_WITH_UNIT(LENGTH_MEASURE(1.E-07),#14752,
  'distance_accuracy_value','confusion accuracy');
#14756 = CONTEXT_DEPENDENT_SHAPE_REPRESENTATION(#14757,#14759);
#14757 = ( REPRESENTATION_RELATIONSHIP('','',#14420,#10) 
REPRESENTATION_RELATIONSHIP_WITH_TRANSFORMATION(#14758) 
SHAPE_REPRESENTATION_RELATIONSHIP() );
#14758 = ITEM_DEFINED_TRANSFORMATION('','',#11,#175);
#14759 = PRODUCT_DEFINITION_SHAPE('Placement','Placement of an item',
  #14760);
#14760 = NEXT_ASSEMBLY_USAGE_OCCURRENCE('3320',
  'CR3001_latch_4_PROVISIONAL','',#5,#14415,$);
#14761 = PRODUCT_RELATED_PRODUCT_CATEGORY('part',$,(#14417));
#14762 = SHAPE_DEFINITION_REPRESENTATION(#14763,#14769);
#14763 = PRODUCT_DEFINITION_SHAPE('','',#14764);
#14764 = PRODUCT_DEFINITION('design','',#14765,#14768);
#14765 = PRODUCT_DEFINITION_FORMATION('','',#14766);
#14766 = PRODUCT('NVR-P12_CR3001_keeper_4_PROVISIONAL',
  'NVR-P12_CR3001_keeper_4_PROVISIONAL','',(#14767));
#14767 = PRODUCT_CONTEXT('',#2,'mechanical');
#14768 = PRODUCT_DEFINITION_CONTEXT('part definition',#2,'design');
#14769 = ADVANCED_BREP_SHAPE_REPRESENTATION('',(#11,#14770),#15100);
#14770 = MANIFOLD_SOLID_BREP('',#14771);
#14771 = CLOSED_SHELL('',(#14772,#14892,#14992,#15039,#15086,#15093));
#14772 = ADVANCED_FACE('',(#14773),#14787,.F.);
#14773 = FACE_BOUND('',#14774,.F.);
#14774 = EDGE_LOOP('',(#14775,#14810,#14838,#14866));
#14775 = ORIENTED_EDGE('',*,*,#14776,.F.);
#14776 = EDGE_CURVE('',#14777,#14779,#14781,.T.);
#14777 = VERTEX_POINT('',#14778);
#14778 = CARTESIAN_POINT('',(295.,228.,342.));
#14779 = VERTEX_POINT('',#14780);
#14780 = CARTESIAN_POINT('',(295.,228.,348.));
#14781 = SURFACE_CURVE('',#14782,(#14786,#14798),.PCURVE_S1.);
#14782 = LINE('',#14783,#14784);
#14783 = CARTESIAN_POINT('',(295.,228.,342.));
#14784 = VECTOR('',#14785,1.);
#14785 = DIRECTION('',(0.,0.,1.));
#14786 = PCURVE('',#14787,#14792);
#14787 = PLANE('',#14788);
#14788 = AXIS2_PLACEMENT_3D('',#14789,#14790,#14791);
#14789 = CARTESIAN_POINT('',(295.,228.,342.));
#14790 = DIRECTION('',(1.,0.,0.));
#14791 = DIRECTION('',(0.,0.,1.));
#14792 = DEFINITIONAL_REPRESENTATION('',(#14793),#14797);
#14793 = LINE('',#14794,#14795);
#14794 = CARTESIAN_POINT('',(0.,0.));
#14795 = VECTOR('',#14796,1.);
#14796 = DIRECTION('',(1.,0.));
#14797 = ( GEOMETRIC_REPRESENTATION_CONTEXT(2) 
PARAMETRIC_REPRESENTATION_CONTEXT() REPRESENTATION_CONTEXT('2D SPACE',''
  ) );
#14798 = PCURVE('',#14799,#14804);
#14799 = PLANE('',#14800);
#14800 = AXIS2_PLACEMENT_3D('',#14801,#14802,#14803);
#14801 = CARTESIAN_POINT('',(295.,228.,342.));
#14802 = DIRECTION('',(0.,1.,0.));
#14803 = DIRECTION('',(0.,0.,1.));
#14804 = DEFINITIONAL_REPRESENTATION('',(#14805),#14809);
#14805 = LINE('',#14806,#14807);
#14806 = CARTESIAN_POINT('',(0.,0.));
#14807 = VECTOR('',#14808,1.);
#14808 = DIRECTION('',(1.,0.));
#14809 = ( GEOMETRIC_REPRESENTATION_CONTEXT(2) 
PARAMETRIC_REPRESENTATION_CONTEXT() REPRESENTATION_CONTEXT('2D SPACE',''
  ) );
#14810 = ORIENTED_EDGE('',*,*,#14811,.T.);
#14811 = EDGE_CURVE('',#14777,#14812,#14814,.T.);
#14812 = VERTEX_POINT('',#14813);
#14813 = CARTESIAN_POINT('',(295.,248.,342.));
#14814 = SURFACE_CURVE('',#14815,(#14819,#14826),.PCURVE_S1.);
#14815 = LINE('',#14816,#14817);
#14816 = CARTESIAN_POINT('',(295.,228.,342.));
#14817 = VECTOR('',#14818,1.);
#14818 = DIRECTION('',(0.,1.,0.));
#14819 = PCURVE('',#14787,#14820);
#14820 = DEFINITIONAL_REPRESENTATION('',(#14821),#14825);
#14821 = LINE('',#14822,#14823);
#14822 = CARTESIAN_POINT('',(0.,0.));
#14823 = VECTOR('',#14824,1.);
#14824 = DIRECTION('',(0.,-1.));
#14825 = ( GEOMETRIC_REPRESENTATION_CONTEXT(2) 
PARAMETRIC_REPRESENTATION_CONTEXT() REPRESENTATION_CONTEXT('2D SPACE',''
  ) );
#14826 = PCURVE('',#14827,#14832);
#14827 = PLANE('',#14828);
#14828 = AXIS2_PLACEMENT_3D('',#14829,#14830,#14831);
#14829 = CARTESIAN_POINT('',(295.,228.,342.));
#14830 = DIRECTION('',(0.,0.,1.));
#14831 = DIRECTION('',(1.,0.,0.));
#14832 = DEFINITIONAL_REPRESENTATION('',(#14833),#14837);
#14833 = LINE('',#14834,#14835);
#14834 = CARTESIAN_POINT('',(0.,0.));
#14835 = VECTOR('',#14836,1.);
#14836 = DIRECTION('',(0.,1.));
#14837 = ( GEOMETRIC_REPRESENTATION_CONTEXT(2) 
PARAMETRIC_REPRESENTATION_CONTEXT() REPRESENTATION_CONTEXT('2D SPACE',''
  ) );
#14838 = ORIENTED_EDGE('',*,*,#14839,.T.);
#14839 = EDGE_CURVE('',#14812,#14840,#14842,.T.);
#14840 = VERTEX_POINT('',#14841);
#14841 = CARTESIAN_POINT('',(295.,248.,348.));
#14842 = SURFACE_CURVE('',#14843,(#14847,#14854),.PCURVE_S1.);
#14843 = LINE('',#14844,#14845);
#14844 = CARTESIAN_POINT('',(295.,248.,342.));
#14845 = VECTOR('',#14846,1.);
#14846 = DIRECTION('',(0.,0.,1.));
#14847 = PCURVE('',#14787,#14848);
#14848 = DEFINITIONAL_REPRESENTATION('',(#14849),#14853);
#14849 = LINE('',#14850,#14851);
#14850 = CARTESIAN_POINT('',(0.,-20.));
#14851 = VECTOR('',#14852,1.);
#14852 = DIRECTION('',(1.,0.));
#14853 = ( GEOMETRIC_REPRESENTATION_CONTEXT(2) 
PARAMETRIC_REPRESENTATION_CONTEXT() REPRESENTATION_CONTEXT('2D SPACE',''
  ) );
#14854 = PCURVE('',#14855,#14860);
#14855 = PLANE('',#14856);
#14856 = AXIS2_PLACEMENT_3D('',#14857,#14858,#14859);
#14857 = CARTESIAN_POINT('',(295.,248.,342.));
#14858 = DIRECTION('',(0.,1.,0.));
#14859 = DIRECTION('',(0.,0.,1.));
#14860 = DEFINITIONAL_REPRESENTATION('',(#14861),#14865);
#14861 = LINE('',#14862,#14863);
#14862 = CARTESIAN_POINT('',(0.,0.));
#14863 = VECTOR('',#14864,1.);
#14864 = DIRECTION('',(1.,0.));
#14865 = ( GEOMETRIC_REPRESENTATION_CONTEXT(2) 
PARAMETRIC_REPRESENTATION_CONTEXT() REPRESENTATION_CONTEXT('2D SPACE',''
  ) );
#14866 = ORIENTED_EDGE('',*,*,#14867,.F.);
#14867 = EDGE_CURVE('',#14779,#14840,#14868,.T.);
#14868 = SURFACE_CURVE('',#14869,(#14873,#14880),.PCURVE_S1.);
#14869 = LINE('',#14870,#14871);
#14870 = CARTESIAN_POINT('',(295.,228.,348.));
#14871 = VECTOR('',#14872,1.);
#14872 = DIRECTION('',(0.,1.,0.));
#14873 = PCURVE('',#14787,#14874);
#14874 = DEFINITIONAL_REPRESENTATION('',(#14875),#14879);
#14875 = LINE('',#14876,#14877);
#14876 = CARTESIAN_POINT('',(6.,0.));
#14877 = VECTOR('',#14878,1.);
#14878 = DIRECTION('',(0.,-1.));
#14879 = ( GEOMETRIC_REPRESENTATION_CONTEXT(2) 
PARAMETRIC_REPRESENTATION_CONTEXT() REPRESENTATION_CONTEXT('2D SPACE',''
  ) );
#14880 = PCURVE('',#14881,#14886);
#14881 = PLANE('',#14882);
#14882 = AXIS2_PLACEMENT_3D('',#14883,#14884,#14885);
#14883 = CARTESIAN_POINT('',(295.,228.,348.));
#14884 = DIRECTION('',(0.,0.,1.));
#14885 = DIRECTION('',(1.,0.,0.));
#14886 = DEFINITIONAL_REPRESENTATION('',(#14887),#14891);
#14887 = LINE('',#14888,#14889);
#14888 = CARTESIAN_POINT('',(0.,0.));
#14889 = VECTOR('',#14890,1.);
#14890 = DIRECTION('',(0.,1.));
#14891 = ( GEOMETRIC_REPRESENTATION_CONTEXT(2) 
PARAMETRIC_REPRESENTATION_CONTEXT() REPRESENTATION_CONTEXT('2D SPACE',''
  ) );
#14892 = ADVANCED_FACE('',(#14893),#14907,.T.);
#14893 = FACE_BOUND('',#14894,.T.);
#14894 = EDGE_LOOP('',(#14895,#14925,#14948,#14971));
#14895 = ORIENTED_EDGE('',*,*,#14896,.F.);
#14896 = EDGE_CURVE('',#14897,#14899,#14901,.T.);
#14897 = VERTEX_POINT('',#14898);
#14898 = CARTESIAN_POINT('',(365.,228.,342.));
#14899 = VERTEX_POINT('',#14900);
#14900 = CARTESIAN_POINT('',(365.,228.,348.));
#14901 = SURFACE_CURVE('',#14902,(#14906,#14918),.PCURVE_S1.);
#14902 = LINE('',#14903,#14904);
#14903 = CARTESIAN_POINT('',(365.,228.,342.));
#14904 = VECTOR('',#14905,1.);
#14905 = DIRECTION('',(0.,0.,1.));
#14906 = PCURVE('',#14907,#14912);
#14907 = PLANE('',#14908);
#14908 = AXIS2_PLACEMENT_3D('',#14909,#14910,#14911);
#14909 = CARTESIAN_POINT('',(365.,228.,342.));
#14910 = DIRECTION('',(1.,0.,0.));
#14911 = DIRECTION('',(0.,0.,1.));
#14912 = DEFINITIONAL_REPRESENTATION('',(#14913),#14917);
#14913 = LINE('',#14914,#14915);
#14914 = CARTESIAN_POINT('',(0.,0.));
#14915 = VECTOR('',#14916,1.);
#14916 = DIRECTION('',(1.,0.));
#14917 = ( GEOMETRIC_REPRESENTATION_CONTEXT(2) 
PARAMETRIC_REPRESENTATION_CONTEXT() REPRESENTATION_CONTEXT('2D SPACE',''
  ) );
#14918 = PCURVE('',#14799,#14919);
#14919 = DEFINITIONAL_REPRESENTATION('',(#14920),#14924);
#14920 = LINE('',#14921,#14922);
#14921 = CARTESIAN_POINT('',(0.,70.));
#14922 = VECTOR('',#14923,1.);
#14923 = DIRECTION('',(1.,0.));
#14924 = ( GEOMETRIC_REPRESENTATION_CONTEXT(2) 
PARAMETRIC_REPRESENTATION_CONTEXT() REPRESENTATION_CONTEXT('2D SPACE',''
  ) );
#14925 = ORIENTED_EDGE('',*,*,#14926,.T.);
#14926 = EDGE_CURVE('',#14897,#14927,#14929,.T.);
#14927 = VERTEX_POINT('',#14928);
#14928 = CARTESIAN_POINT('',(365.,248.,342.));
#14929 = SURFACE_CURVE('',#14930,(#14934,#14941),.PCURVE_S1.);
#14930 = LINE('',#14931,#14932);
#14931 = CARTESIAN_POINT('',(365.,228.,342.));
#14932 = VECTOR('',#14933,1.);
#14933 = DIRECTION('',(0.,1.,0.));
#14934 = PCURVE('',#14907,#14935);
#14935 = DEFINITIONAL_REPRESENTATION('',(#14936),#14940);
#14936 = LINE('',#14937,#14938);
#14937 = CARTESIAN_POINT('',(0.,0.));
#14938 = VECTOR('',#14939,1.);
#14939 = DIRECTION('',(0.,-1.));
#14940 = ( GEOMETRIC_REPRESENTATION_CONTEXT(2) 
PARAMETRIC_REPRESENTATION_CONTEXT() REPRESENTATION_CONTEXT('2D SPACE',''
  ) );
#14941 = PCURVE('',#14827,#14942);
#14942 = DEFINITIONAL_REPRESENTATION('',(#14943),#14947);
#14943 = LINE('',#14944,#14945);
#14944 = CARTESIAN_POINT('',(70.,0.));
#14945 = VECTOR('',#14946,1.);
#14946 = DIRECTION('',(0.,1.));
#14947 = ( GEOMETRIC_REPRESENTATION_CONTEXT(2) 
PARAMETRIC_REPRESENTATION_CONTEXT() REPRESENTATION_CONTEXT('2D SPACE',''
  ) );
#14948 = ORIENTED_EDGE('',*,*,#14949,.T.);
#14949 = EDGE_CURVE('',#14927,#14950,#14952,.T.);
#14950 = VERTEX_POINT('',#14951);
#14951 = CARTESIAN_POINT('',(365.,248.,348.));
#14952 = SURFACE_CURVE('',#14953,(#14957,#14964),.PCURVE_S1.);
#14953 = LINE('',#14954,#14955);
#14954 = CARTESIAN_POINT('',(365.,248.,342.));
#14955 = VECTOR('',#14956,1.);
#14956 = DIRECTION('',(0.,0.,1.));
#14957 = PCURVE('',#14907,#14958);
#14958 = DEFINITIONAL_REPRESENTATION('',(#14959),#14963);
#14959 = LINE('',#14960,#14961);
#14960 = CARTESIAN_POINT('',(0.,-20.));
#14961 = VECTOR('',#14962,1.);
#14962 = DIRECTION('',(1.,0.));
#14963 = ( GEOMETRIC_REPRESENTATION_CONTEXT(2) 
PARAMETRIC_REPRESENTATION_CONTEXT() REPRESENTATION_CONTEXT('2D SPACE',''
  ) );
#14964 = PCURVE('',#14855,#14965);
#14965 = DEFINITIONAL_REPRESENTATION('',(#14966),#14970);
#14966 = LINE('',#14967,#14968);
#14967 = CARTESIAN_POINT('',(0.,70.));
#14968 = VECTOR('',#14969,1.);
#14969 = DIRECTION('',(1.,0.));
#14970 = ( GEOMETRIC_REPRESENTATION_CONTEXT(2) 
PARAMETRIC_REPRESENTATION_CONTEXT() REPRESENTATION_CONTEXT('2D SPACE',''
  ) );
#14971 = ORIENTED_EDGE('',*,*,#14972,.F.);
#14972 = EDGE_CURVE('',#14899,#14950,#14973,.T.);
#14973 = SURFACE_CURVE('',#14974,(#14978,#14985),.PCURVE_S1.);
#14974 = LINE('',#14975,#14976);
#14975 = CARTESIAN_POINT('',(365.,228.,348.));
#14976 = VECTOR('',#14977,1.);
#14977 = DIRECTION('',(0.,1.,0.));
#14978 = PCURVE('',#14907,#14979);
#14979 = DEFINITIONAL_REPRESENTATION('',(#14980),#14984);
#14980 = LINE('',#14981,#14982);
#14981 = CARTESIAN_POINT('',(6.,0.));
#14982 = VECTOR('',#14983,1.);
#14983 = DIRECTION('',(0.,-1.));
#14984 = ( GEOMETRIC_REPRESENTATION_CONTEXT(2) 
PARAMETRIC_REPRESENTATION_CONTEXT() REPRESENTATION_CONTEXT('2D SPACE',''
  ) );
#14985 = PCURVE('',#14881,#14986);
#14986 = DEFINITIONAL_REPRESENTATION('',(#14987),#14991);
#14987 = LINE('',#14988,#14989);
#14988 = CARTESIAN_POINT('',(70.,0.));
#14989 = VECTOR('',#14990,1.);
#14990 = DIRECTION('',(0.,1.));
#14991 = ( GEOMETRIC_REPRESENTATION_CONTEXT(2) 
PARAMETRIC_REPRESENTATION_CONTEXT() REPRESENTATION_CONTEXT('2D SPACE',''
  ) );
#14992 = ADVANCED_FACE('',(#14993),#14799,.F.);
#14993 = FACE_BOUND('',#14994,.F.);
#14994 = EDGE_LOOP('',(#14995,#15016,#15017,#15038));
#14995 = ORIENTED_EDGE('',*,*,#14996,.F.);
#14996 = EDGE_CURVE('',#14777,#14897,#14997,.T.);
#14997 = SURFACE_CURVE('',#14998,(#15002,#15009),.PCURVE_S1.);
#14998 = LINE('',#14999,#15000);
#14999 = CARTESIAN_POINT('',(295.,228.,342.));
#15000 = VECTOR('',#15001,1.);
#15001 = DIRECTION('',(1.,0.,0.));
#15002 = PCURVE('',#14799,#15003);
#15003 = DEFINITIONAL_REPRESENTATION('',(#15004),#15008);
#15004 = LINE('',#15005,#15006);
#15005 = CARTESIAN_POINT('',(0.,0.));
#15006 = VECTOR('',#15007,1.);
#15007 = DIRECTION('',(0.,1.));
#15008 = ( GEOMETRIC_REPRESENTATION_CONTEXT(2) 
PARAMETRIC_REPRESENTATION_CONTEXT() REPRESENTATION_CONTEXT('2D SPACE',''
  ) );
#15009 = PCURVE('',#14827,#15010);
#15010 = DEFINITIONAL_REPRESENTATION('',(#15011),#15015);
#15011 = LINE('',#15012,#15013);
#15012 = CARTESIAN_POINT('',(0.,0.));
#15013 = VECTOR('',#15014,1.);
#15014 = DIRECTION('',(1.,0.));
#15015 = ( GEOMETRIC_REPRESENTATION_CONTEXT(2) 
PARAMETRIC_REPRESENTATION_CONTEXT() REPRESENTATION_CONTEXT('2D SPACE',''
  ) );
#15016 = ORIENTED_EDGE('',*,*,#14776,.T.);
#15017 = ORIENTED_EDGE('',*,*,#15018,.T.);
#15018 = EDGE_CURVE('',#14779,#14899,#15019,.T.);
#15019 = SURFACE_CURVE('',#15020,(#15024,#15031),.PCURVE_S1.);
#15020 = LINE('',#15021,#15022);
#15021 = CARTESIAN_POINT('',(295.,228.,348.));
#15022 = VECTOR('',#15023,1.);
#15023 = DIRECTION('',(1.,0.,0.));
#15024 = PCURVE('',#14799,#15025);
#15025 = DEFINITIONAL_REPRESENTATION('',(#15026),#15030);
#15026 = LINE('',#15027,#15028);
#15027 = CARTESIAN_POINT('',(6.,0.));
#15028 = VECTOR('',#15029,1.);
#15029 = DIRECTION('',(0.,1.));
#15030 = ( GEOMETRIC_REPRESENTATION_CONTEXT(2) 
PARAMETRIC_REPRESENTATION_CONTEXT() REPRESENTATION_CONTEXT('2D SPACE',''
  ) );
#15031 = PCURVE('',#14881,#15032);
#15032 = DEFINITIONAL_REPRESENTATION('',(#15033),#15037);
#15033 = LINE('',#15034,#15035);
#15034 = CARTESIAN_POINT('',(0.,0.));
#15035 = VECTOR('',#15036,1.);
#15036 = DIRECTION('',(1.,0.));
#15037 = ( GEOMETRIC_REPRESENTATION_CONTEXT(2) 
PARAMETRIC_REPRESENTATION_CONTEXT() REPRESENTATION_CONTEXT('2D SPACE',''
  ) );
#15038 = ORIENTED_EDGE('',*,*,#14896,.F.);
#15039 = ADVANCED_FACE('',(#15040),#14855,.T.);
#15040 = FACE_BOUND('',#15041,.T.);
#15041 = EDGE_LOOP('',(#15042,#15063,#15064,#15085));
#15042 = ORIENTED_EDGE('',*,*,#15043,.F.);
#15043 = EDGE_CURVE('',#14812,#14927,#15044,.T.);
#15044 = SURFACE_CURVE('',#15045,(#15049,#15056),.PCURVE_S1.);
#15045 = LINE('',#15046,#15047);
#15046 = CARTESIAN_POINT('',(295.,248.,342.));
#15047 = VECTOR('',#15048,1.);
#15048 = DIRECTION('',(1.,0.,0.));
#15049 = PCURVE('',#14855,#15050);
#15050 = DEFINITIONAL_REPRESENTATION('',(#15051),#15055);
#15051 = LINE('',#15052,#15053);
#15052 = CARTESIAN_POINT('',(0.,0.));
#15053 = VECTOR('',#15054,1.);
#15054 = DIRECTION('',(0.,1.));
#15055 = ( GEOMETRIC_REPRESENTATION_CONTEXT(2) 
PARAMETRIC_REPRESENTATION_CONTEXT() REPRESENTATION_CONTEXT('2D SPACE',''
  ) );
#15056 = PCURVE('',#14827,#15057);
#15057 = DEFINITIONAL_REPRESENTATION('',(#15058),#15062);
#15058 = LINE('',#15059,#15060);
#15059 = CARTESIAN_POINT('',(0.,20.));
#15060 = VECTOR('',#15061,1.);
#15061 = DIRECTION('',(1.,0.));
#15062 = ( GEOMETRIC_REPRESENTATION_CONTEXT(2) 
PARAMETRIC_REPRESENTATION_CONTEXT() REPRESENTATION_CONTEXT('2D SPACE',''
  ) );
#15063 = ORIENTED_EDGE('',*,*,#14839,.T.);
#15064 = ORIENTED_EDGE('',*,*,#15065,.T.);
#15065 = EDGE_CURVE('',#14840,#14950,#15066,.T.);
#15066 = SURFACE_CURVE('',#15067,(#15071,#15078),.PCURVE_S1.);
#15067 = LINE('',#15068,#15069);
#15068 = CARTESIAN_POINT('',(295.,248.,348.));
#15069 = VECTOR('',#15070,1.);
#15070 = DIRECTION('',(1.,0.,0.));
#15071 = PCURVE('',#14855,#15072);
#15072 = DEFINITIONAL_REPRESENTATION('',(#15073),#15077);
#15073 = LINE('',#15074,#15075);
#15074 = CARTESIAN_POINT('',(6.,0.));
#15075 = VECTOR('',#15076,1.);
#15076 = DIRECTION('',(0.,1.));
#15077 = ( GEOMETRIC_REPRESENTATION_CONTEXT(2) 
PARAMETRIC_REPRESENTATION_CONTEXT() REPRESENTATION_CONTEXT('2D SPACE',''
  ) );
#15078 = PCURVE('',#14881,#15079);
#15079 = DEFINITIONAL_REPRESENTATION('',(#15080),#15084);
#15080 = LINE('',#15081,#15082);
#15081 = CARTESIAN_POINT('',(0.,20.));
#15082 = VECTOR('',#15083,1.);
#15083 = DIRECTION('',(1.,0.));
#15084 = ( GEOMETRIC_REPRESENTATION_CONTEXT(2) 
PARAMETRIC_REPRESENTATION_CONTEXT() REPRESENTATION_CONTEXT('2D SPACE',''
  ) );
#15085 = ORIENTED_EDGE('',*,*,#14949,.F.);
#15086 = ADVANCED_FACE('',(#15087),#14827,.F.);
#15087 = FACE_BOUND('',#15088,.F.);
#15088 = EDGE_LOOP('',(#15089,#15090,#15091,#15092));
#15089 = ORIENTED_EDGE('',*,*,#14811,.F.);
#15090 = ORIENTED_EDGE('',*,*,#14996,.T.);
#15091 = ORIENTED_EDGE('',*,*,#14926,.T.);
#15092 = ORIENTED_EDGE('',*,*,#15043,.F.);
#15093 = ADVANCED_FACE('',(#15094),#14881,.T.);
#15094 = FACE_BOUND('',#15095,.T.);
#15095 = EDGE_LOOP('',(#15096,#15097,#15098,#15099));
#15096 = ORIENTED_EDGE('',*,*,#14867,.F.);
#15097 = ORIENTED_EDGE('',*,*,#15018,.T.);
#15098 = ORIENTED_EDGE('',*,*,#14972,.T.);
#15099 = ORIENTED_EDGE('',*,*,#15065,.F.);
#15100 = ( GEOMETRIC_REPRESENTATION_CONTEXT(3) 
GLOBAL_UNCERTAINTY_ASSIGNED_CONTEXT((#15104)) 
GLOBAL_UNIT_ASSIGNED_CONTEXT((#15101,#15102,#15103)) 
REPRESENTATION_CONTEXT('Context #1',
  '3D Context with UNIT and UNCERTAINTY') );
#15101 = ( LENGTH_UNIT() NAMED_UNIT(*) SI_UNIT(.MILLI.,.METRE.) );
#15102 = ( NAMED_UNIT(*) PLANE_ANGLE_UNIT() SI_UNIT($,.RADIAN.) );
#15103 = ( NAMED_UNIT(*) SI_UNIT($,.STERADIAN.) SOLID_ANGLE_UNIT() );
#15104 = UNCERTAINTY_MEASURE_WITH_UNIT(LENGTH_MEASURE(1.E-07),#15101,
  'distance_accuracy_value','confusion accuracy');
#15105 = CONTEXT_DEPENDENT_SHAPE_REPRESENTATION(#15106,#15108);
#15106 = ( REPRESENTATION_RELATIONSHIP('','',#14769,#10) 
REPRESENTATION_RELATIONSHIP_WITH_TRANSFORMATION(#15107) 
SHAPE_REPRESENTATION_RELATIONSHIP() );
#15107 = ITEM_DEFINED_TRANSFORMATION('','',#11,#179);
#15108 = PRODUCT_DEFINITION_SHAPE('Placement','Placement of an item',
  #15109);
#15109 = NEXT_ASSEMBLY_USAGE_OCCURRENCE('3321',
  'NVR-P12_CR3001_keeper_4_PROVISIONAL','',#5,#14764,$);
#15110 = PRODUCT_RELATED_PRODUCT_CATEGORY('part',$,(#14766));
#15111 = SHAPE_DEFINITION_REPRESENTATION(#15112,#15118);
#15112 = PRODUCT_DEFINITION_SHAPE('','',#15113);
#15113 = PRODUCT_DEFINITION('design','',#15114,#15117);
#15114 = PRODUCT_DEFINITION_FORMATION('','',#15115);
#15115 = PRODUCT('LATCH_4_1_screw','LATCH_4_1_screw','',(#15116));
#15116 = PRODUCT_CONTEXT('',#2,'mechanical');
#15117 = PRODUCT_DEFINITION_CONTEXT('part definition',#2,'design');
#15118 = SHAPE_REPRESENTATION('',(#11,#15119,#15217),#15315);
#15119 = MANIFOLD_SOLID_BREP('',#15120);
#15120 = CLOSED_SHELL('',(#15121,#15209,#15213));
#15121 = ADVANCED_FACE('',(#15122),#15136,.T.);
#15122 = FACE_BOUND('',#15123,.F.);
#15123 = EDGE_LOOP('',(#15124,#15154,#15181,#15182));
#15124 = ORIENTED_EDGE('',*,*,#15125,.T.);
#15125 = EDGE_CURVE('',#15126,#15128,#15130,.T.);
#15126 = VERTEX_POINT('',#15127);
#15127 = CARTESIAN_POINT('',(308.,260.,325.));
#15128 = VERTEX_POINT('',#15129);
#15129 = CARTESIAN_POINT('',(308.,260.,353.));
#15130 = SEAM_CURVE('',#15131,(#15135,#15147),.PCURVE_S1.);
#15131 = LINE('',#15132,#15133);
#15132 = CARTESIAN_POINT('',(308.,260.,325.));
#15133 = VECTOR('',#15134,1.);
#15134 = DIRECTION('',(0.,0.,1.));
#15135 = PCURVE('',#15136,#15141);
#15136 = CYLINDRICAL_SURFACE('',#15137,3.);
#15137 = AXIS2_PLACEMENT_3D('',#15138,#15139,#15140);
#15138 = CARTESIAN_POINT('',(305.,260.,325.));
#15139 = DIRECTION('',(-0.,-0.,-1.));
#15140 = DIRECTION('',(1.,0.,0.));
#15141 = DEFINITIONAL_REPRESENTATION('',(#15142),#15146);
#15142 = LINE('',#15143,#15144);
#15143 = CARTESIAN_POINT('',(-0.,0.));
#15144 = VECTOR('',#15145,1.);
#15145 = DIRECTION('',(-0.,-1.));
#15146 = ( GEOMETRIC_REPRESENTATION_CONTEXT(2) 
PARAMETRIC_REPRESENTATION_CONTEXT() REPRESENTATION_CONTEXT('2D SPACE',''
  ) );
#15147 = PCURVE('',#15136,#15148);
#15148 = DEFINITIONAL_REPRESENTATION('',(#15149),#15153);
#15149 = LINE('',#15150,#15151);
#15150 = CARTESIAN_POINT('',(-6.28318530718,0.));
#15151 = VECTOR('',#15152,1.);
#15152 = DIRECTION('',(-0.,-1.));
#15153 = ( GEOMETRIC_REPRESENTATION_CONTEXT(2) 
PARAMETRIC_REPRESENTATION_CONTEXT() REPRESENTATION_CONTEXT('2D SPACE',''
  ) );
#15154 = ORIENTED_EDGE('',*,*,#15155,.T.);
#15155 = EDGE_CURVE('',#15128,#15128,#15156,.T.);
#15156 = SURFACE_CURVE('',#15157,(#15162,#15169),.PCURVE_S1.);
#15157 = CIRCLE('',#15158,3.);
#15158 = AXIS2_PLACEMENT_3D('',#15159,#15160,#15161);
#15159 = CARTESIAN_POINT('',(305.,260.,353.));
#15160 = DIRECTION('',(0.,0.,1.));
#15161 = DIRECTION('',(1.,0.,0.));
#15162 = PCURVE('',#15136,#15163);
#15163 = DEFINITIONAL_REPRESENTATION('',(#15164),#15168);
#15164 = LINE('',#15165,#15166);
#15165 = CARTESIAN_POINT('',(-0.,-28.));
#15166 = VECTOR('',#15167,1.);
#15167 = DIRECTION('',(-1.,0.));
#15168 = ( GEOMETRIC_REPRESENTATION_CONTEXT(2) 
PARAMETRIC_REPRESENTATION_CONTEXT() REPRESENTATION_CONTEXT('2D SPACE',''
  ) );
#15169 = PCURVE('',#15170,#15175);
#15170 = PLANE('',#15171);
#15171 = AXIS2_PLACEMENT_3D('',#15172,#15173,#15174);
#15172 = CARTESIAN_POINT('',(305.,260.,353.));
#15173 = DIRECTION('',(0.,0.,1.));
#15174 = DIRECTION('',(1.,0.,-0.));
#15175 = DEFINITIONAL_REPRESENTATION('',(#15176),#15180);
#15176 = CIRCLE('',#15177,3.);
#15177 = AXIS2_PLACEMENT_2D('',#15178,#15179);
#15178 = CARTESIAN_POINT('',(0.,0.));
#15179 = DIRECTION('',(1.,0.));
#15180 = ( GEOMETRIC_REPRESENTATION_CONTEXT(2) 
PARAMETRIC_REPRESENTATION_CONTEXT() REPRESENTATION_CONTEXT('2D SPACE',''
  ) );
#15181 = ORIENTED_EDGE('',*,*,#15125,.F.);
#15182 = ORIENTED_EDGE('',*,*,#15183,.F.);
#15183 = EDGE_CURVE('',#15126,#15126,#15184,.T.);
#15184 = SURFACE_CURVE('',#15185,(#15190,#15197),.PCURVE_S1.);
#15185 = CIRCLE('',#15186,3.);
#15186 = AXIS2_PLACEMENT_3D('',#15187,#15188,#15189);
#15187 = CARTESIAN_POINT('',(305.,260.,325.));
#15188 = DIRECTION('',(0.,0.,1.));
#15189 = DIRECTION('',(1.,0.,0.));
#15190 = PCURVE('',#15136,#15191);
#15191 = DEFINITIONAL_REPRESENTATION('',(#15192),#15196);
#15192 = LINE('',#15193,#15194);
#15193 = CARTESIAN_POINT('',(-0.,0.));
#15194 = VECTOR('',#15195,1.);
#15195 = DIRECTION('',(-1.,0.));
#15196 = ( GEOMETRIC_REPRESENTATION_CONTEXT(2) 
PARAMETRIC_REPRESENTATION_CONTEXT() REPRESENTATION_CONTEXT('2D SPACE',''
  ) );
#15197 = PCURVE('',#15198,#15203);
#15198 = PLANE('',#15199);
#15199 = AXIS2_PLACEMENT_3D('',#15200,#15201,#15202);
#15200 = CARTESIAN_POINT('',(305.,260.,325.));
#15201 = DIRECTION('',(0.,0.,1.));
#15202 = DIRECTION('',(1.,0.,-0.));
#15203 = DEFINITIONAL_REPRESENTATION('',(#15204),#15208);
#15204 = CIRCLE('',#15205,3.);
#15205 = AXIS2_PLACEMENT_2D('',#15206,#15207);
#15206 = CARTESIAN_POINT('',(0.,0.));
#15207 = DIRECTION('',(1.,0.));
#15208 = ( GEOMETRIC_REPRESENTATION_CONTEXT(2) 
PARAMETRIC_REPRESENTATION_CONTEXT() REPRESENTATION_CONTEXT('2D SPACE',''
  ) );
#15209 = ADVANCED_FACE('',(#15210),#15198,.F.);
#15210 = FACE_BOUND('',#15211,.F.);
#15211 = EDGE_LOOP('',(#15212));
#15212 = ORIENTED_EDGE('',*,*,#15183,.T.);
#15213 = ADVANCED_FACE('',(#15214),#15170,.T.);
#15214 = FACE_BOUND('',#15215,.T.);
#15215 = EDGE_LOOP('',(#15216));
#15216 = ORIENTED_EDGE('',*,*,#15155,.T.);
#15217 = MANIFOLD_SOLID_BREP('',#15218);
#15218 = CLOSED_SHELL('',(#15219,#15307,#15311));
#15219 = ADVANCED_FACE('',(#15220),#15234,.T.);
#15220 = FACE_BOUND('',#15221,.F.);
#15221 = EDGE_LOOP('',(#15222,#15252,#15279,#15280));
#15222 = ORIENTED_EDGE('',*,*,#15223,.T.);
#15223 = EDGE_CURVE('',#15224,#15226,#15228,.T.);
#15224 = VERTEX_POINT('',#15225);
#15225 = CARTESIAN_POINT('',(310.2,260.,349.));
#15226 = VERTEX_POINT('',#15227);
#15227 = CARTESIAN_POINT('',(310.2,260.,353.));
#15228 = SEAM_CURVE('',#15229,(#15233,#15245),.PCURVE_S1.);
#15229 = LINE('',#15230,#15231);
#15230 = CARTESIAN_POINT('',(310.2,260.,349.));
#15231 = VECTOR('',#15232,1.);
#15232 = DIRECTION('',(0.,0.,1.));
#15233 = PCURVE('',#15234,#15239);
#15234 = CYLINDRICAL_SURFACE('',#15235,5.2);
#15235 = AXIS2_PLACEMENT_3D('',#15236,#15237,#15238);
#15236 = CARTESIAN_POINT('',(305.,260.,349.));
#15237 = DIRECTION('',(-0.,-0.,-1.));
#15238 = DIRECTION('',(1.,0.,0.));
#15239 = DEFINITIONAL_REPRESENTATION('',(#15240),#15244);
#15240 = LINE('',#15241,#15242);
#15241 = CARTESIAN_POINT('',(-0.,0.));
#15242 = VECTOR('',#15243,1.);
#15243 = DIRECTION('',(-0.,-1.));
#15244 = ( GEOMETRIC_REPRESENTATION_CONTEXT(2) 
PARAMETRIC_REPRESENTATION_CONTEXT() REPRESENTATION_CONTEXT('2D SPACE',''
  ) );
#15245 = PCURVE('',#15234,#15246);
#15246 = DEFINITIONAL_REPRESENTATION('',(#15247),#15251);
#15247 = LINE('',#15248,#15249);
#15248 = CARTESIAN_POINT('',(-6.28318530718,0.));
#15249 = VECTOR('',#15250,1.);
#15250 = DIRECTION('',(-0.,-1.));
#15251 = ( GEOMETRIC_REPRESENTATION_CONTEXT(2) 
PARAMETRIC_REPRESENTATION_CONTEXT() REPRESENTATION_CONTEXT('2D SPACE',''
  ) );
#15252 = ORIENTED_EDGE('',*,*,#15253,.T.);
#15253 = EDGE_CURVE('',#15226,#15226,#15254,.T.);
#15254 = SURFACE_CURVE('',#15255,(#15260,#15267),.PCURVE_S1.);
#15255 = CIRCLE('',#15256,5.2);
#15256 = AXIS2_PLACEMENT_3D('',#15257,#15258,#15259);
#15257 = CARTESIAN_POINT('',(305.,260.,353.));
#15258 = DIRECTION('',(0.,0.,1.));
#15259 = DIRECTION('',(1.,0.,0.));
#15260 = PCURVE('',#15234,#15261);
#15261 = DEFINITIONAL_REPRESENTATION('',(#15262),#15266);
#15262 = LINE('',#15263,#15264);
#15263 = CARTESIAN_POINT('',(-0.,-4.));
#15264 = VECTOR('',#15265,1.);
#15265 = DIRECTION('',(-1.,0.));
#15266 = ( GEOMETRIC_REPRESENTATION_CONTEXT(2) 
PARAMETRIC_REPRESENTATION_CONTEXT() REPRESENTATION_CONTEXT('2D SPACE',''
  ) );
#15267 = PCURVE('',#15268,#15273);
#15268 = PLANE('',#15269);
#15269 = AXIS2_PLACEMENT_3D('',#15270,#15271,#15272);
#15270 = CARTESIAN_POINT('',(305.,260.,353.));
#15271 = DIRECTION('',(0.,0.,1.));
#15272 = DIRECTION('',(1.,0.,-0.));
#15273 = DEFINITIONAL_REPRESENTATION('',(#15274),#15278);
#15274 = CIRCLE('',#15275,5.2);
#15275 = AXIS2_PLACEMENT_2D('',#15276,#15277);
#15276 = CARTESIAN_POINT('',(0.,0.));
#15277 = DIRECTION('',(1.,0.));
#15278 = ( GEOMETRIC_REPRESENTATION_CONTEXT(2) 
PARAMETRIC_REPRESENTATION_CONTEXT() REPRESENTATION_CONTEXT('2D SPACE',''
  ) );
#15279 = ORIENTED_EDGE('',*,*,#15223,.F.);
#15280 = ORIENTED_EDGE('',*,*,#15281,.F.);
#15281 = EDGE_CURVE('',#15224,#15224,#15282,.T.);
#15282 = SURFACE_CURVE('',#15283,(#15288,#15295),.PCURVE_S1.);
#15283 = CIRCLE('',#15284,5.2);
#15284 = AXIS2_PLACEMENT_3D('',#15285,#15286,#15287);
#15285 = CARTESIAN_POINT('',(305.,260.,349.));
#15286 = DIRECTION('',(0.,0.,1.));
#15287 = DIRECTION('',(1.,0.,0.));
#15288 = PCURVE('',#15234,#15289);
#15289 = DEFINITIONAL_REPRESENTATION('',(#15290),#15294);
#15290 = LINE('',#15291,#15292);
#15291 = CARTESIAN_POINT('',(-0.,0.));
#15292 = VECTOR('',#15293,1.);
#15293 = DIRECTION('',(-1.,0.));
#15294 = ( GEOMETRIC_REPRESENTATION_CONTEXT(2) 
PARAMETRIC_REPRESENTATION_CONTEXT() REPRESENTATION_CONTEXT('2D SPACE',''
  ) );
#15295 = PCURVE('',#15296,#15301);
#15296 = PLANE('',#15297);
#15297 = AXIS2_PLACEMENT_3D('',#15298,#15299,#15300);
#15298 = CARTESIAN_POINT('',(305.,260.,349.));
#15299 = DIRECTION('',(0.,0.,1.));
#15300 = DIRECTION('',(1.,0.,-0.));
#15301 = DEFINITIONAL_REPRESENTATION('',(#15302),#15306);
#15302 = CIRCLE('',#15303,5.2);
#15303 = AXIS2_PLACEMENT_2D('',#15304,#15305);
#15304 = CARTESIAN_POINT('',(0.,0.));
#15305 = DIRECTION('',(1.,0.));
#15306 = ( GEOMETRIC_REPRESENTATION_CONTEXT(2) 
PARAMETRIC_REPRESENTATION_CONTEXT() REPRESENTATION_CONTEXT('2D SPACE',''
  ) );
#15307 = ADVANCED_FACE('',(#15308),#15296,.F.);
#15308 = FACE_BOUND('',#15309,.F.);
#15309 = EDGE_LOOP('',(#15310));
#15310 = ORIENTED_EDGE('',*,*,#15281,.T.);
#15311 = ADVANCED_FACE('',(#15312),#15268,.T.);
#15312 = FACE_BOUND('',#15313,.T.);
#15313 = EDGE_LOOP('',(#15314));
#15314 = ORIENTED_EDGE('',*,*,#15253,.T.);
#15315 = ( GEOMETRIC_REPRESENTATION_CONTEXT(3) 
GLOBAL_UNCERTAINTY_ASSIGNED_CONTEXT((#15319)) 
GLOBAL_UNIT_ASSIGNED_CONTEXT((#15316,#15317,#15318)) 
REPRESENTATION_CONTEXT('Context #1',
  '3D Context with UNIT and UNCERTAINTY') );
#15316 = ( LENGTH_UNIT() NAMED_UNIT(*) SI_UNIT(.MILLI.,.METRE.) );
#15317 = ( NAMED_UNIT(*) PLANE_ANGLE_UNIT() SI_UNIT($,.RADIAN.) );
#15318 = ( NAMED_UNIT(*) SI_UNIT($,.STERADIAN.) SOLID_ANGLE_UNIT() );
#15319 = UNCERTAINTY_MEASURE_WITH_UNIT(LENGTH_MEASURE(1.E-07),#15316,
  'distance_accuracy_value','confusion accuracy');
#15320 = CONTEXT_DEPENDENT_SHAPE_REPRESENTATION(#15321,#15323);
#15321 = ( REPRESENTATION_RELATIONSHIP('','',#15118,#10) 
REPRESENTATION_RELATIONSHIP_WITH_TRANSFORMATION(#15322) 
SHAPE_REPRESENTATION_RELATIONSHIP() );
#15322 = ITEM_DEFINED_TRANSFORMATION('','',#11,#183);
#15323 = PRODUCT_DEFINITION_SHAPE('Placement','Placement of an item',
  #15324);
#15324 = NEXT_ASSEMBLY_USAGE_OCCURRENCE('3322','LATCH_4_1_screw','',#5,
  #15113,$);
#15325 = PRODUCT_RELATED_PRODUCT_CATEGORY('part',$,(#15115));
#15326 = SHAPE_DEFINITION_REPRESENTATION(#15327,#15333);
#15327 = PRODUCT_DEFINITION_SHAPE('','',#15328);
#15328 = PRODUCT_DEFINITION('design','',#15329,#15332);
#15329 = PRODUCT_DEFINITION_FORMATION('','',#15330);
#15330 = PRODUCT('LATCH_4_1_washer','LATCH_4_1_washer','',(#15331));
#15331 = PRODUCT_CONTEXT('',#2,'mechanical');
#15332 = PRODUCT_DEFINITION_CONTEXT('part definition',#2,'design');
#15333 = ADVANCED_BREP_SHAPE_REPRESENTATION('',(#11,#15334),#15524);
#15334 = MANIFOLD_SOLID_BREP('',#15335);
#15335 = CLOSED_SHELL('',(#15336,#15424,#15463,#15497));
#15336 = ADVANCED_FACE('',(#15337),#15351,.T.);
#15337 = FACE_BOUND('',#15338,.F.);
#15338 = EDGE_LOOP('',(#15339,#15369,#15396,#15397));
#15339 = ORIENTED_EDGE('',*,*,#15340,.T.);
#15340 = EDGE_CURVE('',#15341,#15343,#15345,.T.);
#15341 = VERTEX_POINT('',#15342);
#15342 = CARTESIAN_POINT('',(311.,260.,348.));
#15343 = VERTEX_POINT('',#15344);
#15344 = CARTESIAN_POINT('',(311.,260.,349.));
#15345 = SEAM_CURVE('',#15346,(#15350,#15362),.PCURVE_S1.);
#15346 = LINE('',#15347,#15348);
#15347 = CARTESIAN_POINT('',(311.,260.,348.));
#15348 = VECTOR('',#15349,1.);
#15349 = DIRECTION('',(0.,0.,1.));
#15350 = PCURVE('',#15351,#15356);
#15351 = CYLINDRICAL_SURFACE('',#15352,6.);
#15352 = AXIS2_PLACEMENT_3D('',#15353,#15354,#15355);
#15353 = CARTESIAN_POINT('',(305.,260.,348.));
#15354 = DIRECTION('',(-0.,-0.,-1.));
#15355 = DIRECTION('',(1.,0.,0.));
#15356 = DEFINITIONAL_REPRESENTATION('',(#15357),#15361);
#15357 = LINE('',#15358,#15359);
#15358 = CARTESIAN_POINT('',(-0.,0.));
#15359 = VECTOR('',#15360,1.);
#15360 = DIRECTION('',(-0.,-1.));
#15361 = ( GEOMETRIC_REPRESENTATION_CONTEXT(2) 
PARAMETRIC_REPRESENTATION_CONTEXT() REPRESENTATION_CONTEXT('2D SPACE',''
  ) );
#15362 = PCURVE('',#15351,#15363);
#15363 = DEFINITIONAL_REPRESENTATION('',(#15364),#15368);
#15364 = LINE('',#15365,#15366);
#15365 = CARTESIAN_POINT('',(-6.28318530718,0.));
#15366 = VECTOR('',#15367,1.);
#15367 = DIRECTION('',(-0.,-1.));
#15368 = ( GEOMETRIC_REPRESENTATION_CONTEXT(2) 
PARAMETRIC_REPRESENTATION_CONTEXT() REPRESENTATION_CONTEXT('2D SPACE',''
  ) );
#15369 = ORIENTED_EDGE('',*,*,#15370,.T.);
#15370 = EDGE_CURVE('',#15343,#15343,#15371,.T.);
#15371 = SURFACE_CURVE('',#15372,(#15377,#15384),.PCURVE_S1.);
#15372 = CIRCLE('',#15373,6.);
#15373 = AXIS2_PLACEMENT_3D('',#15374,#15375,#15376);
#15374 = CARTESIAN_POINT('',(305.,260.,349.));
#15375 = DIRECTION('',(0.,0.,1.));
#15376 = DIRECTION('',(1.,0.,0.));
#15377 = PCURVE('',#15351,#15378);
#15378 = DEFINITIONAL_REPRESENTATION('',(#15379),#15383);
#15379 = LINE('',#15380,#15381);
#15380 = CARTESIAN_POINT('',(-0.,-1.));
#15381 = VECTOR('',#15382,1.);
#15382 = DIRECTION('',(-1.,0.));
#15383 = ( GEOMETRIC_REPRESENTATION_CONTEXT(2) 
PARAMETRIC_REPRESENTATION_CONTEXT() REPRESENTATION_CONTEXT('2D SPACE',''
  ) );
#15384 = PCURVE('',#15385,#15390);
#15385 = PLANE('',#15386);
#15386 = AXIS2_PLACEMENT_3D('',#15387,#15388,#15389);
#15387 = CARTESIAN_POINT('',(305.,260.,349.));
#15388 = DIRECTION('',(0.,0.,1.));
#15389 = DIRECTION('',(1.,0.,-0.));
#15390 = DEFINITIONAL_REPRESENTATION('',(#15391),#15395);
#15391 = CIRCLE('',#15392,6.);
#15392 = AXIS2_PLACEMENT_2D('',#15393,#15394);
#15393 = CARTESIAN_POINT('',(0.,0.));
#15394 = DIRECTION('',(1.,0.));
#15395 = ( GEOMETRIC_REPRESENTATION_CONTEXT(2) 
PARAMETRIC_REPRESENTATION_CONTEXT() REPRESENTATION_CONTEXT('2D SPACE',''
  ) );
#15396 = ORIENTED_EDGE('',*,*,#15340,.F.);
#15397 = ORIENTED_EDGE('',*,*,#15398,.F.);
#15398 = EDGE_CURVE('',#15341,#15341,#15399,.T.);
#15399 = SURFACE_CURVE('',#15400,(#15405,#15412),.PCURVE_S1.);
#15400 = CIRCLE('',#15401,6.);
#15401 = AXIS2_PLACEMENT_3D('',#15402,#15403,#15404);
#15402 = CARTESIAN_POINT('',(305.,260.,348.));
#15403 = DIRECTION('',(0.,0.,1.));
#15404 = DIRECTION('',(1.,0.,0.));
#15405 = PCURVE('',#15351,#15406);
#15406 = DEFINITIONAL_REPRESENTATION('',(#15407),#15411);
#15407 = LINE('',#15408,#15409);
#15408 = CARTESIAN_POINT('',(-0.,0.));
#15409 = VECTOR('',#15410,1.);
#15410 = DIRECTION('',(-1.,0.));
#15411 = ( GEOMETRIC_REPRESENTATION_CONTEXT(2) 
PARAMETRIC_REPRESENTATION_CONTEXT() REPRESENTATION_CONTEXT('2D SPACE',''
  ) );
#15412 = PCURVE('',#15413,#15418);
#15413 = PLANE('',#15414);
#15414 = AXIS2_PLACEMENT_3D('',#15415,#15416,#15417);
#15415 = CARTESIAN_POINT('',(305.,260.,348.));
#15416 = DIRECTION('',(0.,0.,1.));
#15417 = DIRECTION('',(1.,0.,-0.));
#15418 = DEFINITIONAL_REPRESENTATION('',(#15419),#15423);
#15419 = CIRCLE('',#15420,6.);
#15420 = AXIS2_PLACEMENT_2D('',#15421,#15422);
#15421 = CARTESIAN_POINT('',(0.,0.));
#15422 = DIRECTION('',(1.,0.));
#15423 = ( GEOMETRIC_REPRESENTATION_CONTEXT(2) 
PARAMETRIC_REPRESENTATION_CONTEXT() REPRESENTATION_CONTEXT('2D SPACE',''
  ) );
#15424 = ADVANCED_FACE('',(#15425,#15428),#15413,.F.);
#15425 = FACE_BOUND('',#15426,.F.);
#15426 = EDGE_LOOP('',(#15427));
#15427 = ORIENTED_EDGE('',*,*,#15398,.T.);
#15428 = FACE_BOUND('',#15429,.F.);
#15429 = EDGE_LOOP('',(#15430));
#15430 = ORIENTED_EDGE('',*,*,#15431,.T.);
#15431 = EDGE_CURVE('',#15432,#15432,#15434,.T.);
#15432 = VERTEX_POINT('',#15433);
#15433 = CARTESIAN_POINT('',(308.3,260.,348.));
#15434 = SURFACE_CURVE('',#15435,(#15440,#15451),.PCURVE_S1.);
#15435 = CIRCLE('',#15436,3.3);
#15436 = AXIS2_PLACEMENT_3D('',#15437,#15438,#15439);
#15437 = CARTESIAN_POINT('',(305.,260.,348.));
#15438 = DIRECTION('',(0.,0.,-1.));
#15439 = DIRECTION('',(1.,0.,0.));
#15440 = PCURVE('',#15413,#15441);
#15441 = DEFINITIONAL_REPRESENTATION('',(#15442),#15450);
#15442 = ( BOUNDED_CURVE() B_SPLINE_CURVE(2,(#15443,#15444,#15445,#15446
    ,#15447,#15448,#15449),.UNSPECIFIED.,.T.,.F.) 
B_SPLINE_CURVE_WITH_KNOTS((1,2,2,2,2,1),(-2.094395102393,0.,
    2.094395102393,4.188790204786,6.28318530718,8.377580409573),
.UNSPECIFIED.) CURVE() GEOMETRIC_REPRESENTATION_ITEM() 
RATIONAL_B_SPLINE_CURVE((1.,0.5,1.,0.5,1.,0.5,1.)) REPRESENTATION_ITEM(
  '') );
#15443 = CARTESIAN_POINT('',(3.3,0.));
#15444 = CARTESIAN_POINT('',(3.3,-5.715767664977));
#15445 = CARTESIAN_POINT('',(-1.65,-2.857883832489));
#15446 = CARTESIAN_POINT('',(-6.6,-8.082668874373E-16));
#15447 = CARTESIAN_POINT('',(-1.65,2.857883832489));
#15448 = CARTESIAN_POINT('',(3.3,5.715767664977));
#15449 = CARTESIAN_POINT('',(3.3,0.));
#15450 = ( GEOMETRIC_REPRESENTATION_CONTEXT(2) 
PARAMETRIC_REPRESENTATION_CONTEXT() REPRESENTATION_CONTEXT('2D SPACE',''
  ) );
#15451 = PCURVE('',#15452,#15457);
#15452 = CYLINDRICAL_SURFACE('',#15453,3.3);
#15453 = AXIS2_PLACEMENT_3D('',#15454,#15455,#15456);
#15454 = CARTESIAN_POINT('',(305.,260.,347.));
#15455 = DIRECTION('',(-0.,-0.,-1.));
#15456 = DIRECTION('',(1.,0.,0.));
#15457 = DEFINITIONAL_REPRESENTATION('',(#15458),#15462);
#15458 = LINE('',#15459,#15460);
#15459 = CARTESIAN_POINT('',(-6.28318530718,-1.));
#15460 = VECTOR('',#15461,1.);
#15461 = DIRECTION('',(1.,-0.));
#15462 = ( GEOMETRIC_REPRESENTATION_CONTEXT(2) 
PARAMETRIC_REPRESENTATION_CONTEXT() REPRESENTATION_CONTEXT('2D SPACE',''
  ) );
#15463 = ADVANCED_FACE('',(#15464,#15467),#15385,.T.);
#15464 = FACE_BOUND('',#15465,.T.);
#15465 = EDGE_LOOP('',(#15466));
#15466 = ORIENTED_EDGE('',*,*,#15370,.T.);
#15467 = FACE_BOUND('',#15468,.T.);
#15468 = EDGE_LOOP('',(#15469));
#15469 = ORIENTED_EDGE('',*,*,#15470,.T.);
#15470 = EDGE_CURVE('',#15471,#15471,#15473,.T.);
#15471 = VERTEX_POINT('',#15472);
#15472 = CARTESIAN_POINT('',(308.3,260.,349.));
#15473 = SURFACE_CURVE('',#15474,(#15479,#15490),.PCURVE_S1.);
#15474 = CIRCLE('',#15475,3.3);
#15475 = AXIS2_PLACEMENT_3D('',#15476,#15477,#15478);
#15476 = CARTESIAN_POINT('',(305.,260.,349.));
#15477 = DIRECTION('',(0.,0.,-1.));
#15478 = DIRECTION('',(1.,0.,0.));
#15479 = PCURVE('',#15385,#15480);
#15480 = DEFINITIONAL_REPRESENTATION('',(#15481),#15489);
#15481 = ( BOUNDED_CURVE() B_SPLINE_CURVE(2,(#15482,#15483,#15484,#15485
    ,#15486,#15487,#15488),.UNSPECIFIED.,.T.,.F.) 
B_SPLINE_CURVE_WITH_KNOTS((1,2,2,2,2,1),(-2.094395102393,0.,
    2.094395102393,4.188790204786,6.28318530718,8.377580409573),
.UNSPECIFIED.) CURVE() GEOMETRIC_REPRESENTATION_ITEM() 
RATIONAL_B_SPLINE_CURVE((1.,0.5,1.,0.5,1.,0.5,1.)) REPRESENTATION_ITEM(
  '') );
#15482 = CARTESIAN_POINT('',(3.3,0.));
#15483 = CARTESIAN_POINT('',(3.3,-5.715767664977));
#15484 = CARTESIAN_POINT('',(-1.65,-2.857883832489));
#15485 = CARTESIAN_POINT('',(-6.6,-8.082668874373E-16));
#15486 = CARTESIAN_POINT('',(-1.65,2.857883832489));
#15487 = CARTESIAN_POINT('',(3.3,5.715767664977));
#15488 = CARTESIAN_POINT('',(3.3,0.));
#15489 = ( GEOMETRIC_REPRESENTATION_CONTEXT(2) 
PARAMETRIC_REPRESENTATION_CONTEXT() REPRESENTATION_CONTEXT('2D SPACE',''
  ) );
#15490 = PCURVE('',#15452,#15491);
#15491 = DEFINITIONAL_REPRESENTATION('',(#15492),#15496);
#15492 = LINE('',#15493,#15494);
#15493 = CARTESIAN_POINT('',(-6.28318530718,-2.));
#15494 = VECTOR('',#15495,1.);
#15495 = DIRECTION('',(1.,-0.));
#15496 = ( GEOMETRIC_REPRESENTATION_CONTEXT(2) 
PARAMETRIC_REPRESENTATION_CONTEXT() REPRESENTATION_CONTEXT('2D SPACE',''
  ) );
#15497 = ADVANCED_FACE('',(#15498),#15452,.F.);
#15498 = FACE_BOUND('',#15499,.T.);
#15499 = EDGE_LOOP('',(#15500,#15501,#15522,#15523));
#15500 = ORIENTED_EDGE('',*,*,#15431,.T.);
#15501 = ORIENTED_EDGE('',*,*,#15502,.T.);
#15502 = EDGE_CURVE('',#15432,#15471,#15503,.T.);
#15503 = SEAM_CURVE('',#15504,(#15508,#15515),.PCURVE_S1.);
#15504 = LINE('',#15505,#15506);
#15505 = CARTESIAN_POINT('',(308.3,260.,347.));
#15506 = VECTOR('',#15507,1.);
#15507 = DIRECTION('',(0.,0.,1.));
#15508 = PCURVE('',#15452,#15509);
#15509 = DEFINITIONAL_REPRESENTATION('',(#15510),#15514);
#15510 = LINE('',#15511,#15512);
#15511 = CARTESIAN_POINT('',(-6.28318530718,0.));
#15512 = VECTOR('',#15513,1.);
#15513 = DIRECTION('',(-0.,-1.));
#15514 = ( GEOMETRIC_REPRESENTATION_CONTEXT(2) 
PARAMETRIC_REPRESENTATION_CONTEXT() REPRESENTATION_CONTEXT('2D SPACE',''
  ) );
#15515 = PCURVE('',#15452,#15516);
#15516 = DEFINITIONAL_REPRESENTATION('',(#15517),#15521);
#15517 = LINE('',#15518,#15519);
#15518 = CARTESIAN_POINT('',(-0.,0.));
#15519 = VECTOR('',#15520,1.);
#15520 = DIRECTION('',(-0.,-1.));
#15521 = ( GEOMETRIC_REPRESENTATION_CONTEXT(2) 
PARAMETRIC_REPRESENTATION_CONTEXT() REPRESENTATION_CONTEXT('2D SPACE',''
  ) );
#15522 = ORIENTED_EDGE('',*,*,#15470,.F.);
#15523 = ORIENTED_EDGE('',*,*,#15502,.F.);
#15524 = ( GEOMETRIC_REPRESENTATION_CONTEXT(3) 
GLOBAL_UNCERTAINTY_ASSIGNED_CONTEXT((#15528)) 
GLOBAL_UNIT_ASSIGNED_CONTEXT((#15525,#15526,#15527)) 
REPRESENTATION_CONTEXT('Context #1',
  '3D Context with UNIT and UNCERTAINTY') );
#15525 = ( LENGTH_UNIT() NAMED_UNIT(*) SI_UNIT(.MILLI.,.METRE.) );
#15526 = ( NAMED_UNIT(*) PLANE_ANGLE_UNIT() SI_UNIT($,.RADIAN.) );
#15527 = ( NAMED_UNIT(*) SI_UNIT($,.STERADIAN.) SOLID_ANGLE_UNIT() );
#15528 = UNCERTAINTY_MEASURE_WITH_UNIT(LENGTH_MEASURE(1.E-07),#15525,
  'distance_accuracy_value','confusion accuracy');
#15529 = CONTEXT_DEPENDENT_SHAPE_REPRESENTATION(#15530,#15532);
#15530 = ( REPRESENTATION_RELATIONSHIP('','',#15333,#10) 
REPRESENTATION_RELATIONSHIP_WITH_TRANSFORMATION(#15531) 
SHAPE_REPRESENTATION_RELATIONSHIP() );
#15531 = ITEM_DEFINED_TRANSFORMATION('','',#11,#187);
#15532 = PRODUCT_DEFINITION_SHAPE('Placement','Placement of an item',
  #15533);
#15533 = NEXT_ASSEMBLY_USAGE_OCCURRENCE('3323','LATCH_4_1_washer','',#5,
  #15328,$);
#15534 = PRODUCT_RELATED_PRODUCT_CATEGORY('part',$,(#15330));
#15535 = SHAPE_DEFINITION_REPRESENTATION(#15536,#15542);
#15536 = PRODUCT_DEFINITION_SHAPE('','',#15537);
#15537 = PRODUCT_DEFINITION('design','',#15538,#15541);
#15538 = PRODUCT_DEFINITION_FORMATION('','',#15539);
#15539 = PRODUCT('LATCH_4_1_tnut','LATCH_4_1_tnut','',(#15540));
#15540 = PRODUCT_CONTEXT('',#2,'mechanical');
#15541 = PRODUCT_DEFINITION_CONTEXT('part definition',#2,'design');
#15542 = ADVANCED_BREP_SHAPE_REPRESENTATION('',(#11,#15543),#15873);
#15543 = MANIFOLD_SOLID_BREP('',#15544);
#15544 = CLOSED_SHELL('',(#15545,#15665,#15765,#15812,#15859,#15866));
#15545 = ADVANCED_FACE('',(#15546),#15560,.F.);
#15546 = FACE_BOUND('',#15547,.F.);
#15547 = EDGE_LOOP('',(#15548,#15583,#15611,#15639));
#15548 = ORIENTED_EDGE('',*,*,#15549,.F.);
#15549 = EDGE_CURVE('',#15550,#15552,#15554,.T.);
#15550 = VERTEX_POINT('',#15551);
#15551 = CARTESIAN_POINT('',(298.,255.,320.));
#15552 = VERTEX_POINT('',#15553);
#15553 = CARTESIAN_POINT('',(298.,255.,325.));
#15554 = SURFACE_CURVE('',#15555,(#15559,#15571),.PCURVE_S1.);
#15555 = LINE('',#15556,#15557);
#15556 = CARTESIAN_POINT('',(298.,255.,320.));
#15557 = VECTOR('',#15558,1.);
#15558 = DIRECTION('',(0.,0.,1.));
#15559 = PCURVE('',#15560,#15565);
#15560 = PLANE('',#15561);
#15561 = AXIS2_PLACEMENT_3D('',#15562,#15563,#15564);
#15562 = CARTESIAN_POINT('',(298.,255.,320.));
#15563 = DIRECTION('',(1.,0.,0.));
#15564 = DIRECTION('',(0.,0.,1.));
#15565 = DEFINITIONAL_REPRESENTATION('',(#15566),#15570);
#15566 = LINE('',#15567,#15568);
#15567 = CARTESIAN_POINT('',(0.,0.));
#15568 = VECTOR('',#15569,1.);
#15569 = DIRECTION('',(1.,0.));
#15570 = ( GEOMETRIC_REPRESENTATION_CONTEXT(2) 
PARAMETRIC_REPRESENTATION_CONTEXT() REPRESENTATION_CONTEXT('2D SPACE',''
  ) );
#15571 = PCURVE('',#15572,#15577);
#15572 = PLANE('',#15573);
#15573 = AXIS2_PLACEMENT_3D('',#15574,#15575,#15576);
#15574 = CARTESIAN_POINT('',(298.,255.,320.));
#15575 = DIRECTION('',(0.,1.,0.));
#15576 = DIRECTION('',(0.,0.,1.));
#15577 = DEFINITIONAL_REPRESENTATION('',(#15578),#15582);
#15578 = LINE('',#15579,#15580);
#15579 = CARTESIAN_POINT('',(0.,0.));
#15580 = VECTOR('',#15581,1.);
#15581 = DIRECTION('',(1.,0.));
#15582 = ( GEOMETRIC_REPRESENTATION_CONTEXT(2) 
PARAMETRIC_REPRESENTATION_CONTEXT() REPRESENTATION_CONTEXT('2D SPACE',''
  ) );
#15583 = ORIENTED_EDGE('',*,*,#15584,.T.);
#15584 = EDGE_CURVE('',#15550,#15585,#15587,.T.);
#15585 = VERTEX_POINT('',#15586);
#15586 = CARTESIAN_POINT('',(298.,265.,320.));
#15587 = SURFACE_CURVE('',#15588,(#15592,#15599),.PCURVE_S1.);
#15588 = LINE('',#15589,#15590);
#15589 = CARTESIAN_POINT('',(298.,255.,320.));
#15590 = VECTOR('',#15591,1.);
#15591 = DIRECTION('',(0.,1.,0.));
#15592 = PCURVE('',#15560,#15593);
#15593 = DEFINITIONAL_REPRESENTATION('',(#15594),#15598);
#15594 = LINE('',#15595,#15596);
#15595 = CARTESIAN_POINT('',(0.,0.));
#15596 = VECTOR('',#15597,1.);
#15597 = DIRECTION('',(0.,-1.));
#15598 = ( GEOMETRIC_REPRESENTATION_CONTEXT(2) 
PARAMETRIC_REPRESENTATION_CONTEXT() REPRESENTATION_CONTEXT('2D SPACE',''
  ) );
#15599 = PCURVE('',#15600,#15605);
#15600 = PLANE('',#15601);
#15601 = AXIS2_PLACEMENT_3D('',#15602,#15603,#15604);
#15602 = CARTESIAN_POINT('',(298.,255.,320.));
#15603 = DIRECTION('',(0.,0.,1.));
#15604 = DIRECTION('',(1.,0.,0.));
#15605 = DEFINITIONAL_REPRESENTATION('',(#15606),#15610);
#15606 = LINE('',#15607,#15608);
#15607 = CARTESIAN_POINT('',(0.,0.));
#15608 = VECTOR('',#15609,1.);
#15609 = DIRECTION('',(0.,1.));
#15610 = ( GEOMETRIC_REPRESENTATION_CONTEXT(2) 
PARAMETRIC_REPRESENTATION_CONTEXT() REPRESENTATION_CONTEXT('2D SPACE',''
  ) );
#15611 = ORIENTED_EDGE('',*,*,#15612,.T.);
#15612 = EDGE_CURVE('',#15585,#15613,#15615,.T.);
#15613 = VERTEX_POINT('',#15614);
#15614 = CARTESIAN_POINT('',(298.,265.,325.));
#15615 = SURFACE_CURVE('',#15616,(#15620,#15627),.PCURVE_S1.);
#15616 = LINE('',#15617,#15618);
#15617 = CARTESIAN_POINT('',(298.,265.,320.));
#15618 = VECTOR('',#15619,1.);
#15619 = DIRECTION('',(0.,0.,1.));
#15620 = PCURVE('',#15560,#15621);
#15621 = DEFINITIONAL_REPRESENTATION('',(#15622),#15626);
#15622 = LINE('',#15623,#15624);
#15623 = CARTESIAN_POINT('',(0.,-10.));
#15624 = VECTOR('',#15625,1.);
#15625 = DIRECTION('',(1.,0.));
#15626 = ( GEOMETRIC_REPRESENTATION_CONTEXT(2) 
PARAMETRIC_REPRESENTATION_CONTEXT() REPRESENTATION_CONTEXT('2D SPACE',''
  ) );
#15627 = PCURVE('',#15628,#15633);
#15628 = PLANE('',#15629);
#15629 = AXIS2_PLACEMENT_3D('',#15630,#15631,#15632);
#15630 = CARTESIAN_POINT('',(298.,265.,320.));
#15631 = DIRECTION('',(0.,1.,0.));
#15632 = DIRECTION('',(0.,0.,1.));
#15633 = DEFINITIONAL_REPRESENTATION('',(#15634),#15638);
#15634 = LINE('',#15635,#15636);
#15635 = CARTESIAN_POINT('',(0.,0.));
#15636 = VECTOR('',#15637,1.);
#15637 = DIRECTION('',(1.,0.));
#15638 = ( GEOMETRIC_REPRESENTATION_CONTEXT(2) 
PARAMETRIC_REPRESENTATION_CONTEXT() REPRESENTATION_CONTEXT('2D SPACE',''
  ) );
#15639 = ORIENTED_EDGE('',*,*,#15640,.F.);
#15640 = EDGE_CURVE('',#15552,#15613,#15641,.T.);
#15641 = SURFACE_CURVE('',#15642,(#15646,#15653),.PCURVE_S1.);
#15642 = LINE('',#15643,#15644);
#15643 = CARTESIAN_POINT('',(298.,255.,325.));
#15644 = VECTOR('',#15645,1.);
#15645 = DIRECTION('',(0.,1.,0.));
#15646 = PCURVE('',#15560,#15647);
#15647 = DEFINITIONAL_REPRESENTATION('',(#15648),#15652);
#15648 = LINE('',#15649,#15650);
#15649 = CARTESIAN_POINT('',(5.,0.));
#15650 = VECTOR('',#15651,1.);
#15651 = DIRECTION('',(0.,-1.));
#15652 = ( GEOMETRIC_REPRESENTATION_CONTEXT(2) 
PARAMETRIC_REPRESENTATION_CONTEXT() REPRESENTATION_CONTEXT('2D SPACE',''
  ) );
#15653 = PCURVE('',#15654,#15659);
#15654 = PLANE('',#15655);
#15655 = AXIS2_PLACEMENT_3D('',#15656,#15657,#15658);
#15656 = CARTESIAN_POINT('',(298.,255.,325.));
#15657 = DIRECTION('',(0.,0.,1.));
#15658 = DIRECTION('',(1.,0.,0.));
#15659 = DEFINITIONAL_REPRESENTATION('',(#15660),#15664);
#15660 = LINE('',#15661,#15662);
#15661 = CARTESIAN_POINT('',(0.,0.));
#15662 = VECTOR('',#15663,1.);
#15663 = DIRECTION('',(0.,1.));
#15664 = ( GEOMETRIC_REPRESENTATION_CONTEXT(2) 
PARAMETRIC_REPRESENTATION_CONTEXT() REPRESENTATION_CONTEXT('2D SPACE',''
  ) );
#15665 = ADVANCED_FACE('',(#15666),#15680,.T.);
#15666 = FACE_BOUND('',#15667,.T.);
#15667 = EDGE_LOOP('',(#15668,#15698,#15721,#15744));
#15668 = ORIENTED_EDGE('',*,*,#15669,.F.);
#15669 = EDGE_CURVE('',#15670,#15672,#15674,.T.);
#15670 = VERTEX_POINT('',#15671);
#15671 = CARTESIAN_POINT('',(312.,255.,320.));
#15672 = VERTEX_POINT('',#15673);
#15673 = CARTESIAN_POINT('',(312.,255.,325.));
#15674 = SURFACE_CURVE('',#15675,(#15679,#15691),.PCURVE_S1.);
#15675 = LINE('',#15676,#15677);
#15676 = CARTESIAN_POINT('',(312.,255.,320.));
#15677 = VECTOR('',#15678,1.);
#15678 = DIRECTION('',(0.,0.,1.));
#15679 = PCURVE('',#15680,#15685);
#15680 = PLANE('',#15681);
#15681 = AXIS2_PLACEMENT_3D('',#15682,#15683,#15684);
#15682 = CARTESIAN_POINT('',(312.,255.,320.));
#15683 = DIRECTION('',(1.,0.,0.));
#15684 = DIRECTION('',(0.,0.,1.));
#15685 = DEFINITIONAL_REPRESENTATION('',(#15686),#15690);
#15686 = LINE('',#15687,#15688);
#15687 = CARTESIAN_POINT('',(0.,0.));
#15688 = VECTOR('',#15689,1.);
#15689 = DIRECTION('',(1.,0.));
#15690 = ( GEOMETRIC_REPRESENTATION_CONTEXT(2) 
PARAMETRIC_REPRESENTATION_CONTEXT() REPRESENTATION_CONTEXT('2D SPACE',''
  ) );
#15691 = PCURVE('',#15572,#15692);
#15692 = DEFINITIONAL_REPRESENTATION('',(#15693),#15697);
#15693 = LINE('',#15694,#15695);
#15694 = CARTESIAN_POINT('',(0.,14.));
#15695 = VECTOR('',#15696,1.);
#15696 = DIRECTION('',(1.,0.));
#15697 = ( GEOMETRIC_REPRESENTATION_CONTEXT(2) 
PARAMETRIC_REPRESENTATION_CONTEXT() REPRESENTATION_CONTEXT('2D SPACE',''
  ) );
#15698 = ORIENTED_EDGE('',*,*,#15699,.T.);
#15699 = EDGE_CURVE('',#15670,#15700,#15702,.T.);
#15700 = VERTEX_POINT('',#15701);
#15701 = CARTESIAN_POINT('',(312.,265.,320.));
#15702 = SURFACE_CURVE('',#15703,(#15707,#15714),.PCURVE_S1.);
#15703 = LINE('',#15704,#15705);
#15704 = CARTESIAN_POINT('',(312.,255.,320.));
#15705 = VECTOR('',#15706,1.);
#15706 = DIRECTION('',(0.,1.,0.));
#15707 = PCURVE('',#15680,#15708);
#15708 = DEFINITIONAL_REPRESENTATION('',(#15709),#15713);
#15709 = LINE('',#15710,#15711);
#15710 = CARTESIAN_POINT('',(0.,0.));
#15711 = VECTOR('',#15712,1.);
#15712 = DIRECTION('',(0.,-1.));
#15713 = ( GEOMETRIC_REPRESENTATION_CONTEXT(2) 
PARAMETRIC_REPRESENTATION_CONTEXT() REPRESENTATION_CONTEXT('2D SPACE',''
  ) );
#15714 = PCURVE('',#15600,#15715);
#15715 = DEFINITIONAL_REPRESENTATION('',(#15716),#15720);
#15716 = LINE('',#15717,#15718);
#15717 = CARTESIAN_POINT('',(14.,0.));
#15718 = VECTOR('',#15719,1.);
#15719 = DIRECTION('',(0.,1.));
#15720 = ( GEOMETRIC_REPRESENTATION_CONTEXT(2) 
PARAMETRIC_REPRESENTATION_CONTEXT() REPRESENTATION_CONTEXT('2D SPACE',''
  ) );
#15721 = ORIENTED_EDGE('',*,*,#15722,.T.);
#15722 = EDGE_CURVE('',#15700,#15723,#15725,.T.);
#15723 = VERTEX_POINT('',#15724);
#15724 = CARTESIAN_POINT('',(312.,265.,325.));
#15725 = SURFACE_CURVE('',#15726,(#15730,#15737),.PCURVE_S1.);
#15726 = LINE('',#15727,#15728);
#15727 = CARTESIAN_POINT('',(312.,265.,320.));
#15728 = VECTOR('',#15729,1.);
#15729 = DIRECTION('',(0.,0.,1.));
#15730 = PCURVE('',#15680,#15731);
#15731 = DEFINITIONAL_REPRESENTATION('',(#15732),#15736);
#15732 = LINE('',#15733,#15734);
#15733 = CARTESIAN_POINT('',(0.,-10.));
#15734 = VECTOR('',#15735,1.);
#15735 = DIRECTION('',(1.,0.));
#15736 = ( GEOMETRIC_REPRESENTATION_CONTEXT(2) 
PARAMETRIC_REPRESENTATION_CONTEXT() REPRESENTATION_CONTEXT('2D SPACE',''
  ) );
#15737 = PCURVE('',#15628,#15738);
#15738 = DEFINITIONAL_REPRESENTATION('',(#15739),#15743);
#15739 = LINE('',#15740,#15741);
#15740 = CARTESIAN_POINT('',(0.,14.));
#15741 = VECTOR('',#15742,1.);
#15742 = DIRECTION('',(1.,0.));
#15743 = ( GEOMETRIC_REPRESENTATION_CONTEXT(2) 
PARAMETRIC_REPRESENTATION_CONTEXT() REPRESENTATION_CONTEXT('2D SPACE',''
  ) );
#15744 = ORIENTED_EDGE('',*,*,#15745,.F.);
#15745 = EDGE_CURVE('',#15672,#15723,#15746,.T.);
#15746 = SURFACE_CURVE('',#15747,(#15751,#15758),.PCURVE_S1.);
#15747 = LINE('',#15748,#15749);
#15748 = CARTESIAN_POINT('',(312.,255.,325.));
#15749 = VECTOR('',#15750,1.);
#15750 = DIRECTION('',(0.,1.,0.));
#15751 = PCURVE('',#15680,#15752);
#15752 = DEFINITIONAL_REPRESENTATION('',(#15753),#15757);
#15753 = LINE('',#15754,#15755);
#15754 = CARTESIAN_POINT('',(5.,0.));
#15755 = VECTOR('',#15756,1.);
#15756 = DIRECTION('',(0.,-1.));
#15757 = ( GEOMETRIC_REPRESENTATION_CONTEXT(2) 
PARAMETRIC_REPRESENTATION_CONTEXT() REPRESENTATION_CONTEXT('2D SPACE',''
  ) );
#15758 = PCURVE('',#15654,#15759);
#15759 = DEFINITIONAL_REPRESENTATION('',(#15760),#15764);
#15760 = LINE('',#15761,#15762);
#15761 = CARTESIAN_POINT('',(14.,0.));
#15762 = VECTOR('',#15763,1.);
#15763 = DIRECTION('',(0.,1.));
#15764 = ( GEOMETRIC_REPRESENTATION_CONTEXT(2) 
PARAMETRIC_REPRESENTATION_CONTEXT() REPRESENTATION_CONTEXT('2D SPACE',''
  ) );
#15765 = ADVANCED_FACE('',(#15766),#15572,.F.);
#15766 = FACE_BOUND('',#15767,.F.);
#15767 = EDGE_LOOP('',(#15768,#15789,#15790,#15811));
#15768 = ORIENTED_EDGE('',*,*,#15769,.F.);
#15769 = EDGE_CURVE('',#15550,#15670,#15770,.T.);
#15770 = SURFACE_CURVE('',#15771,(#15775,#15782),.PCURVE_S1.);
#15771 = LINE('',#15772,#15773);
#15772 = CARTESIAN_POINT('',(298.,255.,320.));
#15773 = VECTOR('',#15774,1.);
#15774 = DIRECTION('',(1.,0.,0.));
#15775 = PCURVE('',#15572,#15776);
#15776 = DEFINITIONAL_REPRESENTATION('',(#15777),#15781);
#15777 = LINE('',#15778,#15779);
#15778 = CARTESIAN_POINT('',(0.,0.));
#15779 = VECTOR('',#15780,1.);
#15780 = DIRECTION('',(0.,1.));
#15781 = ( GEOMETRIC_REPRESENTATION_CONTEXT(2) 
PARAMETRIC_REPRESENTATION_CONTEXT() REPRESENTATION_CONTEXT('2D SPACE',''
  ) );
#15782 = PCURVE('',#15600,#15783);
#15783 = DEFINITIONAL_REPRESENTATION('',(#15784),#15788);
#15784 = LINE('',#15785,#15786);
#15785 = CARTESIAN_POINT('',(0.,0.));
#15786 = VECTOR('',#15787,1.);
#15787 = DIRECTION('',(1.,0.));
#15788 = ( GEOMETRIC_REPRESENTATION_CONTEXT(2) 
PARAMETRIC_REPRESENTATION_CONTEXT() REPRESENTATION_CONTEXT('2D SPACE',''
  ) );
#15789 = ORIENTED_EDGE('',*,*,#15549,.T.);
#15790 = ORIENTED_EDGE('',*,*,#15791,.T.);
#15791 = EDGE_CURVE('',#15552,#15672,#15792,.T.);
#15792 = SURFACE_CURVE('',#15793,(#15797,#15804),.PCURVE_S1.);
#15793 = LINE('',#15794,#15795);
#15794 = CARTESIAN_POINT('',(298.,255.,325.));
#15795 = VECTOR('',#15796,1.);
#15796 = DIRECTION('',(1.,0.,0.));
#15797 = PCURVE('',#15572,#15798);
#15798 = DEFINITIONAL_REPRESENTATION('',(#15799),#15803);
#15799 = LINE('',#15800,#15801);
#15800 = CARTESIAN_POINT('',(5.,0.));
#15801 = VECTOR('',#15802,1.);
#15802 = DIRECTION('',(0.,1.));
#15803 = ( GEOMETRIC_REPRESENTATION_CONTEXT(2) 
PARAMETRIC_REPRESENTATION_CONTEXT() REPRESENTATION_CONTEXT('2D SPACE',''
  ) );
#15804 = PCURVE('',#15654,#15805);
#15805 = DEFINITIONAL_REPRESENTATION('',(#15806),#15810);
#15806 = LINE('',#15807,#15808);
#15807 = CARTESIAN_POINT('',(0.,0.));
#15808 = VECTOR('',#15809,1.);
#15809 = DIRECTION('',(1.,0.));
#15810 = ( GEOMETRIC_REPRESENTATION_CONTEXT(2) 
PARAMETRIC_REPRESENTATION_CONTEXT() REPRESENTATION_CONTEXT('2D SPACE',''
  ) );
#15811 = ORIENTED_EDGE('',*,*,#15669,.F.);
#15812 = ADVANCED_FACE('',(#15813),#15628,.T.);
#15813 = FACE_BOUND('',#15814,.T.);
#15814 = EDGE_LOOP('',(#15815,#15836,#15837,#15858));
#15815 = ORIENTED_EDGE('',*,*,#15816,.F.);
#15816 = EDGE_CURVE('',#15585,#15700,#15817,.T.);
#15817 = SURFACE_CURVE('',#15818,(#15822,#15829),.PCURVE_S1.);
#15818 = LINE('',#15819,#15820);
#15819 = CARTESIAN_POINT('',(298.,265.,320.));
#15820 = VECTOR('',#15821,1.);
#15821 = DIRECTION('',(1.,0.,0.));
#15822 = PCURVE('',#15628,#15823);
#15823 = DEFINITIONAL_REPRESENTATION('',(#15824),#15828);
#15824 = LINE('',#15825,#15826);
#15825 = CARTESIAN_POINT('',(0.,0.));
#15826 = VECTOR('',#15827,1.);
#15827 = DIRECTION('',(0.,1.));
#15828 = ( GEOMETRIC_REPRESENTATION_CONTEXT(2) 
PARAMETRIC_REPRESENTATION_CONTEXT() REPRESENTATION_CONTEXT('2D SPACE',''
  ) );
#15829 = PCURVE('',#15600,#15830);
#15830 = DEFINITIONAL_REPRESENTATION('',(#15831),#15835);
#15831 = LINE('',#15832,#15833);
#15832 = CARTESIAN_POINT('',(0.,10.));
#15833 = VECTOR('',#15834,1.);
#15834 = DIRECTION('',(1.,0.));
#15835 = ( GEOMETRIC_REPRESENTATION_CONTEXT(2) 
PARAMETRIC_REPRESENTATION_CONTEXT() REPRESENTATION_CONTEXT('2D SPACE',''
  ) );
#15836 = ORIENTED_EDGE('',*,*,#15612,.T.);
#15837 = ORIENTED_EDGE('',*,*,#15838,.T.);
#15838 = EDGE_CURVE('',#15613,#15723,#15839,.T.);
#15839 = SURFACE_CURVE('',#15840,(#15844,#15851),.PCURVE_S1.);
#15840 = LINE('',#15841,#15842);
#15841 = CARTESIAN_POINT('',(298.,265.,325.));
#15842 = VECTOR('',#15843,1.);
#15843 = DIRECTION('',(1.,0.,0.));
#15844 = PCURVE('',#15628,#15845);
#15845 = DEFINITIONAL_REPRESENTATION('',(#15846),#15850);
#15846 = LINE('',#15847,#15848);
#15847 = CARTESIAN_POINT('',(5.,0.));
#15848 = VECTOR('',#15849,1.);
#15849 = DIRECTION('',(0.,1.));
#15850 = ( GEOMETRIC_REPRESENTATION_CONTEXT(2) 
PARAMETRIC_REPRESENTATION_CONTEXT() REPRESENTATION_CONTEXT('2D SPACE',''
  ) );
#15851 = PCURVE('',#15654,#15852);
#15852 = DEFINITIONAL_REPRESENTATION('',(#15853),#15857);
#15853 = LINE('',#15854,#15855);
#15854 = CARTESIAN_POINT('',(0.,10.));
#15855 = VECTOR('',#15856,1.);
#15856 = DIRECTION('',(1.,0.));
#15857 = ( GEOMETRIC_REPRESENTATION_CONTEXT(2) 
PARAMETRIC_REPRESENTATION_CONTEXT() REPRESENTATION_CONTEXT('2D SPACE',''
  ) );
#15858 = ORIENTED_EDGE('',*,*,#15722,.F.);
#15859 = ADVANCED_FACE('',(#15860),#15600,.F.);
#15860 = FACE_BOUND('',#15861,.F.);
#15861 = EDGE_LOOP('',(#15862,#15863,#15864,#15865));
#15862 = ORIENTED_EDGE('',*,*,#15584,.F.);
#15863 = ORIENTED_EDGE('',*,*,#15769,.T.);
#15864 = ORIENTED_EDGE('',*,*,#15699,.T.);
#15865 = ORIENTED_EDGE('',*,*,#15816,.F.);
#15866 = ADVANCED_FACE('',(#15867),#15654,.T.);
#15867 = FACE_BOUND('',#15868,.T.);
#15868 = EDGE_LOOP('',(#15869,#15870,#15871,#15872));
#15869 = ORIENTED_EDGE('',*,*,#15640,.F.);
#15870 = ORIENTED_EDGE('',*,*,#15791,.T.);
#15871 = ORIENTED_EDGE('',*,*,#15745,.T.);
#15872 = ORIENTED_EDGE('',*,*,#15838,.F.);
#15873 = ( GEOMETRIC_REPRESENTATION_CONTEXT(3) 
GLOBAL_UNCERTAINTY_ASSIGNED_CONTEXT((#15877)) 
GLOBAL_UNIT_ASSIGNED_CONTEXT((#15874,#15875,#15876)) 
REPRESENTATION_CONTEXT('Context #1',
  '3D Context with UNIT and UNCERTAINTY') );
#15874 = ( LENGTH_UNIT() NAMED_UNIT(*) SI_UNIT(.MILLI.,.METRE.) );
#15875 = ( NAMED_UNIT(*) PLANE_ANGLE_UNIT() SI_UNIT($,.RADIAN.) );
#15876 = ( NAMED_UNIT(*) SI_UNIT($,.STERADIAN.) SOLID_ANGLE_UNIT() );
#15877 = UNCERTAINTY_MEASURE_WITH_UNIT(LENGTH_MEASURE(1.E-07),#15874,
  'distance_accuracy_value','confusion accuracy');
#15878 = CONTEXT_DEPENDENT_SHAPE_REPRESENTATION(#15879,#15881);
#15879 = ( REPRESENTATION_RELATIONSHIP('','',#15542,#10) 
REPRESENTATION_RELATIONSHIP_WITH_TRANSFORMATION(#15880) 
SHAPE_REPRESENTATION_RELATIONSHIP() );
#15880 = ITEM_DEFINED_TRANSFORMATION('','',#11,#191);
#15881 = PRODUCT_DEFINITION_SHAPE('Placement','Placement of an item',
  #15882);
#15882 = NEXT_ASSEMBLY_USAGE_OCCURRENCE('3324','LATCH_4_1_tnut','',#5,
  #15537,$);
#15883 = PRODUCT_RELATED_PRODUCT_CATEGORY('part',$,(#15539));
#15884 = SHAPE_DEFINITION_REPRESENTATION(#15885,#15891);
#15885 = PRODUCT_DEFINITION_SHAPE('','',#15886);
#15886 = PRODUCT_DEFINITION('design','',#15887,#15890);
#15887 = PRODUCT_DEFINITION_FORMATION('','',#15888);
#15888 = PRODUCT('LATCH_4_2_screw','LATCH_4_2_screw','',(#15889));
#15889 = PRODUCT_CONTEXT('',#2,'mechanical');
#15890 = PRODUCT_DEFINITION_CONTEXT('part definition',#2,'design');
#15891 = SHAPE_REPRESENTATION('',(#11,#15892,#15990),#16088);
#15892 = MANIFOLD_SOLID_BREP('',#15893);
#15893 = CLOSED_SHELL('',(#15894,#15982,#15986));
#15894 = ADVANCED_FACE('',(#15895),#15909,.T.);
#15895 = FACE_BOUND('',#15896,.F.);
#15896 = EDGE_LOOP('',(#15897,#15927,#15954,#15955));
#15897 = ORIENTED_EDGE('',*,*,#15898,.T.);
#15898 = EDGE_CURVE('',#15899,#15901,#15903,.T.);
#15899 = VERTEX_POINT('',#15900);
#15900 = CARTESIAN_POINT('',(358.,260.,325.));
#15901 = VERTEX_POINT('',#15902);
#15902 = CARTESIAN_POINT('',(358.,260.,353.));
#15903 = SEAM_CURVE('',#15904,(#15908,#15920),.PCURVE_S1.);
#15904 = LINE('',#15905,#15906);
#15905 = CARTESIAN_POINT('',(358.,260.,325.));
#15906 = VECTOR('',#15907,1.);
#15907 = DIRECTION('',(0.,0.,1.));
#15908 = PCURVE('',#15909,#15914);
#15909 = CYLINDRICAL_SURFACE('',#15910,3.);
#15910 = AXIS2_PLACEMENT_3D('',#15911,#15912,#15913);
#15911 = CARTESIAN_POINT('',(355.,260.,325.));
#15912 = DIRECTION('',(-0.,-0.,-1.));
#15913 = DIRECTION('',(1.,0.,0.));
#15914 = DEFINITIONAL_REPRESENTATION('',(#15915),#15919);
#15915 = LINE('',#15916,#15917);
#15916 = CARTESIAN_POINT('',(-0.,0.));
#15917 = VECTOR('',#15918,1.);
#15918 = DIRECTION('',(-0.,-1.));
#15919 = ( GEOMETRIC_REPRESENTATION_CONTEXT(2) 
PARAMETRIC_REPRESENTATION_CONTEXT() REPRESENTATION_CONTEXT('2D SPACE',''
  ) );
#15920 = PCURVE('',#15909,#15921);
#15921 = DEFINITIONAL_REPRESENTATION('',(#15922),#15926);
#15922 = LINE('',#15923,#15924);
#15923 = CARTESIAN_POINT('',(-6.28318530718,0.));
#15924 = VECTOR('',#15925,1.);
#15925 = DIRECTION('',(-0.,-1.));
#15926 = ( GEOMETRIC_REPRESENTATION_CONTEXT(2) 
PARAMETRIC_REPRESENTATION_CONTEXT() REPRESENTATION_CONTEXT('2D SPACE',''
  ) );
#15927 = ORIENTED_EDGE('',*,*,#15928,.T.);
#15928 = EDGE_CURVE('',#15901,#15901,#15929,.T.);
#15929 = SURFACE_CURVE('',#15930,(#15935,#15942),.PCURVE_S1.);
#15930 = CIRCLE('',#15931,3.);
#15931 = AXIS2_PLACEMENT_3D('',#15932,#15933,#15934);
#15932 = CARTESIAN_POINT('',(355.,260.,353.));
#15933 = DIRECTION('',(0.,0.,1.));
#15934 = DIRECTION('',(1.,0.,0.));
#15935 = PCURVE('',#15909,#15936);
#15936 = DEFINITIONAL_REPRESENTATION('',(#15937),#15941);
#15937 = LINE('',#15938,#15939);
#15938 = CARTESIAN_POINT('',(-0.,-28.));
#15939 = VECTOR('',#15940,1.);
#15940 = DIRECTION('',(-1.,0.));
#15941 = ( GEOMETRIC_REPRESENTATION_CONTEXT(2) 
PARAMETRIC_REPRESENTATION_CONTEXT() REPRESENTATION_CONTEXT('2D SPACE',''
  ) );
#15942 = PCURVE('',#15943,#15948);
#15943 = PLANE('',#15944);
#15944 = AXIS2_PLACEMENT_3D('',#15945,#15946,#15947);
#15945 = CARTESIAN_POINT('',(355.,260.,353.));
#15946 = DIRECTION('',(0.,0.,1.));
#15947 = DIRECTION('',(1.,0.,-0.));
#15948 = DEFINITIONAL_REPRESENTATION('',(#15949),#15953);
#15949 = CIRCLE('',#15950,3.);
#15950 = AXIS2_PLACEMENT_2D('',#15951,#15952);
#15951 = CARTESIAN_POINT('',(0.,0.));
#15952 = DIRECTION('',(1.,0.));
#15953 = ( GEOMETRIC_REPRESENTATION_CONTEXT(2) 
PARAMETRIC_REPRESENTATION_CONTEXT() REPRESENTATION_CONTEXT('2D SPACE',''
  ) );
#15954 = ORIENTED_EDGE('',*,*,#15898,.F.);
#15955 = ORIENTED_EDGE('',*,*,#15956,.F.);
#15956 = EDGE_CURVE('',#15899,#15899,#15957,.T.);
#15957 = SURFACE_CURVE('',#15958,(#15963,#15970),.PCURVE_S1.);
#15958 = CIRCLE('',#15959,3.);
#15959 = AXIS2_PLACEMENT_3D('',#15960,#15961,#15962);
#15960 = CARTESIAN_POINT('',(355.,260.,325.));
#15961 = DIRECTION('',(0.,0.,1.));
#15962 = DIRECTION('',(1.,0.,0.));
#15963 = PCURVE('',#15909,#15964);
#15964 = DEFINITIONAL_REPRESENTATION('',(#15965),#15969);
#15965 = LINE('',#15966,#15967);
#15966 = CARTESIAN_POINT('',(-0.,0.));
#15967 = VECTOR('',#15968,1.);
#15968 = DIRECTION('',(-1.,0.));
#15969 = ( GEOMETRIC_REPRESENTATION_CONTEXT(2) 
PARAMETRIC_REPRESENTATION_CONTEXT() REPRESENTATION_CONTEXT('2D SPACE',''
  ) );
#15970 = PCURVE('',#15971,#15976);
#15971 = PLANE('',#15972);
#15972 = AXIS2_PLACEMENT_3D('',#15973,#15974,#15975);
#15973 = CARTESIAN_POINT('',(355.,260.,325.));
#15974 = DIRECTION('',(0.,0.,1.));
#15975 = DIRECTION('',(1.,0.,-0.));
#15976 = DEFINITIONAL_REPRESENTATION('',(#15977),#15981);
#15977 = CIRCLE('',#15978,3.);
#15978 = AXIS2_PLACEMENT_2D('',#15979,#15980);
#15979 = CARTESIAN_POINT('',(0.,0.));
#15980 = DIRECTION('',(1.,0.));
#15981 = ( GEOMETRIC_REPRESENTATION_CONTEXT(2) 
PARAMETRIC_REPRESENTATION_CONTEXT() REPRESENTATION_CONTEXT('2D SPACE',''
  ) );
#15982 = ADVANCED_FACE('',(#15983),#15971,.F.);
#15983 = FACE_BOUND('',#15984,.F.);
#15984 = EDGE_LOOP('',(#15985));
#15985 = ORIENTED_EDGE('',*,*,#15956,.T.);
#15986 = ADVANCED_FACE('',(#15987),#15943,.T.);
#15987 = FACE_BOUND('',#15988,.T.);
#15988 = EDGE_LOOP('',(#15989));
#15989 = ORIENTED_EDGE('',*,*,#15928,.T.);
#15990 = MANIFOLD_SOLID_BREP('',#15991);
#15991 = CLOSED_SHELL('',(#15992,#16080,#16084));
#15992 = ADVANCED_FACE('',(#15993),#16007,.T.);
#15993 = FACE_BOUND('',#15994,.F.);
#15994 = EDGE_LOOP('',(#15995,#16025,#16052,#16053));
#15995 = ORIENTED_EDGE('',*,*,#15996,.T.);
#15996 = EDGE_CURVE('',#15997,#15999,#16001,.T.);
#15997 = VERTEX_POINT('',#15998);
#15998 = CARTESIAN_POINT('',(360.2,260.,349.));
#15999 = VERTEX_POINT('',#16000);
#16000 = CARTESIAN_POINT('',(360.2,260.,353.));
#16001 = SEAM_CURVE('',#16002,(#16006,#16018),.PCURVE_S1.);
#16002 = LINE('',#16003,#16004);
#16003 = CARTESIAN_POINT('',(360.2,260.,349.));
#16004 = VECTOR('',#16005,1.);
#16005 = DIRECTION('',(0.,0.,1.));
#16006 = PCURVE('',#16007,#16012);
#16007 = CYLINDRICAL_SURFACE('',#16008,5.2);
#16008 = AXIS2_PLACEMENT_3D('',#16009,#16010,#16011);
#16009 = CARTESIAN_POINT('',(355.,260.,349.));
#16010 = DIRECTION('',(-0.,-0.,-1.));
#16011 = DIRECTION('',(1.,0.,0.));
#16012 = DEFINITIONAL_REPRESENTATION('',(#16013),#16017);
#16013 = LINE('',#16014,#16015);
#16014 = CARTESIAN_POINT('',(-0.,0.));
#16015 = VECTOR('',#16016,1.);
#16016 = DIRECTION('',(-0.,-1.));
#16017 = ( GEOMETRIC_REPRESENTATION_CONTEXT(2) 
PARAMETRIC_REPRESENTATION_CONTEXT() REPRESENTATION_CONTEXT('2D SPACE',''
  ) );
#16018 = PCURVE('',#16007,#16019);
#16019 = DEFINITIONAL_REPRESENTATION('',(#16020),#16024);
#16020 = LINE('',#16021,#16022);
#16021 = CARTESIAN_POINT('',(-6.28318530718,0.));
#16022 = VECTOR('',#16023,1.);
#16023 = DIRECTION('',(-0.,-1.));
#16024 = ( GEOMETRIC_REPRESENTATION_CONTEXT(2) 
PARAMETRIC_REPRESENTATION_CONTEXT() REPRESENTATION_CONTEXT('2D SPACE',''
  ) );
#16025 = ORIENTED_EDGE('',*,*,#16026,.T.);
#16026 = EDGE_CURVE('',#15999,#15999,#16027,.T.);
#16027 = SURFACE_CURVE('',#16028,(#16033,#16040),.PCURVE_S1.);
#16028 = CIRCLE('',#16029,5.2);
#16029 = AXIS2_PLACEMENT_3D('',#16030,#16031,#16032);
#16030 = CARTESIAN_POINT('',(355.,260.,353.));
#16031 = DIRECTION('',(0.,0.,1.));
#16032 = DIRECTION('',(1.,0.,0.));
#16033 = PCURVE('',#16007,#16034);
#16034 = DEFINITIONAL_REPRESENTATION('',(#16035),#16039);
#16035 = LINE('',#16036,#16037);
#16036 = CARTESIAN_POINT('',(-0.,-4.));
#16037 = VECTOR('',#16038,1.);
#16038 = DIRECTION('',(-1.,0.));
#16039 = ( GEOMETRIC_REPRESENTATION_CONTEXT(2) 
PARAMETRIC_REPRESENTATION_CONTEXT() REPRESENTATION_CONTEXT('2D SPACE',''
  ) );
#16040 = PCURVE('',#16041,#16046);
#16041 = PLANE('',#16042);
#16042 = AXIS2_PLACEMENT_3D('',#16043,#16044,#16045);
#16043 = CARTESIAN_POINT('',(355.,260.,353.));
#16044 = DIRECTION('',(0.,0.,1.));
#16045 = DIRECTION('',(1.,0.,-0.));
#16046 = DEFINITIONAL_REPRESENTATION('',(#16047),#16051);
#16047 = CIRCLE('',#16048,5.2);
#16048 = AXIS2_PLACEMENT_2D('',#16049,#16050);
#16049 = CARTESIAN_POINT('',(0.,0.));
#16050 = DIRECTION('',(1.,0.));
#16051 = ( GEOMETRIC_REPRESENTATION_CONTEXT(2) 
PARAMETRIC_REPRESENTATION_CONTEXT() REPRESENTATION_CONTEXT('2D SPACE',''
  ) );
#16052 = ORIENTED_EDGE('',*,*,#15996,.F.);
#16053 = ORIENTED_EDGE('',*,*,#16054,.F.);
#16054 = EDGE_CURVE('',#15997,#15997,#16055,.T.);
#16055 = SURFACE_CURVE('',#16056,(#16061,#16068),.PCURVE_S1.);
#16056 = CIRCLE('',#16057,5.2);
#16057 = AXIS2_PLACEMENT_3D('',#16058,#16059,#16060);
#16058 = CARTESIAN_POINT('',(355.,260.,349.));
#16059 = DIRECTION('',(0.,0.,1.));
#16060 = DIRECTION('',(1.,0.,0.));
#16061 = PCURVE('',#16007,#16062);
#16062 = DEFINITIONAL_REPRESENTATION('',(#16063),#16067);
#16063 = LINE('',#16064,#16065);
#16064 = CARTESIAN_POINT('',(-0.,0.));
#16065 = VECTOR('',#16066,1.);
#16066 = DIRECTION('',(-1.,0.));
#16067 = ( GEOMETRIC_REPRESENTATION_CONTEXT(2) 
PARAMETRIC_REPRESENTATION_CONTEXT() REPRESENTATION_CONTEXT('2D SPACE',''
  ) );
#16068 = PCURVE('',#16069,#16074);
#16069 = PLANE('',#16070);
#16070 = AXIS2_PLACEMENT_3D('',#16071,#16072,#16073);
#16071 = CARTESIAN_POINT('',(355.,260.,349.));
#16072 = DIRECTION('',(0.,0.,1.));
#16073 = DIRECTION('',(1.,0.,-0.));
#16074 = DEFINITIONAL_REPRESENTATION('',(#16075),#16079);
#16075 = CIRCLE('',#16076,5.2);
#16076 = AXIS2_PLACEMENT_2D('',#16077,#16078);
#16077 = CARTESIAN_POINT('',(0.,0.));
#16078 = DIRECTION('',(1.,0.));
#16079 = ( GEOMETRIC_REPRESENTATION_CONTEXT(2) 
PARAMETRIC_REPRESENTATION_CONTEXT() REPRESENTATION_CONTEXT('2D SPACE',''
  ) );
#16080 = ADVANCED_FACE('',(#16081),#16069,.F.);
#16081 = FACE_BOUND('',#16082,.F.);
#16082 = EDGE_LOOP('',(#16083));
#16083 = ORIENTED_EDGE('',*,*,#16054,.T.);
#16084 = ADVANCED_FACE('',(#16085),#16041,.T.);
#16085 = FACE_BOUND('',#16086,.T.);
#16086 = EDGE_LOOP('',(#16087));
#16087 = ORIENTED_EDGE('',*,*,#16026,.T.);
#16088 = ( GEOMETRIC_REPRESENTATION_CONTEXT(3) 
GLOBAL_UNCERTAINTY_ASSIGNED_CONTEXT((#16092)) 
GLOBAL_UNIT_ASSIGNED_CONTEXT((#16089,#16090,#16091)) 
REPRESENTATION_CONTEXT('Context #1',
  '3D Context with UNIT and UNCERTAINTY') );
#16089 = ( LENGTH_UNIT() NAMED_UNIT(*) SI_UNIT(.MILLI.,.METRE.) );
#16090 = ( NAMED_UNIT(*) PLANE_ANGLE_UNIT() SI_UNIT($,.RADIAN.) );
#16091 = ( NAMED_UNIT(*) SI_UNIT($,.STERADIAN.) SOLID_ANGLE_UNIT() );
#16092 = UNCERTAINTY_MEASURE_WITH_UNIT(LENGTH_MEASURE(1.E-07),#16089,
  'distance_accuracy_value','confusion accuracy');
#16093 = CONTEXT_DEPENDENT_SHAPE_REPRESENTATION(#16094,#16096);
#16094 = ( REPRESENTATION_RELATIONSHIP('','',#15891,#10) 
REPRESENTATION_RELATIONSHIP_WITH_TRANSFORMATION(#16095) 
SHAPE_REPRESENTATION_RELATIONSHIP() );
#16095 = ITEM_DEFINED_TRANSFORMATION('','',#11,#195);
#16096 = PRODUCT_DEFINITION_SHAPE('Placement','Placement of an item',
  #16097);
#16097 = NEXT_ASSEMBLY_USAGE_OCCURRENCE('3325','LATCH_4_2_screw','',#5,
  #15886,$);
#16098 = PRODUCT_RELATED_PRODUCT_CATEGORY('part',$,(#15888));
#16099 = SHAPE_DEFINITION_REPRESENTATION(#16100,#16106);
#16100 = PRODUCT_DEFINITION_SHAPE('','',#16101);
#16101 = PRODUCT_DEFINITION('design','',#16102,#16105);
#16102 = PRODUCT_DEFINITION_FORMATION('','',#16103);
#16103 = PRODUCT('LATCH_4_2_washer','LATCH_4_2_washer','',(#16104));
#16104 = PRODUCT_CONTEXT('',#2,'mechanical');
#16105 = PRODUCT_DEFINITION_CONTEXT('part definition',#2,'design');
#16106 = ADVANCED_BREP_SHAPE_REPRESENTATION('',(#11,#16107),#16297);
#16107 = MANIFOLD_SOLID_BREP('',#16108);
#16108 = CLOSED_SHELL('',(#16109,#16197,#16236,#16270));
#16109 = ADVANCED_FACE('',(#16110),#16124,.T.);
#16110 = FACE_BOUND('',#16111,.F.);
#16111 = EDGE_LOOP('',(#16112,#16142,#16169,#16170));
#16112 = ORIENTED_EDGE('',*,*,#16113,.T.);
#16113 = EDGE_CURVE('',#16114,#16116,#16118,.T.);
#16114 = VERTEX_POINT('',#16115);
#16115 = CARTESIAN_POINT('',(361.,260.,348.));
#16116 = VERTEX_POINT('',#16117);
#16117 = CARTESIAN_POINT('',(361.,260.,349.));
#16118 = SEAM_CURVE('',#16119,(#16123,#16135),.PCURVE_S1.);
#16119 = LINE('',#16120,#16121);
#16120 = CARTESIAN_POINT('',(361.,260.,348.));
#16121 = VECTOR('',#16122,1.);
#16122 = DIRECTION('',(0.,0.,1.));
#16123 = PCURVE('',#16124,#16129);
#16124 = CYLINDRICAL_SURFACE('',#16125,6.);
#16125 = AXIS2_PLACEMENT_3D('',#16126,#16127,#16128);
#16126 = CARTESIAN_POINT('',(355.,260.,348.));
#16127 = DIRECTION('',(-0.,-0.,-1.));
#16128 = DIRECTION('',(1.,0.,0.));
#16129 = DEFINITIONAL_REPRESENTATION('',(#16130),#16134);
#16130 = LINE('',#16131,#16132);
#16131 = CARTESIAN_POINT('',(-0.,0.));
#16132 = VECTOR('',#16133,1.);
#16133 = DIRECTION('',(-0.,-1.));
#16134 = ( GEOMETRIC_REPRESENTATION_CONTEXT(2) 
PARAMETRIC_REPRESENTATION_CONTEXT() REPRESENTATION_CONTEXT('2D SPACE',''
  ) );
#16135 = PCURVE('',#16124,#16136);
#16136 = DEFINITIONAL_REPRESENTATION('',(#16137),#16141);
#16137 = LINE('',#16138,#16139);
#16138 = CARTESIAN_POINT('',(-6.28318530718,0.));
#16139 = VECTOR('',#16140,1.);
#16140 = DIRECTION('',(-0.,-1.));
#16141 = ( GEOMETRIC_REPRESENTATION_CONTEXT(2) 
PARAMETRIC_REPRESENTATION_CONTEXT() REPRESENTATION_CONTEXT('2D SPACE',''
  ) );
#16142 = ORIENTED_EDGE('',*,*,#16143,.T.);
#16143 = EDGE_CURVE('',#16116,#16116,#16144,.T.);
#16144 = SURFACE_CURVE('',#16145,(#16150,#16157),.PCURVE_S1.);
#16145 = CIRCLE('',#16146,6.);
#16146 = AXIS2_PLACEMENT_3D('',#16147,#16148,#16149);
#16147 = CARTESIAN_POINT('',(355.,260.,349.));
#16148 = DIRECTION('',(0.,0.,1.));
#16149 = DIRECTION('',(1.,0.,0.));
#16150 = PCURVE('',#16124,#16151);
#16151 = DEFINITIONAL_REPRESENTATION('',(#16152),#16156);
#16152 = LINE('',#16153,#16154);
#16153 = CARTESIAN_POINT('',(-0.,-1.));
#16154 = VECTOR('',#16155,1.);
#16155 = DIRECTION('',(-1.,0.));
#16156 = ( GEOMETRIC_REPRESENTATION_CONTEXT(2) 
PARAMETRIC_REPRESENTATION_CONTEXT() REPRESENTATION_CONTEXT('2D SPACE',''
  ) );
#16157 = PCURVE('',#16158,#16163);
#16158 = PLANE('',#16159);
#16159 = AXIS2_PLACEMENT_3D('',#16160,#16161,#16162);
#16160 = CARTESIAN_POINT('',(355.,260.,349.));
#16161 = DIRECTION('',(0.,0.,1.));
#16162 = DIRECTION('',(1.,0.,-0.));
#16163 = DEFINITIONAL_REPRESENTATION('',(#16164),#16168);
#16164 = CIRCLE('',#16165,6.);
#16165 = AXIS2_PLACEMENT_2D('',#16166,#16167);
#16166 = CARTESIAN_POINT('',(0.,0.));
#16167 = DIRECTION('',(1.,0.));
#16168 = ( GEOMETRIC_REPRESENTATION_CONTEXT(2) 
PARAMETRIC_REPRESENTATION_CONTEXT() REPRESENTATION_CONTEXT('2D SPACE',''
  ) );
#16169 = ORIENTED_EDGE('',*,*,#16113,.F.);
#16170 = ORIENTED_EDGE('',*,*,#16171,.F.);
#16171 = EDGE_CURVE('',#16114,#16114,#16172,.T.);
#16172 = SURFACE_CURVE('',#16173,(#16178,#16185),.PCURVE_S1.);
#16173 = CIRCLE('',#16174,6.);
#16174 = AXIS2_PLACEMENT_3D('',#16175,#16176,#16177);
#16175 = CARTESIAN_POINT('',(355.,260.,348.));
#16176 = DIRECTION('',(0.,0.,1.));
#16177 = DIRECTION('',(1.,0.,0.));
#16178 = PCURVE('',#16124,#16179);
#16179 = DEFINITIONAL_REPRESENTATION('',(#16180),#16184);
#16180 = LINE('',#16181,#16182);
#16181 = CARTESIAN_POINT('',(-0.,0.));
#16182 = VECTOR('',#16183,1.);
#16183 = DIRECTION('',(-1.,0.));
#16184 = ( GEOMETRIC_REPRESENTATION_CONTEXT(2) 
PARAMETRIC_REPRESENTATION_CONTEXT() REPRESENTATION_CONTEXT('2D SPACE',''
  ) );
#16185 = PCURVE('',#16186,#16191);
#16186 = PLANE('',#16187);
#16187 = AXIS2_PLACEMENT_3D('',#16188,#16189,#16190);
#16188 = CARTESIAN_POINT('',(355.,260.,348.));
#16189 = DIRECTION('',(0.,0.,1.));
#16190 = DIRECTION('',(1.,0.,-0.));
#16191 = DEFINITIONAL_REPRESENTATION('',(#16192),#16196);
#16192 = CIRCLE('',#16193,6.);
#16193 = AXIS2_PLACEMENT_2D('',#16194,#16195);
#16194 = CARTESIAN_POINT('',(0.,0.));
#16195 = DIRECTION('',(1.,0.));
#16196 = ( GEOMETRIC_REPRESENTATION_CONTEXT(2) 
PARAMETRIC_REPRESENTATION_CONTEXT() REPRESENTATION_CONTEXT('2D SPACE',''
  ) );
#16197 = ADVANCED_FACE('',(#16198,#16201),#16186,.F.);
#16198 = FACE_BOUND('',#16199,.F.);
#16199 = EDGE_LOOP('',(#16200));
#16200 = ORIENTED_EDGE('',*,*,#16171,.T.);
#16201 = FACE_BOUND('',#16202,.F.);
#16202 = EDGE_LOOP('',(#16203));
#16203 = ORIENTED_EDGE('',*,*,#16204,.T.);
#16204 = EDGE_CURVE('',#16205,#16205,#16207,.T.);
#16205 = VERTEX_POINT('',#16206);
#16206 = CARTESIAN_POINT('',(358.3,260.,348.));
#16207 = SURFACE_CURVE('',#16208,(#16213,#16224),.PCURVE_S1.);
#16208 = CIRCLE('',#16209,3.3);
#16209 = AXIS2_PLACEMENT_3D('',#16210,#16211,#16212);
#16210 = CARTESIAN_POINT('',(355.,260.,348.));
#16211 = DIRECTION('',(0.,0.,-1.));
#16212 = DIRECTION('',(1.,0.,0.));
#16213 = PCURVE('',#16186,#16214);
#16214 = DEFINITIONAL_REPRESENTATION('',(#16215),#16223);
#16215 = ( BOUNDED_CURVE() B_SPLINE_CURVE(2,(#16216,#16217,#16218,#16219
    ,#16220,#16221,#16222),.UNSPECIFIED.,.T.,.F.) 
B_SPLINE_CURVE_WITH_KNOTS((1,2,2,2,2,1),(-2.094395102393,0.,
    2.094395102393,4.188790204786,6.28318530718,8.377580409573),
.UNSPECIFIED.) CURVE() GEOMETRIC_REPRESENTATION_ITEM() 
RATIONAL_B_SPLINE_CURVE((1.,0.5,1.,0.5,1.,0.5,1.)) REPRESENTATION_ITEM(
  '') );
#16216 = CARTESIAN_POINT('',(3.3,0.));
#16217 = CARTESIAN_POINT('',(3.3,-5.715767664977));
#16218 = CARTESIAN_POINT('',(-1.65,-2.857883832489));
#16219 = CARTESIAN_POINT('',(-6.6,-8.082668874373E-16));
#16220 = CARTESIAN_POINT('',(-1.65,2.857883832489));
#16221 = CARTESIAN_POINT('',(3.3,5.715767664977));
#16222 = CARTESIAN_POINT('',(3.3,0.));
#16223 = ( GEOMETRIC_REPRESENTATION_CONTEXT(2) 
PARAMETRIC_REPRESENTATION_CONTEXT() REPRESENTATION_CONTEXT('2D SPACE',''
  ) );
#16224 = PCURVE('',#16225,#16230);
#16225 = CYLINDRICAL_SURFACE('',#16226,3.3);
#16226 = AXIS2_PLACEMENT_3D('',#16227,#16228,#16229);
#16227 = CARTESIAN_POINT('',(355.,260.,347.));
#16228 = DIRECTION('',(-0.,-0.,-1.));
#16229 = DIRECTION('',(1.,0.,0.));
#16230 = DEFINITIONAL_REPRESENTATION('',(#16231),#16235);
#16231 = LINE('',#16232,#16233);
#16232 = CARTESIAN_POINT('',(-6.28318530718,-1.));
#16233 = VECTOR('',#16234,1.);
#16234 = DIRECTION('',(1.,-0.));
#16235 = ( GEOMETRIC_REPRESENTATION_CONTEXT(2) 
PARAMETRIC_REPRESENTATION_CONTEXT() REPRESENTATION_CONTEXT('2D SPACE',''
  ) );
#16236 = ADVANCED_FACE('',(#16237,#16240),#16158,.T.);
#16237 = FACE_BOUND('',#16238,.T.);
#16238 = EDGE_LOOP('',(#16239));
#16239 = ORIENTED_EDGE('',*,*,#16143,.T.);
#16240 = FACE_BOUND('',#16241,.T.);
#16241 = EDGE_LOOP('',(#16242));
#16242 = ORIENTED_EDGE('',*,*,#16243,.T.);
#16243 = EDGE_CURVE('',#16244,#16244,#16246,.T.);
#16244 = VERTEX_POINT('',#16245);
#16245 = CARTESIAN_POINT('',(358.3,260.,349.));
#16246 = SURFACE_CURVE('',#16247,(#16252,#16263),.PCURVE_S1.);
#16247 = CIRCLE('',#16248,3.3);
#16248 = AXIS2_PLACEMENT_3D('',#16249,#16250,#16251);
#16249 = CARTESIAN_POINT('',(355.,260.,349.));
#16250 = DIRECTION('',(0.,0.,-1.));
#16251 = DIRECTION('',(1.,0.,0.));
#16252 = PCURVE('',#16158,#16253);
#16253 = DEFINITIONAL_REPRESENTATION('',(#16254),#16262);
#16254 = ( BOUNDED_CURVE() B_SPLINE_CURVE(2,(#16255,#16256,#16257,#16258
    ,#16259,#16260,#16261),.UNSPECIFIED.,.T.,.F.) 
B_SPLINE_CURVE_WITH_KNOTS((1,2,2,2,2,1),(-2.094395102393,0.,
    2.094395102393,4.188790204786,6.28318530718,8.377580409573),
.UNSPECIFIED.) CURVE() GEOMETRIC_REPRESENTATION_ITEM() 
RATIONAL_B_SPLINE_CURVE((1.,0.5,1.,0.5,1.,0.5,1.)) REPRESENTATION_ITEM(
  '') );
#16255 = CARTESIAN_POINT('',(3.3,0.));
#16256 = CARTESIAN_POINT('',(3.3,-5.715767664977));
#16257 = CARTESIAN_POINT('',(-1.65,-2.857883832489));
#16258 = CARTESIAN_POINT('',(-6.6,-8.082668874373E-16));
#16259 = CARTESIAN_POINT('',(-1.65,2.857883832489));
#16260 = CARTESIAN_POINT('',(3.3,5.715767664977));
#16261 = CARTESIAN_POINT('',(3.3,0.));
#16262 = ( GEOMETRIC_REPRESENTATION_CONTEXT(2) 
PARAMETRIC_REPRESENTATION_CONTEXT() REPRESENTATION_CONTEXT('2D SPACE',''
  ) );
#16263 = PCURVE('',#16225,#16264);
#16264 = DEFINITIONAL_REPRESENTATION('',(#16265),#16269);
#16265 = LINE('',#16266,#16267);
#16266 = CARTESIAN_POINT('',(-6.28318530718,-2.));
#16267 = VECTOR('',#16268,1.);
#16268 = DIRECTION('',(1.,-0.));
#16269 = ( GEOMETRIC_REPRESENTATION_CONTEXT(2) 
PARAMETRIC_REPRESENTATION_CONTEXT() REPRESENTATION_CONTEXT('2D SPACE',''
  ) );
#16270 = ADVANCED_FACE('',(#16271),#16225,.F.);
#16271 = FACE_BOUND('',#16272,.T.);
#16272 = EDGE_LOOP('',(#16273,#16274,#16295,#16296));
#16273 = ORIENTED_EDGE('',*,*,#16204,.T.);
#16274 = ORIENTED_EDGE('',*,*,#16275,.T.);
#16275 = EDGE_CURVE('',#16205,#16244,#16276,.T.);
#16276 = SEAM_CURVE('',#16277,(#16281,#16288),.PCURVE_S1.);
#16277 = LINE('',#16278,#16279);
#16278 = CARTESIAN_POINT('',(358.3,260.,347.));
#16279 = VECTOR('',#16280,1.);
#16280 = DIRECTION('',(0.,0.,1.));
#16281 = PCURVE('',#16225,#16282);
#16282 = DEFINITIONAL_REPRESENTATION('',(#16283),#16287);
#16283 = LINE('',#16284,#16285);
#16284 = CARTESIAN_POINT('',(-6.28318530718,0.));
#16285 = VECTOR('',#16286,1.);
#16286 = DIRECTION('',(-0.,-1.));
#16287 = ( GEOMETRIC_REPRESENTATION_CONTEXT(2) 
PARAMETRIC_REPRESENTATION_CONTEXT() REPRESENTATION_CONTEXT('2D SPACE',''
  ) );
#16288 = PCURVE('',#16225,#16289);
#16289 = DEFINITIONAL_REPRESENTATION('',(#16290),#16294);
#16290 = LINE('',#16291,#16292);
#16291 = CARTESIAN_POINT('',(-0.,0.));
#16292 = VECTOR('',#16293,1.);
#16293 = DIRECTION('',(-0.,-1.));
#16294 = ( GEOMETRIC_REPRESENTATION_CONTEXT(2) 
PARAMETRIC_REPRESENTATION_CONTEXT() REPRESENTATION_CONTEXT('2D SPACE',''
  ) );
#16295 = ORIENTED_EDGE('',*,*,#16243,.F.);
#16296 = ORIENTED_EDGE('',*,*,#16275,.F.);
#16297 = ( GEOMETRIC_REPRESENTATION_CONTEXT(3) 
GLOBAL_UNCERTAINTY_ASSIGNED_CONTEXT((#16301)) 
GLOBAL_UNIT_ASSIGNED_CONTEXT((#16298,#16299,#16300)) 
REPRESENTATION_CONTEXT('Context #1',
  '3D Context with UNIT and UNCERTAINTY') );
#16298 = ( LENGTH_UNIT() NAMED_UNIT(*) SI_UNIT(.MILLI.,.METRE.) );
#16299 = ( NAMED_UNIT(*) PLANE_ANGLE_UNIT() SI_UNIT($,.RADIAN.) );
#16300 = ( NAMED_UNIT(*) SI_UNIT($,.STERADIAN.) SOLID_ANGLE_UNIT() );
#16301 = UNCERTAINTY_MEASURE_WITH_UNIT(LENGTH_MEASURE(1.E-07),#16298,
  'distance_accuracy_value','confusion accuracy');
#16302 = CONTEXT_DEPENDENT_SHAPE_REPRESENTATION(#16303,#16305);
#16303 = ( REPRESENTATION_RELATIONSHIP('','',#16106,#10) 
REPRESENTATION_RELATIONSHIP_WITH_TRANSFORMATION(#16304) 
SHAPE_REPRESENTATION_RELATIONSHIP() );
#16304 = ITEM_DEFINED_TRANSFORMATION('','',#11,#199);
#16305 = PRODUCT_DEFINITION_SHAPE('Placement','Placement of an item',
  #16306);
#16306 = NEXT_ASSEMBLY_USAGE_OCCURRENCE('3326','LATCH_4_2_washer','',#5,
  #16101,$);
#16307 = PRODUCT_RELATED_PRODUCT_CATEGORY('part',$,(#16103));
#16308 = SHAPE_DEFINITION_REPRESENTATION(#16309,#16315);
#16309 = PRODUCT_DEFINITION_SHAPE('','',#16310);
#16310 = PRODUCT_DEFINITION('design','',#16311,#16314);
#16311 = PRODUCT_DEFINITION_FORMATION('','',#16312);
#16312 = PRODUCT('LATCH_4_2_tnut','LATCH_4_2_tnut','',(#16313));
#16313 = PRODUCT_CONTEXT('',#2,'mechanical');
#16314 = PRODUCT_DEFINITION_CONTEXT('part definition',#2,'design');
#16315 = ADVANCED_BREP_SHAPE_REPRESENTATION('',(#11,#16316),#16646);
#16316 = MANIFOLD_SOLID_BREP('',#16317);
#16317 = CLOSED_SHELL('',(#16318,#16438,#16538,#16585,#16632,#16639));
#16318 = ADVANCED_FACE('',(#16319),#16333,.F.);
#16319 = FACE_BOUND('',#16320,.F.);
#16320 = EDGE_LOOP('',(#16321,#16356,#16384,#16412));
#16321 = ORIENTED_EDGE('',*,*,#16322,.F.);
#16322 = EDGE_CURVE('',#16323,#16325,#16327,.T.);
#16323 = VERTEX_POINT('',#16324);
#16324 = CARTESIAN_POINT('',(348.,255.,320.));
#16325 = VERTEX_POINT('',#16326);
#16326 = CARTESIAN_POINT('',(348.,255.,325.));
#16327 = SURFACE_CURVE('',#16328,(#16332,#16344),.PCURVE_S1.);
#16328 = LINE('',#16329,#16330);
#16329 = CARTESIAN_POINT('',(348.,255.,320.));
#16330 = VECTOR('',#16331,1.);
#16331 = DIRECTION('',(0.,0.,1.));
#16332 = PCURVE('',#16333,#16338);
#16333 = PLANE('',#16334);
#16334 = AXIS2_PLACEMENT_3D('',#16335,#16336,#16337);
#16335 = CARTESIAN_POINT('',(348.,255.,320.));
#16336 = DIRECTION('',(1.,0.,0.));
#16337 = DIRECTION('',(0.,0.,1.));
#16338 = DEFINITIONAL_REPRESENTATION('',(#16339),#16343);
#16339 = LINE('',#16340,#16341);
#16340 = CARTESIAN_POINT('',(0.,0.));
#16341 = VECTOR('',#16342,1.);
#16342 = DIRECTION('',(1.,0.));
#16343 = ( GEOMETRIC_REPRESENTATION_CONTEXT(2) 
PARAMETRIC_REPRESENTATION_CONTEXT() REPRESENTATION_CONTEXT('2D SPACE',''
  ) );
#16344 = PCURVE('',#16345,#16350);
#16345 = PLANE('',#16346);
#16346 = AXIS2_PLACEMENT_3D('',#16347,#16348,#16349);
#16347 = CARTESIAN_POINT('',(348.,255.,320.));
#16348 = DIRECTION('',(0.,1.,0.));
#16349 = DIRECTION('',(0.,0.,1.));
#16350 = DEFINITIONAL_REPRESENTATION('',(#16351),#16355);
#16351 = LINE('',#16352,#16353);
#16352 = CARTESIAN_POINT('',(0.,0.));
#16353 = VECTOR('',#16354,1.);
#16354 = DIRECTION('',(1.,0.));
#16355 = ( GEOMETRIC_REPRESENTATION_CONTEXT(2) 
PARAMETRIC_REPRESENTATION_CONTEXT() REPRESENTATION_CONTEXT('2D SPACE',''
  ) );
#16356 = ORIENTED_EDGE('',*,*,#16357,.T.);
#16357 = EDGE_CURVE('',#16323,#16358,#16360,.T.);
#16358 = VERTEX_POINT('',#16359);
#16359 = CARTESIAN_POINT('',(348.,265.,320.));
#16360 = SURFACE_CURVE('',#16361,(#16365,#16372),.PCURVE_S1.);
#16361 = LINE('',#16362,#16363);
#16362 = CARTESIAN_POINT('',(348.,255.,320.));
#16363 = VECTOR('',#16364,1.);
#16364 = DIRECTION('',(0.,1.,0.));
#16365 = PCURVE('',#16333,#16366);
#16366 = DEFINITIONAL_REPRESENTATION('',(#16367),#16371);
#16367 = LINE('',#16368,#16369);
#16368 = CARTESIAN_POINT('',(0.,0.));
#16369 = VECTOR('',#16370,1.);
#16370 = DIRECTION('',(0.,-1.));
#16371 = ( GEOMETRIC_REPRESENTATION_CONTEXT(2) 
PARAMETRIC_REPRESENTATION_CONTEXT() REPRESENTATION_CONTEXT('2D SPACE',''
  ) );
#16372 = PCURVE('',#16373,#16378);
#16373 = PLANE('',#16374);
#16374 = AXIS2_PLACEMENT_3D('',#16375,#16376,#16377);
#16375 = CARTESIAN_POINT('',(348.,255.,320.));
#16376 = DIRECTION('',(0.,0.,1.));
#16377 = DIRECTION('',(1.,0.,0.));
#16378 = DEFINITIONAL_REPRESENTATION('',(#16379),#16383);
#16379 = LINE('',#16380,#16381);
#16380 = CARTESIAN_POINT('',(0.,0.));
#16381 = VECTOR('',#16382,1.);
#16382 = DIRECTION('',(0.,1.));
#16383 = ( GEOMETRIC_REPRESENTATION_CONTEXT(2) 
PARAMETRIC_REPRESENTATION_CONTEXT() REPRESENTATION_CONTEXT('2D SPACE',''
  ) );
#16384 = ORIENTED_EDGE('',*,*,#16385,.T.);
#16385 = EDGE_CURVE('',#16358,#16386,#16388,.T.);
#16386 = VERTEX_POINT('',#16387);
#16387 = CARTESIAN_POINT('',(348.,265.,325.));
#16388 = SURFACE_CURVE('',#16389,(#16393,#16400),.PCURVE_S1.);
#16389 = LINE('',#16390,#16391);
#16390 = CARTESIAN_POINT('',(348.,265.,320.));
#16391 = VECTOR('',#16392,1.);
#16392 = DIRECTION('',(0.,0.,1.));
#16393 = PCURVE('',#16333,#16394);
#16394 = DEFINITIONAL_REPRESENTATION('',(#16395),#16399);
#16395 = LINE('',#16396,#16397);
#16396 = CARTESIAN_POINT('',(0.,-10.));
#16397 = VECTOR('',#16398,1.);
#16398 = DIRECTION('',(1.,0.));
#16399 = ( GEOMETRIC_REPRESENTATION_CONTEXT(2) 
PARAMETRIC_REPRESENTATION_CONTEXT() REPRESENTATION_CONTEXT('2D SPACE',''
  ) );
#16400 = PCURVE('',#16401,#16406);
#16401 = PLANE('',#16402);
#16402 = AXIS2_PLACEMENT_3D('',#16403,#16404,#16405);
#16403 = CARTESIAN_POINT('',(348.,265.,320.));
#16404 = DIRECTION('',(0.,1.,0.));
#16405 = DIRECTION('',(0.,0.,1.));
#16406 = DEFINITIONAL_REPRESENTATION('',(#16407),#16411);
#16407 = LINE('',#16408,#16409);
#16408 = CARTESIAN_POINT('',(0.,0.));
#16409 = VECTOR('',#16410,1.);
#16410 = DIRECTION('',(1.,0.));
#16411 = ( GEOMETRIC_REPRESENTATION_CONTEXT(2) 
PARAMETRIC_REPRESENTATION_CONTEXT() REPRESENTATION_CONTEXT('2D SPACE',''
  ) );
#16412 = ORIENTED_EDGE('',*,*,#16413,.F.);
#16413 = EDGE_CURVE('',#16325,#16386,#16414,.T.);
#16414 = SURFACE_CURVE('',#16415,(#16419,#16426),.PCURVE_S1.);
#16415 = LINE('',#16416,#16417);
#16416 = CARTESIAN_POINT('',(348.,255.,325.));
#16417 = VECTOR('',#16418,1.);
#16418 = DIRECTION('',(0.,1.,0.));
#16419 = PCURVE('',#16333,#16420);
#16420 = DEFINITIONAL_REPRESENTATION('',(#16421),#16425);
#16421 = LINE('',#16422,#16423);
#16422 = CARTESIAN_POINT('',(5.,0.));
#16423 = VECTOR('',#16424,1.);
#16424 = DIRECTION('',(0.,-1.));
#16425 = ( GEOMETRIC_REPRESENTATION_CONTEXT(2) 
PARAMETRIC_REPRESENTATION_CONTEXT() REPRESENTATION_CONTEXT('2D SPACE',''
  ) );
#16426 = PCURVE('',#16427,#16432);
#16427 = PLANE('',#16428);
#16428 = AXIS2_PLACEMENT_3D('',#16429,#16430,#16431);
#16429 = CARTESIAN_POINT('',(348.,255.,325.));
#16430 = DIRECTION('',(0.,0.,1.));
#16431 = DIRECTION('',(1.,0.,0.));
#16432 = DEFINITIONAL_REPRESENTATION('',(#16433),#16437);
#16433 = LINE('',#16434,#16435);
#16434 = CARTESIAN_POINT('',(0.,0.));
#16435 = VECTOR('',#16436,1.);
#16436 = DIRECTION('',(0.,1.));
#16437 = ( GEOMETRIC_REPRESENTATION_CONTEXT(2) 
PARAMETRIC_REPRESENTATION_CONTEXT() REPRESENTATION_CONTEXT('2D SPACE',''
  ) );
#16438 = ADVANCED_FACE('',(#16439),#16453,.T.);
#16439 = FACE_BOUND('',#16440,.T.);
#16440 = EDGE_LOOP('',(#16441,#16471,#16494,#16517));
#16441 = ORIENTED_EDGE('',*,*,#16442,.F.);
#16442 = EDGE_CURVE('',#16443,#16445,#16447,.T.);
#16443 = VERTEX_POINT('',#16444);
#16444 = CARTESIAN_POINT('',(362.,255.,320.));
#16445 = VERTEX_POINT('',#16446);
#16446 = CARTESIAN_POINT('',(362.,255.,325.));
#16447 = SURFACE_CURVE('',#16448,(#16452,#16464),.PCURVE_S1.);
#16448 = LINE('',#16449,#16450);
#16449 = CARTESIAN_POINT('',(362.,255.,320.));
#16450 = VECTOR('',#16451,1.);
#16451 = DIRECTION('',(0.,0.,1.));
#16452 = PCURVE('',#16453,#16458);
#16453 = PLANE('',#16454);
#16454 = AXIS2_PLACEMENT_3D('',#16455,#16456,#16457);
#16455 = CARTESIAN_POINT('',(362.,255.,320.));
#16456 = DIRECTION('',(1.,0.,0.));
#16457 = DIRECTION('',(0.,0.,1.));
#16458 = DEFINITIONAL_REPRESENTATION('',(#16459),#16463);
#16459 = LINE('',#16460,#16461);
#16460 = CARTESIAN_POINT('',(0.,0.));
#16461 = VECTOR('',#16462,1.);
#16462 = DIRECTION('',(1.,0.));
#16463 = ( GEOMETRIC_REPRESENTATION_CONTEXT(2) 
PARAMETRIC_REPRESENTATION_CONTEXT() REPRESENTATION_CONTEXT('2D SPACE',''
  ) );
#16464 = PCURVE('',#16345,#16465);
#16465 = DEFINITIONAL_REPRESENTATION('',(#16466),#16470);
#16466 = LINE('',#16467,#16468);
#16467 = CARTESIAN_POINT('',(0.,14.));
#16468 = VECTOR('',#16469,1.);
#16469 = DIRECTION('',(1.,0.));
#16470 = ( GEOMETRIC_REPRESENTATION_CONTEXT(2) 
PARAMETRIC_REPRESENTATION_CONTEXT() REPRESENTATION_CONTEXT('2D SPACE',''
  ) );
#16471 = ORIENTED_EDGE('',*,*,#16472,.T.);
#16472 = EDGE_CURVE('',#16443,#16473,#16475,.T.);
#16473 = VERTEX_POINT('',#16474);
#16474 = CARTESIAN_POINT('',(362.,265.,320.));
#16475 = SURFACE_CURVE('',#16476,(#16480,#16487),.PCURVE_S1.);
#16476 = LINE('',#16477,#16478);
#16477 = CARTESIAN_POINT('',(362.,255.,320.));
#16478 = VECTOR('',#16479,1.);
#16479 = DIRECTION('',(0.,1.,0.));
#16480 = PCURVE('',#16453,#16481);
#16481 = DEFINITIONAL_REPRESENTATION('',(#16482),#16486);
#16482 = LINE('',#16483,#16484);
#16483 = CARTESIAN_POINT('',(0.,0.));
#16484 = VECTOR('',#16485,1.);
#16485 = DIRECTION('',(0.,-1.));
#16486 = ( GEOMETRIC_REPRESENTATION_CONTEXT(2) 
PARAMETRIC_REPRESENTATION_CONTEXT() REPRESENTATION_CONTEXT('2D SPACE',''
  ) );
#16487 = PCURVE('',#16373,#16488);
#16488 = DEFINITIONAL_REPRESENTATION('',(#16489),#16493);
#16489 = LINE('',#16490,#16491);
#16490 = CARTESIAN_POINT('',(14.,0.));
#16491 = VECTOR('',#16492,1.);
#16492 = DIRECTION('',(0.,1.));
#16493 = ( GEOMETRIC_REPRESENTATION_CONTEXT(2) 
PARAMETRIC_REPRESENTATION_CONTEXT() REPRESENTATION_CONTEXT('2D SPACE',''
  ) );
#16494 = ORIENTED_EDGE('',*,*,#16495,.T.);
#16495 = EDGE_CURVE('',#16473,#16496,#16498,.T.);
#16496 = VERTEX_POINT('',#16497);
#16497 = CARTESIAN_POINT('',(362.,265.,325.));
#16498 = SURFACE_CURVE('',#16499,(#16503,#16510),.PCURVE_S1.);
#16499 = LINE('',#16500,#16501);
#16500 = CARTESIAN_POINT('',(362.,265.,320.));
#16501 = VECTOR('',#16502,1.);
#16502 = DIRECTION('',(0.,0.,1.));
#16503 = PCURVE('',#16453,#16504);
#16504 = DEFINITIONAL_REPRESENTATION('',(#16505),#16509);
#16505 = LINE('',#16506,#16507);
#16506 = CARTESIAN_POINT('',(0.,-10.));
#16507 = VECTOR('',#16508,1.);
#16508 = DIRECTION('',(1.,0.));
#16509 = ( GEOMETRIC_REPRESENTATION_CONTEXT(2) 
PARAMETRIC_REPRESENTATION_CONTEXT() REPRESENTATION_CONTEXT('2D SPACE',''
  ) );
#16510 = PCURVE('',#16401,#16511);
#16511 = DEFINITIONAL_REPRESENTATION('',(#16512),#16516);
#16512 = LINE('',#16513,#16514);
#16513 = CARTESIAN_POINT('',(0.,14.));
#16514 = VECTOR('',#16515,1.);
#16515 = DIRECTION('',(1.,0.));
#16516 = ( GEOMETRIC_REPRESENTATION_CONTEXT(2) 
PARAMETRIC_REPRESENTATION_CONTEXT() REPRESENTATION_CONTEXT('2D SPACE',''
  ) );
#16517 = ORIENTED_EDGE('',*,*,#16518,.F.);
#16518 = EDGE_CURVE('',#16445,#16496,#16519,.T.);
#16519 = SURFACE_CURVE('',#16520,(#16524,#16531),.PCURVE_S1.);
#16520 = LINE('',#16521,#16522);
#16521 = CARTESIAN_POINT('',(362.,255.,325.));
#16522 = VECTOR('',#16523,1.);
#16523 = DIRECTION('',(0.,1.,0.));
#16524 = PCURVE('',#16453,#16525);
#16525 = DEFINITIONAL_REPRESENTATION('',(#16526),#16530);
#16526 = LINE('',#16527,#16528);
#16527 = CARTESIAN_POINT('',(5.,0.));
#16528 = VECTOR('',#16529,1.);
#16529 = DIRECTION('',(0.,-1.));
#16530 = ( GEOMETRIC_REPRESENTATION_CONTEXT(2) 
PARAMETRIC_REPRESENTATION_CONTEXT() REPRESENTATION_CONTEXT('2D SPACE',''
  ) );
#16531 = PCURVE('',#16427,#16532);
#16532 = DEFINITIONAL_REPRESENTATION('',(#16533),#16537);
#16533 = LINE('',#16534,#16535);
#16534 = CARTESIAN_POINT('',(14.,0.));
#16535 = VECTOR('',#16536,1.);
#16536 = DIRECTION('',(0.,1.));
#16537 = ( GEOMETRIC_REPRESENTATION_CONTEXT(2) 
PARAMETRIC_REPRESENTATION_CONTEXT() REPRESENTATION_CONTEXT('2D SPACE',''
  ) );
#16538 = ADVANCED_FACE('',(#16539),#16345,.F.);
#16539 = FACE_BOUND('',#16540,.F.);
#16540 = EDGE_LOOP('',(#16541,#16562,#16563,#16584));
#16541 = ORIENTED_EDGE('',*,*,#16542,.F.);
#16542 = EDGE_CURVE('',#16323,#16443,#16543,.T.);
#16543 = SURFACE_CURVE('',#16544,(#16548,#16555),.PCURVE_S1.);
#16544 = LINE('',#16545,#16546);
#16545 = CARTESIAN_POINT('',(348.,255.,320.));
#16546 = VECTOR('',#16547,1.);
#16547 = DIRECTION('',(1.,0.,0.));
#16548 = PCURVE('',#16345,#16549);
#16549 = DEFINITIONAL_REPRESENTATION('',(#16550),#16554);
#16550 = LINE('',#16551,#16552);
#16551 = CARTESIAN_POINT('',(0.,0.));
#16552 = VECTOR('',#16553,1.);
#16553 = DIRECTION('',(0.,1.));
#16554 = ( GEOMETRIC_REPRESENTATION_CONTEXT(2) 
PARAMETRIC_REPRESENTATION_CONTEXT() REPRESENTATION_CONTEXT('2D SPACE',''
  ) );
#16555 = PCURVE('',#16373,#16556);
#16556 = DEFINITIONAL_REPRESENTATION('',(#16557),#16561);
#16557 = LINE('',#16558,#16559);
#16558 = CARTESIAN_POINT('',(0.,0.));
#16559 = VECTOR('',#16560,1.);
#16560 = DIRECTION('',(1.,0.));
#16561 = ( GEOMETRIC_REPRESENTATION_CONTEXT(2) 
PARAMETRIC_REPRESENTATION_CONTEXT() REPRESENTATION_CONTEXT('2D SPACE',''
  ) );
#16562 = ORIENTED_EDGE('',*,*,#16322,.T.);
#16563 = ORIENTED_EDGE('',*,*,#16564,.T.);
#16564 = EDGE_CURVE('',#16325,#16445,#16565,.T.);
#16565 = SURFACE_CURVE('',#16566,(#16570,#16577),.PCURVE_S1.);
#16566 = LINE('',#16567,#16568);
#16567 = CARTESIAN_POINT('',(348.,255.,325.));
#16568 = VECTOR('',#16569,1.);
#16569 = DIRECTION('',(1.,0.,0.));
#16570 = PCURVE('',#16345,#16571);
#16571 = DEFINITIONAL_REPRESENTATION('',(#16572),#16576);
#16572 = LINE('',#16573,#16574);
#16573 = CARTESIAN_POINT('',(5.,0.));
#16574 = VECTOR('',#16575,1.);
#16575 = DIRECTION('',(0.,1.));
#16576 = ( GEOMETRIC_REPRESENTATION_CONTEXT(2) 
PARAMETRIC_REPRESENTATION_CONTEXT() REPRESENTATION_CONTEXT('2D SPACE',''
  ) );
#16577 = PCURVE('',#16427,#16578);
#16578 = DEFINITIONAL_REPRESENTATION('',(#16579),#16583);
#16579 = LINE('',#16580,#16581);
#16580 = CARTESIAN_POINT('',(0.,0.));
#16581 = VECTOR('',#16582,1.);
#16582 = DIRECTION('',(1.,0.));
#16583 = ( GEOMETRIC_REPRESENTATION_CONTEXT(2) 
PARAMETRIC_REPRESENTATION_CONTEXT() REPRESENTATION_CONTEXT('2D SPACE',''
  ) );
#16584 = ORIENTED_EDGE('',*,*,#16442,.F.);
#16585 = ADVANCED_FACE('',(#16586),#16401,.T.);
#16586 = FACE_BOUND('',#16587,.T.);
#16587 = EDGE_LOOP('',(#16588,#16609,#16610,#16631));
#16588 = ORIENTED_EDGE('',*,*,#16589,.F.);
#16589 = EDGE_CURVE('',#16358,#16473,#16590,.T.);
#16590 = SURFACE_CURVE('',#16591,(#16595,#16602),.PCURVE_S1.);
#16591 = LINE('',#16592,#16593);
#16592 = CARTESIAN_POINT('',(348.,265.,320.));
#16593 = VECTOR('',#16594,1.);
#16594 = DIRECTION('',(1.,0.,0.));
#16595 = PCURVE('',#16401,#16596);
#16596 = DEFINITIONAL_REPRESENTATION('',(#16597),#16601);
#16597 = LINE('',#16598,#16599);
#16598 = CARTESIAN_POINT('',(0.,0.));
#16599 = VECTOR('',#16600,1.);
#16600 = DIRECTION('',(0.,1.));
#16601 = ( GEOMETRIC_REPRESENTATION_CONTEXT(2) 
PARAMETRIC_REPRESENTATION_CONTEXT() REPRESENTATION_CONTEXT('2D SPACE',''
  ) );
#16602 = PCURVE('',#16373,#16603);
#16603 = DEFINITIONAL_REPRESENTATION('',(#16604),#16608);
#16604 = LINE('',#16605,#16606);
#16605 = CARTESIAN_POINT('',(0.,10.));
#16606 = VECTOR('',#16607,1.);
#16607 = DIRECTION('',(1.,0.));
#16608 = ( GEOMETRIC_REPRESENTATION_CONTEXT(2) 
PARAMETRIC_REPRESENTATION_CONTEXT() REPRESENTATION_CONTEXT('2D SPACE',''
  ) );
#16609 = ORIENTED_EDGE('',*,*,#16385,.T.);
#16610 = ORIENTED_EDGE('',*,*,#16611,.T.);
#16611 = EDGE_CURVE('',#16386,#16496,#16612,.T.);
#16612 = SURFACE_CURVE('',#16613,(#16617,#16624),.PCURVE_S1.);
#16613 = LINE('',#16614,#16615);
#16614 = CARTESIAN_POINT('',(348.,265.,325.));
#16615 = VECTOR('',#16616,1.);
#16616 = DIRECTION('',(1.,0.,0.));
#16617 = PCURVE('',#16401,#16618);
#16618 = DEFINITIONAL_REPRESENTATION('',(#16619),#16623);
#16619 = LINE('',#16620,#16621);
#16620 = CARTESIAN_POINT('',(5.,0.));
#16621 = VECTOR('',#16622,1.);
#16622 = DIRECTION('',(0.,1.));
#16623 = ( GEOMETRIC_REPRESENTATION_CONTEXT(2) 
PARAMETRIC_REPRESENTATION_CONTEXT() REPRESENTATION_CONTEXT('2D SPACE',''
  ) );
#16624 = PCURVE('',#16427,#16625);
#16625 = DEFINITIONAL_REPRESENTATION('',(#16626),#16630);
#16626 = LINE('',#16627,#16628);
#16627 = CARTESIAN_POINT('',(0.,10.));
#16628 = VECTOR('',#16629,1.);
#16629 = DIRECTION('',(1.,0.));
#16630 = ( GEOMETRIC_REPRESENTATION_CONTEXT(2) 
PARAMETRIC_REPRESENTATION_CONTEXT() REPRESENTATION_CONTEXT('2D SPACE',''
  ) );
#16631 = ORIENTED_EDGE('',*,*,#16495,.F.);
#16632 = ADVANCED_FACE('',(#16633),#16373,.F.);
#16633 = FACE_BOUND('',#16634,.F.);
#16634 = EDGE_LOOP('',(#16635,#16636,#16637,#16638));
#16635 = ORIENTED_EDGE('',*,*,#16357,.F.);
#16636 = ORIENTED_EDGE('',*,*,#16542,.T.);
#16637 = ORIENTED_EDGE('',*,*,#16472,.T.);
#16638 = ORIENTED_EDGE('',*,*,#16589,.F.);
#16639 = ADVANCED_FACE('',(#16640),#16427,.T.);
#16640 = FACE_BOUND('',#16641,.T.);
#16641 = EDGE_LOOP('',(#16642,#16643,#16644,#16645));
#16642 = ORIENTED_EDGE('',*,*,#16413,.F.);
#16643 = ORIENTED_EDGE('',*,*,#16564,.T.);
#16644 = ORIENTED_EDGE('',*,*,#16518,.T.);
#16645 = ORIENTED_EDGE('',*,*,#16611,.F.);
#16646 = ( GEOMETRIC_REPRESENTATION_CONTEXT(3) 
GLOBAL_UNCERTAINTY_ASSIGNED_CONTEXT((#16650)) 
GLOBAL_UNIT_ASSIGNED_CONTEXT((#16647,#16648,#16649)) 
REPRESENTATION_CONTEXT('Context #1',
  '3D Context with UNIT and UNCERTAINTY') );
#16647 = ( LENGTH_UNIT() NAMED_UNIT(*) SI_UNIT(.MILLI.,.METRE.) );
#16648 = ( NAMED_UNIT(*) PLANE_ANGLE_UNIT() SI_UNIT($,.RADIAN.) );
#16649 = ( NAMED_UNIT(*) SI_UNIT($,.STERADIAN.) SOLID_ANGLE_UNIT() );
#16650 = UNCERTAINTY_MEASURE_WITH_UNIT(LENGTH_MEASURE(1.E-07),#16647,
  'distance_accuracy_value','confusion accuracy');
#16651 = CONTEXT_DEPENDENT_SHAPE_REPRESENTATION(#16652,#16654);
#16652 = ( REPRESENTATION_RELATIONSHIP('','',#16315,#10) 
REPRESENTATION_RELATIONSHIP_WITH_TRANSFORMATION(#16653) 
SHAPE_REPRESENTATION_RELATIONSHIP() );
#16653 = ITEM_DEFINED_TRANSFORMATION('','',#11,#203);
#16654 = PRODUCT_DEFINITION_SHAPE('Placement','Placement of an item',
  #16655);
#16655 = NEXT_ASSEMBLY_USAGE_OCCURRENCE('3327','LATCH_4_2_tnut','',#5,
  #16310,$);
#16656 = PRODUCT_RELATED_PRODUCT_CATEGORY('part',$,(#16312));
#16657 = MECHANICAL_DESIGN_GEOMETRIC_PRESENTATION_REPRESENTATION('',(
    #16658),#3833);
#16658 = STYLED_ITEM('color',(#16659),#3503);
#16659 = PRESENTATION_STYLE_ASSIGNMENT((#16660));
#16660 = SURFACE_STYLE_USAGE(.BOTH.,#16661);
#16661 = SURFACE_SIDE_STYLE('',(#16662));
#16662 = SURFACE_STYLE_FILL_AREA(#16663);
#16663 = FILL_AREA_STYLE('',(#16664));
#16664 = FILL_AREA_STYLE_COLOUR('',#16665);
#16665 = COLOUR_RGB('',0.120000001395,0.250000000672,0.339999993741);
#16666 = MECHANICAL_DESIGN_GEOMETRIC_PRESENTATION_REPRESENTATION('',(
    #16667),#3484);
#16667 = STYLED_ITEM('color',(#16668),#1862);
#16668 = PRESENTATION_STYLE_ASSIGNMENT((#16669));
#16669 = SURFACE_STYLE_USAGE(.BOTH.,#16670);
#16670 = SURFACE_SIDE_STYLE('',(#16671));
#16671 = SURFACE_STYLE_FILL_AREA(#16672);
#16672 = FILL_AREA_STYLE('',(#16673));
#16673 = FILL_AREA_STYLE_COLOUR('',#16674);
#16674 = COLOUR_RGB('',0.500000003429,0.56000001326,0.599999994755);
#16675 = MECHANICAL_DESIGN_GEOMETRIC_PRESENTATION_REPRESENTATION('',(
    #16676),#7321);
#16676 = STYLED_ITEM('color',(#16677),#6991);
#16677 = PRESENTATION_STYLE_ASSIGNMENT((#16678));
#16678 = SURFACE_STYLE_USAGE(.BOTH.,#16679);
#16679 = SURFACE_SIDE_STYLE('',(#16680));
#16680 = SURFACE_STYLE_FILL_AREA(#16681);
#16681 = FILL_AREA_STYLE('',(#16682));
#16682 = FILL_AREA_STYLE_COLOUR('',#16683);
#16683 = COLOUR_RGB('',0.959999986217,0.760000013601,0.120000001395);
#16684 = MECHANICAL_DESIGN_GEOMETRIC_PRESENTATION_REPRESENTATION('',(
    #16685),#6623);
#16685 = STYLED_ITEM('color',(#16686),#6293);
#16686 = PRESENTATION_STYLE_ASSIGNMENT((#16687));
#16687 = SURFACE_STYLE_USAGE(.BOTH.,#16688);
#16688 = SURFACE_SIDE_STYLE('',(#16689));
#16689 = SURFACE_STYLE_FILL_AREA(#16690);
#16690 = FILL_AREA_STYLE('',(#16691));
#16691 = FILL_AREA_STYLE_COLOUR('',#16665);
#16692 = MECHANICAL_DESIGN_GEOMETRIC_PRESENTATION_REPRESENTATION('',(
    #16693),#14402);
#16693 = STYLED_ITEM('color',(#16694),#14072);
#16694 = PRESENTATION_STYLE_ASSIGNMENT((#16695));
#16695 = SURFACE_STYLE_USAGE(.BOTH.,#16696);
#16696 = SURFACE_SIDE_STYLE('',(#16697));
#16697 = SURFACE_STYLE_FILL_AREA(#16698);
#16698 = FILL_AREA_STYLE('',(#16699));
#16699 = FILL_AREA_STYLE_COLOUR('',#16665);
#16700 = MECHANICAL_DESIGN_GEOMETRIC_PRESENTATION_REPRESENTATION('',(
    #16701),#14751);
#16701 = STYLED_ITEM('color',(#16702),#14421);
#16702 = PRESENTATION_STYLE_ASSIGNMENT((#16703));
#16703 = SURFACE_STYLE_USAGE(.BOTH.,#16704);
#16704 = SURFACE_SIDE_STYLE('',(#16705));
#16705 = SURFACE_STYLE_FILL_AREA(#16706);
#16706 = FILL_AREA_STYLE('',(#16707));
#16707 = FILL_AREA_STYLE_COLOUR('',#16683);
#16708 = MECHANICAL_DESIGN_GEOMETRIC_PRESENTATION_REPRESENTATION('',(
    #16709,#16717),#10129);
#16709 = STYLED_ITEM('color',(#16710),#9933);
#16710 = PRESENTATION_STYLE_ASSIGNMENT((#16711));
#16711 = SURFACE_STYLE_USAGE(.BOTH.,#16712);
#16712 = SURFACE_SIDE_STYLE('',(#16713));
#16713 = SURFACE_STYLE_FILL_AREA(#16714);
#16714 = FILL_AREA_STYLE('',(#16715));
#16715 = FILL_AREA_STYLE_COLOUR('',#16716);
#16716 = COLOUR_RGB('',0.180000002302,0.190000001765,0.199999998682);
#16717 = STYLED_ITEM('color',(#16718),#10031);
#16718 = PRESENTATION_STYLE_ASSIGNMENT((#16719));
#16719 = SURFACE_STYLE_USAGE(.BOTH.,#16720);
#16720 = SURFACE_SIDE_STYLE('',(#16721));
#16721 = SURFACE_STYLE_FILL_AREA(#16722);
#16722 = FILL_AREA_STYLE('',(#16723));
#16723 = FILL_AREA_STYLE_COLOUR('',#16716);
#16724 = MECHANICAL_DESIGN_GEOMETRIC_PRESENTATION_REPRESENTATION('',(
    #16725),#13280);
#16725 = STYLED_ITEM('color',(#16726),#12950);
#16726 = PRESENTATION_STYLE_ASSIGNMENT((#16727));
#16727 = SURFACE_STYLE_USAGE(.BOTH.,#16728);
#16728 = SURFACE_SIDE_STYLE('',(#16729));
#16729 = SURFACE_STYLE_FILL_AREA(#16730);
#16730 = FILL_AREA_STYLE('',(#16731));
#16731 = FILL_AREA_STYLE_COLOUR('',#16716);
#16732 = MECHANICAL_DESIGN_GEOMETRIC_PRESENTATION_REPRESENTATION('',(
    #16733),#15873);
#16733 = STYLED_ITEM('color',(#16734),#15543);
#16734 = PRESENTATION_STYLE_ASSIGNMENT((#16735));
#16735 = SURFACE_STYLE_USAGE(.BOTH.,#16736);
#16736 = SURFACE_SIDE_STYLE('',(#16737));
#16737 = SURFACE_STYLE_FILL_AREA(#16738);
#16738 = FILL_AREA_STYLE('',(#16739));
#16739 = FILL_AREA_STYLE_COLOUR('',#16716);
#16740 = MECHANICAL_DESIGN_GEOMETRIC_PRESENTATION_REPRESENTATION('',(
    #16741),#10687);
#16741 = STYLED_ITEM('color',(#16742),#10357);
#16742 = PRESENTATION_STYLE_ASSIGNMENT((#16743));
#16743 = SURFACE_STYLE_USAGE(.BOTH.,#16744);
#16744 = SURFACE_SIDE_STYLE('',(#16745));
#16745 = SURFACE_STYLE_FILL_AREA(#16746);
#16746 = FILL_AREA_STYLE('',(#16747));
#16747 = FILL_AREA_STYLE_COLOUR('',#16716);
#16748 = MECHANICAL_DESIGN_GEOMETRIC_PRESENTATION_REPRESENTATION('',(
    #16749),#10338);
#16749 = STYLED_ITEM('color',(#16750),#10148);
#16750 = PRESENTATION_STYLE_ASSIGNMENT((#16751));
#16751 = SURFACE_STYLE_USAGE(.BOTH.,#16752);
#16752 = SURFACE_SIDE_STYLE('',(#16753));
#16753 = SURFACE_STYLE_FILL_AREA(#16754);
#16754 = FILL_AREA_STYLE('',(#16755));
#16755 = FILL_AREA_STYLE_COLOUR('',#16756);
#16756 = COLOUR_RGB('',0.679999990811,0.709999997415,0.729999995167);
#16757 = MECHANICAL_DESIGN_GEOMETRIC_PRESENTATION_REPRESENTATION('',(
    #16758),#5345);
#16758 = STYLED_ITEM('color',(#16759),#5247);
#16759 = PRESENTATION_STYLE_ASSIGNMENT((#16760));
#16760 = SURFACE_STYLE_USAGE(.BOTH.,#16761);
#16761 = SURFACE_SIDE_STYLE('',(#16762));
#16762 = SURFACE_STYLE_FILL_AREA(#16763);
#16763 = FILL_AREA_STYLE('',(#16764));
#16764 = FILL_AREA_STYLE_COLOUR('',#16683);
#16765 = MECHANICAL_DESIGN_GEOMETRIC_PRESENTATION_REPRESENTATION('',(
    #16766),#5769);
#16766 = STYLED_ITEM('color',(#16767),#5579);
#16767 = PRESENTATION_STYLE_ASSIGNMENT((#16768));
#16768 = SURFACE_STYLE_USAGE(.BOTH.,#16769);
#16769 = SURFACE_SIDE_STYLE('',(#16770));
#16770 = SURFACE_STYLE_FILL_AREA(#16771);
#16771 = FILL_AREA_STYLE('',(#16772));
#16772 = FILL_AREA_STYLE_COLOUR('',#16756);
#16773 = MECHANICAL_DESIGN_GEOMETRIC_PRESENTATION_REPRESENTATION('',(
    #16774),#16646);
#16774 = STYLED_ITEM('color',(#16775),#16316);
#16775 = PRESENTATION_STYLE_ASSIGNMENT((#16776));
#16776 = SURFACE_STYLE_USAGE(.BOTH.,#16777);
#16777 = SURFACE_SIDE_STYLE('',(#16778));
#16778 = SURFACE_STYLE_FILL_AREA(#16779);
#16779 = FILL_AREA_STYLE('',(#16780));
#16780 = FILL_AREA_STYLE_COLOUR('',#16716);
#16781 = MECHANICAL_DESIGN_GEOMETRIC_PRESENTATION_REPRESENTATION('',(
    #16782,#16789),#12722);
#16782 = STYLED_ITEM('color',(#16783),#12526);
#16783 = PRESENTATION_STYLE_ASSIGNMENT((#16784));
#16784 = SURFACE_STYLE_USAGE(.BOTH.,#16785);
#16785 = SURFACE_SIDE_STYLE('',(#16786));
#16786 = SURFACE_STYLE_FILL_AREA(#16787);
#16787 = FILL_AREA_STYLE('',(#16788));
#16788 = FILL_AREA_STYLE_COLOUR('',#16716);
#16789 = STYLED_ITEM('color',(#16790),#12624);
#16790 = PRESENTATION_STYLE_ASSIGNMENT((#16791));
#16791 = SURFACE_STYLE_USAGE(.BOTH.,#16792);
#16792 = SURFACE_SIDE_STYLE('',(#16793));
#16793 = SURFACE_STYLE_FILL_AREA(#16794);
#16794 = FILL_AREA_STYLE('',(#16795));
#16795 = FILL_AREA_STYLE_COLOUR('',#16716);
#16796 = MECHANICAL_DESIGN_GEOMETRIC_PRESENTATION_REPRESENTATION('',(
    #16797),#1843);
#16797 = STYLED_ITEM('color',(#16798),#221);
#16798 = PRESENTATION_STYLE_ASSIGNMENT((#16799));
#16799 = SURFACE_STYLE_USAGE(.BOTH.,#16800);
#16800 = SURFACE_SIDE_STYLE('',(#16801));
#16801 = SURFACE_STYLE_FILL_AREA(#16802);
#16802 = FILL_AREA_STYLE('',(#16803));
#16803 = FILL_AREA_STYLE_COLOUR('',#16674);
#16804 = MECHANICAL_DESIGN_GEOMETRIC_PRESENTATION_REPRESENTATION('',(
    #16805),#11111);
#16805 = STYLED_ITEM('color',(#16806),#10921);
#16806 = PRESENTATION_STYLE_ASSIGNMENT((#16807));
#16807 = SURFACE_STYLE_USAGE(.BOTH.,#16808);
#16808 = SURFACE_SIDE_STYLE('',(#16809));
#16809 = SURFACE_STYLE_FILL_AREA(#16810);
#16810 = FILL_AREA_STYLE('',(#16811));
#16811 = FILL_AREA_STYLE_COLOUR('',#16756);
#16812 = MECHANICAL_DESIGN_GEOMETRIC_PRESENTATION_REPRESENTATION('',(
    #16813,#16820),#5560);
#16813 = STYLED_ITEM('color',(#16814),#5364);
#16814 = PRESENTATION_STYLE_ASSIGNMENT((#16815));
#16815 = SURFACE_STYLE_USAGE(.BOTH.,#16816);
#16816 = SURFACE_SIDE_STYLE('',(#16817));
#16817 = SURFACE_STYLE_FILL_AREA(#16818);
#16818 = FILL_AREA_STYLE('',(#16819));
#16819 = FILL_AREA_STYLE_COLOUR('',#16716);
#16820 = STYLED_ITEM('color',(#16821),#5462);
#16821 = PRESENTATION_STYLE_ASSIGNMENT((#16822));
#16822 = SURFACE_STYLE_USAGE(.BOTH.,#16823);
#16823 = SURFACE_SIDE_STYLE('',(#16824));
#16824 = SURFACE_STYLE_FILL_AREA(#16825);
#16825 = FILL_AREA_STYLE('',(#16826));
#16826 = FILL_AREA_STYLE_COLOUR('',#16716);
#16827 = MECHANICAL_DESIGN_GEOMETRIC_PRESENTATION_REPRESENTATION('',(
    #16828),#14053);
#16828 = STYLED_ITEM('color',(#16829),#13723);
#16829 = PRESENTATION_STYLE_ASSIGNMENT((#16830));
#16830 = SURFACE_STYLE_USAGE(.BOTH.,#16831);
#16831 = SURFACE_SIDE_STYLE('',(#16832));
#16832 = SURFACE_STYLE_FILL_AREA(#16833);
#16833 = FILL_AREA_STYLE('',(#16834));
#16834 = FILL_AREA_STYLE_COLOUR('',#16716);
#16835 = MECHANICAL_DESIGN_GEOMETRIC_PRESENTATION_REPRESENTATION('',(
    #16836,#16843),#8309);
#16836 = STYLED_ITEM('color',(#16837),#8113);
#16837 = PRESENTATION_STYLE_ASSIGNMENT((#16838));
#16838 = SURFACE_STYLE_USAGE(.BOTH.,#16839);
#16839 = SURFACE_SIDE_STYLE('',(#16840));
#16840 = SURFACE_STYLE_FILL_AREA(#16841);
#16841 = FILL_AREA_STYLE('',(#16842));
#16842 = FILL_AREA_STYLE_COLOUR('',#16716);
#16843 = STYLED_ITEM('color',(#16844),#8211);
#16844 = PRESENTATION_STYLE_ASSIGNMENT((#16845));
#16845 = SURFACE_STYLE_USAGE(.BOTH.,#16846);
#16846 = SURFACE_SIDE_STYLE('',(#16847));
#16847 = SURFACE_STYLE_FILL_AREA(#16848);
#16848 = FILL_AREA_STYLE('',(#16849));
#16849 = FILL_AREA_STYLE_COLOUR('',#16716);
#16850 = MECHANICAL_DESIGN_GEOMETRIC_PRESENTATION_REPRESENTATION('',(
    #16851,#16858),#16088);
#16851 = STYLED_ITEM('color',(#16852),#15892);
#16852 = PRESENTATION_STYLE_ASSIGNMENT((#16853));
#16853 = SURFACE_STYLE_USAGE(.BOTH.,#16854);
#16854 = SURFACE_SIDE_STYLE('',(#16855));
#16855 = SURFACE_STYLE_FILL_AREA(#16856);
#16856 = FILL_AREA_STYLE('',(#16857));
#16857 = FILL_AREA_STYLE_COLOUR('',#16716);
#16858 = STYLED_ITEM('color',(#16859),#15990);
#16859 = PRESENTATION_STYLE_ASSIGNMENT((#16860));
#16860 = SURFACE_STYLE_USAGE(.BOTH.,#16861);
#16861 = SURFACE_SIDE_STYLE('',(#16862));
#16862 = SURFACE_STYLE_FILL_AREA(#16863);
#16863 = FILL_AREA_STYLE('',(#16864));
#16864 = FILL_AREA_STYLE_COLOUR('',#16716);
#16865 = MECHANICAL_DESIGN_GEOMETRIC_PRESENTATION_REPRESENTATION('',(
    #16866),#6972);
#16866 = STYLED_ITEM('color',(#16867),#6642);
#16867 = PRESENTATION_STYLE_ASSIGNMENT((#16868));
#16868 = SURFACE_STYLE_USAGE(.BOTH.,#16869);
#16869 = SURFACE_SIDE_STYLE('',(#16870));
#16870 = SURFACE_STYLE_FILL_AREA(#16871);
#16871 = FILL_AREA_STYLE('',(#16872));
#16872 = FILL_AREA_STYLE_COLOUR('',#16683);
#16873 = MECHANICAL_DESIGN_GEOMETRIC_PRESENTATION_REPRESENTATION('',(
    #16874),#8518);
#16874 = STYLED_ITEM('color',(#16875),#8328);
#16875 = PRESENTATION_STYLE_ASSIGNMENT((#16876));
#16876 = SURFACE_STYLE_USAGE(.BOTH.,#16877);
#16877 = SURFACE_SIDE_STYLE('',(#16878));
#16878 = SURFACE_STYLE_FILL_AREA(#16879);
#16879 = FILL_AREA_STYLE('',(#16880));
#16880 = FILL_AREA_STYLE_COLOUR('',#16756);
#16881 = MECHANICAL_DESIGN_GEOMETRIC_PRESENTATION_REPRESENTATION('',(
    #16882,#16889),#7536);
#16882 = STYLED_ITEM('color',(#16883),#7340);
#16883 = PRESENTATION_STYLE_ASSIGNMENT((#16884));
#16884 = SURFACE_STYLE_USAGE(.BOTH.,#16885);
#16885 = SURFACE_SIDE_STYLE('',(#16886));
#16886 = SURFACE_STYLE_FILL_AREA(#16887);
#16887 = FILL_AREA_STYLE('',(#16888));
#16888 = FILL_AREA_STYLE_COLOUR('',#16716);
#16889 = STYLED_ITEM('color',(#16890),#7438);
#16890 = PRESENTATION_STYLE_ASSIGNMENT((#16891));
#16891 = SURFACE_STYLE_USAGE(.BOTH.,#16892);
#16892 = SURFACE_SIDE_STYLE('',(#16893));
#16893 = SURFACE_STYLE_FILL_AREA(#16894);
#16894 = FILL_AREA_STYLE('',(#16895));
#16895 = FILL_AREA_STYLE_COLOUR('',#16716);
#16896 = MECHANICAL_DESIGN_GEOMETRIC_PRESENTATION_REPRESENTATION('',(
    #16897),#13704);
#16897 = STYLED_ITEM('color',(#16898),#13514);
#16898 = PRESENTATION_STYLE_ASSIGNMENT((#16899));
#16899 = SURFACE_STYLE_USAGE(.BOTH.,#16900);
#16900 = SURFACE_SIDE_STYLE('',(#16901));
#16901 = SURFACE_STYLE_FILL_AREA(#16902);
#16902 = FILL_AREA_STYLE('',(#16903));
#16903 = FILL_AREA_STYLE_COLOUR('',#16756);
#16904 = MECHANICAL_DESIGN_GEOMETRIC_PRESENTATION_REPRESENTATION('',(
    #16905),#12507);
#16905 = STYLED_ITEM('color',(#16906),#12177);
#16906 = PRESENTATION_STYLE_ASSIGNMENT((#16907));
#16907 = SURFACE_STYLE_USAGE(.BOTH.,#16908);
#16908 = SURFACE_SIDE_STYLE('',(#16909));
#16909 = SURFACE_STYLE_FILL_AREA(#16910);
#16910 = FILL_AREA_STYLE('',(#16911));
#16911 = FILL_AREA_STYLE_COLOUR('',#16683);
#16912 = MECHANICAL_DESIGN_GEOMETRIC_PRESENTATION_REPRESENTATION('',(
    #16913),#15100);
#16913 = STYLED_ITEM('color',(#16914),#14770);
#16914 = PRESENTATION_STYLE_ASSIGNMENT((#16915));
#16915 = SURFACE_STYLE_USAGE(.BOTH.,#16916);
#16916 = SURFACE_SIDE_STYLE('',(#16917));
#16917 = SURFACE_STYLE_FILL_AREA(#16918);
#16918 = FILL_AREA_STYLE('',(#16919));
#16919 = FILL_AREA_STYLE_COLOUR('',#16683);
#16920 = MECHANICAL_DESIGN_GEOMETRIC_PRESENTATION_REPRESENTATION('',(
    #16921),#8094);
#16921 = STYLED_ITEM('color',(#16922),#7764);
#16922 = PRESENTATION_STYLE_ASSIGNMENT((#16923));
#16923 = SURFACE_STYLE_USAGE(.BOTH.,#16924);
#16924 = SURFACE_SIDE_STYLE('',(#16925));
#16925 = SURFACE_STYLE_FILL_AREA(#16926);
#16926 = FILL_AREA_STYLE('',(#16927));
#16927 = FILL_AREA_STYLE_COLOUR('',#16716);
#16928 = MECHANICAL_DESIGN_GEOMETRIC_PRESENTATION_REPRESENTATION('',(
    #16929),#4879);
#16929 = STYLED_ITEM('color',(#16930),#4393);
#16930 = PRESENTATION_STYLE_ASSIGNMENT((#16931));
#16931 = SURFACE_STYLE_USAGE(.BOTH.,#16932);
#16932 = SURFACE_SIDE_STYLE('',(#16933));
#16933 = SURFACE_STYLE_FILL_AREA(#16934);
#16934 = FILL_AREA_STYLE('',(#16935));
#16935 = FILL_AREA_STYLE_COLOUR('',#16716);
#16936 = MECHANICAL_DESIGN_GEOMETRIC_PRESENTATION_REPRESENTATION('',(
    #16937),#12931);
#16937 = STYLED_ITEM('color',(#16938),#12741);
#16938 = PRESENTATION_STYLE_ASSIGNMENT((#16939));
#16939 = SURFACE_STYLE_USAGE(.BOTH.,#16940);
#16940 = SURFACE_SIDE_STYLE('',(#16941));
#16941 = SURFACE_STYLE_FILL_AREA(#16942);
#16942 = FILL_AREA_STYLE('',(#16943));
#16943 = FILL_AREA_STYLE_COLOUR('',#16756);
#16944 = MECHANICAL_DESIGN_GEOMETRIC_PRESENTATION_REPRESENTATION('',(
    #16945),#8867);
#16945 = STYLED_ITEM('color',(#16946),#8537);
#16946 = PRESENTATION_STYLE_ASSIGNMENT((#16947));
#16947 = SURFACE_STYLE_USAGE(.BOTH.,#16948);
#16948 = SURFACE_SIDE_STYLE('',(#16949));
#16949 = SURFACE_STYLE_FILL_AREA(#16950);
#16950 = FILL_AREA_STYLE('',(#16951));
#16951 = FILL_AREA_STYLE_COLOUR('',#16716);
#16952 = MECHANICAL_DESIGN_GEOMETRIC_PRESENTATION_REPRESENTATION('',(
    #16953),#7745);
#16953 = STYLED_ITEM('color',(#16954),#7555);
#16954 = PRESENTATION_STYLE_ASSIGNMENT((#16955));
#16955 = SURFACE_STYLE_USAGE(.BOTH.,#16956);
#16956 = SURFACE_SIDE_STYLE('',(#16957));
#16957 = SURFACE_STYLE_FILL_AREA(#16958);
#16958 = FILL_AREA_STYLE('',(#16959));
#16959 = FILL_AREA_STYLE_COLOUR('',#16756);
#16960 = MECHANICAL_DESIGN_GEOMETRIC_PRESENTATION_REPRESENTATION('',(
    #16961),#9565);
#16961 = STYLED_ITEM('color',(#16962),#9235);
#16962 = PRESENTATION_STYLE_ASSIGNMENT((#16963));
#16963 = SURFACE_STYLE_USAGE(.BOTH.,#16964);
#16964 = SURFACE_SIDE_STYLE('',(#16965));
#16965 = SURFACE_STYLE_FILL_AREA(#16966);
#16966 = FILL_AREA_STYLE('',(#16967));
#16967 = FILL_AREA_STYLE_COLOUR('',#16683);
#16968 = MECHANICAL_DESIGN_GEOMETRIC_PRESENTATION_REPRESENTATION('',(
    #16969),#9914);
#16969 = STYLED_ITEM('color',(#16970),#9584);
#16970 = PRESENTATION_STYLE_ASSIGNMENT((#16971));
#16971 = SURFACE_STYLE_USAGE(.BOTH.,#16972);
#16972 = SURFACE_SIDE_STYLE('',(#16973));
#16973 = SURFACE_STYLE_FILL_AREA(#16974);
#16974 = FILL_AREA_STYLE('',(#16975));
#16975 = FILL_AREA_STYLE_COLOUR('',#16683);
#16976 = MECHANICAL_DESIGN_GEOMETRIC_PRESENTATION_REPRESENTATION('',(
    #16977),#12158);
#16977 = STYLED_ITEM('color',(#16978),#11828);
#16978 = PRESENTATION_STYLE_ASSIGNMENT((#16979));
#16979 = SURFACE_STYLE_USAGE(.BOTH.,#16980);
#16980 = SURFACE_SIDE_STYLE('',(#16981));
#16981 = SURFACE_STYLE_FILL_AREA(#16982);
#16982 = FILL_AREA_STYLE('',(#16983));
#16983 = FILL_AREA_STYLE_COLOUR('',#16683);
#16984 = MECHANICAL_DESIGN_GEOMETRIC_PRESENTATION_REPRESENTATION('',(
    #16985),#5228);
#16985 = STYLED_ITEM('color',(#16986),#4898);
#16986 = PRESENTATION_STYLE_ASSIGNMENT((#16987));
#16987 = SURFACE_STYLE_USAGE(.BOTH.,#16988);
#16988 = SURFACE_SIDE_STYLE('',(#16989));
#16989 = SURFACE_STYLE_FILL_AREA(#16990);
#16990 = FILL_AREA_STYLE('',(#16991));
#16991 = FILL_AREA_STYLE_COLOUR('',#16665);
#16992 = MECHANICAL_DESIGN_GEOMETRIC_PRESENTATION_REPRESENTATION('',(
    #16993),#11460);
#16993 = STYLED_ITEM('color',(#16994),#11130);
#16994 = PRESENTATION_STYLE_ASSIGNMENT((#16995));
#16995 = SURFACE_STYLE_USAGE(.BOTH.,#16996);
#16996 = SURFACE_SIDE_STYLE('',(#16997));
#16997 = SURFACE_STYLE_FILL_AREA(#16998);
#16998 = FILL_AREA_STYLE('',(#16999));
#16999 = FILL_AREA_STYLE_COLOUR('',#16716);
#17000 = MECHANICAL_DESIGN_GEOMETRIC_PRESENTATION_REPRESENTATION('',(
    #17001,#17008),#4165);
#17001 = STYLED_ITEM('color',(#17002),#3969);
#17002 = PRESENTATION_STYLE_ASSIGNMENT((#17003));
#17003 = SURFACE_STYLE_USAGE(.BOTH.,#17004);
#17004 = SURFACE_SIDE_STYLE('',(#17005));
#17005 = SURFACE_STYLE_FILL_AREA(#17006);
#17006 = FILL_AREA_STYLE('',(#17007));
#17007 = FILL_AREA_STYLE_COLOUR('',#16716);
#17008 = STYLED_ITEM('color',(#17009),#4067);
#17009 = PRESENTATION_STYLE_ASSIGNMENT((#17010));
#17010 = SURFACE_STYLE_USAGE(.BOTH.,#17011);
#17011 = SURFACE_SIDE_STYLE('',(#17012));
#17012 = SURFACE_STYLE_FILL_AREA(#17013);
#17013 = FILL_AREA_STYLE('',(#17014));
#17014 = FILL_AREA_STYLE_COLOUR('',#16716);
#17015 = MECHANICAL_DESIGN_GEOMETRIC_PRESENTATION_REPRESENTATION('',(
    #17016),#16297);
#17016 = STYLED_ITEM('color',(#17017),#16107);
#17017 = PRESENTATION_STYLE_ASSIGNMENT((#17018));
#17018 = SURFACE_STYLE_USAGE(.BOTH.,#17019);
#17019 = SURFACE_SIDE_STYLE('',(#17020));
#17020 = SURFACE_STYLE_FILL_AREA(#17021);
#17021 = FILL_AREA_STYLE('',(#17022));
#17022 = FILL_AREA_STYLE_COLOUR('',#16756);
#17023 = MECHANICAL_DESIGN_GEOMETRIC_PRESENTATION_REPRESENTATION('',(
    #17024,#17031),#13495);
#17024 = STYLED_ITEM('color',(#17025),#13299);
#17025 = PRESENTATION_STYLE_ASSIGNMENT((#17026));
#17026 = SURFACE_STYLE_USAGE(.BOTH.,#17027);
#17027 = SURFACE_SIDE_STYLE('',(#17028));
#17028 = SURFACE_STYLE_FILL_AREA(#17029);
#17029 = FILL_AREA_STYLE('',(#17030));
#17030 = FILL_AREA_STYLE_COLOUR('',#16716);
#17031 = STYLED_ITEM('color',(#17032),#13397);
#17032 = PRESENTATION_STYLE_ASSIGNMENT((#17033));
#17033 = SURFACE_STYLE_USAGE(.BOTH.,#17034);
#17034 = SURFACE_SIDE_STYLE('',(#17035));
#17035 = SURFACE_STYLE_FILL_AREA(#17036);
#17036 = FILL_AREA_STYLE('',(#17037));
#17037 = FILL_AREA_STYLE_COLOUR('',#16716);
#17038 = MECHANICAL_DESIGN_GEOMETRIC_PRESENTATION_REPRESENTATION('',(
    #17039,#17046),#15315);
#17039 = STYLED_ITEM('color',(#17040),#15119);
#17040 = PRESENTATION_STYLE_ASSIGNMENT((#17041));
#17041 = SURFACE_STYLE_USAGE(.BOTH.,#17042);
#17042 = SURFACE_SIDE_STYLE('',(#17043));
#17043 = SURFACE_STYLE_FILL_AREA(#17044);
#17044 = FILL_AREA_STYLE('',(#17045));
#17045 = FILL_AREA_STYLE_COLOUR('',#16716);
#17046 = STYLED_ITEM('color',(#17047),#15217);
#17047 = PRESENTATION_STYLE_ASSIGNMENT((#17048));
#17048 = SURFACE_STYLE_USAGE(.BOTH.,#17049);
#17049 = SURFACE_SIDE_STYLE('',(#17050));
#17050 = SURFACE_STYLE_FILL_AREA(#17051);
#17051 = FILL_AREA_STYLE('',(#17052));
#17052 = FILL_AREA_STYLE_COLOUR('',#16716);
#17053 = MECHANICAL_DESIGN_GEOMETRIC_PRESENTATION_REPRESENTATION('',(
    #17054),#15524);
#17054 = STYLED_ITEM('color',(#17055),#15334);
#17055 = PRESENTATION_STYLE_ASSIGNMENT((#17056));
#17056 = SURFACE_STYLE_USAGE(.BOTH.,#17057);
#17057 = SURFACE_SIDE_STYLE('',(#17058));
#17058 = SURFACE_STYLE_FILL_AREA(#17059);
#17059 = FILL_AREA_STYLE('',(#17060));
#17060 = FILL_AREA_STYLE_COLOUR('',#16756);
#17061 = MECHANICAL_DESIGN_GEOMETRIC_PRESENTATION_REPRESENTATION('',(
    #17062),#6274);
#17062 = STYLED_ITEM('color',(#17063),#5788);
#17063 = PRESENTATION_STYLE_ASSIGNMENT((#17064));
#17064 = SURFACE_STYLE_USAGE(.BOTH.,#17065);
#17065 = SURFACE_SIDE_STYLE('',(#17066));
#17066 = SURFACE_STYLE_FILL_AREA(#17067);
#17067 = FILL_AREA_STYLE('',(#17068));
#17068 = FILL_AREA_STYLE_COLOUR('',#16716);
#17069 = MECHANICAL_DESIGN_GEOMETRIC_PRESENTATION_REPRESENTATION('',(
    #17070),#4374);
#17070 = STYLED_ITEM('color',(#17071),#4184);
#17071 = PRESENTATION_STYLE_ASSIGNMENT((#17072));
#17072 = SURFACE_STYLE_USAGE(.BOTH.,#17073);
#17073 = SURFACE_SIDE_STYLE('',(#17074));
#17074 = SURFACE_STYLE_FILL_AREA(#17075);
#17075 = FILL_AREA_STYLE('',(#17076));
#17076 = FILL_AREA_STYLE_COLOUR('',#16756);
#17077 = MECHANICAL_DESIGN_GEOMETRIC_PRESENTATION_REPRESENTATION('',(
    #17078,#17085),#10902);
#17078 = STYLED_ITEM('color',(#17079),#10706);
#17079 = PRESENTATION_STYLE_ASSIGNMENT((#17080));
#17080 = SURFACE_STYLE_USAGE(.BOTH.,#17081);
#17081 = SURFACE_SIDE_STYLE('',(#17082));
#17082 = SURFACE_STYLE_FILL_AREA(#17083);
#17083 = FILL_AREA_STYLE('',(#17084));
#17084 = FILL_AREA_STYLE_COLOUR('',#16716);
#17085 = STYLED_ITEM('color',(#17086),#10804);
#17086 = PRESENTATION_STYLE_ASSIGNMENT((#17087));
#17087 = SURFACE_STYLE_USAGE(.BOTH.,#17088);
#17088 = SURFACE_SIDE_STYLE('',(#17089));
#17089 = SURFACE_STYLE_FILL_AREA(#17090);
#17090 = FILL_AREA_STYLE('',(#17091));
#17091 = FILL_AREA_STYLE_COLOUR('',#16716);
#17092 = MECHANICAL_DESIGN_GEOMETRIC_PRESENTATION_REPRESENTATION('',(
    #17093),#11809);
#17093 = STYLED_ITEM('color',(#17094),#11479);
#17094 = PRESENTATION_STYLE_ASSIGNMENT((#17095));
#17095 = SURFACE_STYLE_USAGE(.BOTH.,#17096);
#17096 = SURFACE_SIDE_STYLE('',(#17097));
#17097 = SURFACE_STYLE_FILL_AREA(#17098);
#17098 = FILL_AREA_STYLE('',(#17099));
#17099 = FILL_AREA_STYLE_COLOUR('',#16665);
#17100 = MECHANICAL_DESIGN_GEOMETRIC_PRESENTATION_REPRESENTATION('',(
    #17101),#3950);
#17101 = STYLED_ITEM('color',(#17102),#3852);
#17102 = PRESENTATION_STYLE_ASSIGNMENT((#17103));
#17103 = SURFACE_STYLE_USAGE(.BOTH.,#17104);
#17104 = SURFACE_SIDE_STYLE('',(#17105));
#17105 = SURFACE_STYLE_FILL_AREA(#17106);
#17106 = FILL_AREA_STYLE('',(#17107));
#17107 = FILL_AREA_STYLE_COLOUR('',#16683);
#17108 = MECHANICAL_DESIGN_GEOMETRIC_PRESENTATION_REPRESENTATION('',(
    #17109),#9216);
#17109 = STYLED_ITEM('color',(#17110),#8886);
#17110 = PRESENTATION_STYLE_ASSIGNMENT((#17111));
#17111 = SURFACE_STYLE_USAGE(.BOTH.,#17112);
#17112 = SURFACE_SIDE_STYLE('',(#17113));
#17113 = SURFACE_STYLE_FILL_AREA(#17114);
#17114 = FILL_AREA_STYLE('',(#17115));
#17115 = FILL_AREA_STYLE_COLOUR('',#16665);
ENDSEC;
END-ISO-10303-21;
